{
    "id": "candidate-0082",
    "name": "Glen Daniels",
    "gender": "MALE",
    "email": "gdaniels@sonicsoftware.com",
    "mails": [
        {
            "body": "+1, well said.  My only comment is that your point (c) isn't strictly true,as you could always just attach such metadata to the operations or even theschema.  But I completely agree with your conclusion.  I think that theservice state and management space is a very interesting one, and there aresome simple and powerful things that can be done there, things which seemlike perfect candidates for WSDL extensions.--Glen----- Original Message -----From: \"Steve Graham\" <sggraham@us.ibm.com>Sent: Thursday, October 30, 2003 1:35 PMSubject: Attributes in WSDL>>>>>> All:> I do not agree with the direction we are taking with attributes in WSDL2.0> working group. My reasons include:>> a) Forcing the designer to use Get/Set operation pairs to denoteattributes> results in a model of very fine grained access.> b) The approach is quite complicated, this reduces the> functionality/capability of tools to support this approach ubiquitously.> c) The approach does not allow/support addition of policy/meta-data> specifically associated with the attributes.>> Therefore I request that the WSDL WG reconsider its position on attributes> and terminate this line of activity. The concept of attributes in Web> services should be done in another venue that would allow a simpler and> more complete treatment of this concept.>> sgg> ++++++++> Steve Graham> (919)254-0615 (T/L 444)> STSM, On Demand Architecture> Member, IBM Academy of Technology> <Soli Deo Gloria/>> ++++++++>>",
            "docno": "lists-027-8671185",
            "received": "Thu Oct 30 17:39:51 2003",
            "isoreceived": "20031030223951",
            "sent": "Thu, 30 Oct 2003 17:39:47 -0500",
            "isosent": "20031030223947",
            "name": "Glen Daniels",
            "email": "gdaniels@sonicsoftware.com",
            "subject": "Re: Attributes in WSDL",
            "id": "085f01c39f36$b9458fe0$7b00a8c0@AURORA",
            "charset": "iso-8859-1",
            "inreplyto": "OF468AFAB3.2E42611D-ON85256DCF.004C2EBD&#64;us.ibm.com",
            "expires": "-1",
            "to": " <public-ws-desc-state@w3.org>\n",
            "cc": " <www-ws-desc@w3.org>\n"
        }
    ]
}