{
    "id": "candidate-0051",
    "name": "Michael Sperberg-McQueen",
    "gender": "MALE",
    "email": "cmsmcq@w3.org",
    "mails": [
        {
            "body": "Hi,You get this short mail because you are involved with (or, contactperson for) one of the three W3C pages mentioned below.For some reason, I looked at where the \"W3C home\" image resided, andwhether there were several of them.It is referred to using several different URLs, but most likely they allend up in one and the same place.BUT, I noticed how the use of this image, representing a link, isexpressed in W3C's pages.Especially the use of \"alt=\".Several different practices could be noted.And then I, naturally looked at what WAI says.I am often tempted to tell people: \"if you want to know how W3CRecommendations are used, look at pages at the W3C site\".One would hope that a pattern would be seen, a didactic pattern, thatpeople then could reuse.Any comments on how the three examples below conform to the WCAG Rec ? See:http://www.w3.org/TR/WCAG10-HTML-TECHS/#link-text-images=================================http://www.w3.org/2003/02/xml-at-5.html :<a href=\"/\"><img     alt=\"W3C homepage\"src=\"http://www.w3.org/Icons/www/w3c_home\"/></a>=================================http://www.w3.org/Consortium/Contact :<a href=\"../\"><img     src=\"http://www.w3.org/Icons/WWW/w3c_home\"alt=\"W3C icon\"width=\"72\"height=\"48\"/></a>=================================http://www.w3.org/WAI/ :<a title=\"W3C Home\" href=\"/\"><img     align=\"left\"alt=\"W3C logo\"border=\"0\"src=\"/Icons/w3c_home\"></a>=================================--------------------------------------------------------------------Olle Olsson   olleo@sics.se   Tel: +46 8 633 15 19  Fax: +46 8 751 72 30[Svenska W3C-kontoret: olleo@w3.org]SICS [Swedish Institute of Computer Science]Box 1263SE - 164 29 KistaSweden------------------------------------------------------------------",
            "docno": "lists-088-2714101",
            "received": "Fri Sep  5 07:26:19 2003",
            "isoreceived": "20030905112619",
            "sent": "Fri, 05 Sep 2003 13:25:45 +0200",
            "isosent": "20030905112545",
            "name": "Olle Olsson",
            "email": "olleo@sics.se",
            "subject": "Reflection on W3C practice and WAI",
            "id": "3F5872B9.8080008@sics.se",
            "charset": "us-ascii",
            "expires": "-1",
            "to": "cmsmcq@w3.org,wai-site-comments@w3.org,ivan@w3.org\n",
            "cc": " Olle Olsson<olleo@w3.org>\n"
        },
        {
            "body": "There is an additional matter to consider, which is that RFC 2045 saysthat Base64 encoding may include characters not in the table below andthat these should be ignored.It says:Table 1: The Base64 AlphabetValue Encoding  Value Encoding  Value Encoding  Value Encoding0 A            17 R            34 i            51 z1 B            18 S            35 j            52 02 C            19 T            36 k            53 13 D            20 U            37 l            54 24 E            21 V            38 m            55 35 F            22 W            39 n            56 46 G            23 X            40 o            57 57 H            24 Y            41 p            58 68 I            25 Z            42 q            59 79 J            26 a            43 r            60 810 K            27 b            44 s            61 911 L            28 c            45 t            62 +12 M            29 d            46 u            63 /13 N            30 e            47 v14 O            31 f            48 w         (pad) =15 P            32 g            49 x16 Q            33 h            50 yThe encoded output stream must be represented in lines of no morethan 76 characters each.  All line breaks or other characters notfound in Table 1 must be ignored by decoding software.-----Original Message-----From: Joseph M. Reagle Jr. [mailto:reagle@w3.org]Sent: Wednesday, May 30, 2001 9:35 AMSubject: Re: Base64 -- do we really want/need line breaks every 76characters?I spoke to Michael Sperberg-McQueen about this (as co-Chair of Schema,andas Chair of XMLCG on the the canonical definition of DTD [a]) atEuropeXMLand he agreed to round up a response on both questions.[a]http://lists.w3.org/Archives/Public/w3c-ietf-xmldsig/2001AprJun/0103.htmlMichael, as discussed, can/should [b] be read as defined by SOAP?>  The SOAP 1.1 submission [2] removes the line length limitation in>their> use of>Base64; Section 5.4.3 of SOAP reads as follows:>>    The recommended representation of an opaque array of bytes is the>    'base64' encoding defined in XML Schemas [10][11], which uses the>    base64 encoding algorithm defined in 2045 [13]. However, the line>    length restrictions that normally apply to base64 data in MIME do>    not apply in SOAP. A \"SOAP-ENC:base64\" subtype is supplied for use>    with SOAP.[b] http://www.w3.org/TR/xmlschema-2/#base64BinaryAt 08:01 5/24/2001 +0900, Martin Duerst wrote:>After seeing all the discussion, I'm okay with long lines as such. But>there is still the problem that XML Schema doesn't allow that, because>it references RFC 2045 directly, without anything else. This is a>problem on both sides:>>- XML Signature cannot use the XML Schema datatype as it stands>   (and extension or restriction won't work here)>- XML Schema should consider changing their definition of>   Base64 to include longer lines, because it seems that that's>   widely used in practice. Whether that can be done as a corrigendum>   to Schema 1.0 or whether that has to go into Schema 1.1, I don't>   know.>>I have copied www-xml-schema-comments. Schema experts, please see the>other messages in this thread>(http://lists.w3.org/Archives/Public/w3c-ietf-xmldsig/2001AprJun/0183.h>tml).>>Regards,   Martin.>>>At 17:31 01/05/22 -0700, Brian LaMacchia wrote:>>Folks-->>>>Currently, XMLDSIG references RFC 2045 (one of the MIME RFCs) for a>>definition of Base64 encoding/decoding.  (See section 6.8 of [1].)  It>>has been pointed out to me that RFC 2045 *requires* that>>Base64-encoded content have line breaks at least every 76 characters.>>Paragraph 6 reads as follows:>>>>    The encoded output stream must be represented in lines of no more>>    than 76 characters each.  All line breaks or other characters not>>    found in Table 1 must be ignored by decoding software.  In base64>>    data, characters other than those in Table 1, line breaks, andother>>    white space probably indicate a transmission error, about which a>>    warning message or even a message rejection might be appropriate>>    under some circumstances.>>>>I can't see any reason for XMLDSIG to inherit a line-length limitation>>that appears to have been there for mail-specific reasons.  The SOAP>>1.1 submission [2] removes the line length limitation in their use of>>Base64; Section 5.4.3 of SOAP reads as follows:>>>>    The recommended representation of an opaque array of bytes is the>>    'base64' encoding defined in XML Schemas [10][11], which uses the>>    base64 encoding algorithm defined in 2045 [13]. However, the line>>    length restrictions that normally apply to base64 data in MIME do>>    not apply in SOAP. A \"SOAP-ENC:base64\" subtype is supplied for use>>    with SOAP.>>>>I propose that XMLDSIG adopt language similar to SOAP and not require>>applications to insert line breaks at least every 76 characters.>>(Conforming implementation will still accept line-limited encodings>>since they have to ignore any found whitespace in the Base64 string.)>>>>                                         --bal>>>>[1] http://www.ietf.org/rfc/rfc2045.txt>>[2] http://www.w3.org/TR/SOAP/--Joseph Reagle Jr.                 http://www.w3.org/People/Reagle/W3C Policy Analyst                mailto:reagle@w3.orgIETF/W3C XML-Signature Co-Chair   http://www.w3.org/SignatureW3C XML Encryption Chair          http://www.w3.org/Encryption/2001/",
            "docno": "lists-045-5888005",
            "received": "Wed May 30 15:00:44 2001",
            "isoreceived": "20010530190044",
            "sent": "Wed, 30 May 2001 11:49:04 -0700",
            "isosent": "20010530184904",
            "name": "Andrew Layman",
            "email": "ndrewl@microsoft.com",
            "subject": "RE: Base64 &ndash;&ndash; do we really want/need line breaks every 76     characters?",
            "id": "C3729BBB6099B344834634EC67DE4AE10253F9A5@red-msg-01.redmond.corp.microsoft.com",
            "charset": "US-ASCII",
            "inreplyto": "Base64 &ndash;&ndash; do we really want/need line breaks every 76     characters?",
            "expires": "-1",
            "to": " Martin Duerst; cmsmcq@w3.org\n",
            "cc": " w3c-ietf-xmldsig@w3.org; www-xml-schema-comments@w3.org\n"
        },
        {
            "body": "text/html attachment: stored",
            "docno": "lists-013-14762802",
            "received": "Wed Feb 18 02:43:29 2004",
            "isoreceived": "20040218074329",
            "sent": "Wed, 18 Feb 04 08:37:20 GMT",
            "isosent": "20040218083720",
            "name": "Florine Billings",
            "email": "carmodyla_rrivee1729@netcityhk.com",
            "subject": "Fwd:Fwd:Free Life Insurance Quotes",
            "id": "28b8yuwkas758@m7dc.6.ly1.kcc",
            "expires": "1",
            "to": "danbri@w3.org\n",
            "cc": "<ietf-swap@w3.org>,<amy@w3.org>,<em@w3.org>,<bbos@w3.org>,<carine@w3.org>,<josiane@w3.org>,<josh@w3.org>,<dd@w3.org>,<djw@w3.org>,<feng@w3.org>,<emegyasz@w3.org>,<dean@w3.org>,<christelle@w3.org>,<boyera@w3.org>,<cmsmcq@w3.org>,<httpd@w3.org>,<gerald@w3.org>,<frystyk@w3.org>,<ijacobs@w3.org>,<khare@w3.org>,<djweitzner@w3.org>,<ietf-dav-versioning@w3.org>,<css-test@w3.org>,<hugo@w3.org>,<dom@w3.org>,<henry@w3.org>,<howcome@w3.org>,<daniel.veillard@w3.org>,<epietrig@w3.org>\n"
        },
        {
            "body": "Hi Joseph,As you know there is a wonderful debate in the W3C community now aboutwhether or not namespace URIs should be absolutized.  I'm not on the xml-urilist, but have mailed this anyway.  Perhaps you could consider posting thisfor me if it doesn't show up there.The newest XBase spec does not mention XPath in the list of affectedspecifications, but it is claimed that XBase is required by XLink, whichrelies on XPath.The XPath Recommendation states that URIs are absolutized, but no mechanismfor specifying the base URL is given.  I need to know as soon as possiblewhether an erratum to XPath will be issued to state that XBase will be theway of doing it.  Alternately, will there be an erratum stating that XPathdoes not absolutize URIs?It is very important to our dsig implementers, whose XPath implementationsseem not to absolutize URIs.By the way, absolutizing URIs does not serve a useful purpose.  The desireto absolutize seems to be based on the idea that a relative URI in afrom machine to machine, and those different documents might alter themeaning of the namespace qualified element of the document.Well, there's no point in doing this.  The document's interpretation cannotbe the subject of serious debate unless it is digitally signed.  Even withan absolute URI, it cannot be guaranteed that the target remains unchanged.In other words, if you want to claim that the namespace URI is somethingmore than a string, that it imparts meaning to the document, then you willbe lost unless you compare not URIs but the contents at the URI.  If thecontent changes, then it does not matter that the URI has not.  The only wayto do this is to store, within the source document, a digest of the resultof dereferencing the namespace URI.  Now, please don't flood my email boxwith statements about how this violates the namespace recommendation becauseI am aware of the fact that the namespace rec says that-- that's the bone ofcontention people are having in the first place.  All I'm saying is thatabsolutizing the URIs is also a violation of the same rec, which says theyshould be treated like strings, but if you do want to violate that rec, thenyou should first consider the fact that it does you no good.Whether specified by absolute or relative URI, the digest value of theis effected, the relative URI can remain as long as it always points to adocument with precisely the same digest value (possibly aftercanonicalization or other transforms).The signature is the only way to guarantee that the meaning of the documenthas not been changed because of a relative URI in a namespace declaration,and it does not require you to absolutize the URI to have this guarantee. Bycomparison, if you absolutize URIs, it means that the document will onlyhave verifiable meaning if one can access the original machine thatabsolutized theJohn BoyerSoftware Development ManagerPureEdge Solutions Inc. (formerly UWI.Com)Creating Binding E-Commercejboyer@PureEdge.com-----Original Message-----From: Joseph M. Reagle Jr. [mailto:reagle@w3.org]Sent: Thursday, June 08, 2000 8:45 AMSubject: XML Base WD re-enter Last CallForwarded Text ----Date: Thu, 8 Jun 2000 09:27:01 +0200From: Daniel Veillard <Daniel.Veillard@w3.org>To: chairs@w3.orgOrganization: World Wide Web Consortium (W3C http://www.w3.org/)Subject: XML Base WD re-enter Last CallStatus:  OOn behalf of the XML Linking Working Group [1], I am pleased to announcethe publication of a new \"XML Base\" Last Call Working Draft.The document addresses is:http://www.w3.org/TR/xmlbaseThis draft was made public 7 June 2000The Last Call review period will end 28 June 2000. Pleasesend review comments before that date towww-xml-linking-comments@w3.org (archives available at [2]).XML Base, is a missing piece of the XML infrastructure needed for XLink:----------XML Base proposes a syntax for providing the equivalent of HTML BASEfunctionality generically in XML documents by defining an XML attributenamed xml:base.----------The mission to bring XBase to REC status was given by the XML CoordinationGroup 1999-1129 [5] and the XML Linking WG expect it meets the requirementof a general purpose base mechanism as defined by RFC 2396 [6]At their June 1 2000 teleconference [3], the XML LinkingWorking Group decided to resubmit XML Base WD to Last Call.The large amount of comments and the changes made to thedocument led the group to estimate that a second Last Callwas in order. The disposition of comments document for thefirst Last Call is available at:http://www.w3.org/2000/06/xmlbase-comments-20000607.htmlDEPENDENCIES AND REVIEWAll Group Chairs are invited to send their comments tothe public list.The Working Group has identified dependencies with the following W3CWorking Groups and requests review from them. Even if reviewis not possible, we request that the Chairs listed belowannounce their review intentions to www-xml-linking-comments@w3.org(a public mailing list).Here is the list of the groups which we think should should reviewXBase Last Call working drafts, based on our WG charter andthe history of the XML Linking WG:- HTML WG, Steven Pemberton <steven.pemberton@cwi.nl>- SVG WG, Chris Lilley <chris@w3.org>- I18N WG, Misha Wolf <misha.wolf@reuters.com>- DOM WG, Lauren Wood <lauren@sqwest.bc.ca>- SMIL WG, Aaron Cohen <aaron.m.cohen@intel.com>- XSL WG, Sharon Adler <sca@watson.ibm.com>,Steve Zilles <szilles@adobe.com>- XML Core, Paul Grosso <paul@arbortext.com>,Arnaud Le Hors <lehors@us.ibm.com>There are also the groups from the XML activity which may have somefeedback since we define the language for XML fragment identifiers andthis may impact their work:- XML Query, Paul Cotton <pcotton@microsoft.com>- XML Schema, Michael Sperberg-McQueen<cmsmcq@w3.org>,Dave Hollander <dmh@commerce.net>Thank you,Daniel Veillard,for Eve Maler, Daniel Veillard, XML Linking Working Group co-chairs[1] http://www.w3.org/XML/Group/Linking.html[2] http://lists.w3.org/Archives/Public/www-xml-linking-comments/[3]http://lists.w3.org/Archives/Member/w3c-xml-linking-wg/2000Jun/0003.html[4] http://www.w3.org/XML/Group/1998/09/linking-charter.html[5] http://lists.w3.org/Archives/Member/w3c-xml-cg/1999Dec/0006.html[6] http://www.ics.uci.edu/pub/ietf/uri/rfc2396.txt.--Daniel.Veillard@w3.org | W3C, INRIA Rhone-Alpes  | Today's Bookmarks :Tel : +33 476 615 257  | 655, avenue de l'Europe | Linux XML libxml WWWFax : +33 476 615 207  | 38330 Montbonnot FRANCE | Gnome rpm2html rpmfindhttp://www.w3.org/People/all#veillard%40w3.org  | RPM badminton KaffeEnd Forwarded Text ----_________________________________________________________Joseph Reagle Jr.W3C Policy Analyst                mailto:reagle@w3.orgIETF/W3C XML-Signature Co-Chair   http://www.w3.org/People/Reagle/",
            "docno": "lists-044-6483514",
            "received": "Thu Jun  8 17:43:09 2000",
            "isoreceived": "20000608214309",
            "sent": "Thu, 8 Jun 2000 14:43:01 -0700",
            "isosent": "20000608214301",
            "name": "space URI truly does point to something meaningful).  Once the signature",
            "email": "jboyer@PureEdge.com",
            "subject": "XML Base and XPath absolutizing of URIs",
            "id": "BFEDKCINEPLBDLODCODKGEDHCDAA.jboyer@PureEdge.com",
            "charset": "us-ascii",
            "inreplyto": "3.0.5.32.20000608114527.009c9be0&#64;localhost",
            "expires": "-1",
            "to": " John Boyer\n",
            "cc": "\"XML DSig\"<w3c-ietf-xmldsig@w3.org>,<elm@east.sun.com>,<xml-uri@w3.org>,<www-xpath-comments@w3.org>,<www-xml-linking-comments@w3.org>,<Daniel.Veillard@w3.org>,<connolly@w3.org>\n"
        },
        {
            "body": ">Resent-Date: Wed, 24 Apr 2002 19:44:52 -0400 (EDT)>X-Sender: susan@localhost>X-Mailer: QUALCOMM Windows Eudora Version 5.1>Date: Wed, 24 Apr 2002 19:48:33 -0400>To: chairs@w3.org>From: Susan Westhaver <susan@w3.org>>Cc: w3t@w3.org, w3mreq@w3.org, jbrewer@w3.org, hoschka@w3.org,>         djweitzner@w3.org, Janet Daly <janet@w3.org>, cmsmcq@w3.org,>         quint@w3.org, dd@w3.org, susan@w3.org>Subject: 2003 Technical Plenary DATES: 3-7 March 2003>Resent-From: chairs@w3.org>X-Mailing-List: <chairs@w3.org> archive/latest/1905>X-Loop: chairs@w3.org>Sender: chairs-request@w3.org>Resent-Sender: chairs-request@w3.org>List-Id: <chairs.w3.org>>List-Help: <http://www.w3.org/Mail/>>List-Unsubscribe: <mailto:chairs-request@w3.org?subject=unsubscribe>>X-MailScanner: Found to be clean>>Dear Chairs,>>We are happy to announce that we have tentative dates for the 2003>Technical Plenary with the Royal Sonesta hotel in Cambridge, Massachusetts>(same venue as 2001 meeting). Please mark your calendars for these dates:>Monday 3 March - Friday 7 March 2003. The format will be the same as the>2001 and 2002 meetings; ten group meetings on Monday/Tuesday, all day>plenary session for Wednesday, and ten group meetings on Thursday/Friday.>>In order to avoid conflicts with other related conferences or major>holidays, we've checked various web sites. Some are listed below. Please>let us know immediately if you know of any conflicts with the March 2003>dates as listed above. We would like to confirm these dates by 1 May 2002.>>>IETF - Spring 2003 - Not yet posted.>http://www.ietf.org>>Seybold Seminars>10-13 March 2003, New York, NY>http://www.seyboldseminars.com>>Comdex>11-13 March 2003, Vancouver, Canada>15-17 April 2003, Chicago, IL, USA>http://www.comdex.com>>XML Calendar Pages - 2003 meetings not yet listed.>http://www.oasis-open.org/cover/conf.html>http://www.oasis-open.org/events/index.shtml>>Holidays:>http://www.holidayfestival.com/>http://www.bnaibrith.org/caln.html>>W3C",
            "docno": "lists-049-3545288",
            "received": "Thu Apr 25 04:29:44 2002",
            "isoreceived": "20020425082944",
            "sent": "Thu, 25 Apr 2002 09:26:59 +0100",
            "isosent": "20020425082659",
            "name": "Brian McBride",
            "email": "bwm@hplb.hpl.hp.com",
            "subject": "Fwd: 2003 Technical Plenary DATES: 3-7 March 2003",
            "id": "5.1.0.14.0.20020425092646.033b7168@0-mail-1.hpl.hp.com",
            "charset": "us-ascii",
            "expires": "-1",
            "to": " RDF Core<w3c-rdfcore-wg@w3.org>\n"
        },
        {
            "body": "/ Asir Vedamuthu <asirv@webmethods.com> was heard to say:| I have a quick question. I am wondering if these issues are recorded in a| last call issues list. If so, may I request you to send me a link?They are now recorded[1]. Apologies in advance for any formattingglitches; like the rest of the XSL/XML Query editorial team, I'm stillgetting used to the ExIT system.Asir/Michael/Schema WG: please acknowledge that you accept resolutionof qt-2003Aug0002-14, the issues I believe have been overtaken byevents.Paul: please add qt-2003Aug0002-03 (1.3. Items and singleton sequences) andqt-2003Aug0002-04 (1.4. The implications of [validity] != valid) to thediscussion list for the f2f. (And accept my apologies for tardiness, please.)Be seeing you,norm[1] http://www.w3.org/XML/Group/xsl-query-specs/last-call-comments/xpath-datamodel/issues.html--Norman.Walsh@Sun.COM / XML Standards Architect / Sun Microsystems, Inc.NOTICE: This email message is for the sole use of the intendedrecipient(s) and may contain confidential and privileged information.Any unauthorized review, use, disclosure or distribution is prohibited.If you are not the intended recipient, please contact the sender byreply email and destroy all copies of the original message.",
            "docno": "lists-020-1784649",
            "received": "Fri Jan 16 16:22:34 2004",
            "isoreceived": "20040116212234",
            "sent": "Fri, 16 Jan 2004 16:19:12 -0500",
            "isosent": "20040116211912",
            "name": "Norman Walsh",
            "email": "Norman.Walsh@Sun.COM",
            "subject": "Re: Data Model comments from the Schema WG",
            "id": "87vfnb1tin.fsf@nwalsh.com",
            "inreplyto": "5B10E50E14A4594EB1B5566B69AD94072EF1FB&#64;maileast",
            "expires": "-1",
            "to": " Asir Vedamuthu<asirv@webmethods.com>, Paul Cotton<pcotton@microsoft.com>,\"C. M. Sperberg-McQueen\"<cmsmcq@w3.org>\n",
            "cc": " Sharon Adler<sca@us.ibm.com>,w3c-query-editors@w3.org,w3c-xml-schema-wg@w3.org,public-qt-comments@w3.org\n"
        },
        {
            "body": "Per...[[[Position papers must be sent via e-mail to the Workshop Chair(cmsmcq@w3.org) by25 June 2001.Allowed formats are HTML and ASCII.]]]--        XML Processing Model workshophttp://www.w3.org/XML/2001/07/XMLPM.htmlTue, 12 Jun 2001 17:28:33 GMTI hope to revise this paper a bit, and I hope the revisioncan be included in the proceedings. But I figured I hadbetter send what I have now...--Dan Connolly, W3C http://www.w3.org/People/Connolly/",
            "docno": "lists-097-15324298",
            "received": "Mon Jun 25 19:07:17 2001",
            "isoreceived": "20010625230717",
            "sent": "Mon, 25 Jun 2001 18:07:14 -0500",
            "isosent": "20010625230714",
            "name": "Dan Connolly",
            "email": "connolly@w3.org",
            "subject": "Toward a Simple XML Processing Model",
            "id": "3B37C422.46CD462@w3.org",
            "charset": "us-ascii",
            "expires": "-1",
            "to": "cmsmcq@w3.org,www-archive@w3.org\n"
        },
        {
            "body": "At 00/05/12 09:42 -0700, John Boyer wrote:><martin>>Not necessarily, but that may well happen. We already see>in the DSig group that people want to use the DOM, and>don't want to keep around e.g. whether an attribute was>single-quoted or double-quoted. As we move up the semantic>ladder (well, it feels more like a very flat slope, but>that's a different issue), exactly the same will very>easily happen one step higher.></martin>>><john>>Actually, I'm pretty sure we would argue that if you want to schema>normalize an XML document, then you would need another transform for that.Hello John,Can you give some examples for what you mean by 'schema normalize',i.e. a short document before and after normalization, or so?What I'm saying is that with some rather minor tweaks to the currentSchema drafts, it will be possible to easily write Schemata that willmake sure that documents that validate against these Schemata willalready be normalized and won't need any normalzation on the schemalevel anymore.>Whether we define such a transform in this version of the spec is a decision>of the chairs.How could such a transformation look?>John Boyer>Software Development Manager>PureEdge Solutions Inc. (formerly UWI.Com)>Creating Binding E-Commerce>jboyer@PureEdge.com></john>Regards,   Martin.",
            "docno": "lists-044-5356817",
            "received": "Sun May 14 08:22:46 2000",
            "isoreceived": "20000514122246",
            "sent": "Sun, 14 May 2000 11:49:02 +0900",
            "isosent": "20000514024902",
            "name": "Martin J. Duerst",
            "email": "duerst@w3.org",
            "subject": "RE: Make it easy to create signable schemas (was: Re: XML        Signature WG's review of XML Schema)",
            "id": "4.2.0.58.J.20000514114408.03009a50@sh.w3.mag.keio.ac.jp",
            "charset": "us-ascii",
            "inreplyto": "BFEDKCINEPLBDLODCODKGEMACCAA.jboyer&#64;PureEdge.com",
            "expires": "-1",
            "to": "\"John Boyer\"<jboyer@PureEdge.com>,\"Joseph M. Reagle Jr.\"<reagle@w3.org>\n",
            "cc": "<www-xml-schema-comments@w3.org>,\"IETF/W3C XML-DSig WG\"<w3c-ietf-xmldsig@w3.org>,<cmsmcq@w3.org>\n"
        },
        {
            "body": "On Tue, 2004-05-11 at 09:42, Peter F. Patel-Schneider wrote:> I would feel much happier with this draft if some of the fundamental> issues that Pat Hayes has pointed out had been addressed.  Without> resolution of these issues I don't see any point in the document.Hi Peter,I, too, would be happy if the document addressed everyone's issues!I cannot imagine getting there other than by increments. This drafttakes into account what the TAG has discussed thus far, and thensome. I look forward to ongoing improvement._ Ian--Ian Jacobs (ij@w3.org)   http://www.w3.org/People/JacobsTel:                     +1 718 260-9447",
            "docno": "lists-023-15125745",
            "received": "Tue May 11 11:28:19 2004",
            "isoreceived": "20040511152819",
            "sent": "Tue, 11 May 2004 11:28:10 -0400",
            "isosent": "20040511152810",
            "name": "Ian B. Jacobs",
            "email": "j@w3.org",
            "subject": "Re: 10 May 2004 Editor's Draft of Architecture Document - reviewer responses requested",
            "id": "1084289289.10472.21.camel@seabright",
            "inreplyto": "20040511.094211.73002602.pfps&#64;research.bell-labs.com",
            "expires": "-1",
            "to": "\"Peter F. Patel-Schneider\"<pfps@research.bell-labs.com>\n",
            "cc": "T.Hammond@elsevier.com,elharo@metalab.unc.edu,dmkarr@earthlink.net,bob.ducharme@lexisnexis.com,dbooth@w3.org,tjg@star.le.ac.uk,patrick.stickler@nokia.com,sandro@w3.org,dom@w3.org,djw@w3.org,jacek.kopecky@systinet.com,duerst@w3.org,stephane@w3.org,kendall@monkeyfist.com,klaskey@mitre.org, Al Gilman<Alfred.S.Gilman@ieee.org>,lesch@w3.org,cmsmcq@w3.org,bparsia@isr.umd.edu,gk@ninebynine.org,public-webarch-comments@w3.org,www-tag@w3.org\n"
        },
        {
            "body": ">Resent-Date: Thu, 12 Sep 2002 17:53:21 -0400 (EDT)>X-Sender: amy@localhost>X-Mailer: QUALCOMM Windows Eudora Version 5.0>Date: Thu, 12 Sep 2002 17:55:01 -0400>To: chairs@w3.org>From: Amy van der Hiel <amy@w3.org>>Cc: w3t@w3.org, cmsmcq@w3.org, quint@w3.org, ph@w3.org, djweitzner@w3.org,>         jbrewer@w3.org, danield@w3.org, timbl@w3.org>Subject: Technical Plenary Logistics -- please reply by 30 September>Resent-From: chairs@w3.org>X-Mailing-List: <chairs@w3.org> archive/latest/2119>X-Loop: chairs@w3.org>Sender: chairs-request@w3.org>Resent-Sender: chairs-request@w3.org>List-Id: <chairs.w3.org>>List-Help: <http://www.w3.org/Mail/>>List-Unsubscribe: <mailto:chairs-request@w3.org?subject=unsubscribe>>X-MailScanner: Found to be clean>>Hello Chairs:>>As we mentioned in July,>http://lists.w3.org/Archives/Member/chairs/2002JulSep/0011.html, the>W3C  has confirmed dates for our next five-day All Group meeting and>Technical Plenary. http://www.w3.org/Member/Eventscal>>Confirmed Dates and Venue:>3-7 March 2003 (Monday -Friday)>Cambridge, MA, USA>Royal Sonesta Hotel>http://www.sonesta.com/boston/>>At this time, we would like to start gathering information as to which>groups will attend (see the list of questions below). Please coordinate>with your WG/IG staff contact and W3C Domain leaders as needed, and send>your reply by Monday 30 September 2002.>>The All Group Meeting and Technical Plenary  is a unique opportunity for>W3C Groups to gather, hold their face to face meetings, and liaise with>other groups. It also gives the participants the opportunity to engage in>discussions which concern shared principles, shared architecture, etc.>>In order to properly organize these twenty or so face-to-face meetings and>to implement the registration form, we request your input  as soon as>possible.  If your group intends to meet and participate in this event,>please send your reply to the below questions no later than Monday 30>September 2002.  Send your reply to: tpregister@w3.org.>>1. Will your group meet at the Technical Plenary?>>2. Your two-day preference:>      Monday 3 - Tuesday 4 March 2003, or  Thursday 6 - Friday 7 March 2003>>3. Is your group flexible about  meeting days?>      (If you prefer Mon/Tues would Thurs/Fri be acceptable?)>>4. The number of people in your group that will attend your f2f meeting:>>5. The number of people in your group that will attend the Plenary on>Wednesday 5 March 2003:>>6. With which other W3C groups, specifically, would your group like to meet?>>7. Are there other groups with significant membership overlap with yours>which should NOT be scheduled on the same days?*>>8. Will you allow external observers at your f2f meeting ?>>*NOTE: We will do our best to avoid overlap, but we cannot guarantee it.>>All groups meeting that week are expected to attend the Wednesday plenary.>It is our hope that all groups will meet with other W3C working and/or>interest groups throughout the week.>>Please note that seating will be set up in U-shape for group members, with>chairs around the edge of the room for observers, if observers are>permitted. We will not be able to confirm room plans until we have>received input from 20 groups.  Details regarding connectivity and audio>visual will be sent at a later date.>>We're working on the meeting page for registration/hotel form/etc. which>should be available in the coming weeks.>>Please feel free to contact us with any questions.  Thank you very much.>>best,>Amy>>>Reference:>2001 Technical Plenary and All Group>Meeting:   http://www.w3.org/2001/02/allgroupoverview.html>2002 Technical Plenary and All Group Meeting:>http://www.w3.org/2001/07/allgroupoverview.html>>-->Amy van der Hiel>amy@w3.org>W3C/MIT 200 Technology Square, Cambridge, MA 02139 USA>telephone: +1.617.253.5628  fax: +1.617.258.5999",
            "docno": "lists-051-12695218",
            "received": "Fri Sep 13 04:52:59 2002",
            "isoreceived": "20020913085259",
            "sent": "Fri, 13 Sep 2002 09:02:32 +0100",
            "isosent": "20020913080232",
            "name": "Brian McBride",
            "email": "bwm@hplb.hpl.hp.com",
            "subject": "aob for the telecon fwd: Technical Plenary Logistics &ndash;&ndash; please   reply by 30 September",
            "id": "5.1.0.14.0.20020913090155.02d10d80@0-mail-1.hpl.hp.com",
            "charset": "us-ascii",
            "expires": "-1",
            "to": " RDF Core<w3c-rdfcore-wg@w3.org>\n"
        },
        {
            "body": "Hello,In preparation for the TAG's face-to-face meeting this week, I'vemade available the 10 May 2004 Editor's Draft of the ArchitectureDocument:http://www.w3.org/2001/tag/2004/webarch-20040510/This draft supersedes the 7 May draft; I incorporated a few extrachanges I had wanted to make based on TAG resolutions.The remainder of this email includes information about:1) Diff resources2) List of issues addressedBelow there is a list of names and issue URIs. If your name ison the list (and in the \"To\" line above), it means that thisdraft MAY address the issues that you raised that are listedbelow. Each issue URI points to details of the proposal toaddress your issue.Although the TAG has not yet agreed to these proposals,I welcome your comments about proposals that concern yourissues; please send those comments to public-webarch-comments@w3.org. Inparticular, please indicate whether the text as proposed satisfies youfor that issue orhow it might be edited to satisfy you.Thank you,- Ian================1 Diff resources================This draft consists of a number of proposals to address LastCall issues; the TAG has not yet reviewed these proposals.Here is an annotated Last Call draft with proposals listed inline:http://www.w3.org/2001/tag/2003/lc1209/webarchWithProposals.htmlNote: The annotated draft does not show all proposed edits,only those corresponding directly to an issue.----------------Diff files (only useful for parts of the document):Diff between the 7 May and 10 May drafts:http://www.w3.org/2001/tag/2004/webarch-20040510/diff-20040507Diff between the 10 May draft and the Last Call draft:http://www.w3.org/2001/tag/2004/webarch-20040510/diff-20031209----------------Lists of changes:Changes between the Last Call draft and the 7 May draft:http://www.w3.org/2001/tag/webarch/changes#changes-20040510Changes between the 7 May draft and the 10 May draft:http://www.w3.org/2001/tag/webarch/changes#changes-20040507==================2 Issues addressed==================This draft includes proposals to address the following Last Callissues:a) From Tony Hammondhttp://www.w3.org/2001/tag/2003/lc1209/issues.html#hammond2b) From Elliotte Rusty Haroldhttp://www.w3.org/2001/tag/2003/lc1209/issues.html#harold1c) From David Karrhttp://www.w3.org/2001/tag/2003/lc1209/issues.html#karr1d) From Bob DuCharmehttp://www.w3.org/2001/tag/2003/lc1209/issues.html#ducharme1e) From David Boothhttp://www.w3.org/2001/tag/2003/lc1209/issues.html#booth2http://www.w3.org/2001/tag/2003/lc1209/issues.html#booth3f) From Tim Goodwinhttp://www.w3.org/2001/tag/2003/lc1209/issues.html#goodwin1g) From Patrick Sticklerhttp://www.w3.org/2001/tag/2003/lc1209/issues.html#stickler1http://www.w3.org/2001/tag/2003/lc1209/issues.html#stickler2http://www.w3.org/2001/tag/2003/lc1209/issues.html#stickler3http://www.w3.org/2001/tag/2003/lc1209/issues.html#stickler5http://www.w3.org/2001/tag/2003/lc1209/issues.html#stickler6http://www.w3.org/2001/tag/2003/lc1209/issues.html#stickler7http://www.w3.org/2001/tag/2003/lc1209/issues.html#stickler9http://www.w3.org/2001/tag/2003/lc1209/issues.html#stickler10I did not incorporated the following editorial suggestionsfrom Patrick:Section 3.2, para 1, last sentence:Consider changing to \"A message may even include metadataabout the message itself (for message-integrity checks, forinstance).Section 3.3.1, last para, last sentence:This last sentence could either be removed orclarified/reworked.h) From Peter Patel-Schneiderhttp://www.w3.org/2001/tag/2003/lc1209/issues.html#pps1i) From Sandro Hawkehttp://www.w3.org/2001/tag/2003/lc1209/issues.html#hawke2http://www.w3.org/2001/tag/2003/lc1209/issues.html#hawke3http://www.w3.org/2001/tag/2003/lc1209/issues.html#hawke4http://www.w3.org/2001/tag/2003/lc1209/issues.html#hawke7http://www.w3.org/2001/tag/2003/lc1209/issues.html#hawke8http://www.w3.org/2001/tag/2003/lc1209/issues.html#hawke9http://www.w3.org/2001/tag/2003/lc1209/issues.html#hawke10I did not implement the suggestion that the media type forthe first example be changed from \"application/xhtml+xml\"to the simpler \"text/html\" (although I did fix the graphicand text to be consistent).j) From Dominique Hazael-Massieuxhttp://www.w3.org/2001/tag/2003/lc1209/issues.html#dhm1http://www.w3.org/2001/tag/2003/lc1209/issues.html#dhm2http://www.w3.org/2001/tag/2003/lc1209/issues.html#dhm5http://www.w3.org/2001/tag/2003/lc1209/issues.html#dhm6http://www.w3.org/2001/tag/2003/lc1209/issues.html#dhm7k) From Danny Weitznerhttp://www.w3.org/2001/tag/2003/lc1209/issues.html#weitzner1l) From Jacek Kopeckyhttp://www.w3.org/2001/tag/2003/lc1209/issues.html#kopecky1http://www.w3.org/2001/tag/2003/lc1209/issues.html#kopecky6I did not adjust the definition of \"Link\" in the term index.m) From Martin Duersthttp://www.w3.org/2001/tag/2003/lc1209/issues.html#duerst1n) From the Device Independence Working Group[Stephane Boyera addressed here]http://www.w3.org/2001/tag/2003/lc1209/issues.html#diwg2http://www.w3.org/2001/tag/2003/lc1209/issues.html#diwg3o) From Kendall Clarkhttp://www.w3.org/2001/tag/2003/lc1209/issues.html#clark5http://www.w3.org/2001/tag/2003/lc1209/issues.html#clark7http://www.w3.org/2001/tag/2003/lc1209/issues.html#clark8http://www.w3.org/2001/tag/2003/lc1209/issues.html#clark11http://www.w3.org/2001/tag/2003/lc1209/issues.html#clark12p) From Ken Laskeyhttp://www.w3.org/2001/tag/2003/lc1209/issues.html#laskey1q) From Al Gilmanhttp://www.w3.org/2001/tag/2003/lc1209/issues.html#gilman1r) From Susan Leschhttp://www.w3.org/2001/tag/2003/lc1209/issues.html#lesch1s) From the XML Schema Working Group[Michael Sperberg-McQueen addressed here]http://www.w3.org/2001/tag/2003/lc1209/issues.html#schema1http://www.w3.org/2001/tag/2003/lc1209/issues.html#schema4http://www.w3.org/2001/tag/2003/lc1209/issues.html#schema15http://www.w3.org/2001/tag/2003/lc1209/issues.html#schema17http://www.w3.org/2001/tag/2003/lc1209/issues.html#schema18http://www.w3.org/2001/tag/2003/lc1209/issues.html#schema19http://www.w3.org/2001/tag/2003/lc1209/issues.html#schema20http://www.w3.org/2001/tag/2003/lc1209/issues.html#schema21For schema4, the Schema WG asked for a stronger statementalong the lines of \"Don't use content negotiation\", which Idid not add.For schema21 (editorial issues), I did not address these points:[3.5.1] We are surprised to not see a best practicerecommendation here.[4.5.3] (And elsewhere) If namespace prefixes are used, thereshould be a table indicating their bindings to URIs.[4.5.6] and [4.5.8] highlight a lot of problems, but make norecommendations about what to do about them.t) From Michael Sperberg-McQueenhttp://www.w3.org/2001/tag/2003/lc1209/issues.html#msm2http://www.w3.org/2001/tag/2003/lc1209/issues.html#msm3I did not remove the shadow from the illustration as Michaelrecommended.u) From Bijan Parsiahttp://www.w3.org/2001/tag/2003/lc1209/issues.html#parsia20v) From Graham Klynehttp://www.w3.org/2001/tag/2003/lc1209/issues.html#klyne1http://www.w3.org/2001/tag/2003/lc1209/issues.html#klyne11http://www.w3.org/2001/tag/2003/lc1209/issues.html#klyne12--Ian Jacobs (ij@w3.org)   http://www.w3.org/People/JacobsTel:                     +1 718 260-9447",
            "docno": "lists-022-13397018",
            "received": "Mon May 10 21:33:44 2004",
            "isoreceived": "20040511013344",
            "sent": "Mon, 10 May 2004 21:31:51 -0400",
            "isosent": "20040511013151",
            "name": "Ian B. Jacobs",
            "email": "j@w3.org",
            "subject": "10 May 2004 Editor's Draft of Architecture Document - reviewer responses requested",
            "id": "1084239111.1435.60.camel@seabright",
            "expires": "-1",
            "to": ".Hammond@elsevier.com,elharo@metalab.unc.edu,dmkarr@earthlink.net,bob.ducharme@lexisnexis.com,dbooth@w3.org,tjg@star.le.ac.uk,patrick.stickler@nokia.com,pfps@research.bell-labs.com,sandro@w3.org,dom@w3.org,djw@w3.org,jacek.kopecky@systinet.com,duerst@w3.org,stephane@w3.org,kendall@monkeyfist.com,klaskey@mitre.org,Alfred.S.Gilman@IEEE.org,lesch@w3.org,cmsmcq@w3.org,bparsia@isr.umd.edu,gk@ninebynine.org\n",
            "cc": "public-webarch-comments@w3.org,www-tag@w3.org\n"
        },
        {
            "body": "If you are intending to attend Core or GEO task force FTF meetings inMarch at Boston, please register asap for the Technical Plenary (seebelow).Thanks,RI============Richard IshidaW3Ctel: +44 1753 480 292http://www.w3.org/International/http://www.w3.org/People/Ishida/-----Original Message-----From: w3t-request@w3.org [mailto:w3t-request@w3.org] On Behalf Of Amyvan der HielSent: 30 December 2002 19:18djweitzner@w3.org; jbrewer@w3.org; danield@w3.org; timbl@w3.orgSubject: All Group Meeting/Tech Plenary Registration openDear Chairs:Registrationhttp://cgi.w3.org/Register/selectUser.pl?_w3c_meetingName=TPMar03 is nowopen for the 2003 All Group Meeting and Technical Plenaryhttp://www.w3.org/2002/10/allgroupoverview.html.Please ask your groups register for the meeting as soon as possible sothat we can have accurate information for planning.   The discount roomrate at the Sonesta Hotel expires on Saturday 1 February 2003.Please send any questions and comments to tpregister@w3.org.  Thanksvery much.Regards,Amy--Amy van der Hielamy@w3.orgW3C/MIT 200 Technology Square, Cambridge, MA 02139 USAtelephone: +1.617.253.5628  fax: +1.617.258.5999",
            "docno": "lists-016-9800265",
            "received": "Mon Jan  6 10:06:05 2003",
            "isoreceived": "20030106150605",
            "sent": "Mon, 6 Jan 2003 15:04:47 0000",
            "isosent": "20030106150447",
            "name": "Richard Ishida",
            "email": "shida@w3.org",
            "subject": "I18N FTF / Tech Plenary Registration",
            "id": "001b01c2b594$f457feb0$d901000a@w3c40upc3ma3j2",
            "charset": "usascii",
            "expires": "1",
            "to": " chairs@w3.org; w3t-tpregister@w3.org\n",
            "cc": " w3t@w3.org; cmsmcq@w3.org; quint@w3.org; ph@w3.org;\n"
        },
        {
            "body": "I will be asking for volunteers at this weeks telecon.Brian>From: Misha.Wolf@reuters.com>Date: Tue, 16 Apr 2002 20:42:23 +0100>Subject: Request for commitment to review Charmod Last Call #2>To: karl@w3.org, brian_mcbride@hp.com, danbri@w3.org, chris.ferris@sun.com,>         pgrosso@arbortext.com, lehors@us.ibm.com, fallside@us.ibm.com,>         pcotton@microsoft.com, cmsmcq@w3.org, dmh@info2000.net,> reagle@w3.org,>         Donald.Eastlake@motorola.com, sca@us.ibm.com>Cc: chairs@w3.org>X-Mailer: Lotus Notes Release 5.0.2b (Intl) 16 December 1999>X-MIMETrack: Serialize by Router on EUNGW2/LON/GB/Reuters(Release 5.0.6a>  |January 17, 2001) at 16/04/2002 08:52:49 PM>>Dear Chairs,>>The original Last Call for the Character Model for the World Wide Web>started on 26 January 2001:>    http://www.w3.org/TR/2001/WD-charmod-20010126/>>Owing to the large number of comments:>    http://www.w3.org/International/Group/charmod-lc/>it has taken the I18N WG till now to process them all, resulting in the>current internal draft:>    http://www.w3.org/International/Group/charmod-edit/>>And, owing to the large number of changes, we'll be going to a Last Call>#2 (I'm reminded of Steven Pemberton's quip at the recent Technical>Plenary regarding the meaning of \"Last\" in \"Last Call\").>>The I18N WG decided today to go to Last Call #2 on 30 April, or sooner>if ready:>    http://lists.w3.org/Archives/Member/w3c-i18n-wg/2002Apr/0112>>We are asking the following WGs to review the document, once it has been>published (no later than 30 April), and to complete their review by 31>May:>>    ------------------------------------------------------------------->    WG        Asked   Response  Contacting>    ------------------------------------------------------------------->    CSS         Y        Y      Bert Bos>    DOM         Y        Y      Philippe Le H?garet>    HTML        Y        Y      Steven Pemberton>    QA                   -      Karl Dubost>    RDF                  -      Brian McBride/Dan Brickley>    TAG         Y        -      Chris Lilley>    WAI PF      Y        Y      Al Gilman>    WS Arch              -      Chris Ferris>    XForms      Y        Y      Steven Pemberton>    XML Core             -      Paul Grosso/Arnaud Le Hors>    XMLP                 -      David Fallside>    XML Query            -      Paul Cotton>    XML Schema           -      Michael Sperberg-McQueen/Dave Hollander>    XML Sig              -      Joseph Reagle/Donald Eastlake>    XSL                  -      Sharon Adler>    ------------------------------------------------------------------->>If you've received this mail and haven't yet let us know whether your>WG will review the document once it has been published (no later than>30 April), please let us know whether you will do so and whether you>will complete your review by 31 May.>>We will, of course, welcome comments from other WGs (and others).  If>your WG isn't listed above and wishes to review the document, please>let us know.>>Many thanks,>Misha Wolf>I18N WG Chair>>>>>>-------------------------------------------------------------- -->         Visit our Internet site at http://www.reuters.com>>Any views expressed in this message are those of  the  individual>sender,  except  where  the sender specifically states them to be>the views of Reuters Ltd.",
            "docno": "lists-049-2050921",
            "received": "Thu Apr 18 13:54:32 2002",
            "isoreceived": "20020418175432",
            "sent": "Thu, 18 Apr 2002 18:51:51 +0100",
            "isosent": "20020418175151",
            "name": "Brian McBride",
            "email": "bwm@hplb.hpl.hp.com",
            "subject": "Fwd: Request for commitment to review Charmod Last Call #2",
            "id": "5.1.0.14.0.20020418185118.02efe568@0-mail-1.hpl.hp.com",
            "charset": "iso-8859-1",
            "expires": "-1",
            "to": " RDF Core<w3c-rdfcore-wg@w3.org>\n"
        },
        {
            "body": "[1] http://www.w3.org/Signature/Group/dependencies.htmlThis document has been prepared during the [7]Last Call of the [8]XMLSignature Requirements Document. This coordination is expected to beguided bythe [9]XML Activity Process for Requirements and IssueTracking.The following text describes the Signature WG Chairs' views ondependencies or requests for review that must be satisfied prior tothe XML Signature specifications being advanced beyond Last Call. Weare soliciting a commitment to resolve a dependency (by having itaddressed it in a spec or RD) and/or a commitment to review the XMLSignature specification(s) -- a specific question is sometimesincluded as well. The W3C staff contact for the WG is idenitifiedthough he need not necessarily be the designated reviewer.Dependency: we need a single normalized data type representation fordata values -- such as time.Review:  signature schema design._________________________________________________________Joseph Reagle Jr.Policy Analyst           mailto:reagle@w3.orgXML-Signature Co-Chair   http://w3.org/People/Reagle/",
            "docno": "lists-043-13518799",
            "received": "Fri Sep 17 16:08:06 1999",
            "isoreceived": "19990917200806",
            "sent": "Fri, 17 Sep 1999 16:07:48 -0400",
            "isosent": "19990917200748",
            "name": "Joseph M. Reagle Jr.",
            "email": "reagle@w3.org",
            "subject": "Request for Dependency Resolution or Review",
            "id": "3.0.5.32.19990917160748.009bc1b0@localhost",
            "charset": "us-ascii",
            "expires": "-1",
            "to": "cmsmcq@w3.org,dmh@commerce.net\n",
            "cc": "\"IETF/W3C XML-DSig WG\"<w3c-ietf-xmldsig@w3.org>,chairs@w3.org\n"
        },
        {
            "body": "At 00/05/11 13:00 -0400, Joseph M. Reagle Jr. wrote:>At 04:53 PM 5/11/00 +0900, Martin J. Duerst wrote:>  >- Because the 'boolean' datatype has four lexical values (true, false,>  >   1, 0; this is in the spec, no kidding) instead of two lexical values,>  >   that means that additional effort (at least) is necessary if somebody>  >   wants to create a schema for some data containing boolean values.>>Martin, thank you for reminding me about this. I recall you've mentioned>this before and I believe we had an agreement from Michael to do something>about ensuring a consistent lexical representation of data types. I can't>find a URL for that agreement (I think it was sometime last year) but I can>find evidence that the WG was trying to satisfy that requirement (for>floating points at least):>>3.2.3 - 3.2.5 Lexical notation of floating-point numbers>[Where the author requested other notations]>AM>> This argument was made by several people but there was a strong>AM>> sentiment for a single>AM>> lexical representation.>http://lists.w3.org/Archives/Public/www-xml-schema-comments/2000AprJun/0043.h>tml>>However, I'm not sure to what extent this is a problem (I'm expressing>ignorance, not arguing it isn't). If an XML instance uses '0' that is>signed, is there and expectation that since the schema permits a 'false' as>well, intermediary processors would change it?Not necessarily, but that may well happen. We already seein the DSig group that people want to use the DOM, anddon't want to keep around e.g. whether an attribute wassingle-quoted or double-quoted. As we move up the semanticladder (well, it feels more like a very flat slope, butthat's a different issue), exactly the same will veryeasily happen one step higher.>I appreciate this might>happen with character code mappings, but I tend to view schema's as>constraints on permissible values, and not a processor (in the vein of>infoset/C14N/DOM).Constraints on permissible values is one function, and probablythe most important one the way the spec is written. But for datatypes,the 'infoset' aspect is already there, and C14N is what we arejust discussing here, and would be very very easy to add at thispoint in time compared to having to start another group,...in a few months. Something like DOM is not done yet, butconversion from data to XML streaming and back is animportant application of XML Schema, probably the most importantone.>(For instance, just because a schema permits an>unconstrained string, one wouldn't presume it would change the string ...?)There is a clear difference between changing the value,and producing a different lexical representation for thesame value. Changing from 0 to false is the later,changing the string is the former.>  >- If there is some way to express that elements of the same type>  >   have to appear in a certain order (don't know whether this is in>  >   the spec or not), this will also help to create schemata that can>  >   be used to validate data and then feed that data into XML DSig>  >   without any or without much processing.>  >>  >In other words, try to make sure that for appropriately designed>  >XML Schemas, no additional 'data canonicalization' step is necessary>  >to sign some data.>>I don't quite follow. Element of the same element type? Can you give an>example?Well, let's assume you have a list of students, with student id,birthday, and a boolean for 'male' (gender). The task is toproduce a signable XML document from this data. In order forthe sign to be reproducable, the XML document has to be exactlythe same for the same data. Assuming that the structure lookssomething like<student><id>...</id><birthday>date</birthday><male>boolean</male></student>......and is described as an XML Schema, the 'missing pieces' for theabove task are to make sure the students are always in the sameorder (e.g. by id) and that date and boolean are always ina canonical form (and of course that the underlying XML isin C14N).Probably the above is not the most appropriate example, but I hopeyou get the idea.Regards,  Martin.",
            "docno": "lists-044-5301940",
            "received": "Fri May 12 04:29:30 2000",
            "isoreceived": "20000512082930",
            "sent": "Fri, 12 May 2000 16:38:15 +0900",
            "isosent": "20000512073815",
            "name": "Martin J. Duerst",
            "email": "duerst@w3.org",
            "subject": "Re: Make it easy to create signable schemas (was: Re: XML      Signature WG's review of XML Schema)",
            "id": "4.2.0.58.J.20000512162351.00bc1e70@sh.w3.mag.keio.ac.jp",
            "charset": "us-ascii",
            "inreplyto": "3.0.5.32.20000511130022.009cb910&#64;localhost",
            "expires": "-1",
            "to": "\"Joseph M. Reagle Jr.\"<reagle@w3.org>\n",
            "cc": "www-xml-schema-comments@w3.org,\"IETF/W3C XML-DSig WG\"<w3c-ietf-xmldsig@w3.org>,cmsmcq@w3.org\n"
        },
        {
            "body": "It looks to me as if we need to respecify Base64 instead of relying on theRFC 2045 spec.I have thought for quite a while about writing a Base32 spec. There are manycircumstances in which a compact alphanumeric encoding is required but casecannot be differentiated (e.g. reading over the telephone). It is also goodto get rid of numbers that can be mistaken for letters (0, 1) and thecorresponding letters (O, l, I).We could write a draft for B64 and B32. B64 would be identical to Base64 butwithout the line break characters and B32 would be new.PhillPhillip Hallam-Baker FBCS C.Eng.Principal ScientistVeriSign Inc.pbaker@verisign.com781 245 6996 x227> -----Original Message-----> From: Andrew Layman [mailto:andrewl@microsoft.com]> Sent: Wednesday, May 30, 2001 2:49 PM> To: Joseph M. Reagle Jr.; Martin Duerst; cmsmcq@w3.org> Cc: w3c-ietf-xmldsig@w3.org; www-xml-schema-comments@w3.org> Subject: RE: Base64 -- do we really want/need line breaks every 76> characters?>>> There is an additional matter to consider, which is that RFC 2045 says> that Base64 encoding may include characters not in the table below and> that these should be ignored.>> It says:>>                     Table 1: The Base64 Alphabet>>      Value Encoding  Value Encoding  Value Encoding  Value Encoding>          0 A            17 R            34 i            51 z>          1 B            18 S            35 j            52 0>          2 C            19 T            36 k            53 1>          3 D            20 U            37 l            54 2>          4 E            21 V            38 m            55 3>          5 F            22 W            39 n            56 4>          6 G            23 X            40 o            57 5>          7 H            24 Y            41 p            58 6>          8 I            25 Z            42 q            59 7>          9 J            26 a            43 r            60 8>         10 K            27 b            44 s            61 9>         11 L            28 c            45 t            62 +>         12 M            29 d            46 u            63 />         13 N            30 e            47 v>         14 O            31 f            48 w         (pad) =>         15 P            32 g            49 x>         16 Q            33 h            50 y>>    The encoded output stream must be represented in lines of no more>    than 76 characters each.  All line breaks or other characters not>    found in Table 1 must be ignored by decoding software.>>>>> -----Original Message-----> From: Joseph M. Reagle Jr. [mailto:reagle@w3.org]> Sent: Wednesday, May 30, 2001 9:35 AM> To: Martin Duerst; cmsmcq@w3.org> Cc: w3c-ietf-xmldsig@w3.org; www-xml-schema-comments@w3.org> Subject: Re: Base64 -- do we really want/need line breaks every 76> characters?>>> I spoke to Michael Sperberg-McQueen about this (as co-Chair of Schema,> and> as Chair of XMLCG on the the canonical definition of DTD [a]) at> EuropeXML> and he agreed to round up a response on both questions.>> [a]> http://lists.w3.org/Archives/Public/w3c-ietf-xmldsig/2001AprJu> n/0103.htm> l>> Michael, as discussed, can/should [b] be read as defined by SOAP?>> >  The SOAP 1.1 submission [2] removes the line length limitation in> >their> > use of> >Base64; Section 5.4.3 of SOAP reads as follows:> >> >    The recommended representation of an opaque array of bytes is the> >    'base64' encoding defined in XML Schemas [10][11], which uses the> >    base64 encoding algorithm defined in 2045 [13]. However, the line> >    length restrictions that normally apply to base64 data in MIME do> >    not apply in SOAP. A \"SOAP-ENC:base64\" subtype is> supplied for use> >    with SOAP.>> [b] http://www.w3.org/TR/xmlschema-2/#base64Binary>> At 08:01 5/24/2001 +0900, Martin Duerst wrote:> >After seeing all the discussion, I'm okay with long lines as> such. But> >there is still the problem that XML Schema doesn't allow> that, because> >it references RFC 2045 directly, without anything else. This is a> >problem on both sides:> >> >- XML Signature cannot use the XML Schema datatype as it stands> >   (and extension or restriction won't work here)> >- XML Schema should consider changing their definition of> >   Base64 to include longer lines, because it seems that that's> >   widely used in practice. Whether that can be done as a corrigendum> >   to Schema 1.0 or whether that has to go into Schema 1.1, I don't> >   know.> >> >I have copied www-xml-schema-comments. Schema experts,> please see the> >other messages in this thread> >(http://lists.w3.org/Archives/Public/w3c-ietf-xmldsig/2001Apr> Jun/0183.h> >tml).> >> >Regards,   Martin.> >> >> >At 17:31 01/05/22 -0700, Brian LaMacchia wrote:> >>Folks--> >>> >>Currently, XMLDSIG references RFC 2045 (one of the MIME RFCs) for a> >>definition of Base64 encoding/decoding.  (See section 6.8> of [1].)  It>> >>has been pointed out to me that RFC 2045 *requires* that> >>Base64-encoded content have line breaks at least every 76> characters.>> >>Paragraph 6 reads as follows:> >>> >>    The encoded output stream must be represented in lines> of no more> >>    than 76 characters each.  All line breaks or other> characters not> >>    found in Table 1 must be ignored by decoding software.> In base64> >>    data, characters other than those in Table 1, line breaks, and> other> >>    white space probably indicate a transmission error,> about which a> >>    warning message or even a message rejection might be appropriate> >>    under some circumstances.> >>> >>I can't see any reason for XMLDSIG to inherit a line-length> limitation>> >>that appears to have been there for mail-specific reasons.> The SOAP> >>1.1 submission [2] removes the line length limitation in> their use of> >>Base64; Section 5.4.3 of SOAP reads as follows:> >>> >>    The recommended representation of an opaque array of> bytes is the> >>    'base64' encoding defined in XML Schemas [10][11],> which uses the> >>    base64 encoding algorithm defined in 2045 [13].> However, the line> >>    length restrictions that normally apply to base64 data> in MIME do> >>    not apply in SOAP. A \"SOAP-ENC:base64\" subtype is> supplied for use> >>    with SOAP.> >>> >>I propose that XMLDSIG adopt language similar to SOAP and> not require> >>applications to insert line breaks at least every 76 characters.> >>(Conforming implementation will still accept line-limited encodings> >>since they have to ignore any found whitespace in the> Base64 string.)> >>> >>                                         --bal> >>> >>[1] http://www.ietf.org/rfc/rfc2045.txt> >>[2] http://www.w3.org/TR/SOAP/>>> --> Joseph Reagle Jr.                 http://www.w3.org/People/Reagle/> W3C Policy Analyst                mailto:reagle@w3.org> IETF/W3C XML-Signature Co-Chair   http://www.w3.org/Signature> W3C XML Encryption Chair          http://www.w3.org/Encryption/2001/>application/octet-stream attachment: Phillip_Hallam-Baker__E-mail_.vcf",
            "docno": "lists-045-5918862",
            "received": "Wed May 30 16:58:55 2001",
            "isoreceived": "20010530205855",
            "sent": "Wed, 30 May 2001 13:58:41 -0700",
            "isosent": "20010530205841",
            "name": "Phillip Hallam-Baker",
            "email": "pbaker@verisign.com",
            "subject": "RE: Base64 &ndash;&ndash; do we really want/need line breaks every 76     cha racters?",
            "id": "2F3EC696EAEED311BB2D009027C3F4F4043085DC@vhqpostal.verisign.com",
            "charset": "iso-8859-1",
            "inreplyto": "Base64 &ndash;&ndash; do we really want/need line breaks every 76     cha racters?",
            "expires": "-1",
            "to": " Andrew Layman<andrewl@microsoft.com>,\"Joseph M. Reagle Jr.\"<reagle@w3.org>, Martin Duerst<duerst@w3.org>,cmsmcq@w3.org\n",
            "cc": "w3c-ietf-xmldsig@w3.org,www-xml-schema-comments@w3.org\n"
        },
        {
            "body": "I would feel much happier with this draft if some of the fundamentalissues that Pat Hayes has pointed out had been addressed.  Withoutresolution of these issues I don't see any point in the document.As a particular illustrative example that leapt out at me while I wasreading the document, I quote, from Section 1Each resource is identified by a URI.and from Section 2Resources exist before URIs; a resource may be identified by zeroURIs.Peter F. Patel-SchneiderFrom: \"Ian B. Jacobs\" <ij@w3.org>Subject: 10 May 2004 Editor's Draft of Architecture Document - reviewer responses requestedDate: Mon, 10 May 2004 21:31:51 -0400> Hello,>> In preparation for the TAG's face-to-face meeting this week, I've> made available the 10 May 2004 Editor's Draft of the Architecture> Document:>    http://www.w3.org/2001/tag/2004/webarch-20040510/>> This draft supersedes the 7 May draft; I incorporated a few extra> changes I had wanted to make based on TAG resolutions.>> The remainder of this email includes information about:>>  1) Diff resources>  2) List of issues addressed>> Below there is a list of names and issue URIs. If your name is> on the list (and in the \"To\" line above), it means that this> draft MAY address the issues that you raised that are listed> below. Each issue URI points to details of the proposal to> address your issue.>> Although the TAG has not yet agreed to these proposals,> I welcome your comments about proposals that concern your> issues; please send those comments to public-webarch-comments@w3.org. In> particular, please indicate whether the text as proposed satisfies you> for that issue or> how it might be edited to satisfy you.>> Thank you,>>  - Ian",
            "docno": "lists-023-15107624",
            "received": "Tue May 11 09:45:05 2004",
            "isoreceived": "20040511134505",
            "sent": "Tue, 11 May 2004 09:42:11 -0400 (EDT)",
            "isosent": "20040511134211",
            "name": "Peter F. Patel-Schneider",
            "email": "pfps@research.bell-labs.com",
            "subject": "Re: 10 May 2004 Editor's Draft of Architecture Document - reviewer  responses requested",
            "id": "20040511.094211.73002602.pfps@research.bell-labs.com",
            "charset": "us-ascii",
            "inreplyto": "1084239111.1435.60.camel&#64;seabright",
            "expires": "-1",
            "to": "ij@w3.org\n",
            "cc": "T.Hammond@elsevier.com,elharo@metalab.unc.edu,dmkarr@earthlink.net,bob.ducharme@lexisnexis.com,dbooth@w3.org,tjg@star.le.ac.uk,patrick.stickler@nokia.com,sandro@w3.org,dom@w3.org,djw@w3.org,jacek.kopecky@systinet.com,duerst@w3.org,stephane@w3.org,kendall@monkeyfist.com,klaskey@mitre.org,Alfred.S.Gilman@IEEE.org,lesch@w3.org,cmsmcq@w3.org,bparsia@isr.umd.edu,gk@ninebynine.org,public-webarch-comments@w3.org,www-tag@w3.org\n"
        },
        {
            "body": "At 04:53 PM 5/11/00 +0900, Martin J. Duerst wrote:>- Because the 'boolean' datatype has four lexical values (true, false,>   1, 0; this is in the spec, no kidding) instead of two lexical values,>   that means that additional effort (at least) is necessary if somebody>   wants to create a schema for some data containing boolean values.Martin, thank you for reminding me about this. I recall you've mentionedthis before and I believe we had an agreement from Michael to do somethingabout ensuring a consistent lexical representation of data types. I can'tfind a URL for that agreement (I think it was sometime last year) but I canfind evidence that the WG was trying to satisfy that requirement (forfloating points at least):3.2.3 - 3.2.5 Lexical notation of floating-point numbers[Where the author requested other notations]AM>> This argument was made by several people but there was a strongAM>> sentiment for a singleAM>> lexical representation.http://lists.w3.org/Archives/Public/www-xml-schema-comments/2000AprJun/0043.htmlHowever, I'm not sure to what extent this is a problem (I'm expressingignorance, not arguing it isn't). If an XML instance uses '0' that issigned, is there and expectation that since the schema permits a 'false' aswell, intermediary processors would change it? I appreciate this mighthappen with character code mappings, but I tend to view schema's asconstraints on permissible values, and not a processor (in the vein ofinfoset/C14N/DOM). (For instance, just because a schema permits anunconstrained string, one wouldn't presume it would change the string ...?)>- If there is some way to express that elements of the same type>   have to appear in a certain order (don't know whether this is in>   the spec or not), this will also help to create schemata that can>   be used to validate data and then feed that data into XML DSig>   without any or without much processing.>>In other words, try to make sure that for appropriately designed>XML Schemas, no additional 'data canonicalization' step is necessary>to sign some data.I don't quite follow. Element of the same element type? Can you give anexample?_________________________________________________________Joseph Reagle Jr.W3C Policy Analyst                mailto:reagle@w3.orgIETF/W3C XML-Signature Co-Chair   http://www.w3.org/People/Reagle/",
            "docno": "lists-044-5194004",
            "received": "Thu May 11 13:00:28 2000",
            "isoreceived": "20000511170028",
            "sent": "Thu, 11 May 2000 13:00:22 -0400",
            "isosent": "20000511170022",
            "name": "Joseph M. Reagle Jr.",
            "email": "reagle@w3.org",
            "subject": "Re: Make it easy to create signable schemas (was: Re: XML    Signature WG's review of XML Schema)",
            "id": "3.0.5.32.20000511130022.009cb910@localhost",
            "charset": "us-ascii",
            "inreplyto": "4.2.0.58.J.20000511143205.00c81ad0&#64;sh.w3.mag.keio.ac.jp",
            "expires": "-1",
            "to": "\"Martin J. Duerst\"<duerst@w3.org>\n",
            "cc": "www-xml-schema-comments@w3.org,\"IETF/W3C XML-DSig WG\"<w3c-ietf-xmldsig@w3.org>,cmsmcq@w3.org\n"
        },
        {
            "body": "I spoke to Michael Sperberg-McQueen about this (as co-Chair of Schema, andas Chair of XMLCG on the the canonical definition of DTD [a]) at EuropeXMLand he agreed to round up a response on both questions.[a] http://lists.w3.org/Archives/Public/w3c-ietf-xmldsig/2001AprJun/0103.htmlMichael, as discussed, can/should [b] be read as defined by SOAP?>  The SOAP 1.1 submission [2] removes the line length limitation in their> use of>Base64; Section 5.4.3 of SOAP reads as follows:>>    The recommended representation of an opaque array of bytes is the>    'base64' encoding defined in XML Schemas [10][11], which uses the>    base64 encoding algorithm defined in 2045 [13]. However, the line>    length restrictions that normally apply to base64 data in MIME do>    not apply in SOAP. A \"SOAP-ENC:base64\" subtype is supplied for use>    with SOAP.[b] http://www.w3.org/TR/xmlschema-2/#base64BinaryAt 08:01 5/24/2001 +0900, Martin Duerst wrote:>After seeing all the discussion, I'm okay with long lines as such.>But there is still the problem that XML Schema doesn't allow that,>because it references RFC 2045 directly, without anything else.>This is a problem on both sides:>>- XML Signature cannot use the XML Schema datatype as it stands>   (and extension or restriction won't work here)>- XML Schema should consider changing their definition of>   Base64 to include longer lines, because it seems that that's>   widely used in practice. Whether that can be done as a corrigendum>   to Schema 1.0 or whether that has to go into Schema 1.1, I don't>   know.>>I have copied www-xml-schema-comments. Schema experts, please see>the other messages in this thread>(http://lists.w3.org/Archives/Public/w3c-ietf-xmldsig/2001AprJun/0183.html).>>Regards,   Martin.>>>At 17:31 01/05/22 -0700, Brian LaMacchia wrote:>>Folks-->>>>Currently, XMLDSIG references RFC 2045 (one of the MIME RFCs) for a>>definition of Base64 encoding/decoding.  (See section 6.8 of [1].)  It>>has been pointed out to me that RFC 2045 *requires* that Base64-encoded>>content have line breaks at least every 76 characters.  Paragraph 6>>reads as follows:>>>>    The encoded output stream must be represented in lines of no more>>    than 76 characters each.  All line breaks or other characters not>>    found in Table 1 must be ignored by decoding software.  In base64>>    data, characters other than those in Table 1, line breaks, and other>>    white space probably indicate a transmission error, about which a>>    warning message or even a message rejection might be appropriate>>    under some circumstances.>>>>I can't see any reason for XMLDSIG to inherit a line-length limitation>>that appears to have been there for mail-specific reasons.  The SOAP 1.1>>submission [2] removes the line length limitation in their use of>>Base64; Section 5.4.3 of SOAP reads as follows:>>>>    The recommended representation of an opaque array of bytes is the>>    'base64' encoding defined in XML Schemas [10][11], which uses the>>    base64 encoding algorithm defined in 2045 [13]. However, the line>>    length restrictions that normally apply to base64 data in MIME do>>    not apply in SOAP. A \"SOAP-ENC:base64\" subtype is supplied for use>>    with SOAP.>>>>I propose that XMLDSIG adopt language similar to SOAP and not require>>applications to insert line breaks at least every 76 characters.>>(Conforming implementation will still accept line-limited encodings>>since they have to ignore any found whitespace in the Base64 string.)>>>>                                         --bal>>>>[1] http://www.ietf.org/rfc/rfc2045.txt>>[2] http://www.w3.org/TR/SOAP/--Joseph Reagle Jr.                 http://www.w3.org/People/Reagle/W3C Policy Analyst                mailto:reagle@w3.orgIETF/W3C XML-Signature Co-Chair   http://www.w3.org/SignatureW3C XML Encryption Chair          http://www.w3.org/Encryption/2001/",
            "docno": "lists-045-5801174",
            "received": "Wed May 30 12:34:59 2001",
            "isoreceived": "20010530163459",
            "sent": "Wed, 30 May 2001 12:34:51 -0400",
            "isosent": "20010530163451",
            "name": "Joseph M. Reagle Jr.",
            "email": "reagle@w3.org",
            "subject": "Re: Base64 &ndash;&ndash; do we really want/need line breaks every 76     characters?",
            "id": "4.3.2.7.2.20010530122557.00b114a8@localhost",
            "charset": "us-ascii",
            "inreplyto": "4.2.0.58.J.20010524075106.034f5ef0&#64;sh.w3.mag.keio.ac.jp",
            "expires": "-1",
            "to": " Martin Duerst<duerst@w3.org>,cmsmcq@w3.org\n",
            "cc": "<w3c-ietf-xmldsig@w3.org>,www-xml-schema-comments@w3.org\n"
        },
        {
            "body": "Ladies and Gentlemen,Having completed the review of its first last call comments and madesubstantive changes to its specifications,  the RDFCore WG is aimingshortly to publish second last call WD's.  There will be 6 documents:rdf primerrdf conceptsrdf/xml syntaxrdf schemardf semanticsrdf test casesRDFCore hopes to publish these documents on 13 Oct 2003 which will besubstantially the same as the current WD's [1] published on 05 Sep 2003.The first last call [2] requested comments specifically from thefollowing groups:XML Core   (handling of xml:base)XML Schema (datatypes solution)URI WG     (handling of xml:base)i18nXMLSIGXHTML      (relating RDF meta data to XHMTL web pages)SVG        (relating RDF meta data to SVG web pages)XMLP       (Carrying RDF over XMLP)P3P        (Social Meaning)WAIRDFIGWEBONTand again we will invite these groups specifically to comment.  I wouldnote however, that the Social Meaning section has been removed from thespecifications. Of course we will welcome comments from all groups.I am writing to ask which groups intend to comment on these 2nd lastcall WDs and how much time they will need.  As an indication of theamount of effort involved, we believe that most of the documents aresubstantially the same as the first last call documents, with the mostextensive changes being in the semantics document.  I am investigatingtools for the creation of HTML diffs to ease the reviewing process, andwould welcome advice from other chairs on appropriate tools to use.RDFCore would like to have a short second last call period (well, whowouldn't) and in an ideal world we would like to close the last callperiod after three weeks on 03 Nov 2003.  We would be grateful if youindicate that you will be able to provide comments in that timeframe.Brian McBrideRDFCore co-chair[1] http://www.w3.org/2001/sw/RDFCore/#documents[2] http://lists.w3.org/Archives/Member/chairs/2003JanMar/0026.html",
            "docno": "lists-023-2491951",
            "received": "Tue Sep 30 11:57:38 2003",
            "isoreceived": "20030930155738",
            "sent": "Tue, 30 Sep 2003 16:42:51 +0100",
            "isosent": "20030930154251",
            "name": "Brian McBride",
            "email": "bwm@hplb.hpl.hp.com",
            "subject": "heads up: RDFCore 2nd last call imminent.",
            "id": "3F79A47B.3040601@hplb.hpl.hp.com",
            "charset": "us-ascii",
            "expires": "-1",
            "to": "chairs@w3.org,lorrie@research.att.com,rigo@w3.org,paul@arbortext.com,lehors@us.ibm.com,cmsmcq@w3.org,public-uri-cg@w3.org, Martin Duerst<duerst@w3.org>,\"Richard Ishida\"<ishida@w3.org>,reagle@w3.org,dee3@torque.pothole.com,mimasa@w3.org,chris@w3.org,fallside@us.ibm.com,jbrewer@w3.org, Jim Hendler<hendler@cs.umd.edu>, Guus Schreiber<schreiber@cs.vu.nl>\n",
            "cc": " Dan Brickley<danbri@w3.org>, semweb cg<w3c-semweb-cg@w3.org>\n"
        },
        {
            "body": "If you are intending to attend Core or GEO task force FTF meetings inMarch at Boston, please register asap for the Technical Plenary (seebelow).Thanks,RI============Richard IshidaW3Ctel: +44 1753 480 292http://www.w3.org/International/http://www.w3.org/People/Ishida/-----Original Message-----From: w3t-request@w3.org [mailto:w3t-request@w3.org] On Behalf Of Amyvan der HielSent: 30 December 2002 19:18djweitzner@w3.org; jbrewer@w3.org; danield@w3.org; timbl@w3.orgSubject: All Group Meeting/Tech Plenary Registration openDear Chairs:Registrationhttp://cgi.w3.org/Register/selectUser.pl?_w3c_meetingName=TPMar03 is nowopen for the 2003 All Group Meeting and Technical Plenaryhttp://www.w3.org/2002/10/allgroupoverview.html.Please ask your groups register for the meeting as soon as possible sothat we can have accurate information for planning.   The discount roomrate at the Sonesta Hotel expires on Saturday 1 February 2003.Please send any questions and comments to tpregister@w3.org.  Thanksvery much.Regards,Amy--Amy van der Hielamy@w3.orgW3C/MIT 200 Technology Square, Cambridge, MA 02139 USAtelephone: +1.617.253.5628  fax: +1.617.258.5999",
            "docno": "lists-016-0050117",
            "received": "Mon Jan  6 10:06:05 2003",
            "isoreceived": "20030106150605",
            "sent": "Mon, 6 Jan 2003 15:04:47 0000",
            "isosent": "20030106150447",
            "name": "Richard Ishida",
            "email": "shida@w3.org",
            "subject": "I18N FTF / Tech Plenary Registration",
            "id": "001b01c2b594$f457feb0$d901000a@w3c40upc3ma3j2",
            "charset": "usascii",
            "expires": "1",
            "to": " chairs@w3.org; w3t-tpregister@w3.org\n",
            "cc": " w3t@w3.org; cmsmcq@w3.org; quint@w3.org; ph@w3.org;\n"
        },
        {
            "body": "/ \"C. M. Sperberg-McQueen\" <cmsmcq@acm.org> was heard to say:| 2.2. Node identity||     Sections 3.1 and 3.2 raise the question of node identity and stable|     ordering.|     Does a node maintain its identity on being modified? on being added to|     another tree? If so, wouldn't its ordering change?Nodes in the data model are not modified or moved. They must be copied.Therefore their neither their identity nor their ordering can ever change.Be seeing you,norm--Norman.Walsh@Sun.COM / XML Standards Architect / Sun Microsystems, Inc.NOTICE: This email message is for the sole use of the intendedrecipient(s) and may contain confidential and privileged information.Any unauthorized review, use, disclosure or distribution is prohibited.If you are not the intended recipient, please contact the sender byreply email and destroy all copies of the original message.",
            "docno": "lists-019-11200649",
            "received": "Thu Apr  1 17:29:21 2004",
            "isoreceived": "20040401222921",
            "sent": "Thu, 01 Apr 2004 17:28:21 -0500",
            "isosent": "20040401222821",
            "name": "Norman Walsh",
            "email": "Norman.Walsh@Sun.COM",
            "subject": "Re: XML Schema WG comments on Data Model",
            "id": "87isgj5o56.fsf@nwalsh.com",
            "inreplyto": "5.1.0.14.1.20030801134435.02fe5d70&#64;localhost",
            "expires": "-1",
            "to": "public-qt-comments@w3.org\n",
            "cc": "\"C. M. Sperberg-McQueen\"<cmsmcq@w3.org>\n"
        },
        {
            "body": "<martin>Not necessarily, but that may well happen. We already seein the DSig group that people want to use the DOM, anddon't want to keep around e.g. whether an attribute wassingle-quoted or double-quoted. As we move up the semanticladder (well, it feels more like a very flat slope, butthat's a different issue), exactly the same will veryeasily happen one step higher.</martin><john>Actually, I'm pretty sure we would argue that if you want to schemanormalize an XML document, then you would need another transform for that.Whether we define such a transform in this version of the spec is a decisionof the chairs.John BoyerSoftware Development ManagerPureEdge Solutions Inc. (formerly UWI.Com)Creating Binding E-Commercejboyer@PureEdge.com</john>>I appreciate this might>happen with character code mappings, but I tend to view schema's as>constraints on permissible values, and not a processor (in the vein of>infoset/C14N/DOM).Constraints on permissible values is one function, and probablythe most important one the way the spec is written. But for datatypes,the 'infoset' aspect is already there, and C14N is what we arejust discussing here, and would be very very easy to add at thispoint in time compared to having to start another group,...in a few months. Something like DOM is not done yet, butconversion from data to XML streaming and back is animportant application of XML Schema, probably the most importantone.>(For instance, just because a schema permits an>unconstrained string, one wouldn't presume it would change the string ...?)There is a clear difference between changing the value,and producing a different lexical representation for thesame value. Changing from 0 to false is the later,changing the string is the former.>  >- If there is some way to express that elements of the same type>  >   have to appear in a certain order (don't know whether this is in>  >   the spec or not), this will also help to create schemata that can>  >   be used to validate data and then feed that data into XML DSig>  >   without any or without much processing.>  >>  >In other words, try to make sure that for appropriately designed>  >XML Schemas, no additional 'data canonicalization' step is necessary>  >to sign some data.>>I don't quite follow. Element of the same element type? Can you give an>example?Well, let's assume you have a list of students, with student id,birthday, and a boolean for 'male' (gender). The task is toproduce a signable XML document from this data. In order forthe sign to be reproducable, the XML document has to be exactlythe same for the same data. Assuming that the structure lookssomething like<student><id>...</id><birthday>date</birthday><male>boolean</male></student>......and is described as an XML Schema, the 'missing pieces' for theabove task are to make sure the students are always in the sameorder (e.g. by id) and that date and boolean are always ina canonical form (and of course that the underlying XML isin C14N).Probably the above is not the most appropriate example, but I hopeyou get the idea.Regards,  Martin.",
            "docno": "lists-044-5324928",
            "received": "Fri May 12 12:42:15 2000",
            "isoreceived": "20000512164215",
            "sent": "Fri, 12 May 2000 09:42:08 -0700",
            "isosent": "20000512164208",
            "name": "John Boyer",
            "email": "jboyer@PureEdge.com",
            "subject": "RE: Make it easy to create signable schemas (was: Re: XML      Signature WG's review of XML Schema)",
            "id": "BFEDKCINEPLBDLODCODKGEMACCAA.jboyer@PureEdge.com",
            "charset": "us-ascii",
            "inreplyto": "4.2.0.58.J.20000512162351.00bc1e70&#64;sh.w3.mag.keio.ac.jp",
            "expires": "-1",
            "to": "\"Martin J. Duerst\"<duerst@w3.org>,\"Joseph M. Reagle Jr.\"<reagle@w3.org>\n",
            "cc": "<www-xml-schema-comments@w3.org>,\"IETF/W3C XML-DSig WG\"<w3c-ietf-xmldsig@w3.org>,<cmsmcq@w3.org>\n"
        },
        {
            "body": "Hello,In preparation for the TAG's face-to-face meeting this week, I'vemade available the 10 May 2004 Editor's Draft of the ArchitectureDocument:http://www.w3.org/2001/tag/2004/webarch-20040510/This draft supersedes the 7 May draft; I incorporated a few extrachanges I had wanted to make based on TAG resolutions.The remainder of this email includes information about:1) Diff resources2) List of issues addressedBelow there is a list of names and issue URIs. If your name ison the list (and in the \"To\" line above), it means that thisdraft MAY address the issues that you raised that are listedbelow. Each issue URI points to details of the proposal toaddress your issue.Although the TAG has not yet agreed to these proposals,I welcome your comments about proposals that concern yourissues; please send those comments to public-webarch-comments@w3.org. Inparticular, please indicate whether the text as proposed satisfies youfor that issue orhow it might be edited to satisfy you.Thank you,- Ian================1 Diff resources================This draft consists of a number of proposals to address LastCall issues; the TAG has not yet reviewed these proposals.Here is an annotated Last Call draft with proposals listed inline:http://www.w3.org/2001/tag/2003/lc1209/webarchWithProposals.htmlNote: The annotated draft does not show all proposed edits,only those corresponding directly to an issue.----------------Diff files (only useful for parts of the document):Diff between the 7 May and 10 May drafts:http://www.w3.org/2001/tag/2004/webarch-20040510/diff-20040507Diff between the 10 May draft and the Last Call draft:http://www.w3.org/2001/tag/2004/webarch-20040510/diff-20031209----------------Lists of changes:Changes between the Last Call draft and the 7 May draft:http://www.w3.org/2001/tag/webarch/changes#changes-20040510Changes between the 7 May draft and the 10 May draft:http://www.w3.org/2001/tag/webarch/changes#changes-20040507==================2 Issues addressed==================This draft includes proposals to address the following Last Callissues:a) From Tony Hammondhttp://www.w3.org/2001/tag/2003/lc1209/issues.html#hammond2b) From Elliotte Rusty Haroldhttp://www.w3.org/2001/tag/2003/lc1209/issues.html#harold1c) From David Karrhttp://www.w3.org/2001/tag/2003/lc1209/issues.html#karr1d) From Bob DuCharmehttp://www.w3.org/2001/tag/2003/lc1209/issues.html#ducharme1e) From David Boothhttp://www.w3.org/2001/tag/2003/lc1209/issues.html#booth2http://www.w3.org/2001/tag/2003/lc1209/issues.html#booth3f) From Tim Goodwinhttp://www.w3.org/2001/tag/2003/lc1209/issues.html#goodwin1g) From Patrick Sticklerhttp://www.w3.org/2001/tag/2003/lc1209/issues.html#stickler1http://www.w3.org/2001/tag/2003/lc1209/issues.html#stickler2http://www.w3.org/2001/tag/2003/lc1209/issues.html#stickler3http://www.w3.org/2001/tag/2003/lc1209/issues.html#stickler5http://www.w3.org/2001/tag/2003/lc1209/issues.html#stickler6http://www.w3.org/2001/tag/2003/lc1209/issues.html#stickler7http://www.w3.org/2001/tag/2003/lc1209/issues.html#stickler9http://www.w3.org/2001/tag/2003/lc1209/issues.html#stickler10I did not incorporated the following editorial suggestionsfrom Patrick:Section 3.2, para 1, last sentence:Consider changing to \"A message may even include metadataabout the message itself (for message-integrity checks, forinstance).Section 3.3.1, last para, last sentence:This last sentence could either be removed orclarified/reworked.h) From Peter Patel-Schneiderhttp://www.w3.org/2001/tag/2003/lc1209/issues.html#pps1i) From Sandro Hawkehttp://www.w3.org/2001/tag/2003/lc1209/issues.html#hawke2http://www.w3.org/2001/tag/2003/lc1209/issues.html#hawke3http://www.w3.org/2001/tag/2003/lc1209/issues.html#hawke4http://www.w3.org/2001/tag/2003/lc1209/issues.html#hawke7http://www.w3.org/2001/tag/2003/lc1209/issues.html#hawke8http://www.w3.org/2001/tag/2003/lc1209/issues.html#hawke9http://www.w3.org/2001/tag/2003/lc1209/issues.html#hawke10I did not implement the suggestion that the media type forthe first example be changed from \"application/xhtml+xml\"to the simpler \"text/html\" (although I did fix the graphicand text to be consistent).j) From Dominique Hazael-Massieuxhttp://www.w3.org/2001/tag/2003/lc1209/issues.html#dhm1http://www.w3.org/2001/tag/2003/lc1209/issues.html#dhm2http://www.w3.org/2001/tag/2003/lc1209/issues.html#dhm5http://www.w3.org/2001/tag/2003/lc1209/issues.html#dhm6http://www.w3.org/2001/tag/2003/lc1209/issues.html#dhm7k) From Danny Weitznerhttp://www.w3.org/2001/tag/2003/lc1209/issues.html#weitzner1l) From Jacek Kopeckyhttp://www.w3.org/2001/tag/2003/lc1209/issues.html#kopecky1http://www.w3.org/2001/tag/2003/lc1209/issues.html#kopecky6I did not adjust the definition of \"Link\" in the term index.m) From Martin Duersthttp://www.w3.org/2001/tag/2003/lc1209/issues.html#duerst1n) From the Device Independence Working Group[Stephane Boyera addressed here]http://www.w3.org/2001/tag/2003/lc1209/issues.html#diwg2http://www.w3.org/2001/tag/2003/lc1209/issues.html#diwg3o) From Kendall Clarkhttp://www.w3.org/2001/tag/2003/lc1209/issues.html#clark5http://www.w3.org/2001/tag/2003/lc1209/issues.html#clark7http://www.w3.org/2001/tag/2003/lc1209/issues.html#clark8http://www.w3.org/2001/tag/2003/lc1209/issues.html#clark11http://www.w3.org/2001/tag/2003/lc1209/issues.html#clark12p) From Ken Laskeyhttp://www.w3.org/2001/tag/2003/lc1209/issues.html#laskey1q) From Al Gilmanhttp://www.w3.org/2001/tag/2003/lc1209/issues.html#gilman1r) From Susan Leschhttp://www.w3.org/2001/tag/2003/lc1209/issues.html#lesch1s) From the XML Schema Working Group[Michael Sperberg-McQueen addressed here]http://www.w3.org/2001/tag/2003/lc1209/issues.html#schema1http://www.w3.org/2001/tag/2003/lc1209/issues.html#schema4http://www.w3.org/2001/tag/2003/lc1209/issues.html#schema15http://www.w3.org/2001/tag/2003/lc1209/issues.html#schema17http://www.w3.org/2001/tag/2003/lc1209/issues.html#schema18http://www.w3.org/2001/tag/2003/lc1209/issues.html#schema19http://www.w3.org/2001/tag/2003/lc1209/issues.html#schema20http://www.w3.org/2001/tag/2003/lc1209/issues.html#schema21For schema4, the Schema WG asked for a stronger statementalong the lines of \"Don't use content negotiation\", which Idid not add.For schema21 (editorial issues), I did not address these points:[3.5.1] We are surprised to not see a best practicerecommendation here.[4.5.3] (And elsewhere) If namespace prefixes are used, thereshould be a table indicating their bindings to URIs.[4.5.6] and [4.5.8] highlight a lot of problems, but make norecommendations about what to do about them.t) From Michael Sperberg-McQueenhttp://www.w3.org/2001/tag/2003/lc1209/issues.html#msm2http://www.w3.org/2001/tag/2003/lc1209/issues.html#msm3I did not remove the shadow from the illustration as Michaelrecommended.u) From Bijan Parsiahttp://www.w3.org/2001/tag/2003/lc1209/issues.html#parsia20v) From Graham Klynehttp://www.w3.org/2001/tag/2003/lc1209/issues.html#klyne1http://www.w3.org/2001/tag/2003/lc1209/issues.html#klyne11http://www.w3.org/2001/tag/2003/lc1209/issues.html#klyne12--Ian Jacobs (ij@w3.org)   http://www.w3.org/People/JacobsTel:                     +1 718 260-9447",
            "docno": "lists-023-15071187",
            "received": "Mon May 10 21:33:45 2004",
            "isoreceived": "20040511013345",
            "sent": "Mon, 10 May 2004 21:31:51 -0400",
            "isosent": "20040511013151",
            "name": "Ian B. Jacobs",
            "email": "j@w3.org",
            "subject": "10 May 2004 Editor's Draft of Architecture Document - reviewer responses requested",
            "id": "1084239111.1435.60.camel@seabright",
            "expires": "-1",
            "to": ".Hammond@elsevier.com,elharo@metalab.unc.edu,dmkarr@earthlink.net,bob.ducharme@lexisnexis.com,dbooth@w3.org,tjg@star.le.ac.uk,patrick.stickler@nokia.com,pfps@research.bell-labs.com,sandro@w3.org,dom@w3.org,djw@w3.org,jacek.kopecky@systinet.com,duerst@w3.org,stephane@w3.org,kendall@monkeyfist.com,klaskey@mitre.org,Alfred.S.Gilman@IEEE.org,lesch@w3.org,cmsmcq@w3.org,bparsia@isr.umd.edu,gk@ninebynine.org\n",
            "cc": "public-webarch-comments@w3.org,www-tag@w3.org\n"
        },
        {
            "body": ">Resent-Date: Tue, 14 Jan 2003 13:50:07 -0500 (EST)>X-Sender: amy@localhost>X-Mailer: QUALCOMM Windows Eudora Version 5.0>Date: Tue, 14 Jan 2003 13:49:36 -0500>To: chairs@w3.org, tpregister@w3.org>From: Amy van der Hiel <amy@w3.org>>Cc: cmsmcq@w3.org, quint@w3.org, ph@w3.org, jweitzner@w3.org, jbrewer@w3.org,>         danield@w3.org, timbl@w3.org>Subject: Tech Plenary registration/ hotel reservations>X-Archived-At:>http://www.w3.org/mid/5.0.0.25.2.20030114125737.018c8828@localhost>Resent-From: chairs@w3.org>X-Mailing-List: <chairs@w3.org> archive/latest/2354>X-Loop: chairs@w3.org>Sender: chairs-request@w3.org>Resent-Sender: chairs-request@w3.org>List-Id: <chairs.w3.org>>List-Help: <http://www.w3.org/Mail/>>List-Unsubscribe: <mailto:chairs-request@w3.org?subject=unsubscribe>>X-MailScanner: Found to be clean>>Dear Chairs>>If you plan to attend, please remind your groups to register for the All>Group Meeting and Technical Plenary, 3-7 March 2003.>>To see a list of those people who have already registered, go to>http://cgi.w3.org/Register/selectUser.pl?_w3c_special=listRegistrants&_w3c_meetingName=TPMar03.>Note: we will start forwarding you the lists of group meeting registrants>and observer requests later in the month.>>Please be aware that the discount rate at the Royal Sonesta Hotel ($140>+tax) expires on 1 February 2003. The fax registration form is at:>http://www.w3.org/Member/Meeting/2003tp/March/hotelform.html. Further>information is available on the meeting page>http://www.w3.org/2002/10/allgroupoverview.html.>>If you have any questions, please contact us at tpregister@w3.org.>>Thanks very much.>>Regards,>Amy>>>-->>Amy van der Hiel>amy@w3.org>W3C/MIT 200 Technology Square, Cambridge, MA 02139 USA>telephone: +1.617.253.5628  fax: +1.617.258.5999",
            "docno": "lists-052-10283012",
            "received": "Wed Jan 15 05:01:28 2003",
            "isoreceived": "20030115100128",
            "sent": "Wed, 15 Jan 2003 08:04:03 +0000",
            "isosent": "20030115080403",
            "name": "Brian McBride",
            "email": "bwm@hplb.hpl.hp.com",
            "subject": "Fwd: Tech Plenary registration/ hotel reservations",
            "id": "5.1.0.14.0.20030115080353.0327e9d8@localhost",
            "charset": "us-ascii",
            "expires": "-1",
            "to": " rdf core<w3c-rdfcore-wg@w3.org>\n"
        }
    ]
}