{
    "id": "candidate-0072",
    "name": "H\u00e5kon Wium Lie",
    "gender": "MALE",
    "email": "howcome@opera.com",
    "mails": [
        {
            "body": "Hakon,I would like to thank you for your last call review of the User Agentguidelines.  I know you have been in discussion recently with Ian about theCandidate Recommendation version of the guidelines and that you haveconcerns with the current requirement for full implementation of DOM.  Ihope that you will continue your discussions with Ian and I would also liketo invite you to a special meeting on the DOM issues with AT vendors on 18Feburary 2000.  If you cannot make that meeting, would you be able to makeany other meetings in February? We would block a section of time to discussyour concerns with the current DOM requirements in the UA guidelines.  Thegroup typically meets on Thursdays from 2:00-3:30pm (EST USA).Would you be able to make the special meeting on 18 February or anothermeeting this month?Thank you for your help in developing the guidelines,JonJon Gunderson, Ph.D., ATPCoordinator of Assistive Communication and Information TechnologyChair, W3C WAI User Agent Working GroupDivision of Rehabilitation - Education ServicesCollege of Applied Life StudiesUniversity of Illinois at Urbana/Champaign1207 S. Oak Street, Champaign, IL  61820Voice: (217) 244-5870Fax: (217) 333-0248E-mail: jongund@uiuc.eduWWW: http://www.staff.uiuc.edu/~jongundWWW: http://www.w3.org/wai/ua",
            "docno": "lists-084-1088594",
            "received": "Mon Jan 31 17:08:08 2000",
            "isoreceived": "20000131220808",
            "sent": "Mon, 31 Jan 2000 16:05:47 -0600",
            "isosent": "20000131220547",
            "name": "Jon Gunderson",
            "email": "jongund@ux1.cso.uiuc.edu",
            "subject": "Tenative meeting on the DOM with AT vendors for the User Agent   Guidelines",
            "id": "4.1.20000131155619.0147f8b0@staff.uiuc.edu",
            "charset": "us-ascii",
            "expires": "-1",
            "to": "howcome@opera.com\n",
            "cc": " Charles McCathieNevile<charles@w3.org>,ij@w3.org,w3c-wai-ua@w3.org\n"
        },
        {
            "body": "2:01 AM 02-12-99 +0100, H?kon Wium Lie wrote:> > Allow the user to change and control the input configuration. Users> > should be able to activate a functionality with a single-stroke (e.g.,> > single-key, single voice command, etc.). [Priority?2]>I would suggest reversing the priorties here -- it's more important>that the UA supports (say) single-key functionality than that it>supports an API for changing the UI.HiThere are enough keys to make all common browser commands 1 key commands.Opera uses the main alphanumeric key area of keyboards to do it. Pleasevisit Opera's keyboard command page http://www.opera.com/keyboard.html Thesoftware keyboard Mouse, \"Mouse Keys\" (which turns NumPad into 1 keystrokemouse commands), is a prime example of using keyboards in a different mannerto give people with physical disabilities a usable command structure.Moreover \"Mouse Keys\" proves that such innovation doesn't bother & perhapsisn't even know to regular users because it can be turned On & Off orTime-out itself. It isn't that the resources (in this case available keys)don't exist, it feels like an unknown prevents imaginative steps to be takento truly enhance Web usability for people with disabilities. To illustratewhat can be with the main keyboard area an example of 1 key commands for Webnavigation follow below.Regards,Bryan->\"Cyberspace dwarfs all outer space because cyberspace is only limited byhuman imagination!\"---In keyboard driven browsing the page control keys just right of ENTER areimportant so the Web navigation keys should be around ENTER [which gets alink]. The enhanced keyboard is huge for anyone using just 1 digit, be ithead or hand; & key combinations add tiring, extra work while individualkeys go unused. Example: SHIFT-TAB to get the previous Anchor means 2keystrokes which is hard as I'm unsteady (To get an idea of what how somefolks work put the keyboard Repeat Delay to very short & Repeat rate to veryfast, key combinations become a huge challenge, to say the least) & apt tomiss the desired link so it can take 4 keystrokes to pick a link. Just asPage Up & Down are paired on the Keypad area Web navigation controls must bepaired on the main keyboard (Less movement around keyboards helps folks withmuscle degeneration as they tend to have slow or reduced mobility).Some pairs I mean are move Anchor highlight up & down & next page & back toprevious page. Vertical or horizontal pairing might provide a cue about whatmovement occurs,perhaps a UI designer could comment. BACKSPACE for page back & the \"=\" keyfor page ahead. The \"[\" key for Anchor up and \";\" key for down [this is onlyfor links]. Form boxes should be selected via TAB & SHIFT-TAB, for limiteduse a key combo is fine because it actually lessens chances users get intoan unwanted mode. Using O or Zero seems too confusing so lets use 9 forPrevious Frame & I as Next Frame [& Anchor movements should cycle within aFrame, not the whole page]. DHTML Layers K as Up & \",\" as Down with U toActivate events. The 9, I, K, & \",\" keys are roughly in line vertically yetkey rows are offset so its harder to slide up or down then left or right,where the sides of keys fully in line making a mistaken push easier. BecauseFrames & Layers divide pages up it would help if browsers used sound filesto say Frames &/or Layers are on a page. Moving between HTML Headings hasn'tbeen too helpful as many Web pages are non-linear so Headings doesn'tresemble Pg-Down command to get to a lower sub-section, H & N will do.",
            "docno": "lists-083-7204322",
            "received": "Fri Dec  3 17:19:30 1999",
            "isoreceived": "19991203221930",
            "sent": "Fri, 03 Dec 1999 17:16:31 -0500",
            "isosent": "19991203221631",
            "name": "Bryan Campbell",
            "email": "bryany@pathcom.com",
            "subject": "Re: WD-WAI-USERAGENT-19991105 review",
            "id": "2.2.32.19991203221631.00673f94@mail.pathcom.com",
            "charset": "iso-8859-1",
            "inreplyto": "WD-WAI-USERAGENT-19991105 review",
            "expires": "-1",
            "to": " H?kon Wium Lie<howcome@opera.com>,.w3c-wai-ua@w3.org\n"
        },
        {
            "body": "I think that dropping the requirement for the write functionality of DOM maybe appropriate. Although I believe that some tools write to the DOM torestructure a page for more appropriate presentation. If we drop therequirement to support DOM write functions do we destroy compatibility withthose assistive technologies, and do I understand the way they are workingcorrectly?There is a broader question of whether the DOM is indeed something that needsto be implemented, or whether it is sufficient to implement an interface,with the use of DOM in particular being a lower priority.cheersCharles McCNOn Fri, 3 Dec 1999, Gregory J. Rosmaita wrote:aloha, h?kon!thank you for your extremely valuable and insightful comments on the Last Calldraft of the User Agent Accessibility Guidelines...in your review, you noted:quoteAdding support for DOM effectively turns a browser into an editor.This is often beneficial, but in memory-constrained enviroments it isoften impossible. By making this Priority 1, a whole segment of UAswill fail conformance and might therefore pay less attention to theGuidelines in general. I suggest changing it to Priority 2 and limitthe requirement fo the read (i.e. not write) portions of the DOM.I suggest changing all sections in Guidline 5 to reflect this.unquotewhile your point is very well taken, i would like to propose a median solution:retain Priority 1 for the read portions of the DOM and Priority 2 for the writeportions...  this could be accomplished either by splitting the checkpoint in2, or by simply listing the priority level as P1 for read functions and P2 forwrite functions...gregory.--------------------------------------------------------He that lives on Hope, dies farting-- Benjamin Franklin, Poor Richard's Almanack, 1763--------------------------------------------------------Gregory J. Rosmaita <unagi69@concentric.net>WebMaster and Minister of Propaganda, VICUG NYC<http://www.hicom.net/~oedipus/vicug/index.html>----------------------------------------------------------Charles McCathieNevile    mailto:charles@w3.org  phone: +61 409 134 136W3C Web Accessibility Initiative                    http://www.w3.org/WAI21 Mitchell Street, Footscray, VIC 3011,  Australia (I've moved!)",
            "docno": "lists-083-6963946",
            "received": "Fri Dec  3 03:41:00 1999",
            "isoreceived": "19991203084100",
            "sent": "Fri, 3 Dec 1999 03:40:56 -0500 (EST)",
            "isosent": "19991203084056",
            "name": "Charles McCathieNevile",
            "email": "charles@w3.org",
            "subject": "Re: WD-WAI-USERAGENT-19991105 review",
            "id": "Pine.LNX.4.20.9912030335400.28860-100000@tux.w3.org",
            "charset": "ISO-8859-1",
            "inreplyto": "4.1.19991203003320.00a546b0&#64;pop3.concentric.net",
            "expires": "-1",
            "to": "\"Gregory J. Rosmaita\"<unagi69@concentric.net>\n",
            "cc": " H?kon Wium Lie<howcome@opera.com>, User Agent Guidelines Emailing List<w3c-wai-ua@w3.org>\n"
        },
        {
            "body": "-----Original Message-----From: Henry Holtzman [mailto:holtzman@mit.edu]Sent: Tuesday, July 09, 2002 7:28 AMSubject: RE: rfc2396 versus rfc1808 issue....Dear Sirs,rfc2396 specifies a different browser behavior from rfc1808 in aparticularsituation that I believe may be unintentional.  IE & Netscape implementtherfc1808 behavior while Opera implements the rfc2396 behavior.  AsappendixG of rfc2396 makes no mention of this change, we would appreciate youropinion on the matter.In rfc1808, when the relative URL has no path component, but has afragmentor a query, the client is supposed to skip step 6 of forming theabsoluteURI.  In step 6, among other things, the base URI is stripped of allcharacters beyond the final \"/\".In rfc2396, when the relative URI has no path and has a fragment, it isspecified that processing should be stopped as no new document should beloaded, but rather navigation within the document is specified.  Thischange is explained in appendix G.However, when there is no path component, but there is a querycomponent,processing continues.  The instruction to skip stripping thepost-final-/-characters is gone in rfc2396, which means that the finalpartof the base URI is stripped and so the query is not performed on thesamepage as was loaded (unless that page's URI ended with a \"/\".  Was thischange between rfc1808 and rfc2396 intended?The following small php application illustrates the issue. You can runitat http://www.media.mit.edu/opera/r-url.php.  You will note that Opera(6.03) behaves very differently from Netscape and IE when executing thispage. With IE and Netscape, you can navigate within the application.WithOpera, when you click on the links within the app, you get an index pageofthe directory containing the app.It is my belief that the final characters should *not* be stripped, andthat rfc2396 should be amended to skip the stripping in the case of arelative URI with only a query component.Thank you for your attention,Henry Holtzman, MIT Media Lab<html><head><title>Example application using empty path relative URLs</title></head><body><h4>Example application using empty path relative URLs</h4><?php if ($action==\"here\") { ?>Thank you for clicking here!<br><br><?php } else if ($action==\"there\") { ?>Hey, you weren't supposed to click there!<br><br><?php } ?>Please click <a href=\"?action=here\">here</a>.<br>Please do not click <a href=\"?action=there\">there</a>.<br><br>Thank you.</body></html>--------",
            "docno": "lists-036-0977877",
            "received": "Tue Jul  9 11:23:56 2002",
            "isoreceived": "20020709152356",
            "sent": "Tue, 9 Jul 2002 08:24:05 -0700",
            "isosent": "20020709152405",
            "name": "Larry Masinter",
            "email": "LMM@acm.org",
            "subject": "FW: rfc2396 versus rfc1808 issue",
            "id": "000101c2275c$a9ed4950$6ace8642@masinter",
            "charset": "us-ascii",
            "inreplyto": "fc2396 versus rfc1808 issue",
            "expires": "-1",
            "to": " Larry Masinter\n",
            "cc": " Roy Fielding; 'Tim Berners-Lee'; howcome@opera.com\n"
        },
        {
            "body": "Enclosed are my notes from reviewing WD-WAI-USERAGENT-19991105The document is important. Hopefully it will be able to turn anegative trend -- the web is less accessible today than it was fiveyears ago.One general comment before proceeding to more specific issues: I thinkthe document puts too much emphasis on UAs supporting various APIsrelative to the UAs enhancing accessibility itself.For example, section 5.3 states:> Provide programmatic read and write access to user agent> functionalities and user interface controls. [priority 1]and section 10.3 states:> Allow the user to change and control the input configuration. Users> should be able to activate a functionality with a single-stroke (e.g.,> single-key, single voice command, etc.). [Priority?2]I would suggest reversing the priorties here -- it's more importantthat the UA supports (say) single-key functionality than that itsupports an API for changing the UI.> 5.6 Conform to W3C Document Object Model specifications and export> interfaces defined by those specifications. [Priority?1]Adding support for DOM effectively turns a browser into an editor.This is often beneficial, but in memory-constrained enviroments it isoften impossible. By making this Priority 1, a whole segment of UAswill fail conformance and might therefore pay less attention to theGuidelines in general. I suggest changing it to Priority 2 and limitthe requirement fo the read (i.e. not write) portions of the DOM.I suggest changing all sections in Guidline 5 to reflect this.> 6.2 Conform to W3C specifications when they> are appropriate for a task. [Priority?2]> For instance, for markup, implement [HTML40] or [XML]. For style> sheets, implement [CSS1], [CSS2], or XSL.XSL is not a W3C Recommendation and although it may turn into one someday, it is bad practice to include forward references in aspecification. XSLT is a W3C Recommendation, but it's a transformationlanguage with no concept of style and therefore does not fall into thecategory of style sheet languages.Regards,-h&konChief Technology Officer                                Opera SoftwareH?kon Wium Lie                     http://www.opera.com/people/howcomehowcome@opera.com                                gets you there faster",
            "docno": "lists-083-6686593",
            "received": "Wed Dec  1 18:04:21 1999",
            "isoreceived": "19991201230421",
            "sent": "Thu, 2 Dec 1999 00:01:56 +0100 (MET)",
            "isosent": "19991201230156",
            "name": "H?kon Wium Lie",
            "email": "howcome@opera.com",
            "subject": "WD-WAI-USERAGENT-19991105 review",
            "id": "199912012301.AAA09313@stovner.sys.sol.no",
            "charset": "iso-8859-1",
            "expires": "-1",
            "to": "w3c-wai-ua@w3.org\n"
        },
        {
            "body": "Dear Chairs,On behalf of the User Agent Guidelines Working Group [1], I ampleased to announce the publication of the \"User AgentAccessibility Guidelines 1.0\" Last Call Working Draft.The document address is:http://www.w3.org/TR/1999/WD-WAI-USERAGENT-19991105The Last Call review period will end 1 December 1999. Pleasesend review comments before that date to w3c-wai-ua@w3.org (archivesavailable at [2]).At their 3 November 1999 teleconference [3], the User Agent GuidelinesWorking Group decided to move the UA Guidelines to Last Call. Bymoving to last call, the Working Group asserts that ithas met the requirement of its charter [7] \"to complete thedevelopment of user agent accessibility guidelines addressingaccessibility of graphical, voice, and text browsers, multimediaplayers, and third-party assistive technologies which work inconjunction with browsers and multimedia players.\"The Working Group has also published a \"Techniques Document\" thatexplains different ways to satisfy the requirements of the Guidelines.Comments on this document are also welcome, although it is notin Last Call. The Working Group does not anticipate movingthe Techniques Document to Recommendation. When and if theGuidelines become a Recommendation, the Techniques Document willbecome a W3C Note. The Techniques Document published at thesame time as the Last Call Guidelines is:http://www.w3.org/TR/1999/WD-WAI-USERAGENT-TECHS-19991105The list of changes to the Guidelines [8] and the WG's issueslist [9] are available on the Web.QUESTIONS AND ISSUESIn your review, please consider the following questions and issues:1) Do you understand the Guidelines and Checkpoints or do they needclarification?2) Do you find the documents (Guidelines and Techniques) themselvesusable? Can you find what you are looking for?3) Two checkpoints [numbers here] require user agents to makeavailable to users information about the current inputconfiguration (e.g., keyboard input). These checkpointshave been assigned different priorities: Priority 1 foruser-specified configuration and Priority 2 forauthor-specified configuration (e.g., access keys). The WorkingGroup did not reach consensus on whether these two checkpointsshould be merged into a single checkpoint, and what the priorityof such a checkpoint would be.4) Checkpoint 6.1 (Priority 1) asks user agents to implement theaccessibility features of supported specifications.In the Authoring Tool Guidelines Proposed Recommendation,checkpoints that refer tocontent accessibility do so by \"Relative Priority\". This means thatthe priority of the checkpoint in the UAGL depends on how muchyou wish to conform to the Web Content Accessibility Guidelines[6]. There has been a suggestion to make 6.1 a checkpoint witha Relative Priority rather than Priority 1. The Working Groupdid not reach consensus on whether the burden of doing so(complicating the priority definition) outweighed the benefitof consistency among the three sets of Guidelines. Also, it isnot clear that a Priority 3 requirement in WCAG would always bea Priority 3 requirement in UAGL (i.e., it may be more importantto implement   a feature than for the author to supply it).Comments on the proposal to make 6.1 a Relative Prioritycheckpoint are welcome.DEPENDENCIES AND REVIEWThe Working Group thanks all who have contributed to theGuidelines and Techniques document. The Working Group alsothanks in advance those people who have committedto reviewing [4] the Last Call Working Draft:1.Jim Fruchterman2.Doug Geoffray3.Ben Wiess4.T.V. Raman5.Fraser Shein6.Bryan Campbell7.Peter Korn8.Lakespur Roca9.Earl Johnson10.Mike Paciello11.Janina Sajka12.Liam Quinn13.Eric Freese14.George Madaus15.John Gardner16.Gregg Vanderheiden17.Markku T. Hakkinen18.Geoff Freed19.Patrick Sheehan20.Richard Primack21.H?kon Wium Lie22.Chuck HitchcockAll Group Chairs are also invited to send their comments tothe above address.The Working Group has identified dependencies with the following W3CWorking Groups and requests review from them. Even if reviewis not possible, we request that the Chairs listed belowannounce their review intentions to w3c-wai-ua (a public mailing list).1) WAI Protocols & Formats WGCo-Chairs: Al Gilman and Daniel DardaillerUAWG provides input on accessibility requirements with regard toW3C technologies for which PFWG manages dependencies.2) WAI Web Content Accessibility Guidelines WGCo-Chairs: Chuck Letourneau and Gregg Vanderheiden (Trace)UAWG ensures that the \"until user agent\" clauses inWCAG are addressed by user agents.3) WAI Authoring Tool Guidelines WGChair: Jutta Treviranus (U of Toronto)UAWG coordinates on common component of user interfaceaccessibility.4) WAI Education & Outreach WGChair: Judy Brewer (W3C)EOWG will assist in promoting awareness and implementation ofUser Agent Accessibility Guidelines.5) CSS/FP WGChair: Chris Lilley (W3C)UAWG will provide input on accessibility requirements in CSS.6) DOM WGChair: Lauren Wood (Softquad)UAWG will provide input on accessibility requirements for DOM.7) HTML WGChair: Steven Pemberton (CWI)UAWG will provide input on potential improvementsto XHTML accessibility features.8) Mobile Access IGChair: Tatsuya Hagino (W3C)UAWG and Mobile Access IG will coordinate to ensure consistentapproaches on guidelines development and on CC/PP.9) MathML WGCo-Chairs: Patrick Ion (AMS) and Angel Diaz (IBM)UAWG will provide input on accessibility requirements for MathML.10) SYMM WGChair: Thierry Michel (W3C)UAWG will provide input on accessibility requirements in SMIL.11) Voice Browser WGChair: Tomasz Imielinski (Rutgers U)UAWG will provide input on accessibility requirements inVoice Browsing.Thank you,- Ian Jacobs[1] http://www.w3.org/WAI/UA/[2] http://lists.w3.org/Archives/Public/w3c-wai-ua/[3] http://lists.w3.org/Archives/Public/w3c-wai-ua/1999OctDec/0244.html[4] http://www.w3.org/WAI/UA/1999/10/reviewers-last-call[5] http://www.w3.org/TR/1999/PR-WAI-AUTOOLS-19991026[6] http://www.w3.org/TR/WAI-WEBCONTENT[7] http://www.w3.org/WAI/UA/wai-ua-charter[8] http://www.w3.org/WAI/UA/wai-ua-wd-changes.html[9] http://cmos-eng.rehab.uiuc.edu/ua-issues/issues-linear.html--Ian Jacobs (jacobs@w3.org)   http://www.w3.org/People/JacobsTel/Fax:                     +1 212 684-1814Cell:                        +1 917 450-8783",
            "docno": "lists-075-3056239",
            "received": "Fri Nov  5 19:22:32 1999",
            "isoreceived": "19991106002232",
            "sent": "Fri, 05 Nov 1999 19:21:11 -0500",
            "isosent": "19991106002111",
            "name": "Ian Jacobs",
            "email": "j@w3.org",
            "subject": "Last Call review of User Agent Accessibility Guidelines 1.0",
            "id": "38237477.360A8261@w3.org",
            "charset": "iso-8859-1",
            "expires": "-1",
            "to": "chairs@w3.org,w3c-wai-ua@w3.org,w3c-wai-cg@w3.org,w3c-wai-ig@w3.org,jim@arkenstone.org,geoffray@gwmicro.com,bweiss@aisquared.co,tvraman@us.ibm.com,Fraser_shein@msn.com,bryany@pathcom.com,Peter.Korn@Eng.Sun.COM,lake@netscape.com,Earl.Johnson@Eng.Sun.COM,paciello@pop.ma.ultranet.com,janina@afb.net,liam@htmlhelp.com,efreese@datafoundry.com,madaus@real.com,john.gardner@orst.edu,gv@trace.wisc.edu,dd@w3.org,jbrewer@w3.org,hakkinen@prodworks.com,geoff_freed@wgbh.org,pat.sheehan@mail.va.gov,richardp@akamail.com,howcome@opera.com,chitchcock@cast.org,cwilso@MICROSOFT.com,Barrys@conversa.com,chong99@concentric.net,pyoung@ix.netcom.com,cs@ics.forth.gr,acantor@interlog.com,jdix@loc.gov,ralph@fsc.fujitsu.com,Bill.Smith@Eng.Sun.COM,kweide@tezcat.com,buttles@wsb.champlain.edu,burke@ucla.edu,kford@teleport.com,timichel@w3.org,hagino@w3.org,lboyer@us.ibm.com,steven.pemberton@cwi.nl,imielins@cs.rutgers.edu,ion@math.ams.org,aldiaz@us.ibm.com,steve_anderson@dragonsys.com,mzajicek@brookes.ac.uk,jutta.treviranus@utoronto.ca,clilley@w3.org,lauren@softquad.com,w3c-@w3.org,asgilman@access.digex.net,cpl@starlingweb.com\n"
        },
        {
            "body": "This is a reminder for you to send any comments related to the W3C UserAgent Accessibility Guidelines[1] by 4 May 2001.  For your reference I haveincluded the URL to the last call announcement, which contains informationon the document and the where to send comments[2].Thank you in advance for your comments,Jon[1] http://www.w3.org/WAI/UA/WD-UAAG10-20010404/[2] http://lists.w3.org/Archives/Public/w3c-wai-ua/2001AprJun/0014.htmlJon Gunderson, Ph.D., ATPCoordinator of Assistive Communication and Information TechnologyDivision of Rehabilitation - Education ServicesMC-574College of Applied Life StudiesUniversity of Illinois at Urbana/Champaign1207 S. Oak Street, Champaign, IL  61820Voice: (217) 244-5870Fax: (217) 333-0248E-mail: jongund@uiuc.eduWWW: http://www.staff.uiuc.edu/~jongundWWW: http://www.w3.org/wai/ua",
            "docno": "lists-085-1939758",
            "received": "Mon Apr 30 10:56:32 2001",
            "isoreceived": "20010430145632",
            "sent": "Mon, 30 Apr 2001 09:50:29 -0500",
            "isosent": "20010430145029",
            "name": "Jon Gunderson",
            "email": "jongund@uiuc.edu",
            "subject": "REMINDER: W3C User Agent Accessibility Guidelines Last Call   Ends on 4 May 2001",
            "id": "4.3.1.2.20010430094641.02a78660@staff.uiuc.edu",
            "charset": "us-ascii",
            "expires": "-1",
            "to": "kerscher@montana.com,kkorpolinski@rfbd.org,paciello@ma.ultranet.com,janina@afb.net,acantor@interlog.com,david@davidsaccess.com,geoff_freed@wgbh.org,chitchcock@cast.org, or@uiuc.edu.ssethuraman@cast.org,phoenixl@netcom.com,cs@ics.forth.gr,jim@nycap.rr.com,bweiss@aisquared.com,jim@arkenstone.org,chong99@concentric.net,info@acb.org,jdix@loc.gov,burke@ucla.edu,kford@teleport.com,gleng@hj.com,Peter.Korn@Eng.Sun.COM,Earl.Johnson@Eng.Sun.COM,lake@netscape.com,madaus@real.com,john.gardner@orst.edu,pat.sheehan@mail.va.gov,howcome@opera.com,lboyer@us.ibm.com,steve_anderson@dragonsys.com,mjanes@apple.com,terry@pantos.org,smendel@panix.com,sgoodman@ucpa.org,jamal@empowermentzone.com,HRiesebos@alva-bv.nl,liam@htmlhelp.com,joe@duxsys.com,bryany@pathcom.com\n",
            "cc": "w3c-wai-ua@w3.org\n"
        },
        {
            "body": "Hello H?kon,Thank you for your comments on our draft Core Presentation Attributesdocument (archived at:http://lists.w3.org/Archives/Public/www-di/2003Jan/0002.html).Here is a response to many of the points you made, on behalf of theDevice Independence WG:> I suggest adding maximum widths (and for the sake of symmetry,> maximum heights as well) to the list of requirements.We understand your motivation for wishing to describe limits on imagesize. There seem to be two choices in handling maxima, minima, ranges orother constraints on the values of attributes.One it to introduce a full expression language (as done in Conneg) todefine such constraints. This would be beyond the scope of the currentCPA proposals, but might be added as part of a profile description (suchas in a CC/PP vocabulary).The other is to introduce special additional attributes for selectedconstraints, such as max-width and min-width in Media Queries. WhileMedia Queries had syntactic restrictions that led to this choice forexpressing maxima and minima, it is not an easily extensible approach toexpressing constraints and triples the number of attribute namesrequired for numeric quantities.> Target image colors is also, in our experience, useful.Yes, we will need to define attributes to express color spaces in theCPA recommendation. The CPA Requirements document avoids definingexactly what attributes will be included in the recommendation.> Alternative textual alternatives would be great, but I doubt it's a> realistic scenario. HTML's longdesc attribute hasn't seen much use.Agreed, but the need becomes greater as the variety of presentationdevices grows. It may be handled server-side if browsers don't handletext alternatives effectively.> I'm unsure how useful it is to request certain image formats: GIF and> JPEG are the VHS of the web, and I'm not terribly keen on seeing> JPEG-2000 introduced.Image format (MIME type) negotiation is already supported in HTTP acceptheaders. Devices should be free to state what they will accept. Servers(or transcoding proxies) should be encouraged to offer sufficientalternatives to meet the needs of the devices.> I would find it awkward if CPP takes on the design of a system which> will be completing with Media Queries as long as Media Queries is in> CR stage, and I therefore suggest limiting CPP to upstream uses.The Core Presentation Attributes recommendation will not includespecifying any particular protocol or context in which the attributesshould be used, whether 'upstream' or 'downstream'. Indeed, we hope toshow the correspondence (where possible) between the Core attributes andMedia Queries features, while providing a way of mapping the sameattributes between other notations such as XML and RDF.This use case is motivated by future chartered DI work on DocumentProfile, picking up early suggestions from the HTML WG:http://www.w3.org/TR/xhtml-prof-req/> Another use case I have problems with is #2 which describes a \"request> for a static formatted (HTML) resource\". By definition, HTML is not> static and we should not try to make it static. E.g., it should still> be left to the UA to determine where line breaks should go.This may be badly expressed in the draft, and we will change it to makeit clearer. The intention was to define how large the 'viewing window'might be. This defines the viewing area, either in a single browserwindow, or of a pane in a portal, or of a fixed-size display such as aprojector. It would still be possible for the UA to scroll the HTMLcontent within this viewing area if it cannot all be viewed at once.I know that Opera and some other browsers do their best to lay out thecontent for small devices, often in the face of extreme difficultiescreated by authors who compose for fixed, absolutely positioned HTMLlayouts. Our hope is that, if better information were available to webapplications about the size of viewing area available, authors would beencouraged to provide designs (if necessary alternative designs) thatworked on a greater range of devices.> In general, I think there is important work to be achieved in this> area. The low-hanging fruit is very accessible and the apple tree is> very tall. I therefore suggest aiming for a very simple \"upstream\"> specification, no more than 10 pages.We will try to produce a simple Core, which could well find its firstapplication in 'upstream' protocols such as CC/PP. The danger, asalways, is to avoid including more attributes than absolutely useful.We will keep you informed as the draft moves forward, and hope you willcontinue to provide such welcome feedback.Regards,Roger GimsonDI WG Chair--HP Laboratories, Filton Road, Stoke Gifford, Bristol BS34 8QZ, ENGLANDroger_gimson@hpl.hp.com   Tel: +44 117-312-8167  Fax: +44 117-312-8925",
            "docno": "lists-100-4629256",
            "received": "Thu Feb 13 09:40:28 2003",
            "isoreceived": "20030213144028",
            "sent": "Thu, 13 Feb 2003 14:40:31 +0000",
            "isosent": "20030213144031",
            "name": "Roger Gimson",
            "email": "roger_gimson@hplb.hpl.hp.com",
            "subject": "Re: Core Presentation Attributes",
            "id": "3E4BAE5F.8060709@hpl.hp.com",
            "charset": "ISO-8859-1",
            "inreplyto": "200301291501.h0TF1ps24619&#64;mail.opera.no",
            "expires": "-1",
            "to": " H?kon Wium Lie<howcome@opera.com>\n",
            "cc": "www-di@w3.org\n"
        },
        {
            "body": "I invite you to review the W3C User Agent Accessibility Guidelines[1].  Thedocument has been released for its third last call review.  Changes havebeen made to the document based on the previous last call review.  Thegroup does not anticipate many changes to this document before moving tothe next stage in the W3C process.  Please review the document forclarification of requirements or suggestions on how to improvedusability.  Any requests for new requirements will be archived on a issueslist for the next version of the guidelines.  Changes in Priorities ofcheckpoints will only be considered if there is substantial new informationincluded in the review for the group to consider.Please read the last call announcement [2] carefully before reviewing thedocument and sending in comments.Thank again for your help and time in developing the User AgentAccessibility Guidelines,Jon GundersonChairUser Agent Working Group[1] http://www.w3.org/WAI/UA/WD-UAAG10-20010404/[2] http://lists.w3.org/Archives/Public/w3c-wai-ua/2001AprJun/0014.htmlJon Gunderson, Ph.D., ATPCoordinator of Assistive Communication and Information TechnologyDivision of Rehabilitation - Education ServicesMC-574College of Applied Life StudiesUniversity of Illinois at Urbana/Champaign1207 S. Oak Street, Champaign, IL  61820Voice: (217) 244-5870Fax: (217) 333-0248E-mail: jongund@uiuc.eduWWW: http://www.staff.uiuc.edu/~jongundWWW: http://www.w3.org/wai/ua",
            "docno": "lists-085-1145230",
            "received": "Wed Apr 11 10:10:51 2001",
            "isoreceived": "20010411141051",
            "sent": "Wed, 11 Apr 2001 09:00:22 -0500",
            "isosent": "20010411140022",
            "name": "Jon Gunderson",
            "email": "jongund@uiuc.edu",
            "subject": "Request Review of User Agent Guidelines Last Call Working Draft",
            "id": "4.3.1.2.20010411084954.025f98a0@staff.uiuc.edu",
            "charset": "us-ascii",
            "expires": "-1",
            "to": "kerscher@montana.com,kkorpolinski@rfbd.org,paciello@ma.ultranet.com,janina@afb.net,acantor@interlog.com,david@davidsaccess.com,geoff_freed@wgbh.org,chitchcock@cast.org, or@uiuc.edu.ssethuraman@cast.org,phoenixl@netcom.com,cs@ics.forth.gr,jim@nycap.rr.com,bweiss@aisquared.com,jim@arkenstone.org,chong99@concentric.net,info@acb.org,jdix@loc.gov,burke@ucla.edu,kford@teleport.com,gleng@hj.com,Peter.Korn@Eng.Sun.COM,Earl.Johnson@Eng.Sun.COM,lake@netscape.com,madaus@real.com,john.gardner@orst.edu,pat.sheehan@mail.va.gov,howcome@opera.com,lboyer@us.ibm.com,steve_anderson@dragonsys.com,mjanes@apple.com,terry@pantos.org,smendel@panix.com,sgoodman@ucpa.org,jamal@empowermentzone.com,HRiesebos@alva-bv.nl,liam@htmlhelp.com,joe@duxsys.com,bryany@pathcom.com\n",
            "cc": "w3c-wai-ua@w3.org, ian Jacobs<ij@w3.org>\n"
        },
        {
            "body": "\"H?kon Wium Lie\" wrote:>> Enclosed are my notes from reviewing WD-WAI-USERAGENT-19991105>> The document is important. Hopefully it will be able to turn a> negative trend -- the web is less accessible today than it was five> years ago.>> One general comment before proceeding to more specific issues: I think> the document puts too much emphasis on UAs supporting various APIs> relative to the UAs enhancing accessibility itself.>> For example, section 5.3 states:>>  > Provide programmatic read and write access to user agent>  > functionalities and user interface controls. [priority 1]>> and section 10.3 states:>>  > Allow the user to change and control the input configuration. Users>  > should be able to activate a functionality with a single-stroke (e.g.,>  > single-key, single voice command, etc.). [Priority 2]>> I would suggest reversing the priorties here -- it's more important> that the UA supports (say) single-key functionality than that it> supports an API for changing the UI.Added as issue 155.http://cmos-eng.rehab.uiuc.edu/ua-issues/issues-linear.html#155>  > 5.6 Conform to W3C Document Object Model specifications and export>  > interfaces defined by those specifications. [Priority 1]>> Adding support for DOM effectively turns a browser into an editor.> This is often beneficial, but in memory-constrained enviroments it is> often impossible. By making this Priority 1, a whole segment of UAs> will fail conformance and might therefore pay less attention to the> Guidelines in general. I suggest changing it to Priority 2 and limit> the requirement fo the read (i.e. not write) portions of the DOM.Added as issue 156http://cmos-eng.rehab.uiuc.edu/ua-issues/issues-linear.html#156> I suggest changing all sections in Guidline 5 to reflect this.>>  > 6.2 Conform to W3C specifications when they>  > are appropriate for a task. [Priority 2]>  > For instance, for markup, implement [HTML40] or [XML]. For style>  > sheets, implement [CSS1], [CSS2], or XSL.>> XSL is not a W3C Recommendation and although it may turn into one some> day, it is bad practice to include forward references in a> specification.We have an XSLT reference in our list of references, but not referenceto XSL. I'd recommend that we include a reference to XSL (not XSLT)but clearly indicate that XSL style is only a Working Draft.We could push the XSLT reference up next to XML...What do you think?- Ian--Ian Jacobs (jacobs@w3.org)   http://www.w3.org/People/JacobsTel/Fax:                     +1 212 684-1814Cell:                        +1 917 450-8783",
            "docno": "lists-083-7405185",
            "received": "Sat Dec  4 14:30:56 1999",
            "isoreceived": "19991204193056",
            "sent": "Sat, 04 Dec 1999 14:30:49 -0500",
            "isosent": "19991204193049",
            "name": "Ian Jacobs",
            "email": "j@w3.org",
            "subject": "Re: WD-WAI-USERAGENT-19991105 review",
            "id": "38496BE9.8EFCA38C@w3.org",
            "charset": "iso-8859-1",
            "inreplyto": "199912012301.AAA09313&#64;stovner.sys.sol.no",
            "expires": "-1",
            "to": " H?kon Wium Lie<howcome@opera.com>\n",
            "cc": "w3c-wai-ua@w3.org\n"
        },
        {
            "body": "aloha, h?kon!thank you for your extremely valuable and insightful comments on the Last Calldraft of the User Agent Accessibility Guidelines...in your review, you noted:quoteAdding support for DOM effectively turns a browser into an editor.This is often beneficial, but in memory-constrained enviroments it isoften impossible. By making this Priority 1, a whole segment of UAswill fail conformance and might therefore pay less attention to theGuidelines in general. I suggest changing it to Priority 2 and limitthe requirement fo the read (i.e. not write) portions of the DOM.I suggest changing all sections in Guidline 5 to reflect this.unquotewhile your point is very well taken, i would like to propose a median solution:retain Priority 1 for the read portions of the DOM and Priority 2 for the writeportions...  this could be accomplished either by splitting the checkpoint in2, or by simply listing the priority level as P1 for read functions and P2 forwrite functions...gregory.--------------------------------------------------------He that lives on Hope, dies farting-- Benjamin Franklin, Poor Richard's Almanack, 1763--------------------------------------------------------Gregory J. Rosmaita <unagi69@concentric.net>WebMaster and Minister of Propaganda, VICUG NYC<http://www.hicom.net/~oedipus/vicug/index.html>--------------------------------------------------------",
            "docno": "lists-083-6954477",
            "received": "Fri Dec  3 00:29:32 1999",
            "isoreceived": "19991203052932",
            "sent": "Fri, 03 Dec 1999 00:33:20 -0500",
            "isosent": "19991203053320",
            "name": "Gregory J. Rosmaita",
            "email": "unagi69@concentric.net",
            "subject": "Re: WD-WAI-USERAGENT-19991105 review",
            "id": "4.1.19991203003320.00a546b0@pop3.concentric.net",
            "charset": "iso-8859-1",
            "inreplyto": "WD-WAI-USERAGENT-19991105 review",
            "expires": "-1",
            "to": " H?kon Wium Lie<howcome@opera.com>\n",
            "cc": " User Agent Guidelines Emailing List<w3c-wai-ua@w3.org>\n"
        },
        {
            "body": "Hi2-12-99 H?kon Wium Lie wrote:>The document is important. Hopefully it will be able to turn a negative>trend -- the web is less accessible today than it was five years ago.Yes>One general comment before proceeding to more specific issues: I think>the document puts too much emphasis on UAs supporting various APIs>relative to the UAs enhancing accessibility itself.Yes>For example, section 5.3 states:> > Provide programmatic read and write access to user agent> > functionalities and user interface controls. [priority 1]>and section 10.3 states:> > Allow the user to change and control the input configuration. Users> > should be able to activate a functionality with a single-stroke (e.g.,> > single-key, single voice command, etc.). [Priority?2]>I would suggest reversing the priorties here -- it's more important>that the UA supports (say) single-key functionality than that it>supports an API for changing the UI.Definitely> > 5.6 Conform to W3C Document Object Model specifications and export> > interfaces defined by those specifications. [Priority?1]>Adding support for DOM effectively turns a browser into an editor.>This is often beneficial, but in memory-constrained enviroments it is>often impossible. By making this Priority 1, a whole segment of UAs>will fail conformance and might therefore pay less attention to the>Guidelines in general. I suggest changing it to Priority 2 and limit>the requirement fo the read (i.e. not write) portions of the DOM.Guildline Introduction Line 4 says: \"They may have a text-only screen, asmall screen, or a slow Internet connection.\" unquote} Recognizing slowconnections vendors may choose to create smaller UAs which shouldn't begiven a lower conformance mark because they fulfil other needs & suit thatfirms approach to Web business. In any case, very few people have writeprivileges on the Web. DOM strikes me as something akin to Groupwareallowing workers to edit documents on a business LAN. We shouldn't bedistracted from the goal of enhanced Web usability. Other laws make businessprograms Accessible WAI is about Web browsing.Regards,Bryan->\"It has been said the pebbles can't stop the avalanche, guess the pebblesdidn't have access to the Web!\"",
            "docno": "lists-083-7005298",
            "received": "Fri Dec  3 11:19:28 1999",
            "isoreceived": "19991203161928",
            "sent": "Fri, 03 Dec 1999 11:17:52 -0500",
            "isosent": "19991203161752",
            "name": "Bryan Campbell",
            "email": "bryany@pathcom.com",
            "subject": "Re: WD-WAI-USERAGENT-19991105 review",
            "id": "2.2.32.19991203161752.0068a91c@mail.pathcom.com",
            "charset": "iso-8859-1",
            "inreplyto": "WD-WAI-USERAGENT-19991105 review",
            "expires": "-1",
            "to": " H?kon Wium Lie<howcome@opera.com>,.w3c-wai-ua@w3.org\n"
        },
        {
            "body": "Also sprach Ian Jacobs:> > I would suggest reversing the priorties here -- it's more important> > that the UA supports (say) single-key functionality than that it> > supports an API for changing the UI.>> Added as issue 155.> http://cmos-eng.rehab.uiuc.edu/ua-issues/issues-linear.html#155Thanks!> >  > 5.6 Conform to W3C Document Object Model specifications and export> >  > interfaces defined by those specifications. [Priority 1]> >> > Adding support for DOM effectively turns a browser into an editor.> > This is often beneficial, but in memory-constrained enviroments it is> > often impossible. By making this Priority 1, a whole segment of UAs> > will fail conformance and might therefore pay less attention to the> > Guidelines in general. I suggest changing it to Priority 2 and limit> > the requirement fo the read (i.e. not write) portions of the DOM.>> Added as issue 156> http://cmos-eng.rehab.uiuc.edu/ua-issues/issues-linear.html#156Thanks!> >  > 6.2 Conform to W3C specifications when they> >  > are appropriate for a task. [Priority 2]> >  > For instance, for markup, implement [HTML40] or [XML]. For style> >  > sheets, implement [CSS1], [CSS2], or XSL.> >> > XSL is not a W3C Recommendation and although it may turn into one some> > day, it is bad practice to include forward references in a> > specification.>> We have an XSLT reference in our list of references, but not reference> to XSL.Right, but you mention \"XSL\" in the text. I suggest removing that.> I'd recommend that we include a reference to XSL (not XSLT)> but clearly indicate that XSL style is only a Working Draft.I disagree, I don't think the normative text should contain referencesto non-normative specifications.An underlying issue here is the accessibility problems associated withXSL [1].[1] http://www.opera.com/people/howcome/1999/foch.htmlRegards,-h&konChief Technology Officer                                Opera SoftwareH?kon Wium Lie                     http://www.opera.com/people/howcomehowcome@opera.com                                gets you there faster",
            "docno": "lists-083-7610101",
            "received": "Sun Dec  5 19:18:51 1999",
            "isoreceived": "19991206001851",
            "sent": "Mon, 6 Dec 1999 01:18:20 +0100 (Romance Standard Time)",
            "isosent": "19991206001820",
            "name": "H?kon Wium Lie",
            "email": "howcome@opera.com",
            "subject": "Re: WD-WAI-USERAGENT-19991105 review",
            "id": "14411.204.130000.121739@ETTE",
            "charset": "iso-8859-1",
            "inreplyto": "38496BE9.8EFCA38C&#64;w3.org",
            "expires": "-1",
            "to": " Ian Jacobs<ij@w3.org>\n",
            "cc": "w3c-wai-ua@w3.org\n"
        },
        {
            "body": "I have read the document titled \"Core Presentation Attributes:Requirement and Use Cases\" (CPP) [1] with interest. Since my companyis shipping browsers on many types of devices, including phones andset-top-boxes, the topics discussed are of interest to me. I'm also aco-author of the CSS specifications [2][3] and Media Queries [4].My favorite part CPP is use case #1 in section 5.1 where the UA wishesto fetch a static image, but not necessarily the version offered bydefault. This is a real problem for devices with limited bandwidth:images on the web are often too large to be displayed. Although thedevice can scale images, too much bandwidth is wasted in the process.Therefore, it is important that UAs can request image variants.Opera's experience is that the UA's most important request is: send meimage Z, but it would be no wider than X pixels. I suggest addingmaximum widths (and for the sake of symmetry, maximum heights aswell) to the list of requirements.Target image colors is also, in our experience, useful.Alternative textual alternatives would be great, but I doubt it's arealistic scenario. HTML's longdesc attribute hasn't seen much use.I'm unsure how useful it is to request certain image formats: GIF andJPEG are the VHS of the web, and I'm not terribly keen on seeingJPEG-2000 introduced.My least favorite part of CPP is use case #4 where \"a document hasattributes that express its delivery expectations\". Further, \"an HTMLdocument has may express to conditions under which this documentshould be considered suitable for a particular device context\".This case seems to be very close to what Media Queries already canexpress, namely presentational constraints in the documents that flow\"downstream\" from the server to the client which makes the finalpresentation. The abstract of CPP states that the purpose is todescribe \"presentational capabilities of a presentation device\". I wastherefore under the impression that the description would flow fromthe device \"upstream\" to the server.I would find it awkward if CPP takes on the design of a system whichwill be completing with Media Queries as long as Media Queries is inCR stage, and I therefore suggest limiting CPP to upstream uses.Another use case I have problems with is #2 which describes a \"requestfor a static formatted (HTML) resource\". By definition, HTML is notstatic and we should not try to make it static. E.g., it should stillbe left to the UA to determine where line breaks should go. Also, Idon't see a compelling use case in the UA requesting an HTML documentwith a certain fonts. If devices have limited font resources (whichindeed is the case) they should display documents with the fonts theyhave. There is absolutely no need for the UA to request a document in\"sans-serif\" or \"serif\" -- the UA will happily make this choice in thedevice.Use case #3 seems compelling if it can be realized.Another feature which may seem compelling, but which may end up beingtoo complex, is the requirement \"to group attributes hierarchically\".Having argued for an hierarchical system of properties in CSS, I amnow happy that we ended up with a flat name space.In general, I think there is important work to be achieved in thisarea. The low-hanging fruit is very accessible and the apple tree isvery tall. I therefore suggest aiming for a very simple \"upstream\"specification, no more than 10 pages.[1] http://www.w3.org/2001/di/public/cpa-req[2] http://www.w3.org/TR/REC-CSS1[3] http://www.w3.org/TR/REC-CSS2[4] http://www.w3.org/TR/css3-mediaqueries/-h&konH?kon Wium Lie                          cto ??e??howcome@opera.com                  http://people.opera.com/howcome",
            "docno": "lists-100-4685260",
            "received": "Wed Jan 29 10:01:59 2003",
            "isoreceived": "20030129150159",
            "sent": "Wed, 29 Jan 2003 16:01:52 +0100",
            "isosent": "20030129150152",
            "name": "H?kon Wium Lie",
            "email": "howcome@opera.com",
            "subject": "Core Presentation Attributes",
            "id": "200301291501.h0TF1ps24619@mail.opera.no",
            "charset": "iso-8859-1",
            "expires": "-1",
            "to": "www-di@w3.org\n"
        }
    ]
}