{
    "id": "candidate-0081",
    "name": "Francisco Curbera",
    "gender": "MALE",
    "email": "curbera@us.ibm.com",
    "mails": [
        {
            "body": "I cannot get into the conference ('restricted'). Just to check, I maybedialing the wrong #, 617 761 6200 .. pc 97394? Anybody can send the rightone if this is not correct?\"Jean-Jacques Moreau\"<jean-jacques.moreau@cr        To:       Glen Daniels <gdaniels@macromedia.com>f.canon.fr>                    cc:       \"'Jean-Jacques Moreau'\" <jean-jacques.moreau@crf.canon.fr>, Philippe LeSent by:                        Hegaret <plh@w3.org>, public-ws-pnf-tf@w3.orgpublic-ws-pnf-tf-reques        Subject:  Re: Where are you all hiding?t@w3.org04/01/2003 10:19 AMArgh... I'm unlikely to here in an hour... Might be here for the1st 30 minutes.JJ.Glen Daniels wrote:> No - our time change is *next* weekend. :)>> See you in ~45m....>> --G>>>>-----Original Message----->>From: Jean-Jacques Moreau [mailto:jean-jacques.moreau@crf.canon.fr]>>Sent: Tuesday, April 01, 2003 7:15 AM>>To: Philippe Le Hegaret>>Cc: public-ws-pnf-tf@w3.org>>Subject: Where are you all hiding?>>>>>>>>Access to Zakim is restricted at this time and noone on IRC,>>although [1] says \"5pm Europe/Rennes\".>>>>Is this a time screw up? Didn't the US change time last week-end>>as well?>>>>JJ.>>>>Philippe Le Hegaret wrote:>>>>>On Mon, 2003-03-31 at 10:18, Philippe Le Hegaret wrote:>>>>>>>>>>We're supposed to have a call tomorrow.>>>>>>>>>I've got Zakim again (and this time, for all Tuesdays), so>>>>from now, we>>>>>should only use Zakim.>>>>>>Phone number and passcode, see>>>http://www.w3.org/2003/02/14-pftf.html>>>>>>Philippe>>>>>>>>",
            "docno": "lists-027-9943763",
            "received": "Tue Apr  1 11:10:10 2003",
            "isoreceived": "20030401161010",
            "sent": "Tue, 1 Apr 2003 11:08:25 -0500",
            "isosent": "20030401160825",
            "name": "Francisco Curbera",
            "email": "curbera@us.ibm.com",
            "subject": "Re: Where are you all hiding?",
            "id": "OF82C72FE0.391006ED-ON85256CFB.0058781B-85256CFB.0058AA54@us.ibm.com",
            "charset": "US-ASCII",
            "inreplyto": "3E89AE1D.7050702&#64;crf.canon.fr",
            "expires": "-1",
            "to": "\"Jean-Jacques Moreau\"<jean-jacques.moreau@crf.canon.fr>\n",
            "cc": " Glen Daniels<gdaniels@macromedia.com>,\"'Jean-Jacques Moreau'\"<jean-jacques.moreau@crf.canon.fr>, Philippe Le Hegaret<plh@w3.org>,public-ws-pnf-tf@w3.org,public-ws-pnf-tf-request@w3.org\n"
        },
        {
            "body": "Yikes! I also completely forgot the call was today, must be some IBM thing.I am sorry about that, I will try to catch up with the minutes.Paco\"SanjivaWeerawarana\"                To:       \"Glen Daniels\" <gdaniels@macromedia.com>, \"Properties and Features Task Force<sanjiva@watson.ibm.         \\(E-mail\\)\" <public-ws-pnf-tf@w3.org>com>                        cc:Sent by:                    Subject:  Re: REMINDER : PFTF telcon Tuesday Feb 25, 11AM ESTpublic-ws-pnf-tf-request@w3.org02/25/2003 01:29 PMARGH! Sorry Glen, I screwed up the date in my head .. thoughtthis was on Thu for some reason.Sanjiva.----- Original Message -----From: \"Glen Daniels\" <gdaniels@macromedia.com>Sent: Tuesday, February 25, 2003 8:03 AMSubject: REMINDER : PFTF telcon Tuesday Feb 25, 11AM EST>>> As per usual, call-in info at [1].>> The call is at 11AM EST (8AM PST, etc.), duration one hour (I've askedPhilippe if it might be possible to stretch this to 90 minutes, but thatwill depend on availability of the bridge and willingness of the bridged:))>> Tomorrow we will continue discussing the scenarios outlined in [2], andattempt to create a \"side-by-side\" comparison of a few syntactic proposals(WSDL native extensibility, explicit <feature>/<property> elements, etc) ifpossible.>> Please read Amy's write up on S7 at [3].>> We haven't had very many meetings of this TF, but this is the last onebefore the F2F, so let's make it count!  Everyone bring your thinking caps,your listening skills, and an open mind.>> --Glen>> [1] http://www.w3.org/2003/02/14-pftf.html> [2]http://dev.w3.org/cvsweb/~checkout~//2002/ws/desc/wsdl12/wsdl12-pftf-usage-cenarios.html> [3]http://lists.w3.org/Archives/Public/public-ws-pnf-tf/2003Feb/0048.html",
            "docno": "lists-027-10642689",
            "received": "Tue Feb 25 15:22:33 2003",
            "isoreceived": "20030225202233",
            "sent": "Tue, 25 Feb 2003 15:11:51 -0500",
            "isosent": "20030225201151",
            "name": "Francisco Curbera",
            "email": "curbera@us.ibm.com",
            "subject": "Re: REMINDER : PFTF telcon Tuesday Feb 25, 11AM EST",
            "id": "OFDE726550.EB3EE533-ON85256CD8.006EA5D2-85256CD8.006EF381@us.ibm.com",
            "charset": "US-ASCII",
            "inreplyto": "011a01c2dcfb$c7f8ab60$6f00a8c0&#64;lankabook2",
            "expires": "-1",
            "to": " \"Properties and Features Task Force (E-mail)\" <public-ws-pnf-tf@w3.org>\n",
            "cc": "\"Glen Daniels\"<gdaniels@macromedia.com>,\"Properties and Features Task Force (E-mail)\"<public-ws-pnf-tf@w3.org>,public-ws-pnf-tf-request@w3.org\n"
        },
        {
            "body": "I won't be able to make it either because of a conflicting meeting.PacoColleen Evans<cevans@sonicsoftwar        To:       \"public-ws-pnf-tf@w3.org\" <public-ws-pnf-tf@w3.org>e.com>                      cc:Sent by:                    Subject:  regrets for Mar 25public-ws-pnf-tf-request@w3.org03/25/2003 09:05 AMI won't be able to make today's call.Colleen",
            "docno": "lists-027-11040035",
            "received": "Tue Mar 25 09:45:39 2003",
            "isoreceived": "20030325144539",
            "sent": "Tue, 25 Mar 2003 09:26:58 -0500",
            "isosent": "20030325142658",
            "name": "Francisco Curbera",
            "email": "curbera@us.ibm.com",
            "subject": "Re: regrets for Mar 25",
            "id": "OF7C13F93F.A1BD286E-ON85256CF4.004F545B-85256CF4.004F608E@us.ibm.com",
            "charset": "US-ASCII",
            "inreplyto": "3E80620D.7845E1B8&#64;sonicsoftware.com",
            "expires": "-1",
            "to": " Colleen Evans<cevans@sonicsoftware.com>\n",
            "cc": "\"public-ws-pnf-tf@w3.org\"<public-ws-pnf-tf@w3.org>,public-ws-pnf-tf-request@w3.org\n"
        },
        {
            "body": "Glen,I realized that the slides I was plannig to mail have non-IBM authors whosepermission to post I don't have, so in my prez I will instead be just goingover the WS-Policy specs. You can find them here:http://www-106.ibm.com/developerworks/library/ws-polatt/http://www-106.ibm.com/developerworks/library/ws-polfram/PacoPacoGlen Daniels<gdaniels@macromedia        To:       \"Properties and Features Task Force (E-mail)\" <public-ws-pnf-tf@w3.org>.com>                       cc:Sent by:                    Subject:  Tomorrow's agendapublic-ws-pnf-tf-request@w3.org03/31/2003 09:00 PMHi folks!Here's a brief agenda for tomorrow's call.1) Discussion of HTTP proposal from Philippe/Arthur (~10-15m)2) Paco's presentation on WS-Policy (~15-20m)3) Begin discussion of WS-Policy/Features/Properties crossover (rest oftime)See you there!--Glen",
            "docno": "lists-027-9933649",
            "received": "Tue Apr  1 10:55:14 2003",
            "isoreceived": "20030401155514",
            "sent": "Tue, 1 Apr 2003 10:55:01 -0500",
            "isosent": "20030401155501",
            "name": "Francisco Curbera",
            "email": "curbera@us.ibm.com",
            "subject": "Re: Tomorrow's agenda",
            "id": "OF38A61227.01AE0DE0-ON85256CFB.00543A09-85256CFB.00577071@us.ibm.com",
            "charset": "US-ASCII",
            "inreplyto": "CB1FF0A474AEA84EA0206D5B05F6A4CB0254FF54&#64;S1001EXM02.macromedia.com",
            "expires": "-1",
            "to": " Glen Daniels<gdaniels@macromedia.com>\n",
            "cc": "\"Properties and Features Task Force (E-mail)\"<public-ws-pnf-tf@w3.org>,public-ws-pnf-tf-request@w3.org\n"
        },
        {
            "body": "-----Original Message-----From: Karl Best [mailto:karl.best@oasis-open.org]Sent: Wednesday, April 16, 2003 9:13 PMxml-dev@lists.xml.org; wsbpel@lists.oasis-open.orgSubject: [members] OASIS TC Call For Participation: WSBPELA new OASIS technical committee is being formed. The OASIS Web ServicesBusiness Process Execution Language Technical Committee (WSBPEL TC) hasbeen proposed by the members of OASIS listed below.The proposal for a new TC is appended to this message. The proposal,which includes a statement of purpose, list of deliverables, andproposed schedule, will constitute the TC's charter. The TC Processallows these items to be clarified (revised) by the TC members; suchclarifications (revisions), as well as submissions of technology forconsideration by the TC and the beginning of technical discussions, mayoccur no sooner than the TC's first meeting.As specified by the OASIS TC Process, the requirements for becoming amember of the TC are that you must 1) be an employee of an OASIS memberorganization or an Individual member of OASIS; 2) notify the TC chair ofyour intent to participate at least 15 days prior to the first meeting;and 3) attend the first meeting of the TC.For OASIS members, to sign up for the TC using the new OASIScollaborative tools, go to the TC's public page athttp://www.oasis-open.org/committees/wsbpel and click on the button for\"Join This TC\" at the top of the page. You may add yourself to theroster of the TC either as a Prospective Member (if you intend to becomea member of the TC) or an Observer. A notice will automatically be sentto the TC chair, which fulfills requirement #2 above. You must sign upfor membership at least 15 days before the first meeting and must attendthe first meeting of the TC in order to become a member.Note that membership in OASIS TCs is by individual, and not byorganization.For non-OASIS members, a public comment listwsbpel-comment@lists.oasis-open.org is available for the public to makecomments on the work of this TC; the public may subscribe to this listby going to the mail list web page athttp://lists.oasis-open.org/ob/adm.pl.The archives of the TC's private and comment mail lists are visible tothe public at http://lists.oasis-open.org/archives/Further information about this topic may be found on the Cover Pagesunder the topic of \"Business Process Management and Choreography\" athttp://xml.coverpages.org/bpm.html-Karl=================================================================Karl F. BestVice President, OASISoffice  +1 978.667.5115 x206     mobile +1 978.761.1648karl.best@oasis-open.org      http://www.oasis-open.orgProposal for Oasis Web Services Business Process Execution LanguageTechnical CommitteeName of the TC:OASIS Web Services Business Process Execution Language (BPEL)Statement of Purpose:The purpose of the Web Services Business Process Execution Language TCis to continue work on the business process language published in theBusiness Process Execution Language for Web Services (BPEL4WS)specification in August 2002 [1]. Continuing the approach and designused in BPEL4WS, the work of the BPEL TC will focus on specifying thecommon concepts for a business process execution language which form thenecessary technical foundation for multiple usage patterns includingboth the process interface descriptions required for business protocolsand executable process models. It is explicitly not a goal of the TC tospecify bindings to specific hardware/software platforms and othermechanisms required for a complete runtime environment for processimplementation.The Technical Committee will take advantage of the OASIS providedservices for such things as e-mail lists and archives, and also webpages for tracking progress. E-mail archives will be visible to thepublic.Identification of Existing Activities:Many efforts related to business process management and relatedtechnologies are underway throughout the industry. The following workmay be relevant to this Business Process Execution Language TC:* OASIS Universal Description, Discovery and Integration SpecificationTC, http://www.oasis-open.org/committees/uddi-spec/* OASIS Web Services Security TC,http://www.oasis-open.org/committees/wss/* W3C XML Protocol Working Group, http://www.w3.org/2000/xp/Group/* W3C Web Services Description Working Group,http://www.w3.org/2002/ws/desc/* W3C Web Services Choreography Working Group,http://www.w3.org/2002/ws/chor/* BPMI BPML 1.0  www.bpmi.org/specifications.esp* ebXML Business Process Specification Schema v1.01,www.ebxml.org/specs/index.htm* Web Service Choreography Interface (WSCI) 1.0, www.w3.org/TR/wsci/Technical Committee DeliverablesThe TC has the following deliverables:* The specification of the core elements and functionalities of BPEL4WS.* An extension specification for business protocol description* An extension specification for executable process descriptionThe two extension specifications for the usage patterns of businessprotocol description and executable process description are normative,mandatory extensions to the core specification and will include only theessential feature extensions required for the given usage pattern.The scope of the Web Services Business Process Execution LanguageTechnical Committee is the support of process mechanisms in thefollowing areas:a. Sequencing of process activities, especially Web service interactionsb. Correlation of messages and process instances c. Recovery behavior incase of failures and exceptional conditions d. Bilateral Web servicebased relationships between process rolesSpecification work in areas not explicitly listed in the scope above isout-of-scope for this TC but will be considered for future TC charterslayered on the results of this TC. It is the intent of the proposersthat the TC address requested clarifications to this charter; seeking toresolve ambiguities and narrowing the scope of work. Other requestedcharter changes that are not clarifications may be noted and archivedfor possible future work after the conclusion of this TC's lifecycle.Each of the process mechanisms will use implementation and languageneutral XML formats defined in XML Schema [2].The OASIS Web Services Business Process Execution Language TC will:1. Accept contributions as input within the TC's defined scope. BEA,IBM, Microsoft, SAP and Siebel intend to submit the Business ProcessExecution Language for Web Services (BPEL4WS) V1.1 specification [3] atthe first meeting of the TC. This BPEL4WS document is an update to theBPEL4WS specification published by IBM, Microsoft, and BEA on August 9th2002. The revised document is a modularized and updated version of theoriginal specification that clearly identifies the core concepts andrequired extensions for BPEL4WS.2. Produce as output a specification, in one or more documents, for the\"Web Services Business Process Execution Language\", hereafter referredto as the \"resultant specification\". This resultant specification willreflect refinements and corrections that are identified by the TCmembers within the scope of the TC charter. In the interests ofstability, continuity and speed, the committee will not make arbitrarychanges, i.e. scope will be limited to material technologicimprovements. At the TC's option, suggestions for future features,out-of-scope extensions, harmonization with other or broader work andthe like may be noted and archived for possible future work after theconclusion of this TC's lifecycle. The final draft of the resultantspecification will be due within 9 months of the first meeting.3. Identify relevant Web services efforts to assist in leveraging theresultant specification as a part of their specifications or solutions.4. Establish appropriate relationships and coordinate with the chairs ofthe other business process related standards organizations and industrygroups as appropriate, and in accordance with the OASIS Bylaws and TCProcess.5. Oversee ongoing maintenance and errata of the resultantspecification.Language in Which the TC will Conduct BusinessEnglishDate and Time of the First MeetingThe first meeting will be a conference call held on May 16, 2003. Themeeting will start at 7 am and adjourn at 10 am US Pacific time.Meeting Schedule for the First YearThe Web Services Business Process Execution Language TC will hold an inperson meeting on May 28, 2003 and May 29, 2003 in New York City.Following this, the TC will meet via weekly conference call, and willhold quarterly face-to-face meetings on a schedule determined by the WebServices Business Process Execution Language TC members. The meeting andcall sponsors will be determined at the initial meeting.Names, Affiliation, and Electronic Mail Addresses of members who supportthe formation of this TC and are committed to the Meeting Schedule andPurpose:Tony Andrews, Microsoft, TAndrews@microsoft.comEd Anuff, Vignette, Ed.Anuff@vignette.comVenu Banda, E2open, venu.banda@e2open.comTerry Bjornsen, Booz Allen Hamilton, bjornsen_terence@bah.com MikeBlevins, BEA Systems, mblevins@bea.com Subhra Bose, Reuters, Reuters,subhra.bose@reuters.com Francisco Curbera, IBM, curbera@us.ibm.com JonDart, Tibco Software, jdart@tibco.com John Evdemon, Microsoft,jevdemon@microsoft.com Bill Flood, Sybase, bill.flood@sybase.com YuzoFujishima, NEC, fujishima@bc.jp.nec.com Yaron Goland, BEASystems,ygoland@bea.com Kevin Hein, Teamplate, kevin.hein@teamplate.comDiane Jordan, IBM, drj@us.ibm.com Edwin Khodabakchian, Collaxa,edwink@collaxa.com Frank Leymann, IBM, ley1@de.ibm.com Kevin Liu, SAP,kevin.liu@sap.com Sumeet Malhotra, Unisys, Sumeet.Malhotra@unisys.comTodd Martin, Vitria Technology, toddmartin@vitria.com John Parkinson,Cap Gemini Ernst & Young, john.parkinson@cgey.com. Greg Ritzinger,Novell, GRitzinger@novell.com Tony Roby, Accenture,anthony.roby@accenture.com Dieter Roller, IBM, rol@de.ibm.com MichaelRowley, BEA Systems, mrowley@bea.com Waqar Sadiq, EDS,waqar.sadiq@eds.com Dale Skeen, Vitria Technology, skeen@vitria.comDonald Steiner, WebV2, donald.steiner@webv2.com Maciej Szefler,FiveSight Technologies, Inc., mszefler@fivesight.com Satish Thatte,Microsoft, satisht@microsoft.com Gloria Vargas, Reuters,gloria.vargas@reuters.com Stephen White, SeeBeyond Technology,swhite@SeeBeyond.com Sinisa Zimek, SAP, sinisa.zimek@sap.comChairsThe Web Services Business Process Execution Language TC Co-Chairs willbe Diane Jordan, IBM; and John Evdemon, Microsoft.Meeting SponsorsPending input from the TC, IBM will sponsor the first TC conference calland the calls for the first year of the technical committee.  The firstTC meeting will be sponsored by IBM. Subsequent meetings for the firstyear will be sponsored by Microsoft, SAP and BEA.References[1] Business process execution language for Web Services specification,August 2002http://dev2dev.bea.com/techtrack/BPEL4WS.jsphttp://www-106.ibm.com/developerworks/webservices/library/ws-bpel1/http://msdn.microsoft.com/library/default.asp?url=/library/en-us/dnbiz2k2/html/bpel1-0.asp[2] http://www.w3.org/XML/Schema[3] Business process execution language for Web Services specificationV1.1, March 2003http://dev2dev.bea.com/technologies/webservices/BPEL4WS.jsphttp://www-106.ibm.com/developerworks/webservices/library/ws-bpel/http://msdn.microsoft.com/library/default.asp?url=/library/en-us/dnbiz2k2/html/BPEL1-1.asp>http://ifr.sap.com/bpel4ws/http://www.siebel.com/tbd---------------------------------------------------------------------To unsubscribe, e-mail: members-unsubscribe@lists.oasis-open.orgFor additional commands, e-mail: members-help@lists.oasis-open.org",
            "docno": "lists-025-1251237",
            "received": "Thu Apr 17 11:29:07 2003",
            "isoreceived": "20030417152907",
            "sent": "Thu, 17 Apr 2003 08:28:42 -0700",
            "isosent": "20030417152842",
            "name": "Martin Chapman",
            "email": "rtin.chapman@oracle.com",
            "subject": "FW: [members] OASIS TC Call For Participation: WSBPEL",
            "id": "005201c304f6$076c2660$6501a8c0@us.oracle.com",
            "charset": "US-ASCII",
            "inreplyto": "[members] OASIS TC Call For Participation: WSBPEL",
            "expires": "-1",
            "to": " members@lists.oasis-open.org; tc-announce@lists.oasis-open.org;\n"
        }
    ]
}