{
    "id": "candidate-0052",
    "name": "David Baron",
    "gender": "MALE",
    "email": "dbaron@dbaron.org",
    "mails": [
        {
            "body": "I concur with Ian's comments have only two other quick short comments tomake:1. serve the files as text/html for ease of trying them out in more browsers(alternatively, conditionally serve as application/xhtml+xml only if httpaccept headers allow for it -- folks have documented this on the net.)I know, this violates what is allowed for XHTML 1.1, but it helps usability(a good tradeoff), and will only make a difference in browsers that don'thandle XHTML anyway.Another possibility is to use content negotiation so that URLs without afile extension, e.g.:http://dbaron.org/css2.1/tests/t010403-shand-border-00-care sent as text/html to browsers that don't handle XHTML.2. possibly add more <link rel=\"help\"> tags for some of the tests.e.g. your border shorthand test should also link to the sections on the'border' and 'border-color' property in spec, because that's really whatit's testing, in fact, I might put the link to the border-color propertyfirst since that's really what is being thoroughly tested.I'm busy with prepping for my presentations at SXSW so I didn't do adetailed review and will hopefully have more comments later.Definitely a very nice start though.  Makes me want to write some tests.Thanks,TantekOn 3/13/04 3:21 AM, \"Ian Hickson\" <ian@hixie.ch> wrote:>> On Fri, 12 Mar 2004, L. David Baron wrote:>>>> I just wrote a few tests [1] for 2.1 [2], and I'm interested in knowing>> how I'm doing, especially with regard to the guidelines [3], and>> especially from the authors of said guidelines.>> I think those are the best tests I've ever seen.>> My only comments -- and don't get me wrong; these are nit-picking> comments, the equivalent of someone saying you should fix the spelling in> a comment during a code review -- would be:>> http://dbaron.org/css2.1/tests/t010403-shand-font-00-b.xht> http://dbaron.org/css2.1/tests/t010403-shand-font-01-b.xht>  Instead of \"NOT be in a bold font\" I would just say \"be in a thin>  font\" or \"be in a regular font weight\", as negatives tend to make>  understanding the test harder.>> http://dbaron.org/css2.1/tests/t040102-keywords-01-b.xht>  Instead of \"This should be 10em wide.\", I would just say \"Test\". This>  is for two reasons: first, it is nigh on impossible to know how much>  10em is anyway, and second, you want to have as few pass conditions per>  test as possible, so that the reader can quickly establish the result.>> http://dbaron.org/css2.1/tests/t040102-keywords-00-b.xht> http://dbaron.org/css2.1/tests/t040103-case-00-b.xht> http://dbaron.org/css2.1/tests/t040103-case-01-c.xht> http://dbaron.org/css2.1/tests/t040103-escapes-01-b.xht> http://dbaron.org/css2.1/tests/t040103-escapes-02-d.xht>  I haven't yet put this in the public version of the guidelines, but>  there are some assumptions you can make about the test environment:>> http://cgi.w3.org/member-bin/process.cgi?method=url&url=http%3A%2F%2Fwww.hixie> .ch%2Ftests%2Fevil%2Fcss%2Fcss21%2Fguidelines%2Fguidelines.src&output=html#req> uirements>  In particular, you can assume the default text color is black, so there>  is no need to explicitly set it in the tests.>> http://dbaron.org/css2.1/tests/t040103-escapes-00-b.xht>  You should make a third test line which makes no use of generated>  content at all, and preferably change the sentence to a dummy one>  such as \"This is a test paragraph\".>>>> A few issues where I'm particularly unsure of myself are:>>  * are my title elements good?>> They seem fine to me. To be honest the titles aren't that important.>>>>  * are my filenames good, especially regarding my choice along the>>    a-b-c-d-e-f spectrum (for which the tests I wrote are perhaps an>>    unusual case)?>>  http://dbaron.org/css2.1/tests/t040103-escapes-05-c.xht>> ...should probably be a \"b\" not a \"c\", but they seem fine to me in> general. It's a judgement call, and the judgement is almost always going> to be based on how many browsers actually fail the test -- my \"Evil\" tests> from back in 99 when I was making the Evil Test Suite were simply the> tests that everyone failed, as opposed to the Wet Blanket Tests, which> were the tests that only a few people failed and thus \"reduced the> enjoyment of others\", as it were.>>>>  * is my lack of consistent wording a problem?  I've written multiple>>    variations of the sentences \"This paragraph should have a green>>    background.\" and \"The next two paragraphs should look identical.\">> That all looked fine to me.",
            "docno": "lists-014-10707814",
            "received": "Sun Mar 14 17:26:23 2004",
            "isoreceived": "20040314222623",
            "sent": "Sat, 13 Mar 2004 10:57:11 0800",
            "isosent": "20040313185711",
            "name": "Tantek ?elik",
            "email": "tantek@cs.stanford.edu",
            "subject": "Re: a few CSS 2.1 tests",
            "id": "BC78997A.380CE%tantek@cs.stanford.edu",
            "charset": "USASCII",
            "inreplyto": "Pine.LNX.4.58.0403131051390.20120&#64;dhalsim.dreamhost.com",
            "expires": "1",
            "to": " Ian Hickson<ian@hixie.ch>,\"L. David Baron\"<dbaron@dbaron.org>\n",
            "cc": "<public-css-testsuite@w3.org>\n"
        },
        {
            "body": "On Wednesday 2004-05-19 00:48 -0400, Justin Wood wrote:> CSS3 Selectors:>> http://www.w3.org/Style/CSS/Test/CSS3/Selectors/20040510/html/tests/css3-modsel-90.html>> Seems mis-made to me, would not that first 'p' element always be 'color:> red' based on the code, or am I mistaken.Agreed.  This is an error introduced in the 20040421 revision.  Beforethat the blockquote contained the text directly rather than having a pchild.-David--L. David Baron                                <URL: http://dbaron.org/ >",
            "docno": "lists-014-10773405",
            "received": "Wed May 19 08:54:04 2004",
            "isoreceived": "20040519125404",
            "sent": "Wed, 19 May 2004 08:53:26 0400",
            "isosent": "20040519125326",
            "name": "L. David Baron",
            "email": "dbaron@dbaron.org",
            "subject": "Re: Mis-made testcase?",
            "id": "20040519125326.GA5447@darby.dbaron.org",
            "charset": "usascii",
            "inreplyto": "40AAE735.3080909&#64;bacon.qcc.mass.edu",
            "expires": "1",
            "to": "public-css-testsuite@w3.org\n"
        },
        {
            "body": "On Wednesday 2004-02-18 09:02 -0000, Rhys Lewis wrote [text re-wrapped]:> The very existence of the W3C Device Independence Working Group shows> that there is broad industry support for the need for work to extend> the capabilities of current web technologies to support the huge> variety of devices that can now be used on the web.It's worth noting, however, that the DI group was formed after someexisting, purely client-side, approaches to device independence alreadyexisted (media-specific stylesheets) in HTML4 and CSS2.  This makes itlikely that the group is composed generally of those who are lesssatisfied with such approaches, and thus likely that the participants inthis list would tend to be self-selected as those more against the viewsexpressed in the first message on this thread [1].The CSS working group is continuing along the path of HTML4 and CSS2with Media Queries [2], and it wouldn't surprise me if you found theopinions on www-style [3] to be quite different, since the participantsthere are self-selected for the opposite bias.> On your comment about XHTML, while it is certainly possible to create> XHTML documents that can be delivered to a range of XHTML compatible> devices, this does not solve the problem of device independence.> First, XHTML is not universally supported. XHTML documents are> unusable on WML devices, for example.This seems to beg the question of what the web is.  I certainly like tothink of the web as a collection of essentially universally-accessibleinformation in a small set of core data formats, and I find it hard tothink of a user-agent that can't access most of the information on theweb to be a web user-agent.  (If such a user-agent were accessing theweb through a proxy that transcoded \"the web\" into WML, the web useragent in the system would be the combination of the proxy and thedevice, and thus the web user agent in the system would supportHTML/XHTML.)> others, CSS mobile profile. Some devices require stylesheets to be> external, others require style definitions to be in line. And that isAre these devices really web user agents, or do they live behindtranscoding proxies that are (in combination with the device) the realweb user agents?  How could they deal with the content on the web?-David[1] http://lists.w3.org/Archives/Public/www-di/2004Feb/0000.html[2] http://www.w3.org/TR/css3-mediaqueries/[3] http://lists.w3.org/Archives/Public/www-style/--L. David Baron                                <URL: http://dbaron.org/ >",
            "docno": "lists-100-5247202",
            "received": "Wed Feb 18 04:47:44 2004",
            "isoreceived": "20040218094744",
            "sent": "Wed, 18 Feb 2004 01:47:42 -0800",
            "isosent": "20040218094742",
            "name": "L. David Baron",
            "email": "dbaron@dbaron.org",
            "subject": "Re: Multi-channel content",
            "id": "20040218094742.GA12394@darby.dbaron.org",
            "charset": "us-ascii",
            "inreplyto": "D18551A6C7EA6241B960D4909EB75DF5CE1AF5&#64;squid.volantis-uk",
            "expires": "-1",
            "to": "www-di@w3.org\n"
        },
        {
            "body": "current version of http://dbaron.org/www/df-frag , for the permanent record--L. David Baron                                <URL: http://dbaron.org/ >text/html attachment: df-frag.html",
            "docno": "lists-100-0053652",
            "received": "Thu May 13 13:41:19 2004",
            "isoreceived": "20040513174119",
            "sent": "Thu, 13 May 2004 10:40:43 -0700",
            "isosent": "20040513174043",
            "name": "L. David Baron",
            "email": "dbaron@dbaron.org",
            "subject": "fragmentation of document formats",
            "id": "20040513174043.GA5355@darby.dbaron.org",
            "charset": "us-ascii",
            "expires": "-1",
            "to": "www-archive@w3.org\n"
        },
        {
            "body": "On Fri, 12 Mar 2004, L. David Baron wrote:>> I just wrote a few tests [1] for 2.1 [2], and I'm interested in knowing> how I'm doing, especially with regard to the guidelines [3], and> especially from the authors of said guidelines.I think those are the best tests I've ever seen.My only comments -- and don't get me wrong; these are nit-pickingcomments, the equivalent of someone saying you should fix the spelling ina comment during a code review -- would be:http://dbaron.org/css2.1/tests/t010403-shand-font-00-b.xhthttp://dbaron.org/css2.1/tests/t010403-shand-font-01-b.xhtInstead of \"NOT be in a bold font\" I would just say \"be in a thinfont\" or \"be in a regular font weight\", as negatives tend to makeunderstanding the test harder.http://dbaron.org/css2.1/tests/t040102-keywords-01-b.xhtInstead of \"This should be 10em wide.\", I would just say \"Test\". Thisis for two reasons: first, it is nigh on impossible to know how much10em is anyway, and second, you want to have as few pass conditions pertest as possible, so that the reader can quickly establish the result.http://dbaron.org/css2.1/tests/t040102-keywords-00-b.xhthttp://dbaron.org/css2.1/tests/t040103-case-00-b.xhthttp://dbaron.org/css2.1/tests/t040103-case-01-c.xhthttp://dbaron.org/css2.1/tests/t040103-escapes-01-b.xhthttp://dbaron.org/css2.1/tests/t040103-escapes-02-d.xhtI haven't yet put this in the public version of the guidelines, butthere are some assumptions you can make about the test environment:http://cgi.w3.org/member-bin/process.cgi?method=url&url=http%3A%2F%2Fwww.hixie.ch%2Ftests%2Fevil%2Fcss%2Fcss21%2Fguidelines%2Fguidelines.src&output=html#requirementsIn particular, you can assume the default text color is black, so thereis no need to explicitly set it in the tests.http://dbaron.org/css2.1/tests/t040103-escapes-00-b.xhtYou should make a third test line which makes no use of generatedcontent at all, and preferably change the sentence to a dummy onesuch as \"This is a test paragraph\".> A few issues where I'm particularly unsure of myself are:>  * are my title elements good?They seem fine to me. To be honest the titles aren't that important.>  * are my filenames good, especially regarding my choice along the>    a-b-c-d-e-f spectrum (for which the tests I wrote are perhaps an>    unusual case)?http://dbaron.org/css2.1/tests/t040103-escapes-05-c.xht...should probably be a \"b\" not a \"c\", but they seem fine to me ingeneral. It's a judgement call, and the judgement is almost always goingto be based on how many browsers actually fail the test -- my \"Evil\" testsfrom back in 99 when I was making the Evil Test Suite were simply thetests that everyone failed, as opposed to the Wet Blanket Tests, whichwere the tests that only a few people failed and thus \"reduced theenjoyment of others\", as it were.>  * is my lack of consistent wording a problem?  I've written multiple>    variations of the sentences \"This paragraph should have a green>    background.\" and \"The next two paragraphs should look identical.\"That all looked fine to me.--Ian Hickson                                      )\\._.,--....,'``.    fLU+1047E                                         /,   _.. \\   _\\  ;`._ ,.http://index.hixie.ch/                         `._.-(,_..'--(,_..'`-.;.'",
            "docno": "lists-014-10687502",
            "received": "Sat Mar 13 06:21:28 2004",
            "isoreceived": "20040313112128",
            "sent": "Sat, 13 Mar 2004 11:21:27 +0000 (UTC)",
            "isosent": "20040313112127",
            "name": "Ian Hickson",
            "email": "n@hixie.ch",
            "subject": "Re: a few CSS 2.1 tests",
            "id": "Pine.LNX.4.58.0403131051390.20120@dhalsim.dreamhost.com",
            "charset": "USASCII",
            "inreplyto": "20040313003703.GA6391&#64;darby.dbaron.org",
            "expires": "1",
            "to": "\"L. David Baron\"<dbaron@dbaron.org>\n",
            "cc": "public-css-testsuite@w3.org\n"
        },
        {
            "body": "David,Thanks for your thoughtful comments. I'm sure you are right about the differingexperience of members of DIWG and CSS. By the way CSS forms a vitalpart of the picture for DIWG and I should have mentioned it in my previous note.It is worth saying that DIWG's approach is to extend the existing recommendations wherethey are felt not to address the totality of device independence. So, for example, CSS 3 isparticularly interesting to the group, offering as it seems to the ability to extendCSS in a regular way to include the additional features needed. Far from representinga radically different approach to device independence, DIWG's approach is to extend existingspecifications and approaches to try to provide capabilities that have been found useful inreal multichannel implementations. It is worth noting that there are commercially availablesolutions based on the priniciples expressed by DIWG that support very large multichannel implementations today. These are based on combinations of XHTML, CSS, other standards and extensions.Actually there is another important point here. A number of technologies produce potential solutionsto this problem. For DIWG, the issue is to provide technologies that make authoring affordable and helpto avoid the kind of fragmentation that occurred when WML was originally introduced.You raise a very good point about what constitutes a user agent. DIWG has considered this carefullyalong with definitions of many other terms. Our glossary (http://www.w3.org/TR/di-gloss/) containsthe definitions used by DIWG.I think I have to disagree on your view of the web. Surely it is at least the set of resources thatcan be addressed via URLs that include the http: scheme? Indeed the curent draft of the Webarchitecture document(http://www.w3.org/TR/webarch/) implies that it has larger scope than this andcovers other schemes too. Clearly not all of that material is necessarily covered by considerationsof device independence, but I think the web is more than just the HTML pages that constitute mostcurrent web sites. For example, there is a large and increasing amount of XML and RDF data accessible via HTTP to say nothing of other, different presentation markup languages that have been in use for a number of years, some of which are particularly important in specific geographies.The aim of DIWG is to produce specifications that are extensions of existing W3C definitions andthat allow authors to create resources that can be delivered across multiple channels. DIWG's viewis that where the target device cannot natively use these resources, processors adapt the contentappropriately. Where it can, the materials, can be delivered directly to the user agent withoutadaptation. This approach can support new devices that conform to specifications such as XHTML 2 andclient-side XForms etc. as well as providing support for the existing and legacy devices that do not.As with other processors associated with W3C recommendations, (XSLT for example), DIWG says nothingabout the implementation. The key is that the markup and other representations used for authoring areable to capture the intent of the author in a way sufficiently abstract to allow adaptation toparticular device characteristics to be possible, whether carried out in a browser, in someadaptation processor or in some combination of both. XHTML 2, together with CSS, XForms etc. providealmost all that is needed. DIWG's work aims to provide the balance.Very best wishes and thanks for a stimulating discussionRhys-----Original Message-----From: L. David Baron [mailto:dbaron@dbaron.org]Sent: 18 February 2004 09:48Subject: Re: Multi-channel contentOn Wednesday 2004-02-18 09:02 -0000, Rhys Lewis wrote [text re-wrapped]:> The very existence of the W3C Device Independence Working Group shows> that there is broad industry support for the need for work to extend> the capabilities of current web technologies to support the huge> variety of devices that can now be used on the web.It's worth noting, however, that the DI group was formed after someexisting, purely client-side, approaches to device independence alreadyexisted (media-specific stylesheets) in HTML4 and CSS2.  This makes itlikely that the group is composed generally of those who are lesssatisfied with such approaches, and thus likely that the participants inthis list would tend to be self-selected as those more against the viewsexpressed in the first message on this thread [1].The CSS working group is continuing along the path of HTML4 and CSS2with Media Queries [2], and it wouldn't surprise me if you found theopinions on www-style [3] to be quite different, since the participantsthere are self-selected for the opposite bias.> On your comment about XHTML, while it is certainly possible to create> XHTML documents that can be delivered to a range of XHTML compatible> devices, this does not solve the problem of device independence.> First, XHTML is not universally supported. XHTML documents are> unusable on WML devices, for example.This seems to beg the question of what the web is.  I certainly like tothink of the web as a collection of essentially universally-accessibleinformation in a small set of core data formats, and I find it hard tothink of a user-agent that can't access most of the information on theweb to be a web user-agent.  (If such a user-agent were accessing theweb through a proxy that transcoded \"the web\" into WML, the web useragent in the system would be the combination of the proxy and thedevice, and thus the web user agent in the system would supportHTML/XHTML.)> others, CSS mobile profile. Some devices require stylesheets to be> external, others require style definitions to be in line. And that isAre these devices really web user agents, or do they live behindtranscoding proxies that are (in combination with the device) the realweb user agents?  How could they deal with the content on the web?-David[1] http://lists.w3.org/Archives/Public/www-di/2004Feb/0000.html[2] http://www.w3.org/TR/css3-mediaqueries/[3] http://lists.w3.org/Archives/Public/www-style/--L. David Baron                                <URL: http://dbaron.org/ >",
            "docno": "lists-100-5264831",
            "received": "Wed Feb 18 06:41:42 2004",
            "isoreceived": "20040218114142",
            "sent": "Wed, 18 Feb 2004 11:41:40 -0000",
            "isosent": "20040218114140",
            "name": "Rhys Lewis",
            "email": "rhys.lewis@volantis.com",
            "subject": "RE: Multi-channel content",
            "id": "D18551A6C7EA6241B960D4909EB75DF5CE1AF8@squid.volantis-uk",
            "charset": "iso-8859-1",
            "inreplyto": "Multi-channel content",
            "expires": "-1",
            "to": " www-di@w3.org\n"
        },
        {
            "body": "On Thursday 2003-06-26 02:01 -0500, Curt Arnold wrote:> It appears in this case, the L2 HTML specification appears to be in> conflict with the dominant browsers and an implementor has to make a> decision to adhere to the spec or to maximize compatibility with> existing scripts.As far as I can tell, the statement in the DOM Level 2 specificationthat attribute names must be in uppercase:For instance, element and attribute names are exposed as all uppercase(for consistency) when used on an HTML document, regardless of thecharacter case used in the markup.[ http://www.w3.org/TR/DOM-Level-2-HTML/html.html#ID-5353782642 ]has no analog in the DOM Level 1 specification (and is not listed in therelevant changes document [1]), which, as far as I know,only required that element names were uppercase (and said nothingregarding the case of attribute names):The element type names exposed through a property are in uppercase.For example, the body element type name is exposed through the\"tagName\" property as \"BODY\".[ http://www.w3.org/TR/REC-DOM-Level-1/level-one-html.html#ID-822762427 ]This might explain why WinIE and Mozilla use lowercase for attributecompatible with XHTML.  The only piece of history relevant to thatquestion that I can find is [2], which doesn't say that explicitly,although I did file the bug regarding element names only.)(Should this discussion move to www-dom?)-David[1] http://www.w3.org/TR/DOM-Level-2-HTML/changes.html[2] http://bugzilla.mozilla.org/show_bug.cgi?id=6152--L. David Baron                                <URL: http://dbaron.org/ >",
            "docno": "lists-101-14825646",
            "received": "Thu Jun 26 14:34:24 2003",
            "isoreceived": "20030626183424",
            "sent": "Thu, 26 Jun 2003 14:32:17 -0400",
            "isosent": "20030626183217",
            "name": "s.  (Given the ambiguity, it might have been thought better to be",
            "email": "dbaron@dbaron.org",
            "subject": "Re: Capitalization issues",
            "id": "20030626183217.GB10726@pool-151-197-215-60.phil.east.verizon.net",
            "charset": "us-ascii",
            "inreplyto": "3EFA9A52.6010409&#64;houston.rr.com",
            "expires": "-1",
            "to": "www-dom-ts@w3.org\n"
        },
        {
            "body": "On Tuesday 2004-06-01 14:06 -0700, Leigh.Klotz@pahv.xerox.com wrote:> These are draft minutes.  Please report corrections.I'm impressed by the detail with which my comments were recorded, andI'd like to echo the thanks that many others have already stated for allthe minuting.My only comment is that there are some omissions and typos in the listof attendees.  The list athttp://www.w3.org/2004/04/webapps-cdf-ws/registrantsseems generally more accurate, although I'd add that Owen Taylor andChristopher Aillon are from Red Hat (and there are probably a few othermissing affiliations on the registrants list that others can fill in).-David--L. David Baron                                <URL: http://dbaron.org/ >",
            "docno": "lists-023-14392343",
            "received": "Thu Jun  3 18:11:25 2004",
            "isoreceived": "20040603221125",
            "sent": "Thu, 3 Jun 2004 15:10:48 -0700",
            "isosent": "20040603221048",
            "name": "L. David Baron",
            "email": "dbaron@dbaron.org",
            "subject": "Re: Draft minutes 2004 Jun 01 morning",
            "id": "20040603221048.GA20910@darby.dbaron.org",
            "charset": "us-ascii",
            "inreplyto": "200406012106.i51L6Bml031726&#64;graflex.org",
            "expires": "-1",
            "to": "public-webapps-cdf-discuss@w3.org\n"
        },
        {
            "body": "On Sunday 2004-05-30 14:35 +0200, Anne van Kesteren (fora) wrote:> >  Content generated with the ::before and ::after pseudo-elements does> >not actually modify the content of the element; only the way it is> >presented, and thus does not affect whether or not another selector> >matches.  The background colour should be red.> Personally, I don't see a difference here and I think that they all> should have a green background (which stands for PASS, obviously).This contradicts the entire model of CSS processing -- selectors arematched against the content, declarations from the matching rules arecascaded to determine the specified values, and then values arecomputed.Furthermore, I don't see a use case for your proposal.  Generatedcontent is unlikely to contain text like this since generated contentshould not be used for things that are essential to viewing the document(such as adding text).  It should only be used for things that arestylistic (e.g., changing the list-numbering style).> Especially since ':first-letter' _does_ apply to '::before'. That would> lead to incosinstency between selectors, something you should avoid, imo.Pseudo-elements are very different from pseudo-classes.  Pseudo-classesare just selectors:  they affect whether an element matches theselector.  Pseudo-elements are styling specific parts of an element, butthe selector matching process for pseudo-elements essentially occurswithout the pseudo-element.Also, cross-posting between www-style and public-css-testsuite is almostnever the right thing to do, especially since the membership of thetwo lists is quite similar.  This discussion belongs on www-style.-David--L. David Baron                                <URL: http://dbaron.org/ >",
            "docno": "lists-014-11063744",
            "received": "Sun May 30 12:07:05 2004",
            "isoreceived": "20040530160705",
            "sent": "Sun, 30 May 2004 09:06:32 0700",
            "isosent": "20040530160632",
            "name": "L. David Baron",
            "email": "dbaron@dbaron.org",
            "subject": "Re: [css3selectors] :contains",
            "id": "20040530160632.GA3049@darby.dbaron.org",
            "charset": "usascii",
            "inreplyto": "40B9D526.4010902&#64;annevankesteren.nl",
            "expires": "1",
            "to": " W3C CSS List<www-style@w3.org>,public-css-testsuite@w3.org\n"
        },
        {
            "body": "On Wednesday 2004-04-14 11:10 +0100, Brian Murphy wrote:> I have a problem with an applet that I have displayed on a layer, when I> click the link to display the layer holding the applet I can see the> writing from the previous layer appearing on the applet, if I click to> another window and come back this ghost writing is gone, Has anyone had> this problem before or know of a solution to it.This is off-topic for this list, whose purpose is described inhttp://lists.w3.org/Archives/Public/public-css-testsuite/ :This list is for coordinating the development of test suites for thevarious CSS-related specifications.-David--L. David Baron                                <URL: http://dbaron.org/ >",
            "docno": "lists-014-10567808",
            "received": "Wed Apr 14 12:39:33 2004",
            "isoreceived": "20040414163933",
            "sent": "Wed, 14 Apr 2004 09:38:53 0700",
            "isosent": "20040414163853",
            "name": "L. David Baron",
            "email": "dbaron@dbaron.org",
            "subject": "Re: using layers with an applet am getting refresh errors",
            "id": "20040414163853.GA5083@darby.dbaron.org",
            "charset": "usascii",
            "inreplyto": "000001c42208$cc0d8f60$a92a320a&#64;ntlaptop42",
            "expires": "1",
            "to": "public-css-testsuite@w3.org\n"
        },
        {
            "body": "I just wrote a few tests [1] for 2.1 [2], and I'm interested in knowinghow I'm doing, especially with regard to the guidelines [3], andespecially from the authors of said guidelines.A few issues where I'm particularly unsure of myself are:* are my title elements good?* are my filenames good, especially regarding my choice along thea-b-c-d-e-f spectrum (for which the tests I wrote are perhaps anunusual case)?* is my lack of consistent wording a problem?  I've written multiplevariations of the sentences \"This paragraph should have a greenbackground.\" and \"The next two paragraphs should look identical.\"-David[1] http://dbaron.org/css2.1/tests/[2] http://www.w3.org/TR/2004/CR-CSS21-20040225/[3] http://www.w3.org/Style/CSS/Test/guidelines.html--L. David Baron                                <URL: http://dbaron.org/ >",
            "docno": "lists-014-10679946",
            "received": "Fri Mar 12 19:37:41 2004",
            "isoreceived": "20040313003741",
            "sent": "Fri, 12 Mar 2004 16:37:03 0800",
            "isosent": "20040313003703",
            "name": "L. David Baron",
            "email": "dbaron@dbaron.org",
            "subject": "a few CSS 2.1 tests",
            "id": "20040313003703.GA6391@darby.dbaron.org",
            "charset": "usascii",
            "expires": "1",
            "to": "public-css-testsuite@w3.org\n"
        }
    ]
}