{
    "id": "candidate-0073",
    "name": "Markus Mielke",
    "gender": "MALE",
    "email": "mmielke@microsoft.com",
    "mails": [
        {
            "body": ">I think the issue being addressed here is that tests shouldn't expect>elements in any particular orderWatch out for terminology, since \"element\" is a key word when discussingXML... A test should certainly expect Elements to be in a particular order,since that's semantically meaningful and well-specified. There are specifickinds of Nodes that are not considered to be ordered, Attrs being the mostobvious, and a test for those specific cases should confirm that the rightthings are appearing but not enforce order.>web based issue (bug) tracking systemApache's started using Bugzilla again, now that some security andconfiguration concerns have been dealt with. I have no opinion on it versusother tools, but so far it seems to work and some folks may already befamiliar with it.>The number of returned attributes is dependent on the DTD of the given>platform.I don't think I understand this issue... The DTD's default attributes doget included in the result, certainly. But the DTD should be specified aspart of the testcase, so that shouldn't be an issue. If you may be runningagainst multiple DTDs (eg for HTML), either specify which one much be usedfor this test or enumerate what the results should be for each.______________________________________Joe Kesselman  / IBM Research",
            "docno": "lists-100-12393441",
            "received": "Mon Apr  9 15:37:27 2001",
            "isoreceived": "20010409193727",
            "sent": "Mon, 9 Apr 2001 15:36:53 -0400",
            "isosent": "20010409193653",
            "name": "Joseph Kesselman",
            "email": "keshlam@us.ibm.com",
            "subject": "Re: Ideas collected during the W3C QA Workshop",
            "id": "OF0A0B2BCD.FA256B86-ON85256A29.006B06AC@pok.ibm.com",
            "charset": "us-ascii",
            "inreplyto": "Ideas collected during the W3C QA Workshop",
            "expires": "-1",
            "to": "\"Markus Mielke\"<mmielke@microsoft.com>\n",
            "cc": "<www-dom-ts@w3.org>\n"
        },
        {
            "body": "The number of attributes returned, for example using a HTML document anda <DIV> tag depends on the respective DTD. I completely agree with youthat the test case needs to specify, which one to use if a certainnumber is expected. As a minbar I would be satisfied if the attributecollection exists and returns workable values.-- Markus-----Original Message-----From: Joseph Kesselman [mailto:keshlam@us.ibm.com]Sent: Monday, April 09, 2001 12:37 PMSubject: Re: Ideas collected during the W3C QA Workshop>I think the issue being addressed here is that tests shouldn't expect>elements in any particular orderWatch out for terminology, since \"element\" is a key word when discussingXML... A test should certainly expect Elements to be in a particularorder,since that's semantically meaningful and well-specified. There arespecifickinds of Nodes that are not considered to be ordered, Attrs being themostobvious, and a test for those specific cases should confirm that therightthings are appearing but not enforce order.>web based issue (bug) tracking systemApache's started using Bugzilla again, now that some security andconfiguration concerns have been dealt with. I have no opinion on itversusother tools, but so far it seems to work and some folks may already befamiliar with it.>The number of returned attributes is dependent on the DTD of the given>platform.I don't think I understand this issue... The DTD's default attributes doget included in the result, certainly. But the DTD should be specifiedaspart of the testcase, so that shouldn't be an issue. If you may berunningagainst multiple DTDs (eg for HTML), either specify which one much beusedfor this test or enumerate what the results should be for each.______________________________________Joe Kesselman  / IBM Research",
            "docno": "lists-100-12402302",
            "received": "Mon Apr  9 16:20:57 2001",
            "isoreceived": "20010409202057",
            "sent": "Mon, 9 Apr 2001 13:19:46 -0700",
            "isosent": "20010409201946",
            "name": "Markus Mielke",
            "email": "ke@microsoft.com",
            "subject": "RE: Ideas collected during the W3C QA Workshop",
            "id": "012E4D835491A2489BB3B9AD7F086FF2798C21@red-msg-05.redmond.corp.microsoft.com",
            "charset": "us-ascii",
            "inreplyto": "Ideas collected during the W3C QA Workshop",
            "expires": "-1",
            "to": " Markus Mielke\n",
            "cc": " www-dom-ts@w3.org\n"
        },
        {
            "body": "I'm not sure where the group is with respect to categorizing tests.Talking with Dimitris he asked me to send my ideas to this list.I propose that we do something like this:<test domLevel=\"2\" domModule=\"Events\" domFeature=\"Mouse\"appliesToMarkup=\"HTML\" resultTesting=\"Exception\" ... />appliesToMarkup could be:HTML OnlyXML OnlyBothresultTesting could be:ExceptionValueCheckEtc...This would allow test harnesses to filter tests for running andcategorize reporting of results.Thanks,Rob RelyeaProgram Manager, Internet Explorer Programmabilityrrelyea@microsoft.com",
            "docno": "lists-100-16445637",
            "received": "Wed Jun 13 15:43:28 2001",
            "isoreceived": "20010613194328",
            "sent": "Wed, 13 Jun 2001 12:42:44 -0700",
            "isosent": "20010613194244",
            "name": "Rob Relyea",
            "email": "rrelyea@microsoft.com",
            "subject": "Proposal for categorizing",
            "id": "DD62C16D92CF434CA50283B8E11F3A3F02E83CA9@red-msg-06.redmond.corp.microsoft.com",
            "charset": "us-ascii",
            "expires": "-1",
            "to": "<www-dom-ts@w3.org>\n",
            "cc": "\"Jason Brittsan\"<jasonbri@microsoft.com>,\"Markus Mielke\"<mmielke@microsoft.com>\n"
        },
        {
            "body": "We collected a couple of ideas and statements during the W3C QualityAssurance Seminar, which I would like to present to the mailing list forfurther discussion. I wrote up the first draft from my memory andcollected comments by all other participants. Right now, everything iscollected in one big e-mail but if people are interested in certainaspects please copy the respective part and open up a separate mailingthread. Looking forward to feedback.-- Markus_______________________________________Summary of ideas collected by:MaryBrady [mb], NISTJason Brittsan [jb], MicrosoftDimitris Dimitriadis [DD], ImproveMarkus Mielke [mm], MicrosoftTechnical details:* To decrease time in test suite development:1. Provide a library of individual test cases contributed by members.These test cases may be of a specific language binding to speed up theprocess. Ideally, these test cases are already written and can be easilysubmitted.(OK; DD, MB.)2. Develop a generic framework (using XML and transformation methods),which allows for multiple language bindings and automated testgeneration. (Being developed; DD.)a. NIST will provide an updated look at this language (2 weeks)* Modularization of test cases.  The problem is that the DOM Specexplicitly calls out exceptions to allow multiple implementation systemsto be compliant.  For example, in DOM Level 1 there are notes forsystems that do not support the concept of reporting exceptions andimplementations that are HTML-Only or XML.  The best way to incorporatethese exceptions in the spec is by having a modularized test suit.[Categorization according to specification, being looked into; DD.]Yes, but maybe we should air some of the concerns on the dom-ts list andtry to come to agreement on the categorization [mb]Suggestion for DOM Level 1:o Core: HTML-Only With Exceptionso Core: HTML-Only Without Exceptionso Core: XML With Exceptionso Core: XML Without Exceptionso HTML (Exceptions are not used in HTML)Dom Level 2: ???Dom Level 3: ???Would it be more useful to try to provide configurable exceptions -maybe a set of entity def's that captures exceptions thrown by aparticular vendor, which are then used in the tests, or not check forexceptions at all in cases where the method used is optional.  Doesn'tthe spec indicate that an exception must be thrown? [mb]The entity def approach could work, but it would require the XML file tobe edited/regenerated every time the script error message changes.  (Idon't know how often this might happen).  Also, the spec states \"Somelanguages and object systems do not support the concept of exceptions.For such systems, error conditions may be indicated using native errorreporting mechanisms.\" So, the spec says that an error must be thrown,but doesn't mandate that the error must be an exception. [jb]* Beside the test development currently in progress it is useful to havea test spec to give a quick overview of areas covered, allow theparticipants to verify the reasoning behind the grouping of tests and toexpose possible holes in the coverage.(Definitely, Action item on me; DD.)Yes - I agree - I'll get a complete list of our semantic requirementstogether for you - you may be able to start from there. [mb]In addition to the semantic requirements, I think that a list of testcases is necessary.  Also, a test matrix would be useful. [jb]* We need to guarantee platform independence of our tests. Tests shouldnot rely on the tree structure unless explicitly specified by the spec.(I agree with the first sentence, not quite sure what you mean by thesecond; DD.)  Are you pointing to the problems that are exposed as aresult of whitespace issues and entity expansion issues?  If so, do youthink that this could be handled by toggling expected results based onwhether an implementation has these features turned on or off, or is itmore difficult? [mb]I think the issue being addressed here is that tests shouldn't expectelements in any particular order.   For instance, a test should notexpect a list of attributes on an element in any particular order.  Itshould only expect that the attributes are present. [jb]Structural details:* To be successful in the future, we need a solid foundation of ourtesting structure.* We need a database for issue tracking. E-mail (even archived) is notsufficient.(W3C CVS; DD)The sooner we get this configured for our use and the proper folks haveaccess to it, the better. [mb]CVS is strictly a source management system.  There needs to be a webbased issue (bug) tracking system that is available to all member of thedom-ts list.  There are defect tracking tools available athttp://www.download.com, but I can't make any recommendations. [jb]* Test case submissions should be entered in a database to insure allsubmissions are tracked, backed up and easily accessible.  This processshould also incorporate a source control solution.(W3C Tracking system; DD)I'm not familiar with the W3C Tracking system - can I get more info?[mb]I believe this can be done with a combination of a source controlutility (CVS) and a simple database for entering the date/time,submitter, case title, etc. [jb]* The desired XML test case description format should be published.  Itwould also be helpful to provide a template and/or sample test cases.(Allow two weeks; DD)I agree, but there are some issues that we should probably discuss onthe e-mail list - when we are fairly sure that what we have issufficient, let's make it available officially, and have one place thatwe can all go to get the latest version - it may change slightly as wego along and uncover additional needs. [mb]Agreed. One centralized location and an official release are what weneed. [jb]Open issues:* The idea is that the test suite is platform independent. How do weprovide tests for definitions, like the attribute collection? The numberof returned attributes is dependent on the DTD of the given platform. Isthere a min-bar, like the attribute collections exists or not tovalidate these kinds of tests?(DD to W3C WG)Can you forward a concrete example of this in the form of a test? [mb]I think this issue goes along with the last bullet under technicaldetails.  Attaching a test case for the attributes collection:  In IE,this case will alert approximately 80 attributes because assign all (ornearly all) attributes a default value of an empty string.  Netscape 6assigns no default attributes.  A min-bar would dictate a minimum set ofattributes that should be defined (either by default of by declaration).[jb]",
            "docno": "lists-100-12316359",
            "received": "Sun Apr  8 16:42:32 2001",
            "isoreceived": "20010408204232",
            "sent": "Sun, 8 Apr 2001 13:41:53 -0700",
            "isosent": "20010408204153",
            "name": "Markus Mielke",
            "email": "ke@microsoft.com",
            "subject": "Ideas collected during the W3C QA Workshop",
            "id": "012E4D835491A2489BB3B9AD7F086FF2798C1D@red-msg-05.redmond.corp.microsoft.com",
            "charset": "us-ascii",
            "expires": "-1",
            "to": "<www-dom-ts@w3.org>\n"
        },
        {
            "body": "Thanks very much for your notes, Markus, and welcome to the mailing list(you too, Jason).I've taken the liberty of dividing your email into more readable sectionsand posted them as separate emails to the list. I've included some commentsof my own and look forward to seeing the discussion start./Dimitris-----Ursprungligt meddelande-----Fr?n: Markus Mielke [mailto:mmielke@microsoft.com]Skickat: den 8 april 2001 22:42Till: www-dom-ts@w3.org?mne: Ideas collected during the W3C QA WorkshopWe collected a couple of ideas and statements during the W3C QualityAssurance Seminar, which I would like to present to the mailing list forfurther discussion. I wrote up the first draft from my memory andcollected comments by all other participants. Right now, everything iscollected in one big e-mail but if people are interested in certainaspects please copy the respective part and open up a separate mailingthread. Looking forward to feedback.-- Markus_______________________________________Summary of ideas collected by:MaryBrady [mb], NISTJason Brittsan [jb], MicrosoftDimitris Dimitriadis [DD], ImproveMarkus Mielke [mm], MicrosoftTechnical details:* To decrease time in test suite development:1. Provide a library of individual test cases contributed by members.These test cases may be of a specific language binding to speed up theprocess. Ideally, these test cases are already written and can be easilysubmitted.(OK; DD, MB.)2. Develop a generic framework (using XML and transformation methods),which allows for multiple language bindings and automated testgeneration. (Being developed; DD.)a. NIST will provide an updated look at this language (2 weeks)* Modularization of test cases.  The problem is that the DOM Specexplicitly calls out exceptions to allow multiple implementation systemsto be compliant.  For example, in DOM Level 1 there are notes forsystems that do not support the concept of reporting exceptions andimplementations that are HTML-Only or XML.  The best way to incorporatethese exceptions in the spec is by having a modularized test suit.[Categorization according to specification, being looked into; DD.]Yes, but maybe we should air some of the concerns on the dom-ts list andtry to come to agreement on the categorization [mb]Suggestion for DOM Level 1:o Core: HTML-Only With Exceptionso Core: HTML-Only Without Exceptionso Core: XML With Exceptionso Core: XML Without Exceptionso HTML (Exceptions are not used in HTML)Dom Level 2: ???Dom Level 3: ???Would it be more useful to try to provide configurable exceptions -maybe a set of entity def's that captures exceptions thrown by aparticular vendor, which are then used in the tests, or not check forexceptions at all in cases where the method used is optional.  Doesn'tthe spec indicate that an exception must be thrown? [mb]The entity def approach could work, but it would require the XML file tobe edited/regenerated every time the script error message changes.  (Idon't know how often this might happen).  Also, the spec states \"Somelanguages and object systems do not support the concept of exceptions.For such systems, error conditions may be indicated using native errorreporting mechanisms.\" So, the spec says that an error must be thrown,but doesn't mandate that the error must be an exception. [jb]* Beside the test development currently in progress it is useful to havea test spec to give a quick overview of areas covered, allow theparticipants to verify the reasoning behind the grouping of tests and toexpose possible holes in the coverage.(Definitely, Action item on me; DD.)Yes - I agree - I'll get a complete list of our semantic requirementstogether for you - you may be able to start from there. [mb]In addition to the semantic requirements, I think that a list of testcases is necessary.  Also, a test matrix would be useful. [jb]* We need to guarantee platform independence of our tests. Tests shouldnot rely on the tree structure unless explicitly specified by the spec.(I agree with the first sentence, not quite sure what you mean by thesecond; DD.)  Are you pointing to the problems that are exposed as aresult of whitespace issues and entity expansion issues?  If so, do youthink that this could be handled by toggling expected results based onwhether an implementation has these features turned on or off, or is itmore difficult? [mb]I think the issue being addressed here is that tests shouldn't expectelements in any particular order.   For instance, a test should notexpect a list of attributes on an element in any particular order.  Itshould only expect that the attributes are present. [jb]Structural details:* To be successful in the future, we need a solid foundation of ourtesting structure.* We need a database for issue tracking. E-mail (even archived) is notsufficient.(W3C CVS; DD)The sooner we get this configured for our use and the proper folks haveaccess to it, the better. [mb]CVS is strictly a source management system.  There needs to be a webbased issue (bug) tracking system that is available to all member of thedom-ts list.  There are defect tracking tools available athttp://www.download.com, but I can't make any recommendations. [jb]* Test case submissions should be entered in a database to insure allsubmissions are tracked, backed up and easily accessible.  This processshould also incorporate a source control solution.(W3C Tracking system; DD)I'm not familiar with the W3C Tracking system - can I get more info?[mb]I believe this can be done with a combination of a source controlutility (CVS) and a simple database for entering the date/time,submitter, case title, etc. [jb]* The desired XML test case description format should be published.  Itwould also be helpful to provide a template and/or sample test cases.(Allow two weeks; DD)I agree, but there are some issues that we should probably discuss onthe e-mail list - when we are fairly sure that what we have issufficient, let's make it available officially, and have one place thatwe can all go to get the latest version - it may change slightly as wego along and uncover additional needs. [mb]Agreed. One centralized location and an official release are what weneed. [jb]Open issues:* The idea is that the test suite is platform independent. How do weprovide tests for definitions, like the attribute collection? The numberof returned attributes is dependent on the DTD of the given platform. Isthere a min-bar, like the attribute collections exists or not tovalidate these kinds of tests?(DD to W3C WG)Can you forward a concrete example of this in the form of a test? [mb]I think this issue goes along with the last bullet under technicaldetails.  Attaching a test case for the attributes collection:  In IE,this case will alert approximately 80 attributes because assign all (ornearly all) attributes a default value of an empty string.  Netscape 6assigns no default attributes.  A min-bar would dictate a minimum set ofattributes that should be defined (either by default of by declaration).[jb]",
            "docno": "lists-100-12362738",
            "received": "Mon Apr  9 08:39:32 2001",
            "isoreceived": "20010409123932",
            "sent": "Mon, 9 Apr 2001 13:17:20 +0200 ",
            "isosent": "20010409111720",
            "name": "Dimitris Dimitriadis",
            "email": "dimitris.dimitriadis@improve.se",
            "subject": "SV: Ideas collected during the W3C QA Workshop",
            "id": "9F67DC27F4CCD311ABA600508B6A66A4319B7F@VXOIMP1",
            "charset": "iso-8859-1",
            "expires": "-1",
            "to": "www-dom-ts@w3.org\n"
        }
    ]
}