{
    "id": "candidate-0094",
    "name": "Yin-Leng Husband",
    "gender": "FEMALE",
    "email": "Yin-Leng.Husband@hp.com",
    "mails": [
        {
            "body": "> I would also be grateful if you could note down briefly> -what interests you in the GEO meeting,> -what you are hoping to take away from the meeting, and> -what days/times you are intended to attend.Apologies. I meant to add \"and send your note to me at ishida@w3.org\".Thanks.RI============Richard IshidaW3Ctel: +44 1753 480 292http://www.w3.org/International/http://www.w3.org/People/Ishida/> -----Original Message-----> From: Richard Ishida [mailto:ishida@w3.org]> Sent: 20 February 2003 15:08> To: 'Steve Bratt'; 'Karl Dubost'; 'Ivan Herman'; 'Olivier> Thereaux'; 'Marie-Claire Forgue'; lojek@gmx.net;> charles@w3.org; Yin-Leng.Husband@hp.com; Gerald.edgar@boeing.com> Cc: Richard Ishida; public-i18n-geo@w3.org> Subject: Your attendance at the GEO FTF at the Technical Plenary>>> Dear FTF observers,>> Thankyou for your interest in observing the GEO face to face> meeting at the Technical Plenary in Boston.  We look forward> to seeing you there.>> So as not to slow down the discussion, I would be grateful if> you would read the following documents before arriving:> -http://www.w3.org/International/geo/framework/> -http://www.w3.org/International/geo/html-tech/> -> http://www.w3.org/International/geo/upload/2003/02/html-authoring-ch.htmlI would also be grateful if you could note down briefly-what interests you in the GEO meeting,-what you are hoping to take away from the meeting, and-what days/times you are intended to attend.You can find a first cut at the agenda athttp://www.w3.org/International/geo/2003/02/ftf-agenda-200303.htmlMany thanks,Richard============Richard IshidaW3Ctel: +44 1753 480 292http://www.w3.org/International/ http://www.w3.org/People/Ishida/",
            "docno": "lists-015-16744162",
            "received": "Thu Feb 20 10:12:49 2003",
            "isoreceived": "20030220151249",
            "sent": "Thu, 20 Feb 2003 15:11:47 0000",
            "isosent": "20030220151147",
            "name": "Richard Ishida",
            "email": "shida@w3.org",
            "subject": "RE: Your attendance at the GEO FTF at the Technical Plenary",
            "id": "002201c2d8f2$642d97b0$d901000a@w3c40upc3ma3j2",
            "charset": "usascii",
            "inreplyto": "002101c2d8f1$e7900ad0$d901000a&#64;w3c40upc3ma3j2",
            "expires": "1",
            "to": "<ishida@w3.org>,\"'Steve Bratt'\"<steve@w3.org>,\"'Karl Dubost'\"<karl@w3.org>,\"'Ivan Herman'\"<ivan@w3.org>,\"'Olivier Thereaux'\"<ot@w3.org>,\"'Marie-Claire Forgue'\"<mcf@w3.org>,<lojek@gmx.net>,<charles@w3.org>,<Yin-Leng.Husband@hp.com>,<Gerald.edgar@boeing.com>\n",
            "cc": "<public-i18n-geo@w3.org>\n"
        },
        {
            "body": "hi,Could someone email me the numbe to call?Hao-----Original Message-----From: Heather Kregercolleen.evans@sonicsoftware.com; prasad.yendluri@webmethods.com;sandkuma@cisco.com; Yin-Leng.Husband@hp.com; Mark Potts; jim.willits@hp.com;DD.Ganguly@ca.comSent: 11/19/02 5:24 AMSubject: [MTF] Presentation given at W3C F2F by MTF on MTF progressHere is the presentation I gave last week at theW3C Face to Face from the Management Task Force about theprogress of the Management Task Force.(See attached file: W3cF2F.management.111202.zip)Heather KregerWeb Services Lead ArchitectSTSM, SWG Emerging Technologykreger@us.ibm.com919-543-3211 (t/l 441)  cell:919-496-9572<<W3cF2F.management.111202.zip>>text/plain attachment: InterScan_Disclaimer.txt",
            "docno": "lists-098-11868835",
            "received": "Tue Nov 19 16:12:52 2002",
            "isoreceived": "20021119211252",
            "sent": "Wed, 20 Nov 2002 08:09:50 +1100",
            "isosent": "20021119210950",
            "name": "Hao He",
            "email": "Hao.He@thomson.com.au",
            "subject": "Meeting today",
            "id": "686B9E7C8AA57A45AE8DDCC5A81596AB046AE1A0@sydthqems01.INT.TISA.COM.AU",
            "charset": "iso-8859-1",
            "expires": "-1",
            "to": " www-archive@w3c.org\n",
            "cc": " 'Sedukhin, Igor'; ECKERT,ZULAH (HP-Cupertino,ex1); Hao He;\n"
        },
        {
            "body": "Dear FTF observers,Thankyou for your interest in observing the GEO face to face meeting atthe Technical Plenary in Boston.  We look forward to seeing you there.So as not to slow down the discussion, I would be grateful if you wouldread the following documents before arriving:-http://www.w3.org/International/geo/framework/-http://www.w3.org/International/geo/html-tech/-http://www.w3.org/International/geo/upload/2003/02/html-authoring-ch.htmlI would also be grateful if you could note down briefly-what interests you in the GEO meeting,-what you are hoping to take away from the meeting, and-what days/times you are intended to attend.You can find a first cut at the agenda athttp://www.w3.org/International/geo/2003/02/ftf-agenda-200303.htmlMany thanks,Richard============Richard IshidaW3Ctel: +44 1753 480 292http://www.w3.org/International/http://www.w3.org/People/Ishida/",
            "docno": "lists-015-16732499",
            "received": "Thu Feb 20 10:09:25 2003",
            "isoreceived": "20030220150925",
            "sent": "Thu, 20 Feb 2003 15:08:17 0000",
            "isosent": "20030220150817",
            "name": "Richard Ishida",
            "email": "shida@w3.org",
            "subject": "Your attendance at the GEO FTF at the Technical Plenary",
            "id": "002101c2d8f1$e7900ad0$d901000a@w3c40upc3ma3j2",
            "charset": "usascii",
            "expires": "1",
            "to": "\"'Steve Bratt'\"<steve@w3.org>,\"'Karl Dubost'\"<karl@w3.org>,\"'Ivan Herman'\"<ivan@w3.org>,\"'Olivier Thereaux'\"<ot@w3.org>,\"'Marie-Claire Forgue'\"<mcf@w3.org>,<lojek@gmx.net>,<charles@w3.org>,<Yin-Leng.Husband@hp.com>,<Gerald.edgar@boeing.com>\n",
            "cc": "\"Richard Ishida\"<ishida@w3.org>,<public-i18n-geo@w3.org>\n"
        },
        {
            "body": "Here is the presentation I gave last week at theW3C Face to Face from the Management Task Force about theprogress of the Management Task Force.(See attached file: W3cF2F.management.111202.zip)Heather KregerWeb Services Lead ArchitectSTSM, SWG Emerging Technologykreger@us.ibm.com919-543-3211 (t/l 441)  cell:919-496-9572application/zip attachment: W3cF2F.management.111202.zip",
            "docno": "lists-098-11839369",
            "received": "Mon Nov 18 13:26:06 2002",
            "isoreceived": "20021118182606",
            "sent": "Mon, 18 Nov 2002 11:24:44 -0700",
            "isosent": "20021118182444",
            "name": "Heather Kreger",
            "email": "kreger@us.ibm.com",
            "subject": "[MTF] Presentation given at W3C F2F by MTF on MTF progress",
            "id": "OF79213804.7418E81E-ON85256C75.0064A887@us.ibm.com",
            "charset": "US-ASCII",
            "expires": "-1",
            "to": "www-archive@w3c.org\n",
            "cc": "\"'Sedukhin, Igor'\"<Igor.Sedukhin@ca.com>,\"ECKERT,ZULAH (HP-Cupertino,ex1)\"<zulah_eckert@hp.com>,hao.he@thomson.com.au,colleen.evans@sonicsoftware.com,prasad.yendluri@webmethods.com,sandkuma@cisco.com,Yin-Leng.Husband@hp.com,\"Mark Potts\"<mark.potts@talkingblocks.com>,jim.willits@hp.com,DD.Ganguly@ca.com\n"
        }
    ]
}