{
    "id": "candidate-0076",
    "name": "Chris Wilson",
    "gender": "MALE",
    "email": "cwilso@microsoft.com",
    "mails": [
        {
            "body": "This could also be done as a javascript - in PERL the action you want to doiss/onmouseover=\"([^\"]+)\"/onmouseover=\"$1\" onfocus=\"$1\"/I used to have a WordBasic script that did something similar. Basically yusearch for onmouseover=\", get to the quotation mark, put everything up to thenext quotation mark in a buffer, and then add an onfocus=\"(whatevris in thebuffer)\" attribute. Or you could work through the DOM - for those who haveone, such as IE, that helps interoperability...This is based on the fact that there are not pages which use onfocus andonmouseover to do different things. Since that would represent a very wierdappraoch to user interface design, I think it is a safe assumption.  similarprocess can be applied to onmouseout/onblur, which i think is justified forthe same reason.Charles McCNOn Thu, 2 Sep 1999, Charles McCathieNevile wrote:Include elements which have a mouseover in the tabbing order (I think IE onlyrecognises the attribute on links anyway, so that isn't very hard) andprovide an option to link onmouseover and onfocus as teh same event.Charles McCNOn Thu, 2 Sep 1999, Chris Wilson wrote:I'd be interested in hearing suggestions about how a UA might providemouse-over activation without a mouse.  We haven't thought up any goodsolutions.-Chris WilsonInternet Explorer Team-----Original Message-----From: Charles McCathieNevile [mailto:charles@w3.org]Sent: Thursday, September 02, 1999 8:44 AMTo: WAI UA groupSubject: test suitesOne of the things that the CSS working group has produced is test suites - aset of pages you can use to check whether you conform.In reading through the evaluation tests I noticed that there are certainclear things that should be checked. A classic example is keyboardactivation- how does a user activate an onMouseover without a mouse?perhaps we should create some example pages for testing.This also relates to WCAG - what should we test for in areas where WCAG hasan \"until user agents\" requirement? SHould we test pages which conform toWCAG, or pages which do not, or both?Hmm. I feel like I have asked a lot of questions in the last week or so, andhave not offered much in the way of answers or even suggested answers.Charles McCN--Charles McCathieNevile            mailto:charles@w3.orgphone: +1 617 258 0992   http://www.w3.org/People/CharlesW3C Web Accessibility Initiative    http://www.w3.org/WAIMIT/LCS  -  545 Technology sq., Cambridge MA, 02139,  USA--Charles McCathieNevile            mailto:charles@w3.orgphone: +1 617 258 0992   http://www.w3.org/People/CharlesW3C Web Accessibility Initiative    http://www.w3.org/WAIMIT/LCS  -  545 Technology sq., Cambridge MA, 02139,  USA--Charles McCathieNevile            mailto:charles@w3.orgphone: +1 617 258 0992   http://www.w3.org/People/CharlesW3C Web Accessibility Initiative    http://www.w3.org/WAIMIT/LCS  -  545 Technology sq., Cambridge MA, 02139,  USA",
            "docno": "lists-083-1854861",
            "received": "Thu Sep  2 12:52:15 1999",
            "isoreceived": "19990902165215",
            "sent": "Thu, 2 Sep 1999 12:52:13 -0400 (EDT)",
            "isosent": "19990902165213",
            "name": "Charles McCathieNevile",
            "email": "charles@w3.org",
            "subject": "RE: test suites",
            "id": "Pine.LNX.4.10.9909021245060.22226-100000@tux.w3.org",
            "charset": "US-ASCII",
            "inreplyto": "Pine.LNX.4.10.9909021232160.22226-100000&#64;tux.w3.org",
            "expires": "-1",
            "to": " Chris Wilson<cwilso@microsoft.com>\n",
            "cc": " WAI UA group<w3c-wai-ua@w3.org>, Rob Relyea<rrelyea@microsoft.com>\n"
        },
        {
            "body": "It's not actually lost; any character can be escaped in a CSS selector'in CSS1, selectors...can also contain escaped characters and anyUnicode character as a numeric code...the backslash followed by at mostfour hexadecimal digits (0..9A..F) stands for the Unicode character withthat number...any character except a digit can be escaped to remove itsspecial meaning, by putting a backslash in front, Example: \"\\\"\" is astring consisting of one double quote.'Does this suffice to address your concerns?-ChrisChris Wilsoncwilso@microsoft.com( And no, Internet Explorer 3.0 did not support this.  :^) )>-----Original Message----->From:Paul Prescod [SMTP:papresco@calum.csclub.uwaterloo.ca]>Sent:Friday, November 15, 1996 9:52 AM>To:Chris Wilson (PSD); 'Paul Prescod'; 'w3c-sgml-wg@w3.org'>Subject:RE: CSS1 becomes W3C Proposed Recommendation>>At 09:26 AM 11/15/96 -0800, Chris Wilson (PSD) wrote:>>Sorry, I haven't been paying as close attention to this list as perhaps>>I should have.  What's the problem with CSS using '.' as a class>>selector indicator?>>It is a useful SGML NAME character:>><THIS.THAT ID=\"Introduction.Opening.Paragraph\">>>Since the SGML Reference Concrete Syntax (\"regular SGML\") doesn't allow>underscore as a word-joiner, the loss of \".\" is a problem.>> Paul Prescod>--->Boycott Shell Oil worldwide!  http://www.web.apc.org/embargo/shell.htm>>\"Shell is here on trial and it is as well that it is represented by counsel>said to be holding a watching brief.\"...\"The ecological war that the Company>has waged in the Delta will be called to question sooner than later.\" -Ken>Saro-Wiwa to the tribunal that later executed him.>http://www.goldmanprize.org/goldman/ken.html>",
            "docno": "lists-054-7814596",
            "received": "Fri Nov 15 13:53:11 1996",
            "isoreceived": "19961115185311",
            "sent": "Fri, 15 Nov 1996 10:39:19 -0800",
            "isosent": "19961115183919",
            "name": ".  According to section 7.2 of the CSS PR,",
            "email": "cwilso@MICROSOFT.com",
            "subject": "RE: CSS1 becomes W3C Proposed Recommendation",
            "id": "c=US%a=_%p=msft%l=RED-76-MSG-961115183919Z-5890@mail4.microsoft.com",
            "inreplyto": "CSS1 becomes W3C Proposed Recommendation",
            "expires": "-1",
            "to": "\"'Paul Prescod'\"<papresco@calum.csclub.uwaterloo.ca>,\"'w3c-sgml-wg@w3.org'\"<w3c-sgml-wg@w3.org>\n"
        },
        {
            "body": "Chris,One way the group has discussed is to make elements that can respond toevents (like mouse over) part of the list of active elements that the usercan sequentially move to with the TAB key of IE.  The user could then use akeyboard command to get a list of events an element can respond to andsimulate the event by selecting it from the list.  This should be a userconfigurable option, due to the potential impact on the number of elementsthe user would need to navigate (for example if their was an event on theBODY element every element in the document would be associated with thatevent).  The number of elements could potentially be more managable if onlyelements with explicit event handlers were added to the list of activeelements.JonAt 08:50 AM 9/2/99 -0700, you wrote:>I'd be interested in hearing suggestions about how a UA might provide>mouse-over activation without a mouse.  We haven't thought up any good>solutions.>>-Chris Wilson> Internet Explorer Team>>-----Original Message----->From: Charles McCathieNevile [mailto:charles@w3.org]>Sent: Thursday, September 02, 1999 8:44 AM>To: WAI UA group>Subject: test suites>>>One of the things that the CSS working group has produced is test suites - a>set of pages you can use to check whether you conform.>>In reading through the evaluation tests I noticed that there are certain>clear things that should be checked. A classic example is keyboard>activation>- how does a user activate an onMouseover without a mouse?>>perhaps we should create some example pages for testing.>>This also relates to WCAG - what should we test for in areas where WCAG has>an \"until user agents\" requirement? SHould we test pages which conform to>WCAG, or pages which do not, or both?>>Hmm. I feel like I have asked a lot of questions in the last week or so, and>have not offered much in the way of answers or even suggested answers.>>Charles McCN>>--Charles McCathieNevile            mailto:charles@w3.org>phone: +1 617 258 0992   http://www.w3.org/People/Charles>W3C Web Accessibility Initiative    http://www.w3.org/WAI>MIT/LCS  -  545 Technology sq., Cambridge MA, 02139,  USA",
            "docno": "lists-083-1992906",
            "received": "Fri Sep  3 16:13:33 1999",
            "isoreceived": "19990903201333",
            "sent": "Fri, 03 Sep 1999 15:18:21 -0700",
            "isosent": "19990903221821",
            "name": "Jon Gunderson",
            "email": "jongund@uiuc.edu",
            "subject": "RE: test suites",
            "id": "4.1.19990903150948.00ced9c0@staff.uiuc.edu",
            "charset": "us-ascii",
            "inreplyto": "C35556591D34D111BB5600805F1961B90C311A0B&#64;RED-MSG-47",
            "expires": "-1",
            "to": " Chris Wilson<cwilso@microsoft.com>\n",
            "cc": "w3c-wai-ua@w3.org\n"
        },
        {
            "body": "At 01:45 AM 11/16/96 -0500, Arjun Ray wrote:>At 10:39 AM 11/15/96 -0800, Chris Wilson (PSD) wrote:>>It's not actually lost; any character can be escaped in a CSS selector>>name.  According to section 7.2 of the CSS PR,...>>Does this suffice to address your concerns?>>No. It would be much simpler all around for interoperability if CSS1 abided>by the naming conventions of the Reference Concrete Syntax. In fact, insofar>as CSS1 has some (integral?) relation with HTML, I see no reason why it>shouldn't square with naming conventions legal in HTML.Perhaps CSS could choose from:_~`!@\"$%^&*;:'<>/?, etc.Really, the only \"funny characters\" allowed within names in HTML or SGML RCSDTDs are \".-\". SGML is really not being unreasonable on this point.Paul Prescod---Boycott Shell Oil worldwide!  http://www.web.apc.org/embargo/shell.htm\"Shell is here on trial and it is as well that it is represented by counselsaid to be holding a watching brief.\"...\"The ecological war that the Companyhas waged in the Delta will be called to question sooner than later.\" -KenSaro-Wiwa to the tribunal that later executed him.http://www.goldmanprize.org/goldman/ken.html",
            "docno": "lists-054-7943785",
            "received": "Sat Nov 16 11:38:19 1996",
            "isoreceived": "19961116163819",
            "sent": "Sat, 16 Nov 1996 11:40:12 -0500",
            "isosent": "19961116164012",
            "name": "Paul Prescod",
            "email": "papresco@calum.csclub.uwaterloo.ca",
            "subject": "&quot;.&quot; as CSS Class Selector Shortcut char",
            "id": "1.5.4.32.19961116164012.00d070c4@csclub.uwaterloo.ca",
            "charset": "us-ascii",
            "expires": "-1",
            "to": " Arjun Ray<aray@nmds.com>,\"Chris Wilson (PSD)\"<cwilso@microsoft.com>,\"'Paul Prescod'\"<papresco@calum.csclub.uwaterloo.ca>,\"'w3c-sgml-wg@w3.org'\"<w3c-sgml-wg@w3.org>\n"
        },
        {
            "body": "It will remove it.  setCssText is setting the _entire_ cssText - otherwise,it should be called \"appendCssText\".-----Original Message-----From: bbrodie@savagesoftware.com [mailto:bbrodie@savagesoftware.com]Sent: Thursday, September 14, 2000 2:27 PMSubject: Expected behavior of CSSRule's setCssText.Should the setCssText method of a CSSRule that contains a styledeclaration [eg. CSSStyleRule] behave similarly to the setCssText ofCSSStyleDeclaration.  I.e can it be used to add CSSValues to the rule'sinternal style declaration.  Example:styleRule.setCssText(\"H1 {font-size: 10pt}\");styleRule.setCssText(\"H1 {ascent:10}\");Should the last line remove 'font-size' from the style's internal styledeclaration or will it simply append the 'ascent' value, leaving the'font-size' value intact.  The latter behavior seems the more reasonablesolution, but it is not stated in the specification.  If the formerbehavior is followed then there will be problems dealing with outstandingCSSValues.Thanks for the clarification.---Blaine",
            "docno": "lists-103-8365687",
            "received": "Thu Sep 14 20:00:01 2000",
            "isoreceived": "20000915000001",
            "sent": "Thu, 14 Sep 2000 16:59:21 -0700",
            "isosent": "20000914235921",
            "name": "Chris Wilson",
            "email": "cwilso@microsoft.com",
            "subject": "RE: Expected behavior of CSSRule's setCssText.",
            "id": "72129E9450B396458A1149FA7AFAD8CAA15FEC@red-msg-05.redmond.corp.microsoft.com",
            "inreplyto": "Expected behavior of CSSRule's setCssText.",
            "expires": "-1",
            "to": " www-dom@w3.org\n"
        },
        {
            "body": ">It will remove it.  setCssText is setting the _entire_ cssText ->otherwise,>it should be called \"appendCssText\".Hi Chris,'appendCssText' is probably a better name, however CSSStyleDeclaration'ssetCssText, according to the current description, does not remove anyproperties.  It is only capable of resetting and appending additionalproperties.----Blaine>>>Should the setCssText method of a CSSRule that contains a style>declaration [eg. CSSStyleRule] behave similarly to the setCssText of>CSSStyleDeclaration.  I.e can it be used to add CSSValues to the rule's>internal style declaration.  Example:>styleRule.setCssText(\"H1 {font-size: 10pt}\");>styleRule.setCssText(\"H1 {ascent:10}\");>Should the last line remove 'font-size' from the style's internal style>declaration or will it simply append the 'ascent' value, leaving the>'font-size' value intact.  The latter behavior seems the more reasonable>solution, but it is not stated in the specification.  If the former>behavior is followed then there will be problems dealing with outstanding>CSSValues.",
            "docno": "lists-103-8394745",
            "received": "Fri Sep 15 16:28:27 2000",
            "isoreceived": "20000915202827",
            "sent": "Fri, 15 Sep 2000 13:28:17 -0700",
            "isosent": "20000915202817",
            "name": "Blaine Brodie",
            "email": "bbrodie@savagesoftware.com",
            "subject": "Re: RE: Expected behavior of CSSRule's setCssText.",
            "id": "fc.0085846d00011e063b9aca0023705192.11e09@savagesoftware.com",
            "charset": "ISO-8859-1",
            "inreplyto": "72129E9450B396458A1149FA7AFAD8CAA15FEC&#64;red-msg-05.redmond.corp.microsoft.com",
            "expires": "-1",
            "to": "www-dom@w3.org,cwilso@microsoft.com\n"
        },
        {
            "body": "Sorry, I haven't been paying as close attention to this list as perhapsI should have.  What's the problem with CSS using '.' as a classselector indicator?-ChrisChris Wilsoncwilso@microsoft.com-[->-----Original Message----->From:Paul Prescod [SMTP:papresco@calum.csclub.uwaterloo.ca]>Sent:Friday, November 15, 1996 8:06 AM>To:w3c-sgml-wg@w3.org>Subject:CSS1 becomes W3C Proposed Recommendation>>If we want to change the CSS class selector character from \".\", we should>set whatever political process is needed into motion immediately. There are>only a few implementations now. We should fix this now.>>We should also consider approaching the HTML ERB to ask them to change the>HTML DTD to be compatible with the XML-HTML DTD as soon as possible (HTML>3.2? Cougar?). This change should not invalidate current documents.>>To: www-style@w3.org>Subject: CSS1 becomes W3C Proposed Recommendation>From: Hakon Lie <howcome@w3.org>>>The CSS1 specification has moved from being a W3C Working Draft to a>W3C Proposed Recommendation. From [1]:>>--->Cascading Style Sheets, level 1>>W3C Proposed Recommendation 12 Nov 1996> ..>Status of this document>>This document is in the course of review by the members of the>World-Wide Web Consortium. This is a stable document derived from>internal Working Drafts of the W3C HTML Editorial Review Board and the>public working draft WD-css1-960911. Details of this review have been>distributed to member's representatives. Comments by non-members>should be sent to www-style@w3.org.>>...>>The review period will end on 11 December 1996 24:00 GMT. Within 14 days>from that time, the document's disposition will be announced: it may become>a W3C Recommendation (possibly with minor changes), or it may revert to>Working Draft status, or it may be dropped as a W3C work item. This document>does not at this time imply any endorsement by the Consortium's staff or>member organizations.>--->> Paul Prescod>--->Boycott Shell Oil worldwide!  http://www.web.apc.org/embargo/shell.htm>>\"Shell is here on trial and it is as well that it is represented by counsel>said to be holding a watching brief.\"...\"The ecological war that the Company>has waged in the Delta will be called to question sooner than later.\" -Ken>Saro-Wiwa to the tribunal that later executed him.>http://www.goldmanprize.org/goldman/ken.html>",
            "docno": "lists-054-7784325",
            "received": "Fri Nov 15 12:26:09 1996",
            "isoreceived": "19961115172609",
            "sent": "Fri, 15 Nov 1996 09:26:19 -0800",
            "isosent": "19961115172619",
            "name": "Chris Wilson (PSD)",
            "email": "cwilso@MICROSOFT.com",
            "subject": "RE: CSS1 becomes W3C Proposed Recommendation",
            "id": "c=US%a=_%p=msft%l=RED-76-MSG-961115172619Z-5373@mail4.microsoft.com",
            "inreplyto": "CSS1 becomes W3C Proposed Recommendation",
            "expires": "-1",
            "to": "\"'Paul Prescod'\"<papresco@calum.csclub.uwaterloo.ca>,\"'w3c-sgml-wg@w3.org'\"<w3c-sgml-wg@w3.org>\n"
        },
        {
            "body": "Additionally, I've just created an XML accessibility discussion forum onWebABLE to coincide with my Paris session in May. I wasn't quite ready toformally announce this, but it's available for use. You can find thediscussion forums at www.webable.com and click on the discussion boardsimage link.Regards,MikeAt 08:25 AM 3/12/98 -0800, Chris Wilson wrote:>Absolutely!  http://www.w3.org/DOM/.  It is very active.>>-Chris>>> -----Original Message----->> From:Jon Gunderson [SMTP:jongund@staff.uiuc.edu]>> Sent:Wednesday, March 11, 1998 7:36 PM>> To:Charles (Chuck) Oppermann; w3c-wai-ig@w3.org>> Subject:RE: Future of HTML>>>> Is there a DOM working group for W3C?>> Jon>>>>>> At 06:45 PM 3/11/98 -0800, you wrote:>> >Don't stop working on HTML accessibility - but really concentrate on DOM>> and>> >XML accessibility!>> >>> >People aren't aware of how DOM is being used now and how it can benefit>> (and>> >wreck) the accessibility of HTML.>> >-Chuck>> >>> >-----Original Message----->> >From: Daniel Dardailler [mailto:danield@w3.org]>> >Sent: Wednesday, March 11, 1998 7:01 AM>> >To: w3c-wai-ig@w3.org>> >Subject: Future of HTML>> >>> >>> >>> >W3C will soon organize (May 98) a workshop to set the directions for>> >further work on the future of HTML.>> >>> >HTML4.0 (released in December 97) was a great step forward for Markup>> >accessibility, but we are still very interested in getting input and>> >ideas for improving HTML accessibility from the WAI community>> >(including feedback like \"stop HTML development and concentrate on>> >XML\" for instance).>> >>> >Please send your view to this list, or to me privately if you prefer,>> >before the end of this month. I'll try to gather them in one document>> >tp be used as a WAI position paper for this meeting.>> >>> >Thanks.>> >>> >>> >>> >>> >>> >>> >>> >>> Jon Gunderson, Ph.D., ATP>> Coordinator of Assistive Communication and Information Technology>> Division of Rehabilitation - Education Services>> University of Illinois at Urbana/Champaign>> 1207 S. Oak Street>> Champaign, IL 61820>>>> Voice: 217-244-5870>> Fax: 217-333-0248>> E-mail: jongund@uiuc.edu>> WWW:http://www.staff.uiuc.edu/~jongund>> http://www.als.uiuc.edu/InfoTechAccess>>>",
            "docno": "lists-073-9233156",
            "received": "Thu Mar 12 12:33:53 1998",
            "isoreceived": "19980312173353",
            "sent": "Thu, 12 Mar 1998 12:34:01 -0500",
            "isosent": "19980312173401",
            "name": "Mike Paciello",
            "email": "paciello@yuri.org",
            "subject": "RE: Future of HTML",
            "id": "3.0.32.19980312123359.00a1e100@pop.ma.ultranet.com",
            "charset": "us-ascii",
            "inreplyto": "Future of HTML",
            "expires": "-1",
            "to": " Chris Wilson<cwilso@microsoft.com>,\"'Jon Gunderson'\"<jongund@staff.uiuc.edu>,\"Charles (Chuck) Oppermann\"<chuckop@microsoft.com>,w3c-wai-ig@w3.org\n"
        },
        {
            "body": "hi Chris and Charles:I recall working with certain apps, or perhaps it was certain widgets withinthe UI of an app., when something with selection/focus would react toeither the mouseclick or the spacebar could be substituted for a mouse click. I think theClistboxmay work this way.    Now that I think about it, seems a radio button group,and checkboxs, etc., follow that pattern?markAt 8:50 AM 9/2/99, Chris Wilson wrote:>I'd be interested in hearing suggestions about how a UA might provide>mouse-over activation without a mouse.  We haven't thought up any good>solutions.>>-Chris Wilson> Internet Explorer Team>>-----Original Message----->From: Charles McCathieNevile [mailto:charles@w3.org]>Sent: Thursday, September 02, 1999 8:44 AM>To: WAI UA group>Subject: test suites>>>One of the things that the CSS working group has produced is test suites - a>set of pages you can use to check whether you conform.>>In reading through the evaluation tests I noticed that there are certain>clear things that should be checked. A classic example is keyboard>activation>- how does a user activate an onMouseover without a mouse?>>perhaps we should create some example pages for testing.>>This also relates to WCAG - what should we test for in areas where WCAG has>an \"until user agents\" requirement? SHould we test pages which conform to>WCAG, or pages which do not, or both?>>Hmm. I feel like I have asked a lot of questions in the last week or so, and>have not offered much in the way of answers or even suggested answers.>>Charles McCN>>--Charles McCathieNevile            mailto:charles@w3.org>phone: +1 617 258 0992   http://www.w3.org/People/Charles>W3C Web Accessibility Initiative    http://www.w3.org/WAI>MIT/LCS  -  545 Technology sq., Cambridge MA, 02139,  USA",
            "docno": "lists-083-1866579",
            "received": "Fri Sep  3 10:53:15 1999",
            "isoreceived": "19990903145315",
            "sent": "Fri, 3 Sep 1999 09:54:57 -0500",
            "isosent": "19990903145457",
            "name": "rk novak",
            "email": "novak@facstaff.wisc.edu",
            "subject": "RE: test suites",
            "id": "v01540b03b3f57fd9bb74@[128.104.23.196]",
            "charset": "us-ascii",
            "inreplyto": "st suites",
            "expires": "-1",
            "to": " Chris Wilson<cwilso@microsoft.com>, WAI UA group<w3c-wai-ua@w3.org>\n",
            "cc": " Rob Relyea<rrelyea@microsoft.com>\n"
        },
        {
            "body": "Chris Wilson wrote:>> It will remove it.  setCssText is setting the _entire_ cssText - otherwise,> it should be called \"appendCssText\".>[[[Setting this attribute will result in the parsing of the new value andresetting of the properties in the declaration block. It also allows theinsertion of additional properties and their values into the block.]]]-- Document Object Model CSShttp://www.w3.org/TR/2000/CR-DOM-Level-2-20000510/css.html#CSS-CSSStyleDeclarationWed, 10 May 2000 15:09:02 GMTHum, the cssText description could be better. What about :Setting this attribute will result in the parsing of the new value andresetting of all the properties in the declaration block includingtheremoval or addition of properties.Philippe",
            "docno": "lists-103-8376179",
            "received": "Thu Sep 14 20:14:20 2000",
            "isoreceived": "20000915001420",
            "sent": "Thu, 14 Sep 2000 20:14:11 -0400",
            "isosent": "20000915001411",
            "name": "Philippe Le Hegaret",
            "email": "plh@w3.org",
            "subject": "Re: Expected behavior of CSSRule's setCssText.",
            "id": "39C169D3.62D8E0D6@w3.org",
            "charset": "us-ascii",
            "inreplyto": "72129E9450B396458A1149FA7AFAD8CAA15FEC&#64;red-msg-05.redmond.corp.microsoft.com",
            "expires": "-1",
            "to": " Chris Wilson<cwilso@microsoft.com>\n",
            "cc": "\"'bbrodie@savagesoftware.com'\"<bbrodie@savagesoftware.com>,www-dom@w3.org\n"
        },
        {
            "body": "aloha, chris!is it really necessary to simulate a mouse-over event in the case of exposingthe TITLE attribute when used, for example, as an attribute in the definitionof a horizontal rule?  wouldn't it be simpler to offer the user a choice --i.e. a \"Display Horizontal Rules\" and \"Display Title (where present)\" settingfor horizontal rules?and, while i suppose that this may be a suggestion more appropriately addressedto AT developers, who could substitute the content of the TITLE attribute for ahorizontal rule --  provided, of course, that the AT is capable of making a DOMcall to obtain the necessary information...which mousover events in particular are you attempting to make available to themouseless user?  knowing that would greatly assist us in assisting you...gregory.--------------------------------------------------------He that lives on Hope, dies farting-- Benjamin Franklin, Poor Richard's Almanack, 1763--------------------------------------------------------Gregory J. Rosmaita <unagi69@concentric.net>President, WebMaster, & Minister of Propaganda,VICUG NYC <http://www.hicom.net/~oedipus/vicug/>--------------------------------------------------------",
            "docno": "lists-083-1876139",
            "received": "Fri Sep  3 13:04:39 1999",
            "isoreceived": "19990903170439",
            "sent": "Fri, 03 Sep 1999 13:09:21 -0400",
            "isosent": "19990903170921",
            "name": "Gregory J. Rosmaita",
            "email": "unagi69@concentric.net",
            "subject": "RE: test suites",
            "id": "4.1.19990903130156.009c5870@pop3.concentric.net",
            "charset": "us-ascii",
            "inreplyto": "C35556591D34D111BB5600805F1961B90C311A0B&#64;RED-MSG-47",
            "expires": "-1",
            "to": " Chris Wilson<cwilso@microsoft.com>\n",
            "cc": " User Agent Guidelines Emailing List<w3c-wai-ua@w3.org>\n"
        },
        {
            "body": "Include elements which have a mouseover in the tabbing order (I think IE onlyrecognises the attribute on links anyway, so that isn't very hard) andprovide an option to link onmouseover and onfocus as teh same event.Charles McCNOn Thu, 2 Sep 1999, Chris Wilson wrote:I'd be interested in hearing suggestions about how a UA might providemouse-over activation without a mouse.  We haven't thought up any goodsolutions.-Chris WilsonInternet Explorer Team-----Original Message-----From: Charles McCathieNevile [mailto:charles@w3.org]Sent: Thursday, September 02, 1999 8:44 AMTo: WAI UA groupSubject: test suitesOne of the things that the CSS working group has produced is test suites - aset of pages you can use to check whether you conform.In reading through the evaluation tests I noticed that there are certainclear things that should be checked. A classic example is keyboardactivation- how does a user activate an onMouseover without a mouse?perhaps we should create some example pages for testing.This also relates to WCAG - what should we test for in areas where WCAG hasan \"until user agents\" requirement? SHould we test pages which conform toWCAG, or pages which do not, or both?Hmm. I feel like I have asked a lot of questions in the last week or so, andhave not offered much in the way of answers or even suggested answers.Charles McCN--Charles McCathieNevile            mailto:charles@w3.orgphone: +1 617 258 0992   http://www.w3.org/People/CharlesW3C Web Accessibility Initiative    http://www.w3.org/WAIMIT/LCS  -  545 Technology sq., Cambridge MA, 02139,  USA--Charles McCathieNevile            mailto:charles@w3.orgphone: +1 617 258 0992   http://www.w3.org/People/CharlesW3C Web Accessibility Initiative    http://www.w3.org/WAIMIT/LCS  -  545 Technology sq., Cambridge MA, 02139,  USA",
            "docno": "lists-083-1844514",
            "received": "Thu Sep  2 12:33:25 1999",
            "isoreceived": "19990902163325",
            "sent": "Thu, 2 Sep 1999 12:33:23 -0400 (EDT)",
            "isosent": "19990902163323",
            "name": "Charles McCathieNevile",
            "email": "charles@w3.org",
            "subject": "RE: test suites",
            "id": "Pine.LNX.4.10.9909021232160.22226-100000@tux.w3.org",
            "charset": "US-ASCII",
            "inreplyto": "C35556591D34D111BB5600805F1961B90C311A0B&#64;RED-MSG-47",
            "expires": "-1",
            "to": " Chris Wilson<cwilso@microsoft.com>\n",
            "cc": " WAI UA group<w3c-wai-ua@w3.org>, Rob Relyea<rrelyea@microsoft.com>\n"
        },
        {
            "body": "David,Thanks for the comments and suggestions. Responses and clarifications are detailed below.> Since DOM2 has ways of handling multiple documents, why not have> methods in DOM1 HTML that are like the DOM Level 0 methods for frames?> My memory of those interfaces is a little fuzzy, so I can't really> describe them.  I could try and find out more if you're interested.One of the items under consideration for DOM Level 3 is a \"Views and Formatting\" section that willpossibly cover, among other issues, the browser \"window\" object. I believe the new section will coverthe Level 0 frames methods.> You should state that the following are 0-based (if they are):>  * HTMLOptionElement::index (which makes a few other things 0-based since>      they refer to it, i.e., HTMLSelectElement::selectedIndex and the>          index argument to HTMLSelectElement::remove())>  * HTMLTableCellElement::cellIndex>  * HTMLTableRowElement::rowIndex>  * HTMLTableRowElement::sectionRowIndexI'll make the 0-base explicit.> 2.1, 3d paragraph - Does the DOM2 HTML not guarantee interoperability> when the strict DTD is used?  I think it should.The claim is that not all implementations need to enforce the strict DTD. Any program that makes theassumption that the strict DTD is in use may not work across all implementations.> 2.5.1 - what happens if the attributes are unspecified and they have no> default value?  I assume \"\" for those that are DOMString, but what about> boolean and number?You're right - the empty string for string values and false for booleans. For numbers, the defaultvalue will depend on the attribute in question. For the size attribute of HTMLSelectElement (the onlyHTML attribute for which we return a numerical value), the default value is 0. I'll add theseclarifications to the spec.> 2.5.1 - In the table, \"e. g., border\" is very misleading for the> one-value value list example.  There is no boolean border attribute.> How about \"e.g., disabled\"?Fair enough. I'll change the spec.> 2.5.4 - These elements are missing the X'ed attributes, and thus aren't> really fit for HTMLElement (at least in 4.0 Strict):>           T C>           I L L>           T A A D>         I L S N I>   Attr. D E S G R> Elem.> BR            X X> PARAM     X X X X> HR            X X> HEAD    X X X> TITLE   X X X> BASE    X X X X X> META    X X X> STYLE   X X X> SCRIPT  X X X X X> HTML    X X X>> What happens when these attributes are accessed or set?Since there's nothing that precludes the modification or access of these attributes (or any otherattribute) for an arbitrary element, the conveniences provided in HTMLElement translate tosetAttribute() and getAttribute() calls for these elements.> HTMLSelectElement::add() - what happens when element is not an>   HTMLOptionElement?  when before is not in the list?  can element>   be an HTMLOptGroupElement?  can before?Since the DOM doesn't enforce HTML validity, the method does not throw an exception if the element isnot an HTMLOptionElement. The method is equivalent to Node::appendChild() on the HTMLSelectElement ifbefore is NULL. It is equivalent to a Node::insertBefore() on the parent of before for any type ofelement. The method should throw a DOMException with error code NOT_FOUND_ERR if the before parameteris not a descendant of the HTMLSelectElement. I'll add the relevant prose and add the exception to theIDL for the method, after confirming this with the other co-editors.> The definition of HTMLTextArea::defaultValue doesn't explicitly say> that changing the defaultValue changes the child text Node of the> element.  I think it should, to be equivalent to the defaultValue,> defaultChecked, and defaultSelected attributes.True. I'll change the spec.> How does HTMLTableCellElement.cellIndex deal with rowspans and> colspans?  That is, is it the child number of the cell within its> row or is it the column where the cell starts?The cellIndex is the child number of the cell within its row in doucment tree order. I'll make thismore explicit in the spec.> Similarly, how does rowIndex treat TFOOT?  Does it give the index in> document tree order or display order?The rowIndex attribute is the index in document tree order.> Similarly, what exactly do the index parameters in the following functions> mean:>  * HTMLTableElement::insertRow>  * HTMLTableElement::deleteRowThe index is relative to all TR elements in the table in document order, regardless of the existenceor absence of table sections.>  * HTMLTableSectionElement::insertRow>  * HTMLTableSectionElement::deleteRowThe index is relative to all TR elements in that table section in document order.>  * HTMLTableRowElement::insertCell>  * HTMLTableRowElement::deleteCellThe index is relative to all TD and TH element in that table row in document order.> Also, the following fixed error should probably be added to the DOM1> Errata (I was working on a list of DOM1 errors):> HTMLOptionElement::selected should not be readonly.  I think this is> clear from the prose in the errata, but it should be stated for those> using the IDLYou're correct. I'll change the spec.Thanks again!--Vidur",
            "docno": "lists-103-1057964",
            "received": "Tue Nov  9 20:03:25 1999",
            "isoreceived": "19991110010325",
            "sent": "Tue, 09 Nov 1999 17:06:39 -0800",
            "isosent": "19991110010639",
            "name": "Vidur Apparao",
            "email": "vidur@netscape.com",
            "subject": "Re: New DOM Level 2 Working Draft",
            "id": "3828C51F.251AC800@netscape.com",
            "charset": "us-ascii",
            "inreplyto": "199909241801.OAA15365&#64;is04.fas.harvard.edu",
            "expires": "-1",
            "to": "\"L. David Baron\"<dbaron@fas.harvard.edu>\n",
            "cc": "www-dom@w3.org, Lauren Wood<lauren@sqwest.bc.ca>, Chris Wilson<cwilso@microsoft.com>\n"
        },
        {
            "body": "At 08:50 AM 9/2/99 -0700, Chris Wilson wrote:>I'd be interested in hearing suggestions about how a UA might provide>mouse-over activation without a mouse.  We haven't thought up any good>solutions.AG:Caveat: I haven't read others' responses to this, yet.Before I get into specific solutions scenarios, I want to review a fewthings I think me may know about a solution if there is one.There is a concept of severity or weight of consequences that us useful inunderstanding how different events are used.  The main idea I have at themoment is that OnMouseOver is a light touch, OnHover is a slightly heaviertouch, OnClick is a heavier touch yet and OnDoubleClick is the heaviesttouch of all these.What we really want is the ability to classify the actual consequences ofrunning the even-handler script, and extract severity grading appropriateto the class of change and the current operational profile of userinterface couplings.But lacking adequate visibility into the transaction associated with agiven event, we can guess based on the conventional severity grading of theevents used to trigger changes.  So mapping OnScreenEvent events to someother form of screen-free activation method is something of a hack and aguessing game, but it is still worth doing.The basic or universal method is the context menu.  This is familiar as theright mouse button in Microsoft Windows.  There is also a dedicated ContextMenu key in the Windows 95 keyboard.In the absense of a viable screen medium of exchange with graphic displayand continuously varying pointing, one wants to create an interaction worldof abstract, named objects.  Anything that has an event handler defined forit is an object with methods.  Anything that has text content has a speakmethod in the presence of TTS capability (which is regarded as readilyavailable and is a system capability all services delivering information intext form should be prepared to interoperate with).  The key to the mostgeneric method of accessing screen-oriented event handlers is the abilityto make any object bearing such a method capable of being the currentcontext in the sense of what is exposed by the current context menu.  Theall event handlers should be action opportunities exposed through this menu.In addition, there are quite likely other modes of triggering that areuseful in specific scenarios.  One is the machine to teach reading.  Inthat case there is a reading cursor which is moving through the speakablecontent.  It is quite likely that the OnMouseOver response should bestimulated when the reading process arrives at the leading edge of thereading stream for an entity with an OnMouseOver response defined.  Thismay need to be configurable in terms of whether the OnMouseOver response issimply executed in its native terms, or whether any textual content in atransient display is fed to the speaking process as well, and if spoken isit spoken first or last, or does the reading pause at the end of the primecontent for the user to elect to read the annotation or press on.That's my buffer contents on how to operate with behaviors that the authorconceived of as OnMouseOver responses but in user interface contexts wherethe screen metaphor is not something that is maintainable as a sharedtwo-dimensional graphic frame of reference shared by application and user.Al>>-Chris Wilson> Internet Explorer Team>>-----Original Message----->From: Charles McCathieNevile [mailto:charles@w3.org]>Sent: Thursday, September 02, 1999 8:44 AM>To: WAI UA group>Subject: test suites>>>One of the things that the CSS working group has produced is test suites - a>set of pages you can use to check whether you conform.>>In reading through the evaluation tests I noticed that there are certain>clear things that should be checked. A classic example is keyboard>activation>- how does a user activate an onMouseover without a mouse?>>perhaps we should create some example pages for testing.>>This also relates to WCAG - what should we test for in areas where WCAG has>an \"until user agents\" requirement? SHould we test pages which conform to>WCAG, or pages which do not, or both?>>Hmm. I feel like I have asked a lot of questions in the last week or so, and>have not offered much in the way of answers or even suggested answers.>>Charles McCN>>--Charles McCathieNevile            mailto:charles@w3.org>phone: +1 617 258 0992   http://www.w3.org/People/Charles>W3C Web Accessibility Initiative    http://www.w3.org/WAI>MIT/LCS  -  545 Technology sq., Cambridge MA, 02139,  USA>",
            "docno": "lists-083-1920768",
            "received": "Fri Sep  3 13:54:02 1999",
            "isoreceived": "19990903175402",
            "sent": "Fri, 03 Sep 1999 14:01:08 -0400",
            "isosent": "19990903180108",
            "name": "Al Gilman",
            "email": "sgilman@iamdigex.net",
            "subject": "RE: test suites",
            "id": "199909031803.OAA24250@smtp1.mail.iamworld.net",
            "charset": "us-ascii",
            "inreplyto": "C35556591D34D111BB5600805F1961B90C311A0B&#64;RED-MSG-47",
            "expires": "-1",
            "to": " Chris Wilson<cwilso@microsoft.com>, WAI UA group<w3c-wai-ua@w3.org>\n",
            "cc": " Rob Relyea<rrelyea@microsoft.com>\n"
        },
        {
            "body": "Better late than never, here it is! The long-awaitedW3C SGML WG mailing list.This forum has a public archive. Note the address of the archive inthe headers.The WG will have a \"home page\" pretty soon, but there are some accesscontrol issues to work out.Here's the current subscription list.(1) it lets everybody know who gets to read the mail(2) it lets our chair, Jon Bosak, tell me which part I got wrong.Jon, would you like to send an introductory message of yourown to build shared context, update folks on recent developments,or whatever you think is appropriate?Danjon.bosak@sun.comconnolly@w3.orgjjc@jclark.comsjd@ebt.comdmh@hpsgml.fc.hp.comkimber@passage.commag@ncsa.uiuc.eduelm@arbortext.comtbray@opentext.comjeanpa@microsoft.comU35395@UICVM.UIC.EDUsca@ebt.com (Sharon Adler, EBT)paula@texcel.no (Paula Angerstein, Texcel)bbauma1@cs.umbc.edu (Todd Bauman, U. of Maryland)alb@ebt.com (Anders Berglund, EBT)kbest@novell.com (Karl Best, Novell)michel@hightext.com (Michel Biezunski, High Text)hbingham@acm.org (Harvey Bingham, SGML consultant)sbrown@cortland.com (Steve Brown, InfoObjects)mtbryan@sgml.u-net.com (Martin Bryan, SGML Centre)mbuckley@microsoft.com (Mark Buckley, Microsoft)cbullard@HiWAAY.net (Len Bullard, Lockheed-Martin)lou@vax.ox.ac.uk (Lou Burnard, Oxford University)steve.byrne@sun.com (Steve Byrne, JavaSoft)conrad@cbvcp.com (Kurt Conrad, Sagebrush Group)kmc@harlequin.com (Keith Corbett, Harlequin)robin@acadcomp.sil.org (Robin Cover)dgd@cs.bu.edu (Dave Durand, Boston University)jenglish@crl.com (Joe English, CR Laboratories)ralph@ossi.com (Ralph Ferris, Fuitsu OSSI)fogal@zk3.dec.com (Lee Fogal, Digital Equipment)tfreter@novell.com (Todd Freter, Novell)matt@wdi.disney.com (Matthew Fuchs, Disney Imagineering)charles@sgmlsource.com (Charles Goldfarb)paul@arbortext.com (Paul Grosso, ArborText)eduardo@eng.sun.com (Eduardo Gutentag, SunSoft)haitto@synex.se (Hasse Haitto, Synex)karben@interactive.wsj.com (Alan Karben, Wall Street Journal)dlapeyre@netcom.com (Debbie Lapeyre, Atlis)megan@bdmtech.com (Megan MacMillan, BDM Technologies)masonjd@ornl.gov (James Mason, ORNL)sgml@winternet.com (Alex Milowski, Copernican Solutions)srn@techno.com (Steve Newcombe, TechnoTeacher)gtn@ebt.com (Gavin Nicol, EBT)nancy@hi.com (Nancy Paisner, Hitachi)davep@acm.org (Dave Peterson, SGML Works)papresco@calum.csclub.uwaterloo.ca (Paul Prescod, U. of Waterloo)lprice@ix.netcom.com (Lynne Price, SGML consultant)aray@nmds.com (Arjun Ray, Q2-II)bill.smith@sun.com (Bill Smith, SunSoft)bobs@sco.com (Bob Stayton, SCO)streich@slb.com (Robert Streich, Schlumberger)jeff.suttor@sun.com (Jeff Suttor, SunSoft)jtauber@library.uwa.edu.au (James Tauber, U. of Western Australia)wtaylor@novell.com (Wayne Taylor, Novell)s.wilmott@omnimark.com (Sam Wilmott, OmniMark)cwilso@microsoft.com (Chris Wilson, Microsoft)wohler@vnet.ibm.com (Wayne Wohler, IBM)lauren@sqwest.bc.ca (Lauren Wood, SoftQuad)",
            "docno": "lists-054-0909048",
            "received": "Wed Aug 28 01:47:34 1996",
            "isoreceived": "19960828054734",
            "sent": "to this forum",
            "isosent": "19960828054731",
            "name": "Dan Connolly",
            "email": "connolly@w3.org",
            "subject": "Welcome to w3c-sgml-wg&#64;w3.org!",
            "id": "199608280547.BAA25091@anansi.w3.org",
            "expires": "-1",
            "to": "w3c-sgml-wg@w3.org\n"
        },
        {
            "body": "Our XML experience has been great. I've enjoyed the prompt anddetailed discussions that provided guidance for the EditorialReview Board decisions. I've noted significant disagreementsargued without flames. This process is so refreshingly paced thatissues raised become issues resolved while still fresh in mind.Much better than the months and years spent evolving some otherstandards and SGML applications without email. I believe youmay be interested in this summary of who have been the players.Contributors to www-sgml-wg@w3.org through 1 Nov 1996Identifications come primarily from the Working Group andEditorial Review Board lists appended to theExtensible Markup Language (XML) W3C Working Draft 1-Nov-96http:.//www.w3.org/pub/WWW/TR/WD-xml-9061101.htmlLEGENDMsgs   messages from that email address, \".\" is noneEchos  lines from prior messages giving context for responseLines  non-header lines that aren't echosCodee editorial review boardw working group- other contributor not listed in appendixName   from the lists, or extracted from actual submissionOrg    organization, some guessed.Role   erb role if anyEmail  distinct email addresses, some names have severalBasis for count is my unofficial record of received messagesI may have discarded a few that were non-technicalMsgs Echos Lines Code Name, Org, Role <Email>.     .     . w Sharon Adler, EBT <sca@ebt.com>1     1    44 - Terry Allen, O'Reilly <terry@ora.com>1     8    31 w Paula Angerstein, Texcel <paula@texcel.no>6    85   153 w Todd Bauman, U. of Maryland <bbauma1@cs.umbc.edu>2    31    51 w Anders Berglund, EBT <alb@ebt.com>.     .     . w Karl Best, Novell <kbest@novell.com>.     .     . w Michel Biezunski, High Text <michel@hightext.com>7   192   109 w Harvey Bingham, SGML consultant <hbingham@acm.org>82   416  1609 e Tim Bray, Textuality, editor <tbray@textuality.com>.     .     . w Steve Brown, InfoObjects <sbrown@cortland.com>75     1  1606 e Jon Bosak, Sun, chair <bosak@atlantic-83.eng.sun.com>56   529   967 w Martin Bryan, SGML Centre <mtbryan@sgml.u-net.com>.     .     . w Mark Buckley, Microsoft <mbuckley@microsoft.com>64   932  1236 w Len Bullard, Lockheed-Martin <cbullard@hiwaay.net>4     6    50 w Lou Burnard, Oxford University <lou@vax.ox.ac.uk>.     .     . w Steve Byrne, JavaSoft <steve.byrne@sun.com>48   540   666 e James Clark, SGML Consultant, technical lead <jjc@jclark.com>.     .     . e Dan Connolly, W3C, W3C contact <connolly@w3.org>.     .     . w Kurt Conrad, Sagebrush Group <conrad@cbvcp.com>.     .     . w Paul Cope, auto-graphics <prc@auto-graphics.com>.     .     . w Keith Corbett, Harlequin <kmc@harlequin.com>2     0   127 w Robin Cover, Academic <robin@acadcomp.sil.org>4    35   120 w Derek Denny-Brown, TechnoTeacher <derdb@techno.com>24   224   560 e Steve DeRose, EBT <sjd@ebt.com>1     0    16 - Bob Du Charme, Research Inst of America<bducharme@riasmtp.riatax.com>95  1424  2604 w Dave Durand, Boston University <dgd@cs.bu.edu>.     .     . w Carol Ellerbeck, INSO <carol_ellerbeck@inso.com>24   267   573 w Joe English, CR Laboratories <jenglish@crl.com>1     3    17 w Ralph Ferris, Fujitsu <ralph@fsc.fujitsu.com>.     .     . w Lee Fogal, Digital Equipment <fogal@zk3.dec.com>.     .     . w Todd Freter, Novell <tfreter@novell.com>2    46    57 w Matthew Fuchs, Disney Imagineering <matt@wdi.disney.com>141  1758  2606 w Charles Goldfarb, Editor ISO 8879 <charles@sgmlsource.com>28   506   608 w Paul Grosso, ArborText <paul@arbortext.com>2    24    66 w Eduardo Gutentag, SunSoft <eduardo.gutentag@eng.sun.com>2    22    30 w Hasse Haitto, Synex <haitto@synex.se>.     .     . w Catherine Hamon, Hightext <hamon@hightext.com>1    13    14 e Dave Hollander, HP <dmh@hpsgml.fc.hp.com>2    43    70 w Ken Holman, Microstar <gkholman@microstar.com>18    76   423 w Rick Jelliffe, Allette Systems <ricko@allette.com.au>.     .     . w Alan Karben, Wall Street Journal <karben@interactive.wsj.com>.     .     . w P&auml;r Karlsson, Ericsson <etxpkar@stdoca.ericsson.se>27   355   911 e Eliot Kimber, Passage Systems <kimber@passage.com>11    18   428 w Bill Lindsey, BDM <blindsey@bdmtech.com>.     .     . w Per &Aring;ke Ling, Ericsson <etxperl@stdoca.ericsson.se>7    22    57 w Debbie Lapeyre, Mulberry Technologies<dlapeyre@mulberrytech.com>5     0   183 - John Lavagnino, Brown University <john_lavagnino@brown.edu>1     7    39 - Richard Light, Light <richard@light.demon.co.uk>.     .     . w Megan MacMillan, BDM Technologies <megan@bdmtech.com>10    79   300 w Christopher Maden, EBT <crm@ebt.com>1    13    24 e Tom Magliery, NCSA <mag@ncsa.uiuc.edu>18   530   293 e Eve Maler, ArborText <elm@arbortext.com>3   154   146 - Murray Maloney, SoftQuad <murray@sq.com>5    40   111 w James Mason, ORNL <masonjd@ornl.gov>1    19    15 w John McFaddan, Omnimark <jrm@omnimark.com>.     .     . w Alex Milowski, Copernican Solutions <alex@copsol.com>8   225   260 w Alex Milowski, Copernican Solutions<milor001@gold.tc.umn.edu>5    43   187 w Steve Newcomb, TechnoTeacher <srn@techno.com>129  1175  1353 w Gavin Nicol, EBT <gtn@ebt.com>.     .     . w Nancy Paisner, Open Environment Corp <npaisner@oec.com>.     .     . w Gary Palmer, ActiveSystems <gpalmer@sonetis.com>.     .     . e Jean Paoli, Microsoft <jeanpa@microsoft.com>2    27    30 w Dave Peterson, SGML Works <davep@acm.org>76   767  1526 w Paul Prescod, U. of Waterloo<papresco@calum.csclub.uwaterloo.ca>.     .     . w Lynne Price, SGML consultant <lprice@ix.netcom.com>90   626  3140 - Liam Quin, SoftQuad <lee@sq.com>14   137   348 w Arjun Ray, Q2-II <aray@nmds.com>2    16    67 e Peter Sharpe, SoftQuad <peter@sqwest.bc.ca>32   247   528 w Bill Smith, SunSoft <bill.smith@eng.sun.com>2    29    36 w Bill Smith, SunSoft <bsmith@atlantic-82.eng.sun.com>110   358  3130 e C. M. Sperberg-McQueen, U IL Chicago, editor<u35395@uicvm.cc.uic.edu>24   139  1028 e C. M. Sperberg-McQueen, U IL Chicago, editor<u35395@uicvm.uic.edu>.     .     . w Bob Stayton, SCO <bobs@sco.com>9   109   118 w Robert Streich, Schlumberger <streich@austin.sar.slb.com>45   394   772 w Robert Streich, Schlumberger <streich@slb.com>.     .     . w Jeff Suttor, SunSoft <jeff.suttor@sun.com>.     .     . w James Tauber, U. of Western Australia<jtauber@library.uwa.edu.au>.     .     . w Wayne Taylor, Novell <wtaylor@novell.com>14    84   177 w Henry Thompson, University of Edinburgh <ht@cogsci.ed.ac.uk>.     .     . w Sam Wilmott, OmniMark <s.wilmott@omnimark.com>.     .     . w Chris Wilson, Microsoft <cwilso@microsoft.com>.     .     . w Wayne Wohler, IBM <wohler@vnet.ibm.com>3     9    85 w Lauren Wood, SoftQuad <lauren@sqwest.bc.ca>TOTALSMsgs Echos Lines Heads Emails1347 12804 29705 31625     53Heads are message header linesEmails are distinct sending email addressesRegards/Harvey",
            "docno": "lists-054-5834585",
            "received": "Sat Nov  2 00:28:04 1996",
            "isoreceived": "19961102052804",
            "sent": "Sat, 02 Nov 1996 00:28:00 -0500",
            "isosent": "19961102052800",
            "name": "Harvey Bingham",
            "email": "hbingham@ACM.org",
            "subject": "Thanks to XML contributors",
            "id": "2.2.32.19961102052800.0075b6ac@tiac.net",
            "charset": "us-ascii",
            "expires": "-1",
            "to": "w3c-sgml-wg@w3.org\n"
        },
        {
            "body": "Hakon Lie [mailto:howcome@w3.org] wrote:>This is a critical part in the author/reader balance, but I've yet to>see a UA which allows users to turn off style sheets on off on a per>sheet basis. The closest they get is to turn the whole style sheet>mechanism on/off in a hard-to-find menu.Actually, the infrastructure is there to support this in IE4 - we expose arich stylesheet object model.  All it would require is a wrapper applicationto our Web browser control that provided UI for these hooks.  (In essence,I'm saying we implement the code necessary to do this, but not the UI.)>Adding \"!accessibility\" will provide a hook which>corresponds e.g. to the \"Accessibility\" dialog box of MS IE 4.Not completely true - the semantics are ever-so-slightly-different (then theuser would be required to say \"use this color always\", not \"ignore colorsset in the documents\").  This also would not support another accessibilityfeature or two we intended for IE4 but let slip.  It might be a step in theright direction, but it wouldn't obviate our need for explicit accessibilitysupport - I think that would require an @accessibility block in the userstylesheet, or some such, with some explicit properties.The user may not want to have to define what they WANT to see, they may wantto define what they CAN'T see (or hear).-Chris WilsonInternet Explorer Teamcwilso@microsoft.com",
            "docno": "lists-072-15301653",
            "received": "Sat Dec 20 13:02:40 1997",
            "isoreceived": "19971220180240",
            "sent": "Sat, 20 Dec 1997 10:02:17 -0800",
            "isosent": "19971220180217",
            "name": "Chris Wilson",
            "email": "cwilso@MICROSOFT.com",
            "subject": "RE: CSS 2: priorities in cascading order",
            "id": "C35556591D34D111BB5600805F1961B90229E77C@red-msg-47.dns.microsoft.com",
            "inreplyto": "CSS 2: priorities in cascading order",
            "expires": "-1",
            "to": "\"'Hakon Lie'\"<howcome@w3.org>, Jon Gunderson<jongund@staff.uiuc.edu>\n",
            "cc": "w3c-wai-hc@w3.org,w3c-css-wg@w3.org\n"
        },
        {
            "body": "At 10:39 AM 11/15/96 -0800, Chris Wilson (PSD) wrote:>It's not actually lost; any character can be escaped in a CSS selector>name.  According to section 7.2 of the CSS PR,>>'in CSS1, selectors...can also contain escaped characters and any>Unicode character as a numeric code...the backslash followed by at most>four hexadecimal digits (0..9A..F) stands for the Unicode character with>that number...any character except a digit can be escaped to remove its>special meaning, by putting a backslash in front, Example: \"\\\"\" is a>string consisting of one double quote.'>>Does this suffice to address your concerns?No. It would be much simpler all around for interoperability if CSS1 abidedby the naming conventions of the Reference Concrete Syntax. In fact, insofaras CSS1 has some (integral?) relation with HTML, I see no reason why itshouldn't square with naming conventions legal in HTML.Or are you saying that we should take something bog-standard andgratuitously break it with an unnecessary escaping \"convention\"?Arjun--\"Features whose purpose is to cause errors should be removed.\" -- Erik Naggum",
            "docno": "lists-054-7915595",
            "received": "Sat Nov 16 01:44:05 1996",
            "isoreceived": "19961116064405",
            "sent": "Sat, 16 Nov 1996 01:45:56 -0500",
            "isosent": "19961116064556",
            "name": "Arjun Ray",
            "email": "ray@nmds.com",
            "subject": "RE: CSS1 becomes W3C Proposed Recommendation",
            "id": "1.5.4.32.19961116064556.00307820@www.nmds.com",
            "charset": "us-ascii",
            "inreplyto": "CSS1 becomes W3C Proposed Recommendation",
            "expires": "-1",
            "to": "\"Chris Wilson (PSD)\"<cwilso@microsoft.com>,\"'Paul Prescod'\"<papresco@calum.csclub.uwaterloo.ca>,\"'w3c-sgml-wg@w3.org'\"<w3c-sgml-wg@w3.org>\n"
        },
        {
            "body": "Hakon Lie [mailto:howcome@w3.org] wrote (second-level quotes are my own):> > Actually, the infrastructure is there to support this in IE4 - we exposea> > rich stylesheet object model.  All it would require is a wrapper> > application to our Web browser control that provided UI for these hooks.> > (In essence, I'm saying we implement the code necessary to do this, but> > not the UI.)>Good, would Microsoft be able to publish a wrapper application?Heh.  Call MY bluff, will ya.  :^)  I just built a rough proof-of-concept;it has a very stripped-down UI, but it does work; and better yet, I utilizedthe context-menu extension of IE4 instead of building a wrapper application,so it will work in your usual IE4.  I'll probably refine this a bit later;for now, the files, instructions and a test set are attached in a WinZipfile.> > >Adding \"!accessibility\" will provide a hook which> > >corresponds e.g. to the \"Accessibility\" dialog box of MS IE 4.> >> > Not completely true - the semantics are ever-so-slightly-different (thenthe> > user would be required to say \"use this color always\", not \"ignorecolors> > set in the documents\").>>I see the difference between the two statements, but I still believe>you can use CSS to express all semantics.No; you can use CSS to express the BEHAVIOUR, but not the semantic.  CSSdoesn't allow you to say \"ignore this class of rules/properties,\" it canonly say \"use this rule instead of the other one.\"  You can get the samebehaviour, but only if you assume wildcards and a new, more important\"!important\", as well as assuming all the browser defaults come from theuser stylesheet (which they don't, in IE).>When the user declares that>colors in the incoming document is to be ignored, the UA increases the>weight of the color declarations in the browser and user style sheets>from normal to \"accessibility\", and voila!Yes, this will obtain the same visual behaviour.  As Al Gilman indirectlypointed out, though, this approach essentially only works if you specify\"everything on everything\" - you can't, for example, \"avoid small italics\"without specifying font-size and/or font-style on all possible elements.I'm not trying to say CSS can never provide a complete accessibilitysolution; I'm just saying that in my opinion, to address the accessibilityissues properly, there would need to be a lot more hooks and featuresprovided in CSS.  Providing a couple of minor hooks like \"!required\" andthen claiming the cascade fixes all will not encompass a complete solution(again, in my opinion) - that's like saying those with temporary orpermanent disabilities can remove all stylesheets and presentation tags &attributes, and they'll just get the text.  It's a true statement, but it'sshort-changing those communities.  If my only disability is the inability toread italics below 8pt, I shouldn't have to predefine font sizes for allelements (or predefine font-style: none).-Chris WilsonInternet Explorer Teamcwilso@microsoft.combegin 600 SSSelect.zipM4$L#!!0````(`*].EB/VA,0%J@```-<````,````8W1X7VUE;G4N:'1M18]/M\"\\(P#,7O@M\\A]*0PIHBG_1&&RE14Q\"D>I:QQ+:SK:+O-CV_=0'-Y)/F]1Q)EMZ<H-C<D[O2;J-R8&V-,NUJ\"T!AB_4J_$(7+540TTU5K83%<2`;XNZHJ4OML6H2731.K0G_,%.YPWX6W_4]XY`!,EQU)\\5HN1&T5,4$B#'/4ACK<RN)]PWPM@+!^^1#,\\@`6<Y0A#*,=BH+;`)8H\"4Q=:C0;GG$'?P!02P,$%`````@`YU\"6M(P=X_C?A`0``,P4```L```!S<U]L:7-T+FAT;;U4P6Z;0!`]@\\0_3#G92H33M2KT8B.3:EH+DRE77J11%.1#O`\"NM%X==BILJ_]Y=#+:)2Y1>>F+$\\&;>O#=,M<+/ZNKAV[.!F/IF9YZ@-OBQG=T!6=XMYZ&[B(F5B#)^W.]?DR/1[]&VEHY]QM`31?+PNF\\S&'$\"HF:%YYE,4\\3R=%6FY0*.F;R@>48Q/DN%9(0:I?'&6&J,8!MF2_FTQ5$L[#*V#HC)D5,JJ51,:JR,7S\\A!L7<C'-8I%BZ,JZV/'SP=\"]UMWJM:O5(L^A'W?7(.RG%6K%<P#G6L7\\[MF4&8YHUU)%BBJ,9KLO+R[>FB+P_2\\AFMODA0W,&#IW\"G?$/!2O(\"!L!TL2M?/X)3^3QYJ\"`]CB)5F?[FX@(T*<NPLEBBMP3V(>UU.=]I3#1O.!FE9;R(HD_$CUUZ$D,1<HF\\@J`-X;[</(;CN/[9215EWM>G'L%R/,P9$)I5%R*]A3B8/C$*>>G&O8X\\L;&O8YR?9>O1:P0%46HN%KO7L-MNCS@03,66,&R?MU,=ZDG&/JO5;C=TE@A(0LFSW:R\"=L=^\\M>=M;/[V?<$C-\"M_K?=/-V6CME]6-8BAWT&='^W\\\"!-*ZMCCT:18$H?)?:,H#($0H!K;3W'[DK=MO53!R)S!_5W<'TK'_@-02P,$%`````@`$%*6(RA/X2(7`P``M`4```H```!RM96%D;64N:'1M951M:]LP$/X^V'\\X/-A22&VVL0_KLK`N\\9;0KBUV2AD,@F)?M8JVV9\"0YKO_][A3GI:LQV+KW>^XYC6:+7]?CUZ]&L_ARRM_%?'$=C^?*.E&6M4FU`J!P:RW^N0$A=5Z(M$!VD6&+FM!E%.Q]RCO91OM].?_/W;CS1=><]UY(<M(<C<T[)\"U82%JP(?/+!V64KK=A*GO;45%4(NC<_0#<FP:PLT\"%I!IQL#F:[JMQJ&!@3:`I46O_L+.';2R+&&%8'!-0I5A#JL.[I/K(5@-TH&T4&MKY:I$SMA8M9,<*UD97E$O3X9@B'$5WU(QO9U%P5.M`KT^Z&E1-Z20W,`1'VO=A9JUOCD\\?M^'0&@JJOA3FXYEAIKS^-_Y/*4ST&\"6X(%M-!G$M\"`0:I(_<P#)-&06!P@R0/M&)%6JERW%FX6PU[A/G[PFH=>\\_G360@P,2@<@@\"%+5QA=['+/+I+XO'L*OZ]MG-PG27RS6-ZG<?+Z%?1/JM>NI?*/$GY^R<QH2ZKG8G[FBF!3Q)'XJ2ZU0?/2MQ$<@'L1/CHG#%?00#\"3C0Q.B5Y14<=Y!Y@O/\"=U\"N'<6]*/HX-R?X&]#XZA0M*,O,.+@48HLGHZ2*GMA,-4`_J*PD=.2.YIB'9P`WNNWS'-P>B4N-RNFO+Q44M\\9(H^_:X!S8@8%/J53I+,UT+H@+0V'ACMJ)L<$]IHM]^]/]M`9.(NL%P$T+`MAXLHRB[^/#,Z)0E5.O0L9#;-8[\\\"'@5=H^JG2^(=*WCNMRSWB0]$#3SU?&J*M)3>%.\\]*F3TR:3P[==90<N=9;/VJ0W#:]6Y7V/04W-,R!S-\"]##)C->)]KS@M,7+0@K0\\L$PHRL9;R8M-J=9#=LC19D:N\"&VYJXAB7L(LB7]\\#0KG:L*H;=NPMVK,PI/A197,5V?PQDL0^_A98UI%T+IK'=T9OHMLMFJW$EB%X0Y*MS&E02QJMM$<L)-1*,#[P^TCB=7HVBR_&QN<OI-(G3='Q^**D2LG3Z(J.KQ^IOSZH*QI/\"M4$</K%(<:/0]H3AOU<K67U[L\"BQ05&35I^#MV%^GD;^M_P%02P,$%`````@`MS5\"6(_Y(E1(E````+@````D```!T97-T,BYC<W/32THL4:A62,[/R2^R4DC*M*4U5J.7ETDM*K$*(5J;FY.27@\\0!4$L#!!0````(`,Q0EB/:UR0)(P```\"P`M```)````5&5S=#$N8W-STTO+SU>H5DC.S\\DOLE(H2DU1J.7ETDM*+$((IA>EMIN:!A`%02P,$%`````@`L%\"6(Z=).Z`'`0``[`(```D```!M=6QT:2Y(5$V=MD<U*PT`4A?>\"[W\"9!W#(Y&<AR8#818K53<1]TMZ:T#&1S.VB%=_=FZL=*`2EM+H8AWW?.\"2%Y2V_.7E_E+=:;Z::.'-K'O:/NW2%4='#H6T2\"9_24ZV_/P=7RMZ0%&=(7R(:.@'7%;*.)H=+/V7H'D\"^6Z?B=;D3HOUXYP[&M\"F)\\Q\\S-&9J1RM<C[,EQ%\\P'IPPW@+C=LC?')6BY]OR5II+FS%THHO;\"722O[UKO3OUA3+?HWIMTZ]NALUANLO(EHRZ_A6B7//3Q$Q@AID1%@<6,XN%)8$ES!)A:6`ILU18%EC&M+)O88OD\"]ZN[JBJVPV#YY)K1N6GJT?*9-<2&9LV1S3$8_?.A7U!+`0(4`!0`M```(`*].EB/VA,0%J@```-<````,``````````$`(`\"V@0````!C='A?;65NM=2YH=&U02P$\"%``4````\"`#G4)8C!WC^-^$!```S!0``\"P`````````!`\"``MMH'4````<W-?;&ES=\"YH=&U02P$\"%``4````\"``04I8C*$_A(A<#``\"T!0``M\"@`````````!`\"``MH'>`@``<F5A9&UE+FAT;5!+`0(4`!0````(`,U0EB/^M2)42)0```\"X````)``````````$`(`\"V@1T&``!T97-T,BYC<W-02P$\"%``4M````\"`#,4)8CVM<D\"2,````L````\"0`````````!`\"``MH%I!@``5&5S=#$NM8W-S4$L!`A0`%`````@`L%\"6(Z=).Z`'`0``[`(```D``````````0`@`+:!CLP8``&UU;'1I+DA435!+!08`````!@`&`%`!``#A!P`````=`end",
            "docno": "lists-072-15427127",
            "received": "Mon Dec 22 13:23:47 1997",
            "isoreceived": "19971222182347",
            "sent": "Mon, 22 Dec 1997 10:23:23 -0800",
            "isosent": "19971222182323",
            "name": "Chris Wilson",
            "email": "cwilso@MICROSOFT.com",
            "subject": "RE: CSS 2: priorities in cascading order",
            "id": "C35556591D34D111BB5600805F1961B90229E780@red-msg-47.dns.microsoft.com",
            "inreplyto": "CSS 2: priorities in cascading order",
            "expires": "-1",
            "to": "\"'Hakon Lie'\"<howcome@w3.org>\n",
            "cc": "w3c-wai-hc@w3.org,w3c-css-wg@w3.org\n"
        }
    ]
}