{
    "id": "candidate-0080",
    "name": "Dave Chappell",
    "gender": "MALE",
    "email": "chappell@sonicsoftware.com",
    "mails": [
        {
            "body": "Hello everyone,I have already privately agreed to participate, but since everyone elseis doing public introductions....My name is Dave Chappell, and I will be representing Sonic Software inthis working group.  I head up the Technology Advancement Group atSonic, and am responsible for the industry advancement and evangelizingof technologies that match Sonic's core competencies of XML integration,enterprise messaging, and Web services.Either directly or through members of my team, we have been involved ina number of standards initiatives across W3C (XMLP, WS-Arch), OASIS(ebXML, WS-Security), WS-I, and JCP (JMS, JCA, JAXM, OSS/J, JSR109 -Enterprise Web Services).  I am also a co-author of the WS-Reliabilityspecification.Sonic Software brings to the table years of experience working with realcustomers building supply chain integration and partner collaborationsolutions.  With our recent acquisition of eXcelon Corp, we also have aBPM implementation that supports BPSS, along with the engineeringexpertise that built it.In addition to helping to create the output of this WG, I have the meansto help evangelize this WG's efforts in the industry, which will help toaccelerate its adoption.  I am a co-author of O'Reilly and Wrox books onJMS, Web Services, and ebXML, a frequent article contributor to manytechnical publications, technical editor for Web Services Journal, and aregular public speaker at many industry events.I look forward to seeing everyone at the f2f.Dave--Sonic Software - Backbone of the Extended Enterprise--David Chappell <chappell@sonicsoftware.com> Office: (781)999-7099Mobile: (617)510-6566Vice President and Chief Technology Evangelist, Sonic Softwareco-author,\"Java Web Services\", (O'Reilly 2002)\"The Java Message Service\", (O'Reilly 2000)\"Professional ebXML Foundations\", (Wrox 2001)--",
            "docno": "lists-025-6920961",
            "received": "Thu Feb 13 09:11:12 2003",
            "isoreceived": "20030213141112",
            "sent": "Tue, 11 Feb 2003 18:42:09 -0500",
            "isosent": "20030211234209",
            "name": "David Chappell",
            "email": "chappell@sonicsoftware.com",
            "subject": "Introduction",
            "id": "3E498A51.59F3DC4B@sonicsoftware.com",
            "charset": "us-ascii",
            "expires": "-1",
            "to": "public-ws-chor@w3.org\n"
        },
        {
            "body": "Regrets, I have a conflict for today's con-call.DaveMartin Chapman wrote:> Dial in information (members only):> http://www.w3.org/2002/ws/chor/admin#meetings (note it's 4pm est and 1pm> pst)>> 1. Confirm scribe.>> The following scribed at the F2F so will not be asked: Daniel Austin,> Jim Hendler, Peter Furniss, Ed Peters, Greg Ritzinger, Leonard Greski>> 3. Action Item Review>>        ACTION: W3C staff to setup teleconf - DONE>>        ACTION: Hugo to send choreography definitions to the list>>        ACTION: write up use cases>>> 4. Discussion of Internal vs External>> Continuation of the F2F discussion.>> 5. Discussion of centralized control (hub and spoke) vs Peer-to-peer>> Touched on at the F2F is the notion of a central controller vs a> peer-to-peer relationship.> Do we need one or the other, or both styles?>> 6. AOB.>--Sonic Software - Backbone of the Extended Enterprise--David Chappell <chappell@sonicsoftware.com> Office: (781)999-7099 Mobile:(617)510-6566Vice President and Chief Technology EvangelistTechnology Advancement Group, Sonic Softwareco-author,\"Java Web Services\", (O'Reilly)\"The Java Message Service\", (O'Reilly)\"Professional ebXML Foundations\", (Wrox Press)--",
            "docno": "lists-026-0607837",
            "received": "Tue Mar 25 15:48:25 2003",
            "isoreceived": "20030325204825",
            "sent": "Tue, 25 Mar 2003 15:46:23 -0500",
            "isosent": "20030325204623",
            "name": "David Chappell",
            "email": "chappell@sonicsoftware.com",
            "subject": "Regrets - Re: Agenda for3/25 concall",
            "id": "3E80C01F.BBC7A5E9@sonicsoftware.com",
            "charset": "us-ascii",
            "inreplyto": "007301c2f261$783fc5b0$3e8e1990&#64;us.oracle.com",
            "expires": "-1",
            "to": " Martin Chapman<martin.chapman@oracle.com>\n",
            "cc": "public-ws-chor@w3.org\n"
        }
    ]
}