{
    "id": "candidate-0065",
    "name": "Daniel Glazman",
    "gender": "MALE",
    "email": "danielglazman@easyconnect.fr",
    "mails": [
        {
            "body": "Hi people,Could someone explain me why DOMStringList interface has no appendString() orinsertString() method? Without that, DOMStringList is useful only as a method'sreturn value and can't really be built to serve as a parameter.</Daniel>",
            "docno": "lists-105-1315986",
            "received": "Wed Apr  7 06:13:31 2004",
            "isoreceived": "20040407101331",
            "sent": "Wed,  7 Apr 2004 12:13:29 +0200",
            "isosent": "20040407101329",
            "name": "danielglazman@easyconnect.fr",
            "email": "danielglazman@easyconnect.fr",
            "subject": "DOMStringList",
            "id": "20040407121329.bc4c4c44s4cwc884@webmail.easyconnect.fr",
            "charset": "ISO-8859-1",
            "expires": "-1",
            "to": "www-dom@w3.org\n"
        },
        {
            "body": "Philippe Le Hegaret wrote:> DOMStringList was designed to fulfill the needs of> DOMConfiguration.parameternames and NodeEditVal.enumeratedValues. We had> no reason to add appendString or insertString since the attributes are> readonly.The CSS WG is working on the CSS Editing Object Model that reusesDOMStringList as a return argument of a new method querying classesor IDs \"defined\" in a given stylesheet or stylerule. That would be verycool to allow the calling code to merge DOMStringLists without having to\"clone\" them into an Array with an expensive chunk of code.</Daniel>",
            "docno": "lists-105-1337108",
            "received": "Thu Apr  8 02:44:46 2004",
            "isoreceived": "20040408064446",
            "sent": "Thu, 08 Apr 2004 08:44:37 +0200",
            "isosent": "20040408064437",
            "name": "Daniel Glazman",
            "email": "danielglazman@easyconnect.fr",
            "subject": "Re: DOMStringList",
            "id": "4074F4D5.8000303@easyconnect.fr",
            "charset": "us-ascii",
            "inreplyto": "1081356247.1068.45.camel&#64;chacal",
            "expires": "-1",
            "to": "www-dom@w3.org\n"
        },
        {
            "body": "Ian Hickson wrote:> Does the spec define what should happen with>>    node.insertBefore(child, child)>> ...?>>>From my reading of the spec [1], what should happen is that first the> child node should be removed (\"If the newChild is already in the tree, it> is first removed.\"), then a \"NOT_FOUND_ERR\" exception should be thrown,> since the node is no longer in the tree and so can't be found.>> This isn't useful, and isn't what UAs appear to have implemented. Based on> this testcase:>>    http://hixie.ch/tests/adhoc/dom/core/007-demo.html>> ...Opera, Mozilla, IE6, and Safari all simply ignore the call, not> changing the DOM and not raising any exceptions.>> Could the spec be clarified to specify this interoperable behaviour?I understand perfectly the reasons behind your proposal but I hate thinkingof a spec allowing the concept \"insert that before itself\" without complainingabout an illegal request. After all, it does not mean \"do nothing\", it really_means_ nothing at all. It's conceptually non-sense.</Daniel>",
            "docno": "lists-105-1009191",
            "received": "Fri Nov 28 12:07:47 2003",
            "isoreceived": "20031128170747",
            "sent": "Fri, 28 Nov 2003 18:06:01 +0100",
            "isosent": "20031128170601",
            "name": "Daniel Glazman",
            "email": "danielglazman@easyconnect.fr",
            "subject": "Re: node.insertBefore(child, child)",
            "id": "3FC78079.4030301@easyconnect.fr",
            "charset": "us-ascii",
            "inreplyto": "Pine.LNX.4.58.0311281644060.2576&#64;dhalsim.dreamhost.com",
            "expires": "-1",
            "to": "www-dom@w3.org\n"
        },
        {
            "body": "On Wed, 2004-04-07 at 06:13, danielglazman@easyconnect.fr wrote:> Hi people,>> Could someone explain me why DOMStringList interface has no appendString() or> insertString() method? Without that, DOMStringList is useful only as a method's> return value and can't really be built to serve as a parameter.DOMStringList was designed to fulfill the needs ofDOMConfiguration.parameternames and NodeEditVal.enumeratedValues. We hadno reason to add appendString or insertString since the attributes arereadonly.Philippe",
            "docno": "lists-105-1329448",
            "received": "Wed Apr  7 11:45:39 2004",
            "isoreceived": "20040407154539",
            "sent": "Wed, 07 Apr 2004 12:44:07 -0400",
            "isosent": "20040407164407",
            "name": "Philippe Le Hegaret",
            "email": "plh@w3.org",
            "subject": "Re: DOMStringList",
            "id": "1081356247.1068.45.camel@chacal",
            "inreplyto": "20040407121329.bc4c4c44s4cwc884&#64;webmail.easyconnect.fr",
            "expires": "-1",
            "to": "danielglazman@easyconnect.fr\n",
            "cc": " WWW DOM<www-dom@w3.org>\n"
        }
    ]
}