{
    "id": "candidate-0128",
    "name": "Tony Graham",
    "gender": "MALE",
    "email": "Tony.Graham@Sun.COM",
    "mails": [
        {
            "body": "The XML Protocol WG has reviewed the \"Requirements for theInternationalization of Web Services\" WD athttp://www.w3.org/TR/2003/WD-ws-i18n-req-20031217/.Two of the six requirements are relevant to SOAP and so are of concernto this WG: \"R001 SOAP Locale Feature\" and \"R004 SOAP InternationalPolicy Feature\".The WG has no issues with either R001 or R004.  Their use ofSOAP 1.2 terminology is correct, as is the reference to Section 5, AConvention for Describing Features and Bindings [1], of the SOAP 1.2Part 2 Recommendation.While the two requirements use the SOAP Feature mechanism defined bythis WG, we assume that the Web Services Internationalization TaskForce will take on the work of defining the specific SOAP Featuresrequired.As editorial review, in the first paragraph of Section 1,Introduction, the text \"XML based\" should be \"XML-based\", and in thesecond paragraph, the text \"this document\" should be \"that document\".Regards,Tony Graham------------------------------------------------------------------------Web Products, Technologies and Standards           Phone: +353 1 8199708Sun Microsystems                                              x(70)19708East Point Business Park, Dublin 3, Ireland",
            "docno": "lists-016-13795704",
            "received": "Wed Jun  9 10:34:55 2004",
            "isoreceived": "20040609143455",
            "sent": "Wed, 09 Jun 2004 15:31:34 +0100 (BST)",
            "isosent": "20040609143134",
            "name": "Tony Graham",
            "email": "Tony.Graham@Sun.COM",
            "subject": "XMLP review of  &quot;Requirements for the Internationalization of Web Services&quot;",
            "id": "20040609.153134.65067431.Tony.Graham@Sun.COM",
            "charset": "usascii",
            "expires": "1",
            "to": "public-i18n-ws@w3.org\n",
            "cc": "w3c-xml-protocol-wg@w3.org\n"
        }
    ]
}