{
    "id": "candidate-0159",
    "name": "Steven Pemberton",
    "gender": "MALE",
    "email": "steven@w3.org",
    "mails": [
        {
            "body": "Yes, this is a deliberate joke: look at the title of the slide!The point I was making in the talk is that you don't have to be blind toneed accessible websites: people at the back of the room in a lecture oftencan't read the slides.(To add to the humour, I asked a blind person in the audience to yell out toincrease the size of the font).'reatment' is a mistake, and should indeed have been 'treatment'.Best wishes,Steven Pemberton----- Original Message -----From: \"Susan Lesch\" <lesch@w3.org><steven@w3.org>Sent: Monday, September 08, 2003 4:51 AMSubject: Re: Page Presentation Problem> [cc'ing the author]>> Grant Gerlach wrote:>> >To the author of the following URL:> >> >     http://www.w3.org/2003/Talks/www2003-steven-xhtml-xforms/> >> >This page has a block section in which the text is severely smaller thanthe> >rest of the text on the page.>> This is part of a set of talk slides and I think the illegible text is> intentional. It it is three copies of the same content as in the> following section (\"One day... reatment of images).>> >The section in question is marked as \"Aim:> >More accessibility\". I'm attaching a BMP file (sorry, that's all I can> >provide using my machine) screen shot of what the section looks like. (If> >this is due to my browser, MSIE 5.0, please let me know.)> >> >Also, on the same page, I noticed a spelling mistake. In the blocksection> >below the aforementioned (marked as \"Aim: More accessibility\"), in thefifth> >paragraph, the word \"reatment\" is misspelled. It should probably be> >\"treatment,\" right?>> Yes, and again it in this case it could be on purpose.>> Hope this helps,> --> Susan Lesch           http://www.w3.org/People/Lesch/> mailto:lesch@w3.org               tel:+1.858.483.4819> World Wide Web Consortium (W3C)    http://www.w3.org/>",
            "docno": "lists-029-0710846",
            "received": "Mon Sep  8 02:16:08 2003",
            "isoreceived": "20030908061608",
            "sent": "Mon, 8 Sep 2003 08:15:34 +0200",
            "isosent": "20030908061534",
            "name": "Steven Pemberton",
            "email": "steven.pemberton@cwi.nl",
            "subject": "Re: Page Presentation Problem",
            "id": "132701c375d0$b01fd770$df13fea9@srx41p",
            "charset": "iso-8859-1",
            "inreplyto": "05111b02bb819d7c736e&#64;[192.168.123.158]",
            "expires": "-1",
            "to": " \"Grant Gerlach\" <grrr39@pie.midco.net>; <site-comments@w3.org>;\n"
        },
        {
            "body": "On Wednesday 16 July 2003 08:12, Rigo Wenning wrote:> I owe you this since a long time.Yes, and now I expect to have little time for this issue.> Steven Pemberton suggested a very simple binding that would allow to> bind a P3P-Policy to arbitrary XML-Elements. He thought it would be a> quick and short specification to do as it would define a generic> attribute like xml lang=..[1] This could be done in a separate> specification, but is also a possible candidate be included in the> [beyond HTTP] stuff.>> So I suggest to specify an XML-attribute that can be generally used to> point to a _Policy_ (not PRF). The binding is no issue as the attribute> itself defines it's own binding by the element it is sitting on.I don't completely understand. I note that in the CR [a] they have amechanism for associating an input with a \"p3ptype.\" (I'll also note thatfor historical purposes some privacy advocates *objected* to P3Pcontrolling the exchange of information under a policy. For some reason,when we made the policy orthogonal to the actual auto-fill or control ofthe exchange, which permits someone to make misrepresentations in thepolicy and then solicit lots of unrelated information in a form, they felt*happier*. <shrug/>)[a] http://www.w3.org/TR/xforms/slice6.html#model-prop-p3ptype> In a past email, Steven Pemberton gave an example of how this could look> like[2]You seem to be suggesting that you'd associate an actual policy with anelement (e.g., p3ppolicy), for example:<model><instance><root><yourname/><homeEmailAddress></root></instance><bind \"creditCardNumber\" p3ppolicy=\"http://example.com/some-policy.xml\"/></model>but I don't think that's what Steven is discussing in [2]. I *think* theyare using p3ptype and perhaps asking two questions:1. How/when is the evaluation of a policy governing a form fieldcorresponding to a p3ptype affect the auto-filling of the form. I thinkSteven is comfortable with the model there but I can't say I understandeverything involved there.2. Even if the P3P policy permits its release, should it be released if theform field is not displayed to the user via old CSS mechanisms, or XFormsswitch/case mechanism. I think it would be a good idea for the HTML familyof specifications to recommend that fields should NOT be auto-filled ifthey are not presented to the user. (Of course, agents will not be able tofigure this out in all cases as one could use various size,color, CSStricks?)[2] http://lists.w3.org/Archives/Member/w3c-forms/2003JanMar/0127.html",
            "docno": "lists-017-3947878",
            "received": "Wed Jul 16 09:53:55 2003",
            "isoreceived": "20030716135355",
            "sent": "Wed, 16 Jul 2003 09:53:52 0400",
            "isosent": "20030716135352",
            "name": "Joseph Reagle",
            "email": "reagle@w3.org",
            "subject": "Re: [BH] The most generic binding",
            "id": "200307160953.52390.reagle@w3.org",
            "charset": "iso-88591",
            "inreplyto": "20030716121247.GM1359&#64;rigo.w3.org",
            "expires": "1",
            "to": " Rigo Wenning<rigo@w3.org>, public-p3p-spec<public-p3p-spec@w3.org>\n",
            "cc": " Steven Pemberton<steven@w3.org>\n"
        },
        {
            "body": "Many thanks to Scooter Morris for updating this directly as we discussed itat the workshop. I have made a few changes to reflect new W3C situations.Comments?Best wishes,Steven PembertonJust as a reminder, the workshop is documented athttp://zing.ncsl.nist.gov/uig_w3c/text/html attachment: uig-charterx-v2.html",
            "docno": "lists-023-2814170",
            "received": "Thu Jan 23 05:54:00 2003",
            "isoreceived": "20030123105400",
            "sent": "Wed, 22 Jan 2003 15:29:03 +0100",
            "isosent": "20030122142903",
            "name": "Steven Pemberton",
            "email": "steven@w3.org",
            "subject": "Draft Charter",
            "id": "170801c2c222$9e0b6a20$df13fea9@srx41p",
            "charset": "iso-8859-1",
            "expires": "-1",
            "to": "<public-usability-workshop@w3.org>\n"
        },
        {
            "body": "text/html attachment: stored",
            "docno": "lists-032-15598933",
            "received": "Tue Nov  5 17:32:44 2002",
            "isoreceived": "20021105223244",
            "sent": "Wed, 06 Nov 2002 06:15:25 -0800",
            "isosent": "20021106141525",
            "name": "1hktd13281m54@netscape.net",
            "email": "1hktd13281m54@netscape.net",
            "subject": "Concerned8                                                              8442uXLj2-949JKUT1145UdHb4-475Nq-30",
            "id": "002e07e82e7e$8577c4c6$0ea08dc1@usmber",
            "charset": "iso-8859-1",
            "expires": "-1",
            "to": "<simon@w3.org>\n",
            "cc": "<site-comments@w3.org>,<smil-editors@w3.org>,<speaking@w3.org>,<spec-prod@w3.org>,<stephane@w3.org>,<steve@w3.org>,<steven@w3.org>,<susan@w3.org>,<svg-comments@w3.org>,<svg-testsuite-comments@w3.org>,<tag@w3.org>,<talk@w3.org>,<ted@w3.org>,<tmichel@w3.org>,<tpregister@w3.org>,<vatton@w3.org>,<vhardy@w3.org>,<vincent.quint@w3.org>\n"
        },
        {
            "body": "At 10:16 AM 5/13/2003 -0400, Ian B. Jacobs wrote:>I'm very excited about these changesJust a very small nit with the original post: some of us put attachments inthe spam file automatically so if you would post these things to the Web itwould be \"safer\".--Love.It's Bad Luck to be Superstitious!",
            "docno": "lists-091-15370204",
            "received": "Tue May 13 11:19:19 2003",
            "isoreceived": "20030513151919",
            "sent": "Tue, 13 May 2003 08:18:45 -0700",
            "isosent": "20030513151845",
            "name": "William Loughborough",
            "email": "ove26@gorge.net",
            "subject": "Re: Mailing List Archives improvements: big progresses!",
            "id": "5.2.0.9.2.20030513081724.0117ce10@pop3.gorge.net",
            "charset": "us-ascii",
            "inreplyto": "1052835410.18532.424.camel&#64;seabright",
            "expires": "-1",
            "to": "\"Ian B. Jacobs\"<ij@w3.org>, Dominique Haza?l-Massieux<dom@w3.org>\n",
            "cc": "wai-xtech@w3.org, Al Gilman<asgilman@iamdigex.net>,wendy@w3.org,jose@w3.org,ijacobs@w3.org,dbooth@w3.org,steven@w3.org,mcmay@w3.org,chaals@w3.org\n"
        },
        {
            "body": "Great!Does this include the fix that will allow attached images to show upproperly?  That problem was described athttp://www.w3.org/2002/02/mid/5.1.0.14.2.20021120151044.031f5af0@localhost;list=sysreqand the fix is mentioned athttp://lists.w3.org/Archives/Team/w3t-sys/2002NovDec/0161.htmlAt 02:23 PM 5/13/2003 +0200, Dominique Haza?l-Massieux wrote:>Hi all,>>Last year (between March and June), we discussed how the W3C Mailing>List archives could be improved, both in terms of accessibility and>usability. We came up with a proposal described and defined at:>http://www.w3.org/2002/03/archives-improvements/>>Thanks to the great work done by Jose Kahan, the proposed changes have>been implemented in Hypermail, the program that formats the email in>HTML and have been proposed for integration in the next releases of this>program (meaning that the progresses made for us will also be available>to a broader users base).>>As promised, we have now a short time frame to make real user testing>with the output produced by the new code:>http://www.w3.org/2002/03/archives-improvements/implentation-test/ shows>what the new hypermail produces, with most of the links working as they>would in a production environment (the test was produced on the mails>received in January on www-tag).>Al, Wendy, would it be possible for you to ask people with specific>handicaps/navigation requirements to look at these proposals and see how>well they work for them?>>Some small (temporary) issues:>- the index page has not been generated for this example - the program>that produces them is not hypermail, and also can be tweaked much more>easily than hypermail, so this might wait for another round>- there are some inconsistencies in the navigation bar (ml name, broken>links) that would not appear in a real case>- the \"N.B.\" note would not appear in a real case either>>Note that in any case, and since we have had much time and many>occasions to discuss the proposals, the corrections that could be>brought to the current output cannot be very large, so we should only>try to spot out the main remaining issues.>>The comments period is open until June 6 a priori, but let me know if>this is too short for you to give your feedback on this.>[FWIW, I intend to open this review slot to the chairs and the team>members after the AC Meeting]>>Thanks,>>Dom>-->Dominique Haza?l-Massieux - http://www.w3.org/People/Dom/>W3C/ERCIM>mailto:dom@w3.org--David BoothW3C Fellow / Hewlett-PackardTelephone: +1.617.253.1273",
            "docno": "lists-091-15380691",
            "received": "Tue May 13 12:03:24 2003",
            "isoreceived": "20030513160324",
            "sent": "Tue, 13 May 2003 12:03:07 -0400",
            "isosent": "20030513160307",
            "name": "David Booth",
            "email": "dbooth@w3.org",
            "subject": "Re: Mailing List Archives improvements: big progresses!",
            "id": "5.1.0.14.2.20030513115337.02fcabd0@localhost",
            "charset": "iso-8859-1",
            "inreplyto": "1052828612.28233.1132.camel&#64;stratustier",
            "expires": "-1",
            "to": " Dominique Haza?l-Massieux<dom@w3.org>,wai-xtech@w3.org,asgilman@iamdigex.net,wendy@w3.org\n",
            "cc": "jose@w3.org,ijacobs@w3.org,steven@w3.org,mcmay@w3.org,chaals@w3.org\n"
        },
        {
            "body": "One more suggestion.  (I think someone else may have mentioned this problemalso, but I'm not sure.)Some messages show up in the archives with very long lines, which are hardto read.  Example:http://lists.w3.org/Archives/Public/www-ws-arch/2003May/0215.htmlFor message display, it would be helpful to have an easy way to display themessage with long lines wrapped.  This can be done crudely withhttp://cgi.w3.org/cgi-bin/html2txt .  For example, if the previous URL isfed into html2txt, it produces:http://cgi.w3.org/cgi-bin/html2txt?url=http%3A%2F%2Flists.w3.org%2FArchives%2FPublic%2Fwww-ws-arch%2F2003May%2F0215.htmlI would suggest an option, perhaps in the upper right of the message page:Long lines: [ Wrap ] [ Don't wrap ]Furthermore, it would be easiest if \"Wrap\" were the default, since that isprobably the more common need.However, if you don't want to wrap by default, then it would be nice to atleast provide a \"Wrap long lines\" link on the message page to easilydisplay a wrapped version.Thanks!At 02:23 PM 5/13/2003 +0200, Dominique Haza?l-Massieux wrote:>Hi all,>>Last year (between March and June), we discussed how the W3C Mailing>List archives could be improved, both in terms of accessibility and>usability. We came up with a proposal described and defined at:>http://www.w3.org/2002/03/archives-improvements/>>Thanks to the great work done by Jose Kahan, the proposed changes have>been implemented in Hypermail, the program that formats the email in>HTML and have been proposed for integration in the next releases of this>program (meaning that the progresses made for us will also be available>to a broader users base).>>As promised, we have now a short time frame to make real user testing>with the output produced by the new code:>http://www.w3.org/2002/03/archives-improvements/implentation-test/ shows>what the new hypermail produces, with most of the links working as they>would in a production environment (the test was produced on the mails>received in January on www-tag).>Al, Wendy, would it be possible for you to ask people with specific>handicaps/navigation requirements to look at these proposals and see how>well they work for them?>>Some small (temporary) issues:>- the index page has not been generated for this example - the program>that produces them is not hypermail, and also can be tweaked much more>easily than hypermail, so this might wait for another round>- there are some inconsistencies in the navigation bar (ml name, broken>links) that would not appear in a real case>- the \"N.B.\" note would not appear in a real case either>>Note that in any case, and since we have had much time and many>occasions to discuss the proposals, the corrections that could be>brought to the current output cannot be very large, so we should only>try to spot out the main remaining issues.>>The comments period is open until June 6 a priori, but let me know if>this is too short for you to give your feedback on this.>[FWIW, I intend to open this review slot to the chairs and the team>members after the AC Meeting]>>Thanks,>>Dom>-->Dominique Haza?l-Massieux - http://www.w3.org/People/Dom/>W3C/ERCIM>mailto:dom@w3.org--David BoothW3C Fellow / Hewlett-PackardTelephone: +1.617.253.1273",
            "docno": "lists-091-15414800",
            "received": "Thu May 15 18:37:41 2003",
            "isoreceived": "20030515223741",
            "sent": "Thu, 15 May 2003 18:34:55 -0400",
            "isosent": "20030515223455",
            "name": "David Booth",
            "email": "dbooth@w3.org",
            "subject": "Re: Mailing List Archives improvements: big progresses!",
            "id": "5.1.0.14.2.20030515181551.02fcbc60@localhost",
            "charset": "iso-8859-1",
            "inreplyto": "1052828612.28233.1132.camel&#64;stratustier",
            "expires": "-1",
            "to": " Dominique Haza?l-Massieux<dom@w3.org>,jose@w3.org\n",
            "cc": "ijacobs@w3.org,steven@w3.org,mcmay@w3.org,chaals@w3.org,wai-xtech@w3.org,asgilman@iamdigex.net,wendy@w3.org\n"
        },
        {
            "body": "I think the confusion is that the wrong mail has been quoted. My mailsuggesting binding a P3P Policy to an arbitrary element is athttp://lists.w3.org/Archives/Member/w3c-forms/2002AprJun/0247.htmlThe mail quoted originally is not from me.Best wishes,Steven Pemberton----- Original Message -----From: \"Joseph Reagle\" <reagle@w3.org>Sent: Wednesday, July 16, 2003 3:53 PMSubject: Re: [BH] The most generic binding> On Wednesday 16 July 2003 08:12, Rigo Wenning wrote:> > I owe you this since a long time.>> Yes, and now I expect to have little time for this issue.>> > Steven Pemberton suggested a very simple binding that would allow to> > bind a P3P-Policy to arbitrary XML-Elements. He thought it would be a> > quick and short specification to do as it would define a generic> > attribute like xml lang=..[1] This could be done in a separate> > specification, but is also a possible candidate be included in the> > [beyond HTTP] stuff.> >> > So I suggest to specify an XML-attribute that can be generally used to> > point to a _Policy_ (not PRF). The binding is no issue as the attribute> > itself defines it's own binding by the element it is sitting on.>> I don't completely understand. I note that in the CR [a] they have a> mechanism for associating an input with a \"p3ptype.\" (I'll also note that> for historical purposes some privacy advocates *objected* to P3P> controlling the exchange of information under a policy. For some reason,> when we made the policy orthogonal to the actual auto-fill or control of> the exchange, which permits someone to make misrepresentations in the> policy and then solicit lots of unrelated information in a form, they felt> *happier*. <shrug/>)>> [a] http://www.w3.org/TR/xforms/slice6.html#model-prop-p3ptype>> > In a past email, Steven Pemberton gave an example of how this could look> > like[2]>> You seem to be suggesting that you'd associate an actual policy with an> element (e.g., p3ppolicy), for example:> <model>>  <instance><root><yourname/><homeEmailAddress></root></instance>>  <bind \"creditCardNumber\" p3ppolicy=\"http://example.com/some-policy.xml\"/>> </model>> but I don't think that's what Steven is discussing in [2]. I *think* they> are using p3ptype and perhaps asking two questions:> 1. How/when is the evaluation of a policy governing a form field> corresponding to a p3ptype affect the auto-filling of the form. I think> Steven is comfortable with the model there but I can't say I understand> everything involved there.> 2. Even if the P3P policy permits its release, should it be released ifthe> form field is not displayed to the user via old CSS mechanisms, or XForms> switch/case mechanism. I think it would be a good idea for the HTML family> of specifications to recommend that fields should NOT be auto-filled if> they are not presented to the user. (Of course, agents will not be able to> figure this out in all cases as one could use various size,color, CSS> tricks?)>> [2] http://lists.w3.org/Archives/Member/w3c-forms/2003JanMar/0127.html>>",
            "docno": "lists-017-4041591",
            "received": "Wed Jul 16 17:01:10 2003",
            "isoreceived": "20030716210110",
            "sent": "Wed, 16 Jul 2003 23:01:08 +0200",
            "isosent": "20030716210108",
            "name": "Steven Pemberton",
            "email": "steven.pemberton@cwi.nl",
            "subject": "Re: [BH] The most generic binding",
            "id": "05a901c34bdd$6178fb00$df13fea9@srx41p",
            "charset": "iso-88591",
            "inreplyto": "200307160953.52390.reagle&#64;w3.org",
            "expires": "1",
            "to": " \"Rigo Wenning\" <rigo@w3.org>; \"public-p3p-spec\" <public-p3p-spec@w3.org>\n",
            "cc": " \"Steven Pemberton\" <steven@w3.org>\n"
        },
        {
            "body": "As you know, I've been chasing the thread of what exactly happened to the\"character entities without DTDs\" issue as documented in [1]. When I askedthe XML Core WG about it recently, Paul Grosso responded \"I am aware of nocurrently open task on the XML Core WG's task list associated with XML 2.0.There are therefore no associated dates.\" [2]It's certainly a difficult technical issue, but I know sometimes theemergent tendency is for the problem to become obfuscated in bureaucracyrather than keeping it clearly identified as an open but difficult issue on*some* plate somewhere that occasionally gets reconsidered or resourced. (Ilike that about the TAG issues.) Consequently, the only thing I canrecommend in this case is to re-raise the issue with Core and ask that itexplicitly be added to [3] -- as an active or future task -- with an offerto help when the time comes along.[1] http://www.w3.org/2003/03/rdf-in-xml.html#sec-Deliverables[2] http://lists.w3.org/Archives/Public/public-rdf-in-xhtml-tf/2003Jul/0015[3] http://www.w3.org/XML/Group/Core",
            "docno": "lists-021-1447453",
            "received": "Fri Jul 18 15:19:12 2003",
            "isoreceived": "20030718191912",
            "sent": "Fri, 18 Jul 2003 15:18:13 -0400",
            "isosent": "20030718191813",
            "name": "Joseph Reagle",
            "email": "reagle@w3.org",
            "subject": "Recommendation: re-raise entity issue",
            "id": "200307181518.13819.reagle@w3.org",
            "charset": "us-ascii",
            "expires": "-1",
            "to": " Steven Pemberton<steven@w3.org>\n",
            "cc": "public-rdf-in-xhtml-tf@w3.org,w3c-html-wg@w3.org\n"
        },
        {
            "body": "I would take this further.  Some of the people who attended thisworkshop did so solely due to their interest in improvingweb-based applications.  If the scope is dropped to only be websites, not only will the group lose the chance to improve thetools and standards of a vast set of web applications, they willlose interested participants as well (including myself, for one).Todd, great quote in your signature.ChipSharon Laskowski wrote:> Good question. As a practical matter, we are just starting the interest group> and don't have a lot of resources, so it makes sense to me to initially just> look at web sites.  The question of web apps being in scope or not is, perhaps,> something that should be discussed once the IG gets going.  There are obviously> some issues that would carryover, but once you enlarge the scope to apps you> have to look at software usability issues in general.  The WAI guidelines, for> example, skirt around this issue.  Many guidelines are specific to markup> languages, but where needed they mention things like making embedded> applications accessible or recommending good software design practice.>> I don't think the scope in the charter itself needs to be more specific at this> point.>> Sharon>> Quoting Steven Pemberton <steven@w3.org>:>>>>From: \"Todd Warfel\" <lists@mk27.com>>>To: <public-usability-workshop@w3.org>>>Cc: \"Steven Pemberton\" <steven@w3.org>>>Sent: Friday, January 24, 2003 6:33 PM>>Subject: [Moderator Action] Re: Draft Charter>>>>>> Will we be making a distinction between Web sites and Web-based>>applications? Are we lumping the two together, or are Web-based>>applications>>outside the scope of this group/consortium?>>>>>>>On 1/22/03 9:29 AM, \"Steven Pemberton\" <steven@w3.org> wrote:>>>>>>>>>>Comments?>>>>>>>>Best wishes,>>>>>>>>Steven Pemberton>>>>>>>>Just as a reminder, the workshop is documented at>>>>>>>>http://zing.ncsl.nist.gov/uig_w3c/>>>>>>>>>>>>Cheers!>>>>>>Todd R. Warfel>>>>>>_//message first [method second]>>>.--.==.--.==.--.==.--.==.--.==.--.==.--.>>>_//user experience architect>>>Information architecture>>>Interaction design>>>Usability analysis>>>[P] (607) 339-9640>>>[E]  twarfel@messagefirst.com>>>[w] http://www.messagefirst.com>>>.--.==.--.==.--.==.--.==.--.==.--.==.--.>>>>>>In theory, theory and practice are the same,>>>but in practice, they're not -- anonymous--__________________________________________________________C h i p   A l e x a n d e rDesign Lead, User Interface GuidelinesCTO-User Experience Group       Chip.Alexander@sun.comSun Microsystems, Menlo Park    650/786-4551 (or x84551)__________________________________________________________",
            "docno": "lists-023-2903304",
            "received": "Mon Jan 27 20:38:04 2003",
            "isoreceived": "20030128013804",
            "sent": "Mon, 27 Jan 2003 17:29:43 -0800",
            "isosent": "20030128012943",
            "name": "Chip Alexander",
            "email": "Chip.Alexander@sun.com",
            "subject": "Re: Draft Charter",
            "id": "3E35DD07.4060604@sun.com",
            "charset": "us-ascii",
            "inreplyto": "1043685219.3e355f63ef75d&#64;imp.nist.gov",
            "expires": "-1",
            "to": " Todd Warfel<lists@mk27.com>\n",
            "cc": " Sharon Laskowski<sharon.laskowski@nist.gov>,public-usability-workshop@w3.org\n"
        },
        {
            "body": "Hi Dom and Jose,While I have not done a thorough review, I'm very excitedabout these changes (for everyone!) after just a quick reviewof the results. Well done!_ IanOn Tue, 2003-05-13 at 08:23, Dominique Haza?l-Massieux wrote:> Hi all,>> Last year (between March and June), we discussed how the W3C Mailing> List archives could be improved, both in terms of accessibility and> usability. We came up with a proposal described and defined at:> http://www.w3.org/2002/03/archives-improvements/>> Thanks to the great work done by Jose Kahan, the proposed changes have> been implemented in Hypermail, the program that formats the email in> HTML and have been proposed for integration in the next releases of this> program (meaning that the progresses made for us will also be available> to a broader users base).>> As promised, we have now a short time frame to make real user testing> with the output produced by the new code:> http://www.w3.org/2002/03/archives-improvements/implentation-test/ shows> what the new hypermail produces, with most of the links working as they> would in a production environment (the test was produced on the mails> received in January on www-tag).> Al, Wendy, would it be possible for you to ask people with specific> handicaps/navigation requirements to look at these proposals and see how> well they work for them?>> Some small (temporary) issues:> - the index page has not been generated for this example - the program> that produces them is not hypermail, and also can be tweaked much more> easily than hypermail, so this might wait for another round> - there are some inconsistencies in the navigation bar (ml name, broken> links) that would not appear in a real case> - the \"N.B.\" note would not appear in a real case either>> Note that in any case, and since we have had much time and many> occasions to discuss the proposals, the corrections that could be> brought to the current output cannot be very large, so we should only> try to spot out the main remaining issues.>> The comments period is open until June 6 a priori, but let me know if> this is too short for you to give your feedback on this.> [FWIW, I intend to open this review slot to the chairs and the team> members after the AC Meeting]>> Thanks,>> Dom--Ian Jacobs (ij@w3.org)   http://www.w3.org/People/JacobsTel:                     +1 718 260-9447",
            "docno": "lists-091-15357675",
            "received": "Tue May 13 10:17:32 2003",
            "isoreceived": "20030513141732",
            "sent": "13 May 2003 10:16:51 -0400",
            "isosent": "20030513141651",
            "name": "Ian B. Jacobs",
            "email": "j@w3.org",
            "subject": "Re: Mailing List Archives improvements: big progresses!",
            "id": "1052835410.18532.424.camel@seabright",
            "charset": "ISO-8859-1",
            "inreplyto": "1052828612.28233.1132.camel&#64;stratustier",
            "expires": "-1",
            "to": " Dominique Haza?l-Massieux<dom@w3.org>\n",
            "cc": "wai-xtech@w3.org, Al Gilman<asgilman@iamdigex.net>,wendy@w3.org,jose@w3.org,ijacobs@w3.org,dbooth@w3.org,steven@w3.org,mcmay@w3.org,chaals@w3.org\n"
        },
        {
            "body": "From: \"Todd Warfel\" <lists@mk27.com>Sent: Friday, January 24, 2003 6:33 PMSubject: [Moderator Action] Re: Draft CharterWill we be making a distinction between Web sites and Web-basedapplications? Are we lumping the two together, or are Web-based applicationsoutside the scope of this group/consortium?> On 1/22/03 9:29 AM, \"Steven Pemberton\" <steven@w3.org> wrote:>> > Comments?> >> > Best wishes,> >> > Steven Pemberton> >> > Just as a reminder, the workshop is documented at> >> > http://zing.ncsl.nist.gov/uig_w3c/>>>> Cheers!>> Todd R. Warfel>> _//message first [method second]> .--.==.--.==.--.==.--.==.--.==.--.==.--.> _//user experience architect> Information architecture> Interaction design> Usability analysis> [P] (607) 339-9640> [E]  twarfel@messagefirst.com> [w] http://www.messagefirst.com> .--.==.--.==.--.==.--.==.--.==.--.==.--.>> In theory, theory and practice are the same,> but in practice, they're not -- anonymous>>>",
            "docno": "lists-023-2851500",
            "received": "Sat Jan 25 18:16:01 2003",
            "isoreceived": "20030125231601",
            "sent": "Sun, 26 Jan 2003 00:16:00 +0100",
            "isosent": "20030125231600",
            "name": "Steven Pemberton",
            "email": "steven@w3.org",
            "subject": "Re: Draft Charter",
            "id": "00c001c2c4c7$ba0793f0$df13fea9@srx41p",
            "charset": "iso-8859-1",
            "inreplyto": "Draft Charter",
            "expires": "-1",
            "to": " <public-usability-workshop@w3.org>\n",
            "cc": " \"Steven Pemberton\" <steven@w3.org>\n"
        },
        {
            "body": "Good question. As a practical matter, we are just starting the interest groupand don't have a lot of resources, so it makes sense to me to initially justlook at web sites.  The question of web apps being in scope or not is, perhaps,something that should be discussed once the IG gets going.  There are obviouslysome issues that would carryover, but once you enlarge the scope to apps youhave to look at software usability issues in general.  The WAI guidelines, forexample, skirt around this issue.  Many guidelines are specific to markuplanguages, but where needed they mention things like making embeddedapplications accessible or recommending good software design practice.I don't think the scope in the charter itself needs to be more specific at thispoint.SharonQuoting Steven Pemberton <steven@w3.org>:>> From: \"Todd Warfel\" <lists@mk27.com>> To: <public-usability-workshop@w3.org>> Cc: \"Steven Pemberton\" <steven@w3.org>> Sent: Friday, January 24, 2003 6:33 PM> Subject: [Moderator Action] Re: Draft Charter>>>  Will we be making a distinction between Web sites and Web-based> applications? Are we lumping the two together, or are Web-based> applications> outside the scope of this group/consortium?>> > On 1/22/03 9:29 AM, \"Steven Pemberton\" <steven@w3.org> wrote:> >> > > Comments?> > >> > > Best wishes,> > >> > > Steven Pemberton> > >> > > Just as a reminder, the workshop is documented at> > >> > > http://zing.ncsl.nist.gov/uig_w3c/> >> >> >> > Cheers!> >> > Todd R. Warfel> >> > _//message first [method second]> > .--.==.--.==.--.==.--.==.--.==.--.==.--.> > _//user experience architect> > Information architecture> > Interaction design> > Usability analysis> > [P] (607) 339-9640> > [E]  twarfel@messagefirst.com> > [w] http://www.messagefirst.com> > .--.==.--.==.--.==.--.==.--.==.--.==.--.> >> > In theory, theory and practice are the same,> > but in practice, they're not -- anonymous> >> >> >>>",
            "docno": "lists-023-2869161",
            "received": "Mon Jan 27 11:33:58 2003",
            "isoreceived": "20030127163358",
            "sent": "Mon, 27 Jan 2003 11:33:39 -0500",
            "isosent": "20030127163339",
            "name": "Sharon Laskowski",
            "email": "sharon.laskowski@nist.gov",
            "subject": "Re: Draft Charter",
            "id": "1043685219.3e355f63ef75d@imp.nist.gov",
            "inreplyto": "00c001c2c4c7$ba0793f0$df13fea9&#64;srx41p",
            "expires": "-1",
            "to": "public-usability-workshop@w3.org\n",
            "cc": " Todd Warfel<lists@mk27.com>\n"
        },
        {
            "body": "text/html attachment: stored",
            "docno": "lists-033-6132334",
            "received": "Sat Sep  7 02:58:53 2002",
            "isoreceived": "20020907065853",
            "sent": "Sat, 07 Sep 2002 07:56:46 -0100",
            "isosent": "20020907085646",
            "name": "directshopping@yahoo.com",
            "email": "directshopping@yahoo.com",
            "subject": "A Stimulating Sensual Lubricant For Women",
            "id": "011b77a32e1c$8586b0a6$0ac54de0@lqomai",
            "charset": "iso-8859-1",
            "expires": "-1",
            "to": "<josiane@w3.org>\n",
            "cc": "<kahan@w3.org>,<kotok@w3.org>,<laurent@w3.org>,<lesch@w3.org>,<marisol@w3.org>,<simon@w3.org>,<site-comments@w3.org>,<site-policy@w3.org>,<speaking@w3.org>,<spec-prod@w3.org>,<steve@w3.org>,<steven@w3.org>,<susan@w3.org>,<svg-comments@w3.org>,<svg-testsuite-comments@w3.org>,<swick@w3.org>,<ted@w3.org>,<timbl@w3.org>,<tmichel@w3.org>,<uri@w3.org>,<vatton@w3.org>,<veillard@w3.org>,<vhardy@w3.org>,<w3c-announce@w3.org>,<w3c-announce-request@w3.org>,<w3c-dist-auth@w3.org>,<w3c-html-wg@w3.org>,<w3c-ietf-xmldsig@w3.org>,<w3c-ietf-xmldsig-request@w3.org>,<w3c-math-wg@w3.org>,<w3c-mobile-ig@w3.org>,<w3c-ql@w3.org>,<w3c-translators@w3.org>,<w3c-translators-request@w3.org>,<w3c-wai-au@w3.org>,<w3c-wai-er-ig@w3.org>,<w3c-wai-gl@w3.org>,<w3c-wai-ig@w3.org>,<w3c-wai-ua@w3.org>,<w3c-wai-wcag-review@w3.org>\n"
        },
        {
            "body": "Hi all,Last year (between March and June), we discussed how the W3C MailingList archives could be improved, both in terms of accessibility andusability. We came up with a proposal described and defined at:http://www.w3.org/2002/03/archives-improvements/Thanks to the great work done by Jose Kahan, the proposed changes havebeen implemented in Hypermail, the program that formats the email inHTML and have been proposed for integration in the next releases of thisprogram (meaning that the progresses made for us will also be availableto a broader users base).As promised, we have now a short time frame to make real user testingwith the output produced by the new code:http://www.w3.org/2002/03/archives-improvements/implentation-test/ showswhat the new hypermail produces, with most of the links working as theywould in a production environment (the test was produced on the mailsAl, Wendy, would it be possible for you to ask people with specifichandicaps/navigation requirements to look at these proposals and see howwell they work for them?Some small (temporary) issues:- the index page has not been generated for this example - the programthat produces them is not hypermail, and also can be tweaked much moreeasily than hypermail, so this might wait for another round- there are some inconsistencies in the navigation bar (ml name, brokenlinks) that would not appear in a real case- the \"N.B.\" note would not appear in a real case eitherNote that in any case, and since we have had much time and manyoccasions to discuss the proposals, the corrections that could bebrought to the current output cannot be very large, so we should onlytry to spot out the main remaining issues.The comments period is open until June 6 a priori, but let me know ifthis is too short for you to give your feedback on this.[FWIW, I intend to open this review slot to the chairs and the teammembers after the AC Meeting]Thanks,Dom--Dominique Haza?l-Massieux - http://www.w3.org/People/Dom/W3C/ERCIMmailto:dom@w3.org",
            "docno": "lists-091-15335146",
            "received": "in January on www-tag).",
            "isoreceived": "20030513122354",
            "sent": "13 May 2003 14:23:29 +0200",
            "isosent": "20030513122329",
            "name": "Dominique Haza?l-Massieux",
            "email": "dom@w3.org",
            "subject": "Mailing List Archives improvements: big progresses!",
            "id": "1052828612.28233.1132.camel@stratustier",
            "charset": "ISO-8859-15",
            "expires": "-1",
            "to": "wai-xtech@w3.org,asgilman@iamdigex.net,wendy@w3.org\n",
            "cc": "jose@w3.org,ijacobs@w3.org,dbooth@w3.org,steven@w3.org,mcmay@w3.org,chaals@w3.org\n"
        },
        {
            "body": "Great improvements!The attached page illustrates some suggested tweaks forhttp://www.w3.org/2002/03/archives-improvements/implentation-test/ that Ithink will significantly improve the user experience.  They are:1. The format of the starting and ending dates is hard to visuallyparse.  I suggest making the words \"Starting\" and \"Ending\" bold (or in<dfn> tags).2. I find the date format \"Apr 01 2003\" harder to visually parse than\"01-Apr-2003\", so instead of31 messages: Starting Tue, Apr 01 2003, Ending Tue, Apr 01 2003I suggest31 messages: Starting: Tue, 01-Apr-2003 Ending: Tue, 01-Apr-2003However, this may be entirely subjective, and it is very minor, so feelfree to ignore this suggestion if you think differently.3. Keep the list of \"Sort by\" options consistent in all views, and disablethe current one.  For example, when the list is sorted by date, the \"[ date]\" option should still appear, but disabled (i.e., no longer a link).4. Provide a quick link to search within the current list.  I.e.,pre-populate the current list name into the search form.  (The attachedexample shows an easy way to do this with a link.)  I suggest changing theHelp line fromHelp: [ How to use the archives ] [ Search in the archives ]toHelp: [ How to use the archives ] Search: [ All ] [ Public lists ][ This list ]where \"Public\" would be either \"Public\", \"Member\" or \"Team\", as appropriate.Thanks!--David BoothW3C Fellow / Hewlett-PackardTelephone: +1.617.253.1273text/html attachment: archives-msg-format2.html",
            "docno": "lists-091-15393479",
            "received": "Tue May 13 17:41:59 2003",
            "isoreceived": "20030513214159",
            "sent": "Tue, 13 May 2003 17:41:29 -0400",
            "isosent": "20030513214129",
            "name": "David Booth",
            "email": "dbooth@w3.org",
            "subject": "Re: Mailing List Archives improvements: big progresses!",
            "id": "5.1.0.14.2.20030513162237.0311cb10@localhost",
            "charset": "us-ascii",
            "inreplyto": "1052828612.28233.1132.camel&#64;stratustier",
            "expires": "-1",
            "to": " Dominique Haza?l-Massieux<dom@w3.org>,jose@w3.org\n",
            "cc": "ijacobs@w3.org,steven@w3.org,mcmay@w3.org,chaals@w3.org,wai-xtech@w3.org,asgilman@iamdigex.net,wendy@w3.org\n"
        },
        {
            "body": "Greetings Steven, just a couple of minor observations.In section 4 you explicitly call out a small number of groups with whichthere should be some coordination. You include Accessability &Internationalization but omit a similar broad based activity DeviceIndependence. As a member of the DI WG I am endeavouring to encourage moreinteraction between these three activities.You last point in section 6 begs the question \"based on what metrics?\".Regards, Roland\"Steven Pemberton\" <steven@w3.org>Sent by: public-usability-workshop-request@w3.org22/01/2003 14:29To:     <public-usability-workshop@w3.org>cc:Subject:        Draft CharterMany thanks to Scooter Morris for updating this directly as we discusseditat the workshop. I have made a few changes to reflect new W3C situations.Comments?Best wishes,Steven PembertonJust as a reminder, the workshop is documented athttp://zing.ncsl.nist.gov/uig_w3c/#### uig-charterx-v2.html has been removed from this note on January 232003 by Roland Merrick",
            "docno": "lists-023-2821531",
            "received": "Thu Jan 23 08:12:53 2003",
            "isoreceived": "20030123131253",
            "sent": "Thu, 23 Jan 2003 13:12:15 +0000",
            "isosent": "20030123131215",
            "name": "Roland Merrick",
            "email": "roland_merrick@uk.ibm.com",
            "subject": "Re: Draft Charter",
            "id": "OF91F5D0E9.C1BAFE59-ON80256CB7.0047F8CA@portsmouth.uk.ibm.com",
            "charset": "us-ascii",
            "inreplyto": "Draft Charter",
            "expires": "-1",
            "to": "\"Steven Pemberton\"<steven@w3.org>\n",
            "cc": "public-usability-workshop@w3.org\n"
        },
        {
            "body": "text/html attachment: stored",
            "docno": "lists-033-9314277",
            "received": "Thu Sep 26 17:12:27 2002",
            "isoreceived": "20020926211227",
            "sent": "Fri, 27 Sep 2002 08:02:59 -1100",
            "isosent": "20020927190259",
            "name": "homeopathic@yahoo.com",
            "email": "homeopathic@yahoo.com",
            "subject": "Women:Orgasm Easily During Intercourse",
            "id": "037c75c01c8c$2148d4a1$0cd36da4@ymaegr",
            "charset": "iso-8859-1",
            "expires": "-1",
            "to": "<wai-site-comments@w3.org>\n",
            "cc": "<christelle@w3.org>,<coralie@w3.org>,<w3c-ql@w3.org>,<www-rdf-interest-request@w3.org>,<www-mobile-request@w3.org>,<svg-testsuite-comments@w3.org>,<www-html-request@w3.org>,<www-ql@w3.org>,<w3c-translators-request@w3.org>,<wai-events@w3.org>,<www-validator-css@w3.org>,<steven@w3.org>\n"
        },
        {
            "body": "Sort by alternatives change according to which one is selected. Better wayis to keep all of them visible and in the same order but grey or mark insome other way the one currently selected.Marja",
            "docno": "lists-091-15347717",
            "received": "Tue May 13 09:04:56 2003",
            "isoreceived": "20030513130456",
            "sent": "Tue, 13 May 2003 09:04:57 -0400",
            "isosent": "20030513130457",
            "name": "Marja-Riitta Koivunen",
            "email": "rja@w3.org",
            "subject": "Re: Mailing List Archives improvements: big progresses!",
            "id": "5.1.0.14.0.20030513085928.039d7b88@localhost",
            "charset": "us-ascii",
            "inreplyto": "1052828612.28233.1132.camel&#64;stratustier",
            "expires": "-1",
            "to": " Dominique Haza?l-Massieux<dom@w3.org>,wai-xtech@w3.org,asgilman@iamdigex.net,wendy@w3.org\n",
            "cc": "jose@w3.org,ijacobs@w3.org,dbooth@w3.org,steven@w3.org,mcmay@w3.org,chaals@w3.org\n"
        },
        {
            "body": "On Friday 18 July 2003 15:55, BIGELOW,JIM (HP-Boise,ex1) wrote:> I wonder how we could convince the XML Schema group it is in their own> best interests and will speed the adoption of their technology to provide> a non-DTD mechanism for defining character entities?I thought part of the problem there is that the schema validation comes wellafter XML1.0 entity processing/parsing... I'm unfamiliar with MSM'sproposal from the last plenary (reference?), and I've seen a proposal akin<html xml:entities=\"xxx\"><p>now I can use &eacute;...</p>....</html>but this would require a new XML attribute and maybe new version of XML, andit wouldn't be backwards compatible. (These might be ok, just seem to bethe issues that arise in my mind.)",
            "docno": "lists-021-1481972",
            "received": "Fri Jul 18 16:23:48 2003",
            "isoreceived": "20030718202348",
            "sent": "Fri, 18 Jul 2003 16:22:45 -0400",
            "isosent": "20030718202245",
            "name": "Joseph Reagle",
            "email": "reagle@w3.org",
            "subject": "Re: Recommendation: re-raise entity issue",
            "id": "200307181622.45998.reagle@w3.org",
            "charset": "iso-8859-1",
            "inreplyto": "020A3CF87FB5AC47AA67966B338457550350A820&#64;xboi22.boise.itc.hp.com",
            "expires": "-1",
            "to": "\n",
            "cc": "public-rdf-in-xhtml-tf@w3.org,w3c-html-wg@w3.org\n"
        },
        {
            "body": "I wonder how we could convince the XML Schema group it is in their own bestinterests and will speed the adoption of their technology to provide anon-DTD mechanism for defining character entities?Jim--Jim Bigelow,Editor: XHTML-Print & CSS Print ProfileW3C HTML and CSS Working Groupshttp://www.pwg.org/xhtml-print/W3C-Version/XHTML-Print.htmlhttp://www.pwg.org/xhtml-print/W3C-Version/CSS-Print.htmlHewlett-Packard208-396-2068jim.bigelow@hp.com> -----Original Message-----> From: Joseph Reagle [mailto:reagle@w3.org]> Sent: Friday, July 18, 2003 12:18 PM> To: Steven Pemberton> Cc: public-rdf-in-xhtml-tf@w3.org; w3c-html-wg@w3.org> Subject: Recommendation: re-raise entity issue>>>> As you know, I've been chasing the thread of what exactly> happened to the> \"character entities without DTDs\" issue as documented in [1].> When I asked> the XML Core WG about it recently, Paul Grosso responded \"I> am aware of no> currently open task on the XML Core WG's task list associated> with XML 2.0.> There are therefore no associated dates.\" [2]>> It's certainly a difficult technical issue, but I know sometimes the> emergent tendency is for the problem to become obfuscated in> bureaucracy> rather than keeping it clearly identified as an open but> difficult issue on> *some* plate somewhere that occasionally gets reconsidered or> resourced. (I> like that about the TAG issues.) Consequently, the only thing I can> recommend in this case is to re-raise the issue with Core and> ask that it> explicitly be added to [3] -- as an active or future task --> with an offer> to help when the time comes along.>> [1] http://www.w3.org/2003/03/rdf-in-xml.html#sec-Deliverables> [2]> http://lists.w3.org/Archives/Public/public-rdf-in-xhtml-tf/2003Jul/0015[3] http://www.w3.org/XML/Group/Core",
            "docno": "lists-021-1470032",
            "received": "Fri Jul 18 15:55:45 2003",
            "isoreceived": "20030718195545",
            "sent": "Fri, 18 Jul 2003 15:55:38 -0400",
            "isosent": "20030718195538",
            "name": "BIGELOW,JIM (HP-Boise,ex1)",
            "email": "jim.bigelow@hp.com",
            "subject": "RE: Recommendation: re-raise entity issue",
            "id": "020A3CF87FB5AC47AA67966B338457550350A820@xboi22.boise.itc.hp.com",
            "inreplyto": "Recommendation: re-raise entity issue",
            "expires": "-1",
            "to": " Joseph Reagle<reagle@w3.org>, Steven Pemberton<steven@w3.org>\n",
            "cc": "public-rdf-in-xhtml-tf@w3.org,w3c-html-wg@w3.org\n"
        },
        {
            "body": "Greetings,This issue certainly needs to be dealt with by some group, I agree.At the most recent plenary meeting, an informal solution was proposed byMichael Sp-McQ. The proposed solution, as I recall, was not perfect, butdid seem to be workable and to address the most immediate and importantissues. Perhaps this solution should be cast into a formal proposal to W3C,which could then determine \"on whose plate\" responsibility for the eventualsolution lies.Regards,D-*************************************************Dr. Daniel AustinSr. Technical Architectdaniel_austin@grainger.com847 793 5044Visit http://www.grainger.com\"If I get a little money, I buy books. If there is anything left over, Ibuy clothing and food.\"-Erasmus\"Joseph Reagle\"<reagle@w3.org>          To:       \"Steven Pemberton\" <steven@w3.org>Sent by:                 cc:       public-rdf-in-xhtml-tf@w3.org, w3c-html-wg@w3.orgw3c-html-wg-reque        Subject:  Recommendation: re-raise entity issuest@w3.org07/18/2003 02:18PMAs you know, I've been chasing the thread of what exactly happened to the\"character entities without DTDs\" issue as documented in [1]. When I askedthe XML Core WG about it recently, Paul Grosso responded \"I am aware of nocurrently open task on the XML Core WG's task list associated with XML 2.0.There are therefore no associated dates.\" [2]It's certainly a difficult technical issue, but I know sometimes theemergent tendency is for the problem to become obfuscated in bureaucracyrather than keeping it clearly identified as an open but difficult issue on*some* plate somewhere that occasionally gets reconsidered or resourced. (Ilike that about the TAG issues.) Consequently, the only thing I canrecommend in this case is to re-raise the issue with Core and ask that itexplicitly be added to [3] -- as an active or future task -- with an offerto help when the time comes along.[1] http://www.w3.org/2003/03/rdf-in-xml.html#sec-Deliverables[2] http://lists.w3.org/Archives/Public/public-rdf-in-xhtml-tf/2003Jul/0015[3] http://www.w3.org/XML/Group/Core",
            "docno": "lists-021-1456343",
            "received": "Fri Jul 18 15:50:01 2003",
            "isoreceived": "20030718195001",
            "sent": "Fri, 18 Jul 2003 14:49:32 -0500",
            "isosent": "20030718194932",
            "name": "Daniel_Austin@grainger.com",
            "email": "Daniel_Austin@grainger.com",
            "subject": "Re: Recommendation: re-raise entity issue",
            "id": "OF5C86B077.FD85196D-ON86256D67.006C8B3D@grainger.com",
            "charset": "us-ascii",
            "inreplyto": "Recommendation: re-raise entity issue",
            "expires": "-1",
            "to": "reagle@w3.org\n",
            "cc": "public-rdf-in-xhtml-tf@w3.org,steven@w3.org,w3c-html-wg@w3.org,w3c-html-wg-request@w3.org\n"
        },
        {
            "body": "niceWorld Capital Group is a group of FundingSources that help businesses with theirfinancial needs.  We can provide Working Capitalto $150,000 on an unsecured basis; which can beused to take care of cash flow needs, providefunds for expansion and other needs yourbusiness has (US businesses only).  We alsopurchase Invoices, Accounts Receivables, Leases,Auto Portfolios, Business and Real Estate Notes,and other Cash Flows.  If you would like toinquire about us helping you today with yourcapital needs, please click on the link belowfor details and submission form.  Thx for yourtime.  World Capital Grouphttp://www.mailpail.comhttp://www.mailpail.com9932Mrvc4-849zHRG4697ANmO9-269kJFB1036ntmL5-997WxHi5549yETS6-014sfvJ0954KmXs9-7l74niceYou are recieving this email as a subscriber oraffiliate sucbscriber to optin network.  If youhave received this as an error or would like tobe taken off our list please send an email tonormore@eyou.com.  Thank you and have a greatday.nice1414QdYL5-620VKvx3641aZZB2-063XnEN0334mHAS3-211PyLa1l49",
            "docno": "lists-033-7431241",
            "received": "Wed Sep 18 00:06:09 2002",
            "isoreceived": "20020918040609",
            "sent": "Wed Sep 18 00:06:09 2002",
            "isosent": "20020918040609",
            "name": "disonjames@angelfire.com",
            "email": "disonjames@angelfire.com",
            "subject": "Business Working Capital Available",
            "id": "007b04c15e0b$8334c3a2$8db61bc5@faxvle",
            "charset": "iso-8859-1",
            "expires": "-1",
            "to": "<steven@w3.org>,<susan@w3.org>,<svg-comments@w3.org>,<svg-testsuite-comments@w3.org>,<swick@w3.org>,<ted@w3.org>,<timbl@w3.org>,<tmichel@w3.org>,<uri@w3.org>,<vatton@w3.org>,<veillard@w3.org>,<vhardy@w3.org>\n"
        },
        {
            "body": "[cc'ing the author]Grant Gerlach wrote:>To the author of the following URL:>>     http://www.w3.org/2003/Talks/www2003-steven-xhtml-xforms/>>This page has a block section in which the text is severely smaller than the>rest of the text on the page.This is part of a set of talk slides and I think the illegible text isintentional. It it is three copies of the same content as in thefollowing section (\"One day... reatment of images).>The section in question is marked as \"Aim:>More accessibility\". I'm attaching a BMP file (sorry, that's all I can>provide using my machine) screen shot of what the section looks like. (If>this is due to my browser, MSIE 5.0, please let me know.)>>Also, on the same page, I noticed a spelling mistake. In the block section>below the aforementioned (marked as \"Aim: More accessibility\"), in the fifth>paragraph, the word \"reatment\" is misspelled. It should probably be>\"treatment,\" right?Yes, and again it in this case it could be on purpose.Hope this helps,--Susan Lesch           http://www.w3.org/People/Lesch/mailto:lesch@w3.org               tel:+1.858.483.4819World Wide Web Consortium (W3C)    http://www.w3.org/",
            "docno": "lists-029-0676636",
            "received": "Sun Sep  7 22:51:12 2003",
            "isoreceived": "20030908025112",
            "sent": "Sun, 7 Sep 2003 19:51:08 -0700",
            "isosent": "20030908025108",
            "name": "Susan Lesch",
            "email": "sch@w3.org",
            "subject": "Re: Page Presentation Problem",
            "id": "p05111b02bb819d7c736e@[192.168.123.158]",
            "charset": "us-ascii",
            "inreplyto": "000701c36dc6$add9f340$5550dc18&#64;midco.net",
            "expires": "-1",
            "to": "\"Grant Gerlach\"<grrr39@pie.midco.net>,<site-comments@w3.org>,steven@w3.org\n"
        }
    ]
}