{
    "id": "candidate-0120",
    "name": "Peter korn",
    "gender": "MALE",
    "email": "peter.korn@sun.com",
    "mails": [
        {
            "body": ">I think you should know that I met with the DOM working group in>California. We (PF group) plan on extending the DOM further for>accessibility in DOM 3. Furthermore, I have started the wheels rolling on>an editorial team in the DOM working group to address the feasibility of>extending the DOM to include the \"chrome.\" There were a number of DOM WG>members who were very interested in this prospect for a number reasons:>audio browsers pervasive devices, etc.JRG: Great.>>I don't understand why you feel it is necessary to solicit support given>that there is no other mechanism other than going back down the antiquated>OSM route to get the needed information.JRG: I do not believe most AT developers understand what the DOM is andtherefore have no plans to use it.  We need to educate them and get thereactive support, hopefully before we go to recommendation.>>Rich>>Rich Schwerdtfeger>Lead Architect, IBM Special Needs Systems>EMail/web: schwer@us.ibm.com http://www.austin.ibm.com/sns/rich.htm>>\"Two roads diverged in a wood, and I ->I took the one less traveled by, and that has made all the difference.\",>Frost>>>Jon Gunderson <jongund@ux1.cso.uiuc.edu> on 01/27/2000 04:52:46 PM>>To:   mark novak <menovak@facstaff.wisc.edu>, Richard>      Schwerdtfeger/Austin/IBM@IBMUS, Peter Korn <peter.korn@sun.com>>cc:   w3c-wai-ua@w3.org>Subject:  Tenative meeting on the DOM with AT vendors for the User Agent>      Guidelines>>>>>Peter, Mark and Rich,>The W3C WAI User Agent guidelines are going to be in Candidate>Recommendation within a day or two.  Part of the goal of our candidate>recommendation period is to discuss the use of the DOM with AT vendors for>assistive technologies to provide  alternative access to WWW content.  We>hope to gain their support in using the DOM as the primary way to provide>an exchange of WWW content between user agents and assistive technologies.>We have tenatively scheduled this meeting for 18 Feburary at 2:00 EST.  I>would like to invite all of you to participate in this teleconference and>was wondering about your availability and interest in attending at the>tenative date and time.>>Thank you,>Jon>>Jon Gunderson, Ph.D., ATP>Coordinator of Assistive Communication and Information Technology>Chair, W3C WAI User Agent Working Group>Division of Rehabilitation - Education Services>College of Applied Life Studies>University of Illinois at Urbana/Champaign>1207 S. Oak Street, Champaign, IL  61820>>Voice: (217) 244-5870>Fax: (217) 333-0248>>E-mail: jongund@uiuc.edu>>WWW: http://www.staff.uiuc.edu/~jongund>WWW: http://www.w3.org/wai/ua>>>>Jon Gunderson, Ph.D., ATPCoordinator of Assistive Communication and Information TechnologyChair, W3C WAI User Agent Working GroupDivision of Rehabilitation - Education ServicesCollege of Applied Life StudiesUniversity of Illinois at Urbana/Champaign1207 S. Oak Street, Champaign, IL  61820Voice: (217) 244-5870Fax: (217) 333-0248E-mail: jongund@uiuc.eduWWW: http://www.staff.uiuc.edu/~jongundWWW: http://www.w3.org/wai/ua",
            "docno": "lists-084-1054927",
            "received": "Mon Jan 31 16:43:51 2000",
            "isoreceived": "20000131214351",
            "sent": "Mon, 31 Jan 2000 15:37:59 -0600",
            "isosent": "20000131213759",
            "name": "Jon Gunderson",
            "email": "jongund@ux1.cso.uiuc.edu",
            "subject": "Re: Tenative meeting on the DOM with AT vendors for the User   Agent Guidelines",
            "id": "4.1.20000131153549.01469ad0@staff.uiuc.edu",
            "charset": "us-ascii",
            "inreplyto": "85256874.0076A1B4.00&#64;d54mta08.raleigh.ibm.com",
            "expires": "-1",
            "to": "schwer@us.ibm.com\n",
            "cc": " mark novak<menovak@facstaff.wisc.edu>, Peter Korn<peter.korn@sun.com>,w3c-wai-ua@w3.org\n"
        },
        {
            "body": "Hi Peter,I like your comments. Full keyboard access is required in the User AgentGuidelines, so in this respect we are covered from a requirementsperspective.In addition to the DOM effort, the PF group is working on addressingsemantics wrt XML. We are targetting the DOM as the conduit from which toextract this information. I have also asked that an editorial team be setup in the DOM WG to investigate an accessible web application architecturederived from the DOM.Your comment about stopping to rely in reverse engineering is well taken. Ispoke with Jim and he accurately stated that the reverse engineeringtechnology has served the disabled community well for a long time but thathe felt that an engineered approach was needed for the Web.I do believe, in the long run, that AT vendors will welcome an engineeredsolution because it will allow them to focus on real usability features andnot hacks. Jim mentioned that many of the vendors are communicatingdirectly with GUI components where possible as opposed to using the OSM. Itmay also allow them to reduce development costs on legacy systems forhandling complaints and new hacks. It may also let them get into othermarkets like pervasive rather than spending all their efforts on supportinga single operating system.RichRich SchwerdtfegerLead Architect, IBM Special Needs SystemsEMail/web: schwer@us.ibm.com http://www.austin.ibm.com/sns/rich.htm\"Two roads diverged in a wood, and I -I took the one less traveled by, and that has made all the difference.\",FrostPeter Korn <peter.korn@sun.com> on 01/31/2000 07:14:37 PMThatcher/Austin/IBM@IBMUS, Jon Gunderson <jongund@ux1.cso.uiuc.edu>,mark novak <menovak@facstaff.wisc.edu>, w3c-wai-ua@w3.orgSubject:  Re: Tenative meeting on the DOM with AT vendors for the UserAgent  GuidelinesHi Charles,Please pardon my soap-box...> while I agree with you that an Off Screen Model is often not the best way> to engineer a product, particularly for cross-platform protability, Idon't> think there is an intrinsic reason why it is harmful. If a developer was> working only on a single platform (and many do) and found that using anOSM> was more effective than tying to get through a bizarre API or an> undocumented one, then it may be a better solution.There is a significant issue with the OSM approach: responsibility forproblems in accessibility are almost never clear.  If one screen reader'sOSMis able to capture information on the screen through some particularlytrickyheuristics, then it is to the benefit of the users of that particularscreenreader, but it may not work in other screen readers (to the detriment ofthoseusers).  Then the question becomes who should change -> the poorly behavedapplication putting that information on the screen, or the OSMs of theotherscreen readers?If there is a standard way for applications to describe their contents viaaprogramming interface (API), then it is much eaiser to figure out what isgoing wrong and fix it.  The API may be insufficiently expressive, the appmaynot be implementing the API properly, or the assistive technology may notbeutilizing the API.  Those three things I claim are eaiser to test andverifythan the finger-pointing we get via the OSM model.  When we have an API,assistive technologies can always go beyond the API (as happens alreadytoday), if the API or the application implementation(s) of the API do notmeettheir needs.> I think a DOM which includes access to the chrome is a great benefit to> accessibility, and using itis a very good way to meet the needs of> users. However I am not sure that it is always a requirement.Should we not require full keyboard access?  After all, the functionalityofone screen reader - outSPOKEN for Macintosh - provides features like Findthatmake keyboard access less critical (especially since on the Macintosh thereisn't that much support in the OS for keyboard access to controls).  Also,anassistive technology could potentially assign their own keyboard accessmechanism on top of ill-behaved apps (just as screen readers buildinformationin their OSMs that by rights should be directly exposed by applications).I think going forward we need to require that applications provide *all* oftheir semantic information directly via a clear and easy to use API toassistive technologies.  Assistive technologies have a long, proud, andpainful history hacking around operating systems and applications so as toprovide their users with access.  The engineering staffs of these companieshave tremendous expertise in reverse engineering behavior, and thesetechniques have provided tens of thousands of users with workable accesssolutions and thereby employment and general access to information.  But itistime we stop relying on this expertise, and leaving users with a mish-mashpatchwork of access quality to applications that are supposedly complyingwitha new set of guidelines on how to be compatible with assistivetechnologies.We can do better than that, and require better than that, of the nextgeneration of applications.Peter KornSun Accessibility team",
            "docno": "lists-084-1188026",
            "received": "Tue Feb  1 11:14:03 2000",
            "isoreceived": "20000201161403",
            "sent": "Tue, 1 Feb 2000 10:06:12 -0600",
            "isosent": "20000201160612",
            "name": "schwer@us.ibm.com",
            "email": "schwer@us.ibm.com",
            "subject": "Re: Tenative meeting on the DOM with AT vendors for the User  Agent Guidelines",
            "id": "85256878.005907E8.00@d54mta08.raleigh.ibm.com",
            "charset": "us-ascii",
            "inreplyto": "Tenative meeting on the DOM with AT vendors for the User  Agent Guidelines",
            "expires": "-1",
            "to": "   Charles McCathieNevile <charles@w3.org>\n",
            "cc": "   Richard Schwerdtfeger/Austin/IBM@IBMUS, James\n"
        },
        {
            "body": "That's fine.I think you should know that I met with the DOM working group inCalifornia. We (PF group) plan on extending the DOM further foraccessibility in DOM 3. Furthermore, I have started the wheels rolling onan editorial team in the DOM working group to address the feasibility ofextending the DOM to include the \"chrome.\" There were a number of DOM WGmembers who were very interested in this prospect for a number reasons:audio browsers pervasive devices, etc.I don't understand why you feel it is necessary to solicit support giventhat there is no other mechanism other than going back down the antiquatedOSM route to get the needed information.RichRich SchwerdtfegerLead Architect, IBM Special Needs SystemsEMail/web: schwer@us.ibm.com http://www.austin.ibm.com/sns/rich.htm\"Two roads diverged in a wood, and I -I took the one less traveled by, and that has made all the difference.\",FrostJon Gunderson <jongund@ux1.cso.uiuc.edu> on 01/27/2000 04:52:46 PMSchwerdtfeger/Austin/IBM@IBMUS, Peter Korn <peter.korn@sun.com>Subject:  Tenative meeting on the DOM with AT vendors for the User AgentGuidelinesPeter, Mark and Rich,The W3C WAI User Agent guidelines are going to be in CandidateRecommendation within a day or two.  Part of the goal of our candidaterecommendation period is to discuss the use of the DOM with AT vendors forassistive technologies to provide  alternative access to WWW content.  Wehope to gain their support in using the DOM as the primary way to providean exchange of WWW content between user agents and assistive technologies.We have tenatively scheduled this meeting for 18 Feburary at 2:00 EST.  Iwould like to invite all of you to participate in this teleconference andwas wondering about your availability and interest in attending at thetenative date and time.Thank you,JonJon Gunderson, Ph.D., ATPCoordinator of Assistive Communication and Information TechnologyChair, W3C WAI User Agent Working GroupDivision of Rehabilitation - Education ServicesCollege of Applied Life StudiesUniversity of Illinois at Urbana/Champaign1207 S. Oak Street, Champaign, IL  61820Voice: (217) 244-5870Fax: (217) 333-0248E-mail: jongund@uiuc.eduWWW: http://www.staff.uiuc.edu/~jongundWWW: http://www.w3.org/wai/ua",
            "docno": "lists-084-0943868",
            "received": "Sat Jan 29 08:23:07 2000",
            "isoreceived": "20000129132307",
            "sent": "Fri, 28 Jan 2000 15:00:04 -0600",
            "isosent": "20000128210004",
            "name": "schwer@us.ibm.com",
            "email": "schwer@us.ibm.com",
            "subject": "Re: Tenative meeting on the DOM with AT vendors for the User  Agent Guidelines",
            "id": "85256874.0076A1B4.00@d54mta08.raleigh.ibm.com",
            "charset": "us-ascii",
            "inreplyto": "Tenative meeting on the DOM with AT vendors for the User  Agent Guidelines",
            "expires": "-1",
            "to": "   mark novak <menovak@facstaff.wisc.edu>, Richard\n",
            "cc": "   w3c-wai-ua@w3.org\n"
        },
        {
            "body": "Peter, Mark and Rich,The W3C WAI User Agent guidelines are going to be in CandidateRecommendation within a day or two.  Part of the goal of our candidaterecommendation period is to discuss the use of the DOM with AT vendors forassistive technologies to provide  alternative access to WWW content.  Wehope to gain their support in using the DOM as the primary way to providean exchange of WWW content between user agents and assistive technologies.We have tenatively scheduled this meeting for 18 Feburary at 2:00 EST.  Iwould like to invite all of you to participate in this teleconference andwas wondering about your availability and interest in attending at thetenative date and time.Thank you,JonJon Gunderson, Ph.D., ATPCoordinator of Assistive Communication and Information TechnologyChair, W3C WAI User Agent Working GroupDivision of Rehabilitation - Education ServicesCollege of Applied Life StudiesUniversity of Illinois at Urbana/Champaign1207 S. Oak Street, Champaign, IL  61820Voice: (217) 244-5870Fax: (217) 333-0248E-mail: jongund@uiuc.eduWWW: http://www.staff.uiuc.edu/~jongundWWW: http://www.w3.org/wai/ua",
            "docno": "lists-084-0871738",
            "received": "Thu Jan 27 17:55:29 2000",
            "isoreceived": "20000127225529",
            "sent": "Thu, 27 Jan 2000 16:52:46 -0600",
            "isosent": "20000127225246",
            "name": "Jon Gunderson",
            "email": "jongund@ux1.cso.uiuc.edu",
            "subject": "Tenative meeting on the DOM with AT vendors for the User Agent   Guidelines",
            "id": "4.1.20000127164220.01a127f0@staff.uiuc.edu",
            "charset": "us-ascii",
            "expires": "-1",
            "to": " mark novak<menovak@facstaff.wisc.edu>, Rich Schwerdtfeger<schwer@us.ibm.com>, Peter Korn<peter.korn@sun.com>\n",
            "cc": "w3c-wai-ua@w3.org\n"
        },
        {
            "body": "schwer@us.ibm.com wrote:>> I think you should know that I met with the DOM working group in> California. We (PF group) plan on extending the DOM further for> accessibility in DOM 3. Furthermore, I have started the wheels rolling on> an editorial team in the DOM working group to address the feasibility of> extending the DOM to include the \"chrome.\" There were a number of DOM WG> members who were very interested in this prospect for a number reasons:> audio browsers pervasive devices, etc.That's exciting!> I don't understand why you feel it is necessary to solicit support given> that there is no other mechanism other than going back down the antiquated> OSM route to get the needed information.One reason is to ensure that people aren't more interested in the OSM...- Ian> Jon Gunderson wrote:> We hope to gain their support in using the DOM as the primary way to provide> an exchange of WWW content between user agents and assistive technologies.> We have tenatively scheduled this meeting for 18 Feburary at 2:00 EST.  I> would like to invite all of you to participate in this teleconference and> was wondering about your availability and interest in attending at the> tenative date and time.- Ian--Ian Jacobs (jacobs@w3.org)   http://www.w3.org/People/JacobsTel/Fax:                     +1 212 684-1814 or 212 532-4767Cell:                        +1 917 450-8783",
            "docno": "lists-084-0972726",
            "received": "Mon Jan 31 10:24:54 2000",
            "isoreceived": "20000131152454",
            "sent": "Mon, 31 Jan 2000 10:24:37 -0500",
            "isosent": "20000131152437",
            "name": "Ian Jacobs",
            "email": "j@w3.org",
            "subject": "Re: Tenative meeting on the DOM with AT vendors for the User  Agent   Guidelines",
            "id": "3895A935.2DB5FFEC@w3.org",
            "charset": "us-ascii",
            "inreplyto": "85256874.0076A1B4.00&#64;d54mta08.raleigh.ibm.com",
            "expires": "-1",
            "to": "schwer@us.ibm.com\n",
            "cc": " Jon Gunderson<jongund@ux1.cso.uiuc.edu>, mark novak<menovak@facstaff.wisc.edu>, Peter Korn<peter.korn@sun.com>,w3c-wai-ua@w3.org\n"
        },
        {
            "body": "Hi,I would like to comment on section 3.8 of the Web Content guidelines, at:http://www.w3.org/WAI/GL/WD-WAI-PAGEAUTH-19990316/wai-pageauth-tech#objectsIn this section you discuss guidelines for applets.  The subsection titled\"Directly accessible applets\" provides two links for more information on thetopic (to \"[JAVAACCESS]\", a Trace website, and \"[IBMJAVA]\" an IBM website),but does not itself contain any language directing users on what techniquesto use to create these accessible applets.I think this subsection should be amended to specifically include the keylanguage on the topic, and refer to external web pages for readers to getmore detailed information and guidelines (e.g. the IBM page, and of coursethe two pages on the Sun web site, 'www.sun.com/access' and'java.sun.com/products/jfc').  Specifically, I think this subsection shouldinclude language along the lines of:\"To create an accessible applet, you must ensure that the applet supportsthe Java Accessibility API [link here to http://java.sun.com/products/jfc]This API is built into the Java Foundation Classes from Sun Microsystems,and can also be implemented directly by applets that aren't createdusing the Java Foundation Classes.  Therefore, applet developers shouldeither build their applets using the Java Foundation Classes, or otherwiseimplement the Java Accessibility API on their own.For more information about accessible applets...\"Also, please consisder including an example Java applet which is accessible(or at least a link to one).  The \"SwingApplet\" example that comes with theSwing package is just such an applet (a minimal accessible applet)  I'veattached source to SwingApplet, as well as a web page that invokes it usingthe Java Plugin (which is necessary for accessibility support until browserssupport JDK 1.2 directly).Thanks,Peter KornAssistive Technology Architect,Sun Microsystemsapplication/x-unknown-content-type-java_auto_file attachment: SwingApplet.javatext/html attachment: SwingAppletPlugin.html",
            "docno": "lists-066-7932250",
            "received": "Fri Mar 19 16:58:03 1999",
            "isoreceived": "19990319215803",
            "sent": "Fri, 19 Mar 1999 13:59:17 -0800",
            "isosent": "19990319215917",
            "name": "Peter Korn",
            "email": "peter.korn@sun.com",
            "subject": "Re: Last Call for Web Content Accessibility Guidelines",
            "id": "36F2C8B5.935952BE@sun.com",
            "charset": "us-ascii",
            "inreplyto": "3.0.5.32.19990319143024.00feb1c0&#64;localhost",
            "expires": "-1",
            "to": "w3c-wai-gl@w3.org\n",
            "cc": " Judy Brewer<jbrewer@w3.org>,\"access@biker\"<Tina.Prestia@Eng.Sun.COM>\n"
        },
        {
            "body": "These should help the non-Microsoft development efforts someday.Wonder how soon?Regards/Harvey---->Delivered-To: java-access@javasoft.com>X-Mailer: Mozilla 4.77 [en] (Windows NT 5.0; U)>X-Accept-Language: en>Date:         Tue, 28 Aug 2001 14:10:35 -0700>Reply-To: peter.korn@sun.com>Sender: Java Accessibility interest mailing list <JAVA-ACCESS@JAVA.SUN.COM>>From: Peter Korn <peter.korn@sun.com>>Organization: Sun Microsystems>Subject:      GNOME Accessibility Framework; J2SDK 1.4 beta 2; Java>               Accessibility Helper 0.4>Comments: To: JA-PR@basso.SFBay.Sun.COM>To: JAVA-ACCESS@JAVA.SUN.COM>>The Sun Accessibility team is delighted to announce the availability of:>>     - The Early Access release of the GNOME Accessibility Framework,>       which provides support for the development of accessible GNOME>       applications and for the development of assistive technologies>       for the GNOME desktop.  This Early Access release includes>       everything necessary for GNOME application developers to make their>       applications accessible, and for assistive technology vendors to>       being developing assistive technologies for the GNOME user>       environment.>>     - Version 1.4 Beta 2 of the Java (TM) 2 Software Development Kit,>       containing the Java Accessibility API, the Swing user-interface>       classes, and support for loading Assistive Technologies into the>       Java VM.  Version 1.4 is a \"feature\" release of the Java 2 SDK,>       and contains many new features, including a number of additions>       and enhancements to support accessibility.>>     - Version 0.4 of the Java Accessibility Helper, a test tool for>       Java application developers and testers to help them find and fix>       accessibility problems with Java applications.  This release includes>       support for testing Java applications and applets, and produces>       detailed reports listing the problems it finds at a variety of>       severity levels.>>>   GNOME Accessibility Framework, Early Access release>   --------------------------------------------------->     The GNOME project comprises a desktop user environment: a graphical>     desktop user interface and a set of user-interface libraries; as>     well as a suite of office productivity tools and applications.  GNOME>     is commonly part of Linux distributions (such as those from RedHat,>     TurboLinux, VA Linux, etc.) and it is the future graphical desktop>     for Sun Solaris workstations and servers.  GNOME 2.0 is the upcoming>     major release of the GNOME user environment, and it will support>     accessibility for people with disabilities through built-in keyboard>     access, and accessible applications which implement the GNOME>     Accessibility Framework.>>     The GNOME Accessibility Framework is made up of several key pieces:>>       1. The Accessibility Toolkit (ATK), which is a definition of>          the accessibility contract for GNOME user-interface elements;>>       2. The GNOME Accessibility Implementation Library (GAIL), which>          implements the ATK on behalf of the GTK+ user-interface library>          (a library of user-interface elements comprising things like>          buttons, menus, scrolling text fields, etc.);>>       3. The desktop Assistive Technology Service Provider Interface>          (AT SPI), which unifies all of the accessibility information>          of applications running on the GNOME desktop (be they standard>          GNOME applications, Java applications, or something different)>          into one central interface for use by assistive technologies>          like screen readers, screen magnifiers, and on-screen keyboards.>>     Like the rest of the GNOME project, the GNOME Accessibility Framework>     is completely open-source.  The GNOME Accessibility Framework is>     licensed under the GNU Lesser General Public License (LGPL).>>     This Early Access release includes the final definition of the ATK,>     an edition of GAIL that is roughly 70% completed, and an early>     edition of the AT SPI.  Also included in this release are a set of>     test tools which both test the accessibility information in GNOME>     applications, and illustrate how to develop assistive technologies>     on top of the framework.  The GNOME Accessibility Framework is now>     ready for GNOME application developers to begin the process of making>     their applications accessible, and for assistive technology vendors>     to being developing assistive technologies for the GNOME user>     environment.>>     The GNOME Accessibility project, and the Early Access release itself,>     can be found at:>       http://developer.gnome.org/projects/gap/>>     A press release announcing the GNOME Accessibility Framework Early>     Access is at:>       http://www.gnome.org/pr-accessible.html>>     A Linuxpower interview with a number of Sun's GNOME engineering staff,>     including members of the GNOME Accessibility engineering team, is at:>       http://www.linuxpower.org/display.php?id=213>>>   Java 2 Software Development Kit version 1.4 Beta 2>   -------------------------------------------------->     The SDK is the reference release of the Java platform, containing>     core support for Accessibility, the Java Runtime environment, and>     the Java Plugin for use with web browsers such as Netscape and>     Internet Explorer.>>     Version 1.4 Beta 2 contains the Java Accessibility API, the Swing>     user-interface libraries (which support the Java Accessibility API),>     and support for loading Assistive Technologies into the Java Virtual>     Machine.  New for accessibility in version 1.4 is improved keyboard>     navigation in a number of Swing components - including the ability>     to navigate links in the Swing HTML components, first-letter navigation>     in list components, and tabbed pane keyboard mnemonic support.  Also>     new for accessibility are several new AccessibleRole definitions,>     several new system properties, and AccessibleExtendedComponent, an>     addition to the Java Accessibility API.>>     A detailed list of the new accessibility features in Java 2 SDK 1.4>     can be found at:>       http://java.sun.com/j2se/1.4/docs/guide/access/new-features.html>>     The Java 2 SDK version 1.4 is described at and downloadable from:>       http://java.sun.com/j2se/1.4/>>>   Java Accessibility Helper version 0.4>   ------------------------------------->     The Java Accessibility Helper is a test tool for Java>application            developers and testers to help them find and fix>accessibility problems>     with Java applications.  The Helper runs in a separate Java VM, and>     works by exercising the application to be tested via standard>     Java APIs, and via the Java Accessibility API.  The Helper generates>     a report that includes a prioritized list of problems and potential>     problems with the application being tested (e.g. verifying that>     all input fields in an application can be reached using only the>     keyboard).>>     Version 0.4 includes support for testing Java applications and>applets,      and fixes a number of bugs in the previous releases.  The Java>     Accessibility Helper development team maintains a special e-mail>     alias for questions and issue regarding it.  Please direct your>     Java Accessibility Helper e-mails to: jaccesshelper@sun.com>>     To download the Java Accessibility Helper version 0.4, go to the Java>     Developer Connection Early access page (log in, or establish yourself>     as a new user if you haven't logged in before):>       http://developer.java.sun.com/developer/earlyAccess/jaccesshelper>>>>We actively welcome your comments on these releases - please tell us what>you think of them, whether or not they meet your needs, and how we can make>them better.  Send your comments to the Sun Accessibility team at><access@sun.com>, or share your comments with others interested in Java>Accessibility by joining the Java Accessibility mailing list,><java-access@javasoft.com>.  (To join, send a message to><listserv@javasoft.com> and put \"subscribe java-access\" in the body of>the message).  To take part in the GNOME Accessibility Project, join the>project's mailing list, <gnome-accessibility-list@gnome.org>.  Do this via>the page: http://mail.gnome.org/mailman/listinfo/gnome-accessibility-list>>>>On behalf of Sun Microsystems,>>Peter Korn>Sun Microsystems Accessibility team>access@sun.com>http://www.sun.com/access>>===========================================================================>To unsubscribe, send email to listserv@java.sun.com and include in the body>of the message \"signoff JAVA-ACCESS\".  For general help, send email to>listserv@java.sun.com and include in the body of the message \"help\".",
            "docno": "lists-085-14906138",
            "received": "Tue Nov 27 08:44:56 2001",
            "isoreceived": "20011127134456",
            "sent": "Tue, 27 Nov 2001 08:34:21 -0500",
            "isosent": "20011127133421",
            "name": "Harvey Bingham",
            "email": "hbingham@acm.org",
            "subject": "Fwd: GNOME Accessibility Framework; J2SDK 1.4 beta 2; Java   Accessibility Helper 0.4",
            "id": "5.1.0.14.2.20011127083249.05184570@pop.rcn.com",
            "charset": "us-ascii",
            "expires": "-1",
            "to": "w3c-wai-ua@w3.org\n"
        },
        {
            "body": "Charles,The major problem with OSM technology as the primary means for access WWWcontent is the loss of information on the types of elements andrelationships between elements in the document.  OSM primarliy providesinformation on text, fonts, colors and position of content redered on agraphical display, but the AT will not get any information on the type ofelement rendered or the element's attributes.JonAt 03:01 PM 1/31/00 -0500, Charles McCathieNevile wrote:>Rich,>>while I agree with you that an Off Screen Model is often not the best way to>engineer a product, particularly for cross-platform protability, I don't>think there is an intrinsic reason why it is harmful. If a developer was>working only on a single platform (and many do) and found that using an OSM>was more effective than tying to get through a bizarre API or an undocumented>one, then it may be a better solution.>>I think a DOM which includes access to the chrome is a great benefit to>accessibility, and using itis a very good way to meet the needs of>users. However I am not sure that it is always a requirement. In favour of>requiring this approach is that it is a single standard, and is compatible>with the DOM used to provide access to a document.>>Charles McCN>>On Mon, 31 Jan 2000 schwer@us.ibm.com wrote:>>>>>  Regarding the OSM. I have these concerns:>>     Prone to errors>     Very difficult to create from scratch>     Each platform has an entirely different graphics subsystem requiring an>     incredible amount of rework>     There is no OSM on pervasive devices or UNIX systems>>  We absolutely need the DOM to be able to support the chrome. This is not>  just for GUI interfaces but it is also for audio browser interfaces that>  need to access information beyond the document such as history lists, etc.>  In fact, it was amazing how many of the other companies present at the DOM>  3 working group meeting had a need for an application architecture based on>  DOM.>>  This is not to say that IE would not be accessible because it uses MSAA for>  the chrome. An accessible application framework is absolutely critical to>  address the needs that I am referring to.>>  The fact is the construction of an OSM requires reverse on engineering on>  every new platform. The cost of creating accessibility for each new>  platfrom based on the DOM is expensive. New accessible infrastructures like>  the DOM, Java Accessibility, and MSAA target accessible objects and not an>  OSM because:>>     They are more accurate>     They are less costly to implement>     They create an engineered conduit through which to make applications>     accessible>>  I am very proud of our work on the OSM too.  However, I am not comfortable>  with its limitations and the future accessible web we are all trying to>  create it does not fit. I working cross-platform accessible application>  model for the web is needed. This model will need to support the chrome.>>  Rich>>  Rich Schwerdtfeger>  Lead Architect, IBM Special Needs Systems>  EMail/web: schwer@us.ibm.com http://www.austin.ibm.com/sns/rich.htm>>  \"Two roads diverged in a wood, and I ->  I took the one less traveled by, and that has made all the difference.\",>  Frost>>>  thatch@us.ibm.com on 01/29/2000 06:42:43 PM>>  To:   Richard Schwerdtfeger/Austin/IBM@IBMUS>  cc:   Jon Gunderson <jongund@ux1.cso.uiuc.edu>, mark novak>        <menovak@facstaff.wisc.edu>, Peter Korn <peter.korn@sun.com>,>        w3c-wai-ua@w3.org>  Subject:  Re: Tenative meeting on the DOM with AT vendors for the User>             Agent Guidelines>>>>>>>  Rich,>>  In speaking of developing DOM 3 to include agent chrome, you say that>  the only alternative is:  \"going back down the antiquated OSM route to>  get the needed information.\"  I would hardly call Off-Screen Model>  technology \"antiquated.\"  I suspect that having put so much effort into>  developing the most stable and robust OSM in the business, you didn't>  remember that Screen Reader/2 used OS/2 messages and queries>  to get at chrome. So it is today that most screen readers depend>  on Windows messages and queries, and those available through from a>  common interface, namely MSAA, to access Chrome. I see no reason>  for including Chrome  in the DOM. The age of OSM technology, about>  13 years, has nothing to do with it.>>  Jim Thatcher>  IBM Accessibility Center>  www.ibm.com/sns>  HPR Quick Help: http://www.austin.ibm.com/sns/quickreplace.html>  (512)838-0432>>>  schwer@us.ibm.com on 01/28/2000 03:00:04 PM>>  To:   Jon Gunderson <jongund@ux1.cso.uiuc.edu>>  cc:   mark novak <menovak@facstaff.wisc.edu>, Peter Korn>        <peter.korn@sun.com>, w3c-wai-ua@w3.org>  Subject:  Re: Tenative meeting on the DOM with AT vendors for the User>         Agent Guidelines>>>>>>>>  That's fine.>>  I think you should know that I met with the DOM working group in>  California. We (PF group) plan on extending the DOM further for>  accessibility in DOM 3. Furthermore, I have started the wheels rolling on>  an editorial team in the DOM working group to address the feasibility of>  extending the DOM to include the \"chrome.\" There were a number of DOM WG>  members who were very interested in this prospect for a number reasons:>  audio browsers pervasive devices, etc.>>  I don't understand why you feel it is necessary to solicit support given>  that there is no other mechanism other than going back down the antiquated>  OSM route to get the needed information.>>  Rich>>  Rich Schwerdtfeger>  Lead Architect, IBM Special Needs Systems>  EMail/web: schwer@us.ibm.com http://www.austin.ibm.com/sns/rich.htm>>  \"Two roads diverged in a wood, and I ->  I took the one less traveled by, and that has made all the difference.\",>  Frost>>>  Jon Gunderson <jongund@ux1.cso.uiuc.edu> on 01/27/2000 04:52:46 PM>>  To:   mark novak <menovak@facstaff.wisc.edu>, Richard>        Schwerdtfeger/Austin/IBM@IBMUS, Peter Korn <peter.korn@sun.com>>  cc:   w3c-wai-ua@w3.org>  Subject:  Tenative meeting on the DOM with AT vendors for the User Agent>        Guidelines>>>>>  Peter, Mark and Rich,>  The W3C WAI User Agent guidelines are going to be in Candidate>  Recommendation within a day or two.  Part of the goal of our candidate>  recommendation period is to discuss the use of the DOM with AT vendors for>  assistive technologies to provide  alternative access to WWW content.  We>  hope to gain their support in using the DOM as the primary way to provide>  an exchange of WWW content between user agents and assistive technologies.>  We have tenatively scheduled this meeting for 18 Feburary at 2:00 EST.  I>  would like to invite all of you to participate in this teleconference and>  was wondering about your availability and interest in attending at the>  tenative date and time.>>  Thank you,>  Jon>>  Jon Gunderson, Ph.D., ATP>  Coordinator of Assistive Communication and Information Technology>  Chair, W3C WAI User Agent Working Group>  Division of Rehabilitation - Education Services>  College of Applied Life Studies>  University of Illinois at Urbana/Champaign>  1207 S. Oak Street, Champaign, IL  61820>>  Voice: (217) 244-5870>  Fax: (217) 333-0248>>  E-mail: jongund@uiuc.edu>>  WWW: http://www.staff.uiuc.edu/~jongund>  WWW: http://www.w3.org/wai/ua>>>>>>>>>>>>>-->Charles McCathieNevile    mailto:charles@w3.org    phone: +61 (0) 409 134 136>W3C Web Accessibility Initiative                      http://www.w3.org/WAI>21 Mitchell Street, Footscray, VIC 3011,  AustraliaJon Gunderson, Ph.D., ATPCoordinator of Assistive Communication and Information TechnologyChair, W3C WAI User Agent Working GroupDivision of Rehabilitation - Education ServicesCollege of Applied Life StudiesUniversity of Illinois at Urbana/Champaign1207 S. Oak Street, Champaign, IL  61820Voice: (217) 244-5870Fax: (217) 333-0248E-mail: jongund@uiuc.eduWWW: http://www.staff.uiuc.edu/~jongundWWW: http://www.w3.org/wai/ua",
            "docno": "lists-084-1098191",
            "received": "Mon Jan 31 17:23:22 2000",
            "isoreceived": "20000131222322",
            "sent": "Mon, 31 Jan 2000 16:21:06 -0600",
            "isosent": "20000131222106",
            "name": "Jon Gunderson",
            "email": "jongund@ux1.cso.uiuc.edu",
            "subject": "Re: Tenative meeting on the DOM with AT vendors for the User         Agent Guidelines",
            "id": "4.1.20000131161552.01462b50@staff.uiuc.edu",
            "charset": "us-ascii",
            "inreplyto": "Pine.LNX.4.20.0001311457170.14740-100000&#64;tux.w3.org",
            "expires": "-1",
            "to": " Charles McCathieNevile<charles@w3.org>\n",
            "cc": "w3c-wai-ua@w3.org\n"
        },
        {
            "body": "With structured information such as HTML and XML markup (even when it is donebadly there is structure to the information) it is indeed useful to haveaccess to all the available structure semat=ntics and the content. I agree -building an Off Screen Model relies on the content being presented, which mayor may not be the case. The choice then seems to be whether we require ofuser agents a way to present all the semantic information (i.e. element typesand their attributes) on screen, or to expose it through an API, or to do atleast one of these.Following the discussion, it seems that having the information exposedthrough an API is generally a superior choice, and the DOM is the naturalchoice for documents, although a case could be made for the use of aplatform-specific alternative where one is available - for example the Javaaccess bridge or Microsoft Active Accessibility.One thing that does not seem (as I understand the discussion) to follow is arequiremnt to completely implement the DOM, which provides for manipulationof the document as well as \"read access\" to it. Indeed, it could be arguedthat doing this makes the browser liable to being an authoring tool, openinga whole new bag of tricks for accessibility.(I don't have the answer to this question either. But it seems to be gettingclearer slowly)Charles McCNOn Mon, 31 Jan 2000, Peter Korn wrote:Hi Charles,Please pardon my soap-box...CMN: On the contrary, thank you for spending long enough atop it to bringsome clarity to bear.PK:There is a significant issue with the OSM approach: responsibility forproblems in accessibility are almost never clear.  If one screen reader's OSMis able to capture information on the screen through some particularly trickyheuristics, then it is to the benefit of the users of that particular screenreader, but it may not work in other screen readers (to the detriment of thoseusers).  Then the question becomes who should change -> the poorly behavedapplication putting that information on the screen, or the OSMs of the otherscreen readers?If there is a standard way for applications to describe their contents via aprogramming interface (API), then it is much eaiser to figure out what isgoing wrong and fix it.  The API may be insufficiently expressive, the app maynot be implementing the API properly, or the assistive technology may not beutilizing the API.  Those three things I claim are eaiser to test and verifythan the finger-pointing we get via the OSM model.  When we have an API,assistive technologies can always go beyond the API (as happens alreadytoday), if the API or the application implementation(s) of the API do not meettheir needs.CMN had written> I think a DOM which includes access to the chrome is a great benefit to> accessibility, and using itis a very good way to meet the needs of> users. However I am not sure that it is always a requirement.and PK responded:Should we not require full keyboard access?  After all, the functionality ofone screen reader - outSPOKEN for Macintosh - provides features like Find thatmake keyboard access less critical (especially since on the Macintosh thereisn't that much support in the OS for keyboard access to controls).  Also, anassistive technology could potentially assign their own keyboard accessmechanism on top of ill-behaved apps (just as screen readers build informationin their OSMs that by rights should be directly exposed by applications).I think going forward we need to require that applications provide *all* oftheir semantic information directly via a clear and easy to use API toassistive technologies.  Assistive technologies have a long, proud, andpainful history hacking around operating systems and applications so as toprovide their users with access.  The engineering staffs of these companieshave tremendous expertise in reverse engineering behavior, and thesetechniques have provided tens of thousands of users with workable accesssolutions and thereby employment and general access to information.  But it istime we stop relying on this expertise, and leaving users with a mish-mashpatchwork of access quality to applications that are supposedly complying witha new set of guidelines on how to be compatible with assistive technologies.We can do better than that, and require better than that, of the nextgeneration of applications.Peter KornSun Accessibility team--Charles McCathieNevile    mailto:charles@w3.org    phone: +61 (0) 409 134 136W3C Web Accessibility Initiative                      http://www.w3.org/WAI21 Mitchell Street, Footscray, VIC 3011,  Australia",
            "docno": "lists-084-1156308",
            "received": "Tue Feb  1 04:28:50 2000",
            "isoreceived": "20000201092850",
            "sent": "Tue, 1 Feb 2000 04:28:47 -0500 (EST)",
            "isosent": "20000201092847",
            "name": "Charles McCathieNevile",
            "email": "charles@w3.org",
            "subject": "Re: Tenative meeting on the DOM with AT vendors for the User      Agent   Guidelines",
            "id": "Pine.LNX.4.20.0002010417480.11747-100000@tux.w3.org",
            "charset": "US-ASCII",
            "inreplyto": "3896337D.143B2567&#64;sun.com",
            "expires": "-1",
            "to": " Peter Korn<peter.korn@sun.com>\n",
            "cc": " WAI UA group<w3c-wai-ua@w3.org>,howcome@operasoftware.com\n"
        },
        {
            "body": "Rich,while I agree with you that an Off Screen Model is often not the best way toengineer a product, particularly for cross-platform protability, I don'tthink there is an intrinsic reason why it is harmful. If a developer wasworking only on a single platform (and many do) and found that using an OSMwas more effective than tying to get through a bizarre API or an undocumentedone, then it may be a better solution.I think a DOM which includes access to the chrome is a great benefit toaccessibility, and using itis a very good way to meet the needs ofusers. However I am not sure that it is always a requirement. In favour ofrequiring this approach is that it is a single standard, and is compatiblewith the DOM used to provide access to a document.Charles McCNOn Mon, 31 Jan 2000 schwer@us.ibm.com wrote:Regarding the OSM. I have these concerns:Prone to errorsVery difficult to create from scratchEach platform has an entirely different graphics subsystem requiring anincredible amount of reworkThere is no OSM on pervasive devices or UNIX systemsWe absolutely need the DOM to be able to support the chrome. This is notjust for GUI interfaces but it is also for audio browser interfaces thatneed to access information beyond the document such as history lists, etc.In fact, it was amazing how many of the other companies present at the DOM3 working group meeting had a need for an application architecture based onDOM.This is not to say that IE would not be accessible because it uses MSAA forthe chrome. An accessible application framework is absolutely critical toaddress the needs that I am referring to.The fact is the construction of an OSM requires reverse on engineering onevery new platform. The cost of creating accessibility for each newplatfrom based on the DOM is expensive. New accessible infrastructures likethe DOM, Java Accessibility, and MSAA target accessible objects and not anOSM because:They are more accurateThey are less costly to implementThey create an engineered conduit through which to make applicationsaccessibleI am very proud of our work on the OSM too.  However, I am not comfortablewith its limitations and the future accessible web we are all trying tocreate it does not fit. I working cross-platform accessible applicationmodel for the web is needed. This model will need to support the chrome.RichRich SchwerdtfegerLead Architect, IBM Special Needs SystemsEMail/web: schwer@us.ibm.com http://www.austin.ibm.com/sns/rich.htm\"Two roads diverged in a wood, and I -I took the one less traveled by, and that has made all the difference.\",Frostthatch@us.ibm.com on 01/29/2000 06:42:43 PMTo:   Richard Schwerdtfeger/Austin/IBM@IBMUScc:   Jon Gunderson <jongund@ux1.cso.uiuc.edu>, mark novak<menovak@facstaff.wisc.edu>, Peter Korn <peter.korn@sun.com>,w3c-wai-ua@w3.orgSubject:  Re: Tenative meeting on the DOM with AT vendors for the UserAgent GuidelinesRich,In speaking of developing DOM 3 to include agent chrome, you say thatthe only alternative is:  \"going back down the antiquated OSM route toget the needed information.\"  I would hardly call Off-Screen Modeltechnology \"antiquated.\"  I suspect that having put so much effort intodeveloping the most stable and robust OSM in the business, you didn'tremember that Screen Reader/2 used OS/2 messages and queriesto get at chrome. So it is today that most screen readers dependon Windows messages and queries, and those available through from acommon interface, namely MSAA, to access Chrome. I see no reasonfor including Chrome  in the DOM. The age of OSM technology, about13 years, has nothing to do with it.Jim ThatcherIBM Accessibility Centerwww.ibm.com/snsHPR Quick Help: http://www.austin.ibm.com/sns/quickreplace.html(512)838-0432schwer@us.ibm.com on 01/28/2000 03:00:04 PMTo:   Jon Gunderson <jongund@ux1.cso.uiuc.edu>cc:   mark novak <menovak@facstaff.wisc.edu>, Peter Korn<peter.korn@sun.com>, w3c-wai-ua@w3.orgSubject:  Re: Tenative meeting on the DOM with AT vendors for the UserAgent GuidelinesThat's fine.I think you should know that I met with the DOM working group inCalifornia. We (PF group) plan on extending the DOM further foraccessibility in DOM 3. Furthermore, I have started the wheels rolling onan editorial team in the DOM working group to address the feasibility ofextending the DOM to include the \"chrome.\" There were a number of DOM WGmembers who were very interested in this prospect for a number reasons:audio browsers pervasive devices, etc.I don't understand why you feel it is necessary to solicit support giventhat there is no other mechanism other than going back down the antiquatedOSM route to get the needed information.RichRich SchwerdtfegerLead Architect, IBM Special Needs SystemsEMail/web: schwer@us.ibm.com http://www.austin.ibm.com/sns/rich.htm\"Two roads diverged in a wood, and I -I took the one less traveled by, and that has made all the difference.\",FrostJon Gunderson <jongund@ux1.cso.uiuc.edu> on 01/27/2000 04:52:46 PMTo:   mark novak <menovak@facstaff.wisc.edu>, RichardSchwerdtfeger/Austin/IBM@IBMUS, Peter Korn <peter.korn@sun.com>cc:   w3c-wai-ua@w3.orgSubject:  Tenative meeting on the DOM with AT vendors for the User AgentGuidelinesPeter, Mark and Rich,The W3C WAI User Agent guidelines are going to be in CandidateRecommendation within a day or two.  Part of the goal of our candidaterecommendation period is to discuss the use of the DOM with AT vendors forassistive technologies to provide  alternative access to WWW content.  Wehope to gain their support in using the DOM as the primary way to providean exchange of WWW content between user agents and assistive technologies.We have tenatively scheduled this meeting for 18 Feburary at 2:00 EST.  Iwould like to invite all of you to participate in this teleconference andwas wondering about your availability and interest in attending at thetenative date and time.Thank you,JonJon Gunderson, Ph.D., ATPCoordinator of Assistive Communication and Information TechnologyChair, W3C WAI User Agent Working GroupDivision of Rehabilitation - Education ServicesCollege of Applied Life StudiesUniversity of Illinois at Urbana/Champaign1207 S. Oak Street, Champaign, IL  61820Voice: (217) 244-5870Fax: (217) 333-0248E-mail: jongund@uiuc.eduWWW: http://www.staff.uiuc.edu/~jongundWWW: http://www.w3.org/wai/ua--Charles McCathieNevile    mailto:charles@w3.org    phone: +61 (0) 409 134 136W3C Web Accessibility Initiative                      http://www.w3.org/WAI21 Mitchell Street, Footscray, VIC 3011,  Australia",
            "docno": "lists-084-1021483",
            "received": "Mon Jan 31 15:07:10 2000",
            "isoreceived": "20000131200710",
            "sent": "Mon, 31 Jan 2000 15:01:05 -0500 (EST)",
            "isosent": "20000131200105",
            "name": "Charles McCathieNevile",
            "email": "charles@w3.org",
            "subject": "Re: Tenative meeting on the DOM with AT vendors for the User       Agent Guidelines",
            "id": "Pine.LNX.4.20.0001311457170.14740-100000@tux.w3.org",
            "charset": "US-ASCII",
            "inreplyto": "85256877.00599B7A.00&#64;d54mta08.raleigh.ibm.com",
            "expires": "-1",
            "to": "schwer@us.ibm.com\n",
            "cc": "thatch@us.ibm.com, Jon Gunderson<jongund@ux1.cso.uiuc.edu>, mark novak<menovak@facstaff.wisc.edu>, Peter Korn<peter.korn@sun.com>,w3c-wai-ua@w3.org\n"
        },
        {
            "body": "Regarding the OSM. I have these concerns:Prone to errorsVery difficult to create from scratchEach platform has an entirely different graphics subsystem requiring anincredible amount of reworkThere is no OSM on pervasive devices or UNIX systemsWe absolutely need the DOM to be able to support the chrome. This is notjust for GUI interfaces but it is also for audio browser interfaces thatneed to access information beyond the document such as history lists, etc.In fact, it was amazing how many of the other companies present at the DOM3 working group meeting had a need for an application architecture based onDOM.This is not to say that IE would not be accessible because it uses MSAA forthe chrome. An accessible application framework is absolutely critical toaddress the needs that I am referring to.The fact is the construction of an OSM requires reverse on engineering onevery new platform. The cost of creating accessibility for each newplatfrom based on the DOM is expensive. New accessible infrastructures likethe DOM, Java Accessibility, and MSAA target accessible objects and not anOSM because:They are more accurateThey are less costly to implementThey create an engineered conduit through which to make applicationsaccessibleI am very proud of our work on the OSM too.  However, I am not comfortablewith its limitations and the future accessible web we are all trying tocreate it does not fit. I working cross-platform accessible applicationmodel for the web is needed. This model will need to support the chrome.RichRich SchwerdtfegerLead Architect, IBM Special Needs SystemsEMail/web: schwer@us.ibm.com http://www.austin.ibm.com/sns/rich.htm\"Two roads diverged in a wood, and I -I took the one less traveled by, and that has made all the difference.\",Frostthatch@us.ibm.com on 01/29/2000 06:42:43 PM<menovak@facstaff.wisc.edu>, Peter Korn <peter.korn@sun.com>,w3c-wai-ua@w3.orgSubject:  Re: Tenative meeting on the DOM with AT vendors for the UserAgent GuidelinesRich,In speaking of developing DOM 3 to include agent chrome, you say thatthe only alternative is:  \"going back down the antiquated OSM route toget the needed information.\"  I would hardly call Off-Screen Modeltechnology \"antiquated.\"  I suspect that having put so much effort intodeveloping the most stable and robust OSM in the business, you didn'tremember that Screen Reader/2 used OS/2 messages and queriesto get at chrome. So it is today that most screen readers dependon Windows messages and queries, and those available through from acommon interface, namely MSAA, to access Chrome. I see no reasonfor including Chrome  in the DOM. The age of OSM technology, about13 years, has nothing to do with it.Jim ThatcherIBM Accessibility Centerwww.ibm.com/snsHPR Quick Help: http://www.austin.ibm.com/sns/quickreplace.html(512)838-0432schwer@us.ibm.com on 01/28/2000 03:00:04 PM<peter.korn@sun.com>, w3c-wai-ua@w3.orgSubject:  Re: Tenative meeting on the DOM with AT vendors for the UserAgent GuidelinesThat's fine.I think you should know that I met with the DOM working group inCalifornia. We (PF group) plan on extending the DOM further foraccessibility in DOM 3. Furthermore, I have started the wheels rolling onan editorial team in the DOM working group to address the feasibility ofextending the DOM to include the \"chrome.\" There were a number of DOM WGmembers who were very interested in this prospect for a number reasons:audio browsers pervasive devices, etc.I don't understand why you feel it is necessary to solicit support giventhat there is no other mechanism other than going back down the antiquatedOSM route to get the needed information.RichRich SchwerdtfegerLead Architect, IBM Special Needs SystemsEMail/web: schwer@us.ibm.com http://www.austin.ibm.com/sns/rich.htm\"Two roads diverged in a wood, and I -I took the one less traveled by, and that has made all the difference.\",FrostJon Gunderson <jongund@ux1.cso.uiuc.edu> on 01/27/2000 04:52:46 PMSchwerdtfeger/Austin/IBM@IBMUS, Peter Korn <peter.korn@sun.com>Subject:  Tenative meeting on the DOM with AT vendors for the User AgentGuidelinesPeter, Mark and Rich,The W3C WAI User Agent guidelines are going to be in CandidateRecommendation within a day or two.  Part of the goal of our candidaterecommendation period is to discuss the use of the DOM with AT vendors forassistive technologies to provide  alternative access to WWW content.  Wehope to gain their support in using the DOM as the primary way to providean exchange of WWW content between user agents and assistive technologies.We have tenatively scheduled this meeting for 18 Feburary at 2:00 EST.  Iwould like to invite all of you to participate in this teleconference andwas wondering about your availability and interest in attending at thetenative date and time.Thank you,JonJon Gunderson, Ph.D., ATPCoordinator of Assistive Communication and Information TechnologyChair, W3C WAI User Agent Working GroupDivision of Rehabilitation - Education ServicesCollege of Applied Life StudiesUniversity of Illinois at Urbana/Champaign1207 S. Oak Street, Champaign, IL  61820Voice: (217) 244-5870Fax: (217) 333-0248E-mail: jongund@uiuc.eduWWW: http://www.staff.uiuc.edu/~jongundWWW: http://www.w3.org/wai/ua",
            "docno": "lists-084-0993953",
            "received": "Mon Jan 31 11:19:09 2000",
            "isoreceived": "20000131161909",
            "sent": "Mon, 31 Jan 2000 10:12:32 -0600",
            "isosent": "20000131161232",
            "name": "schwer@us.ibm.com",
            "email": "schwer@us.ibm.com",
            "subject": "Re: Tenative meeting on the DOM with AT vendors for the User   Agent Guidelines",
            "id": "85256877.00599B7A.00@d54mta08.raleigh.ibm.com",
            "charset": "us-ascii",
            "inreplyto": "Tenative meeting on the DOM with AT vendors for the User   Agent Guidelines",
            "expires": "-1",
            "to": "   mark novak <menovak@facstaff.wisc.edu>, Richard\n",
            "cc": "   w3c-wai-ua@w3.org\n"
        },
        {
            "body": "Hi Charles,Please pardon my soap-box...> while I agree with you that an Off Screen Model is often not the best way> to engineer a product, particularly for cross-platform protability, I don't> think there is an intrinsic reason why it is harmful. If a developer was> working only on a single platform (and many do) and found that using an OSM> was more effective than tying to get through a bizarre API or an> undocumented one, then it may be a better solution.There is a significant issue with the OSM approach: responsibility forproblems in accessibility are almost never clear.  If one screen reader's OSMis able to capture information on the screen through some particularly trickyheuristics, then it is to the benefit of the users of that particular screenreader, but it may not work in other screen readers (to the detriment of thoseusers).  Then the question becomes who should change -> the poorly behavedapplication putting that information on the screen, or the OSMs of the otherscreen readers?If there is a standard way for applications to describe their contents via aprogramming interface (API), then it is much eaiser to figure out what isgoing wrong and fix it.  The API may be insufficiently expressive, the app maynot be implementing the API properly, or the assistive technology may not beutilizing the API.  Those three things I claim are eaiser to test and verifythan the finger-pointing we get via the OSM model.  When we have an API,assistive technologies can always go beyond the API (as happens alreadytoday), if the API or the application implementation(s) of the API do not meettheir needs.> I think a DOM which includes access to the chrome is a great benefit to> accessibility, and using itis a very good way to meet the needs of> users. However I am not sure that it is always a requirement.Should we not require full keyboard access?  After all, the functionality ofone screen reader - outSPOKEN for Macintosh - provides features like Find thatmake keyboard access less critical (especially since on the Macintosh thereisn't that much support in the OS for keyboard access to controls).  Also, anassistive technology could potentially assign their own keyboard accessmechanism on top of ill-behaved apps (just as screen readers build informationin their OSMs that by rights should be directly exposed by applications).I think going forward we need to require that applications provide *all* oftheir semantic information directly via a clear and easy to use API toassistive technologies.  Assistive technologies have a long, proud, andpainful history hacking around operating systems and applications so as toprovide their users with access.  The engineering staffs of these companieshave tremendous expertise in reverse engineering behavior, and thesetechniques have provided tens of thousands of users with workable accesssolutions and thereby employment and general access to information.  But it istime we stop relying on this expertise, and leaving users with a mish-mashpatchwork of access quality to applications that are supposedly complying witha new set of guidelines on how to be compatible with assistive technologies.We can do better than that, and require better than that, of the nextgeneration of applications.Peter KornSun Accessibility team",
            "docno": "lists-084-1130577",
            "received": "Mon Jan 31 20:15:45 2000",
            "isoreceived": "20000201011545",
            "sent": "Mon, 31 Jan 2000 17:14:37 -0800",
            "isosent": "20000201011437",
            "name": "Peter Korn",
            "email": "peter.korn@sun.com",
            "subject": "Re: Tenative meeting on the DOM with AT vendors for the User     Agent   Guidelines",
            "id": "3896337D.143B2567@sun.com",
            "charset": "us-ascii",
            "inreplyto": "Pine.LNX.4.20.0001311457170.14740-100000&#64;tux.w3.org",
            "expires": "-1",
            "to": " Charles McCathieNevile<charles@w3.org>\n",
            "cc": "schwer@us.ibm.com,thatch@us.ibm.com, Jon Gunderson<jongund@ux1.cso.uiuc.edu>, mark novak<menovak@facstaff.wisc.edu>,w3c-wai-ua@w3.org\n"
        },
        {
            "body": "For an application to provide *all* its semantic information is anon-terminating process.  We need an information model or class system thatdefines a required \"skin depth\" of information that has to be visiblebehind the surface at the API.  Peter (I believe) in referring to \"all thesemantic information\" has internalized the current definition of the Javaaccessibility profile as a reasonable version of such a spec.Once we get into issues of what constitutes the semantic definition of theinterface, and how to specify that in a way which is effective, we havetouched PF territory.  Not to take the issue away from this discussion, butjust to say \"register PF as a listener on this one, please.\"AlAt 05:14 PM 1/31/00 -0800, Peter Korn wrote:>Hi Charles,>>Please pardon my soap-box...>>> while I agree with you that an Off Screen Model is often not the best way>> to engineer a product, particularly for cross-platform protability, I don't>> think there is an intrinsic reason why it is harmful. If a developer was>> working only on a single platform (and many do) and found that using an OSM>> was more effective than tying to get through a bizarre API or an>> undocumented one, then it may be a better solution.>>There is a significant issue with the OSM approach: responsibility for>problems in accessibility are almost never clear.  If one screen reader's OSM>is able to capture information on the screen through some particularly tricky>heuristics, then it is to the benefit of the users of that particular screen>reader, but it may not work in other screen readers (to the detriment ofthose>users).  Then the question becomes who should change -> the poorly behaved>application putting that information on the screen, or the OSMs of the other>screen readers?>>If there is a standard way for applications to describe their contents via a>programming interface (API), then it is much eaiser to figure out what is>going wrong and fix it.  The API may be insufficiently expressive, the appmay>not be implementing the API properly, or the assistive technology may not be>utilizing the API.  Those three things I claim are eaiser to test and verify>than the finger-pointing we get via the OSM model.  When we have an API,>assistive technologies can always go beyond the API (as happens already>today), if the API or the application implementation(s) of the API do notmeet>their needs.>>> I think a DOM which includes access to the chrome is a great benefit to>> accessibility, and using itis a very good way to meet the needs of>> users. However I am not sure that it is always a requirement.>>Should we not require full keyboard access?  After all, the functionality of>one screen reader - outSPOKEN for Macintosh - provides features like Findthat>make keyboard access less critical (especially since on the Macintosh there>isn't that much support in the OS for keyboard access to controls).  Also, an>assistive technology could potentially assign their own keyboard access>mechanism on top of ill-behaved apps (just as screen readers buildinformation>in their OSMs that by rights should be directly exposed by applications).>>>I think going forward we need to require that applications provide *all* of>their semantic information directly via a clear and easy to use API to>assistive technologies.  Assistive technologies have a long, proud, and>painful history hacking around operating systems and applications so as to>provide their users with access.  The engineering staffs of these companies>have tremendous expertise in reverse engineering behavior, and these>techniques have provided tens of thousands of users with workable access>solutions and thereby employment and general access to information.  Butit is>time we stop relying on this expertise, and leaving users with a mish-mash>patchwork of access quality to applications that are supposedly complyingwith>a new set of guidelines on how to be compatible with assistive technologies.>We can do better than that, and require better than that, of the next>generation of applications.>>>Peter Korn>Sun Accessibility team>",
            "docno": "lists-084-1143609",
            "received": "Mon Jan 31 21:28:17 2000",
            "isoreceived": "20000201022817",
            "sent": "Mon, 31 Jan 2000 21:34:34 -0600",
            "isosent": "20000201033434",
            "name": "Al Gilman",
            "email": "sgilman@iamdigex.net",
            "subject": "Re: Tenative meeting on the DOM with AT vendors for the User       Agent   Guidelines",
            "id": "200002010227.VAA724568@smtp1.mail.iamworld.net",
            "charset": "us-ascii",
            "inreplyto": "3896337D.143B2567&#64;sun.com",
            "expires": "-1",
            "to": "w3c-wai-ua@w3.org\n",
            "cc": " Peter Korn<peter.korn@sun.com>\n"
        },
        {
            "body": "Rich,In speaking of developing DOM 3 to include agent chrome, you say thatthe only alternative is:  \"going back down the antiquated OSM route toget the needed information.\"  I would hardly call Off-Screen Modeltechnology \"antiquated.\"  I suspect that having put so much effort intodeveloping the most stable and robust OSM in the business, you didn'tremember that Screen Reader/2 used OS/2 messages and queriesto get at chrome. So it is today that most screen readers dependon Windows messages and queries, and those available through from acommon interface, namely MSAA, to access Chrome. I see no reasonfor including Chrome  in the DOM. The age of OSM technology, about13 years, has nothing to do with it.Jim ThatcherIBM Accessibility Centerwww.ibm.com/snsHPR Quick Help: http://www.austin.ibm.com/sns/quickreplace.html(512)838-0432schwer@us.ibm.com on 01/28/2000 03:00:04 PM<peter.korn@sun.com>, w3c-wai-ua@w3.orgSubject:  Re: Tenative meeting on the DOM with AT vendors for the UserAgent GuidelinesThat's fine.I think you should know that I met with the DOM working group inCalifornia. We (PF group) plan on extending the DOM further foraccessibility in DOM 3. Furthermore, I have started the wheels rolling onan editorial team in the DOM working group to address the feasibility ofextending the DOM to include the \"chrome.\" There were a number of DOM WGmembers who were very interested in this prospect for a number reasons:audio browsers pervasive devices, etc.I don't understand why you feel it is necessary to solicit support giventhat there is no other mechanism other than going back down the antiquatedOSM route to get the needed information.RichRich SchwerdtfegerLead Architect, IBM Special Needs SystemsEMail/web: schwer@us.ibm.com http://www.austin.ibm.com/sns/rich.htm\"Two roads diverged in a wood, and I -I took the one less traveled by, and that has made all the difference.\",FrostJon Gunderson <jongund@ux1.cso.uiuc.edu> on 01/27/2000 04:52:46 PMSchwerdtfeger/Austin/IBM@IBMUS, Peter Korn <peter.korn@sun.com>Subject:  Tenative meeting on the DOM with AT vendors for the User AgentGuidelinesPeter, Mark and Rich,The W3C WAI User Agent guidelines are going to be in CandidateRecommendation within a day or two.  Part of the goal of our candidaterecommendation period is to discuss the use of the DOM with AT vendors forassistive technologies to provide  alternative access to WWW content.  Wehope to gain their support in using the DOM as the primary way to providean exchange of WWW content between user agents and assistive technologies.We have tenatively scheduled this meeting for 18 Feburary at 2:00 EST.  Iwould like to invite all of you to participate in this teleconference andwas wondering about your availability and interest in attending at thetenative date and time.Thank you,JonJon Gunderson, Ph.D., ATPCoordinator of Assistive Communication and Information TechnologyChair, W3C WAI User Agent Working GroupDivision of Rehabilitation - Education ServicesCollege of Applied Life StudiesUniversity of Illinois at Urbana/Champaign1207 S. Oak Street, Champaign, IL  61820Voice: (217) 244-5870Fax: (217) 333-0248E-mail: jongund@uiuc.eduWWW: http://www.staff.uiuc.edu/~jongundWWW: http://www.w3.org/wai/ua",
            "docno": "lists-084-0957267",
            "received": "Sat Jan 29 19:44:35 2000",
            "isoreceived": "20000130004435",
            "sent": "Sat, 29 Jan 2000 18:42:43 -0600",
            "isosent": "20000130004243",
            "name": "thatch@us.ibm.com",
            "email": "thatch@us.ibm.com",
            "subject": "Re: Tenative meeting on the DOM with AT vendors for the User   Agent Guidelines",
            "id": "85256876.0003D046.00@d54mta08.raleigh.ibm.com",
            "charset": "us-ascii",
            "inreplyto": "Tenative meeting on the DOM with AT vendors for the User   Agent Guidelines",
            "expires": "-1",
            "to": "   mark novak <menovak@facstaff.wisc.edu>, Richard\n",
            "cc": "   w3c-wai-ua@w3.org\n"
        },
        {
            "body": "Nothing is ever then end-all to a solution and I am not suggesting that wepreclude other accessibility infrastructures native to particularenvironments. The Web needs a common agreed upon standard that is agreedupon by all members in the absence of native assistive technology (MSAA orJava) or for applications that are compiled on a cross-platform developmentmode that is non-Java. Mozilla is a perfect example. We also need a Webaccessible conduit for pervasive computing.I am not advocating a single standard to replace existing accessibilitywork. A solution is needed where these standards do not apply. Within theWeb environment we have the ability and responsibility for providing thisto assistive technologies and their customers. I suspect, however, that Iam preaching to the choir.RichRich SchwerdtfegerLead Architect, IBM Special Needs SystemsEMail/web: schwer@us.ibm.com http://www.austin.ibm.com/sns/rich.htm\"Two roads diverged in a wood, and I -I took the one less traveled by, and that has made all the difference.\",FrostCharles McCathieNevile <charles@w3.org> on 01/31/2000 02:01:05 PM<jongund@ux1.cso.uiuc.edu>, mark novak <menovak@facstaff.wisc.edu>,Peter Korn <peter.korn@sun.com>, w3c-wai-ua@w3.orgSubject:  Re: Tenative meeting on the DOM with AT vendors for the UserAgent GuidelinesRich,while I agree with you that an Off Screen Model is often not the best waytoengineer a product, particularly for cross-platform protability, I don'tthink there is an intrinsic reason why it is harmful. If a developer wasworking only on a single platform (and many do) and found that using an OSMwas more effective than tying to get through a bizarre API or anundocumentedone, then it may be a better solution.I think a DOM which includes access to the chrome is a great benefit toaccessibility, and using itis a very good way to meet the needs ofusers. However I am not sure that it is always a requirement. In favour ofrequiring this approach is that it is a single standard, and is compatiblewith the DOM used to provide access to a document.Charles McCNOn Mon, 31 Jan 2000 schwer@us.ibm.com wrote:Regarding the OSM. I have these concerns:Prone to errorsVery difficult to create from scratchEach platform has an entirely different graphics subsystem requiringanincredible amount of reworkThere is no OSM on pervasive devices or UNIX systemsWe absolutely need the DOM to be able to support the chrome. This is notjust for GUI interfaces but it is also for audio browser interfaces thatneed to access information beyond the document such as history lists,etc.In fact, it was amazing how many of the other companies present at theDOM3 working group meeting had a need for an application architecture basedonDOM.This is not to say that IE would not be accessible because it uses MSAAforthe chrome. An accessible application framework is absolutely critical toaddress the needs that I am referring to.The fact is the construction of an OSM requires reverse on engineering onevery new platform. The cost of creating accessibility for each newplatfrom based on the DOM is expensive. New accessible infrastructureslikethe DOM, Java Accessibility, and MSAA target accessible objects and notanOSM because:They are more accurateThey are less costly to implementThey create an engineered conduit through which to make applicationsaccessibleI am very proud of our work on the OSM too.  However, I am notcomfortablewith its limitations and the future accessible web we are all trying tocreate it does not fit. I working cross-platform accessible applicationmodel for the web is needed. This model will need to support the chrome.RichRich SchwerdtfegerLead Architect, IBM Special Needs SystemsEMail/web: schwer@us.ibm.com http://www.austin.ibm.com/sns/rich.htm\"Two roads diverged in a wood, and I -I took the one less traveled by, and that has made all the difference.\",Frostthatch@us.ibm.com on 01/29/2000 06:42:43 PMTo:   Richard Schwerdtfeger/Austin/IBM@IBMUScc:   Jon Gunderson <jongund@ux1.cso.uiuc.edu>, mark novak<menovak@facstaff.wisc.edu>, Peter Korn <peter.korn@sun.com>,w3c-wai-ua@w3.orgSubject:  Re: Tenative meeting on the DOM with AT vendors for the UserAgent GuidelinesRich,In speaking of developing DOM 3 to include agent chrome, you say thatthe only alternative is:  \"going back down the antiquated OSM route toget the needed information.\"  I would hardly call Off-Screen Modeltechnology \"antiquated.\"  I suspect that having put so much effort intodeveloping the most stable and robust OSM in the business, you didn'tremember that Screen Reader/2 used OS/2 messages and queriesto get at chrome. So it is today that most screen readers dependon Windows messages and queries, and those available through from acommon interface, namely MSAA, to access Chrome. I see no reasonfor including Chrome  in the DOM. The age of OSM technology, about13 years, has nothing to do with it.Jim ThatcherIBM Accessibility Centerwww.ibm.com/snsHPR Quick Help: http://www.austin.ibm.com/sns/quickreplace.html(512)838-0432schwer@us.ibm.com on 01/28/2000 03:00:04 PMTo:   Jon Gunderson <jongund@ux1.cso.uiuc.edu>cc:   mark novak <menovak@facstaff.wisc.edu>, Peter Korn<peter.korn@sun.com>, w3c-wai-ua@w3.orgSubject:  Re: Tenative meeting on the DOM with AT vendors for the UserAgent GuidelinesThat's fine.I think you should know that I met with the DOM working group inCalifornia. We (PF group) plan on extending the DOM further foraccessibility in DOM 3. Furthermore, I have started the wheels rolling onan editorial team in the DOM working group to address the feasibility ofextending the DOM to include the \"chrome.\" There were a number of DOM WGmembers who were very interested in this prospect for a number reasons:audio browsers pervasive devices, etc.I don't understand why you feel it is necessary to solicit support giventhat there is no other mechanism other than going back down theantiquatedOSM route to get the needed information.RichRich SchwerdtfegerLead Architect, IBM Special Needs SystemsEMail/web: schwer@us.ibm.com http://www.austin.ibm.com/sns/rich.htm\"Two roads diverged in a wood, and I -I took the one less traveled by, and that has made all the difference.\",FrostJon Gunderson <jongund@ux1.cso.uiuc.edu> on 01/27/2000 04:52:46 PMTo:   mark novak <menovak@facstaff.wisc.edu>, RichardSchwerdtfeger/Austin/IBM@IBMUS, Peter Korn <peter.korn@sun.com>cc:   w3c-wai-ua@w3.orgSubject:  Tenative meeting on the DOM with AT vendors for the User AgentGuidelinesPeter, Mark and Rich,The W3C WAI User Agent guidelines are going to be in CandidateRecommendation within a day or two.  Part of the goal of our candidaterecommendation period is to discuss the use of the DOM with AT vendorsforassistive technologies to provide  alternative access to WWW content.  Wehope to gain their support in using the DOM as the primary way to providean exchange of WWW content between user agents and assistivetechnologies.We have tenatively scheduled this meeting for 18 Feburary at 2:00 EST.  Iwould like to invite all of you to participate in this teleconference andwas wondering about your availability and interest in attending at thetenative date and time.Thank you,JonJon Gunderson, Ph.D., ATPCoordinator of Assistive Communication and Information TechnologyChair, W3C WAI User Agent Working GroupDivision of Rehabilitation - Education ServicesCollege of Applied Life StudiesUniversity of Illinois at Urbana/Champaign1207 S. Oak Street, Champaign, IL  61820Voice: (217) 244-5870Fax: (217) 333-0248E-mail: jongund@uiuc.eduWWW: http://www.staff.uiuc.edu/~jongundWWW: http://www.w3.org/wai/ua--Charles McCathieNevile    mailto:charles@w3.org    phone: +61 (0) 409 134136W3C Web Accessibility Initiative                      http://www.w3.org/WAI21 Mitchell Street, Footscray, VIC 3011,  Australia",
            "docno": "lists-084-1210813",
            "received": "Tue Feb  1 11:30:19 2000",
            "isoreceived": "20000201163019",
            "sent": "Tue, 1 Feb 2000 10:23:47 -0600",
            "isosent": "20000201162347",
            "name": "schwer@us.ibm.com",
            "email": "schwer@us.ibm.com",
            "subject": "Re: Tenative meeting on the DOM with AT vendors for the User  Agent Guidelines",
            "id": "85256878.005AA390.00@d54mta08.raleigh.ibm.com",
            "charset": "us-ascii",
            "inreplyto": "Tenative meeting on the DOM with AT vendors for the User  Agent Guidelines",
            "expires": "-1",
            "to": "   Richard Schwerdtfeger/Austin/IBM@IBMUS\n",
            "cc": "   James Thatcher/Austin/IBM@IBMUS, Jon Gunderson\n"
        },
        {
            "body": "Hi Jon,Yes, we can attend.Regards,JessieJon Gunderson wrote:>Would people be able to meet on Thursday, May 27th at 8:00pm>Boston Local Time, I believe this translates to May 28th at>8:00am local Bejing time.>>Please let me know if you can attend.>>Jon>Jon Gunderson, Ph.D., ATP>Coordinator of Assistive Communication and Information Technology>Division of Rehabilitation - Education Services>MC-574>College of Applied Life Studies>University of Illinois at Urbana/Champaign>1207 S. Oak Street, Champaign, IL  61820>>Voice: (217) 244-5870>Fax: (217) 333-0248>>E-mail: jongund@uiuc.edu>>WWW: http://cita.rehab.uiuc.edu/>WWW: http://www.staff.uiuc.edu/~jongund>>>>>--------------------------------------------Jessie LiSoftware EngineerSun China Engineering & Research Institutejessie.li@sun.com86-10-82618200 ext. 82858------------------------------------------",
            "docno": "lists-086-7951247",
            "received": "Sun May 23 22:03:19 2004",
            "isoreceived": "20040524020319",
            "sent": "Mon, 24 May 2004 10:01:52 +0800",
            "isosent": "20040524020152",
            "name": "Jessie Li",
            "email": "jessie.li@sun.com",
            "subject": "Re: W3C User Agent meeting with Sun Beijing Team",
            "id": "40B15790.7040209@sun.com",
            "charset": "us-ascii",
            "inreplyto": "6ea23bb2.442883f2.81e6000&#64;expms1.cites.uiuc.edu",
            "expires": "-1",
            "to": " Jon Gunderson<jongund@uiuc.edu>\n",
            "cc": "w3c-wai-ua@w3.org, Peter Korn<peter.korn@sun.com>\n"
        }
    ]
}