{
    "id": "candidate-0143",
    "name": "Coralie Mercier",
    "gender": "FEMALE",
    "email": "coralie@w3.org",
    "mails": [
        {
            "body": "On Thu, 12 Sep 2002, Charles McCathieNevile wrote:>> Cool. I like Coralie's logos.>Me too. If Coralie can't do it within the timescales, ILRT can employsomeone who normally does good work (though not as nice as Coralie'swork :)The deadline is early October for logo and leaflets, for the FP 6 launchin November. It would be useful to know as soon as possible who is goingto undertake the work.> Are there any ideas we want to convey in the logo? A connection with RDF and> the RDF logo? A connection with Europe would be good.Yep: as Dan suggested, it makes sense to have something related to oreven based on Eric's RDF logo if possible; however, we need also to beable to say that this is our logo which conveys Europeanness.http://www.w3.org/RDF/icons/The logo has to be suitable for a bunch of stuff too - mugs, postersand tshirts as well as leaflets, webpages, different background coloursand sizes etc.Libby",
            "docno": "lists-015-2136265",
            "received": "Thu Sep 12 08:51:13 2002",
            "isoreceived": "20020912125113",
            "sent": "Thu, 12 Sep 2002 13:49:32 +0100 (BST)",
            "isosent": "20020912124932",
            "name": "Libby Miller",
            "email": "Libby.Miller@bristol.ac.uk",
            "subject": "Re: SWAD(Europe) logo(s)",
            "id": "Pine.GSO.4.44.0209121342340.27371100000@mail.ilrt.bris.ac.uk",
            "charset": "USASCII",
            "inreplyto": "Pine.LNX.4.30.0209120738430.7358100000&#64;tux.w3.org",
            "expires": "1",
            "to": " Charles McCathieNevile<charles@w3.org>\n",
            "cc": " Daniel Dardailler<danield@w3.org>, Dan Brickley<danbri@w3.org>, public-esw<public-esw@w3.org>, em<em@w3.org>, coralie<coralie@w3.org>\n"
        },
        {
            "body": "Hello allDanny Ayers sent me an idea. I'm not sure it is exactly what he meant.Anyway, tell me what you think of the very rough draft. [1]Coralie[1] http://www.w3.org/People/CMercier/swad-e-1.gifCharles McCathieNevile wrote:> I had something like an idea:>> http://tux.w3.org/~charles/swade.png>> (if you imagine that the yellow blobs are the EU stars, that the links from> them are nicely curved like RDF arcs, and that the whole thing is done by> someone with a bit more talent, like Coralie...)>> I had another idea but someone pointed out that it was more like a schematic> anatomical picture than anything else.>> Anyway, I look forward to seeing whatever Coralie decides is a good idea.>> Chaals>> On Thu, 12 Sep 2002, Charles McCathieNevile wrote:>>>>Cool. I like Coralie's logos.>>>>Are there any ideas we want to convey in the logo? A connection with RDF and>>the RDF logo? A connection with Europe would be good.>>>>Chaals>>>>On Thu, 12 Sep 2002, Daniel Dardailler wrote:>>>>>>>>>>I'm putting Coralie in the loop, she's our logo designer expert.>>>>>>>>--Coralie Mercier, W3C Europe admin manager        mailto:coralie@w3.orgWorld Wide Web Consortium                            http://www.w3.orgW3C / INRIA  -  2004 route des lucioles - 06560 Sophia Antipolis -  FRVoice: +33(0)492 387 590  Fax: +33(0)492 387 822 http://www.koalie.net",
            "docno": "lists-015-2269715",
            "received": "Fri Sep 13 13:45:44 2002",
            "isoreceived": "20020913174544",
            "sent": "Fri, 13 Sep 2002 19:45:35 +0200",
            "isosent": "20020913174535",
            "name": "Coralie Mercier",
            "email": "coralie@w3.org",
            "subject": "Re: SWAD(Europe) logo(s)",
            "id": "3D82243F.5040608@w3.org",
            "charset": "usascii",
            "inreplyto": "Pine.LNX.4.30.0209130747130.2086100000&#64;tux.w3.org",
            "expires": "1",
            "to": " Charles McCathieNevile<charles@w3.org>\n",
            "cc": " Daniel Dardailler<danield@w3.org>, Dan Brickley<danbri@w3.org>,public-esw@w3.org,em@w3.org\n"
        },
        {
            "body": "Hi Irene, all,Irene Vatton a ?crit :>> Hi Coralie,>> As explained Laurent we cannot reproduce the bug probably because we didn't> play the same scenario.> Do you remember how the bug was generated: It was the first time you created> the> image with its alt attribute? Or did you only update the alt value.> Where is the image in the document structure? A paragraph, a table?I'm using a script that works on a directory containing described images(jpgs) and thumbnails and it produces the index.html (and index001.html,etc.).The page contains a table of 4 x 4 cells, each cell containing athumbnail linked to its large image, an alt (that I am not supposed toedit, unless the descriptions I entered via rdfpic failed) and a title.The page (that I eventually corrected last night on the amaya running onunix (semir update at each release) which is amaya V4.3.2 of 23mar2001)is athttp://www.w3.org/People/CMercier/Walks/Madrid2001/Jun02/index003.htmlI hope it will help you reproduce the bug.Thanks>> > I'm using amaya V4.3 with NT4.0 and I'd like to report the following :> >> > In the alt content the text right after the semi-column is moved between> > the quotes, leaving the text right before the semi-column after the> > closing bracket> >> > What is supposed to be :> >> > <img src=\".small/dsc20010602155437.png\" width=\"100\" border=\"0\"> > height=\"75\"> > alt=\"Th&eacute;atre Royal\"></a>> >> >> > What I see in the source :> >> > <img src=\".small/dsc20010602155437.png\" width=\"100\" border=\"0\"> > height=\"75\"> > alt=\"atre Royal\">Th&eacute;</a>> >> > (I hope this report is clear)> >> > Thanks> >> > coralie> >> > --> > Coralie Mercier, Team Assistant                  mailto:coralie@w3.org> > World Wide Web Consortium                            http://www.w3.org> >  W3C / INRIA - 2004 route des lucioles - 06560 Sophia Antipolis - FR> >  Voice:+33(0)492 387 590 Fax:+33(0)492 387 822 http://www.koalie.net> >> >> >--Coralie Mercier, Team Assistant                  mailto:coralie@w3.orgWorld Wide Web Consortium                            http://www.w3.orgW3C / INRIA - 2004 route des lucioles - 06560 Sophia Antipolis - FRVoice:+33(0)492 387 590 Fax:+33(0)492 387 822 http://www.koalie.net",
            "docno": "lists-095-1758608",
            "received": "Thu Jun 14 03:47:48 2001",
            "isoreceived": "20010614074748",
            "sent": "Thu, 14 Jun 2001 03:36:23 -0400 (EDT)",
            "isosent": "20010614073623",
            "name": "Coralie",
            "email": "coralie@w3.org",
            "subject": "Re: bug with semi-columns",
            "id": "3B28696D.680B6545@w3.org",
            "charset": "iso-8859-1",
            "inreplyto": "20010614065753.53792C&#64;maiana.inrialpes.fr",
            "expires": "-1",
            "to": " Irene Vatton<Irene.Vatton@inrialpes.fr>\n",
            "cc": "www-amaya@w3.org\n"
        },
        {
            "body": "> > I've never loaded fonts with a font-size equal to 10.5pt.>> I'm afraid I don't understand your point. Do you mean that the font-zoom I> would like to set ('-1.5') is equal to 10.5 pt in font-size, and that it is> impossible to get it?> I'm a bit confused here as 'font-size' is a concept I'm aware of (it is> expressed in ponits) whereas 'font-zoom' is a concept I would be tempted to> express in percent.Of course font-zoom is a percentage. As Amaya uses integer values for fontsizeswe considered that a minimum percentage step of 1% was okay.The main problem remains the use of integer values for font sizes, but currentAPIsused by Amaya on Windows and X-Window platforms require integer values.When we'll change to OpenGL we could reconsider this choice.> Could you confirm that font zoom -1.5 equals font-size 10.5 pt and that it> isn't possible to set it?The font zoom is an integer value so today you cannot choose a decimal value.If the initial font size is 12pt and the font zoom is 1 the loaded font-sizewill be 11pt. If the initial font-size is 12pt and suppose you can give a fontzoom 1.5 the loaded font-size would be be 11pt too.",
            "docno": "lists-095-8274793",
            "received": "Wed Nov 21 08:16:41 2001",
            "isoreceived": "20011121131641",
            "sent": "Wed, 21 Nov 2001 14:12:48 +0100",
            "isosent": "20011121131248",
            "name": "Irene Vatton",
            "email": "Irene.Vatton@inrialpes.fr",
            "subject": "Re: amaya source window size",
            "id": "20011121131248.ADC17C@maiana.inrialpes.fr",
            "charset": "iso-8859-1",
            "inreplyto": "coralie&#64;w3.org",
            "expires": "-1",
            "to": " Coralie Mercier<coralie@w3.org>\n",
            "cc": " Irene Vatton<Irene.Vatton@inrialpes.fr>,w3t-sophia@w3.org,www-amaya@w3.org,Irene.Vatton@inrialpes.fr\n"
        },
        {
            "body": "Hi Richardyes, it's scheduled. All meetings are to have an lcd-projector in the room.coralieOn Tue, 10 Feb 2004 14:41:03 -0000, Richard Ishida <ishida@w3.org> wrote:> Thanks Coralie.>> We could do with a PC-to-wall projector for our meeting, please. Is that> possible?>> RI>> -----Original Message-----> From: Coralie Mercier [mailto:coralie@w3.org]> Sent: 06 February 2004 11:10> To: Richard Ishida> Cc: w3t-tpregister@w3.org> Subject: [I18N GEO] Re: Spare rooms at Tech Plen?>>>> Hello Richard>> Your group will be in room 135 on Monday. I've updated the table of> groups> meeting [1]. Your folks may formally register [2] until Feb. 20 2004.>> In case your goup need the info, there's an Overview page [3] and> registration to the hotel must be made via a form [4].>> You'll have two coffee breaks for the day and lunch.>> Will you need some equipment beside wireless network?>> Dom is currently preparing a list of e-mail addresses of the people> already registered so that I let them know of your group meeting.>> Thanks in advance>> Coralie>>> [1] http://www.w3.org/2003/10/tp4groups.htm> [2] http://www.w3.org/2002/09/wbs/35125/tp2004/> [3] http://www.w3.org/2003/08/allgroupoverview.html> [4] http://www.w3.org/2003/08/TP2004-hotelform.html>> On Thu, 5 Feb 2004 14:50:48 -0000, Richard Ishida <ishida@w3.org> wrote:>>> Hi Coralie,>>>> I spoke with the troops last night, and we would like to have a room>> for Monday (only) please.>>>> We're expecting around 6 GEO folks.>>>> Thanks !>> RI>>>>> -----Original Message----->>> From: Coralie Mercier [mailto:coralie@w3.org]>>> Sent: 30 January 2004 15:37>>> To: Richard Ishida>>> Cc: w3t-tpregister@w3.org>>> Subject: Re: Spare rooms at Tech Plen?>>>>>>>>>>>> Hello Richard>>>>>> I've taken good note that the I18N GEO TF (Internationalization>>> Working Group, GEO (Guidelines, Education & Outreach) Task Force)>>> would like to>>> meet ; that expected attendance is 6 to 8 and that your group accept>>> observers.>>>>>> We have 13 groups meeting on Monday and 14 meeting on Tuesday.>>>>>> There is a room available on Monday, Chambre-bureau 1 (don't know the>>> number yet) that can accomodate up to 12 people.>>>>>> I offer that your group meet on Monday or on Sunday-Monday if you>>> need two days. There is also the possibility that the group meets on>>> Monday+Thursday or Monday+Friday (but that might not be convenient, I>>> agree.)>>>>>> I expect your formal decision next Thursday.>>>>>> Then I'll edit the tp2004 registration questionnaire with \"I18N GEO\">>> and e-mail will be sent to the people who already registered so>>> that they are>>> aware.>>>>>> Best regards,>>>>>> Coralie>>>>>>>>> On Fri, 30 Jan 2004 12:18:17 -0000, Richard Ishida <ishida@w3.org>>>> wrote:>>>>>> > Hi Coralie,>>> >>>> > It turns out, contrary to previous expectations, that we>>> are expecting>>> > quite a good turnout from the  i18n GEO group at the tech>>> plen.  So I>>> > was wondering whether there is a spare room available for the>>> > Monday/Tuesday that we could use if we decide to hold a>>> meeting? (Just>>> > provisional enquiry.)>>> >>>> > RI>>> >>>> >>>> > ============>>> > Richard Ishida>>> > W3C>>> >>>> > contact info: http://www.w3.org/People/Ishida/>>> >>>> > http://www.w3.org/International/>>> > http://www.w3.org/International/geo/>>> >>>> > W3C Internationalization FAQs>>> > http://www.w3.org/International/questions.html>>> > RSS feed: http://www.w3.org/International/questions.rss>>> >>>>>>>>>>>>> -->>> Coralie Mercier, W3C Europe Administration Manager>> mailto:coralie@w3.org>> World Wide Web Consortium                              http://www.w3.org>> W3C / ERCIM  -  2004 route des lucioles  - 06560 Sophia Antipolis  -  FR>> Voice: +33(0)492 387 590  Fax: +33(0)492 387 822   http://www.koalie.net>>>--Coralie Mercier, W3C Europe Administration Manager mailto:coralie@w3.orgWorld Wide Web Consortium                              http://www.w3.orgW3C / ERCIM  -  2004 route des lucioles  - 06560 Sophia Antipolis  -  FRVoice: +33(0)492 387 590  Fax: +33(0)492 387 822   http://www.koalie.net",
            "docno": "lists-016-6221502",
            "received": "Wed Feb 11 11:15:08 2004",
            "isoreceived": "20040211161508",
            "sent": "Wed, 11 Feb 2004 17:13:48 +0100",
            "isosent": "20040211161348",
            "name": "Coralie Mercier",
            "email": "coralie@w3.org",
            "subject": "Re: FW: [I18N GEO] Re: Spare rooms at Tech Plen?",
            "id": "opr27rdagl4ogvs8@sophia.inria.fr",
            "charset": "iso-885915",
            "inreplyto": "00ba01c3efe3$e9e7e7d0$cd01000a&#64;w3cishida",
            "expires": "1",
            "cc": "w3t-tpregister@w3.org\n",
            "to": " Richard Ishida<ishida@w3.org>, GEO<public-i18n-geo@w3.org>\n"
        },
        {
            "body": "FYI-----Original Message-----From: w3t-request@w3.org [mailto:w3t-request@w3.org] On Behalf Of CoralieMercierSent: 10 February 2004 18:59jbrewer@w3.org; danield@w3.org; w3t-tpregister@w3.orgSubject: [TP2004] Royal Hotel Casino fare is reducedDear Chairs, dear allI am pleased to let you know that I was successful today in renegotiatingthe prices of the hotel of the TP2004 (a few people brought to myattention that the current rates seemed high).The initial discount rates are now again available and will apply untilFebruary 20 2004.Single room: EUR 161Double room: EUR 190(instead of EUR 192 and EUR 221)The meeting overview page [1] was updated.I just contacted all the registrants (45 people) who answered \"no\" to thehotel question, to let them know that we would like to encourage anyattendees who would like to switch to the meeting hotel to do so now, bymeans of the hotel form [2] that can be faxed or e-mailed.Registration [3] is open until February 20 2004 ; I would be grateful ifyou could contact your groups and let them know of the discount ratesavailibility.Let them know to not hesitate to contact w3t-tpregister@w3.org should theyrequire further help.Best regards,Coralie[1] http://www.w3.org/2003/08/allgroupoverview.html[2] http://www.w3.org/2003/08/TP2004-hotelform.html[3] http://www.w3.org/2002/09/wbs/35125/tp2004/--Coralie Mercier, W3C Europe Administration Manager mailto:coralie@w3.orgWorld Wide Web Consortium                              http://www.w3.orgW3C / ERCIM  -  2004 route des lucioles  - 06560 Sophia Antipolis  -  FRVoice: +33(0)492 387 590  Fax: +33(0)492 387 822   http://www.koalie.net",
            "docno": "lists-016-6209532",
            "received": "Wed Feb 11 08:32:24 2004",
            "isoreceived": "20040211133224",
            "sent": "Wed, 11 Feb 2004 13:32:07 0000",
            "isosent": "20040211133207",
            "name": "Richard Ishida",
            "email": "shida@w3.org",
            "subject": "FW: [TP2004] Royal Hotel Casino fare is reduced",
            "id": "002301c3f0a3$72433b10$6501a8c0@w3cishida",
            "charset": "iso-885915",
            "inreplyto": "[TP2004] Royal Hotel Casino fare is reduced",
            "expires": "1",
            "to": " chairs@w3.org\n",
            "cc": " w3t@w3.org; plh@w3.org; ph@w3.org; timbl@w3.org; djweitzner@w3.org;\n"
        },
        {
            "body": "Could we consider I18N glossary/terminology part to GEO? It's harder to ask questions/discuss problems without the right terminology.Deborah-----Original Message-----From: public-i18n-geo-request@w3.org on behalf of Richard IshidaSent: Thu 26/02/2004 16:46Subject: Agenda for GEO mtg at Tech PlenHere is a rough agenda.  We will plan timings on the day, but the order is probably right.  Please send in additonal items you'd like to cover/address.[1] DirectionsPlease provide other questions/topics for discussion by email:Have we made good progress? Review current deliverables status.How can we make better progress, especially on Techniques?Establish targets for Techniques before end of charter.Recharter is close - what deliverables should we sign up for?Other topics related to rechartering.If GEO becomes a separate working group, how to work with rest of i18n? What are the issues? How to address them?What should we do about outreach activities? We had some suggestions in a recent telecon http://lists.w3.org/Archives/Public/public-i18n-geo/2003Nov/0003.html : should we make plans to do these?  Are there more things to do?Richard was looking at sites like http://www.boxesandarrows.com/ recently.  This is very clearly a an attractive place to visit regularly for information.  Note also that they accept articles from others (http://www.boxesandarrows.com/about/writeforus.php).  Should we be trying to emulate this, and raise the visibility and appeal of the site more?  Should this be in conjunction with others at W3C - eg QA?[2] (Brief) review of Framework topicsRecent changes made to layering by RI.Should we add information about FAQs, etc. to the Framework doc?Approve (small) changes to the framework doc to be introduced by RI, with a view to possible republication.Should we remove titles from Authoring Techniques where there is no content?[3] Tutorial reviewReview tutorial material with an eye to:1.      publish the tutorials2.      incorporate information in tutorials into the Authoring techniquesCharacters and Encoding: http://www.w3.org/International/tutorials/tutorial-char-enc.htmlLanguage markup: http://www.w3.org/International/tutorials/tutorial-lang.html[4] Continue review of comments on Authoring Techniques# Bert Bos et al. http://lists.w3.org/Archives/Public/www-international/2003OctDec/0009.html# Karl Dubost http://lists.w3.org/Archives/Public/www-i18n-comments/2003Oct/0007.html# Charles McAthieneville http://lists.w3.org/Archives/Public/www-i18n-comments/2003Oct/0002.html# Francois Yergeau http://lists.w3.org/Archives/Public/www-i18n-comments/2003Oct/0001.html# Liam Quinn http://lists.w3.org/Archives/Public/www-i18n-comments/2003Oct/0000.htmlagree responsesRI============Richard IshidaW3Ccontact info: http://www.w3.org/People/Ishida/http://www.w3.org/International/http://www.w3.org/International/geo/BBCi at http://www.bbc.co.uk/This e-mail (and any attachments) is confidential and may containpersonal views which are not the views of the BBC unless specificallystated.If you have received it in error, please delete it from your system.Do not use, copy or disclose the information in any way nor act inreliance on it and notify the sender immediately. Please note that theBBC monitors e-mails sent or received.Further communication will signify your consent to this.",
            "docno": "lists-016-6458065",
            "received": "Thu Feb 26 15:41:25 2004",
            "isoreceived": "20040226204125",
            "sent": "Thu, 26 Feb 2004 20:41:24 0000",
            "isosent": "20040226204124",
            "name": "Deborah Cawkwell",
            "email": "deborah.cawkwell@bbc.co.uk",
            "subject": "RE: Agenda for GEO mtg at Tech Plen",
            "id": "418B7E44473AC34488C9E730D09FF3CF027F8B0F@bbcxue204.national.core.bbc.co.uk",
            "charset": "utf8",
            "inreplyto": "Agenda for GEO mtg at Tech Plen",
            "expires": "1",
            "to": " GEO \n",
            "cc": " 'Daniel Dardailler'; 'Coralie Mercier' \n"
        },
        {
            "body": "I was looking at the RDF logo and wondered if it could be feasible andacceptable to use the circle in the center of the blue shape (sorry ifit represents something real that I don't know/didn't recognize) andinsert the EU circle of golden stars?I was also thinking about having the EU circle of stars around the blueshape, or something similar?If we are to use the RDF logo (apologies in advance if it's a dumbquestion) would that be appropriate to have SWAD-E or SWAD-EU orSWAD-Europe instead of RDF?Charles McCathieNevile wrote:> the EU circle of lovely yellow stars ;-)>> and the RDF logo, or something recognisably like it.>> /me votes against the europe map on the coins after seeing altered pictures> of it and danbri's porn-filtering exercise>> Chaals>> On Thu, 12 Sep 2002, Libby Miller wrote:>>>>>>hey Coralie,>>>>That's great! we would need designs before then though, because we would>>need some time to create the flyers. I'm not sure how long this would>>take though - Kate, do you know?>>>>What we want to convey is trickier....Europeanness is one>>thing....erm...any ideas everyone?>>>>thanks again Coralie,>>>>Libby>>>>On Thu, 12 Sep 2002, Coralie Mercier wrote:>>>>>>>I would be glad to design something(s) and bring the drafts to you!>>>I need to know what you want to convey (it helps me a lot)>>>>>>I'll try to bring idea(s) before early October.>>>>>>coralie (much honored :-))>>>>>>Charles McCathieNevile wrote:>>>>>>>Cool. I like Coralie's logos.>>>>>>>>Are there any ideas we want to convey in the logo? A connection with RDF and>>>>the RDF logo? A connection with Europe would be good.>>>>>>>>Chaals>>>>>>>>On Thu, 12 Sep 2002, Daniel Dardailler wrote:>>>>>>>>>>>>>>>>>I'm putting Coralie in the loop, she's our logo designer expert.>>>>>>>>>>>>>>>>>>>-->>>Coralie Mercier, W3C Europe admin manager        mailto:coralie@w3.org>>>World Wide Web Consortium                            http://www.w3.org>>>W3C / INRIA  -  2004 route des lucioles - 06560 Sophia Antipolis -  FR>>>Voice: +33(0)492 387 590  Fax: +33(0)492 387 822 http://www.koalie.net>>>>>>>>>>>>--Coralie Mercier, W3C Europe admin manager        mailto:coralie@w3.orgWorld Wide Web Consortium                            http://www.w3.orgW3C / INRIA  -  2004 route des lucioles - 06560 Sophia Antipolis -  FRVoice: +33(0)492 387 590  Fax: +33(0)492 387 822 http://www.koalie.net",
            "docno": "lists-015-2176028",
            "received": "Thu Sep 12 11:28:40 2002",
            "isoreceived": "20020912152840",
            "sent": "Thu, 12 Sep 2002 17:27:58 +0200",
            "isosent": "20020912152758",
            "name": "Coralie Mercier",
            "email": "coralie@w3.org",
            "subject": "Re: SWAD(Europe) logo(s)",
            "id": "3D80B27E.8080200@w3.org",
            "charset": "usascii",
            "inreplyto": "Pine.LNX.4.30.0209121119120.7358100000&#64;tux.w3.org",
            "expires": "1",
            "to": " Charles McCathieNevile<charles@w3.org>\n",
            "cc": " Libby Miller<Libby.Miller@bristol.ac.uk>, Daniel Dardailler<danield@w3.org>, Dan Brickley<danbri@w3.org>, public-esw<public-esw@w3.org>, em<em@w3.org>\n"
        },
        {
            "body": "I don't know of anything that it is too much like. Seems like a good start.I don't see any reason why we need the RDF bit, but fading it into thebackground or something might be a good approach.ChaalsOn Thu, 12 Sep 2002, Coralie Mercier wrote:>>I was looking at the RDF logo and wondered if it could be feasible and>acceptable to use the circle in the center of the blue shape (sorry if>it represents something real that I don't know/didn't recognize) and>insert the EU circle of golden stars?>>I was also thinking about having the EU circle of stars around the blue>shape, or something similar?>>If we are to use the RDF logo (apologies in advance if it's a dumb>question) would that be appropriate to have SWAD-E or SWAD-EU or>SWAD-Europe instead of RDF?>>>>Charles McCathieNevile wrote:>> the EU circle of lovely yellow stars ;-)>>>> and the RDF logo, or something recognisably like it.>>>> /me votes against the europe map on the coins after seeing altered pictures>> of it and danbri's porn-filtering exercise>>>> Chaals>>>> On Thu, 12 Sep 2002, Libby Miller wrote:>>>>>>>>>>hey Coralie,>>>>>>That's great! we would need designs before then though, because we would>>>need some time to create the flyers. I'm not sure how long this would>>>take though - Kate, do you know?>>>>>>What we want to convey is trickier....Europeanness is one>>>thing....erm...any ideas everyone?>>>>>>thanks again Coralie,>>>>>>Libby>>>>>>On Thu, 12 Sep 2002, Coralie Mercier wrote:>>>>>>>>>>I would be glad to design something(s) and bring the drafts to you!>>>>I need to know what you want to convey (it helps me a lot)>>>>>>>>I'll try to bring idea(s) before early October.>>>>>>>>coralie (much honored :-))>>>>>>>>Charles McCathieNevile wrote:>>>>>>>>>Cool. I like Coralie's logos.>>>>>>>>>>Are there any ideas we want to convey in the logo? A connection with RDF and>>>>>the RDF logo? A connection with Europe would be good.>>>>>>>>>>Chaals>>>>>>>>>>On Thu, 12 Sep 2002, Daniel Dardailler wrote:>>>>>>>>>>>>>>>>>>>>>I'm putting Coralie in the loop, she's our logo designer expert.>>>>>>>>>>>>>>>>>>>>>>>>-->>>>Coralie Mercier, W3C Europe admin manager        mailto:coralie@w3.org>>>>World Wide Web Consortium                            http://www.w3.org>>>>W3C / INRIA  -  2004 route des lucioles - 06560 Sophia Antipolis -  FR>>>>Voice: +33(0)492 387 590  Fax: +33(0)492 387 822 http://www.koalie.net>>>>>>>>>>>>>>>>>>>>--Charles McCathieNevile  http://www.w3.org/People/Charles  tel: +61 409 134 136SWAD-E http://www.w3.org/2001/sw/Europe ------------ WAI http://www.w3.org/WAI21 Mitchell street, FOOTSCRAY Vic 3011, Australia  fax(fr): +33 4 92 38 78 22W3C, 2004 Route des Lucioles, 06902 Sophia Antipolis Cedex, France",
            "docno": "lists-015-2200628",
            "received": "Thu Sep 12 11:42:58 2002",
            "isoreceived": "20020912154258",
            "sent": "Thu, 12 Sep 2002 11:42:50 0400 (EDT)",
            "isosent": "20020912154250",
            "name": "Charles McCathieNevile",
            "email": "charles@w3.org",
            "subject": "Re: SWAD(Europe) logo(s)",
            "id": "Pine.LNX.4.30.0209121138380.7358100000@tux.w3.org",
            "charset": "USASCII",
            "inreplyto": "3D80B27E.8080200&#64;w3.org",
            "expires": "1",
            "to": " Coralie Mercier<coralie@w3.org>\n",
            "cc": " Libby Miller<Libby.Miller@bristol.ac.uk>, Daniel Dardailler<danield@w3.org>, Dan Brickley<danbri@w3.org>, public-esw<public-esw@w3.org>, em<em@w3.org>\n"
        },
        {
            "body": "[Hi it doesn't look like spam. And it certainly looks like I'm unable togive the guy any proper reply.]attached mail follows:I use Amaya 5.2 from Linux. I like this browser/editor very much. It helps inwriting good html (compared e.g. with Netscape Composer, ...) I have therefull control about the generated source.But there is a -little - problem.If I look at an html-file with view-source, I see all the markups ... Butgerman ?, ?, ? are shown as such and not as &auml; ...If I look at this file with emacs all is ok.Kind regardsDr. V. Risakveith.risak@chello.atrisak@ocg.atrisak@cosy.sbg.ac.at",
            "docno": "lists-095-8241863",
            "received": "Wed Nov 21 03:14:46 2001",
            "isoreceived": "20011121081446",
            "sent": "Wed, 21 Nov 2001 02:53:22 -0500 (EST)",
            "isosent": "20011121075322",
            "name": "Coralie Mercier",
            "email": "coralie@w3.org",
            "subject": "[Fwd: View source in Amaya 5.2]",
            "id": "3BFB5D6C.310D527E@w3.org",
            "charset": "iso-8859-1",
            "expires": "-1",
            "to": "www-amaya@w3.org\n"
        },
        {
            "body": "the EU circle of lovely yellow stars ;-)and the RDF logo, or something recognisably like it./me votes against the europe map on the coins after seeing altered picturesof it and danbri's porn-filtering exerciseChaalsOn Thu, 12 Sep 2002, Libby Miller wrote:>>>hey Coralie,>>That's great! we would need designs before then though, because we would>need some time to create the flyers. I'm not sure how long this would>take though - Kate, do you know?>>What we want to convey is trickier....Europeanness is one>thing....erm...any ideas everyone?>>thanks again Coralie,>>Libby>>On Thu, 12 Sep 2002, Coralie Mercier wrote:>>>>> I would be glad to design something(s) and bring the drafts to you!>> I need to know what you want to convey (it helps me a lot)>>>> I'll try to bring idea(s) before early October.>>>> coralie (much honored :-))>>>> Charles McCathieNevile wrote:>> > Cool. I like Coralie's logos.>> >>> > Are there any ideas we want to convey in the logo? A connection with RDF and>> > the RDF logo? A connection with Europe would be good.>> >>> > Chaals>> >>> > On Thu, 12 Sep 2002, Daniel Dardailler wrote:>> >>> >>> >>>> >>I'm putting Coralie in the loop, she's our logo designer expert.>> >>>> >>> >>>>>>> -->> Coralie Mercier, W3C Europe admin manager        mailto:coralie@w3.org>> World Wide Web Consortium                            http://www.w3.org>> W3C / INRIA  -  2004 route des lucioles - 06560 Sophia Antipolis -  FR>> Voice: +33(0)492 387 590  Fax: +33(0)492 387 822 http://www.koalie.net>>>>>>>--Charles McCathieNevile  http://www.w3.org/People/Charles  tel: +61 409 134 136SWAD-E http://www.w3.org/2001/sw/Europe ------------ WAI http://www.w3.org/WAI21 Mitchell street, FOOTSCRAY Vic 3011, Australia  fax(fr): +33 4 92 38 78 22W3C, 2004 Route des Lucioles, 06902 Sophia Antipolis Cedex, France",
            "docno": "lists-015-2164828",
            "received": "Thu Sep 12 11:21:08 2002",
            "isoreceived": "20020912152108",
            "sent": "Thu, 12 Sep 2002 11:20:59 0400 (EDT)",
            "isosent": "20020912152059",
            "name": "Charles McCathieNevile",
            "email": "charles@w3.org",
            "subject": "Re: SWAD(Europe) logo(s)",
            "id": "Pine.LNX.4.30.0209121119120.7358100000@tux.w3.org",
            "charset": "USASCII",
            "inreplyto": "Pine.GSO.4.44.0209121607130.27371100000&#64;mail.ilrt.bris.ac.uk",
            "expires": "1",
            "to": " Libby Miller<Libby.Miller@bristol.ac.uk>\n",
            "cc": " Coralie Mercier<coralie@w3.org>, Daniel Dardailler<danield@w3.org>, Dan Brickley<danbri@w3.org>, public-esw<public-esw@w3.org>, em<em@w3.org>\n"
        },
        {
            "body": "Heh - I like it, but it's nothing like what I was thinking of!This is more like what I had in mind (which now looks pretty staid incomparison), though of course with 3d nodes, properly spaced stars and acurlier w... Playing with these shapes came the challenge of doing a minimalSVG version, but after half an hour not getting *any* arc right I gave upand used Webdraw instead.http://www.ideagraph.net/images/esw.pnghttp://www.ideagraph.net/images/esw.svgCheers,Danny.---Danny Ayers<stuff> http://www.isacat.net </stuff>Idea maps for the Semantic Webhttp://ideagraph.net>-----Original Message----->From: public-esw-request@w3.org [mailto:public-esw-request@w3.org]On>Behalf Of Coralie Mercier>Sent: 13 September 2002 19:46>To: Charles McCathieNevile>Cc: Daniel Dardailler; Dan Brickley; public-esw@w3.org; em@w3.org>Subject: Re: SWAD(-Europe) logo(s)>>>>Hello all>>Danny Ayers sent me an idea. I'm not sure it is exactly what he meant.>Anyway, tell me what you think of the very rough draft. [1]>>Coralie>>[1] http://www.w3.org/People/CMercier/swad-e-1.gif>>Charles McCathieNevile wrote:>> I had something like an idea:>>>> http://tux.w3.org/~charles/swade.png>>>> (if you imagine that the yellow blobs are the EU stars, that the>links from>> them are nicely curved like RDF arcs, and that the whole thing is done by>> someone with a bit more talent, like Coralie...)>>>> I had another idea but someone pointed out that it was more like>a schematic>> anatomical picture than anything else.>>>> Anyway, I look forward to seeing whatever Coralie decides is a good idea.>>>> Chaals>>>> On Thu, 12 Sep 2002, Charles McCathieNevile wrote:>>>>>>>Cool. I like Coralie's logos.>>>>>>Are there any ideas we want to convey in the logo? A connection>with RDF and>>>the RDF logo? A connection with Europe would be good.>>>>>>Chaals>>>>>>On Thu, 12 Sep 2002, Daniel Dardailler wrote:>>>>>>>>>>>>>>I'm putting Coralie in the loop, she's our logo designer expert.>>>>>>>>>>>>>>>-->Coralie Mercier, W3C Europe admin manager        mailto:coralie@w3.org>World Wide Web Consortium                            http://www.w3.org>W3C / INRIA  -  2004 route des lucioles - 06560 Sophia Antipolis -  FR>Voice: +33(0)492 387 590  Fax: +33(0)492 387 822 http://www.koalie.net>",
            "docno": "lists-015-2279516",
            "received": "Fri Sep 13 18:34:58 2002",
            "isoreceived": "20020913223458",
            "sent": "Fri, 13 Sep 2002 23:41:11 +0200",
            "isosent": "20020913214111",
            "name": "Danny Ayers",
            "email": "danny666@virgilio.it",
            "subject": "RE: SWAD(Europe) logo(s)",
            "id": "EBEPLGMHCDOJJJPCFHEFIEHMHMAA.danny666@virgilio.it",
            "charset": "usascii",
            "inreplyto": "3D82243F.5040608&#64;w3.org",
            "expires": "1",
            "to": "\"Coralie Mercier\"<coralie@w3.org>\n",
            "cc": "<public-esw@w3.org>\n"
        },
        {
            "body": "Me too - simple, easy to reproduce and interpret,and obviously related to project themes.B>  -----Original Message----->  From: Coralie Mercier [mailto:coralie@w3.org]>  Sent: 18 September 2002 09:05>  To: danield@w3.org>  Cc: Wilson, MD (Michael); 'Charles McCathieNevile'; Dan Brickley;>  public-esw@w3.org>  Subject: Re: SWAD(-Europe) logo(s)>>>>  Me too, same one as Daniel from Michael's page.>>  Daniel Dardailler wrote:>  > So far, for what it's worth, I like Michael's set the most.>  >>  > In particular those colors:>  >   http://www.w3c.rl.ac.uk/SWAD/logos/Image9.png>  >>  > (not sure if the RDF net in the middle of the stars was>  meant not to>  > be centered but I like it like that too)>  >>  >>  >>  >>Some more ideas : http://www.w3c.rl.ac.uk/SWAD/logos/logo_list.html>  >>>  >>Michael Wilson>  >>Business and Information Technology Department   tel: +44>  (0)1235 44 6619>  >>CLRC Rutherford Appleton Laboratory             fax:>  +44(0)1235 44 5831>  >>Chilton, DIDCOT, Oxon, OX11 0QX, UK>  >>>  >>WWW: http://www.bitd.clrc.ac.uk/Person/M.D.Wilson>  >>>  >>The contents of this email are sent in confidence for the>  use of the>  >>intended recipients only.  If you are not one of the>  intended recipients>  >>do not take action on it or show it to anyone else, but return this>  >>email to the sender and delete your copy of it>  >>>  >>  >>>>  -->  Coralie Mercier, W3C Europe admin manager>  mailto:coralie@w3.org>  World Wide Web Consortium>  http://www.w3.org>  W3C / INRIA  -  2004 route des lucioles - 06560 Sophia>  Antipolis -  FR>  Voice: +33(0)492 387 590  Fax: +33(0)492 387 822http://www.koalie.net",
            "docno": "lists-015-2405964",
            "received": "Wed Sep 18 06:41:29 2002",
            "isoreceived": "20020918104129",
            "sent": "Wed, 18 Sep 2002 11:41:23 +0100",
            "isosent": "20020918104123",
            "name": "Matthews, BM (Brian) ",
            "email": "B.M.Matthews@rl.ac.uk",
            "subject": "RE: SWAD(Europe) logo(s)",
            "id": "350DC7048372D31197F200902773DF4C02501B61@exchange11.rl.ac.uk",
            "charset": "iso-88591",
            "inreplyto": "SWAD(Europe) logo(s)",
            "expires": "1",
            "to": "\"'Coralie Mercier'\"<coralie@w3.org>,danield@w3.org\n",
            "cc": "\"Wilson, MD (Michael)\"<M.D.Wilson@rl.ac.uk>,\"'Charles McCathieNevile'\"<charles@w3.org>, Dan Brickley<danbri@w3.org>,public-esw@w3.org\n"
        },
        {
            "body": "> What about vonage?  Would that be ok?  Would we be able to> get a handset with loudspeaker to plug into a vonage box?no.2 problems1- no wired access for vonage box in rooms2- limited upload bandwidth (adsl connetivity) which would be killed byvonage bidirectionnal udp trafficSteph.",
            "docno": "lists-016-6348245",
            "received": "Wed Feb 18 10:04:21 2004",
            "isoreceived": "20040218150421",
            "sent": "Wed, 18 Feb 2004 16:03:53 +0100",
            "isosent": "20040218150353",
            "name": "stephane boyera",
            "email": "boyera@w3.org",
            "subject": "RE : Vonage telecons at tech plen?",
            "id": "066c01c3f630$6c853c40$4702010a@baltazar",
            "charset": "usascii",
            "inreplyto": "002401c3f62f$adc41330$6501a8c0&#64;w3cishida",
            "expires": "1",
            "to": "\"'Richard Ishida'\"<ishida@w3.org>,\"'Coralie Mercier'\"<coralie@w3.org>,<w3t-europe@w3.org>\n",
            "cc": "\"'GEO'\"<public-i18n-geo@w3.org>\n"
        },
        {
            "body": "Hi Coralie,As explained Laurent we cannot reproduce the bug probably because we didn'tplay the same scenario.Do you remember how the bug was generated: It was the first time you createdtheimage with its alt attribute? Or did you only update the alt value.Where is the image in the document structure? A paragraph, a table?> I'm using amaya V4.3 with NT4.0 and I'd like to report the following :>> In the alt content the text right after the semi-column is moved between> the quotes, leaving the text right before the semi-column after the> closing bracket>> What is supposed to be :>> <img src=\".small/dsc20010602155437.png\" width=\"100\" border=\"0\"> height=\"75\"> alt=\"Th&eacute;atre Royal\"></a>>>> What I see in the source :>> <img src=\".small/dsc20010602155437.png\" width=\"100\" border=\"0\"> height=\"75\"> alt=\"atre Royal\">Th&eacute;</a>>> (I hope this report is clear)>> Thanks>> coralie>> --> Coralie Mercier, Team Assistant                  mailto:coralie@w3.org> World Wide Web Consortium                            http://www.w3.org>  W3C / INRIA - 2004 route des lucioles - 06560 Sophia Antipolis - FR>  Voice:+33(0)492 387 590 Fax:+33(0)492 387 822 http://www.koalie.net>>>",
            "docno": "lists-095-1742127",
            "received": "Thu Jun 14 02:58:05 2001",
            "isoreceived": "20010614065805",
            "sent": "Thu, 14 Jun 2001 08:57:53 +0200",
            "isosent": "20010614065753",
            "name": "Irene Vatton",
            "email": "Irene.Vatton@inrialpes.fr",
            "subject": "Re: bug with semi-columns",
            "id": "20010614065753.53792C@maiana.inrialpes.fr",
            "charset": "us-ascii",
            "inreplyto": "coralie&#64;w3.org",
            "expires": "-1",
            "to": " Coralie<coralie@w3.org>\n",
            "cc": "www-amaya@w3.org,Irene.Vatton@inrialpes.fr\n"
        },
        {
            "body": "Some more ideas : http://www.w3c.rl.ac.uk/SWAD/logos/logo_list.htmlMichael WilsonBusiness and Information Technology Department   tel: +44 (0)1235 44 6619CLRC Rutherford Appleton Laboratory             fax: +44(0)1235 44 5831Chilton, DIDCOT, Oxon, OX11 0QX, UKWWW: http://www.bitd.clrc.ac.uk/Person/M.D.WilsonThe contents of this email are sent in confidence for the use of theintended recipients only.  If you are not one of the intended recipientsdo not take action on it or show it to anyone else, but return this",
            "docno": "lists-015-2379258",
            "received": "Tue Sep 17 11:22:02 2002",
            "isoreceived": "20020917152202",
            "sent": "Tue, 17 Sep 2002 15:46:16 +0100",
            "isosent": "20020917144616",
            "name": "Wilson, MD (Michael) ",
            "email": "to the sender and delete your copy of it",
            "subject": "RE: SWAD(Europe) logo(s)",
            "id": "350DC7048372D31197F200902773DF4C0294DF25@exchange11.rl.ac.uk",
            "charset": "iso-88591",
            "inreplyto": "SWAD(Europe) logo(s)",
            "expires": "1",
            "to": "\"'Charles McCathieNevile'\"<charles@w3.org>, Dan Brickley<danbri@w3.org>,public-esw@w3.org,coralie@w3.org\n"
        },
        {
            "body": "Hi folks,at the Project management meeting on Monday we chose a logo:http://www.w3c.rl.ac.uk/SWAD/logos/Image9.png(with the others that Michael proposed athttp://www.w3c.rl.ac.uk/SWAD/logos/logo_list.html as alternatives...Cheers, and thanks for everyone's inputCharles",
            "docno": "lists-015-2476665",
            "received": "Fri Sep 27 09:09:28 2002",
            "isoreceived": "20020927130928",
            "sent": "Fri, 27 Sep 2002 09:09:21 0400 (EDT)",
            "isosent": "20020927130921",
            "name": "Charles McCathieNevile",
            "email": "charles@w3.org",
            "subject": "Re: SWAD(Europe) logo(s)",
            "id": "Pine.LNX.4.30.0209270907040.16220100000@tux.w3.org",
            "charset": "USASCII",
            "inreplyto": "3D82243F.5040608&#64;w3.org",
            "expires": "1",
            "to": " Coralie Mercier<coralie@w3.org>\n",
            "cc": " Daniel Dardailler<danield@w3.org>,<public-esw@w3.org>,<em@w3.org>\n"
        },
        {
            "body": "I'm putting Coralie in the loop, she's our logo designer expert.>>> Eric, SWAD-Europeans,>> We have some resources in SWAD-Europe for publicity materials. This is to> promote both the project itself, and 'Semantic Web' tools, technology,> adoption (ie. RDF etc). So we need some distinct identity for the project> 'as a project' but also to avoid sending a confusing msg when promoting> RDF adoption. We'll likely be making t-shirts, flyers, mugs etc. as part> of swad-europe publicity/outreach; some of this will have a bias towards> swad-e as project, some of it towards general promotion of semantic> webbery.>> So this creates a challenge w.r.t. logos etc. For eg., if we wanted to> create a mug with 'rdf developer' or 'semantic web' developer on it, plus> a swad-e logo, we're in similiar territory to the work Eric Miller (cc:'d)> has already done with the RDF logo (see http://www.w3.org/RDF/icons/). I'd> like SWAD-Europe to complement this outreach work rather than pull in a> different direction; but also for SWAD-Europe to have a distinct identity> and recognisable logo.>> So one way of proceeding would be for SWAD-E folk to point a designer at> some raw materials (eg. the RDF logo Eric produced) plus some constraints> (eg. that we want to project EUropean-ness, etc) and see what they could> come up with. Eric, if you could say a bit more about your plans re> general Semantic Web education'n'outreach, and particularly logos etc.,> that'd be very useful. I'd also want to get input from W3C comms team;> Eric -- have you already talked to them re the design linked above?>> There is some looming urgency in that there's some Commission meeting> (sorry don't have details to hand; Libby/Kate can you send round info?> dates?) for which it'd be good to have a logo, flyers etc. T-shirts and> the like can come later...>> Dan",
            "docno": "lists-015-2118005",
            "received": "Thu Sep 12 07:30:11 2002",
            "isoreceived": "20020912113011",
            "sent": "Thu, 12 Sep 2002 13:29:39 +0200",
            "isosent": "20020912112939",
            "name": "Daniel Dardailler",
            "email": "danield@w3.org",
            "subject": "Re: SWAD(Europe) logo(s)",
            "id": "200209121129.g8CBTd4M006073@zidane.inria.fr",
            "inreplyto": "SWAD(Europe) logo(s)",
            "expires": "1",
            "to": " Dan Brickley<danbri@w3.org>\n",
            "cc": "public-esw@w3.org,em@w3.org,coralie@w3.org\n"
        },
        {
            "body": "> Irene Vatton a ?crit :> >> > > What is not 'customable' is the size of the font in the source window. I> > > always have to 'alt' + '-' several times in order to have a workable source> > > window.> >> > You can customize the default font size in Special/General/General by changing> > the> > value of \"Font zoom\".>> '-1' is OK, '-2' makes the font too small. '-1.5' would be just fine if it> worked...I've never loaded fonts with a font-size equal to 10.5pt.--Irene.",
            "docno": "lists-095-8250101",
            "received": "Wed Nov 21 03:17:12 2001",
            "isoreceived": "20011121081712",
            "sent": "Wed, 21 Nov 2001 09:13:17 +0100",
            "isosent": "20011121081317",
            "name": "Irene Vatton",
            "email": "Irene.Vatton@inrialpes.fr",
            "subject": "Re: amaya source window size",
            "id": "20011121081317.74048C@maiana.inrialpes.fr",
            "charset": "iso-8859-1",
            "inreplyto": "coralie&#64;w3.org",
            "expires": "-1",
            "to": " Coralie Mercier<coralie@w3.org>\n",
            "cc": " Irene Vatton<Irene.Vatton@inrialpes.fr>,danield@w3.org,w3t-sophia@w3.org,www-amaya@w3.org,Irene.Vatton@inrialpes.fr\n"
        },
        {
            "body": "text/html attachment: stored",
            "docno": "lists-033-9314277",
            "received": "Thu Sep 26 17:12:27 2002",
            "isoreceived": "20020926211227",
            "sent": "Fri, 27 Sep 2002 08:02:59 -1100",
            "isosent": "20020927190259",
            "name": "homeopathic@yahoo.com",
            "email": "homeopathic@yahoo.com",
            "subject": "Women:Orgasm Easily During Intercourse",
            "id": "037c75c01c8c$2148d4a1$0cd36da4@ymaegr",
            "charset": "iso-8859-1",
            "expires": "-1",
            "to": "<wai-site-comments@w3.org>\n",
            "cc": "<christelle@w3.org>,<coralie@w3.org>,<w3c-ql@w3.org>,<www-rdf-interest-request@w3.org>,<www-mobile-request@w3.org>,<svg-testsuite-comments@w3.org>,<www-html-request@w3.org>,<www-ql@w3.org>,<w3c-translators-request@w3.org>,<wai-events@w3.org>,<www-validator-css@w3.org>,<steven@w3.org>\n"
        },
        {
            "body": "I'm using amaya V4.3 with NT4.0 and I'd like to report the following :In the alt content the text right after the semi-column is moved betweenthe quotes, leaving the text right before the semi-column after theclosing bracketWhat is supposed to be :<img src=\".small/dsc20010602155437.png\" width=\"100\" border=\"0\"height=\"75\"alt=\"Th&eacute;atre Royal\"></a>What I see in the source :<img src=\".small/dsc20010602155437.png\" width=\"100\" border=\"0\"height=\"75\"alt=\"atre Royal\">Th&eacute;</a>(I hope this report is clear)Thankscoralie--Coralie Mercier, Team Assistant                  mailto:coralie@w3.orgWorld Wide Web Consortium                            http://www.w3.orgW3C / INRIA - 2004 route des lucioles - 06560 Sophia Antipolis - FRVoice:+33(0)492 387 590 Fax:+33(0)492 387 822 http://www.koalie.net",
            "docno": "lists-095-1685673",
            "received": "Tue Jun 12 09:01:47 2001",
            "isoreceived": "20010612130147",
            "sent": "Tue, 12 Jun 2001 08:37:36 -0400 (EDT)",
            "isosent": "20010612123736",
            "name": "Coralie",
            "email": "coralie@w3.org",
            "subject": "g with semi-columns",
            "id": "3B260D02.9E2D5087@w3.org",
            "charset": "us-ascii",
            "expires": "-1",
            "to": "www-amaya@w3.org\n"
        },
        {
            "body": "Dear Richard and all,This is to inform you that I'm attending the Tech Plenary in Cannes andI'm very happy to join the Group.I'm sorry, I didn't register for the meeting yet. I hope it won'tdisrurb too much.Looking forward to meeting you all there.regards, NajibRichard Ishida wrote:>If you are planning to attend the GEO meeting at the Tech Plenary, please go to>>http://www.w3.org/2002/09/wbs/35125/tp2004/>>and register asap for the meeting.>>>>Currently registered attendees and observers are:>>===================>>Attendance for the Internationalization GEO (Guidelines, Education & Outreach) Task Force meeting>>Registered as WG participant:>>    * Richard Ishida <ishida@w3.org> (W3C/ERCIM) : attending monday>    * Martin D??rst <duerst@w3.org> (W3C/Keio) : attending monday>>The following people have requested observer status; if you are a chair of this group and said that observers were accepted at the Chair discretion, you need to let them know if they are accepted or not.>>    * Ann Bassetti <ann.bassetti@boeing.com> (Boeing Company) : attending monday>    * Ivan Herman <ivan@w3.org> (Center for Mathematics and Computer Science (CWI)) : attending monday>    * Nicolas Duboc <nduboc@ilog.fr> (ILOG, S.A.) : attending monda>>======================>>>>============>Richard Ishida>W3C>>contact info: http://www.w3.org/People/Ishida/>>http://www.w3.org/International/>http://www.w3.org/International/geo/>>>>>--Najib TOUNSI (mailto:tounsi@w3.org)Bureau W3C au Maroc (http://www.w3c.org.ma/)Ecole Mohammadia d'Ingenieurs, BP 765 Agdal-RABAT Maroc (Morocco)Phone : +212 (0) 37 68 71 74  Fax : +212 (0) 37 77 88 53Mobile: +212 (0) 61 22 00 30",
            "docno": "lists-016-6471104",
            "received": "Fri Feb 27 12:55:21 2004",
            "isoreceived": "20040227175521",
            "sent": "Fri, 27 Feb 2004 17:53:16 +0100",
            "isosent": "20040227165316",
            "name": "Najib Tounsi",
            "email": "ntounsi@emi.ac.ma",
            "subject": "Re: Please register for the GEO meeting",
            "id": "403F75FC.2010001@emi.ac.ma",
            "charset": "UTF8",
            "inreplyto": "000f01c3f856$b59f0780$6501a8c0&#64;w3cishida",
            "expires": "1",
            "to": " Richard Ishida<ishida@w3.org>\n",
            "cc": " GEO<public-i18n-geo@w3.org>, Coralie Mercier<coralie@w3.org>\n"
        },
        {
            "body": "Thanks Coralie.We could do with a PC-to-wall projector for our meeting, please. Is thatpossible?RI-----Original Message-----From: Coralie Mercier [mailto:coralie@w3.org]Sent: 06 February 2004 11:10Subject: [I18N GEO] Re: Spare rooms at Tech Plen?Hello RichardYour group will be in room 135 on Monday. I've updated the table of groupsmeeting [1]. Your folks may formally register [2] until Feb. 20 2004.In case your goup need the info, there's an Overview page [3] andregistration to the hotel must be made via a form [4].You'll have two coffee breaks for the day and lunch.Will you need some equipment beside wireless network?Dom is currently preparing a list of e-mail addresses of the peoplealready registered so that I let them know of your group meeting.Thanks in advanceCoralie[1] http://www.w3.org/2003/10/tp4groups.htm[2] http://www.w3.org/2002/09/wbs/35125/tp2004/[3] http://www.w3.org/2003/08/allgroupoverview.html[4] http://www.w3.org/2003/08/TP2004-hotelform.htmlOn Thu, 5 Feb 2004 14:50:48 -0000, Richard Ishida <ishida@w3.org> wrote:> Hi Coralie,>> I spoke with the troops last night, and we would like to have a room> for Monday (only) please.>> We're expecting around 6 GEO folks.>> Thanks !> RI>>> -----Original Message----->> From: Coralie Mercier [mailto:coralie@w3.org]>> Sent: 30 January 2004 15:37>> To: Richard Ishida>> Cc: w3t-tpregister@w3.org>> Subject: Re: Spare rooms at Tech Plen?>>>>>>>> Hello Richard>>>> I've taken good note that the I18N GEO TF (Internationalization>> Working Group, GEO (Guidelines, Education & Outreach) Task Force)>> would like to>> meet ; that expected attendance is 6 to 8 and that your group accept>> observers.>>>> We have 13 groups meeting on Monday and 14 meeting on Tuesday.>>>> There is a room available on Monday, Chambre-bureau 1 (don't know the>> number yet) that can accomodate up to 12 people.>>>> I offer that your group meet on Monday or on Sunday-Monday if you>> need two days. There is also the possibility that the group meets on>> Monday+Thursday or Monday+Friday (but that might not be convenient, I>> agree.)>>>> I expect your formal decision next Thursday.>>>> Then I'll edit the tp2004 registration questionnaire with \"I18N GEO\">> and e-mail will be sent to the people who already registered so>> that they are>> aware.>>>> Best regards,>>>> Coralie>>>>>> On Fri, 30 Jan 2004 12:18:17 -0000, Richard Ishida <ishida@w3.org>>> wrote:>>>> > Hi Coralie,>> >>> > It turns out, contrary to previous expectations, that we>> are expecting>> > quite a good turnout from the  i18n GEO group at the tech>> plen.  So I>> > was wondering whether there is a spare room available for the>> > Monday/Tuesday that we could use if we decide to hold a>> meeting? (Just>> > provisional enquiry.)>> >>> > RI>> >>> >>> > ============>> > Richard Ishida>> > W3C>> >>> > contact info: http://www.w3.org/People/Ishida/>> >>> > http://www.w3.org/International/>> > http://www.w3.org/International/geo/>> >>> > W3C Internationalization FAQs>> > http://www.w3.org/International/questions.html>> > RSS feed: http://www.w3.org/International/questions.rss>> >>>>>>>>> -->> Coralie Mercier, W3C Europe Administration Manager> mailto:coralie@w3.org> World Wide Web Consortium                              http://www.w3.org> W3C / ERCIM  -  2004 route des lucioles  - 06560 Sophia Antipolis  -  FR> Voice: +33(0)492 387 590  Fax: +33(0)492 387 822   http://www.koalie.net--Coralie Mercier, W3C Europe Administration Manager mailto:coralie@w3.orgWorld Wide Web Consortium                              http://www.w3.orgW3C / ERCIM  -  2004 route des lucioles  - 06560 Sophia Antipolis  -  FRVoice: +33(0)492 387 590  Fax: +33(0)492 387 822   http://www.koalie.net",
            "docno": "lists-016-6168518",
            "received": "Tue Feb 10 09:41:23 2004",
            "isoreceived": "20040210144123",
            "sent": "Tue, 10 Feb 2004 14:41:03 0000",
            "isosent": "20040210144103",
            "name": "Richard Ishida",
            "email": "shida@w3.org",
            "subject": "FW: [I18N GEO] Re: Spare rooms at Tech Plen?",
            "id": "00ba01c3efe3$e9e7e7d0$cd01000a@w3cishida",
            "charset": "iso-885915",
            "inreplyto": "[I18N GEO] Re: Spare rooms at Tech Plen?",
            "expires": "1",
            "to": " Richard Ishida\n",
            "cc": " w3t-tpregister@w3.org\n"
        },
        {
            "body": "Cool. I like Coralie's logos.Are there any ideas we want to convey in the logo? A connection with RDF andthe RDF logo? A connection with Europe would be good.ChaalsOn Thu, 12 Sep 2002, Daniel Dardailler wrote:>>>I'm putting Coralie in the loop, she's our logo designer expert.>",
            "docno": "lists-015-2127584",
            "received": "Thu Sep 12 07:40:15 2002",
            "isoreceived": "20020912114015",
            "sent": "Thu, 12 Sep 2002 07:40:12 0400 (EDT)",
            "isosent": "20020912114012",
            "name": "Charles McCathieNevile",
            "email": "charles@w3.org",
            "subject": "Re: SWAD(Europe) logo(s)",
            "id": "Pine.LNX.4.30.0209120738430.7358100000@tux.w3.org",
            "charset": "USASCII",
            "inreplyto": "200209121129.g8CBTd4M006073&#64;zidane.inria.fr",
            "expires": "1",
            "to": " Daniel Dardailler<danield@w3.org>\n",
            "cc": " Dan Brickley<danbri@w3.org>,<public-esw@w3.org>,<em@w3.org>,<coralie@w3.org>\n"
        },
        {
            "body": "GEO folks,Please revisit your registeration for the Tech Plen using the link below toindicate that you will be attending the GEO meeting.  (You'll find yourprevious selections still there.)Thanks,RI> -----Original Message-----> From: Coralie Mercier [mailto:coralie@w3.org]> Sent: 06 February 2004 11:10> To: Richard Ishida> Cc: w3t-tpregister@w3.org> Subject: [I18N GEO] Re: Spare rooms at Tech Plen?>>>> Hello Richard>> Your group will be in room 135 on Monday. I've updated the> table of groups> meeting [1]. Your folks may formally register [2] until Feb. 20 2004.>> In case your goup need the info, there's an Overview page [3] and> registration to the hotel must be made via a form [4].>> You'll have two coffee breaks for the day and lunch.>> Will you need some equipment beside wireless network?>> Dom is currently preparing a list of e-mail addresses of the people> already registered so that I let them know of your group meeting.>> Thanks in advance>> Coralie>>> [1] http://www.w3.org/2003/10/tp4groups.htm> [2] http://www.w3.org/2002/09/wbs/35125/tp2004/> [3] http://www.w3.org/2003/08/allgroupoverview.html> [4] http://www.w3.org/2003/08/TP2004-hotelform.html>> On Thu, 5 Feb 2004 14:50:48 -0000, Richard Ishida> <ishida@w3.org> wrote:>> > Hi Coralie,> >> > I spoke with the troops last night, and we would like to have a room> > for Monday (only) please.> >> > We're expecting around 6 GEO folks.> >> > Thanks !> > RI> >> >> -----Original Message-----> >> From: Coralie Mercier [mailto:coralie@w3.org]> >> Sent: 30 January 2004 15:37> >> To: Richard Ishida> >> Cc: w3t-tpregister@w3.org> >> Subject: Re: Spare rooms at Tech Plen?> >>> >>> >>> >> Hello Richard> >>> >> I've taken good note that the I18N GEO TF (Internationalization> >> Working Group, GEO (Guidelines, Education & Outreach) Task Force)> >> would like to> >> meet ; that expected attendance is 6 to 8 and that your> group accept> >> observers.> >>> >> We have 13 groups meeting on Monday and 14 meeting on Tuesday.> >>> >> There is a room available on Monday, Chambre-bureau 1> (don't know the> >> number yet) that can accomodate up to 12 people.> >>> >> I offer that your group meet on Monday or on Sunday-Monday if you> >> need two days. There is also the possibility that the> group meets on> >> Monday+Thursday or Monday+Friday (but that might not be> convenient, I> >> agree.)> >>> >> I expect your formal decision next Thursday.> >>> >> Then I'll edit the tp2004 registration questionnaire with> \"I18N GEO\"> >> and e-mail will be sent to the people who already registered so> >> that they are> >> aware.> >>> >> Best regards,> >>> >> Coralie> >>> >>> >> On Fri, 30 Jan 2004 12:18:17 -0000, Richard Ishida <ishida@w3.org>> >> wrote:> >>> >> > Hi Coralie,> >> >> >> > It turns out, contrary to previous expectations, that we> >> are expecting> >> > quite a good turnout from the  i18n GEO group at the tech> >> plen.  So I> >> > was wondering whether there is a spare room available for the> >> > Monday/Tuesday that we could use if we decide to hold a> >> meeting? (Just> >> > provisional enquiry.)> >> >> >> > RI> >> >> >> >> >> > ============> >> > Richard Ishida> >> > W3C> >> >> >> > contact info: http://www.w3.org/People/Ishida/> >> >> >> > http://www.w3.org/International/> >> > http://www.w3.org/International/geo/> >> >> >> > W3C Internationalization FAQs> >> > http://www.w3.org/International/questions.html> >> > RSS feed: http://www.w3.org/International/questions.rss> >> >> >>> >>> >>> >> --> >> Coralie Mercier, W3C Europe Administration Manager> > mailto:coralie@w3.org> > World Wide Web Consortium> http://www.w3.org> > W3C / ERCIM  -  2004 route des lucioles> - 06560 Sophia Antipolis  -  FR> > Voice: +33(0)492 387 590  Fax: +33(0)492 387 822http://www.koalie.net--Coralie Mercier, W3C Europe Administration Manager mailto:coralie@w3.orgWorld Wide Web Consortium                              http://www.w3.orgW3C / ERCIM  -  2004 route des lucioles  - 06560 Sophia Antipolis  -  FRVoice: +33(0)492 387 590  Fax: +33(0)492 387 822   http://www.koalie.net",
            "docno": "lists-016-6183090",
            "received": "Tue Feb 10 09:54:22 2004",
            "isoreceived": "20040210145422",
            "sent": "Tue, 10 Feb 2004 14:53:45 0000",
            "isosent": "20040210145345",
            "name": "Richard Ishida",
            "email": "shida@w3.org",
            "subject": "RE: [I18N GEO] Re: Spare rooms at Tech Plen?",
            "id": "00d801c3efe5$b9ad56c0$cd01000a@w3cishida",
            "charset": "iso-885915",
            "inreplyto": "00ba01c3efe3$e9e7e7d0$cd01000a&#64;w3cishida",
            "expires": "1",
            "to": "\"'Richard Ishida'\"<ishida@w3.org>,\"'GEO'\"<public-i18n-geo@w3.org>\n"
        },
        {
            "body": "> I think it would be best to work on the logo and other publicity ideas without> the panic of current mid October deadline for materials.>> So propose that we design a simple fact sheet without logo for the FP6 Launch> Conference in November while embarking on a more coherent approach for the> overall marketing of the project. What do you think?I think this is a very sensible suggestion - we did thesame for Renardus a couple of years ago: the importantthing was to register the name and outline ofwork/objectives in peoples' minds, and as far as I know ithad no detrimental effect on subsequent acceptance of ourlogo/style.----------------------Dr Lesly Huxley : lesly.huxley@bris.ac.ukhttp://www.ilrt.bris.ac.uk/~relhResearch Director and Acting Institute DirectorInstitute for Learning and Research Technology8-10 Berkeley Sq., University of Bristol,  BS8 1HH, UKTel: +44 117 928 7196 fax: + 44 117 928 7112",
            "docno": "lists-015-2212779",
            "received": "Thu Sep 12 11:45:12 2002",
            "isoreceived": "20020912154512",
            "sent": "Thu, 12 Sep 2002 16:42:35 +0100",
            "isosent": "20020912154235",
            "name": "Lesly Huxley",
            "email": "sly.huxley@bristol.ac.uk",
            "subject": "Re: SWAD(Europe) logo(s)",
            "id": "EXECMAIL.1020912164235.E@ilrtsabe.bristol.ac.uk",
            "charset": "usascii",
            "inreplyto": "EXECMAIL.1020912162940.H&#64;ilrtcoruscant.bristol.ac.uk",
            "expires": "1",
            "to": " Kate Sharp<Kate.Sharp@bristol.ac.uk>\n",
            "cc": " Charles McCathieNevile<charles@w3.org>, Coralie Mercier<coralie@w3.org>, Dan Brickley<danbri@w3.org>, Daniel Dardailler<danield@w3.org>, em<em@w3.org>, Libby Miller<Libby.Miller@bristol.ac.uk>, public-esw<public-esw@w3.org>\n"
        },
        {
            "body": "hey Coralie,That's great! we would need designs before then though, because we wouldneed some time to create the flyers. I'm not sure how long this wouldtake though - Kate, do you know?What we want to convey is trickier....Europeanness is onething....erm...any ideas everyone?thanks again Coralie,LibbyOn Thu, 12 Sep 2002, Coralie Mercier wrote:>> I would be glad to design something(s) and bring the drafts to you!> I need to know what you want to convey (it helps me a lot)>> I'll try to bring idea(s) before early October.>> coralie (much honored :-))>> Charles McCathieNevile wrote:> > Cool. I like Coralie's logos.> >> > Are there any ideas we want to convey in the logo? A connection with RDF and> > the RDF logo? A connection with Europe would be good.> >> > Chaals> >> > On Thu, 12 Sep 2002, Daniel Dardailler wrote:> >> >> >>> >>I'm putting Coralie in the loop, she's our logo designer expert.> >>> >> >>>> --> Coralie Mercier, W3C Europe admin manager        mailto:coralie@w3.org> World Wide Web Consortium                            http://www.w3.org> W3C / INRIA  -  2004 route des lucioles - 06560 Sophia Antipolis -  FR> Voice: +33(0)492 387 590  Fax: +33(0)492 387 822 http://www.koalie.net>>>",
            "docno": "lists-015-2154437",
            "received": "Thu Sep 12 11:12:05 2002",
            "isoreceived": "20020912151205",
            "sent": "Thu, 12 Sep 2002 16:11:04 +0100 (BST)",
            "isosent": "20020912151104",
            "name": "Libby Miller",
            "email": "Libby.Miller@bristol.ac.uk",
            "subject": "Re: SWAD(Europe) logo(s)",
            "id": "Pine.GSO.4.44.0209121607130.27371100000@mail.ilrt.bris.ac.uk",
            "charset": "USASCII",
            "inreplyto": "3D80977B.5080502&#64;w3.org",
            "expires": "1",
            "to": " Coralie Mercier<coralie@w3.org>\n",
            "cc": " Charles McCathieNevile<charles@w3.org>, Daniel Dardailler<danield@w3.org>, Dan Brickley<danbri@w3.org>, public-esw<public-esw@w3.org>, em<em@w3.org>\n"
        },
        {
            "body": "I would be glad to design something(s) and bring the drafts to you!I need to know what you want to convey (it helps me a lot)I'll try to bring idea(s) before early October.coralie (much honored :-))Charles McCathieNevile wrote:> Cool. I like Coralie's logos.>> Are there any ideas we want to convey in the logo? A connection with RDF and> the RDF logo? A connection with Europe would be good.>> Chaals>> On Thu, 12 Sep 2002, Daniel Dardailler wrote:>>>>>>I'm putting Coralie in the loop, she's our logo designer expert.>>>>--Coralie Mercier, W3C Europe admin manager        mailto:coralie@w3.orgWorld Wide Web Consortium                            http://www.w3.orgW3C / INRIA  -  2004 route des lucioles - 06560 Sophia Antipolis -  FRVoice: +33(0)492 387 590  Fax: +33(0)492 387 822 http://www.koalie.net",
            "docno": "lists-015-2145714",
            "received": "Thu Sep 12 09:32:57 2002",
            "isoreceived": "20020912133257",
            "sent": "Thu, 12 Sep 2002 15:32:43 +0200",
            "isosent": "20020912133243",
            "name": "Coralie Mercier",
            "email": "coralie@w3.org",
            "subject": "Re: SWAD(Europe) logo(s)",
            "id": "3D80977B.5080502@w3.org",
            "charset": "usascii",
            "inreplyto": "Pine.LNX.4.30.0209120738430.7358100000&#64;tux.w3.org",
            "expires": "1",
            "to": " Charles McCathieNevile<charles@w3.org>\n",
            "cc": " Daniel Dardailler<danield@w3.org>, Dan Brickley<danbri@w3.org>,public-esw@w3.org,em@w3.org\n"
        },
        {
            "body": "Me too, same one as Daniel from Michael's page.Daniel Dardailler wrote:> So far, for what it's worth, I like Michael's set the most.>> In particular those colors:>   http://www.w3c.rl.ac.uk/SWAD/logos/Image9.png>> (not sure if the RDF net in the middle of the stars was meant not to> be centered but I like it like that too)>>>>>Some more ideas : http://www.w3c.rl.ac.uk/SWAD/logos/logo_list.html>>>>Michael Wilson>>Business and Information Technology Department   tel: +44 (0)1235 44 6619>>CLRC Rutherford Appleton Laboratory             fax: +44(0)1235 44 5831>>Chilton, DIDCOT, Oxon, OX11 0QX, UK>>>>WWW: http://www.bitd.clrc.ac.uk/Person/M.D.Wilson>>>>The contents of this email are sent in confidence for the use of the>>intended recipients only.  If you are not one of the intended recipients>>do not take action on it or show it to anyone else, but return this>>email to the sender and delete your copy of it>>>>--Coralie Mercier, W3C Europe admin manager        mailto:coralie@w3.orgWorld Wide Web Consortium                            http://www.w3.orgW3C / INRIA  -  2004 route des lucioles - 06560 Sophia Antipolis -  FRVoice: +33(0)492 387 590  Fax: +33(0)492 387 822 http://www.koalie.net",
            "docno": "lists-015-2396709",
            "received": "Wed Sep 18 04:05:00 2002",
            "isoreceived": "20020918080500",
            "sent": "Wed, 18 Sep 2002 10:04:31 +0200",
            "isosent": "20020918080431",
            "name": "Coralie Mercier",
            "email": "coralie@w3.org",
            "subject": "Re: SWAD(Europe) logo(s)",
            "id": "3D88338F.9030705@w3.org",
            "charset": "usascii",
            "inreplyto": "200209180630.g8I6UirV004126&#64;zidane.inria.fr",
            "expires": "1",
            "to": "danield@w3.org\n",
            "cc": "\"Wilson, MD (Michael)\"<M.D.Wilson@rl.ac.uk>,\"'Charles McCathieNevile'\"<charles@w3.org>, Dan Brickley<danbri@w3.org>,public-esw@w3.org\n"
        },
        {
            "body": "Coralie,I vaguely remember a mail asking whether people wanted telephone connectivity at the tech plen, and hoping that not many would respond.What about vonage?  Would that be ok?  Would we be able to get a handset with loudspeaker to plug into a vonage box?RI============Richard IshidaW3Ccontact info: http://www.w3.org/People/Ishida/http://www.w3.org/International/http://www.w3.org/International/geo/",
            "docno": "lists-016-6340356",
            "received": "Wed Feb 18 09:58:33 2004",
            "isoreceived": "20040218145833",
            "sent": "Wed, 18 Feb 2004 14:58:32 0000",
            "isosent": "20040218145832",
            "name": "Richard Ishida",
            "email": "shida@w3.org",
            "subject": "Vonage telecons at tech plen?",
            "id": "002401c3f62f$adc41330$6501a8c0@w3cishida",
            "charset": "utf8",
            "expires": "1",
            "to": "\"Coralie Mercier\"<coralie@w3.org>,<w3t-europe@w3.org>\n",
            "cc": "\"GEO\"<public-i18n-geo@w3.org>\n"
        },
        {
            "body": "I think that's rather lovely!LibbyOn Fri, 13 Sep 2002, Coralie Mercier wrote:>> Hello all>> Danny Ayers sent me an idea. I'm not sure it is exactly what he meant.> Anyway, tell me what you think of the very rough draft. [1]>> Coralie>> [1] http://www.w3.org/People/CMercier/swad-e-1.gif>> Charles McCathieNevile wrote:> > I had something like an idea:> >> > http://tux.w3.org/~charles/swade.png> >> > (if you imagine that the yellow blobs are the EU stars, that the links from> > them are nicely curved like RDF arcs, and that the whole thing is done by> > someone with a bit more talent, like Coralie...)> >> > I had another idea but someone pointed out that it was more like a schematic> > anatomical picture than anything else.> >> > Anyway, I look forward to seeing whatever Coralie decides is a good idea.> >> > Chaals> >> > On Thu, 12 Sep 2002, Charles McCathieNevile wrote:> >> >> >>Cool. I like Coralie's logos.> >>> >>Are there any ideas we want to convey in the logo? A connection with RDF and> >>the RDF logo? A connection with Europe would be good.> >>> >>Chaals> >>> >>On Thu, 12 Sep 2002, Daniel Dardailler wrote:> >>> >>> >>>> >>>I'm putting Coralie in the loop, she's our logo designer expert.> >>>> >>> >>> >>>> --> Coralie Mercier, W3C Europe admin manager        mailto:coralie@w3.org> World Wide Web Consortium                            http://www.w3.org> W3C / INRIA  -  2004 route des lucioles - 06560 Sophia Antipolis -  FR> Voice: +33(0)492 387 590  Fax: +33(0)492 387 822 http://www.koalie.net>>>",
            "docno": "lists-015-2290798",
            "received": "Sat Sep 14 06:00:22 2002",
            "isoreceived": "20020914100022",
            "sent": "Sat, 14 Sep 2002 10:57:42 +0100 (BST)",
            "isosent": "20020914095742",
            "name": "Libby Miller",
            "email": "Libby.Miller@bristol.ac.uk",
            "subject": "Re: SWAD(Europe) logo(s)",
            "id": "Pine.GSO.4.44.0209141056400.4406100000@mail.ilrt.bris.ac.uk",
            "charset": "USASCII",
            "inreplyto": "3D82243F.5040608&#64;w3.org",
            "expires": "1",
            "to": " Coralie Mercier<coralie@w3.org>\n",
            "cc": " Charles McCathieNevile<charles@w3.org>, Daniel Dardailler<danield@w3.org>, Dan Brickley<danbri@w3.org>, public-esw<public-esw@w3.org>, em<em@w3.org>\n"
        },
        {
            "body": "> Hi>> I thought I had the same problem but I checked with the Amaya new version> I'm using (5.1 for windows) and it works:>> Open the source window,> Resize it to your will,> Go in the main window, Special menu and save the current geometry.>> Close the source window or exit amaya and start it again, the source window> has now the customized size.True, the command \"Save current geometry\" (see Special/Preferences/Windowgeometry)saves the geometry of all open views for the current document.This command is only available in the main view of the document but it workson allviews.> What is not 'customable' is the size of the font in the source window. I> always have to 'alt' + '-' several times in order to have a workable source> window.You can customize the default font size in Special/General/General by changingthevalue of \"Font zoom\".> This applies for the Amaya running on windows only. The amaya I use on unix> has a suitable font size in the source window (and I just checked the> 'Special menu\\save geometry' in the main window works as well for source> window).>> Shall I send a mail to amaya-dev or whichever list it is?This answer is sent to www-amaya@w3.org.Thanks Coralie.---Irene>> Coralie>>> Daniel Dardailler a ?crit :> >> > [continuing a private thread with Irene]> >> > Using amaya 5.1 on linux, the Special menu of the view source window> > is always inactive (so I cannot save the current geometry of this> > window).> >> > I know at least Max has the same problem.> > Anybody else ?>> --> Coralie Mercier, Team Assistant                  mailto:coralie@w3.org> World Wide Web Consortium                            http://www.w3.org>  W3C / INRIA - 2004 route des lucioles - 06560 Sophia Antipolis - FR>  Voice:+33(0)492 387 590 Fax:+33(0)492 387 822 http://www.koalie.net>",
            "docno": "lists-095-8171594",
            "received": "Tue Nov 20 02:41:51 2001",
            "isoreceived": "20011120074151",
            "sent": "Tue, 20 Nov 2001 08:38:00 +0100",
            "isosent": "20011120073800",
            "name": "Irene Vatton",
            "email": "Irene.Vatton@inrialpes.fr",
            "subject": "Re: amaya source window size",
            "id": "20011120073800.88FC0C@maiana.inrialpes.fr",
            "charset": "iso-8859-1",
            "inreplyto": "coralie&#64;w3.org",
            "expires": "-1",
            "to": " Coralie Mercier<coralie@w3.org>\n",
            "cc": "danield@w3.org,w3t-sophia@w3.org,www-amaya@w3.org\n"
        },
        {
            "body": "Hi,I think it would be best to work on the logo and other publicity ideas withoutthe panic of current mid October deadline for materials.So propose that we design a simple fact sheet without logo for the FP6 LaunchConference in November while embarking on a more coherent approach for theoverall marketing of the project. What do you think?It would be great to see some logo ideas etc from Coralie in early October tostart the ball rolling,Kate..On Thu, 12 Sep 2002 11:20:59 -0400 (EDT) Charles McCathieNevile<charles@w3.org> wrote:>> the EU circle of lovely yellow stars ;-)>> and the RDF logo, or something recognisably like it.>> /me votes against the europe map on the coins after seeing altered pictures> of it and danbri's porn-filtering exercise>> Chaals>> On Thu, 12 Sep 2002, Libby Miller wrote:>> >> >> >hey Coralie,> >> >That's great! we would need designs before then though, because we would> >need some time to create the flyers. I'm not sure how long this would> >take though - Kate, do you know?> >> >What we want to convey is trickier....Europeanness is one> >thing....erm...any ideas everyone?> >> >thanks again Coralie,> >> >Libby> >> >On Thu, 12 Sep 2002, Coralie Mercier wrote:> >> >>> >> I would be glad to design something(s) and bring the drafts to you!> >> I need to know what you want to convey (it helps me a lot)> >>> >> I'll try to bring idea(s) before early October.> >>> >> coralie (much honored :-))> >>> >> Charles McCathieNevile wrote:> >> > Cool. I like Coralie's logos.> >> >> >> > Are there any ideas we want to convey in the logo? A connection with RDF> and> >> > the RDF logo? A connection with Europe would be good.> >> >> >> > Chaals> >> >> >> > On Thu, 12 Sep 2002, Daniel Dardailler wrote:> >> >> >> >> >> >>> >> >>I'm putting Coralie in the loop, she's our logo designer expert.> >> >>> >> >> >> >> >>> >>> >> --> >> Coralie Mercier, W3C Europe admin manager        mailto:coralie@w3.org> >> World Wide Web Consortium                            http://www.w3.org> >> W3C / INRIA  -  2004 route des lucioles - 06560 Sophia Antipolis -  FR> >> Voice: +33(0)492 387 590  Fax: +33(0)492 387 822 http://www.koalie.net> >>> >>> >>> >>> --> Charles McCathieNevile  http://www.w3.org/People/Charles  tel: +61 409 134> 136> SWAD-E http://www.w3.org/2001/sw/Europe ------------ WAI http://www.w3.org/WAI>  21 Mitchell street, FOOTSCRAY Vic 3011, Australia  fax(fr): +33 4 92 38 78 22>  W3C, 2004 Route des Lucioles, 06902 Sophia Antipolis Cedex, France>>----------------------Kate SharpProject ManagerBiz/ed and SWAD EuropeInstitute for Learning and Research TechnologyUniversity of Bristol, 8-10, Berkeley Square,Clifton, Bristol, BS8 1HHTel: 0117 9287189Fax: 0117 9287112http://www.bized.ac.ukhttp://www.w3.org/2001/sw/Europe/Kate.Sharp@bristol.ac.uk",
            "docno": "lists-015-2187382",
            "received": "Thu Sep 12 11:31:45 2002",
            "isoreceived": "20020912153145",
            "sent": "Thu, 12 Sep 2002 16:29:40 +0100",
            "isosent": "20020912152940",
            "name": "Kate Sharp",
            "email": "Kate.Sharp@bristol.ac.uk",
            "subject": "Re: SWAD(Europe) logo(s)",
            "id": "EXECMAIL.1020912162940.H@ilrtcoruscant.bristol.ac.uk",
            "charset": "usascii",
            "inreplyto": "Pine.LNX.4.30.0209121119120.7358100000&#64;tux.w3.org",
            "expires": "1",
            "to": " Charles McCathieNevile<charles@w3.org>\n",
            "cc": " Coralie Mercier<coralie@w3.org>, Dan Brickley<danbri@w3.org>, Daniel Dardailler<danield@w3.org>, em<em@w3.org>, Libby Miller<Libby.Miller@bristol.ac.uk>, public-esw<public-esw@w3.org>\n"
        },
        {
            "body": "Yep, me too.One thought is that we need to be able to use whatever we come up with as awebsite logo (small...) as well as printing it on t-shirts, mugs, pieces ofpaper (again, sometimes small), and maybe the project Zeppelin if we get one.(which for that one would mean thicker lines in a small version).cheersChaalsOn Sat, 14 Sep 2002, Libby Miller wrote:>>>I think that's rather lovely!>>Libby>>On Fri, 13 Sep 2002, Coralie Mercier wrote:>>>>> Hello all>>>> Danny Ayers sent me an idea. I'm not sure it is exactly what he meant.>> Anyway, tell me what you think of the very rough draft. [1]>>>> Coralie>>>> [1] http://www.w3.org/People/CMercier/swad-e-1.gif>>>> Charles McCathieNevile wrote:>> > I had something like an idea:>> >>> > http://tux.w3.org/~charles/swade.png>> >>> > (if you imagine that the yellow blobs are the EU stars, that the links from>> > them are nicely curved like RDF arcs, and that the whole thing is done by>> > someone with a bit more talent, like Coralie...)>> >>> > I had another idea but someone pointed out that it was more like a schematic>> > anatomical picture than anything else.>> >>> > Anyway, I look forward to seeing whatever Coralie decides is a good idea.>> >>> > Chaals>> >>> > On Thu, 12 Sep 2002, Charles McCathieNevile wrote:>> >>> >>> >>Cool. I like Coralie's logos.>> >>>> >>Are there any ideas we want to convey in the logo? A connection with RDF and>> >>the RDF logo? A connection with Europe would be good.>> >>>> >>Chaals>> >>>> >>On Thu, 12 Sep 2002, Daniel Dardailler wrote:>> >>>> >>>> >>>>> >>>I'm putting Coralie in the loop, she's our logo designer expert.>> >>>>> >>>> >>>> >>>>>>> -->> Coralie Mercier, W3C Europe admin manager        mailto:coralie@w3.org>> World Wide Web Consortium                            http://www.w3.org>> W3C / INRIA  -  2004 route des lucioles - 06560 Sophia Antipolis -  FR>> Voice: +33(0)492 387 590  Fax: +33(0)492 387 822 http://www.koalie.net>>>>>>>--Charles McCathieNevile  http://www.w3.org/People/Charles  tel: +61 409 134 136SWAD-E http://www.w3.org/2001/sw/Europe ------------ WAI http://www.w3.org/WAI21 Mitchell street, FOOTSCRAY Vic 3011, Australia  fax(fr): +33 4 92 38 78 22W3C, 2004 Route des Lucioles, 06902 Sophia Antipolis Cedex, France",
            "docno": "lists-015-2301761",
            "received": "Sat Sep 14 20:15:21 2002",
            "isoreceived": "20020915001521",
            "sent": "Sat, 14 Sep 2002 20:15:16 0400 (EDT)",
            "isosent": "20020915001516",
            "name": "Charles McCathieNevile",
            "email": "charles@w3.org",
            "subject": "Re: SWAD(Europe) logo(s)",
            "id": "Pine.LNX.4.30.0209142012520.26061100000@tux.w3.org",
            "charset": "USASCII",
            "inreplyto": "Pine.GSO.4.44.0209141056400.4406100000&#64;mail.ilrt.bris.ac.uk",
            "expires": "1",
            "to": " Libby Miller<Libby.Miller@bristol.ac.uk>\n",
            "cc": " Coralie Mercier<coralie@w3.org>, Daniel Dardailler<danield@w3.org>, Dan Brickley<danbri@w3.org>, public-esw<public-esw@w3.org>, em<em@w3.org>\n"
        },
        {
            "body": "Here is a rough agenda.  We will plan timings on the day, but the order is probably right.  Please send in additonal items you'd like to cover/address.[1] DirectionsPlease provide other questions/topics for discussion by email:Have we made good progress? Review current deliverables status.How can we make better progress, especially on Techniques?Establish targets for Techniques before end of charter.Recharter is close - what deliverables should we sign up for?Other topics related to rechartering.If GEO becomes a separate working group, how to work with rest of i18n? What are the issues? How to address them?What should we do about outreach activities? We had some suggestions in a recent telecon http://lists.w3.org/Archives/Public/public-i18n-geo/2003Nov/0003.html : should we make plans to do these?  Are there more things to do?Richard was looking at sites like http://www.boxesandarrows.com/ recently.  This is very clearly a an attractive place to visit regularly for information.  Note also that they accept articles from others (http://www.boxesandarrows.com/about/writeforus.php).  Should we be trying to emulate this, and raise the visibility and appeal of the site more?  Should this be in conjunction with others at W3C - eg QA?[2] (Brief) review of Framework topicsRecent changes made to layering by RI.Should we add information about FAQs, etc. to the Framework doc?Approve (small) changes to the framework doc to be introduced by RI, with a view to possible republication.Should we remove titles from Authoring Techniques where there is no content?[3] Tutorial reviewReview tutorial material with an eye to:1.publish the tutorials2.incorporate information in tutorials into the Authoring techniquesCharacters and Encoding: http://www.w3.org/International/tutorials/tutorial-char-enc.htmlLanguage markup: http://www.w3.org/International/tutorials/tutorial-lang.html[4] Continue review of comments on Authoring Techniques# Bert Bos et al. http://lists.w3.org/Archives/Public/www-international/2003OctDec/0009.html# Karl Dubost http://lists.w3.org/Archives/Public/www-i18n-comments/2003Oct/0007.html# Charles McAthieneville http://lists.w3.org/Archives/Public/www-i18n-comments/2003Oct/0002.html# Francois Yergeau http://lists.w3.org/Archives/Public/www-i18n-comments/2003Oct/0001.html# Liam Quinn http://lists.w3.org/Archives/Public/www-i18n-comments/2003Oct/0000.htmlagree responsesRI============Richard IshidaW3Ccontact info: http://www.w3.org/People/Ishida/http://www.w3.org/International/http://www.w3.org/International/geo/",
            "docno": "lists-016-6426399",
            "received": "Thu Feb 26 11:46:31 2004",
            "isoreceived": "20040226164631",
            "sent": "Thu, 26 Feb 2004 16:46:31 0000",
            "isosent": "20040226164631",
            "name": "Richard Ishida",
            "email": "shida@w3.org",
            "subject": "Agenda for GEO mtg at Tech Plen",
            "id": "001b01c3fc88$1665d4b0$d401000a@w3cishida",
            "charset": "utf8",
            "expires": "1",
            "to": "\"GEO\"<public-i18n-geo@w3.org>\n",
            "cc": "\"'Daniel Dardailler'\"<danield@w3.org>,\"'Coralie Mercier'\"<coralie@w3.org>\n"
        },
        {
            "body": "I had something like an idea:http://tux.w3.org/~charles/swade.png(if you imagine that the yellow blobs are the EU stars, that the links fromthem are nicely curved like RDF arcs, and that the whole thing is done bysomeone with a bit more talent, like Coralie...)I had another idea but someone pointed out that it was more like a schematicanatomical picture than anything else.Anyway, I look forward to seeing whatever Coralie decides is a good idea.ChaalsOn Thu, 12 Sep 2002, Charles McCathieNevile wrote:>Cool. I like Coralie's logos.>>Are there any ideas we want to convey in the logo? A connection with RDF and>the RDF logo? A connection with Europe would be good.>>Chaals>>On Thu, 12 Sep 2002, Daniel Dardailler wrote:>>>>>>>I'm putting Coralie in the loop, she's our logo designer expert.>>>>--Charles McCathieNevile  http://www.w3.org/People/Charles  tel: +61 409 134 136SWAD-E http://www.w3.org/2001/sw/Europe ------------ WAI http://www.w3.org/WAI21 Mitchell street, FOOTSCRAY Vic 3011, Australia  fax(fr): +33 4 92 38 78 22W3C, 2004 Route des Lucioles, 06902 Sophia Antipolis Cedex, France",
            "docno": "lists-015-2230588",
            "received": "Fri Sep 13 07:49:29 2002",
            "isoreceived": "20020913114929",
            "sent": "Fri, 13 Sep 2002 07:49:24 0400 (EDT)",
            "isosent": "20020913114924",
            "name": "Charles McCathieNevile",
            "email": "charles@w3.org",
            "subject": "Re: SWAD(Europe) logo(s)",
            "id": "Pine.LNX.4.30.0209130747130.2086100000@tux.w3.org",
            "charset": "USASCII",
            "inreplyto": "Pine.LNX.4.30.0209120738430.7358100000&#64;tux.w3.org",
            "expires": "1",
            "to": " Daniel Dardailler<danield@w3.org>\n",
            "cc": " Dan Brickley<danbri@w3.org>,<public-esw@w3.org>,<em@w3.org>,<coralie@w3.org>\n"
        },
        {
            "body": "So far, for what it's worth, I like Michael's set the most.In particular those colors:http://www.w3c.rl.ac.uk/SWAD/logos/Image9.png(not sure if the RDF net in the middle of the stars was meant not tobe centered but I like it like that too)>> Some more ideas : http://www.w3c.rl.ac.uk/SWAD/logos/logo_list.html>> Michael Wilson> Business and Information Technology Department   tel: +44 (0)1235 44 6619> CLRC Rutherford Appleton Laboratory             fax: +44(0)1235 44 5831> Chilton, DIDCOT, Oxon, OX11 0QX, UK>> WWW: http://www.bitd.clrc.ac.uk/Person/M.D.Wilson>> The contents of this email are sent in confidence for the use of the> intended recipients only.  If you are not one of the intended recipients> do not take action on it or show it to anyone else, but return this> email to the sender and delete your copy of it>",
            "docno": "lists-015-2387730",
            "received": "Wed Sep 18 02:30:52 2002",
            "isoreceived": "20020918063052",
            "sent": "Wed, 18 Sep 2002 08:30:43 +0200",
            "isosent": "20020918063043",
            "name": "Daniel Dardailler",
            "email": "danield@w3.org",
            "subject": "Re: SWAD(Europe) logo(s)",
            "id": "200209180630.g8I6UirV004126@zidane.inria.fr",
            "inreplyto": "SWAD(Europe) logo(s)",
            "expires": "1",
            "to": "\"Wilson, MD (Michael)\"<M.D.Wilson@rl.ac.uk>\n",
            "cc": "\"'Charles McCathieNevile'\"<charles@w3.org>, Dan Brickley<danbri@w3.org>,public-esw@w3.org,coralie@w3.org\n"
        }
    ]
}