{
    "id": "candidate-0132",
    "name": "Noah Mendelsohn",
    "gender": "MALE",
    "email": "Noah_Mendelsohn@us.ibm.com",
    "mails": [
        {
            "body": "This email was originally sent to a limited distribution, and is beingNoahTo: \"Champion, Mike\" <Mike.Champion@SoftwareAG-USA.com>From: \"Noah Mendelsohn\" <Noah_Mendelsohn@us.ibm.com>cc: \"''C. M. Sperberg-McQueen' '\" <cmsmcq@acm.org>,\"'David Orchard '\" <dorchard@bea.com>, \"'fallside@us.ibm.com '\"<fallside@us.ibm.com>, \"Champion, Mike\" <Mike.Champion@SoftwareAG-USA.com>Subject: RE: The Web Services Architecture WG position onXML profiling/su  bset tingThis note is a collective response to some of the replies I've received tothe Tag note posted at [1].  I don't want to belabor this, but I've gottensome well-considered replies, all of which were either private to me orfrom these responses, and they've somewhat clarified my thinking.  So, atthe risk of unnecessarily dragging this on, here's a clarification of myoriginal concern, and a response to at least some of the specific pointsI've seen raised in feedback.  BTW:  I have no problem at all with thisnote or my others being forwarded to the Tag list, as long as enough isforwarded to give accurate context.First of all, Mike hints that I may not have read all of his notecarefully enough.  As he suggests, I don't think that's the whole problemor even most of it, but it may have contributed some.  So, apologies ifthat's happened.Clarification of my Original Concern------------------------------------I realized as a result of recent correspondence that I have someassumptions about the Tag and W3C process that others may not entirelyshare.  I view the Tag as essentially a senior executive body in W3C.  Isee it's role as being to help the Workgroups succeed at what they do, andvery occasionally to directly tackle certain issues with scope so broadand architectural that doing it \"at the top\" seems to make sense (what aURI references strikes me as one of those issues that it's reasonable forthe Tag to discuss directly.)  I see it's role as being like the CTO orassociated executive technical committee in a corporation.I and others have benefitted from that fact that the Tag seems to welcomeinformal input and discussion from almost anyone in the community.  Ithink that's great.  On the other hand, I think one wants a much moreformal relationship when a workgroup provides formal input to the Tag.   Ithink that in such cases the workgroup should have a responsibility toproceed cautiously, check pertinent facts, and within reason coordinatewith other workgroups that may already have explored the pertinent issues.Consider a technical team in a large company dealing with its seniormanagement or CTO.  Sure, they may talk informally in the hall, but if theteam approaches the CTO or his/her technical committee and says \"we haveformal input for you on an issue\", then it's assumed that they've done allreasonable coordination and research on the topic before going \"up thathigh\".  The essence of my concern was a perception that in failing to dothis, WSA actually misinformed the TAG about several points of fact (seebelow).   I thought it also implied to the TAG a consensus in the WSA/SOAPcommunity that was in fact never explored outside of WSA.    Maybe someconfusion comes because others don't share my view of how the Tag/WGrelationship should work, or maybe it's because WSA though they were beingsufficiently careful and I didn't see it.  Anyway, that was my concern.I infer that WSA may think that the substantial membership overlap withXMLP and WSDL WGs mitigates the need for formal coordination.  I disagree.The fact that there is some shared membership between the groups is agood thing...but it means nothing officially.   In W3C every member of aWG has equal standing and should have equal opportunity to engange incoordination activites with other groups.  I guess I have particularlyhigh expectations for WSA, which is in some sense a mini-TAG for the WSarea.  It whould be particular careful to work with and through the othergroups in the WS area, I think.Anyway, I think that's the big picture as I see it.  Rightly or wrongly,that's where my concerns came from.  I don't propose to pursue themfurther unless the Tag finds that helpful (if more discussion springs upon the Tag list...I may forward this note as a clarification of my intent.Given that things are quiet, I'd prefer to let it go.  DaveO:  youcertainly have my permission to forward this note to other Tag members ifyou feel that would be helpful.)Responses to Particular Points------------------------------This is a long note already, but I thought it might be helpful to list theparticular points I think I've seen in various responses, and to give aquick reaction.  I've done this without attribution:>> You might not have read the original WSA note carefully.As noted above, possibly true.  If so, I apologize.  I might change someemphasis in my note, but I think the overall concerns above remain for me.>> Yeah! this needed saying, thank you!You're welcome.>> You're off base, and your tone was inappropriate.I hope not, but if so I do apologize.  It was not my intention to beinflamatory.>> Asking groups to check with each other before providing fomral input toTAG adds too much process overhead.I respectfully disagree.  I'm not talking about an n-squared process here.The WSA note specifically made proposals about SOAP and Schema.  In eachcase, WSA was commenting on areas that had been discussed in depth by therespective workgroups over a period of time.  I think that WSA would havedone the Tag a much greater service by ping'ing the WGs first, and eitherarranging for joint approach to the Tag by the WGs together (we've gottentogether, learned from each others' previous work, and at least canoutline the alternatives) or failing that to at least say \"we can tell younot only that there is division in our WSA group, but that the schema WGhas found the question of schema subsets to be a subtle one involvingdifficult tradeoffs of simplicity vs. interop...we in WSA have not done afull analysis of those tradeoffs\" (or whatevery you believe to be thecorrect summary.)>> If WSA missed a technical point on SOAP, it must be subtle.  This is(maybe) proven by the fact the significant cross membership between theteams didn't serve to get it right.You be the judge.  The SOAP CR [1] has in its table of contents:3.1.5.1 id Attribute Information Item3.1.5.2 ref Attribute Information Item3.1.5.3 Constraints on id and ref attribute information itemsThe first two of these merely state that the respective attributes areallowed.  The entire text of the third section is:\"The value of a ref attribute information item MUST also be the value ofexactly one id attribute information item.  A ref attribute informationitem and an id attribute information item MUST NOT appear on the sameelement information item.\"The WSA note says that \"One issue that SOAP 1.2 \"punts\" on (as do someother W3C specifications, including DOM Level 2 and XSLT) is the questionof how an \"id\" attribute is defined in the absence of a DTD and withoutinsisting on a schema processing step.\"I don't think this is subtle.  I think the WSA group missed it, and ifanything this demonstrates some of the risks in assuming thatcross-membership is an appropriate foundation for cross groupcoordination.  It also suggests that members of the WSA did not look hardat the SOAP rec in making their proposal.  For an informal note among teammembers, I think this is fine.  It happens all the time.  As I said in myintro I think it's constructive to go for a higher standard when the Tagreceives formal input from a workgroup.  My assumption is that the Tag isindeed too busy to read all the specs themselves.  I therefore fear thatthe TAG might take too seriously when a seemingly-authoritative sourceeducates the Tag that \"the XMLP group 'punted'\".  This was one of thesources of the somewhat pointed tone of my note, and of the request for aformal \"withdrawal.\">> The original WSA note and some later responses refer to a SOAP profile.FWIW, I think the XMLP response (which admittedly I had a big hand indrafting) goes to some length to indicate that XMLP is not defining aprofile of XML in SOAP.  I don't think I'm defining an XML profile when Iinvent an XML vocabulary for employee records, and I don't think we did inSOAP either.  Thus, even though WSA was going to some trouble to endorsethe findings by XMLP, it then in a sense misquoted them.  That also upsetme.  It might also lead the TAG to mistakenly believe that XMLP hasconsenus that it defined a profile.  I do agree that the constraintsimposed by SOAP on its use of XML might be inspiration for a profile, werean XML profile to be a worthy goal.  Again, if WSA had first checked withthe very group for which it helps set architecture, it would haveuncovered some of these sensitivites...certainly from me, and perhaps fromothers.  I think the input to the Tag would have benefitted.>> We need a profile because generic tools may not produce the subset ofXML that SOAP uses.I am less convinced than others that SOAP's experiences are much of ajustification for a subset profile, but that's a good discussion thatshould be aired.  It's surely not consensus from XMLP (since I am on XMLPand I would disagree at this point).  If it's consensus from WSA then it'sfine for WSA to say so to TAG.  My concern is the one just above;  SOAPitself does not define a profile IMO.  One might or might not decide thatit's inspiration for a profile. The WSA note implied that SOAP had alreadydefined a profile that might be used by others.  The XMLP group neverconsidered that question one way or the other, as I remember.>> The Tag needs to do this work and WSA is just trying to help.Actually, as I responded privately to Dave, I think the XML subsetquestion belongs in the XML core workgroup.  I strongly disagree with Tagtaking over design responsibilities from WGs that have been chartered inone or another area by the W3C membership.  I think it is appopriate forTag to do technical fact finding, which in part is what they're doing.  Iwould prefer for the subset issue to relatively rapidly sent to core.  Ifcore has doubts about working on this, then Tag should use whatevermechanisms are provided in the W3C process to ask the membership toclarify core's charter and responsibilities.  If feel the same way aboutxml:id, by the way.>> You should have responded to WSA, not TAG.As noted above, my concern was (1) that the TAG had been misinformed inseveral respects and (2) that this resulted from a breakdown in processthat was in the end the Tag's responsibility (I.e. to decide what sort ofwork it wants its WGs to do before providing formal input.)  If the WSAnote had not itself already gone to the TAG, I would certainly havepreferred to come to consensus with WSA first.  Rightly or wrongly, I feltit as important to communicate my concerns to the Tag and tag list readersas to WSA.I hope you'll forgive the long spiel above.  I really would rather notchurn on this much more.  Indeed, I am essentially incommunicado Tues-Fri,which means I'll only be doing top-prioirty email until middle of nextweek.  So, I'd be glad to let this go.  You and the Tag have my input, andI hope it's helpful.  You also have my apologies for anything that iseither in error or unduly inflamatory.  I would encourage the TAG and theWG chairs to think about the process issues.  Thank you.[1] http://lists.w3.org/Archives/Public/www-tag/2003Jan/0216.html[2] http://www.w3.org/TR/2002/CR-soap12-part2-20021219/------------------------------------------------------------------Noah Mendelsohn                              Voice: 1-617-693-4036IBM Corporation                                Fax: 1-617-693-8676One Rogers StreetCambridge, MA 02142------------------------------------------------------------------",
            "docno": "lists-099-3654029",
            "received": "Mon Jan 20 18:47:38 2003",
            "isoreceived": "20030120234738",
            "sent": "to this cc: list.  None were sent to Tag.  I've learned some things",
            "isosent": "20030120234615",
            "name": "oah_mendelsohn@us.ibm.com",
            "email": "noah_mendelsohn@us.ibm.com",
            "subject": "The Web Services Architecture WG position on XML profiling/subset ting",
            "id": "OF0E02D1CF.C0769737-ON85256CB4.00825F8F@lotus.com",
            "charset": "us-ascii",
            "expires": "-1",
            "to": "www-archive@w3.org\n"
        }
    ]
}