{
    "id": "candidate-0126",
    "name": "earl johnson",
    "gender": "MALE",
    "email": "earl.johnson@sun.com",
    "mails": [
        {
            "body": "Hello allYesterday (30 of June), the Portuguese Parliament approvedthe Petition for the Accessibility of the Portuguese Internetas recommendation to the Government.Now, the Portuguese Government should adopt the necessarymeasures to guarantee full accessibility of government and publicservices web information.The Web Accessibility Initiate was mentioned in the parliament report.Next week we will prepare a press release and the English translation ofthe Portuguese Parliament position concerning web accessibility.We would like to thank you all for your wonderful work andin particular to the following friends:Cynthia D. Waddell,  ADA Coordinator City of San Jose, CA   - USADavid Bolnick,  Microsoft  - USAEarl Jonhson,  SUN Microsystems  - USAEmmanuelle Guti?rrez y Restrepo,   SIDAR  - SpainGeoff Freed,   CPB/WGBH National Center for Accessible Media  - USANeill McBride,   Dolphin Computer Access - UKJavier Roma?ach,   COCEMFE  - SpainPhill Jenkins,  IBM Special Needs  - USAWe will also keep you informed on upcoming accessibilityinitiatives originated from Portugal.RegardsFrancisco Godinho and Ricardo SilvaCoordinators of the Petition for the Accessibility of the PortugueseInternet.GUIA/PASIG - Portuguese Accessibility Special Interest Grouphttp://www.acessibilidade.net/index_eng.html",
            "docno": "lists-074-13755863",
            "received": "Thu Jul  1 14:15:23 1999",
            "isoreceived": "19990701181523",
            "sent": "Thu, 1 Jul 1999 19:16:39 +0100",
            "isosent": "19990701181639",
            "name": "Francisco Godinho",
            "email": "f.godinho@mail.telepac.pt",
            "subject": "Petition for the Accessibility of the Portuguese Internet",
            "id": "00d501bec3ee$0ca62380$f15541c2@minotauro.ips.pt",
            "charset": "iso-8859-1",
            "expires": "-1",
            "to": "<w3c-wai-ig@w3.org>,<support@dolphinuk.co.uk>,<Cynthia.Waddell@ci.sj.ca.us>,<jromanac@dial.eunet.es>,<sinarmaya@mx3.redestb.es>,<davebo@microsoft.com>,<geoff_freed@wgbh.org>,<earl.johnson@sun.com>,<pjenkins@us.ibm.com>\n",
            "cc": "\"GUIA\"<guia.pasig@bigfoot.com>,\"Deputado Dr. Cl?udio Monteiro\"<cmonteiro@ps.parlamento.pt>,\"Ricardo Silva\"<rsilva@pobox.com>\n"
        }
    ]
}