{
    "id": "candidate-0123",
    "name": "Jessie Li",
    "gender": "FEMALE",
    "email": "jessie.li@sun.com",
    "mails": [
        {
            "body": "Thanks Matt.-JessieMatt May wrote:> The minutes from today's meeting are now available:>> http://www.w3.org/2004/04/16-UA-irc.html>> Next meeting with Sun Beijing will be on Monday, 10 May (Tuesday, 11> May in Beijing).>> -> m>",
            "docno": "lists-086-7797735",
            "received": "Thu Apr 15 21:32:35 2004",
            "isoreceived": "20040416013235",
            "sent": "Fri, 16 Apr 2004 09:37:37 +0800",
            "isosent": "20040416013737",
            "name": "Jessie Li",
            "email": "jessie.li@sun.com",
            "subject": "Re: 15 April meeting minutes",
            "id": "407F38E1.4010003@sun.com",
            "charset": "us-ascii",
            "inreplyto": "F69CB662-8F44-11D8-A7DB-000393B628BC&#64;w3.org",
            "expires": "-1",
            "to": " Matt May<mcmay@w3.org>\n",
            "cc": "w3c-wai-ua@w3.org, Kyle Yuan<kyle.yuan@sun.com>\n"
        },
        {
            "body": "3C User Agent Teleconference for 15 April 2004-------------------------------------------------------------AGENDA: W3C User Agent Working Group Meeting 10 MayChair: Jon GundersonDate: Monday, 10 May 2004 (Boston) or Tuesday, 11 May 2004(Beijing)Time: 8:00-9:00 pm (Boston Local Time), 8:00am-9:00am (BeijingLocal Time)Call-in: Zakim bridge at: +1-617-761-6200, code 8294-------------------------------------------------------------1. Update on Mozilla Extensions for navigationhttp://cita.rehab.uiuc.edu/software/mozilla/index.html2. Keyboard models for implementing keyboard access for WebBrowsersa. Issues related to Mozilla caret positioningb. Bug reports related to Mozilla catet positioning3. Update on UAAG tutorial at WWW2004 in NY on May 18thhttp://cita.rehab.uiuc.edu/presentations/2004-05-18-www/Jon Gunderson, Ph.D., ATPCoordinator of Assistive Communication and Information TechnologyDivision of Rehabilitation - Education ServicesMC-574College of Applied Life StudiesUniversity of Illinois at Urbana/Champaign1207 S. Oak Street, Champaign, IL  61820Voice: (217) 244-5870Fax: (217) 333-0248E-mail: jongund@uiuc.eduWWW: http://cita.rehab.uiuc.edu/WWW: http://www.staff.uiuc.edu/~jongund",
            "docno": "lists-086-7891264",
            "received": "Mon May 10 14:05:33 2004",
            "isoreceived": "20040510180533",
            "sent": "Mon, 10 May 2004 13:05:02 -0500",
            "isosent": "20040510180502",
            "name": "Jon Gunderson",
            "email": "jongund@uiuc.edu",
            "subject": "AGENDA(Revised): User Agent Teleconference  10 May 2004",
            "id": "92125d6.3e68ae84.8241100@expms1.cites.uiuc.edu",
            "charset": "us-ascii",
            "expires": "-1",
            "to": "<w3c-wai-ua@w3.org>\n",
            "cc": " Jessie Li<jessie.li@sun.com>\n"
        },
        {
            "body": "Hi Jon,I am very interested in this topic. But I am afraid  the time is notavailable for me. I am in Beijing, China.If it is hard for you to change the time, could you send me theinformation about this meeting?Thanks,Jessie--------------------------------------------Jessie LiSoftware EngineerSun China Engineering & Research Institutejessie.li@sun.com86-10-68035588 ext.28921------------------------------------------",
            "docno": "lists-086-6163342",
            "received": "Tue Feb 11 21:36:27 2003",
            "isoreceived": "20030212023627",
            "sent": "Wed, 12 Feb 2003 10:26:38 +0800",
            "isosent": "20030212022638",
            "name": "Jessie Li",
            "email": "jessie.li@sun.com",
            "subject": "Re: Reminder: Meeting of working group members interested in the    test suites",
            "id": "3E49B0DE.4080209@sun.com",
            "charset": "ISO-8859-1",
            "inreplyto": "5.1.0.14.2.20030211172843.01983008&#64;staff.uiuc.edu",
            "expires": "-1",
            "to": " Jon Gunderson<jongund@uiuc.edu>\n",
            "cc": "w3c-wai-ua@w3.org,claws@ibm.com\n"
        },
        {
            "body": "Hi Jon,Yes, we can attend.Regards,JessieJon Gunderson wrote:>Would people be able to meet on Thursday, May 27th at 8:00pm>Boston Local Time, I believe this translates to May 28th at>8:00am local Bejing time.>>Please let me know if you can attend.>>Jon>Jon Gunderson, Ph.D., ATP>Coordinator of Assistive Communication and Information Technology>Division of Rehabilitation - Education Services>MC-574>College of Applied Life Studies>University of Illinois at Urbana/Champaign>1207 S. Oak Street, Champaign, IL  61820>>Voice: (217) 244-5870>Fax: (217) 333-0248>>E-mail: jongund@uiuc.edu>>WWW: http://cita.rehab.uiuc.edu/>WWW: http://www.staff.uiuc.edu/~jongund>>>>>--------------------------------------------Jessie LiSoftware EngineerSun China Engineering & Research Institutejessie.li@sun.com86-10-82618200 ext. 82858------------------------------------------",
            "docno": "lists-086-7951247",
            "received": "Sun May 23 22:03:19 2004",
            "isoreceived": "20040524020319",
            "sent": "Mon, 24 May 2004 10:01:52 +0800",
            "isosent": "20040524020152",
            "name": "Jessie Li",
            "email": "jessie.li@sun.com",
            "subject": "Re: W3C User Agent meeting with Sun Beijing Team",
            "id": "40B15790.7040209@sun.com",
            "charset": "us-ascii",
            "inreplyto": "6ea23bb2.442883f2.81e6000&#64;expms1.cites.uiuc.edu",
            "expires": "-1",
            "to": " Jon Gunderson<jongund@uiuc.edu>\n",
            "cc": "w3c-wai-ua@w3.org, Peter Korn<peter.korn@sun.com>\n"
        }
    ]
}