{
    "id": "candidate-0111",
    "name": "Prasad Yendluri",
    "gender": "MALE",
    "email": "pyendluri@webmethods.com",
    "mails": [
        {
            "body": "+1Jean-Jacques Dubray wrote:>Clearly what ever is the outcome, the specification need to>allow for starting from either point of view: collaboration or>executable business process and derive (one from) the other one.>>",
            "docno": "lists-025-7243517",
            "received": "Wed Feb 26 17:00:36 2003",
            "isoreceived": "20030226220036",
            "sent": "Wed, 26 Feb 2003 14:02:05 -0800",
            "isosent": "20030226220205",
            "name": "Prasad Yendluri",
            "email": "pyendluri@webmethods.com",
            "subject": "Re: Dubray paper comments + questions",
            "id": "3E5D395D.2020205@webmethods.com",
            "charset": "us-ascii",
            "inreplyto": "00dc01c2dddf$0e6c2890$0502a8c0&#64;JJD",
            "expires": "-1",
            "to": " Jean-Jacques Dubray<jjd@eigner.com>\n",
            "cc": "public-ws-chor@w3.org\n"
        },
        {
            "body": "I see. I went by the date on the RFP doc. I guess we should stillevaluate what that means for us ..Regards, PrasadMartin Chapman wrote:> Prasad,>> This RFP has not been formally issued yet. The OMG are meeting this> week, and it may get issued on Friday.>> Martin.>>     -----Original Message----->     From: public-ws-chor-request@w3.org>     [mailto:public-ws-chor-request@w3.org] On Behalf Of Prasad Yendluri>     Sent: Tuesday, January 28, 2003 4:23 PM>     To: public-ws-chor@w3.org>     Subject: OMG's RFP for Business Process Definition Metamodel>>     OMG issued an RFP earlier this month for development of a>     specification for a business process definition metamodel.>>     See: http://cgi.omg.org/docs/bei/03-01-03.pdf>>     The specification developed in response to this RFP is expected to>     achieve the following:>>        1. A common metamodel to unify the diverse business process>           definition notations that exist in the industry>        2. A metamodel that complements existing UML metamodels so that>           business processes specifications can be part of complete>           system specifications to assure consistency and completeness>        3. The ability to integrate process models for workflow>           management processes, automated business processes, and>           collaborations between business units.>        4. Support for the specification of  web services choreography,>           describing the collaboration between participating entities>           and the ability to reconcile the choreography with>           supporting internal business processes.>        5. The ability to exchange business process specifications>           between modeling tools, and between tools and execution>           environments using XMI.>>     Items in 1 and 4 above should be of considerable interest to this>     group. Seems there is a significant functional overlap with what>     this team is embarking on.>>     Comments?>>     Regards, Prasad>",
            "docno": "lists-025-7673702",
            "received": "Tue Jan 28 20:53:40 2003",
            "isoreceived": "20030129015340",
            "sent": "Tue, 28 Jan 2003 17:54:40 -0800",
            "isosent": "20030129015440",
            "name": "Prasad Yendluri",
            "email": "pyendluri@webmethods.com",
            "subject": "Re: OMG's RFP for Business Process Definition Metamodel",
            "id": "3E373460.5000509@webmethods.com",
            "charset": "us-ascii",
            "inreplyto": "003401c2c738$8db4af40$6eae2382&#64;us.oracle.com",
            "expires": "-1",
            "to": " Martin Chapman<martin.chapman@oracle.com>\n",
            "cc": "public-ws-chor@w3.org\n"
        },
        {
            "body": "Prasad,This RFP has not been formally issued yet. The OMG are meeting thisweek, and it may get issued on Friday.Martin.-----Original Message-----From: public-ws-chor-request@w3.org[mailto:public-ws-chor-request@w3.org] On Behalf Of Prasad YendluriSent: Tuesday, January 28, 2003 4:23 PMSubject: OMG's RFP for Business Process Definition MetamodelOMG issued an RFP earlier this month for development of a specificationfor a business process definition metamodel.See: http://cgi.omg.org/docs/bei/03-01-03.pdfThe specification developed in response to this RFP is expected toachieve the following:1.A common metamodel to unify the diverse business processdefinition notations that exist in the industry2.A metamodel that complements existing UML metamodels so thatbusiness processes specifications can be part of complete systemspecifications to assure consistency and completeness3.The ability to integrate process models for workflow managementprocesses, automated business processes, and collaborations betweenbusiness units.4.Support for the specification of  web services choreography,describing the collaboration between participating entities and theability to reconcile the choreography with supporting internal businessprocesses.5.The ability to exchange business process specifications betweenmodeling tools, and between tools and execution environments using XMI.Items in 1 and 4 above should be of considerable interest to this group.Seems there is a significant functional overlap with what this team isembarking on.Comments?Regards, Prasad",
            "docno": "lists-025-7663350",
            "received": "Tue Jan 28 20:49:43 2003",
            "isoreceived": "20030129014943",
            "sent": "Tue, 28 Jan 2003 17:48:42 -0800",
            "isosent": "20030129014842",
            "name": "Martin Chapman",
            "email": "rtin.chapman@oracle.com",
            "subject": "RE: OMG's RFP for Business Process Definition Metamodel",
            "id": "003401c2c738$8db4af40$6eae2382@us.oracle.com",
            "charset": "US-ASCII",
            "inreplyto": "3E371EC8.7040709&#64;webmethods.com",
            "expires": "-1",
            "to": " public-ws-chor@w3.org\n"
        },
        {
            "body": "Prasad:The process-meta-models and specific process definitions based on themeta-models that have seen acceptance in the industry in terms ofproduction use thus far have been based on top-down approach. You startwith a business process that you like to accomplish (B2B/B2C/A2A) suchas inventory-managment, order-processing etc., available at a businessdefinition level that you model in terms of the parties, messages(documents/schemas) that are exchanged in a well-defined and controlledorder (choreography). We should expect this to be predominent and morepragmatic case as it supports automating a business process that isaccomplished otherwise (partially or fully manual) in the industry.[JJ] Yes I agree with you, RN and Start/XML are two very good example ofthis, and there are plenty more. It is very efficient for an industry asa whole to define its collaboration definitions.It is also possible to take the bottom-up approach where existing Webservices can be composed into higher lever composite Web services andchoreographies, the approach taken by WSCI and BPEL mainly.I have always imagined though that a higher level collaborative processmodeling language descriptions (e.g. BPSS or PIP definitions) can be putthrough a tool that can generate the BPEL or WSCI defintions eitherfully or partially.[JJ] Yes, I think also that this can work reasonably well. Mega has donea lot of work in this direction. I am sure other tool vendors have too.Business will need a way to model their partners (parties) andinteractions with partners in a business process in a way that isindependent of how it is implemented in terms of Web services (or thefull blown details there in). It is more meaningful for them to speakinterms of sending a RequestForQuote and receiving a Quote rather than aWeb service port and operation etc.Hence the question for us is, if we want to define a language thatfacilitates modeling at the business-level and then break-it down into aWeb service based choreography or limit to the latter only and leave itupto the tools to bridge the gap.[JJ] It is important to note that BPSS choreographies can rely on abusiness protocol which guaranties that the business documents areeffectively processed by the receiver. On the other hand, a standardlike BPEL does not allow you to express that an \"invoke\" has to happenwithin a certain time. The authors may have forgotten to assign atimeout element (while it is available on other aspects of the spec).These two kinds of exceptions, including also transport level exception(message could not be delivered) are an integral part of thecollaboration definition and shape its ultimate path. I would evencontent that without the ability to express a sufficient set ofexception directly related to the choreography definition,collaboration's value is greatly diminished.I guess questions have been raised on the need to model internal orprivate processes, which have been mainly flow oriented. I think we needto accommodate both to facilitate end-end process modeling, though IMOthey need to be clearly separted out and treated separtely instead ofmingling both aspects into one unified model as it seems to have beendone in some of the specs we have been looking at.Regards, PrasadMartin Chapman wrote:Jean-Jacques,I really think it depends on the use case.If I am starting from scratch and designing a new businees process, Iwould start from the process defintionand end up with the WSDL for each participant.However, if I already have the WSDL defined and need to intgerate themvia a process then cleary the process comes second.IMHO I think we should accomadate both approaches, and neither oneshould be the sole design centre for our work.Martin-----Original Message-----From: public-ws-chor-request@w3.org[mailto:public-ws-chor-request@w3.org] On Behalf OfJean-Jacques DubraySent: Sunday, February 09, 2003 9:42 AMSubject: Approaches to Web Services Choreography [was Samemodel for both Public and Private process ??]Since this email where Assaf was asking me to reconsider myposition I exchanged multiple emails with him to try to cometo a common understanding and maybe a consensus.In the blitz of messages that we exchanged (though it wouldbe worth to summarize it at some point), one comment fromAssaf puzzled me. My main point of contention with WSCI isthat it models the choreography (c12y) of APIs and then via aglobal model stiches them together leaving little hope to getan overall view of the collaboration itself. Assaf admittedthat if the APIs were truly designed in isolation theprobability of being able to choreograph them together wouldbe close to zero plus a few monkeys.If you take a closer look at BPEL and WSCI, they both takethe approach to use what would be otherwise an \"internalbusiness process definition\" to describe how a collaborationoperates. The only reason for that is because they are takingWSDL as a starting point and not as and end point. BPELclaims without saying it that the \"other\" services are mirrorto the one they choreograph, therefore, no need to reallytalk about the \"other\" side. Hence the concept of serviceLinkwhich is just a point to the \"other\" mirror service. WSCIgoes a little futher and allow for a little more flexibilityby allowing somewhat differently designed web services towork together but admitting that these services cannot ofcourse widely differ from each other.In my opinion, using the concept of an \"internal businessprocess definition\" to choreograph a collaboration is a bad\"internal business process definition\" (often labelled asabstract) works with my \"concrete\" internal business processdefinition which I especially don't want to share with my partners.Now if the ws-chor group would consider an alternativeapproach of using WSDL as an end point and not a startingpoint, I think it would greatly simplify the \"web servicechoreography\" problem. In order to take it as an end point,you need to invent a new concept that I call a messageexchange and what BPSS calls a business transaction. Imention message exchange to show how close this is to theconcept of message exchange pattern being considered by WSDL.Of course in BPSS, a business transaction is both a businessmessage exchange (e.g. Request/Response) and a series ofsignals as part of the business collaboration protocol.It is relatively easy to choreograph these MEPs or Businesstransactions. BPSS is one example. Can be we do a better job?Of course. The patterns of Prof. Van der Aalst could help upclose on the control flow once and for all for instance. Oncethis is done, this is were WSDL comes to play (one for eachside) and where you bind this choreographed messaged exchangewith each side's WSDL. A message exchange would typically bebound to a port.As I mentioned several times on this list and others Ibelieve that there are 3 entities that need to be modeled (at least):- Collaboration (between business partners)- Internal business processes- long running behavior of components (such as order entry)when participating in business processes and collaborations.I have shown in a paper that this concept of \"choreography ofmessage exchange\" allows you to efficiently modelcollaboration and internal business processes. Once you dothat, specifications such as BPEL or BPML can be used tomodel the long running behavior of components.Respectfully,Jean-Jacques Dubray,-----Original Message-----From: Assaf Arkin [mailto:arkin@intalio.com]Sent: Tuesday, February 04, 2003 2:07 PMSubject: RE: Same model for both Public and Private process ??-----Original Message-----From: public-ws-chor-request@w3.org[mailto:public-ws-chor-request@w3.org]On Behalf Of Jean-JacquesDubraySent: Tuesday, February 04, 2003 3:26 AMSubject: RE: Same model for both Public and Private process ??[JJ] I assume you think of states in terms of \"getting ready tosend/receive a given message\", otherwise, clearly notionslike \"thisorder is the approved state\" is not necessarily part ofthe state ofpublic processes as BPEL or BPML think about it, letalone WSCI andWSCL. You may want to read the eBTWG - Business Entity TypesTechnicalSpecification(http://www.collaborativedomain.com/standards/index.htmunder the BETL section). These guys are working on modeling thesekindsof states. I find the concepts of this specification quitefascinatingactually.Yet, both BPEL and BPML allow you to model the \"this order is theapprovedstate\", whether it is the distinct context in which you performactions,ora value expressed in that context which you can communicate(send/receive), evaluate, correlate, etc.[JJ] This is actually incorrect. In BPSS for instance, you clearlyhavebusiness rules that allow you to specify that if a particulardocumentcontains a certain value, then the collaboration ought to continuethatway, otherwise, it will continue this way. The key though (and ofcourse) is that the condition expression can only apply to adocumentthat both parties already successfully exchanged. Youcannot specifyconditions expressions that only one party can evaluate. One bigdifference between public and private processes is that publicprocessesdo not have an underlying engine. It is merely the interactionbetweenthe private processes that advances the state of thepublic process(akacollaboration). However, one can formally demonstrate that acollaboration is also a finite state machine.In other words, if the buyer and supplier agree that an order is >$500 ascan be calculated from the message (if the schema wasknown) the buyercanreject the message and the supplier will accept a rejectmessage. Butifthesupplier has determined that the buyer does not havesufficient credittopurchase the product, the supplier proceed to accept the order sincethebuyer may have a different opinion on the matter (\"what do you meanrejected? you know I'm good for it! I might not have moneyright now,butIpromise to pay you back!\").Once you have established such a model, one can think of how tochoreograph message exchange, work being done, user interactions,andwhat not. Please, note that these will never express \"states\" butrather\"pseudo-state\" since the same public/private definition will notreferto a given state of the company but rather to the waystate advanceswithin the company. It is only when a process instance is createdthatin effect a \"real\" state is bound to the process definition, whichthencontrols how this \"state\" advances.Very well said!b) it enables unit of work to be more than \"request/response\"agents. Inthe example I provide which is very realistic, the Order entrycomponentmanages 4 messages as part of the same business processdefinition,notjust request/response.Not everyone has reached the conclusion that a choreographylanguageshould allow you to manage 4 messages as part of the same businessprocess definition, but at least the languages we are talking aboutallow youtodothat. I think that's a base requirement for all of theselanguages. Atleast something we all have in common ;-)c) user interactions are part of the process definition(BPEL/BPMLcompletely ignore user interactions).I like to think of Web services as presenting a model for userinteraction, I like to think of BPEL/BPML/WSCI assupporting any andall kinds ofWebservices, in particular those representing user interactions, I knowof afew products that actually do that and so far with great success. Somylimited experience with the usage of this languages seems tocontradictthisstatement, but again YMMV.IMHO, this approach is much closer to Pi-calculus thanBPML or BPELwillever be as it models the business process as an exchangeof messagebetween independent components (running in their own systemprocess).Other specs like BPEL and BPEL use Pi-calculus in theinter-processcontext not the inter-component context. I am not a specialist ofPi-calculus so I'll leave this statement more as a question than afact.Very interesting.In a previous e-mail I provided an example showing where pi-calculusisusedfor inter-component context. I think that using pi-calculus in theinter-process context brings tremendous value, so Ihighlighted thatpossibility, but clearly the example illustrated two independentprocessesexecuting at two different systems (trading partners, if you want tocallitthat).Will you consider revisiting that e-mail and commenting onthat fact?arkinIf the approach I suggest is proven correct, it could change thescopeof the WS-Chor group since it will result in a specification thatspansfrom (BPEL/WSCI/WSCL/BPSS) to (BPEL/BPML). In my opinion, it willalsoyield significant simplification to the overall space.Best regards,Jean-Jacques Dubray,Correct me if I misunderstand, itseemsHP's WS-Conversation-Language is taking this approach.But I also hear that \"public process\" can be describedas a subsetofa\"private process\".  If you take out the \"process variable\",\"assignstatements\", and the \"conditions\" in the switch blocks and loops..etc>from the \"private process\", then you will have the \"publicprocess\".Inother words, public process can be just use the same model of\"privateprocess\".  It seems WSCI and BPEL-private process is taking thisapproach.I also heard that the \"flow-chart\" is equivalent to \"statediagram\".Theyare just a dual-representation to each other.Any comments and thoughts ... ?Best regards,Ricky",
            "docno": "lists-025-6792127",
            "received": "Wed Feb 12 08:18:25 2003",
            "isoreceived": "20030212131825",
            "sent": "Wed, 12 Feb 2003 07:21:15 -0500",
            "isosent": "20030212122115",
            "name": "Jean-Jacques Dubray",
            "email": "jjd@eigner.com",
            "subject": "RE: Approaches to Web Services Choreography [was Same model for both Public and Private process ??]",
            "id": "ea because you then need to articulate how this special",
            "charset": "us-ascii",
            "inreplyto": "3E4996CE.3040201&#64;webmethods.com",
            "expires": "-1",
            "to": " 'Ricky Ho'\n",
            "cc": " public-ws-chor@w3.org\n"
        },
        {
            "body": "Prasad,I think we need to distinguish between two use cases here.One is to describe the actual choreography that takes place between theparticipants. Eventually you need to define which operations are beingperformed in order to carry out the choreography, and that's something WSCIdoes pretty well.Another is to describe an incomplete abstract choreography that shows someflow but doesn't describe which operations are used, or maybe describes somebut not all of them. This is something that happens during modeling beforeyou produce the choreogaphy definition which the services use for anunderstanding of the definition.I don't know if modeling is part of the scope of this working group. Thatwould be like allowing an incomplete XML Schema, e.g. one that has anelement with no content model, or references an undefined attribute group.It might or might not be out of scope.Clearly we have put most of the emphasis on addressing the former and notenough on the later. Some solutions (e.g. defining an action withoutreferencing any operation) are possible but not explained or illustrated.Some other solutions (e.g. open models and composing models together) arenot in WSCI but something I've been looking for in the context of a futurespecification.Clearly WSCI is just an input, and there are other inputs to this workinggroup from our collective experience and what we want to produce is aspecification that encompasses as many inputs as possible within the setscope. So let's discuss what features we want to see in the spec, figure outif they are in scope for this working group, and then fish for a solution.If we are looking at incomplete choreographies for modeling purposes, then Iwould like to see open models and composition of models, and I would alsolike to see actions that do not reference operations. I don't remember whocaused me to think about open models, but it might have been someone atWebMethods ;-)arkin-----Original Message-----From: Prasad Yendluri [mailto:pyendluri@webmethods.com]Sent: Wednesday, February 12, 2003 12:29 PMTo: Assaf ArkinCc: Martin Chapman; 'Jean-Jacques Dubray'; 'Ricky Ho';public-ws-chor@w3.orgSubject: Re: Approaches to Web Services Choreography [was Same model forboth Public and Private process ??]Assaf Arkin wrote:Precisely.The process-meta-models and specific process definitions based on themeta-models that have seen acceptance in the industry in terms of productionuse thus far have been based on top-down approach. You start with a businessprocess that you like to accomplish (B2B/B2C/A2A) such asinventory-managment, order-processing etc., available at a businessdefinition level that you model in terms of the parties, messages(documents/schemas) that are exchanged in a well-defined and controlledorder (choreography). We should expect this to be predominent and morepragmatic case as it supports automating a business process that isaccomplished otherwise (partially or fully manual) in the industry.It is also possible to take the bottom-up approach where existing Webservices can be composed into higher lever composite Web services andchoreographies, the approach taken by WSCI and BPEL mainly.What would it take to dispel the myth that WSCI/BPEL/BPML force you todo bottom-up modeling?It is not a question of if you can *accomplish it* but, if it is naturallysupportive of the model. If you have to think in terms of how you map it toWeb services portTypes, operations and WSDL messages and schema types ratherthan in terms of the collaborative aspects of the process as the centricmodel, it is not directly designed for such purpose IMO.  To quote JJ \"thesestandards forces you to think single-side bottom-up as you always have todesign the \"internal process\" view of the collaboration.\"Perhaps an example representation of a simple collaborative businessprocess that proves this to be wrong would convince me.Durining training sessions we let customers play with our product andwhat we see is that customers don't model choreographies strictly bottom-upor strictly top-down. They do what feels natural and best meets their needs.You can see the customer pull a set of existing services to form a newchoreography, where these service are already defined and not subject tochange. Then the customer adds new activities specific to that choreographyfor which not service definition exists. Once the choreography is mapped outvisually they start defining the message schema, in effect defining theservice after the choreography.Agree that in general there would be cases where existing Web servicesneed to be pulled into a choreography and the model needs to accommodate it.However, I am not convinced that a model that centers on that approach andmakes it also *possible* to model a collaborative process is adequate.Regards, PrasadI'll call this 'the organic approach'. You can decide to only definechoreographies top-down or only bottom-up. But you can mix the two and dothings in the best way that meets your requirements.arkinI have always imagined though that a higher level collaborativeprocess modeling language descriptions (e.g. BPSS or PIP definitions) can beput through a tool that can generate the BPEL or WSCI defintions eitherfully or partially. Business will need a way to model their partners(parties) and interactions with partners in a business process in a way thatis independent of how it is implemented in terms of Web services (or thefull blown details there in). It is more meaningful for them to speak interms of sending a RequestForQuote and receiving a Quote rather than a Webservice port and operation etc.Hence the question for us is, if we want to define a language thatfacilitates modeling at the business-level and then break-it down into a Webservice based choreography or limit to the latter only and leave it upto thetools to bridge the gap.I guess questions have been raised on the need to model internal orprivate processes, which have been mainly flow oriented. I think we need toaccommodate both to facilitate end-end process modeling, though IMO theyneed to be clearly separted out and treated separtely instead of minglingboth aspects into one unified model as it seems to have been done in some ofthe specs we have been looking at.Regards, Prasad",
            "docno": "lists-025-6947385",
            "received": "Thu Feb 13 22:11:53 2003",
            "isoreceived": "20030214031153",
            "sent": "Thu, 13 Feb 2003 19:09:05 -0800",
            "isosent": "20030214030905",
            "name": "Assaf Arkin",
            "email": "rkin@intalio.com",
            "subject": "RE: Approaches to Web Services Choreography [was Same model for both Public and Private process ??]",
            "id": "IGEJLEPAJBPHKACOOKHNCECEDDAA.arkin@intalio.com",
            "charset": "us-ascii",
            "inreplyto": "3E4AAE79.7060903&#64;webmethods.com",
            "expires": "-1",
            "to": "\"Prasad Yendluri\"<pyendluri@webmethods.com>\n",
            "cc": "\"Martin Chapman\"<martin.chapman@oracle.com>,\"'Jean-Jacques Dubray'\"<jjd@eigner.com>,\"'Ricky Ho'\"<riho@cisco.com>,<public-ws-chor@w3.org>\n"
        },
        {
            "body": "Assaf Arkin wrote:>     Precisely.>>     The process-meta-models and specific process definitions based on>     the meta-models that have seen acceptance in the industry in terms>     of production use thus far have been based on top-down approach.>     You start with a business process that you like to accomplish>     (B2B/B2C/A2A) such as inventory-managment, order-processing etc.,>     available at a business definition level that you model in terms>     of the parties, messages (documents/schemas) that are exchanged in>     a well-defined and controlled order (choreography). We should>     expect this to be predominent and more pragmatic case as it>     supports automating a business process that is accomplished>     otherwise (partially or fully manual) in the industry.>>     It is also possible to take the bottom-up approach where existing>     Web services can be composed into higher lever composite Web>     services and choreographies, the approach taken by WSCI and BPEL>     mainly.>>     What would it take to dispel the myth that WSCI/BPEL/BPML force>     you to do bottom-up modeling?>It is not a question of if you can *accomplish it* but, if it isnaturally supportive of the model. If you have to think in terms of howyou map it to Web services portTypes, operations and WSDL messages andschema types rather than in terms of the collaborative aspects of theprocess as the centric model, it is not directly designed for suchpurpose IMO.  To quote JJ \"these standards forces you to thinksingle-side bottom-up as you always have to design the \"internalprocess\" view of the collaboration.\"Perhaps an example representation of a simple collaborative businessprocess that proves this to be wrong would convince me.>     Durining training sessions we let customers play with our product>     and what we see is that customers don't model choreographies>     strictly bottom-up or strictly top-down. They do what feels>     natural and best meets their needs.>>     You can see the customer pull a set of existing services to form a>     new choreography, where these service are already defined and not>     subject to change. Then the customer adds new activities specific>     to that choreography for which not service definition exists. Once>     the choreography is mapped out visually they start defining the>     message schema, in effect defining the service after the choreography.>Agree that in general there would be cases where existing Web servicesneed to be pulled into a choreography and the model needs to accommodateit. However, I am not convinced that a model that centers on thatapproach and makes it also *possible* to model a collaborative processis adequate.Regards, Prasad>      I'll call this 'the organic approach'. You can decide to only>     define choreographies top-down or only bottom-up. But you can mix>     the two and do things in the best way that meets your requirements.>>     arkin>>>     I have always imagined though that a higher level collaborative>     process modeling language descriptions (e.g. BPSS or PIP>     definitions) can be put through a tool that can generate the BPEL>     or WSCI defintions either fully or partially. Business will need a>     way to model their partners (parties) and interactions with>     partners in a business process in a way that is independent of how>     it is implemented in terms of Web services (or the full blown>     details there in). It is more meaningful for them to speak in>     terms of sending a RequestForQuote and receiving a Quote rather>     than a Web service port and operation etc.>>     Hence the question for us is, if we want to define a language that>     facilitates modeling at the business-level and then break-it down>     into a Web service based choreography or limit to the latter only>     and leave it upto the tools to bridge the gap.>>     I guess questions have been raised on the need to model internal>     or private processes, which have been mainly flow oriented. I>     think we need to accommodate both to facilitate end-end process>     modeling, though IMO they need to be clearly separted out and>     treated separtely instead of mingling both aspects into one>     unified model as it seems to have been done in some of the specs>     we have been looking at.>>     Regards, Prasad>",
            "docno": "lists-025-6873194",
            "received": "Wed Feb 12 15:28:21 2003",
            "isoreceived": "20030212202821",
            "sent": "Wed, 12 Feb 2003 12:28:42 -0800",
            "isosent": "20030212202842",
            "name": "Prasad Yendluri",
            "email": "pyendluri@webmethods.com",
            "subject": "Re: Approaches to Web Services Choreography [was Same model for both  Public and Private process ??]",
            "id": "3E4AAE79.7060903@webmethods.com",
            "charset": "us-ascii",
            "inreplyto": "IGEJLEPAJBPHKACOOKHNCEPLDCAA.arkin&#64;intalio.com",
            "expires": "-1",
            "to": " Assaf Arkin<arkin@intalio.com>\n",
            "cc": " Martin Chapman<martin.chapman@oracle.com>,\"'Jean-Jacques Dubray'\"<jjd@eigner.com>,\"'Ricky Ho'\"<riho@cisco.com>,public-ws-chor@w3.org\n"
        },
        {
            "body": "Precisely.The process-meta-models and specific process definitions based on themeta-models that have seen acceptance in the industry in terms ofproduction use thus far have been based on top-down approach. You startwith a business process that you like to accomplish (B2B/B2C/A2A) suchas inventory-managment, order-processing etc., available at a businessdefinition level that you model in terms of the parties, messages(documents/schemas) that are exchanged in a well-defined and controlledorder (choreography). We should expect this to be predominent and morepragmatic case as it supports automating a business process that isaccomplished otherwise (partially or fully manual) in the industry.It is also possible to take the bottom-up approach where existing Webservices can be composed into higher lever composite Web services andchoreographies, the approach taken by WSCI and BPEL mainly.I have always imagined though that a higher level collaborative processmodeling language descriptions (e.g. BPSS or PIP definitions) can be putthrough a tool that can generate the BPEL or WSCI defintions eitherfully or partially. Business will need a way to model their partners(parties) and interactions with partners in a business process in a waythat is independent of how it is implemented in terms of Web services(or the full blown details there in). It is more meaningful for them tospeak interms of sending a RequestForQuote and receiving a Quote ratherthan a Web service port and operation etc.Hence the question for us is, if we want to define a language thatfacilitates modeling at the business-level and then break-it down into aWeb service based choreography or limit to the latter only and leave itupto the tools to bridge the gap.I guess questions have been raised on the need to model internal orprivate processes, which have been mainly flow oriented. I think we needto accommodate both to facilitate end-end process modeling, though IMOthey need to be clearly separted out and treated separtely instead ofmingling both aspects into one unified model as it seems to have beendone in some of the specs we have been looking at.Regards, PrasadMartin Chapman wrote:>Jean-Jacques,>>I really think it depends on the use case.>>If I am starting from scratch and designing a new businees process, I>would start from the process defintion>and end up with the WSDL for each participant.>>However, if I already have the WSDL defined and need to intgerate them>via a process then cleary the process comes second.>>IMHO I think we should accomadate both approaches, and neither one>should be the sole design centre for our work.>>Martin>>>>>-----Original Message----->>From: public-ws-chor-request@w3.org>>[mailto:public-ws-chor-request@w3.org] On Behalf Of>>Jean-Jacques Dubray>>Sent: Sunday, February 09, 2003 9:42 AM>>To: 'Assaf Arkin'; 'Jean-Jacques Dubray'; 'Ricky Ho'>>Cc: public-ws-chor@w3.org>>Subject: Approaches to Web Services Choreography [was Same>>model for both Public and Private process ??]>>>>>>>>>>Since this email where Assaf was asking me to reconsider my>>position I exchanged multiple emails with him to try to come>>to a common understanding and maybe a consensus.>>>>In the blitz of messages that we exchanged (though it would>>be worth to summarize it at some point), one comment from>>Assaf puzzled me. My main point of contention with WSCI is>>that it models the choreography (c12y) of APIs and then via a>>global model stiches them together leaving little hope to get>>an overall view of the collaboration itself. Assaf admitted>>that if the APIs were truly designed in isolation the>>probability of being able to choreograph them together would>>be close to zero plus a few monkeys.>>>>If you take a closer look at BPEL and WSCI, they both take>>the approach to use what would be otherwise an \"internal>>business process definition\" to describe how a collaboration>>operates. The only reason for that is because they are taking>>WSDL as a starting point and not as and end point. BPEL>>claims without saying it that the \"other\" services are mirror>>to the one they choreograph, therefore, no need to really>>talk about the \"other\" side. Hence the concept of serviceLink>>which is just a point to the \"other\" mirror service. WSCI>>goes a little futher and allow for a little more flexibility>>by allowing somewhat differently designed web services to>>work together but admitting that these services cannot of>>course widely differ from each other.>>>>In my opinion, using the concept of an \"internal business>>process definition\" to choreograph a collaboration is a bad>>idea because you then need to articulate how this special>>\"internal business process definition\" (often labelled as>>abstract) works with my \"concrete\" internal business process>>definition which I especially don't want to share with my partners.>>>>Now if the ws-chor group would consider an alternative>>approach of using WSDL as an end point and not a starting>>point, I think it would greatly simplify the \"web service>>choreography\" problem. In order to take it as an end point,>>you need to invent a new concept that I call a message>>exchange and what BPSS calls a business transaction. I>>mention message exchange to show how close this is to the>>concept of message exchange pattern being considered by WSDL.>>Of course in BPSS, a business transaction is both a business>>message exchange (e.g. Request/Response) and a series of>>signals as part of the business collaboration protocol.>>>>It is relatively easy to choreograph these MEPs or Business>>transactions. BPSS is one example. Can be we do a better job?>>Of course. The patterns of Prof. Van der Aalst could help up>>close on the control flow once and for all for instance. Once>>this is done, this is were WSDL comes to play (one for each>>side) and where you bind this choreographed messaged exchange>>with each side's WSDL. A message exchange would typically be>>bound to a port.>>>>As I mentioned several times on this list and others I>>believe that there are 3 entities that need to be modeled (at least):>>- Collaboration (between business partners)>>- Internal business processes>>- long running behavior of components (such as order entry)>>when participating in business processes and collaborations.>>>>I have shown in a paper that this concept of \"choreography of>>message exchange\" allows you to efficiently model>>collaboration and internal business processes. Once you do>>that, specifications such as BPEL or BPML can be used to>>model the long running behavior of components.>>>>Respectfully,>>>>Jean-Jacques Dubray,>>>>>>>>>>>>-----Original Message----->>>>From: Assaf Arkin [mailto:arkin@intalio.com]>>>>Sent: Tuesday, February 04, 2003 2:07 PM>>>>To: Jean-Jacques Dubray; 'Ricky Ho'>>>>Cc: public-ws-chor@w3.org>>>>Subject: RE: Same model for both Public and Private process ??>>>>>>>>>>>>>>>>>>>>>-----Original Message----->>>>>From: public-ws-chor-request@w3.org>>>>>[mailto:public-ws-chor-request@w3.org]On Behalf Of Jean-Jacques>>>>>>>>>>>>Dubray>>>>>>>>>Sent: Tuesday, February 04, 2003 3:26 AM>>>>>To: 'Ricky Ho'>>>>>Cc: public-ws-chor@w3.org>>>>>Subject: RE: Same model for both Public and Private process ??>>>>>>>>>>[JJ] I assume you think of states in terms of \"getting ready to>>>>>send/receive a given message\", otherwise, clearly notions>>>>>>>>>>>>like \"this>>>>>>>>>order is the approved state\" is not necessarily part of>>>>>>>>>>>>the state of>>>>>>>>>public processes as BPEL or BPML think about it, let>>>>>>>>>>>>alone WSCI and>>>>>>>>>WSCL. You may want to read the eBTWG - Business Entity Types>>>>>>>>>>>>Technical>>>>>>>>>Specification>>>>>>>>>>>>(http://www.collaborativedomain.com/standards/index.htm>>>>>>>>>under the BETL section). These guys are working on modeling these>>>>>>>>>>>>kinds>>>>>>>>>of states. I find the concepts of this specification quite>>>>>>>>>>>>fascinating>>>>>>>>>actually.>>>>>>>>>>>>>>Yet, both BPEL and BPML allow you to model the \"this order is the>>>>>>>>>>approved>>>>>>>>state\", whether it is the distinct context in which you perform>>>>>>>>>>actions,>>>>>>>>or>>>>a value expressed in that context which you can communicate>>>>(send/receive), evaluate, correlate, etc.>>>>>>>>>>>>>>>>>>>>>[JJ] This is actually incorrect. In BPSS for instance, you clearly>>>>>>>>>>>>have>>>>>>>>>business rules that allow you to specify that if a particular>>>>>>>>>>>>document>>>>>>>>>contains a certain value, then the collaboration ought to continue>>>>>>>>>>>>that>>>>>>>>>way, otherwise, it will continue this way. The key though (and of>>>>>course) is that the condition expression can only apply to a>>>>>>>>>>>>document>>>>>>>>>that both parties already successfully exchanged. You>>>>>>>>>>>>cannot specify>>>>>>>>>conditions expressions that only one party can evaluate. One big>>>>>difference between public and private processes is that public>>>>>>>>>>>>processes>>>>>>>>>do not have an underlying engine. It is merely the interaction>>>>>>>>>>>>between>>>>>>>>>the private processes that advances the state of the>>>>>>>>>>>>public process>>(aka>>>>>>>>>collaboration). However, one can formally demonstrate that a>>>>>collaboration is also a finite state machine.>>>>>>>>>>>>>>In other words, if the buyer and supplier agree that an order is >>>>>>>>>>>$500 as>>>>>>>>can be calculated from the message (if the schema was>>>>>>>>>>known) the buyer>>can>>>>>>>>reject the message and the supplier will accept a reject>>>>>>>>>>message. But>>if>>>>>>>>the>>>>supplier has determined that the buyer does not have>>>>>>>>>>sufficient credit>>to>>>>>>>>purchase the product, the supplier proceed to accept the order since>>>>>>>>>>the>>>>>>>>buyer may have a different opinion on the matter (\"what do you mean>>>>rejected? you know I'm good for it! I might not have money>>>>>>>>>>right now,>>but>>>>>>>>I>>>>promise to pay you back!\").>>>>>>>>>>>>>>>>>>>>>Once you have established such a model, one can think of how to>>>>>choreograph message exchange, work being done, user interactions,>>>>>>>>>>>>and>>>>>>>>>what not. Please, note that these will never express \"states\" but>>>>>>>>>>>>rather>>>>>>>>>\"pseudo-state\" since the same public/private definition will not>>>>>>>>>>>>refer>>>>>>>>>to a given state of the company but rather to the way>>>>>>>>>>>>state advances>>>>>>>>>within the company. It is only when a process instance is created>>>>>>>>>>>>that>>>>>>>>>in effect a \"real\" state is bound to the process definition, which>>>>>>>>>>>>then>>>>>>>>>controls how this \"state\" advances.>>>>>>>>>>>>>>Very well said!>>>>>>>>>>>>>>>>>>>>>b) it enables unit of work to be more than \"request/response\">>>>>>>>>>>>agents. In>>>>>>>>>the example I provide which is very realistic, the Order entry>>>>>>>>>>>>component>>>>>>>>>manages 4 messages as part of the same business process>>>>>>>>>>>>definition,>>not>>>>>>>>>just request/response.>>>>>>>>>>>>>>Not everyone has reached the conclusion that a choreography>>>>>>>>>>language>>>>>>>>should allow you to manage 4 messages as part of the same business>>>>process definition, but at least the languages we are talking about>>>>allow you>>>>>>>>>>to>>>>>>>>do>>>>that. I think that's a base requirement for all of these>>>>>>>>>>languages. At>>>>>>>>least something we all have in common ;-)>>>>>>>>>>>>>>>>>>>>>c) user interactions are part of the process definition>>>>>>>>>>>>(BPEL/BPML>>>>>>>>>completely ignore user interactions).>>>>>>>>>>>>>>I like to think of Web services as presenting a model for user>>>>interaction, I like to think of BPEL/BPML/WSCI as>>>>>>>>>>supporting any and>>>>>>>>all kinds of>>>>>>>>>>Web>>>>>>>>services, in particular those representing user interactions, I know>>>>>>>>>>of a>>>>>>>>few products that actually do that and so far with great success. So>>>>>>>>>>my>>>>>>>>limited experience with the usage of this languages seems to>>>>>>>>>>contradict>>>>>>>>this>>>>statement, but again YMMV.>>>>>>>>>>>>>>>>>>>>>IMHO, this approach is much closer to Pi-calculus than>>>>>>>>>>>>BPML or BPEL>>will>>>>>>>>>ever be as it models the business process as an exchange>>>>>>>>>>>>of message>>>>>>>>>between independent components (running in their own system>>>>>>>>>>>>process).>>>>>>>>>Other specs like BPEL and BPEL use Pi-calculus in the>>>>>>>>>>>>inter-process>>>>>>>>>context not the inter-component context. I am not a specialist of>>>>>Pi-calculus so I'll leave this statement more as a question than a>>>>>>>>>>>>fact.>>>>>>>>Very interesting.>>>>>>>>In a previous e-mail I provided an example showing where pi-calculus>>>>>>>>>>is>>>>>>>>used>>>>for inter-component context. I think that using pi-calculus in the>>>>inter-process context brings tremendous value, so I>>>>>>>>>>highlighted that>>>>>>>>possibility, but clearly the example illustrated two independent>>>>>>>>>>processes>>>>>>>>executing at two different systems (trading partners, if you want to>>>>>>>>>>call>>>>>>>>it>>>>that).>>>>>>>>Will you consider revisiting that e-mail and commenting on>>>>>>>>>>that fact?>>>>>>>>arkin>>>>>>>>>>>>>>>>>>>>>If the approach I suggest is proven correct, it could change the>>>>>>>>>>>>scope>>>>>>>>>of the WS-Chor group since it will result in a specification that>>>>>>>>>>>>spans>>>>>>>>>from (BPEL/WSCI/WSCL/BPSS) to (BPEL/BPML). In my opinion, it will>>>>>>>>>>>>also>>>>>>>>>yield significant simplification to the overall space.>>>>>>>>>>Best regards,>>>>>>>>>>Jean-Jacques Dubray,>>>>>>>>>>>>>>>>>>>>Correct me if I misunderstand, it>>>>>>>>>>>>>>>>>seems>>>>>>>HP's WS-Conversation-Language is taking this approach.>>>>>>>>>>>>>>But I also hear that \"public process\" can be described>>>>>>>>>>>>>>>>as a subset>>of>>>>>>>>>a>>>>>>>>>>>>>>>>>\"private process\".  If you take out the \"process variable\",>>>>>>>>>>>>>>>>\"assign>>>>>>>>>>>statements\", and the \"conditions\" in the switch blocks and loops>>>>>>>>>>>>>>>>..>>>>>>>>>etc>>>>>>>>>>>>>>>>>from the \"private process\", then you will have the \"public>>>>>>>>>>>>>>process\".>>>>>>>>>In>>>>>>>>>>>>>>>>>other words, public process can be just use the same model of>>>>>>>>>>>>>>>>\"private>>>>>>>>>>>process\".  It seems WSCI and BPEL-private process is taking this>>>>>>>>>>>>>>>>>>>approach.>>>>>>>>>>>>>>>>>I also heard that the \"flow-chart\" is equivalent to \"state>>>>>>>>>>>>>>>>diagram\".>>>>>>>>>They>>>>>>>>>>>>>>>>>are just a dual-representation to each other.>>>>>>>>>>>>>>Any comments and thoughts ... ?>>>>>>>>>>>>>>Best regards,>>>>>>>Ricky>>>>>>>>>>>>>>>>>>>>>",
            "docno": "lists-025-6757032",
            "received": "Tue Feb 11 19:34:46 2003",
            "isoreceived": "20030212003446",
            "sent": "Tue, 11 Feb 2003 16:35:26 -0800",
            "isosent": "20030212003526",
            "name": "Prasad Yendluri",
            "email": "pyendluri@webmethods.com",
            "subject": "Re: Approaches to Web Services Choreography [was Same model for both  Public and Private process ??]",
            "id": "3E4996CE.3040201@webmethods.com",
            "charset": "us-ascii",
            "inreplyto": "000401c2d165$77c50d60$488e1990&#64;us.oracle.com",
            "expires": "-1",
            "to": " Martin Chapman<martin.chapman@oracle.com>,\"'Jean-Jacques Dubray'\"<jjd@eigner.com>,\"'Assaf Arkin'\"<arkin@intalio.com>,\"'Ricky Ho'\"<riho@cisco.com>\n",
            "cc": "public-ws-chor@w3.org\n"
        },
        {
            "body": "OMG issued an RFP earlier this month for development of a specificationfor a business process definition metamodel.See: http://cgi.omg.org/docs/bei/03-01-03.pdfThe specification developed in response to this RFP is expected toachieve the following:1. A common metamodel to unify the diverse business processdefinition notations that exist in the industry2. A metamodel that complements existing UML metamodels so thatbusiness processes specifications can be part of complete systemspecifications to assure consistency and completeness3. The ability to integrate process models for workflow managementprocesses, automated business processes, and collaborationsbetween business units.4. Support for the specification of  web services choreography,describing the collaboration between participating entities andthe ability to reconcile the choreography with supporting internalbusiness processes.5. The ability to exchange business process specifications betweenmodeling tools, and between tools and execution environments usingXMI.Items in 1 and 4 above should be of considerable interest to this group.Seems there is a significant functional overlap with what this team isembarking on.Comments?Regards, Prasad",
            "docno": "lists-025-7641277",
            "received": "Tue Jan 28 19:21:30 2003",
            "isoreceived": "20030129002130",
            "sent": "Tue, 28 Jan 2003 16:22:32 -0800",
            "isosent": "20030129002232",
            "name": "Prasad Yendluri",
            "email": "pyendluri@webmethods.com",
            "subject": "OMG's RFP for Business Process Definition Metamodel",
            "id": "3E371EC8.7040709@webmethods.com",
            "charset": "us-ascii",
            "inreplyto": "OF4CA76B16.6AE15AAC-ON08256CBC.008059D0&#64;Sybase.com",
            "expires": "-1",
            "to": "public-ws-chor@w3.org\n"
        },
        {
            "body": "I am convinced that you can do both approaches with WSCI/BPEL/BPML,however, these standards forces you to think single-side bottom-up asyou always have to design the \"internal process\" view of thecollaboration. As you said, tools could fix this minor inconvenient. Ido see a much bigger issue which is what you agree on with your businesspartners. I find it harder for me to agree on the view you have of thecollaboration rather than agreeing an a neutral view of thecollaboration like BPSS offers. As you can imagine we cannot agree on a\"picture\" provided by a tool. What we agree on has to be machineprocessable. The second issue I see is that if the choreography does notrely on a a business collaboration protocol (I am surprised that yearsof research on pi-calculus have not concluded to the importance ofbusiness protocols to choreograph business collaboration) most of thebusiness choreographies cannot be expressed. As I say often, the paradoxof automation is exception handling: without a efficient and sufficientexception handling mechanism you cannot automate. BPEL has no timeout oninvoke for instance.So what you are recommending to use (WSCI/BPEL/BPML) amounts to: a)modeling choreography that need to be fixed by good tools (watch out,tools could produce their metamodel which could replace yourspecifications), b) something hard to agree on in a bi- or multi-partycollaboration c) a complete lack of business semantic witnessed forinstance by the lack of intersection with a business collaborationprotocol.I don't know if everybody agrees that WSCI/BPEL/BPML is the rightapproach, maybe there is a better one that can be built that wouldaddress a), b) and c).JJ------Original Message-----From: Assaf Arkin [mailto:arkin@intalio.com]Sent: Wednesday, February 12, 2003 1:07 PMSubject: RE: Approaches to Web Services Choreography [was Same model forboth Public and Private process ??]Precisely.The process-meta-models and specific process definitions based on themeta-models that have seen acceptance in the industry in terms ofproduction use thus far have been based on top-down approach. You startwith a business process that you like to accomplish (B2B/B2C/A2A) suchas inventory-managment, order-processing etc., available at a businessdefinition level that you model in terms of the parties, messages(documents/schemas) that are exchanged in a well-defined and controlledorder (choreography). We should expect this to be predominent and morepragmatic case as it supports automating a business process that isaccomplished otherwise (partially or fully manual) in the industry.It is also possible to take the bottom-up approach where existing Webservices can be composed into higher lever composite Web services andchoreographies, the approach taken by WSCI and BPEL mainly.What would it take to dispel the myth that WSCI/BPEL/BPML force you todo bottom-up modeling?Durining training sessions we let customers play with our product andwhat we see is that customers don't model choreographies strictlybottom-up or strictly top-down. They do what feels natural and bestmeets their needs.You can see the customer pull a set of existing services to form a newchoreography, where these service are already defined and not subject tochange. Then the customer adds new activities specific to thatchoreography for which not service definition exists. Once thechoreography is mapped out visually they start defining the messageschema, in effect defining the service after the choreography.I'll call this 'the organic approach'. You can decide to only definechoreographies top-down or only bottom-up. But you can mix the two anddo things in the best way that meets your requirements.arkinI have always imagined though that a higher level collaborative processmodeling language descriptions (e.g. BPSS or PIP definitions) can be putthrough a tool that can generate the BPEL or WSCI defintions eitherfully or partially. Business will need a way to model their partners(parties) and interactions with partners in a business process in a waythat is independent of how it is implemented in terms of Web services(or the full blown details there in). It is more meaningful for them tospeak interms of sending a RequestForQuote and receiving a Quote ratherthan a Web service port and operation etc.Hence the question for us is, if we want to define a language thatfacilitates modeling at the business-level and then break-it down into aWeb service based choreography or limit to the latter only and leave itupto the tools to bridge the gap.I guess questions have been raised on the need to model internal orprivate processes, which have been mainly flow oriented. I think we needto accommodate both to facilitate end-end process modeling, though IMOthey need to be clearly separted out and treated separtely instead ofmingling both aspects into one unified model as it seems to have beendone in some of the specs we have been looking at.Regards, PrasadMartin Chapman wrote:",
            "docno": "lists-025-6832812",
            "received": "Wed Feb 12 14:20:49 2003",
            "isoreceived": "20030212192049",
            "sent": "Wed, 12 Feb 2003 14:18:43 -0500",
            "isosent": "20030212191843",
            "name": "Jean-Jacques Dubray",
            "email": "jjd@eigner.com",
            "subject": "RE: Approaches to Web Services Choreography [was Same model for both Public and Private process ??]",
            "id": "001901c2d2cb$a1f04f70$236e050a@JJD",
            "charset": "us-ascii",
            "inreplyto": "IGEJLEPAJBPHKACOOKHNCEPLDCAA.arkin&#64;intalio.com",
            "expires": "-1",
            "to": " Prasad Yendluri; Martin Chapman; 'Jean-Jacques Dubray'; 'Ricky Ho'\n",
            "cc": " public-ws-chor@w3.org\n"
        },
        {
            "body": "Precisely.The process-meta-models and specific process definitions based on themeta-models that have seen acceptance in the industry in terms of productionuse thus far have been based on top-down approach. You start with a businessprocess that you like to accomplish (B2B/B2C/A2A) such asinventory-managment, order-processing etc., available at a businessdefinition level that you model in terms of the parties, messages(documents/schemas) that are exchanged in a well-defined and controlledorder (choreography). We should expect this to be predominent and morepragmatic case as it supports automating a business process that isaccomplished otherwise (partially or fully manual) in the industry.It is also possible to take the bottom-up approach where existing Webservices can be composed into higher lever composite Web services andchoreographies, the approach taken by WSCI and BPEL mainly.What would it take to dispel the myth that WSCI/BPEL/BPML force you to dobottom-up modeling?Durining training sessions we let customers play with our product and whatwe see is that customers don't model choreographies strictly bottom-up orstrictly top-down. They do what feels natural and best meets their needs.You can see the customer pull a set of existing services to form a newchoreography, where these service are already defined and not subject tochange. Then the customer adds new activities specific to that choreographyfor which not service definition exists. Once the choreography is mapped outvisually they start defining the message schema, in effect defining theservice after the choreography.I'll call this 'the organic approach'. You can decide to only definechoreographies top-down or only bottom-up. But you can mix the two and dothings in the best way that meets your requirements.arkinI have always imagined though that a higher level collaborative processmodeling language descriptions (e.g. BPSS or PIP definitions) can be putthrough a tool that can generate the BPEL or WSCI defintions either fully orpartially. Business will need a way to model their partners (parties) andinteractions with partners in a business process in a way that isindependent of how it is implemented in terms of Web services (or the fullblown details there in). It is more meaningful for them to speak interms ofsending a RequestForQuote and receiving a Quote rather than a Web serviceport and operation etc.Hence the question for us is, if we want to define a language thatfacilitates modeling at the business-level and then break-it down into a Webservice based choreography or limit to the latter only and leave it upto thetools to bridge the gap.I guess questions have been raised on the need to model internal orprivate processes, which have been mainly flow oriented. I think we need toaccommodate both to facilitate end-end process modeling, though IMO theyneed to be clearly separted out and treated separtely instead of minglingboth aspects into one unified model as it seems to have been done in some ofthe specs we have been looking at.Regards, PrasadMartin Chapman wrote:",
            "docno": "lists-025-6819478",
            "received": "Wed Feb 12 13:08:50 2003",
            "isoreceived": "20030212180850",
            "sent": "Wed, 12 Feb 2003 10:06:31 -0800",
            "isosent": "20030212180631",
            "name": "Assaf Arkin",
            "email": "rkin@intalio.com",
            "subject": "RE: Approaches to Web Services Choreography [was Same model for both Public and Private process ??]",
            "id": "IGEJLEPAJBPHKACOOKHNCEPLDCAA.arkin@intalio.com",
            "charset": "us-ascii",
            "inreplyto": "3E4996CE.3040201&#64;webmethods.com",
            "expires": "-1",
            "to": "\"Prasad Yendluri\"<pyendluri@webmethods.com>,\"Martin Chapman\"<martin.chapman@oracle.com>,\"'Jean-Jacques Dubray'\"<jjd@eigner.com>,\"'Ricky Ho'\"<riho@cisco.com>\n",
            "cc": "<public-ws-chor@w3.org>\n"
        }
    ]
}