{
    "id": "candidate-0137",
    "name": "Volker Wiechers",
    "gender": "MALE",
    "email": "volker.wiechers@sap.com",
    "mails": [
        {
            "body": "Cool, I'm sure between us we can get the document fixed up. Nilo, are you happy that you know what changes are needed?Gudge> -----Original Message-----> From: Volker Wiechers [mailto:volker.wiechers@sap.com]> Sent: 14 May 2003 21:05> To: Martin Gudgin> Cc: Nilo Mitra (EUS); Yves Lafon; W3C Public Archive> Subject: Re: Modified soap12-part0.html>> Martin,>> example 4  now looks good, but the other examples using ?ke> J?gvan ?yvind are still  bad.>> The charset attribute set to utf-8 for the meta tag might be> usefull as well.>> Best regards,>     Volker>>>",
            "docno": "lists-099-7070951",
            "received": "Wed May 14 16:07:37 2003",
            "isoreceived": "20030514200737",
            "sent": "Wed, 14 May 2003 13:06:48 -0700",
            "isosent": "20030514200648",
            "name": "Martin Gudgin",
            "email": "gudgin@microsoft.com",
            "subject": "RE: Modified soap12-part0.html",
            "id": "7C083876C492EB4BAAF6B3AE0732970E0B793949@red-msg-08.redmond.corp.microsoft.com",
            "charset": "iso-8859-1",
            "inreplyto": "Modified soap12-part0.html",
            "expires": "-1",
            "to": "\"Volker Wiechers\"<volker.wiechers@sap.com>\n",
            "cc": "\"Nilo Mitra \\(EUS\\)\"<Nilo.Mitra@am1.ericsson.se>,\"Yves Lafon\"<ylafon@w3.org>,\"W3C Public Archive\"<www-archive@w3.org>\n"
        },
        {
            "body": "Volker:>> > Changing the iso-8859-1 chars to there encoded> > representations ?ke J?gvan ?yvind -> &Aring;ke J&oacute;gvan> > &Oslash;yvind will not change the document at all but might> > stop confusing people that are not HTML, XML UTF9 etc. experts :)>> But when people view the HTML they should just see ?ke> J?gvan ?yvind... And that's what I see write now in my> browser. Sounds more like a browser bug to me.>> Gudge> > >>It seems to me that you may have set (perhaps inadvertently) your browser'scharacter encoding setting (typically under the View menu item) to UTF-8.Volker, can you reset it to \"Auto-select\" and see if you browser cannot automaticallypick up the correct encoding ISO 8859-1 of the html document and display thewretched (made up) name correctly in all instances.Thanks,Nilo",
            "docno": "lists-099-7160721",
            "received": "Fri May 16 13:45:12 2003",
            "isoreceived": "20030516174512",
            "sent": "Fri, 16 May 2003 12:44:51 -0500",
            "isosent": "20030516174451",
            "name": "Nilo Mitra (EUS)",
            "email": "Nilo.Mitra@am1.ericsson.se",
            "subject": "RE: Modified soap12-part0.html",
            "id": "77BEF8ACD6CB1B4DA605D9D9CF554AEB126A6C@eamrcnt727.exu.ericsson.se",
            "charset": "iso-8859-1",
            "inreplyto": "Modified soap12-part0.html",
            "expires": "-1",
            "to": "\"'Martin Gudgin'\"<mgudgin@microsoft.com>, Volker Wiechers<volker.wiechers@sap.com>\n",
            "cc": " Yves Lafon<ylafon@w3.org>, W3C Public Archive<www-archive@w3.org>\n"
        },
        {
            "body": "On Wed, 14 May 2003, Nilo Mitra (EUS) wrote:> Thanks, Gudge. Without checking, I had mistakenly assumed that the> editor I was using, W3C's Amaya, had inserted the appropriate unicode> character codes. It had not, using platform specific support instead. I> also see what Volker's problem is/was.Well, the encoding of the document is iso-8859-1, which is the default fortext/html. As \"d8  ?\", \"f3  ?\" and \"c5  ?\" are valid characters, theydon't need to be escaped.(here are the HTTP headers sent:Date: Thu, 15 May 2003 08:51:37 GMTServer: Apache/1.3.27 (Unix) PHP/4.2.3P3P: policyref=\"http://www.w3.org/2001/05/P3P/p3p.xml\"Cache-Control: max-age=21600Expires: Thu, 15 May 2003 14:51:37 GMTLast-Modified: Tue, 06 May 2003 23:47:37 GMTETag: \"3eb84999\"Accept-Ranges: bytesContent-Length: 169773Content-MD5: 1qlpWIoETJiLaY6BfRyQbw==Connection: closeContent-Type: text/html; charset=iso-8859-1The conclusion is, the document is OK as-is, or should use the properiso-8859-1 encoding if the plain characters have to disappear.>> I shall insert the character refs into all occurrences of the name so that it renders the same whether the encoding chosen on the browser is Western European or UTF-8.>> I think this should solve the \"problem\".> Thanks> Nilo> PS. Yves and/or Gudge: Are you going to create a new directory for the latest editor's copy. Thanks.>>  > -----Original Message----->  > From: Martin Gudgin [mailto:mgudgin@microsoft.com]>  > Sent: Wednesday, May 14, 2003 3:35 PM>  > To: Volker Wiechers; Nilo Mitra (EUS)>  > Cc: Yves Lafon; W3C Public Archive>  > Subject: Modified soap12-part0.html>  >>  >>  > Volker,>  >>  > Can you load the attached doc up in your browser? And let me know how>  > example 4 looks? ( I put character refs in ). BTW this is>  > just the doc>  > in the 2/06/LC directory.>  >>  > Gudge>  >>--Yves Lafon - W3C\"Baroula que barouleras, au ti?u toujou t'entourneras.\"",
            "docno": "lists-099-7089871",
            "received": "Thu May 15 04:55:03 2003",
            "isoreceived": "20030515085503",
            "sent": "Thu, 15 May 2003 10:54:55 +0200 (MEST)",
            "isosent": "20030515085455",
            "name": "Yves Lafon",
            "email": "ylafon@w3.org",
            "subject": "RE: Modified soap12-part0.html",
            "id": "Pine.GSO.4.53.0305151049510.4888@tarantula.inria.fr",
            "charset": "ISO-8859-1",
            "inreplyto": "77BEF8ACD6CB1B4DA605D9D9CF554AEB126A59&#64;eamrcnt727.exu.ericsson.se",
            "expires": "-1",
            "to": "\"Nilo Mitra (EUS)\"<Nilo.Mitra@am1.ericsson.se>\n",
            "cc": "\"'Martin Gudgin'\"<mgudgin@microsoft.com>, Volker Wiechers<volker.wiechers@sap.com>, W3C Public Archive<www-archive@w3.org>\n"
        },
        {
            "body": "Thanks, Gudge. Without checking, I had mistakenly assumed that the editor I was using, W3C's Amaya, had inserted the appropriate unicode character codes. It had not, using platform specific support instead. I also see what Volker's problem is/was.I shall insert the character refs into all occurrences of the name so that it renders the same whether the encoding chosen on the browser is Western European or UTF-8.I think this should solve the \"problem\".ThanksNiloPS. Yves and/or Gudge: Are you going to create a new directory for the latest editor's copy. Thanks.> -----Original Message-----> From: Martin Gudgin [mailto:mgudgin@microsoft.com]> Sent: Wednesday, May 14, 2003 3:35 PM> To: Volker Wiechers; Nilo Mitra (EUS)> Cc: Yves Lafon; W3C Public Archive> Subject: Modified soap12-part0.html>>> Volker,>> Can you load the attached doc up in your browser? And let me know how> example 4 looks? ( I put character refs in ). BTW this is> just the doc> in the 2/06/LC directory.>> Gudge>",
            "docno": "lists-099-7080218",
            "received": "Wed May 14 16:09:59 2003",
            "isoreceived": "20030514200959",
            "sent": "Wed, 14 May 2003 15:09:46 -0500",
            "isosent": "20030514200946",
            "name": "Nilo Mitra (EUS)",
            "email": "Nilo.Mitra@am1.ericsson.se",
            "subject": "RE: Modified soap12-part0.html",
            "id": "77BEF8ACD6CB1B4DA605D9D9CF554AEB126A59@eamrcnt727.exu.ericsson.se",
            "charset": "iso-8859-1",
            "inreplyto": "Modified soap12-part0.html",
            "expires": "-1",
            "to": "\"'Martin Gudgin'\"<mgudgin@microsoft.com>, Volker Wiechers<volker.wiechers@sap.com>\n",
            "cc": " Yves Lafon<ylafon@w3.org>, W3C Public Archive<www-archive@w3.org>\n"
        },
        {
            "body": "OK, no change should be necessary then. But I'm not sure how this helps Volker...Gudge> -----Original Message-----> From: Yves Lafon [mailto:ylafon@w3.org]> Sent: 15 May 2003 09:55> To: Nilo Mitra (EUS)> Cc: Martin Gudgin; Volker Wiechers; W3C Public Archive> Subject: RE: Modified soap12-part0.html>> On Wed, 14 May 2003, Nilo Mitra (EUS) wrote:>> > Thanks, Gudge. Without checking, I had mistakenly assumed that the> > editor I was using, W3C's Amaya, had inserted the> appropriate unicode> > character codes. It had not, using platform specific> support instead.> > I also see what Volker's problem is/was.>> Well, the encoding of the document is iso-8859-1, which is> the default for text/html. As \"d8  ?\", \"f3  ?\" and \"c5  ?\"> are valid characters, they don't need to be escaped.>> (here are the HTTP headers sent:> Date: Thu, 15 May 2003 08:51:37 GMT> Server: Apache/1.3.27 (Unix) PHP/4.2.3> P3P: policyref=\"http://www.w3.org/2001/05/P3P/p3p.xml\"> Cache-Control: max-age=21600> Expires: Thu, 15 May 2003 14:51:37 GMT> Last-Modified: Tue, 06 May 2003 23:47:37 GMT> ETag: \"3eb84999\"> Accept-Ranges: bytes> Content-Length: 169773> Content-MD5: 1qlpWIoETJiLaY6BfRyQbw==> Connection: close> Content-Type: text/html; charset=iso-8859-1>> The conclusion is, the document is OK as-is, or should use the proper> iso-8859-1 encoding if the plain characters have to disappear.>>  >> > I shall insert the character refs into all occurrences of> the name so that it renders the same whether the encoding> chosen on the browser is Western European or UTF-8.> >> > I think this should solve the \"problem\".> > Thanks> > Nilo> > PS. Yves and/or Gudge: Are you going to create a new> directory for the latest editor's copy. Thanks.> >> >  > -----Original Message-----> >  > From: Martin Gudgin [mailto:mgudgin@microsoft.com]  > Sent:> > Wednesday, May 14, 2003 3:35 PM  > To: Volker Wiechers; Nilo Mitra> > (EUS)  > Cc: Yves Lafon; W3C Public Archive  > Subject: Modified> > soap12-part0.html  >  >  > Volker,  >  > Can you load the> attached doc> > up in your browser? And let me know how  > example 4 looks? ( I put> > character refs in ). BTW this is  > just the doc  > in the 2/06/LC> > directory.> >  >> >  > Gudge> >  >> >>> --> Yves Lafon - W3C> \"Baroula que barouleras, au ti?u toujou t'entourneras.\">>",
            "docno": "lists-099-7120672",
            "received": "Fri May 16 06:25:05 2003",
            "isoreceived": "20030516102505",
            "sent": "Fri, 16 May 2003 03:22:55 -0700",
            "isosent": "20030516102255",
            "name": "Martin Gudgin",
            "email": "gudgin@microsoft.com",
            "subject": "RE: Modified soap12-part0.html",
            "id": "7C083876C492EB4BAAF6B3AE0732970E0B7E72BE@red-msg-08.redmond.corp.microsoft.com",
            "charset": "iso-8859-1",
            "inreplyto": "Modified soap12-part0.html",
            "expires": "-1",
            "to": "\"Yves Lafon\"<ylafon@w3.org>,\"Nilo Mitra \\(EUS\\)\"<Nilo.Mitra@am1.ericsson.se>\n",
            "cc": "\"Volker Wiechers\"<volker.wiechers@sap.com>,\"W3C Public Archive\"<www-archive@w3.org>\n"
        },
        {
            "body": "Volker:I am going to make the suggested change so as to allow the correct rendition on all browsersno matter how their encoding type is configured. I think we all agree that this isa separate editorial change, and that the PR open issue addressed a separate problemwhich Gudge aswered to the originator's satisfaction, and that we should recoomed at nextweek's telcon that it be closed.ThanksNilo> -----Original Message-----> From: Volker Wiechers [mailto:volker.wiechers@sap.com]> Sent: Friday, May 16, 2003 12:38 PM> To: Martin Gudgin> Cc: Yves Lafon; Nilo Mitra (EUS); W3C Public Archive> Subject: Re: Modified soap12-part0.html>>> It is not a question that the document is legal html. But at least> one person was confused about the xml examples. Changing> the iso-8859-1 chars to there encoded representations> ?ke J?gvan ?yvind -> &Aring;ke J&oacute;gvan &Oslash;yvind> will not change the document at all but might stop confusing people> that are not HTML, XML UTF9 etc. experts :)>> Best regards,>     Volker>> Martin Gudgin wrote:>> >OK, no change should be necessary then. But I'm not sure> how this helps Volker...> >> >Gudge> >> >> >> >>-----Original Message-----> >>From: Yves Lafon [mailto:ylafon@w3.org]> >>Sent: 15 May 2003 09:55> >>To: Nilo Mitra (EUS)> >>Cc: Martin Gudgin; Volker Wiechers; W3C Public Archive> >>Subject: RE: Modified soap12-part0.html> >>> >>On Wed, 14 May 2003, Nilo Mitra (EUS) wrote:> >>> >>> >>> >>>Thanks, Gudge. Without checking, I had mistakenly assumed> that the> >>>editor I was using, W3C's Amaya, had inserted the> >>>> >>>> >>appropriate unicode> >>> >>> >>>character codes. It had not, using platform specific> >>>> >>>> >>support instead.> >>> >>> >>>I also see what Volker's problem is/was.> >>>> >>>> >>Well, the encoding of the document is iso-8859-1, which is> >>the default for text/html. As \"d8  ?\", \"f3  ?\" and \"c5  ?\"> >>are valid characters, they don't need to be escaped.> >>> >>(here are the HTTP headers sent:> >>Date: Thu, 15 May 2003 08:51:37 GMT> >>Server: Apache/1.3.27 (Unix) PHP/4.2.3> >>P3P: policyref=\"http://www.w3.org/2001/05/P3P/p3p.xml\"> >>Cache-Control: max-age=21600> >>Expires: Thu, 15 May 2003 14:51:37 GMT> >>Last-Modified: Tue, 06 May 2003 23:47:37 GMT> >>ETag: \"3eb84999\"> >>Accept-Ranges: bytes> >>Content-Length: 169773> >>Content-MD5: 1qlpWIoETJiLaY6BfRyQbw==> >>Connection: close> >>Content-Type: text/html; charset=iso-8859-1> >>> >>The conclusion is, the document is OK as-is, or should use> the proper> >>iso-8859-1 encoding if the plain characters have to disappear.> >>> >> >> >>> >>> >>>I shall insert the character refs into all occurrences of> >>>> >>>> >>the name so that it renders the same whether the encoding> >>chosen on the browser is Western European or UTF-8.> >>> >>> >>>I think this should solve the \"problem\".> >>>Thanks> >>>Nilo> >>>PS. Yves and/or Gudge: Are you going to create a new> >>>> >>>> >>directory for the latest editor's copy. Thanks.> >>> >>> >>> > -----Original Message-----> >>> > From: Martin Gudgin [mailto:mgudgin@microsoft.com]  > Sent:> >>>Wednesday, May 14, 2003 3:35 PM  > To: Volker Wiechers;> Nilo Mitra> >>>(EUS)  > Cc: Yves Lafon; W3C Public Archive  > Subject: Modified> >>>soap12-part0.html  >  >  > Volker,  >  > Can you load the> >>>> >>>> >>attached doc> >>> >>> >>>up in your browser? And let me know how  > example 4> looks? ( I put> >>>character refs in ). BTW this is  > just the doc  > in> the 2/06/LC> >>>directory.> >>> >> >>> > Gudge> >>> >> >>>> >>>> >>>> >>--> >>Yves Lafon - W3C> >>\"Baroula que barouleras, au ti?u toujou t'entourneras.\"> >>> >>> >>> >>>>",
            "docno": "lists-099-7132456",
            "received": "Fri May 16 12:46:55 2003",
            "isoreceived": "20030516164655",
            "sent": "Fri, 16 May 2003 11:46:42 -0500",
            "isosent": "20030516164642",
            "name": "Nilo Mitra (EUS)",
            "email": "Nilo.Mitra@am1.ericsson.se",
            "subject": "RE: Modified soap12-part0.html",
            "id": "77BEF8ACD6CB1B4DA605D9D9CF554AEB126A6A@eamrcnt727.exu.ericsson.se",
            "charset": "iso-8859-1",
            "inreplyto": "Modified soap12-part0.html",
            "expires": "-1",
            "to": "\"'Volker Wiechers'\"<volker.wiechers@sap.com>\n",
            "cc": " Yves Lafon<ylafon@w3.org>, W3C Public Archive<www-archive@w3.org>, Martin Gudgin<mgudgin@microsoft.com>\n"
        },
        {
            "body": "Perfect. We are all on the same page, I think.I'll use the unicode character references, which, as a quick check will show,displays the name correctly using various browser encoding choices, (althoughother text may become gibberish ;-)ThanksNilo> -----Original Message-----> From: Volker Wiechers [mailto:volker.wiechers@sap.com]> Sent: Friday, May 16, 2003 2:14 PM> To: Nilo Mitra (EUS)> Cc: 'Martin Gudgin'; Yves Lafon; W3C Public Archive> Subject: Re: Modified soap12-part0.html>>> Hi Nilo,>> my browser works fine :)  (it's default is auto-select).>> I only tried to understood, why the originator of the issus> has problems to see the \"right name\"> (and therefore I intentional set the borwser to utf-8).>> I assume that his browser was set to UTF-8 or he> did a copy-and-past from the browser to an editor> (notepad?)> The result was some \"ugly\" chars within the document, that> confused the originator of the issue.>> Conclusion:> o The document is in the right encoding (for html),> o it can be viewed  correctly with a brower (if using auto-select)> o but might confuse peolpe (as it did for Aman)>> Changing the confusing chars will not change the document at all> but might be helpful for people doing the same \"mistake\" as Aman did.>> Best regards,>     Volker>> Nilo Mitra (EUS) wrote:>> >Volker:> >> >  >> > > > Changing the iso-8859-1 chars to there encoded> > > > representations ?ke J?gvan ?yvind -> &Aring;ke J&oacute;gvan> > > > &Oslash;yvind will not change the document at all but might> > > > stop confusing people that are not HTML, XML UTF9 etc.> experts :)> > >> > > But when people view the HTML they should just see ?ke> > > J?gvan ?yvind... And that's what I see write now in my> > > browser. Sounds more like a browser bug to me.> > >> > > Gudge> >  > > >>> >> >It seems to me that you may have set (perhaps> inadvertently) your browser's> >character encoding setting (typically under the View menu> item) to UTF-8.> >Volker, can you reset it to \"Auto-select\" and see if you> browser cannot automatically> >pick up the correct encoding ISO 8859-1 of the html> document and display the> >wretched (made up) name correctly in all instances.> >> >Thanks,> >Nilo> >> >>>",
            "docno": "lists-099-7169736",
            "received": "Fri May 16 14:23:57 2003",
            "isoreceived": "20030516182357",
            "sent": "Fri, 16 May 2003 13:23:40 -0500",
            "isosent": "20030516182340",
            "name": "Nilo Mitra (EUS)",
            "email": "Nilo.Mitra@am1.ericsson.se",
            "subject": "RE: Modified soap12-part0.html",
            "id": "77BEF8ACD6CB1B4DA605D9D9CF554AEB126A6D@eamrcnt727.exu.ericsson.se",
            "charset": "iso-8859-1",
            "inreplyto": "Modified soap12-part0.html",
            "expires": "-1",
            "to": "\"'Volker Wiechers'\"<volker.wiechers@sap.com>\n",
            "cc": "\"'Martin Gudgin'\"<mgudgin@microsoft.com>, Yves Lafon<ylafon@w3.org>, W3C Public Archive<www-archive@w3.org>\n"
        },
        {
            "body": "> -----Original Message-----> From: Volker Wiechers [mailto:volker.wiechers@sap.com]> Sent: 16 May 2003 17:38> To: Martin Gudgin> Cc: Yves Lafon; Nilo Mitra (EUS); W3C Public Archive> Subject: Re: Modified soap12-part0.html>> It is not a question that the document is legal html. But at> least one person was confused about the xml examples.I think the confusion was caused by a misunderstanding of how UTF-8 works.> Changing the iso-8859-1 chars to there encoded> representations ?ke J?gvan ?yvind -> &Aring;ke J&oacute;gvan> &Oslash;yvind will not change the document at all but might> stop confusing people that are not HTML, XML UTF9 etc. experts :)But when people view the HTML they should just see ?ke J?gvan ?yvind... And that's what I see write now in my browser. Sounds more like a browser bug to me.Gudge>> Best regards,>     Volker>> Martin Gudgin wrote:>> >OK, no change should be necessary then. But I'm not sure how> this helps Volker...> >> >Gudge> >> >> >> >>-----Original Message-----> >>From: Yves Lafon [mailto:ylafon@w3.org]> >>Sent: 15 May 2003 09:55> >>To: Nilo Mitra (EUS)> >>Cc: Martin Gudgin; Volker Wiechers; W3C Public Archive> >>Subject: RE: Modified soap12-part0.html> >>> >>On Wed, 14 May 2003, Nilo Mitra (EUS) wrote:> >>> >>> >>> >>>Thanks, Gudge. Without checking, I had mistakenly assumed that the> >>>editor I was using, W3C's Amaya, had inserted the> >>>> >>>> >>appropriate unicode> >>> >>> >>>character codes. It had not, using platform specific> >>>> >>>> >>support instead.> >>> >>> >>>I also see what Volker's problem is/was.> >>>> >>>> >>Well, the encoding of the document is iso-8859-1, which is> the default> >>for text/html. As \"d8  ?\", \"f3  ?\" and \"c5  ?\"> >>are valid characters, they don't need to be escaped.> >>> >>(here are the HTTP headers sent:> >>Date: Thu, 15 May 2003 08:51:37 GMT> >>Server: Apache/1.3.27 (Unix) PHP/4.2.3> >>P3P: policyref=\"http://www.w3.org/2001/05/P3P/p3p.xml\"> >>Cache-Control: max-age=21600> >>Expires: Thu, 15 May 2003 14:51:37 GMT> >>Last-Modified: Tue, 06 May 2003 23:47:37 GMT> >>ETag: \"3eb84999\"> >>Accept-Ranges: bytes> >>Content-Length: 169773> >>Content-MD5: 1qlpWIoETJiLaY6BfRyQbw==> >>Connection: close> >>Content-Type: text/html; charset=iso-8859-1> >>> >>The conclusion is, the document is OK as-is, or should use> the proper> >>iso-8859-1 encoding if the plain characters have to disappear.> >>> >> >> >>> >>> >>>I shall insert the character refs into all occurrences of> >>>> >>>> >>the name so that it renders the same whether the encoding chosen on> >>the browser is Western European or UTF-8.> >>> >>> >>>I think this should solve the \"problem\".> >>>Thanks> >>>Nilo> >>>PS. Yves and/or Gudge: Are you going to create a new> >>>> >>>> >>directory for the latest editor's copy. Thanks.> >>> >>> >>> > -----Original Message-----> >>> > From: Martin Gudgin [mailto:mgudgin@microsoft.com]  > Sent:> >>>Wednesday, May 14, 2003 3:35 PM  > To: Volker Wiechers; Nilo Mitra> >>>(EUS)  > Cc: Yves Lafon; W3C Public Archive  > Subject: Modified> >>>soap12-part0.html  >  >  > Volker,  >  > Can you load the> >>>> >>>> >>attached doc> >>> >>> >>>up in your browser? And let me know how  > example 4> looks? ( I put> >>>character refs in ). BTW this is  > just the doc  > in the 2/06/LC> >>>directory.> >>> >> >>> > Gudge> >>> >> >>>> >>>> >>>> >>--> >>Yves Lafon - W3C> >>\"Baroula que barouleras, au ti?u toujou t'entourneras.\"> >>> >>> >>> >>>>>>",
            "docno": "lists-099-7146583",
            "received": "Fri May 16 12:50:34 2003",
            "isoreceived": "20030516165034",
            "sent": "Fri, 16 May 2003 09:51:08 -0700",
            "isosent": "20030516165108",
            "name": "Martin Gudgin",
            "email": "gudgin@microsoft.com",
            "subject": "RE: Modified soap12-part0.html",
            "id": "7C083876C492EB4BAAF6B3AE0732970E0B7E744D@red-msg-08.redmond.corp.microsoft.com",
            "charset": "iso-8859-1",
            "inreplyto": "Modified soap12-part0.html",
            "expires": "-1",
            "to": "\"Volker Wiechers\"<volker.wiechers@sap.com>\n",
            "cc": "\"Yves Lafon\"<ylafon@w3.org>,\"Nilo Mitra \\(EUS\\)\"<Nilo.Mitra@am1.ericsson.se>,\"W3C Public Archive\"<www-archive@w3.org>\n"
        },
        {
            "body": "Volker,Can you load the attached doc up in your browser? And let me know howexample 4 looks? ( I put character refs in ). BTW this is just the docin the 2/06/LC directory.Gudgetext/html attachment: soap12-part0.html",
            "docno": "lists-099-7061505",
            "received": "Wed May 14 15:35:58 2003",
            "isoreceived": "20030514193558",
            "sent": "Wed, 14 May 2003 12:35:00 -0700",
            "isosent": "20030514193500",
            "name": "Martin Gudgin",
            "email": "gudgin@microsoft.com",
            "subject": "Modified soap12-part0.html",
            "id": "7C083876C492EB4BAAF6B3AE0732970E0B7938CD@red-msg-08.redmond.corp.microsoft.com",
            "charset": "us-ascii",
            "expires": "-1",
            "to": "\"Volker Wiechers\"<volker.wiechers@sap.com>,\"Nilo Mitra \\(EUS\\)\"<Nilo.Mitra@am1.ericsson.se>\n",
            "cc": "\"Yves Lafon\"<ylafon@w3.org>,\"W3C Public Archive\"<www-archive@w3.org>\n"
        }
    ]
}