{
    "id": "candidate-0100",
    "name": "Nilo Mitra",
    "gender": "MALE",
    "email": "nilo.mitra@ericsson.com",
    "mails": [
        {
            "body": "> Hello:> Please could someone let me know how one might insert a date/time (e.g., for showing the last time a document was saved) in a XHTML document suing Amaya.> I have tried every menu key, as well as searched the archives. Thanks in advance> Nilo>> Nilo Mitra> Ericsson Internet Applications Inc.> phone: +1 516-677-1073> mobile: +1 516-476-7427> email: nilo.mitra@ericsson.comHi Nilo,We don't have that functionality in Amaya.Regards--Irene.",
            "docno": "lists-095-6827348",
            "received": "Fri Sep 21 11:16:35 2001",
            "isoreceived": "20010921151635",
            "sent": "Fri, 21 Sep 2001 17:14:17 +0200",
            "isosent": "20010921151417",
            "name": "Irene Vatton",
            "email": "Irene.Vatton@inrialpes.fr",
            "subject": "Re: insert date/time",
            "id": "20010921151417.7C837C@maiana.inrialpes.fr",
            "charset": "us-ascii",
            "inreplyto": "Nilo.Mitra&#64;am1.ericsson.se",
            "expires": "-1",
            "to": "\"Nilo Mitra (EMX)\"<Nilo.Mitra@am1.ericsson.se>\n",
            "cc": "\"'www-amaya@w3.org'\"<www-amaya@w3.org>,\"'nilo.mitra@ericsson.com'\"<nilo.mitra@ericsson.com>,Irene.Vatton@inrialpes.fr\n"
        },
        {
            "body": "Go to W3C's IRC server (irc.w3.org:6665), then join the channel \"#sysreq\".Don't worry if nobody appears to be there, some sysadmins are watching and willpop-up shortly after you join. They are the real people who set up accountsincluding ssh accounts; they will sort out the problem online with you.I'd offer to help, but we're in different timezones, and I'm taking theafternoon (and tomorrow) off.I suspect Yves is off on vacation, enjoying the French Riveria.Jean-Jacques.noah_mendelsohn@us.ibm.com wrote:> I think that CVS has somehow dropped my public key.  Not sure who #sysreg> is, do they lurk to handle support issues?  I was hoping Yves would pick> up on this and help, as he set me up in the first place.  For now, I'm> dead in the water.  Thanks.",
            "docno": "lists-098-3912880",
            "received": "Thu Aug 22 04:02:52 2002",
            "isoreceived": "20020822080252",
            "sent": "Thu, 22 Aug 2002 10:02:29 +0200",
            "isosent": "20020822080229",
            "name": "Jean-Jacques Moreau",
            "email": "oreau@crf.canon.fr",
            "subject": "CVS access (was: MacroMedia)",
            "id": "3D649A95.28DB6B80@crf.canon.fr",
            "charset": "us-ascii",
            "inreplyto": "OF73876DF1.E081E3DE-ON85256C1C.0065898A&#64;lotus.com",
            "expires": "-1",
            "to": "noah_mendelsohn@us.ibm.com\n",
            "cc": " Nilo Mitra<nilo.mitra@ericsson.com>,henrikn@microsoft.com,lafon@w3.org,marc.hadley@sun.com,www-archive@w3.org\n"
        },
        {
            "body": "+1, when deemed appropriate.Martin Gudgin wrote:> I think so.>> > -----Original Message-----> > From: noah_mendelsohn@us.ibm.com [mailto:noah_mendelsohn@us.ibm.com]> >> > Is it appropriate for us to make no changes when issues are> > passed to the> > editors for resolution?  Thanks.",
            "docno": "lists-098-3935978",
            "received": "Thu Aug 22 05:05:59 2002",
            "isoreceived": "20020822090559",
            "sent": "Thu, 22 Aug 2002 11:05:56 +0200",
            "isosent": "20020822090556",
            "name": "Jean-Jacques Moreau",
            "email": "oreau@crf.canon.fr",
            "subject": "Re: Issue 253",
            "id": "3D64A974.27B7D616@crf.canon.fr",
            "charset": "us-ascii",
            "inreplyto": "92456F6B84D1324C943905BEEAE0278E01FC633A&#64;RED-MSG-10.redmond.corp.microsoft.com",
            "expires": "-1",
            "to": " Martin Gudgin<mgudgin@microsoft.com>\n",
            "cc": "noah_mendelsohn@us.ibm.com, Nilo Mitra<nilo.mitra@ericsson.com>, Henrik Frystyk Nielsen<henrikn@microsoft.com>,marc.hadley@sun.com,www-archive@w3.org\n"
        },
        {
            "body": "Hello:Please could someone let me know how one might insert a date/time (e.g., for showing the last time a document was saved) in a XHTML document suing Amaya.I have tried every menu key, as well as searched the archives. Thanks in advanceNiloNilo MitraEricsson Internet Applications Inc.phone: +1 516-677-1073mobile: +1 516-476-7427",
            "docno": "lists-095-6808926",
            "received": "Fri Sep 21 10:35:32 2001",
            "isoreceived": "20010921143532",
            "sent": "Fri, 21 Sep 2001 10:15:23 -0400 (EDT)",
            "isosent": "20010921141523",
            "name": "Nilo Mitra (EMX)",
            "email": ": nilo.mitra@ericsson.com",
            "subject": "insert date/time",
            "id": "C358DED30DFED41192E100508BB392278C396E@eamrcnt716.exu.ericsson.se",
            "expires": "-1",
            "to": "\"'www-amaya@w3.org'\"<www-amaya@w3.org>\n",
            "cc": "\"'nilo.mitra@ericsson.com'\"<nilo.mitra@ericsson.com>\n"
        },
        {
            "body": "Just as Charles mentioned the technique Amaya uses, I dothe same within a programming utility that also converts aflat file to a list construct.If you are in wintel platform i can provide just the date convert part.or if you have awk  on linux i can give you script ---On 21 Sep 2001, at 11:10, Charles McCathieNevile wrote:> At W3C we use a server-based trick for doing this - if you have a magic> string in a document and save it to our servers, it will replace the magic> string with the current date/time as it saves. This is not a function of> Amaya.>> Charles>> On Fri, 21 Sep 2001, Nilo Mitra (EMX) wrote:>>   Hello:>   Please could someone let me know how one might insert a date/time (e.g., for>   showing the last time a document was saved) in a XHTML document suing Amaya. I>   have tried every menu key, as well as searched the archives. Thanks in advance>   Nilo>>   Nilo Mitra>   Ericsson Internet Applications Inc.>   phone: +1 516-677-1073>   mobile: +1 516-476-7427>   email: nilo.mitra@ericsson.com>>>> --> Charles McCathieNevile    http://www.w3.org/People/Charles  phone: +61 409 134> 136 W3C Web Accessibility Initiative     http://www.w3.org/WAI    fax: +1 617> 258 5999 Location: 21 Mitchell street FOOTSCRAY Vic 3011, Australia (or W3C> INRIA, Route des Lucioles, BP 93, 06902 Sophia Antipolis Cedex, France)>John Russell, VE3LL@RAC.CAhttp://www.cgocable.net/~jrusselBe sure to check your HTML markup codetags by using http://validator.w3.org orhttp://www.htmlhelp.com/tools/validator/",
            "docno": "lists-095-6836113",
            "received": "Fri Sep 21 11:19:36 2001",
            "isoreceived": "20010921151936",
            "sent": "Fri, 21 Sep 2001 11:20:42 -0400",
            "isosent": "20010921152042",
            "name": "John Russell",
            "email": "ve3ll@rac.ca",
            "subject": "Re: insert date/time",
            "id": "3BAB228A.27407.13C3210@localhost",
            "charset": "US-ASCII",
            "inreplyto": "Pine.LNX.4.30.0109211109270.22441-100000&#64;tux.w3.org",
            "expires": "-1",
            "to": " Charles McCathieNevile<charles@w3.org>\n",
            "cc": "www-amaya@w3.org\n"
        },
        {
            "body": "At W3C we use a server-based trick for doing this - if you have a magicstring in a document and save it to our servers, it will replace the magicstring with the current date/time as it saves. This is not a function ofAmaya.CharlesOn Fri, 21 Sep 2001, Nilo Mitra (EMX) wrote:Hello:Please could someone let me know how one might insert a date/time (e.g., for showing the last time a document was saved) in a XHTML document suing Amaya.I have tried every menu key, as well as searched the archives. Thanks in advanceNiloNilo MitraEricsson Internet Applications Inc.phone: +1 516-677-1073mobile: +1 516-476-7427email: nilo.mitra@ericsson.com--Charles McCathieNevile    http://www.w3.org/People/Charles  phone: +61 409 134 136W3C Web Accessibility Initiative     http://www.w3.org/WAI    fax: +1 617 258 5999Location: 21 Mitchell street FOOTSCRAY Vic 3011, Australia(or W3C INRIA, Route des Lucioles, BP 93, 06902 Sophia Antipolis Cedex, France)",
            "docno": "lists-095-6817599",
            "received": "Fri Sep 21 11:10:34 2001",
            "isoreceived": "20010921151034",
            "sent": "Fri, 21 Sep 2001 11:10:28 -0400 (EDT)",
            "isosent": "20010921151028",
            "name": "Charles McCathieNevile",
            "email": "charles@w3.org",
            "subject": "Re: insert date/time",
            "id": "Pine.LNX.4.30.0109211109270.22441-100000@tux.w3.org",
            "charset": "US-ASCII",
            "inreplyto": "C358DED30DFED41192E100508BB392278C396E&#64;eamrcnt716.exu.ericsson.se",
            "expires": "-1",
            "to": "\"Nilo Mitra (EMX)\"<Nilo.Mitra@am1.ericsson.se>\n",
            "cc": "\"'www-amaya@w3.org'\"<www-amaya@w3.org>,\"'nilo.mitra@ericsson.com'\"<nilo.mitra@ericsson.com>,<Jose.Kahan@inrialpes.fr>\n"
        },
        {
            "body": "Nilo, re. accepted trivial editorial edits. I would be satisfied if youthis email you do not have to spell out each edit, just say \"the editorialissues X, Y, Z were accepted and incorporated\". A second email should coverall the not-accepted trivial edits.Thanks for the update,David............................................David C. Fallside, IBMExt Ph: 530.477.7169Int  Ph: 544.9665fallside@us.ibm.com|---------+---------------------------->|         |           \"Nilo Mitra      ||         |           (EUS)\"           ||         |           <Nilo.Mitra@am1.e||         |           ricsson.se>      ||         |                            ||         |           09/03/2002 01:21 ||         |           PM               ||         |                            ||---------+---------------------------->>---------------------------------------------------------------------------------------------------------------------------||                                                                                                                           ||       To:       \"'Jean-Jacques Moreau'\" <moreau@crf.canon.fr>, Martin Gudgin <mgudgin@microsoft.com>, Marc Hadley         ||        <marc.hadley@sun.com>, \"Nilo Mitra (EUS)\" <Nilo.Mitra@am1.ericsson.se>, Noah Mendelsohn/Cambridge/IBM@Lotus, Henrik||        Frystyk Nielsen <henrikn@microsoft.com>                                                                            ||       cc:       W3C Public Archive <www-archive@w3.org>, \"'Yves Lafon'\" <ylafon@w3.org>, David Fallside/Santa             ||        Teresa/IBM@IBMUS                                                                                                   ||       Subject:  SOAP Primer LC issues resolution summary as of 9/3/02                                                     ||                                                                                                                           ||                                                                                                                           |>---------------------------------------------------------------------------------------------------------------------------|Dear Editors:This, FYI, is the status of the edits for the primer (latest editors copyat [1]), with LC issues categorised and some questions/comments appended.NOT DONE (yet)218248257260273309 - is this closed per resolution of issue 333?310312346347348349350 (items 1,2)354(b)NOT ACCEPTED245 - need to respond to originator275 - don't know what to say in response308 (first 3 paras) - ditto345 - need to respond to originator\"NON-TRIVIAL\" EDITS ACCEPTED & INCORPORATED238 - responded to originator242 - not responded to originator - seems unnecessary246 - closed at F2F with no changes255 - not responded to originator - seems unnecessary259 - ditto272 - ditto; originator's \"opinions\" in first para ignored287 - need to respond to originator?295 - need to respond to the originator?296 - have responded to originator308 (last para) - seems unnecessary to respond to originator311 - not responded to originator - seems unnecessary344 - ditto354(a) - ditto\"TRIVIAL\" EDITS ACCEPTED AND INCORPORATED247274293313 - not everything accepted.350 (all except items 1, 2)351 - responded to originator352372MISDIRECTED AT PART 0261 - accepted as P1 issue by other editors262 - ditto264 - ditto265 - ditto309 - accepted as a general issue; is it resolved by issue 333?Yves: Perhaps the \"trivial\" edits can be marked as closed. The \"non-trivialedits accepted and incorporated\" could also be marked as closed unless youwant me to first respond to the originator.  A general question I have isthis: do I have to respond to every issue's originator? Please clarify.ThanksNiloNilo MitraEricsson, Inc.phone: +1 516-677-1073mobile: +1 516-476-7427nilo.mitra@ericsson.com",
            "docno": "lists-098-14306210",
            "received": "Wed Sep  4 13:27:50 2002",
            "isoreceived": "20020904172750",
            "sent": "just one email to xmlp-comments & originators to cover all of them. In",
            "isosent": "20020904172538",
            "name": "David C. Fallside",
            "email": "fallside@us.ibm.com",
            "subject": "Re: SOAP Primer LC issues resolution summary as of 9/3/02",
            "id": "OFC8F39A6F.663B96B3-ON88256C2A.005F5C87@boulder.ibm.com",
            "charset": "us-ascii",
            "inreplyto": "SOAP Primer LC issues resolution summary as of 9/3/02",
            "expires": "-1",
            "to": "\"Nilo Mitra (EUS)\"<Nilo.Mitra@am1.ericsson.se>\n",
            "cc": " Henrik Frystyk Nielsen<henrikn@microsoft.com>, Marc Hadley<marc.hadley@sun.com>, Martin Gudgin<mgudgin@microsoft.com>,\"'Jean-Jacques Moreau'\"<moreau@crf.canon.fr>,\"Nilo Mitra (EUS)\"<Nilo.Mitra@am1.ericsson.se>, Noah Mendelson<noah_mendelsohn@us.ibm.com>, W3C Public Archive<www-archive@w3.org>,\"'Yves Lafon'\"<ylafon@w3.org>\n"
        },
        {
            "body": "Dear Editors:This, FYI, is the status of the edits for the primer (latest editors copy at [1]), with LC issues categorised and some questions/comments appended.NOT DONE (yet)218248257260273309 - is this closed per resolution of issue 333?310312346347348349350 (items 1,2)354(b)NOT ACCEPTED245 - need to respond to originator275 - don't know what to say in response308 (first 3 paras) - ditto345 - need to respond to originator\"NON-TRIVIAL\" EDITS ACCEPTED & INCORPORATED238 - responded to originator242 - not responded to originator - seems unnecessary246 - closed at F2F with no changes255 - not responded to originator - seems unnecessary259 - ditto272 - ditto; originator's \"opinions\" in first para ignored287 - need to respond to originator?295 - need to respond to the originator?296 - have responded to originator308 (last para) - seems unnecessary to respond to originator311 - not responded to originator - seems unnecessary344 - ditto354(a) - ditto\"TRIVIAL\" EDITS ACCEPTED AND INCORPORATED247274293313 - not everything accepted.350 (all except items 1, 2)351 - responded to originator352372MISDIRECTED AT PART 0261 - accepted as P1 issue by other editors262 - ditto264 - ditto265 - ditto309 - accepted as a general issue; is it resolved by issue 333?Yves: Perhaps the \"trivial\" edits can be marked as closed. The \"non-trivial edits accepted and incorporated\" could also be marked as closed unless you want me to first respond to the originator.  A general question I have is this: do I have to respond to every issue's originator? Please clarify.ThanksNiloNilo MitraEricsson, Inc.phone: +1 516-677-1073mobile: +1 516-476-7427nilo.mitra@ericsson.com",
            "docno": "lists-098-14120149",
            "received": "Tue Sep  3 16:21:12 2002",
            "isoreceived": "20020903202112",
            "sent": "Tue, 3 Sep 2002 15:21:06 -0500 ",
            "isosent": "20020903202106",
            "name": "Nilo Mitra (EUS)",
            "email": "Nilo.Mitra@am1.ericsson.se",
            "subject": "SOAP Primer LC issues resolution summary as of 9/3/02",
            "id": "C358DED30DFED41192E100508BB3922701EE7BD7@eamrcnt716.exu.ericsson.se",
            "charset": "iso-8859-1",
            "expires": "-1",
            "to": "\"'Jean-Jacques Moreau'\"<moreau@crf.canon.fr>, Martin Gudgin<mgudgin@microsoft.com>, Marc Hadley<marc.hadley@sun.com>,\"Nilo Mitra (EUS)\"<Nilo.Mitra@am1.ericsson.se>, Noah Mendelson<noah_mendelsohn@us.ibm.com>, Henrik Frystyk Nielsen<henrikn@microsoft.com>\n",
            "cc": " W3C Public Archive<www-archive@w3.org>,\"'Yves Lafon'\"<ylafon@w3.org>,\"'David Fallside'\"<fallside@us.ibm.com>\n"
        }
    ]
}