{
    "id": "candidate-0153",
    "name": "Patrick D F Ion",
    "gender": "MALE",
    "email": "ion@ams.org",
    "mails": [
        {
            "body": "Dears,the formalization problem you mention seem to have aquite general nature.The former MathMl WG is currently formalizing the new charterproposal. If you have any interesting idea or suggestion toapproach MathML to your activities, I would strongly suggestyou to contact the main responsibles of MathML.(I send a copy in CC to Patrick Ion).Best wishes.-- andreaOn Wed, 14 Feb 2001, Dan Connolly wrote:> Philip Wadler wrote:> >> > I would be interested in formalizing both MSL and the query algebra.> >> >         MSL:> >         http://www.cs.bell-labs.com/who/wadler/topics/xml.html#msl> >> >         Query algebra:> >         http://www.cs.bell-labs.com/who/wadler/topics/xml.html#xalgebra-icdt> >         http://www.w3.org/TR/query-algebra>> Yes... exactly... me too; I see the latter is available as PDF;> I'd like to know how you produce it. I suspect you use latex> and some idioms/macros for grammars and inference rules> (and a few other notational idioms). If you'll point> me to some documentation of those tex/latex idioms> [I've been searching/surfing/googling without much luck]> and maybe let me look at the tex source of that algebra> paper, I'll try to design some XHTML/MathML dialect> that>> * can be machine-translated (using XSLT or something)> to larch/coq/boomborg-pc for proof-checking>> * can be machine-translated to TeX for all the things> that TeX is good for (printing, submitting to> journals, etc.)>> * can be edited in direct-manipulation fashion with Amaya> and/or Andrea's MathML editing tool and/or> other XML editing tools.>> oh... and of course, the semantic-web angle:>> * has its terms grounded in URI-space>> --> Dan Connolly, W3C http://www.w3.org/People/Connolly/>",
            "docno": "lists-030-10074724",
            "received": "Wed Mar 21 07:37:18 2001",
            "isoreceived": "20010321123718",
            "sent": "Wed, 21 Mar 2001 13:37:06 +0100 (CET)",
            "isosent": "20010321123706",
            "name": "Andrea Asperti",
            "email": "sperti@CS.UniBO.IT",
            "subject": "Re: inference rule markup?",
            "id": "Pine.LNX.4.21.0103211330190.9640-100000@marcello.cs.unibo.it",
            "charset": "US-ASCII",
            "inreplyto": "3A8AC8C2.9715B640&#64;w3.org",
            "expires": "-1",
            "to": " Dan Connolly<connolly@w3.org>\n",
            "cc": " Philip Wadler<wadler@research.bell-labs.com>,mff@research.att.com,spec-prod@w3.org,\"Fuchs, Matthew\"<matthew.fuchs@commerceone.com>,schena@CS.UniBO.IT, Claudio Sacerdoti_Coen<sacerdot@CS.UniBO.IT>, Luca Padovani<lpadovan@CS.UniBO.IT>,\"Patrick D. F. Ion\"<ion@ams.org>\n"
        },
        {
            "body": "Dear all,As you already might know, STIX is working on a font set of 2000 characters thatwill be freely available for everyone.We now have a font test set containing some 50 scientific characters.If you distribute or develop scientific (math) software (MathML, Tex typesettingsys, browsers, etc.), please test them in your software (they are, and alwayswill be free for you to use) and comment on them. We are now in a stage that wecan adjust them to your requirements!Attachments: TT font, Type1 font and a readme.doc (MS Word) and (same)readme.pdf (Acrobat pdf). You'll have to install the font on your system to beable to view the examples in the readme docs.Thanks.With kind regards,W(im) S. de Vries LL MPublishing Technology ResearcherElectronic Production DepartmentElsevier Science NLtel. (+31) 20 4852733fax  (+31) 20 4852812Sara Burgerhartstraat 251055 KV AmsterdamThe Netherlandsapplication/octet-stream attachment: INSTALL.CFGapplication/msword attachment: README.DOCapplication/pdf attachment: README.PDFapplication/octet-stream attachment: STIXPN__.AFMapplication/octet-stream attachment: STIXPN__.INFapplication/octet-stream attachment: STIXPN__.PFBapplication/octet-stream attachment: STIXPN__.PFMapplication/octet-stream attachment: STIXPN__.TTF",
            "docno": "lists-092-7199643",
            "received": "Wed Jan 12 07:46:50 2000",
            "isoreceived": "20000112124650",
            "sent": "Wed, 12 Jan 2000 13:40:32 +0100",
            "isosent": "20000112124032",
            "name": "Wim de Vries",
            "email": "w.vries@elsevier.nl",
            "subject": "STIX free fonts: test set, please comment",
            "id": "001501bf5cfa$36c62d40$26012491@elsevier.nl",
            "charset": "iso-8859-1",
            "expires": "-1",
            "to": "\"stix-l\"<stix-l@lyris.elsevier.nl>,\"Simon Pepping\"<s.pepping@elsevier.nl>,\"Patrick D. F. Ion\"<ion@ams.org>,\"Neil Bartholomew\"<ngb@ams.org>,\"Murray Sargent\"<murrays@microsoft.com>,\"Karen Ferreira\"<kmf@ams.org>,\"Erik van der Poel\"<erik@netscape.com>,\"Alfred Smit\"<a.smit@elsevier.nl>,\"Coen Hofmann\"<coen_hofmann@hotmail.com>,\"Mozilla Dev list\"<mozilla-mathml-request@mozilla.org>,\"Amaya Dev list\"<www-amaya-dev@w3.org>, Ir?ne Vatton<irene.vatton@w3.org>,\"Barbara Beeton\"<bnb@ams.org>\n"
        },
        {
            "body": "In answer to your question about including the brace/bracket/integral/etc.pieces, I'd recommend including them.  They will be given code points inUnicode and many current math layout programs, e.g., TeX, use them.  Inprinciple scaling braces and brackets can be done, but it's a bit tricky,since straightforward scaling renders the enlarged characters too boldly.The stem weights should correspond to those of the simple math characters inan expression.  For example, if 10-pt type is used, the stem weights of atwo-line brace should be similar to that for 10-pts, not 20 pts.Thanks for your work!Murray-----Original Message-----From: Wim de Vries [mailto:w.vries@elsevier.nl]Sent: Wed, January 12, 2000 4:41 AMSargent; Karen Ferreira; Erik van der Poel; Alfred Smit; Coen Hofmann;Mozilla Dev list; Amaya Dev list; Ir?ne Vatton; Barbara BeetonSubject: STIX free fonts: test set, please commentDear all,As you already might know, STIX is working on a font set of 2000 charactersthatwill be freely available for everyone.We now have a font test set containing some 50 scientific characters.If you distribute or develop scientific (math) software (MathML, Textypesettingsys, browsers, etc.), please test them in your software (they are, andalwayswill be free for you to use) and comment on them. We are now in a stage thatwecan adjust them to your requirements!Attachments: TT font, Type1 font and a readme.doc (MS Word) and (same)readme.pdf (Acrobat pdf). You'll have to install the font on your system tobeable to view the examples in the readme docs.Thanks.With kind regards,W(im) S. de Vries LL MPublishing Technology ResearcherElectronic Production DepartmentElsevier Science NLtel. (+31) 20 4852733fax  (+31) 20 4852812Sara Burgerhartstraat 251055 KV AmsterdamThe Netherlands",
            "docno": "lists-092-7235328",
            "received": "Thu Jan 13 03:02:54 2000",
            "isoreceived": "20000113080254",
            "sent": "Wed, 12 Jan 2000 15:41:22 -0500 (EST)",
            "isosent": "20000112204122",
            "name": "Murray Sargent",
            "email": "urrays@microsoft.com",
            "subject": "RE: STIX free fonts: test set, please comment",
            "id": "BBE1B65AF746D111868B00805FFEEF640FBB8B03@RED-MSG-53",
            "inreplyto": "STIX free fonts: test set, please comment",
            "expires": "-1",
            "to": " stix-l; Simon Pepping; Patrick D. F. Ion; Neil Bartholomew; Murray\n",
            "cc": " stix-l<stix-l@lyris.elsevier.nl>, Simon Pepping<s.pepping@elsevier.nl>,\"Patrick D. F. Ion\"<ion@ams.org>, Neil Bartholomew<ngb@ams.org>, Karen Ferreira<kmf@ams.org>, Erik van der Poel<erik@netscape.com>, Alfred Smit<a.smit@elsevier.nl>, Coen Hofmann<coen_hofmann@hotmail.com>, Mozilla Dev list<mozilla-mathml-request@mozilla.org>, Amaya Dev list<www-amaya-dev@w3.org>, Ir?ne Vatton<irene.vatton@w3.org>, Barbara Beeton<bnb@ams.org>\n"
        }
    ]
}