{
    "id": "candidate-0102",
    "name": "David Orchard",
    "gender": "MALE",
    "email": "dorchard@bea.com",
    "mails": [
        {
            "body": "Thank you for your comments David.On Friday 14 December 2001 14:31, David Fallside wrote:> [1] http://lists.w3.org/Archives/Public/xml-dist-app/2001Dec/0175.html> Exc-C14N specific:> For example, the C14N specs do not deal with insignificant> transformations permitted by various XML Schema built-in datatypes> such as use of {true,false,0,1} for boolean datatype, or> case-insensitivity to \"e\" in scientific notation.This is correct. exc-c14n is a tweak to Canonical XML, which is based onXpath, and preceded both InfoSet and Schema. I expect Infoset and Schemaaware canonicalizations will be proposed and may even be the subject ofchartered work of future activity -- not necessarily xmldsig. However, I dohave a draft for addressing validating augmentations as a xmldsig transform[e] and some thoughts on schema aware canonicalization. But presently, it's\"unchartered\" territory.[e] http://www.w3.org/Signature/Drafts/xmldsig-transform-xml-validation.html> Minor comment on definition of terms:> If \"an orphan node is a node whose parent element node is not in the> document subset\"> then how can there be an \"output parent of an orphan node\" if this is> defined to be> \"the output parent of an orphan node .. is the nearest>    ancestor element of the orphan node that is in the document subset\"?Input:<a><b><c/></b></a>o a is an ancestor (grandparent) of c.o b is an ancestor (parent) of c.Output<a><c/></a>o b is absent.o a is an \"output parent\" of c since its the most immediate ancestor inthe output of <c/>.This text is John's and I had to draw an example tree and label thesethings to first grok the terminology. Subsequently, I acknowledge otherreaders might have to make a similar effort, but I've been unable to comeup with an alternative that is better expressed. Suggestions?--Joseph Reagle Jr.                 http://www.w3.org/People/Reagle/W3C Policy Analyst                mailto:reagle@w3.orgIETF/W3C XML-Signature Co-Chair   http://www.w3.org/Signature/W3C XML Encryption Chair          http://www.w3.org/Encryption/2001/",
            "docno": "lists-045-14646470",
            "received": "Fri Dec 14 17:14:53 2001",
            "isoreceived": "20011214221453",
            "sent": "Fri, 14 Dec 2001 17:14:39 -0500",
            "isosent": "20011214221439",
            "name": "Joseph Reagle",
            "email": "reagle@w3.org",
            "subject": "Re: XMLP Comments to exc-c14n",
            "id": "20011214221439.E5477826@policy.w3.org",
            "charset": "iso-8859-1",
            "inreplyto": "OF71EEA35A.5D817C65-ON88256B22.0069EB2D&#64;boulder.ibm.com",
            "expires": "-1",
            "to": "\"David Orchard\"<dorchard@bea.com>,\"John Boyer\"<JBoyer@PureEdge.com>\n",
            "cc": "\"David Fallside\"<fallside@us.ibm.com>,w3c-xml-protocol-wg@w3.org, xmldsig<w3c-ietf-xmldsig@w3.org>\n"
        },
        {
            "body": "And not with the xmlp call, which is wednesdays at 11am pst.But I hardly think this is ridiculous.  We each have many differentresponsibilities, and each time a group starts, it's crazy finding the besttime.Dave> -----Original Message-----> From: public-ws-pnf-tf-request@w3.org> [mailto:public-ws-pnf-tf-request@w3.org]On Behalf Of Sanjiva> Weerawarana> Sent: Tuesday, February 11, 2003 9:34 AM> To: public-ws-pnf-tf@w3.org> Subject: Re: PFTF next telcon>>>> This is ridiculous- we'll never find a slot that'll make everyone> happy. I suggest Jonathan picks a set of viable times (e.g., times> that do not overlap with the WS-Desc or WS-Arch calls) and then> we rotate amongst those on a weekly basis. Some times will be not> great for some. Such is life.>> Sanjiva.>> ----- Original Message -----> From: \"David Orchard\" <dorchard@bea.com>> To: \"'Glen Daniels'\" <gdaniels@macromedia.com>;> <public-ws-pnf-tf@w3.org>> Sent: Tuesday, February 11, 2003 11:18 PM> Subject: RE: PFTF next telcon>>> >> > That doesn't work well for me, as the runs right up to the> ws-arch telcon.> > I need at least a half hour for lunch.> >> > 12:30 EST?> >> > Dave> >> > > -----Original Message-----> > > From: public-ws-pnf-tf-request@w3.org> > > [mailto:public-ws-pnf-tf-request@w3.org]On Behalf Of Glen Daniels> > > Sent: Tuesday, February 11, 2003 8:55 AM> > > To: 'public-ws-pnf-tf@w3.org'> > > Subject: RE: PFTF next telcon> > >> > >> > >> > >> > > 1PM EST works for me.> > >> > > > -----Original Message-----> > > > From: Amelia A. Lewis [mailto:alewis@tibco.com]> > > > Sent: Tuesday, February 11, 2003 11:34 AM> > > > To: Sandeep Kumar> > > > Cc: jean-jacques.moreau@crf.canon.fr; gdaniels@macromedia.com;> > > > youenn.fablet@crf.canon.fr; public-ws-pnf-tf@w3.org> > > > Subject: Re: PFTF next telcon> > > >> > > >> > > > On Tue, 11 Feb 2003 08:03:51 -0800> > > > \"Sandeep Kumar\" <sandkuma@cisco.com> wrote:> > > >> > > > >> > > > > Yes, 6:30 am pst is very early for me. Is 9:30 or 10:00 am> > > > PST suitable to> > > > > everyone?> > > > > That is right after WSD meeting.> > > >> > > > It would be *really* nice to have some sort of break between> > > > meetings.  Half an hour would be enough, but it would really> > > > help to be able to stand up and walk around a bit.  So I'm> > > > not thrilled by 9:30 (12:30 EST); would prefer 10:00 (1:00> > > > EST), half an hour after the end of the WSD meeting.> > > >> > > > Amy!> > > > > - sandeep> > > > >> > > > > -----Original Message-----> > > > > From: public-ws-pnf-tf-request@w3.org> > > > > [mailto:public-ws-pnf-tf-request@w3.org]On Behalf Of> > > > Jean-Jacques Moreau> > > > > Sent: Tuesday, February 11, 2003 7:42 AM> > > > > To: Glen Daniels> > > > > Cc: 'FABLET Youenn'; public-ws-pnf-tf@w3.org> > > > > Subject: Re: PFTF next telcon> > > > >> > > > >> > > > >> > > > > Sounds ok to me, although I suspect this might be too> early for> > > > > West Costers.> > > > >> > > > > Jean-Jacques.> > > > >> > > > > Glen Daniels wrote:> > > > > > That time would be OK with me, though I might suggest :> > > > > >> > > > > > a) we take 90 minutes, since we'll presumably be doing> > > work on the> > > > > scenarios and it would be good to get some momentum going> > > > > >> > > > > > b) we augment the teleconference with IRC, so that we can> > > > share syntactic> > > > > examples/proposals without saying \"open-bracket, wsdl colon> > > > feature, uri> > > > > equals quote...\" :)> > > > >> > > > >> > > >> > > >> > > > --> > > > Amelia A. Lewis> > > > Architect, TIBCO/Extensibility, Inc.> > > > alewis@tibco.com> > > >> > >> > >>>",
            "docno": "lists-027-10381557",
            "received": "Tue Feb 11 13:08:16 2003",
            "isoreceived": "20030211180816",
            "sent": "Tue, 11 Feb 2003 10:05:56 -0800",
            "isosent": "20030211180556",
            "name": "David Orchard",
            "email": "dorchard@bea.com",
            "subject": "RE: PFTF next telcon",
            "id": "005901c2d1f8$39459030$b90ba8c0@beasys.com",
            "charset": "iso-8859-1",
            "inreplyto": "00bc01c2d1f3$d1729240$f900a8c0&#64;lankabook2",
            "expires": "-1",
            "to": "<public-ws-pnf-tf@w3.org>\n"
        },
        {
            "body": "Midnight isn't silly :-)  Though 1:30 am is getting about half an hour toolate :-)What would be a reasonable rotation?  How many slots?Dave> -----Original Message-----> From: public-ws-pnf-tf-request@w3.org> [mailto:public-ws-pnf-tf-request@w3.org]On Behalf Of Sanjiva> Weerawarana> Sent: Tuesday, February 11, 2003 9:09 AM> To: public-ws-pnf-tf@w3.org> Subject: Re: PFTF next telcon>>>> Not as well for me .. that's midnight. Silly time depends on where> you are Dave ;-).>> Anyway, in order to find a slot I am happy to accept 1pm eastern> for an hour. However, I suggest that we consider rotating the times> to distribute the inconvenience. This is standard practice in IBM> where we have regular calls with folks in Japan, China, Europe,> US and everywhere in between.>> Sanjiva.>> ----- Original Message -----> From: \"Glen Daniels\" <gdaniels@macromedia.com>> To: <public-ws-pnf-tf@w3.org>> Sent: Tuesday, February 11, 2003 10:55 PM> Subject: RE: PFTF next telcon>>> >> >> > 1PM EST works for me.> >> > > -----Original Message-----> > > From: Amelia A. Lewis [mailto:alewis@tibco.com]> > > Sent: Tuesday, February 11, 2003 11:34 AM> > > To: Sandeep Kumar> > > Cc: jean-jacques.moreau@crf.canon.fr; gdaniels@macromedia.com;> > > youenn.fablet@crf.canon.fr; public-ws-pnf-tf@w3.org> > > Subject: Re: PFTF next telcon> > >> > >> > > On Tue, 11 Feb 2003 08:03:51 -0800> > > \"Sandeep Kumar\" <sandkuma@cisco.com> wrote:> > >> > > >> > > > Yes, 6:30 am pst is very early for me. Is 9:30 or 10:00 am> > > PST suitable to> > > > everyone?> > > > That is right after WSD meeting.> > >> > > It would be *really* nice to have some sort of break between> > > meetings.  Half an hour would be enough, but it would really> > > help to be able to stand up and walk around a bit.  So I'm> > > not thrilled by 9:30 (12:30 EST); would prefer 10:00 (1:00> > > EST), half an hour after the end of the WSD meeting.> > >> > > Amy!> > > > - sandeep> > > >> > > > -----Original Message-----> > > > From: public-ws-pnf-tf-request@w3.org> > > > [mailto:public-ws-pnf-tf-request@w3.org]On Behalf Of> > > Jean-Jacques Moreau> > > > Sent: Tuesday, February 11, 2003 7:42 AM> > > > To: Glen Daniels> > > > Cc: 'FABLET Youenn'; public-ws-pnf-tf@w3.org> > > > Subject: Re: PFTF next telcon> > > >> > > >> > > >> > > > Sounds ok to me, although I suspect this might be too early for> > > > West Costers.> > > >> > > > Jean-Jacques.> > > >> > > > Glen Daniels wrote:> > > > > That time would be OK with me, though I might suggest :> > > > >> > > > > a) we take 90 minutes, since we'll presumably be> doing work on the> > > > scenarios and it would be good to get some momentum going> > > > >> > > > > b) we augment the teleconference with IRC, so that we can> > > share syntactic> > > > examples/proposals without saying \"open-bracket, wsdl colon> > > feature, uri> > > > equals quote...\" :)> > > >> > > >> > >> > >> > > --> > > Amelia A. Lewis> > > Architect, TIBCO/Extensibility, Inc.> > > alewis@tibco.com> > >>>",
            "docno": "lists-027-10331865",
            "received": "Tue Feb 11 12:31:06 2003",
            "isoreceived": "20030211173106",
            "sent": "Tue, 11 Feb 2003 09:28:28 -0800",
            "isosent": "20030211172828",
            "name": "David Orchard",
            "email": "dorchard@bea.com",
            "subject": "RE: PFTF next telcon",
            "id": "004b01c2d1f2$fdd8cd50$b90ba8c0@beasys.com",
            "charset": "iso-8859-1",
            "inreplyto": "005001c2d1f0$3e4460a0$f900a8c0&#64;lankabook2",
            "expires": "-1",
            "to": "<public-ws-pnf-tf@w3.org>\n"
        },
        {
            "body": "On Tue, 2003-02-11 at 12:18, David Orchard wrote:> That doesn't work well for me, as the runs right up to the ws-arch telcon.> I need at least a half hour for lunch.>> 12:30 EST?1pm gives us a half hour for lunch (and break) on the east coast.Philippe",
            "docno": "lists-027-10374205",
            "received": "Tue Feb 11 12:46:23 2003",
            "isoreceived": "20030211174623",
            "sent": "11 Feb 2003 12:44:55 -0500",
            "isosent": "20030211174455",
            "name": "Philippe Le Hegaret",
            "email": "plh@w3.org",
            "subject": "RE: PFTF next telcon",
            "id": "1044985494.29414.39.camel@jfouffa.w3.org",
            "inreplyto": "004501c2d1f1$aa771690$b90ba8c0&#64;beasys.com",
            "expires": "-1",
            "to": " David Orchard<dorchard@bea.com>\n",
            "cc": "\"'Glen Daniels'\"<gdaniels@macromedia.com>,public-ws-pnf-tf@w3.org\n"
        },
        {
            "body": "This email was originally sent to a limited distribution, and is beingNoahTo: \"Champion, Mike\" <Mike.Champion@SoftwareAG-USA.com>From: \"Noah Mendelsohn\" <Noah_Mendelsohn@us.ibm.com>cc: \"''C. M. Sperberg-McQueen' '\" <cmsmcq@acm.org>,\"'David Orchard '\" <dorchard@bea.com>, \"'fallside@us.ibm.com '\"<fallside@us.ibm.com>, \"Champion, Mike\" <Mike.Champion@SoftwareAG-USA.com>Subject: RE: The Web Services Architecture WG position onXML profiling/su  bset tingThis note is a collective response to some of the replies I've received tothe Tag note posted at [1].  I don't want to belabor this, but I've gottensome well-considered replies, all of which were either private to me orfrom these responses, and they've somewhat clarified my thinking.  So, atthe risk of unnecessarily dragging this on, here's a clarification of myoriginal concern, and a response to at least some of the specific pointsI've seen raised in feedback.  BTW:  I have no problem at all with thisnote or my others being forwarded to the Tag list, as long as enough isforwarded to give accurate context.First of all, Mike hints that I may not have read all of his notecarefully enough.  As he suggests, I don't think that's the whole problemor even most of it, but it may have contributed some.  So, apologies ifthat's happened.Clarification of my Original Concern------------------------------------I realized as a result of recent correspondence that I have someassumptions about the Tag and W3C process that others may not entirelyshare.  I view the Tag as essentially a senior executive body in W3C.  Isee it's role as being to help the Workgroups succeed at what they do, andvery occasionally to directly tackle certain issues with scope so broadand architectural that doing it \"at the top\" seems to make sense (what aURI references strikes me as one of those issues that it's reasonable forthe Tag to discuss directly.)  I see it's role as being like the CTO orassociated executive technical committee in a corporation.I and others have benefitted from that fact that the Tag seems to welcomeinformal input and discussion from almost anyone in the community.  Ithink that's great.  On the other hand, I think one wants a much moreformal relationship when a workgroup provides formal input to the Tag.   Ithink that in such cases the workgroup should have a responsibility toproceed cautiously, check pertinent facts, and within reason coordinatewith other workgroups that may already have explored the pertinent issues.Consider a technical team in a large company dealing with its seniormanagement or CTO.  Sure, they may talk informally in the hall, but if theteam approaches the CTO or his/her technical committee and says \"we haveformal input for you on an issue\", then it's assumed that they've done allreasonable coordination and research on the topic before going \"up thathigh\".  The essence of my concern was a perception that in failing to dothis, WSA actually misinformed the TAG about several points of fact (seebelow).   I thought it also implied to the TAG a consensus in the WSA/SOAPcommunity that was in fact never explored outside of WSA.    Maybe someconfusion comes because others don't share my view of how the Tag/WGrelationship should work, or maybe it's because WSA though they were beingsufficiently careful and I didn't see it.  Anyway, that was my concern.I infer that WSA may think that the substantial membership overlap withXMLP and WSDL WGs mitigates the need for formal coordination.  I disagree.The fact that there is some shared membership between the groups is agood thing...but it means nothing officially.   In W3C every member of aWG has equal standing and should have equal opportunity to engange incoordination activites with other groups.  I guess I have particularlyhigh expectations for WSA, which is in some sense a mini-TAG for the WSarea.  It whould be particular careful to work with and through the othergroups in the WS area, I think.Anyway, I think that's the big picture as I see it.  Rightly or wrongly,that's where my concerns came from.  I don't propose to pursue themfurther unless the Tag finds that helpful (if more discussion springs upon the Tag list...I may forward this note as a clarification of my intent.Given that things are quiet, I'd prefer to let it go.  DaveO:  youcertainly have my permission to forward this note to other Tag members ifyou feel that would be helpful.)Responses to Particular Points------------------------------This is a long note already, but I thought it might be helpful to list theparticular points I think I've seen in various responses, and to give aquick reaction.  I've done this without attribution:>> You might not have read the original WSA note carefully.As noted above, possibly true.  If so, I apologize.  I might change someemphasis in my note, but I think the overall concerns above remain for me.>> Yeah! this needed saying, thank you!You're welcome.>> You're off base, and your tone was inappropriate.I hope not, but if so I do apologize.  It was not my intention to beinflamatory.>> Asking groups to check with each other before providing fomral input toTAG adds too much process overhead.I respectfully disagree.  I'm not talking about an n-squared process here.The WSA note specifically made proposals about SOAP and Schema.  In eachcase, WSA was commenting on areas that had been discussed in depth by therespective workgroups over a period of time.  I think that WSA would havedone the Tag a much greater service by ping'ing the WGs first, and eitherarranging for joint approach to the Tag by the WGs together (we've gottentogether, learned from each others' previous work, and at least canoutline the alternatives) or failing that to at least say \"we can tell younot only that there is division in our WSA group, but that the schema WGhas found the question of schema subsets to be a subtle one involvingdifficult tradeoffs of simplicity vs. interop...we in WSA have not done afull analysis of those tradeoffs\" (or whatevery you believe to be thecorrect summary.)>> If WSA missed a technical point on SOAP, it must be subtle.  This is(maybe) proven by the fact the significant cross membership between theteams didn't serve to get it right.You be the judge.  The SOAP CR [1] has in its table of contents:3.1.5.1 id Attribute Information Item3.1.5.2 ref Attribute Information Item3.1.5.3 Constraints on id and ref attribute information itemsThe first two of these merely state that the respective attributes areallowed.  The entire text of the third section is:\"The value of a ref attribute information item MUST also be the value ofexactly one id attribute information item.  A ref attribute informationitem and an id attribute information item MUST NOT appear on the sameelement information item.\"The WSA note says that \"One issue that SOAP 1.2 \"punts\" on (as do someother W3C specifications, including DOM Level 2 and XSLT) is the questionof how an \"id\" attribute is defined in the absence of a DTD and withoutinsisting on a schema processing step.\"I don't think this is subtle.  I think the WSA group missed it, and ifanything this demonstrates some of the risks in assuming thatcross-membership is an appropriate foundation for cross groupcoordination.  It also suggests that members of the WSA did not look hardat the SOAP rec in making their proposal.  For an informal note among teammembers, I think this is fine.  It happens all the time.  As I said in myintro I think it's constructive to go for a higher standard when the Tagreceives formal input from a workgroup.  My assumption is that the Tag isindeed too busy to read all the specs themselves.  I therefore fear thatthe TAG might take too seriously when a seemingly-authoritative sourceeducates the Tag that \"the XMLP group 'punted'\".  This was one of thesources of the somewhat pointed tone of my note, and of the request for aformal \"withdrawal.\">> The original WSA note and some later responses refer to a SOAP profile.FWIW, I think the XMLP response (which admittedly I had a big hand indrafting) goes to some length to indicate that XMLP is not defining aprofile of XML in SOAP.  I don't think I'm defining an XML profile when Iinvent an XML vocabulary for employee records, and I don't think we did inSOAP either.  Thus, even though WSA was going to some trouble to endorsethe findings by XMLP, it then in a sense misquoted them.  That also upsetme.  It might also lead the TAG to mistakenly believe that XMLP hasconsenus that it defined a profile.  I do agree that the constraintsimposed by SOAP on its use of XML might be inspiration for a profile, werean XML profile to be a worthy goal.  Again, if WSA had first checked withthe very group for which it helps set architecture, it would haveuncovered some of these sensitivites...certainly from me, and perhaps fromothers.  I think the input to the Tag would have benefitted.>> We need a profile because generic tools may not produce the subset ofXML that SOAP uses.I am less convinced than others that SOAP's experiences are much of ajustification for a subset profile, but that's a good discussion thatshould be aired.  It's surely not consensus from XMLP (since I am on XMLPand I would disagree at this point).  If it's consensus from WSA then it'sfine for WSA to say so to TAG.  My concern is the one just above;  SOAPitself does not define a profile IMO.  One might or might not decide thatit's inspiration for a profile. The WSA note implied that SOAP had alreadydefined a profile that might be used by others.  The XMLP group neverconsidered that question one way or the other, as I remember.>> The Tag needs to do this work and WSA is just trying to help.Actually, as I responded privately to Dave, I think the XML subsetquestion belongs in the XML core workgroup.  I strongly disagree with Tagtaking over design responsibilities from WGs that have been chartered inone or another area by the W3C membership.  I think it is appopriate forTag to do technical fact finding, which in part is what they're doing.  Iwould prefer for the subset issue to relatively rapidly sent to core.  Ifcore has doubts about working on this, then Tag should use whatevermechanisms are provided in the W3C process to ask the membership toclarify core's charter and responsibilities.  If feel the same way aboutxml:id, by the way.>> You should have responded to WSA, not TAG.As noted above, my concern was (1) that the TAG had been misinformed inseveral respects and (2) that this resulted from a breakdown in processthat was in the end the Tag's responsibility (I.e. to decide what sort ofwork it wants its WGs to do before providing formal input.)  If the WSAnote had not itself already gone to the TAG, I would certainly havepreferred to come to consensus with WSA first.  Rightly or wrongly, I feltit as important to communicate my concerns to the Tag and tag list readersas to WSA.I hope you'll forgive the long spiel above.  I really would rather notchurn on this much more.  Indeed, I am essentially incommunicado Tues-Fri,which means I'll only be doing top-prioirty email until middle of nextweek.  So, I'd be glad to let this go.  You and the Tag have my input, andI hope it's helpful.  You also have my apologies for anything that iseither in error or unduly inflamatory.  I would encourage the TAG and theWG chairs to think about the process issues.  Thank you.[1] http://lists.w3.org/Archives/Public/www-tag/2003Jan/0216.html[2] http://www.w3.org/TR/2002/CR-soap12-part2-20021219/------------------------------------------------------------------Noah Mendelsohn                              Voice: 1-617-693-4036IBM Corporation                                Fax: 1-617-693-8676One Rogers StreetCambridge, MA 02142------------------------------------------------------------------",
            "docno": "lists-099-3654029",
            "received": "Mon Jan 20 18:47:38 2003",
            "isoreceived": "20030120234738",
            "sent": "to this cc: list.  None were sent to Tag.  I've learned some things",
            "isosent": "20030120234615",
            "name": "oah_mendelsohn@us.ibm.com",
            "email": "noah_mendelsohn@us.ibm.com",
            "subject": "The Web Services Architecture WG position on XML profiling/subset ting",
            "id": "OF0E02D1CF.C0769737-ON85256CB4.00825F8F@lotus.com",
            "charset": "us-ascii",
            "expires": "-1",
            "to": "www-archive@w3.org\n"
        },
        {
            "body": "That doesn't work well for me, as the runs right up to the ws-arch telcon.I need at least a half hour for lunch.12:30 EST?Dave> -----Original Message-----> From: public-ws-pnf-tf-request@w3.org> [mailto:public-ws-pnf-tf-request@w3.org]On Behalf Of Glen Daniels> Sent: Tuesday, February 11, 2003 8:55 AM> To: 'public-ws-pnf-tf@w3.org'> Subject: RE: PFTF next telcon>>>>> 1PM EST works for me.>> > -----Original Message-----> > From: Amelia A. Lewis [mailto:alewis@tibco.com]> > Sent: Tuesday, February 11, 2003 11:34 AM> > To: Sandeep Kumar> > Cc: jean-jacques.moreau@crf.canon.fr; gdaniels@macromedia.com;> > youenn.fablet@crf.canon.fr; public-ws-pnf-tf@w3.org> > Subject: Re: PFTF next telcon> >> >> > On Tue, 11 Feb 2003 08:03:51 -0800> > \"Sandeep Kumar\" <sandkuma@cisco.com> wrote:> >> > >> > > Yes, 6:30 am pst is very early for me. Is 9:30 or 10:00 am> > PST suitable to> > > everyone?> > > That is right after WSD meeting.> >> > It would be *really* nice to have some sort of break between> > meetings.  Half an hour would be enough, but it would really> > help to be able to stand up and walk around a bit.  So I'm> > not thrilled by 9:30 (12:30 EST); would prefer 10:00 (1:00> > EST), half an hour after the end of the WSD meeting.> >> > Amy!> > > - sandeep> > >> > > -----Original Message-----> > > From: public-ws-pnf-tf-request@w3.org> > > [mailto:public-ws-pnf-tf-request@w3.org]On Behalf Of> > Jean-Jacques Moreau> > > Sent: Tuesday, February 11, 2003 7:42 AM> > > To: Glen Daniels> > > Cc: 'FABLET Youenn'; public-ws-pnf-tf@w3.org> > > Subject: Re: PFTF next telcon> > >> > >> > >> > > Sounds ok to me, although I suspect this might be too early for> > > West Costers.> > >> > > Jean-Jacques.> > >> > > Glen Daniels wrote:> > > > That time would be OK with me, though I might suggest :> > > >> > > > a) we take 90 minutes, since we'll presumably be doing> work on the> > > scenarios and it would be good to get some momentum going> > > >> > > > b) we augment the teleconference with IRC, so that we can> > share syntactic> > > examples/proposals without saying \"open-bracket, wsdl colon> > feature, uri> > > equals quote...\" :)> > >> > >> >> >> > --> > Amelia A. Lewis> > Architect, TIBCO/Extensibility, Inc.> > alewis@tibco.com> >>>",
            "docno": "lists-027-10318717",
            "received": "Tue Feb 11 12:21:18 2003",
            "isoreceived": "20030211172118",
            "sent": "Tue, 11 Feb 2003 09:18:58 -0800",
            "isosent": "20030211171858",
            "name": "David Orchard",
            "email": "dorchard@bea.com",
            "subject": "RE: PFTF next telcon",
            "id": "004501c2d1f1$aa771690$b90ba8c0@beasys.com",
            "charset": "iso-8859-1",
            "inreplyto": "CB1FF0A474AEA84EA0206D5B05F6A4CB03304909&#64;S1001EXM02.macromedia.com",
            "expires": "-1",
            "to": "\"'Glen Daniels'\"<gdaniels@macromedia.com>,<public-ws-pnf-tf@w3.org>\n"
        },
        {
            "body": "Monday bad.  tuesday, wednesday, friday good, preferring wednesday.Value judgements are context sensitive.The time is moderately bad, but doable.  Expect me to become coherent onlyafter 9am PST.Cheers,Dave> -----Original Message-----> From: public-ws-pnf-tf-request@w3.org> [mailto:public-ws-pnf-tf-request@w3.org]On Behalf Of Glen Daniels> Sent: Tuesday, February 11, 2003 1:46 PM> To: 'Philippe Le Hegaret'; public-ws-pnf-tf@w3.org> Subject: RE: PFTF teleconference time>>>> > Monday: 11:00am-1:00pm> >> > Tuesday: 11:00am-1:00pm> >> > Wednesday: 12:00pm-1:00pm (regular conflict with xmlp call?)>> The XMLP call is 2PM EST, so no that would not be a conflict.>> > Friday: 11:00am-1:00pm>> I could do any of these times, order of preference Friday,> Monday, Wednesday, Tuesday.>> --Glen>>",
            "docno": "lists-027-10466240",
            "received": "Tue Feb 11 17:17:44 2003",
            "isoreceived": "20030211221744",
            "sent": "Tue, 11 Feb 2003 14:15:27 -0800",
            "isosent": "20030211221527",
            "name": "David Orchard",
            "email": "dorchard@bea.com",
            "subject": "RE: PFTF teleconference time",
            "id": "00a201c2d21b$1577fc10$b90ba8c0@beasys.com",
            "charset": "iso-8859-1",
            "inreplyto": "CB1FF0A474AEA84EA0206D5B05F6A4CB0254FDCA&#64;S1001EXM02.macromedia.com",
            "expires": "-1",
            "to": "<public-ws-pnf-tf@w3.org>\n"
        },
        {
            "body": "Oy.  I'd really rather not go through that much process, plus my schedule is somewhat variable.  What about some time Friday?  Fridays have worked well in the past.Have we decided we want a weekly call?  I think I missed that part, and thought we were just scheduling the next one.--Glen> -----Original Message-----> From: Don Mullen [mailto:donmullen@tibco.com]> Sent: Tuesday, February 11, 2003 1:56 PM> To: public-ws-pnf-tf@w3.org> Subject: RE: PFTF next telcon>>>>> Agreed.  If everyone on the list who will be participating on> the calls> sends me a private email with the following information:>> o Your Timezone> o Availability -- in blocks of time (your timezone)>   listed in order of preference (most preferred to least)>> I will put together a matrix and proposed weekly meeting time> (or times).> Sending individual messages to the list isn't very productive.>> **Please send by end of day today -- Tuesday**  That way, I can post> tomorrow morning.>> Don>> -----Original Message-----> From: David Orchard [mailto:dorchard@bea.com]> Sent: Tuesday, February 11, 2003 1:06 PM> To: public-ws-pnf-tf@w3.org> Subject: RE: PFTF next telcon>> And not with the xmlp call, which is wednesdays at 11am pst.>> But I hardly think this is ridiculous.  We each have many different> responsibilities, and each time a group starts, it's crazy> finding the best> time.>> Dave>> > -----Original Message-----> > From: public-ws-pnf-tf-request@w3.org> > [mailto:public-ws-pnf-tf-request@w3.org]On Behalf Of Sanjiva> > Weerawarana> > Sent: Tuesday, February 11, 2003 9:34 AM> > To: public-ws-pnf-tf@w3.org> > Subject: Re: PFTF next telcon> >> >> >> > This is ridiculous- we'll never find a slot that'll make everyone> > happy. I suggest Jonathan picks a set of viable times (e.g., times> > that do not overlap with the WS-Desc or WS-Arch calls) and then> > we rotate amongst those on a weekly basis. Some times will be not> > great for some. Such is life.> >> > Sanjiva.>",
            "docno": "lists-027-10415167",
            "received": "Tue Feb 11 14:12:31 2003",
            "isoreceived": "20030211191231",
            "sent": "Tue, 11 Feb 2003 14:11:43 -0500",
            "isosent": "20030211191143",
            "name": "Glen Daniels",
            "email": "gdaniels@macromedia.com",
            "subject": "RE: PFTF next telcon",
            "id": "CB1FF0A474AEA84EA0206D5B05F6A4CB0330498C@S1001EXM02.macromedia.com",
            "charset": "iso-8859-1",
            "inreplyto": "PFTF next telcon",
            "expires": "-1",
            "to": "\"'Don Mullen'\"<donmullen@tibco.com>,\"'public-ws-pnf-tf@w3.org'\"<public-ws-pnf-tf@w3.org>\n"
        },
        {
            "body": "Let's just rule silly times out.  6:30 am is a silly time.Dave> -----Original Message-----> From: public-ws-pnf-tf-request@w3.org> [mailto:public-ws-pnf-tf-request@w3.org]On Behalf Of Sandeep Kumar> Sent: Tuesday, February 11, 2003 8:04 AM> To: Jean-Jacques Moreau; Glen Daniels> Cc: 'FABLET Youenn'; public-ws-pnf-tf@w3.org> Subject: RE: PFTF next telcon>>>> Yes, 6:30 am pst is very early for me. Is 9:30 or 10:00 am> PST suitable to> everyone?> That is right after WSD meeting.> - sandeep>> -----Original Message-----> From: public-ws-pnf-tf-request@w3.org> [mailto:public-ws-pnf-tf-request@w3.org]On Behalf Of> Jean-Jacques Moreau> Sent: Tuesday, February 11, 2003 7:42 AM> To: Glen Daniels> Cc: 'FABLET Youenn'; public-ws-pnf-tf@w3.org> Subject: Re: PFTF next telcon>>>> Sounds ok to me, although I suspect this might be too early for> West Costers.>> Jean-Jacques.>> Glen Daniels wrote:> > That time would be OK with me, though I might suggest :> >> > a) we take 90 minutes, since we'll presumably be doing work on the> scenarios and it would be good to get some momentum going> >> > b) we augment the teleconference with IRC, so that we can> share syntactic> examples/proposals without saying \"open-bracket, wsdl colon> feature, uri> equals quote...\" :)>>>",
            "docno": "lists-027-10282614",
            "received": "Tue Feb 11 11:42:40 2003",
            "isoreceived": "20030211164240",
            "sent": "Tue, 11 Feb 2003 08:40:20 -0800",
            "isosent": "20030211164020",
            "name": "David Orchard",
            "email": "dorchard@bea.com",
            "subject": "RE: PFTF next telcon",
            "id": "003e01c2d1ec$4488fab0$b90ba8c0@beasys.com",
            "charset": "US-ASCII",
            "inreplyto": "GEEIIPGIGJHOLHFLNCJAIEJDDEAA.sandkuma&#64;cisco.com",
            "expires": "-1",
            "to": "\"'Sandeep Kumar'\"<sandkuma@cisco.com>,\"'Jean-Jacques Moreau'\"<jean-jacques.moreau@crf.canon.fr>,\"'Glen Daniels'\"<gdaniels@macromedia.com>\n",
            "cc": "\"'FABLET Youenn'\"<youenn.fablet@crf.canon.fr>,<public-ws-pnf-tf@w3.org>\n"
        },
        {
            "body": "\"David Orchard\" <dorchard@bea.com> writes:> But I hardly think this is ridiculous.  We each have many different> responsibilities, and each time a group starts, it's crazy finding thebest> time.Yes of course - what I meant by ridiculous is sending a 100 messagestrading possible times only to find one person is not able to do it.What I suggested is a principled way to handle it.Sanjiva.",
            "docno": "lists-027-10397648",
            "received": "Tue Feb 11 13:52:02 2003",
            "isoreceived": "20030211185202",
            "sent": "Wed, 12 Feb 2003 00:20:33 +0600",
            "isosent": "20030211182033",
            "name": "Sanjiva Weerawarana",
            "email": "sanjiva@watson.ibm.com",
            "subject": "Re: PFTF next telcon",
            "id": "00de01c2d1fa$45d129c0$f900a8c0@lankabook2",
            "charset": "iso-8859-1",
            "inreplyto": "005901c2d1f8$39459030$b90ba8c0&#64;beasys.com",
            "expires": "-1",
            "to": "\"David Orchard\"<dorchard@bea.com>,<public-ws-pnf-tf@w3.org>\n"
        },
        {
            "body": "Agreed.  If everyone on the list who will be participating on the callssends me a private email with the following information:o Your Timezoneo Availability -- in blocks of time (your timezone)listed in order of preference (most preferred to least)I will put together a matrix and proposed weekly meeting time (or times).Sending individual messages to the list isn't very productive.**Please send by end of day today -- Tuesday**  That way, I can posttomorrow morning.Don-----Original Message-----From: David Orchard [mailto:dorchard@bea.com]Sent: Tuesday, February 11, 2003 1:06 PMSubject: RE: PFTF next telconAnd not with the xmlp call, which is wednesdays at 11am pst.But I hardly think this is ridiculous.  We each have many differentresponsibilities, and each time a group starts, it's crazy finding the besttime.Dave> -----Original Message-----> From: public-ws-pnf-tf-request@w3.org> [mailto:public-ws-pnf-tf-request@w3.org]On Behalf Of Sanjiva> Weerawarana> Sent: Tuesday, February 11, 2003 9:34 AM> To: public-ws-pnf-tf@w3.org> Subject: Re: PFTF next telcon>>>> This is ridiculous- we'll never find a slot that'll make everyone> happy. I suggest Jonathan picks a set of viable times (e.g., times> that do not overlap with the WS-Desc or WS-Arch calls) and then> we rotate amongst those on a weekly basis. Some times will be not> great for some. Such is life.>> Sanjiva.",
            "docno": "lists-027-10405259",
            "received": "Tue Feb 11 14:01:31 2003",
            "isoreceived": "20030211190131",
            "sent": "Tue, 11 Feb 2003 13:56:00 -0500",
            "isosent": "20030211185600",
            "name": "Don Mullen",
            "email": "donmullen@tibco.com",
            "subject": "RE: PFTF next telcon",
            "id": "339902DC0E58D411986A00B0D03D843201B24C6D@extmail.rtp.tibco.com",
            "charset": "iso-8859-1",
            "inreplyto": "PFTF next telcon",
            "expires": "-1",
            "to": " public-ws-pnf-tf@w3.org\n"
        },
        {
            "body": "Mail transaction failed. Partial message is available.application/octet-stream attachment: file.zip",
            "docno": "lists-026-14241321",
            "received": "Wed Jan 28 17:04:43 2004",
            "isoreceived": "20040128220443",
            "sent": "Wed, 28 Jan 2004 16:04:43 -0500",
            "isosent": "20040128210443",
            "name": "dorchard@bea.com",
            "email": "dorchard@bea.com",
            "subject": "[public-ws-desc-comments] &lt;none&gt;",
            "id": "20040128220442.B20D9A094E@frink.w3.org",
            "charset": "Windows-1252",
            "expires": "-1",
            "to": "public-ws-desc-comments@w3.org\n"
        },
        {
            "body": "This is ridiculous- we'll never find a slot that'll make everyonehappy. I suggest Jonathan picks a set of viable times (e.g., timesthat do not overlap with the WS-Desc or WS-Arch calls) and thenwe rotate amongst those on a weekly basis. Some times will be notgreat for some. Such is life.Sanjiva.----- Original Message -----From: \"David Orchard\" <dorchard@bea.com>Sent: Tuesday, February 11, 2003 11:18 PMSubject: RE: PFTF next telcon>> That doesn't work well for me, as the runs right up to the ws-arch telcon.> I need at least a half hour for lunch.>> 12:30 EST?>> Dave>> > -----Original Message-----> > From: public-ws-pnf-tf-request@w3.org> > [mailto:public-ws-pnf-tf-request@w3.org]On Behalf Of Glen Daniels> > Sent: Tuesday, February 11, 2003 8:55 AM> > To: 'public-ws-pnf-tf@w3.org'> > Subject: RE: PFTF next telcon> >> >> >> >> > 1PM EST works for me.> >> > > -----Original Message-----> > > From: Amelia A. Lewis [mailto:alewis@tibco.com]> > > Sent: Tuesday, February 11, 2003 11:34 AM> > > To: Sandeep Kumar> > > Cc: jean-jacques.moreau@crf.canon.fr; gdaniels@macromedia.com;> > > youenn.fablet@crf.canon.fr; public-ws-pnf-tf@w3.org> > > Subject: Re: PFTF next telcon> > >> > >> > > On Tue, 11 Feb 2003 08:03:51 -0800> > > \"Sandeep Kumar\" <sandkuma@cisco.com> wrote:> > >> > > >> > > > Yes, 6:30 am pst is very early for me. Is 9:30 or 10:00 am> > > PST suitable to> > > > everyone?> > > > That is right after WSD meeting.> > >> > > It would be *really* nice to have some sort of break between> > > meetings.  Half an hour would be enough, but it would really> > > help to be able to stand up and walk around a bit.  So I'm> > > not thrilled by 9:30 (12:30 EST); would prefer 10:00 (1:00> > > EST), half an hour after the end of the WSD meeting.> > >> > > Amy!> > > > - sandeep> > > >> > > > -----Original Message-----> > > > From: public-ws-pnf-tf-request@w3.org> > > > [mailto:public-ws-pnf-tf-request@w3.org]On Behalf Of> > > Jean-Jacques Moreau> > > > Sent: Tuesday, February 11, 2003 7:42 AM> > > > To: Glen Daniels> > > > Cc: 'FABLET Youenn'; public-ws-pnf-tf@w3.org> > > > Subject: Re: PFTF next telcon> > > >> > > >> > > >> > > > Sounds ok to me, although I suspect this might be too early for> > > > West Costers.> > > >> > > > Jean-Jacques.> > > >> > > > Glen Daniels wrote:> > > > > That time would be OK with me, though I might suggest :> > > > >> > > > > a) we take 90 minutes, since we'll presumably be doing> > work on the> > > > scenarios and it would be good to get some momentum going> > > > >> > > > > b) we augment the teleconference with IRC, so that we can> > > share syntactic> > > > examples/proposals without saying \"open-bracket, wsdl colon> > > feature, uri> > > > equals quote...\" :)> > > >> > > >> > >> > >> > > --> > > Amelia A. Lewis> > > Architect, TIBCO/Extensibility, Inc.> > > alewis@tibco.com> > >> >> >",
            "docno": "lists-027-10345839",
            "received": "Tue Feb 11 12:37:16 2003",
            "isoreceived": "20030211173716",
            "sent": "Tue, 11 Feb 2003 23:34:21 +0600",
            "isosent": "20030211173421",
            "name": "Sanjiva Weerawarana",
            "email": "sanjiva@watson.ibm.com",
            "subject": "Re: PFTF next telcon",
            "id": "00bc01c2d1f3$d1729240$f900a8c0@lankabook2",
            "charset": "iso-8859-1",
            "inreplyto": "004501c2d1f1$aa771690$b90ba8c0&#64;beasys.com",
            "expires": "-1",
            "to": " \"'Glen Daniels'\" <gdaniels@macromedia.com>; <public-ws-pnf-tf@w3.org>\n"
        },
        {
            "body": "Seems Thursday is tight.  How about Wed 11:00 PST instead -- easier for alltime zones?Don-----Original Message-----From: David Orchard [mailto:dorchard@bea.com]Sent: Tuesday, February 11, 2003 12:19 PMSubject: RE: PFTF next telconThat doesn't work well for me, as the runs right up to the ws-arch telcon.I need at least a half hour for lunch.12:30 EST?Dave> -----Original Message-----> From: public-ws-pnf-tf-request@w3.org> [mailto:public-ws-pnf-tf-request@w3.org]On Behalf Of Glen Daniels> Sent: Tuesday, February 11, 2003 8:55 AM> To: 'public-ws-pnf-tf@w3.org'> Subject: RE: PFTF next telcon>> 1PM EST works for me.>> > -----Original Message-----> > From: Amelia A. Lewis [mailto:alewis@tibco.com]> > Sent: Tuesday, February 11, 2003 11:34 AM> > To: Sandeep Kumar> > Cc: jean-jacques.moreau@crf.canon.fr; gdaniels@macromedia.com;> > youenn.fablet@crf.canon.fr; public-ws-pnf-tf@w3.org> > Subject: Re: PFTF next telcon> >> >> > On Tue, 11 Feb 2003 08:03:51 -0800> > \"Sandeep Kumar\" <sandkuma@cisco.com> wrote:> >> > >> > > Yes, 6:30 am pst is very early for me. Is 9:30 or 10:00 am> > PST suitable to> > > everyone?> > > That is right after WSD meeting.> >> > It would be *really* nice to have some sort of break between> > meetings.  Half an hour would be enough, but it would really> > help to be able to stand up and walk around a bit.  So I'm> > not thrilled by 9:30 (12:30 EST); would prefer 10:00 (1:00> > EST), half an hour after the end of the WSD meeting.> >> > Amy!> > > - sandeep> > >> > > -----Original Message-----> > > From: public-ws-pnf-tf-request@w3.org> > > [mailto:public-ws-pnf-tf-request@w3.org]On Behalf Of> > Jean-Jacques Moreau> > > Sent: Tuesday, February 11, 2003 7:42 AM> > > To: Glen Daniels> > > Cc: 'FABLET Youenn'; public-ws-pnf-tf@w3.org> > > Subject: Re: PFTF next telcon> > >> > >> > >> > > Sounds ok to me, although I suspect this might be too early for> > > West Costers.> > >> > > Jean-Jacques.> > >> > > Glen Daniels wrote:> > > > That time would be OK with me, though I might suggest :> > > >> > > > a) we take 90 minutes, since we'll presumably be doing> work on the> > > scenarios and it would be good to get some momentum going> > > >> > > > b) we augment the teleconference with IRC, so that we can> > share syntactic> > > examples/proposals without saying \"open-bracket, wsdl colon> > feature, uri> > > equals quote...\" :)> > >> > >> >> >> > --> > Amelia A. Lewis> > Architect, TIBCO/Extensibility, Inc.> > alewis@tibco.com> >>>",
            "docno": "lists-027-10360201",
            "received": "Tue Feb 11 12:38:29 2003",
            "isoreceived": "20030211173829",
            "sent": "Tue, 11 Feb 2003 12:32:53 -0500",
            "isosent": "20030211173253",
            "name": "Don Mullen",
            "email": "donmullen@tibco.com",
            "subject": "RE: PFTF next telcon",
            "id": "339902DC0E58D411986A00B0D03D843201B24C6C@extmail.rtp.tibco.com",
            "charset": "iso-8859-1",
            "inreplyto": "PFTF next telcon",
            "expires": "-1",
            "to": " 'Glen Daniels'; public-ws-pnf-tf@w3.org\n"
        },
        {
            "body": "EditorsHere are the words from Dave 0 for Correlation(See attached file: w3c.Correlation.htm)Heather KregerWeb Services Lead ArchitectSTSM, SWG Emerging Technologykreger@us.ibm.com919-543-3211 (t/l 441)  cell:919-496-9572text/html attachment: w3c.Correlation.htm",
            "docno": "lists-098-11808350",
            "received": "Thu Nov 14 22:28:47 2002",
            "isoreceived": "20021115032847",
            "sent": "Thu, 14 Nov 2002 16:36:51 -0500",
            "isosent": "20021114213651",
            "name": "Heather Kreger",
            "email": "kreger@us.ibm.com",
            "subject": "Correlation wods from F2F",
            "id": "OF74187616.D9A9E5A0-ON85256C71.00766E4F@us.ibm.com",
            "charset": "US-ASCII",
            "expires": "-1",
            "to": "www-archive@w3.org,dorchard@bea.com\n"
        },
        {
            "body": "Apologies for being a couple days late.In general, I found that some of the requirements were written to specify adesign.  Examples of this are R118 and R058.  This typically isn't the waythat requirements should be written.  A better way to phrase R118 might be\"The description language MUST provide for re-use of a group ofinterfaces.\".  This could be followed by a comment like \"Probably aconstruct like a Service-type is the correct approach\".Specific comments.  I've tried to make the first sentence the suggestedrequirement for the document.1. The description language SHOULD provide for validation of WSD documentsthat are entirely abstract and MUST not contain non-abstract information andprovide for validation of WSD documents that are entirely concrete and MUSTnot contain abstract information.   Currently, this is accomplished in 3rdparty specs like UDDI saying this is a best practice.  But there is no wayof validating this at a schema or a wsdl level.  This makes it difficult forapplications to guarantee the separation of abstract from concreteinformation in WSDL.  An example is in complex choreographies, where themessage exchange pattern is published and MUST NOT contain any operationURIs.  Another example is the use of deployment WSDL, where the abstractinformation is fixed and the deployer can only fill in URIs for the serviceand abstract information MUST not be added to the deployer's WSDL.Currently WSD does not meet this requirement, and there may be validreasons - such as the difficulty in solutions like using multipleleast documented and also weighed against other requirements.2. The WG should provide Use Cases for it's work when the trade-offs betweenvarious use cases have been used to determine functionality andrequirements.  Almost every discussion about which design approach to takein WSD centers around use-cases and hence requirements.  Examples includethe Service-type discussion, the use of Schema constructs discussion, etc.Yet the final description of how a developer or tool should be used toaccomplish a particular set of functionality is rarely documented in a formthat can be used by external parties.  I'm not suggesting that documenteduse cases have to be provided for every single use case.  I'm suggestingthat cases where people have extensively discussed different approachesshould at least have the \"winning\" use case documented.  This should be avery light-weight process.  We have originally tried to reconcile this workwith the web services architecture group, but that hasn't worked out towell.  I believe the capture of use cases/usage scenarios is still veryimportant for helping others understand wsd motivation and usage.I was somewhat unsure about including this comment in a \"requirementsdocument\" review.  Various requirements on the WG, as opposed to thedescription language, led me to believe this review could includediscussions on requirments on the WG.  If it turns out this is aninappropriate review form for this comment, I'm open to other forums.3. The description language message definitions MUST describe constraints onXML based Message content.  Ironically, I couldn't find any requirement thatsaid that talked about providing schemas that constrain the content ofmessages!  For example, R004 means that the document format is in XML, notthe format of the messages.   R021 doesn't seem to go into the details ofthe constraints.  One could provide a human readable description of amessage and satisfy R021.4. The description language definitions MUST describe constraints uponservice locations for http: URIs, and SHOULD describe constraints for URIschemes in addition to http:.  The spec provides for HTTPURLs, but itdoesn't provide for more generic address format constraints.  Imagine I havea non-http URL and I want the same http: specific functionality.5. The description language message definitions SHOULD describe constraintson non-XML based message content.  I think this is sufficiently met with theMIME support, though I'm not 100% sure based upon some of the SwA and DIMEdiscussions.6. Remove R110.  seems way too specific.7. The description language MUST support message parts that are in theaddress and the body.  The WSDl 1.1 http:urlReplacement element says thatALL the message parts are in the URL.  But imagine the use case of POSTing apurchase order.  The purchase order ID might be in the URI, whilst the POSTbody contains another message part.8. The description language MUST support optional message parts in theaddress.  I don't see a way of using http:urlReplacement and having someparts being optional.  But maybe I just missed this and some examples wouldclear it up.9. The description language SHOULD provide for description of optionalmessage parts.  I know this has been the subject of much discussion, so itseems like this is just housekeeping to add this in.10. The description language SHOULD provide a construct for references touseful above beyond choreography.  Further, it makes great sense for a groupowning the definition of a data structure to also provide for references tothose data structures.  For example, what are the relationship betweenelements in the reference structure and the message parts?  One examplewould be how does one \"pass\" a portreference that contains an extension thatmaps to a header when invoked, ie a conversation ID.  Or how does areference deal with bindings, like a reference that requires HTTP POST vsHTTP GET.  I realize that the group hasn't currently chose to do the work ofdefining a portReference, though one can always hope it changes it's mind.As with other requirements that are SHOULDs but not met for various reasons,this one seems worthwhile including.Cheers,Dave",
            "docno": "lists-026-13987252",
            "received": "Thu Jan  2 17:29:10 2003",
            "isoreceived": "20030102222910",
            "sent": "Thu, 2 Jan 2003 14:25:45 -0800",
            "isosent": "20030102222545",
            "name": "spaces.  But it certainly is a desirable requirement that should be at",
            "email": "dorchard@bea.com",
            "subject": "BEA comments on WSD Requirements",
            "id": "entifiable elements.  For example, the wsu:portReference is extremely",
            "charset": "iso-8859-1",
            "expires": "-1",
            "to": "<public-ws-desc-comments@w3.org>\n"
        }
    ]
}