{
    "id": "candidate-0157",
    "name": "Rhys Lewis",
    "gender": "MALE",
    "email": "rhys@volantis.com",
    "mails": [
        {
            "body": "-----Forwarded Message-----From: Rhys Lewis <rhys@volantis.com>Subject: Authoring Scenarios CommentsDate: 15 Aug 2002 11:18:54 +0100Apologies, I did not include the GIF file necessary to display thediagram within the Authoring Scenarios Document. This is attached.Best wishesRhys Lewis (Editor)",
            "docno": "lists-100-3647967",
            "received": "Thu Aug 15 06:28:53 2002",
            "isoreceived": "20020815102853",
            "sent": "15 Aug 2002 11:24:54 +0100",
            "isosent": "20020815102454",
            "name": "Rhys Lewis",
            "email": "rhys@volantis.com",
            "subject": "Authoring Scenarios Comments - image",
            "id": "1029407096.3505.26.camel@krill",
            "charset": "utf-8",
            "expires": "-1",
            "to": " www-di@w3.org\n"
        },
        {
            "body": "Hello everyone,The Device Independence Working Group (DIWG) has been working oncomments associated with the first informal public draft of the document\"Authoring Scenarios for Device Independence\". This document waspublished on July 31st 2002.This posting has two files attached. The first is an annotated update tothe initial public draft containing comments from DIWG members. Thesecond is an administrative list of outstanding changes including theirstate. The two documents can be cross referenced using the uniquenumbers applied to each comment.The DIWG is continuing to review and modify the Authoring Scenariosdocument. We also welcome comments on the document and suggestions forfurther improvements.Best wishesRhys Lewis (Editor)text/html attachment: as-draft-200209XX-Comments.html__charset_ISO-8859-15text/html attachment: ASToDo.html__charset_ISO-8859-15",
            "docno": "lists-100-3641043",
            "received": "Thu Aug 15 06:23:13 2002",
            "isoreceived": "20020815102313",
            "sent": "15 Aug 2002 11:18:54 +0100",
            "isosent": "20020815101854",
            "name": "Rhys Lewis",
            "email": "rhys@volantis.com",
            "subject": "Authoring Scenarios Comments",
            "id": "1029406750.3505.21.camel@krill",
            "charset": "ISO-8859-15",
            "expires": "-1",
            "to": "www-di@w3.org\n"
        }
    ]
}