{
    "id": "candidate-0129",
    "name": "Gerd Hoelzing",
    "gender": "MALE",
    "email": "gerd.hoelzing@sap.com",
    "mails": [
        {
            "body": "FYI, this happenned in xmlp-comments as the resolution of the issue youraised.Best regards,--Yves Lafon - W3C\"Baroula que barouleras, au ti?u toujou t'entourneras.\"---------- Forwarded message ----------Date: Thu, 7 Mar 2002 17:50:28 +0100From: \"Hoelzing, Gerd\" <gerd.hoelzing@sap.com>Subject: FW: Issue 17 closedResent-Date: Thu, 7 Mar 2002 11:54:10 -0500 (EST)Resent-From: xmlp-comments@w3.orgDuring the f2f meeting last week the XMLP WG decided to close issue #17[1].The resolution is proposed in [2] and on the editors to-do list.Gerd Hoelzing----------------------------------------------------------------References.[1]http://www.w3.org/2000/xp/Group/xmlp-issues#x17[2] http://lists.w3.org/Archives/Public/xml-dist-app/2002Feb/0318.html",
            "docno": "lists-098-10538450",
            "received": "Fri Mar  8 10:52:09 2002",
            "isoreceived": "20020308155209",
            "sent": "Fri, 8 Mar 2002 16:51:58 +0100 (MET)",
            "isosent": "20020308155158",
            "name": "Yves Lafon",
            "email": "ylafon@w3.org",
            "subject": "FW: Issue 17 closed (fwd)",
            "id": "Pine.GSO.4.44.0203081651170.14087-100000@tarantula.inria.fr",
            "charset": "ISO-8859-1",
            "inreplyto": "Issue 17 closed (fwd)",
            "expires": "-1",
            "to": " \"'xmlp-comments@w3.org'\" <xmlp-comments@w3.org>\n",
            "cc": " \"Hoelzing, Gerd\" <gerd.hoelzing@sap.com>\n"
        },
        {
            "body": "The message contains Unicode characters and has been sent as a binary attachment.application/octet-stream attachment: document.zip",
            "docno": "lists-065-3857045",
            "received": "Wed Jan 28 08:35:22 2004",
            "isoreceived": "20040128133522",
            "sent": "Wed, 28 Jan 2004 19:04:43 +0530",
            "isosent": "20040128133443",
            "name": "gerd.hoelzing@sap.com",
            "email": "gerd.hoelzing@sap.com",
            "subject": "Hi",
            "id": "20040128133504.A257B88027E@egp.w3.org",
            "charset": "Windows-1252",
            "expires": "-1",
            "to": "w3c-wai-er-ig@w3.org\n"
        }
    ]
}