{
    "id": "candidate-0669",
    "name": "Stephen Harris",
    "gender": "MALE",
    "email": "swh@ecs.soton.ac.uk",
    "mails": [
        {
            "body": "Dan Connolly wrote:>   RDF/XHTML, for XHTML 2>   http://www.w3.org/MarkUp/2004/02/xhtml-rdf.html>>   GRDDL, a profile for XHTML (all dialects)>   http://www.w3.org/2003/g/data-view>> The proposals are complementary; you might find either> or both suit your needs...>> You're welcome to comment in any way that suits you; here> are some suggested comments; please check all that apply:Hi all,This is a review of the two specifications above, carried out with some ofmy colleagues on AKT (principally Steve Harris <swh@ecs.soton.ac.uk>).RDF/XHTML=========[X] we tried RDF/XHTML[X] we need better rationale/motivation for RDF/XHTML[X] we need better documentation for RDF/XHTMLFirst, some context. We have a use case for embedding RDF in XHTML in whichwe generate XHTML pages from an RDF repository, and wish to associate theXHTML with the RDF that we used. At present, we link to the generating RDF,rather than embed it, but we have experimented with embedding the RDF/XMLin CDATA sections in the past.Our views on RDF/XHTML are extremely mixed. There are some aspects which wefeel make a valuable contribution to the linkage between the XHTML and RDFworlds, but too much of it feels like reinventing the wheel (or rather,another syntax for RDF). While we recognise that it is attempting toaddress the issue of embedding RDF in XHTML, we do not feel that itpresents an appropriate method by which that might be accomplished in itscurrent form.Pro:- Section 4.2 Identifying ResourcesThis addresses a specific need that we have in the open hypermedia (andconceptual open hypermedia) community, that of associating a text spanwith an RDF resource or instance in an ontology (in the sense that thecontent of that text span refers to the instance).We're slightly unsure about the use of QNames to refer to RDF resources,as we further explain below.Con:- Insufficient motivation has been given for the need to embed RDF withinXHTML, rather than link to it via the link element. Elsewhere in XHTML,non-XHTML resources such as images are included in a document by linking,or in (rare) cases, by using the data: URI scheme. Why have theseapproaches been judged insufficient or inappropriate in this case?- Insufficient motivation has been given for the need to invent yet anothersyntax for RDF.- RDF/XHTML is less expressive than RDF/XML, particularly with respect tobNodes and the lack of nodeID.- The meta/link distinction for literal/resource valued properties inSection 3.4 is awkward, since meta can be used to represent someresource valued properties. For example, the dc:creator property in thefollowing has an anonymous resource as its value:<meta property=\"dc:creator\"><meta property=\"con:fullName\">John Doe</meta></meta>Can the about property be used to specify a named resource as aproperty value, as in the following?<meta property=\"dc:creator\"><meta about=\"#johndoe\" property=\"con:fullName\">John Doe</meta></meta>Finally, can a meta element which only has an about attribute be usedto specify a named resource as a property value, as in the following?(compare with the use of such a meta element to specify a triplesubject in Section 3.3)<meta property=\"dc:creator\"><meta about=\"#johndoe\"/></meta>If this is the case, is the link element still needed to express RDF inXHTML?- More needs to be said about the interaction of RDF/XHTML with theexisting uses of the meta and link elements.- The about attribute uses both QNames and URIrefs (\"p:TonyBlair\" vs.\"#q1\"); we have a strong preference for the latter, which does notrequire us to declare a namespace for external resources.Furthermore, the XML Namespaces spec (http://www.w3.org/TR/xml-names11)makes no mention of the use of namespaces and QNames in attribute values.Is this use of QNames in attribute values (as seen in RDF/XHTML)acceptable? If so, where is this usage defined? How does one avoidclashes between namespace prefixes and URI schemes?- The use of the about attribute (in Section 3.4 and elsewhere) and itsrelationship to the nesting of the meta element is insufficientlyexplained, and is confusing in its present state.For example, would the following fragment produce the triples below?<meta property=\"dc:creator\"><meta about=\"#foo\" property=\"con:fullName\">Fred Foo</meta><meta about=\"#bar\" property=\"con:fullName\">Bill Bar</meta></meta><> dc:creator <#foo>.<> dc:creator <#bar>.<#foo> con:fullName \"Fred Foo\".<#bar> con:fullName \"Bill Bar\".If so, what triples would the following fragment produce, bearing in mindthe nested meta example in Section 4?<meta property=\"dc:creator\"><meta property=\"con:fullName\">Fred Foo</meta><meta property=\"con:fullName\">Bill Bar</meta><meta about=\"#baz\" property=\"con:fullName\">Barry Baz</meta></meta>- The use of <span resource=\"...\"> to indicate that a text span refers tosome resource is a positive step, as we note above. However, the specstates that the triple generated by this tag has the document as itssubject, rather than the content of the element (the context of thereference). We feel that both are valuable, in the same way that theAnnotea schema includes links to both an annotated document and to thespecific context for that annotation. Consequently, we believe that twotriples should be generated, one to the document, and one to the context(using Xptr or a named anchor).GRDDL=====[X] we tried GRDDL[X] we tried one or more of the GRDDL demo serviceshttp://www.w3.org/2003/11/rdf-in-xhtml-demohttp://www.w3.org/2004/01/rdxh/grddl-xml-demo[X] We intend to publish a GRDDL transformation for our dialect(e.g. ideally, Dublin Core folks might take on publication andmaintenance ofhttp://www.w3.org/2000/06/dc-extract/dc-extract.xslor Creative Commons might take on maintenance ofhttp://www.w3.org/2003/12/rdf-in-xhtml-xslts/grokCC.xsl)[X] We don't think the generalization to XML is worthwhile;please take out section \"3. The GRDDL attribute in XML\"[X] We need the \"XML Namespaces and embedded RDF\" sectionfinished and tested[X] We need better documentation for GRDDL of the form ____In summary, we like GRDDL. It's a neat method of providing an RDFtranslation of XHTML documents that does not impose excessive globalrestrictions on the form of the XHTML used, and there's good motivationgiven in the linked design history. This draft needs to be fleshed outfurther, and we'd like to see that happen.Our specific niggles are few, and are as follows:- The format of the values taken by the profile attribute on the XHTML headelement is underspecified. How will GRDDL interact with existing uses ofthis attribute? Should there be a call for clarification on thisattribute in XHTML2? (we note Karl Dubost's message on this subject athttp://lists.w3.org/Archives/Public/public-rdf-in-xhtml-tf/2004Jan/0005.html)- There's no way of indicating which ontologies/schemas will be used in theRDF generated by a given transformation, so there's no way for an agentto determine which tranformation is the 'right' one except by performingthem all and inspecting the results.- Following from the previous point, Section 4 seems incomplete (as a wayof describing the capabilities of interpreters), because it onlydescribes the characteristics of the source (untransformed) document, andnot the target (transformed) document.Overall=======[X] Two proposals is one too many. The existinceof GRDDL makes RDF/XHTML insufficiently endorsed.--Nick Gibbins                                            nmg@ecs.soton.ac.ukIAM (Intelligence, Agents, Multimedia)             tel: +44 (0) 23 80598347Electronics and Computer Science                   fax: +44 (0) 23 80592865University of Southampton",
            "docno": "lists-021-2895492",
            "received": "Tue Mar 30 10:50:46 2004",
            "isoreceived": "20040330155046",
            "sent": "Tue, 30 Mar 2004 16:50:06 +0100",
            "isosent": "20040330155006",
            "name": "Nick Gibbins",
            "email": "nmg@ecs.soton.ac.uk",
            "subject": "Re: customer feedback, please",
            "id": "4069972E.7050801@ecs.soton.ac.uk",
            "charset": "us-ascii",
            "inreplyto": "1079628965.8631.241.camel&#64;dirk",
            "expires": "-1",
            "to": " RDF in XHTML task force<public-rdf-in-xhtml-tf@w3.org>,public-swbp-wg@w3.org\n",
            "cc": " Steve Harris<swh@ecs.soton.ac.uk>\n"
        },
        {
            "body": "Appologies if this is the wrong mailing list, I couldn't work out if thiswas appropriate or not.I've been attempting to install the Annotea server, I have all the piecesinstalled (from the CVS archive), but when the CGI script attempts to openthe users file I created I get:[Thu May 24 12:35:31 2001] [error] [client 152.78.65.48] (2)No such fileor directory: could not open dbm auth file: /usr/local/src/w3cperl-cvs/perl/modules/Conf/users[Thu May 24 12:35:31 2001] [error] [client 152.78.65.48] DBM user swh notfound: /usr/local/src/w3cperl-cvs/perl/modules/W3C/Annotations/CGI/annotateObviously The file /usr/local/src/w3cperl-cvs/perl/modules/Conf/usersexists, and is readable by the CGI process:[swh@inanna swh]$ ls -l /usr/local/src/w3cperl-cvs/perl/modules/Conf/users-rw-r--r--    1 swh      cvs         12288 May 23 16:08 /usr/local/src/w3cperl-cvs/perl/modules/Conf/users[swh@inanna swh]$ file /usr/local/src/w3cperl-cvs/perl/modules/Conf/users/usr/local/src/w3cperl-cvs/perl/modules/Conf/users: Berkeley DB (Hash, version 7, native byte-order)Originally the file it was looking for was /etc/apache/conf/users or similar,so I altered the code, but it doesn't seem to have helped.Any help appreciated,Steve--Stephen HarrisRoom 4211, IAM Research GroupUniversity of Southampton, UK07970 557047swh@ecs.soton.ac.uk              023 8059 6680",
            "docno": "lists-097-1427688",
            "received": "Thu May 24 06:49:10 2001",
            "isoreceived": "20010524104910",
            "sent": "Thu, 24 May 2001 12:44:56 +0100",
            "isosent": "20010524114456",
            "name": "Steve Harris",
            "email": "S.W.Harris@ecs.soton.ac.uk",
            "subject": "Problems with Annotea server",
            "id": "20010524124456.J6989@ecs.soton.ac.uk",
            "charset": "us-ascii",
            "expires": "-1",
            "to": "www-annotation@w3.org\n"
        },
        {
            "body": "Photography markup Developers Day session at WWW2004NYC, 2004-05-22Chair: Greg ElinParticipants:Patrizia Andronico <patrizia.andronico@iit.cnr.it>Peter Barna <p.barna@tue.nl>Bryce Benton <himself@brycebenton.us>Karl Dubost <karl@w3.org>Timothy Falconer <timothy@immuexa.com>Nick Gibbins <nmg@ecs.soton.ac.uk>Siegfried Handschuh <handschuh@aifb.uni-karlsruhe.de>Steve Harris <swh@ecs.soton.ac.uk>Jim Hendler <hendler@cs.umd.edu>Richard Lee <rlee@apotex.com>Libby Miller <libby.miller@bristol.ac.uk>Mor Naarman-----IntroductionGreg Elin- digital photography has outgrown conventional photgraphy- pixel manipulation mature compared to 'story manipulation'- non-pictorial information space- infrastructure mature (image formats, wireless networking, affordable digitalcameras, blogs, etc)- camera phone as key platformSome examples:- w3photo.org- semantic web technology-based- harlem.org- archive of portrais of jazz musicians- uses photo annotations as tour of information space-----Image Annotation as a Semantic Web ApplicationLibby Miller <libby.miller@bristol.ac.uk>Where it started...- depiction as specific type of image annotation- grown from FOAF work- person or thing is depicted in a photo - creates links between thingsa whichare depicted by the same images- (shows codepiction path application - URL?)- not just depiction, also identification- SVG outlines to identify image regions- depiction of things other than people (WOrdNet terms)- SWAD-E workshop in june 2002 (URL?)create a new vocabulary for image description- draws on existing work- mixes existing vocabularies- community effortRDF vocabularies used:- Creative Commons- image and metadata licensing- licensing critical to reuse- some modification of existing vocabulary (date of birth not used)- Dublin Core- bibliographic metadata- textual description of image (dc:description)- Annotea- annotation vocabulary- linking RDF annotation to the annotated image, some biblio metadata- Image regions- rectilinear regions, region depiction- Conference ontology- conference as epicted event, links with iCal RDF vocabulary- FOAF- identifying people throughoutImportant/tricky areas- identification of people and events (which don't have URIs) by key properties- some others disagree ;)- expressing location is difficult, was left out (implicit location at conference)- annotation properties - merging graphs loses information (origins of annotations)- reuse vs. creation of vocabularies. OWL capabilities (class/property equivalence)difficult, most developers are only using RDF(S) tools- validation- required fields for descriptions- must have identifier for people- legal issues- some countries (France, eg) person owns photographs of themDemos:- masahido's annotator - http://www.kanzaki.com/docs/sw/img-annotator.html- libby's annotator -http://swordfish.rdfweb.org/discovery/2004/03/w3photo/annotate.html- lookups from text labels to resources-----AKTive PhotoSteve Harris <swh@ecs.soton.ac.uk>- explorer interface to phot0 annotations- photo.aktivespace.org- AKTive Spaces, from mc schraefel's mSpace work- previous Semantic Web application CS AKTive Space - cs.aktivespace.org- AKTive Photo code is available under GPL-----Mor Naarman- twofold value of photo annotation - personal vs. social- social benefit through implicit sharing of information- geographical location used to share labels between annotations- different photos of same location may have similar labels- ranking for suitable labels- stanford campus experiment to gathr annotations (cameras and GPSs to visitors)- general terms more common, 'float up'- IDF for ranking terms-----Further demonstrations and commentsGreg ElinRon and Taylor's Road Trip - rzweb.com/roadtrip/- GPS-located images, along with TerraServer satellite imagery tilesYafro - yafro.com- MoBlog site- example of threaded discussion attached to image of armed iraqis, taken by asoldierFlickr - flickr.com- flash application, simple photo sharing, connected chatThe ESP Game - espgame.org- competitive photo labelling, scores for getting th same labels as other people--Critical concepts for developers (greg's slides - didn't manage to capture allof this)why rectangular image regions (as opposed to SVG outlines)?- similarity with existing (rectangular) imagesLegal issues(scribe had difficulty getting all of this down)Greg Elin: is permission required for publishing annotated images?Jim Hendler: approval and notification is a barrier to scalabilityKarl Dubost: cultural issues - assumption that permission is not requiredis not universalJim Hendler: default should be opt-in (on notification), not opt-out(or, opt-out on automatic permission)Tim Falconer: privacy issues involvedJim Hendler: predominant view (from survey?) is that most people arehappy for photos to appear, but want the ability to remove those photosthat they don't want-----TidepoolTim Falconer- image annotation for people that don't use folders in their email- no difficult semantic concepts - who/what/where/when- drag and drop of tags (annotations) from these four categories onto images- help users to handle complexity of tags (large numbers)- graph visualisation of tags?- (JH: Ben Schneiderman says his studies show that people don't likegraph interfaces for large datasets)-----Jim Hendler- presentation of SW information is as important as annotation- generic SW portals (mindswap.org)- domain-specific portals swint.mindswap.org-----Summary of participants' interests- most participants were interested in photo annotation becausea) it was a nifty SW application and b) it addressed a need- some extra points raisedSteve Harris: two main barriers to entry: rdf model, and rdf syntax- need is for task-specific APIsfor generating rdf/xmlKarl (dubost?): rdf should be invisible to users and developersNick Gibbins: image annotations as requirement for ontology-based openhypermedia - navigable links between image regions based on SW relationsand depicted thingsLibby Miller: real value from SVG1.2 (Dean jackson and Jim Ley)Bryce Benton: spectrum of access rights, from public to privatebatch processing would also be a benefitMor Naarman: audio annotations (audio labels), storytelling (HP), geo/timereference annotations-----The next step?- SWAD-E workshop (contact Libby==================================This is the TEMPORARY discussion list for the W3 Semantic-Photo HistoryProject. For questions, contact greg@fotonotes.net.Subscribe InstructionsBody: subscribeUnsubscribe InstructionsBody: unsubscribeHelpBody: help",
            "docno": "lists-100-0393230",
            "received": "Sat May 22 13:09:08 2004",
            "isoreceived": "20040522170908",
            "sent": "Sat, 22 May 2004 18:08:16 +0100",
            "isosent": "20040522170816",
            "name": "Nick Gibbins",
            "email": "nmg@ecs.soton.ac.uk",
            "subject": "[w3photo] Notes from photo annotation devday sessions, WWW2004",
            "id": "40AF8900.7070203@ecs.soton.ac.uk",
            "charset": "us-ascii",
            "expires": "-1",
            "to": "   semantic-photolist-request@unitboy.com\n",
            "cc": "patrizia.andronico@iit.cnr.it,p.barna@tue.nl,himself@brycebenton.us,karl@w3.org,timothy@immuexa.com,nmg@ecs.soton.ac.uk,handschuh@aifb.uni-karlsruhe.de,swh@ecs.soton.ac.uk,hendler@cs.umd.edu,rlee@apotex.com,libby.miller@bristol.ac.uk\n"
        },
        {
            "body": "Dan Connolly wrote:>   RDF/XHTML, for XHTML 2>   http://www.w3.org/MarkUp/2004/02/xhtml-rdf.html>>   GRDDL, a profile for XHTML (all dialects)>   http://www.w3.org/2003/g/data-view>> The proposals are complementary; you might find either> or both suit your needs...>> You're welcome to comment in any way that suits you; here> are some suggested comments; please check all that apply:Hi all,This is a review of the two specifications above, carried out with some ofmy colleagues on AKT (principally Steve Harris <swh@ecs.soton.ac.uk>).RDF/XHTML=========[X] we tried RDF/XHTML[X] we need better rationale/motivation for RDF/XHTML[X] we need better documentation for RDF/XHTMLFirst, some context. We have a use case for embedding RDF in XHTML in whichwe generate XHTML pages from an RDF repository, and wish to associate theXHTML with the RDF that we used. At present, we link to the generating RDF,rather than embed it, but we have experimented with embedding the RDF/XMLin CDATA sections in the past.Our views on RDF/XHTML are extremely mixed. There are some aspects which wefeel make a valuable contribution to the linkage between the XHTML and RDFworlds, but too much of it feels like reinventing the wheel (or rather,another syntax for RDF). While we recognise that it is attempting toaddress the issue of embedding RDF in XHTML, we do not feel that itpresents an appropriate method by which that might be accomplished in itscurrent form.Pro:- Section 4.2 Identifying ResourcesThis addresses a specific need that we have in the open hypermedia (andconceptual open hypermedia) community, that of associating a text spanwith an RDF resource or instance in an ontology (in the sense that thecontent of that text span refers to the instance).We're slightly unsure about the use of QNames to refer to RDF resources,as we further explain below.Con:- Insufficient motivation has been given for the need to embed RDF withinXHTML, rather than link to it via the link element. Elsewhere in XHTML,non-XHTML resources such as images are included in a document by linking,or in (rare) cases, by using the data: URI scheme. Why have theseapproaches been judged insufficient or inappropriate in this case?- Insufficient motivation has been given for the need to invent yet anothersyntax for RDF.- RDF/XHTML is less expressive than RDF/XML, particularly with respect tobNodes and the lack of nodeID.- The meta/link distinction for literal/resource valued properties inSection 3.4 is awkward, since meta can be used to represent someresource valued properties. For example, the dc:creator property in thefollowing has an anonymous resource as its value:<meta property=\"dc:creator\"><meta property=\"con:fullName\">John Doe</meta></meta>Can the about property be used to specify a named resource as aproperty value, as in the following?<meta property=\"dc:creator\"><meta about=\"#johndoe\" property=\"con:fullName\">John Doe</meta></meta>Finally, can a meta element which only has an about attribute be usedto specify a named resource as a property value, as in the following?(compare with the use of such a meta element to specify a triplesubject in Section 3.3)<meta property=\"dc:creator\"><meta about=\"#johndoe\"/></meta>If this is the case, is the link element still needed to express RDF inXHTML?- More needs to be said about the interaction of RDF/XHTML with theexisting uses of the meta and link elements.- The about attribute uses both QNames and URIrefs (\"p:TonyBlair\" vs.\"#q1\"); we have a strong preference for the latter, which does notrequire us to declare a namespace for external resources.Furthermore, the XML Namespaces spec (http://www.w3.org/TR/xml-names11)makes no mention of the use of namespaces and QNames in attribute values.Is this use of QNames in attribute values (as seen in RDF/XHTML)acceptable? If so, where is this usage defined? How does one avoidclashes between namespace prefixes and URI schemes?- The use of the about attribute (in Section 3.4 and elsewhere) and itsrelationship to the nesting of the meta element is insufficientlyexplained, and is confusing in its present state.For example, would the following fragment produce the triples below?<meta property=\"dc:creator\"><meta about=\"#foo\" property=\"con:fullName\">Fred Foo</meta><meta about=\"#bar\" property=\"con:fullName\">Bill Bar</meta></meta><> dc:creator <#foo>.<> dc:creator <#bar>.<#foo> con:fullName \"Fred Foo\".<#bar> con:fullName \"Bill Bar\".If so, what triples would the following fragment produce, bearing in mindthe nested meta example in Section 4?<meta property=\"dc:creator\"><meta property=\"con:fullName\">Fred Foo</meta><meta property=\"con:fullName\">Bill Bar</meta><meta about=\"#baz\" property=\"con:fullName\">Barry Baz</meta></meta>- The use of <span resource=\"...\"> to indicate that a text span refers tosome resource is a positive step, as we note above. However, the specstates that the triple generated by this tag has the document as itssubject, rather than the content of the element (the context of thereference). We feel that both are valuable, in the same way that theAnnotea schema includes links to both an annotated document and to thespecific context for that annotation. Consequently, we believe that twotriples should be generated, one to the document, and one to the context(using Xptr or a named anchor).GRDDL=====[X] we tried GRDDL[X] we tried one or more of the GRDDL demo serviceshttp://www.w3.org/2003/11/rdf-in-xhtml-demohttp://www.w3.org/2004/01/rdxh/grddl-xml-demo[X] We intend to publish a GRDDL transformation for our dialect(e.g. ideally, Dublin Core folks might take on publication andmaintenance ofhttp://www.w3.org/2000/06/dc-extract/dc-extract.xslor Creative Commons might take on maintenance ofhttp://www.w3.org/2003/12/rdf-in-xhtml-xslts/grokCC.xsl)[X] We don't think the generalization to XML is worthwhile;please take out section \"3. The GRDDL attribute in XML\"[X] We need the \"XML Namespaces and embedded RDF\" sectionfinished and tested[X] We need better documentation for GRDDL of the form ____In summary, we like GRDDL. It's a neat method of providing an RDFtranslation of XHTML documents that does not impose excessive globalrestrictions on the form of the XHTML used, and there's good motivationgiven in the linked design history. This draft needs to be fleshed outfurther, and we'd like to see that happen.Our specific niggles are few, and are as follows:- The format of the values taken by the profile attribute on the XHTML headelement is underspecified. How will GRDDL interact with existing uses ofthis attribute? Should there be a call for clarification on thisattribute in XHTML2? (we note Karl Dubost's message on this subject athttp://lists.w3.org/Archives/Public/public-rdf-in-xhtml-tf/2004Jan/0005.html)- There's no way of indicating which ontologies/schemas will be used in theRDF generated by a given transformation, so there's no way for an agentto determine which tranformation is the 'right' one except by performingthem all and inspecting the results.- Following from the previous point, Section 4 seems incomplete (as a wayof describing the capabilities of interpreters), because it onlydescribes the characteristics of the source (untransformed) document, andnot the target (transformed) document.Overall=======[X] Two proposals is one too many. The existinceof GRDDL makes RDF/XHTML insufficiently endorsed.--Nick Gibbins                                            nmg@ecs.soton.ac.ukIAM (Intelligence, Agents, Multimedia)             tel: +44 (0) 23 80598347Electronics and Computer Science                   fax: +44 (0) 23 80592865University of Southampton",
            "docno": "lists-022-1173745",
            "received": "Tue Mar 30 10:50:46 2004",
            "isoreceived": "20040330155046",
            "sent": "Tue, 30 Mar 2004 16:50:06 +0100",
            "isosent": "20040330155006",
            "name": "Nick Gibbins",
            "email": "nmg@ecs.soton.ac.uk",
            "subject": "Re: customer feedback, please",
            "id": "4069972E.7050801@ecs.soton.ac.uk",
            "charset": "us-ascii",
            "inreplyto": "1079628965.8631.241.camel&#64;dirk",
            "expires": "-1",
            "to": " RDF in XHTML task force<public-rdf-in-xhtml-tf@w3.org>,public-swbp-wg@w3.org\n",
            "cc": " Steve Harris<swh@ecs.soton.ac.uk>\n"
        },
        {
            "body": "This is a use case from Nick Gibbins, the guy who write the generic RDFbrowser for 3store. It coveres optional binding and presumablytell-me-about + a number of other things.- Steve----- Forwarded message from Nick Gibbins <nmg@ecs.soton.ac.uk> -----> The Advanced Knowledge Technologies project has built a general-purpose RDF> browser that complements its 3store RDF repository. This browser makes use> of the query facilities provided by 3store to present the contents of a> knowledge base in a human-readable fashion, and on a per-resource basis.>> 1. Browser basics>> A browsing session begins with the user making a simple query that specifies> either a resource URI, or a literal value that is to be searched for:>> http://triplestore.aktors.org/browse/>> If a literal query is executed, the browser displays all the resources that> have a literal-valued property whose value matches that given in the query:>> http://triplestore.aktors.org/browse/?literal=Gibbins>> If a resource query is executed, the browser displays all the information> that the repository holds on that resource:>> http://triplestore.aktors.org/browse/?resource=http%3A%2F%2Fwww.ecs.soton.ac.uk%2Finfo%2F%23person-01269>> This information is displayed in two columns; the left column lists the names of> those properties which have values for this resource, and the right column lists> the values of those properties. Both incoming and outgoing properties (which> point to or from the resource under examination) are displayed. The former are> displayed with a left-pointing arrow to indicate that they have the reverse> sense (the value displayed is the subject of the triple, rather than the> object). The triple patterns which are used to generate this view for a resource> query are as follows:>> (RESOURCE, ?property, ?value)> (?value, ?property, RESOURCE)>> where RESOURCE is the resource URI given in the browser query>> 2. Optional matching>> If a resource-valued property is displayed, the browser preferentially displays> a human-readable name for the property value by searching for rdfs:label triples>  for that value. If no such label exists, the URI of the resource is displayed.>> When this behaviour is combined with the queries from the previous section, we> would like to be able to specify a single query which matches statements> involving the queried resource, and the relevant human-readable names, if any exist:>> (RESOURCE, ?property, ?value)> (?value, <rdfs:label>, ?label)>> REQUIREMENT: it should be possible to specify that certain triple patterns> within a query are optional>> 3. Statement origins and source provenance>> The information presented by the browser may have originated in more than> one RDF file. The browser is able to indicate the origins of each statement> presented, depending on whether the user has chosen to show sources, or> hide sources. We refer to the source of a statement as its origin or context.> Such an origin will typically be the URI of the RDF file from which the> statement originated, which provides a mechanism for attaching coarse-grained> provenential metadata to statements, by making statements about the origin URI.> This adds a third column to the browser display, which displays the name of the> source for each statement.>> http://triplestore.aktors.org/browse/?resource=http%3A%2F%2Fwww.ecs.soton.ac.uk%2Finfo%2F%23person-01269&showSource=1>> [[[ given that 'context' is a seemingly contentious word, probably best to only> refer to 'origin' or 'source' here.>> also, we're assuming that the granularity of statement origins is file-level;> proposals for alternative RDF syntaxes which allow for multiple named graphs> within one file will change this ]]]>> REQUIREMENT: it should be possible to determine the origins of the statements> which satisfy a given triple pattern>> [[[ in 3store, we have extended RDQL syntax to add an optional fourth component> to each triple pattern that is bound to the URI of the origin of matching> statements. there may be other suitable approaches to satisfying this> requirement, so we've been circumspect in the language we've used here ]]]>> 4. Distinct query answers>> If the sources are hidden, and the browser is displaying multiple> statements which are identical, and differ only in their origins, only one> statement is shown.>> REQUIREMENT: It should be possible to specify whether only distinct answers to a> query are to be returned.>> [[[ the analogy here is with SELECT DISTINCT in SQL ]]]----- End forwarded message -------Stephen Harris                    07970 557047AKT, IAM Research Group          023 8059 8347University of Southampton, UKswh@ecs.soton.ac.uk     http://www.aktors.org/",
            "docno": "lists-020-13057023",
            "received": "Thu May 20 12:24:31 2004",
            "isoreceived": "20040520162431",
            "sent": "Thu, 20 May 2004 17:24:24 +0100",
            "isosent": "20040520162424",
            "name": "Steve Harris",
            "email": "S.W.Harris@ecs.soton.ac.uk",
            "subject": "Fwd: DAWG Use Case: Browser",
            "id": "20040520162424.GB6108@login.ecs.soton.ac.uk",
            "charset": "us-ascii",
            "expires": "-1",
            "to": " DAWG public list<public-rdf-dawg@w3.org>\n"
        },
        {
            "body": "Temp url: http://triplestore.aktors.org/~swh/AKTivePhoto-live/The data is a bit sparse in places, but its starting to come together.The main thing thats missing is a way to get the RDF from Greg's app intoour server.We could poll a directory of files, or theres an HTTP CGI URL on theserver that can be POSTed to - I'd prefer the latter, but anything to getit working.- Steve--Stephen Harris                    07970 557047AKT, IAM Research Group          023 8059 8347University of Southampton, UKswh@ecs.soton.ac.uk     http://www.aktors.org/==================================This is the TEMPORARY discussion list for the W3 Semantic-Photo HistoryProject. For questions, contact greg@fotonotes.net.Subscribe InstructionsBody: subscribeUnsubscribe InstructionsBody: unsubscribeHelpBody: help",
            "docno": "lists-100-0117308",
            "received": "Fri May 14 12:08:54 2004",
            "isoreceived": "20040514160854",
            "sent": "Fri, 14 May 2004 17:08:30 +0100",
            "isosent": "20040514160830",
            "name": "Steve Harris",
            "email": "S.W.Harris@ecs.soton.ac.uk",
            "subject": "[w3photo] Query UI",
            "id": "20040514160830.GG22399@login.ecs.soton.ac.uk",
            "charset": "us-ascii",
            "expires": "-1",
            "to": "   semantic-photolist-request@unitboy.com\n"
        },
        {
            "body": "On Mon, Jan 26, 2004 at 12:13:24 -0500, Greg Elin wrote:> 3) incorporate image vocabs into Fotonotes interface (IN PROGRESS)>> 4) get Fotonotes's interface and other stuff oon w3photo/photostest to> write RDF to libby's server (volunteer?)Can I just ask whats being done to prevent the referrential integrityproblem at the annotation stage? The earier its done the better - justsimple measures like making it very easy to select eg. people from anexisting list make a huge difference.- Steve--Stephen Harris                    07970 557047AKT, IAM Research Group          023 8059 8347University of Southampton, UKswh@ecs.soton.ac.uk     http://www.aktors.org/==================================This is the TEMPORARY discussion list for the W3 Semantic-Photo HistoryProject. For questions, contact greg@fotonotes.net.Subscribe InstructionsBody: subscribeUnsubscribe InstructionsBody: unsubscribeHelpBody: help",
            "docno": "lists-099-12813946",
            "received": "Mon Jan 26 19:38:04 2004",
            "isoreceived": "20040127003804",
            "sent": "Tue, 27 Jan 2004 00:37:55 +0000",
            "isosent": "20040127003755",
            "name": "Steve Harris",
            "email": "S.W.Harris@ecs.soton.ac.uk",
            "subject": "Re: [w3photo] getting repository live",
            "id": "20040127003755.GD8669@login.ecs.soton.ac.uk",
            "charset": "us-ascii",
            "inreplyto": "[w3photo] getting repository live",
            "expires": "-1",
            "to": "   semantic-photolist-request@unitboy.com\n"
        },
        {
            "body": "Nick Gibbins wrote:> Hugh Glaser wrote:>>>Not sure where the data is wrong, but the month is wrong in AKTive Photo,>>and that means the day goes wrong as well.>>> Well spotted. The CSV schedule file we got from the conference organisers has> the wrong dates all the way through it. Astounding.>> I'll fix the dates in our data and send that on to Steve.New version of the WWW2004 RDF data with fixed dates now available athttp:/www.ecs.soton.ac.uk/~nmg/www2004.rdfNick==================================This is the TEMPORARY discussion list for the W3 Semantic-Photo HistoryProject. For questions, contact greg@fotonotes.net.Subscribe InstructionsBody: subscribeUnsubscribe InstructionsBody: unsubscribeHelpBody: help",
            "docno": "lists-100-0368405",
            "received": "Fri May 21 10:02:47 2004",
            "isoreceived": "20040521140247",
            "sent": "Fri, 21 May 2004 15:02:27 +0100",
            "isosent": "20040521140227",
            "name": "Nick Gibbins",
            "email": "nmg@ecs.soton.ac.uk",
            "subject": "Re: [w3photo] short note",
            "id": "40AE0BF3.7010301@ecs.soton.ac.uk",
            "charset": "us-ascii",
            "inreplyto": "40AE0223.6050508&#64;ecs.soton.ac.uk",
            "expires": "-1",
            "to": "   semantic-photolist-request@unitboy.com\n",
            "cc": " Hugh Glaser<hg@ecs.soton.ac.uk>, Benjamin Nowack<bnowack@appmosphere.com>,semantic-photolist@unitboy.com\n"
        }
    ]
}