{
    "id": "candidate-0676",
    "name": "Bryan Thompson",
    "gender": "MALE",
    "email": "thompsonbry@saic.com",
    "mails": [
        {
            "body": "Hello,I have been reading the XForms 1.0 Recommendation trying to answer thefollowing question:What is the correct behavior when an @nodeset on a <bind/> doesnot identify any XML Information Items for the associated XMLinstance data?Is an empty nodeset bound or should this generate anxforms-binding-exception?And where is this spelled out in the specification or is this justcommon knowledge?Thanks,-bryan",
            "docno": "lists-108-7596655",
            "received": "Fri Jun 11 14:26:23 2004",
            "isoreceived": "20040611182623",
            "sent": "Fri, 11 Jun 2004 14:26:09 -0400",
            "isosent": "20040611182609",
            "name": "Thompson, Bryan B.",
            "email": "BRYAN.B.THOMPSON@saic.com",
            "subject": "Correct behavior when &#64;nodeset does not identify anything?",
            "id": "D24D16A6707B0A4B9EF084299CE99B39053F8C48@mcl-its-exs02.mail.saic.com",
            "expires": "-1",
            "to": "\"'www-forms@w3.org'\"<www-forms@w3.org>\n",
            "cc": "\"'thompsonbry@saic.com'\"<thompsonbry@saic.com>\n"
        },
        {
            "body": "This is a link to an updated draft of the presentation.http://lists.w3.org/Archives/Public/www-archive/2004Apr/0087.htmlI would appreciate it if someone could arrange to have this setupfor the projector before the end of lunch today.Thanks,-bryan-----Original Message-----From: Thompson, Bryan B.Sent: 4/21/2004 8:00 PMSubject: DRAFT of presentation on XPointer and HTTP Range for RDF QueryAll,Please see the PowerPoint and PDF versions in the W3C archive at:http://lists.w3.org/Archives/Public/www-archive/2004Apr/0086.html-bryan",
            "docno": "lists-020-10390172",
            "received": "Fri Apr 23 04:26:00 2004",
            "isoreceived": "20040423082600",
            "sent": "Fri, 23 Apr 2004 04:23:26 -0400",
            "isosent": "20040423082326",
            "name": "Thompson, Bryan B.",
            "email": "BRYAN.B.THOMPSON@saic.com",
            "subject": "RE: DRAFT of presentation on XPointer and HTTP Range for RDF Quer y",
            "id": "D24D16A6707B0A4B9EF084299CE99B39053F8B87@mcl-its-exs02.mail.saic.com",
            "charset": "iso-8859-1",
            "inreplyto": "DRAFT of presentation on XPointer and HTTP Range for RDF Quer y",
            "expires": "-1",
            "to": " 'public-rdf-dawg@w3.org'\n",
            "cc": " 'thompsonbry@saic.com'\n"
        },
        {
            "body": "All,Please see the PowerPoint and PDF versions in the W3C archive at:http://lists.w3.org/Archives/Public/www-archive/2004Apr/0086.html-bryan",
            "docno": "lists-020-10366298",
            "received": "Wed Apr 21 20:01:28 2004",
            "isoreceived": "20040422000128",
            "sent": "Wed, 21 Apr 2004 20:00:49 -0400",
            "isosent": "20040422000049",
            "name": "Thompson, Bryan B.",
            "email": "BRYAN.B.THOMPSON@saic.com",
            "subject": "DRAFT of presentation on XPointer and HTTP Range for RDF Query",
            "id": "D24D16A6707B0A4B9EF084299CE99B39053F8B84@mcl-its-exs02.mail.saic.com",
            "expires": "-1",
            "to": "\"'public-rdf-dawg@w3.org'\"<public-rdf-dawg@w3.org>\n",
            "cc": "\"'thompsonbry@saic.com'\"<thompsonbry@saic.com>\n"
        },
        {
            "body": "The attachments to this message are DRAFT copies of a presentation on theuse of XPointer and the HTTP \"Range\" header as a possible scalable andextensible RDF data access protocol that was prepared for the first face toface of the RDF data access working group.  Both a PowerPoint and a PDFversion are attached.-bryanapplication/octet-stream attachment: XPointer_and_HTTP_Range.pptapplication/octet-stream attachment: XPointer_and_HTTP_Range.pdf",
            "docno": "lists-099-9892328",
            "received": "Wed Apr 21 19:57:50 2004",
            "isoreceived": "20040421235750",
            "sent": "Wed, 21 Apr 2004 19:57:38 -0400",
            "isosent": "20040421235738",
            "name": "Thompson, Bryan B.",
            "email": "BRYAN.B.THOMPSON@saic.com",
            "subject": "*DRAFT* - Presentation on the use of XPointer and the HTTP &quot;Range &quot; header as a possible scalable and extensible RDF data access protocol.",
            "id": "D24D16A6707B0A4B9EF084299CE99B39053F8B83@mcl-its-exs02.mail.saic.com",
            "expires": "-1",
            "to": "\"'www-archive@w3.org'\"<www-archive@w3.org>\n",
            "cc": "\"'thompsonbry@saic.com'\"<thompsonbry@saic.com>\n"
        },
        {
            "body": "Greetings, while the nodeset on a bind element may not identify anyelements this situation may not prevail over the lifetime of a form.So while it may be the case that during initial xforms-model-constructprocessing no nodes may be resolved that match a nodeset subsequentinsertion of a node may mean that when the binding is next applied a nodeis resolved. The requirement to rebuild after insert processing isdescribed in: http://www.w3.org/TR/xforms/slice9.html#action-insertRegards, Roland\"Thompson, Bryan B.\" <BRYAN.B.THOMPSON@saic.com>Sent by: www-forms-request@w3.org11/06/2004 19:26To\"'www-forms@w3.org'\" <www-forms@w3.org>\"'thompsonbry@saic.com'\" <thompsonbry@saic.com>SubjectCorrect behavior when @nodeset does not identify anything?Hello,I have been reading the XForms 1.0 Recommendation trying to answer thefollowing question:What is the correct behavior when an @nodeset on a <bind/> doesnot identify any XML Information Items for the associated XMLinstance data?Is an empty nodeset bound or should this generate anxforms-binding-exception?And where is this spelled out in the specification or is this justcommon knowledge?Thanks,-bryan",
            "docno": "lists-108-7605575",
            "received": "Fri Jun 11 15:25:07 2004",
            "isoreceived": "20040611192507",
            "sent": "Fri, 11 Jun 2004 20:18:07 +0100",
            "isosent": "20040611191807",
            "name": "Roland Merrick",
            "email": "roland_merrick@uk.ibm.com",
            "subject": "Re: Correct behavior when &#64;nodeset does not identify anything?",
            "id": "OFEE9D485B.C5A97E69-ON80256EB0.0068BF27-80256EB0.0069D5AB@uk.ibm.com",
            "charset": "US-ASCII",
            "inreplyto": "D24D16A6707B0A4B9EF084299CE99B39053F8C48&#64;mcl-its-exs02.mail.saic.com",
            "expires": "-1",
            "to": "\"Thompson, Bryan B.\"<BRYAN.B.THOMPSON@saic.com>\n",
            "cc": "\n"
        },
        {
            "body": "Hello,Our interest is primarily in the protocol aspect of the DAWG.  To thatend, I have been working with one of the RDFNet API authors, GrahamMoore, on an alternative to the RDFNet API Note using a REST-fulapproach.The proposal, in short, is to use the XPointer Framework, to declare anXPointer scheme suitable for querying an RDF model, e.g., rdf(), toconvey the XPointer expression to the server via the HTTP \"Range\"header, and to have the server return the results as MIME\"multipart/mixed\". For a more detailed, but not finished, writeup,please see:http://wiki.cognitiveweb.org/HttpRangeAndXPointerA copy of which is pasted as plain text below.I am currently working on a proof of concept implementation as well inwhich we would like to demonstrate coverage of graph updates as wellusing a \"direct manipulation\" REST-ful semantics.Thanks,-bryanHttpRangeAndXPointer--------------------------------------------------------------------------------1 ContentsContentsSummaryBackgroundXPointerUsing XPointer with HTTP RangeRSS ExampleRDF Triple Store ExampleTuple Space ExampleXTM ExampleNotesText fragments to be incorporated or tossed.References2 SummaryThis document explores the use of the XPointer Framework incombination with [REST Web Services]. The core use case is the directmanpulation of sub-resources. This requirement is especially valuablewhenthe resource being addressed is very large, e.g., a busy RSS channel, atuple space, or a triple store containing millions of triples. Further,byusing the extensible XPointer Framework, the client is able to use alogicaladdressing scheme that is ideally suitable for identifying sub-resourcesinvery different kinds of XML resource (e.g., SVG, RSS, and RDF/XML).We show that you can achieve scalable direct manipulation of very largeresource using HTTP/1.1 and the XPointer Framework. The key features oftheHTTP/1.1 specification that are used are the \"Range\" request header, the\"Content-Range\", and \"Content-Type: multipart/mixed\" entity headers, andthe\"Accept-Ranges:\" response header.A client that desires to use these features must accept a minoradditionalburden in how they prepare the HTTP request (the XPointer fragmentthey process the HTTP response (the client must recognize the 206(PartialContent) status code and be able to handle the \"multipart/mixed\" contenttype when multiple sub-resources are addressed by the XPointer fragmentNothing in this recommedation changes the basic contract for a fragmentforthe client to delegate the evaluation of the XPointer fragmentthe server. The client uses the HTTP \"Range\" request header to providetheXPointer fragment identifier to the server. By doing this, the client isessentially declaring that it only needs those sub-resource(s) that areactually addressed by the fragment indicator. An aware server will thenreturn only the addressed sub-resource(s).The use of XPointer fragment identifiers together with the HTTP POST,PUTand DELETE methods is also explored. POST appears to have utility increating a new sub-resource of an identified sub-resource, which can beinterpreted as either placing a link into the addressed sub-resource orasembedded a child XML element. PUT can be developed as a transactionalupdatemechanism, using DROP + INSERT semantics, which makes good sense forflataddressing models, such as a triple store. The DELETE method provides anatural facility for destroying multiple sub-resources within a singletransaction.Finally, it is suggested that the use of XPointer and the extensiblerangemechanisms of HTTP/1.1 may provide a scalable alternative approach forpeople exploring APIs for semantic web services. [RDFNetAPI]3 BackgroundPer URI [1] in order to know the authoritative interpretationof a fragment identifier, one must dereference the URIcontaining the fragment identifier. The Internet Media Type ofthe retrieved representation specifies the authoritativeinterpretation of the fragment identifier. [2]With an (X)HTML representation, the agent is normally acting on behaviorofa human operator who is navigating web hypermedia resources and thesemantics of the fragment identifier are normally interepted by a webbrowser as causing the indicated sub-resource to be visible in thebrowserwindow. As such fragment identifiers do not provide a means for a clientforthe direct manipulation of sub-resource(s). Rather, the fragmentindentifieris used by client-side processing once the resource representation is inhand.In fact, HTTP does not transmit the fragment identifier as part of therequest-URI !!! Instead, the client is expected to apply the fragmentthesemantics of fragment indicators for the Internet Media Type negotiatedforthe representation of the resource for that GET request.Instead, HTTP provides an extensible mechanism for clients to interactwitha \"Range:\" of the resource representation. However the only range-unitthatis explicitly described by the HTTP/1.1 RFC is \"bytes\", i.e., addressingoneor more byte ranges in the resource representation. The \"bytes\"range-unitis suitable for some kinds MIME types, for example, retrieving a sectionofslice of binary image. Further, the HTTP specification breakstransparencyand encourages caches to combine byte ranges (under certain validityconditions).However the \"bytes\" range-unit is not suitable for our core use cases asitdoes not provide an extensible mechanisms for directly addressing andmanipulating logical sub-resource(s).4 XPointerThe XPointer Framework provides an extensible mechanism foraddressing XML sub-resources. The XPointer Working Group has defined acoreset of XPointer addressing schemes, in addition to the basic XPointerFramework. Further, people are free to define new XPointer schemes andtoadopt existing XPointer schemes for addressing sub-resources forspecificXML grammars, e.g., SVG.Unfortunately of the existing XPointer schemes, the element() scheme istooweak and the xpointer() scheme is so powerful that it is rarelyimplemented.However, it is straight forward to declare and implement new schemes, sopeople should not be encouraged from adopting this approach. Further,suchschemes will often be better tailored to the specific nature of theresource.5 Using XPointer with HTTP RangeSo, how can we use the XPointerFramework todirectly address and manipulate XML sub-resources? The key pieces are:Server indicates support for the XPointer Framework.\"Accept-Range\" \":\" \"xpointer\"Client sends sub-resource request.\"Range\" \":\" \"xpointer\" \"=\" pointer-partsServer provides partial content response.\"Content-Type\" \":\" \"multipart/mixed\"5.1 RSS ExampleFor example, a client uses the XPointer Framework and thehypothetical XPointer xpath() scheme to address the sub-resource that isthethird RSS \"item\" in an application/xml+rss representation of theresourcewhose URI is \"http://www.rest.myorg.org/foo\".Request:GET /foo HTTP/1.1Host: rest.myorg.orgAccept: application/xml+rssRange:xpointer=xmlns(ns:=http://myorg.org/xpointer/scheme/xpath)ns:xpath(//item/3)...Response:HTTP/1.1 206 Partial ContentContent-Type: application/xml+rssContent-Range:xpointer=xmlns(ns:=http://myorg.org/xpointer/scheme/xpath)ns:xpath(//item/3)Content-Length: xxx<item ...>...</item>The \"Accept:\" header is used to negotiate the content type of theresourcerepresentation before we apply the XPointer Framework to identify theindicated sub-resources. If a single sub-resource is addressed, thenthis isalso the content type of the response entity. If multiple sub-resourcesare\"multipart/mixed.\" Each of the sub-entities will use the content typeforthe resource representation, but each sub-entity will provide only therepresentation of one of the identified sub-resources. The order of the\"multipart/mixed\" sub-entities is significant and reflects the order (ifany) that the XPointer scheme imposes on the identified sub-resources(canXPointer schemes impose an ordering?).5.2 RDF Triple Store ExampleDevelop and relate to the RDF-Net api (W3C Note).If we insist that there is a one-to-one correspondence between thecardinality of the addressed sub-resources and the cardinality of theprovided sub-entities, then this is just a shorthand for multiple PUToperations.However, we can achieve transactional isolation on an update if we causetheaddressed sub-resources to be modified using a \"DROP + INSERT\"semantics.This works nicely when the sub-resource contains the information that isused for logical addressing. For example, all RDF triples using aparticularXPointerscheme. Those triples would be dropped and any new triples provided intherequest entity(ies) would be inserted.Viola - transactional UPDATE semantics.As I see it, it is up to the resource service description to define thespecific semantics for PUT. While the described model works nicely forRDF(with its flat address space in a tuple store), it would not have goodsemantics for an XML document with its tree-based addressing mechanisms.Itshould even be possible to use the \"multipart/mixed\" content type forPUT toINSERT multiple sub-resources. This makes good sense for RSS, but islessnecessary for updating an RDF triple store.5.3 Tuple Space ExampleConsider developing an example for REST-ful tuple spaces.5.4 XTM ExampleConsider a look at the same reified triple store but use contentnegotiation to produce a view of the federated information for somesubject using the XTM interchange syntax.  This should probably bebroken out into an in depth look at the use of XPointer for asemanticweb server.6 Notes- Also show the use of \"multipart/mixed\", e.g.,\"ns:xpath(rss/channel/item)\" to address all item children of an RSSchannel.- Use status code 416 (Request Range Not Satisifiable) if nosub-resourcesare addressed by the xpointer range (unless the If-Range header wasused).- The Content-XXX headers are entity headers. They may be provided anytimea request entity is provided, so they are valid on a POST or PUT request(when using the direct manipulation semantics). However, the \"Range:\"header(and not the \"Content-Range:\" header) is used on a GET request sincethereis no request entity involved. The response to a GET (but not therequest)may use a \"Content-Range:\" header since it describes the range of theresource whose representation is in the response entity.- I have made the decision here to indicate support for the XPointerFramework using the \"Accept-Ranges:\" header, but not for the differentXPointer schemes that the server recognizes. Per the XPointer Frameworkspecification, if the XPointer processor does not recognize the schemefor apointer part, then it must skip that pointer part, which seems goodenough.- The use of the Partial Content (206) header with a range-unit otherthan\"bytes\" may break some HTTP caching proxies. I think that this use is avalid reading of the extension mechanism for range-unit in the HTTP/1.1RFC,but it is at odds with the language in section 10.2.7 \"206 PartialContent\".In particular, that status code does requires either a Content-Rangeheaderor the \"multipart/bytes\" content type. I am choosing to read this as afailure on the part of the authors to drive the extension mechanisms forrange-unit fully through the HTTP/1.1 RFC document.Also, this approach might cause problems with deployed caches dependingontheir behavior when the range-unit is other than \"bytes\".- The ETag mechanism can be used to request conditional destructiveoperations, e.g., using PUT to update a resource iff the resource hasnotbeen changed since some prior GET. This provides a kind of opportunisticlocking strategy which can be useful. The HTTP/1.1 specification placesconstraints on the interaction of the \"Range:\" and \"ETag:\" headers.Theseinteractions need to be review when integrating XPointer with ETagsupport.- A savvy client can exploit the HTTP \"Range:\" header to obtain only thesub-resource(s) address by the XPointer fragment identifier. A slighlylesssavvy client can find itself retrieving the entire resource and havingtoapply XPointer itself. However, very large resources might only returnmetadata about the resource, e.g., when the resource is a triple storeortuple space. Other resources, such as an RSS channel, might only returnthose RSS items that are \"current\" for the channel, even though theremay beother historical or pending RSS items that are not visible from thatview ofthe resource state. These are not overly bad outcomes for more naieveuse ofXPointer. However, only a savvy client will be able to use XPointer toperform direct manipulation of sub-resources since the fragmentis otherwise stripped from the HTTP request.7 Text fragments to be incorporated or tossed.Use server-side evaluationofXPointer on GET to return the representation of the addressedsub-resource(s) representation as a multipart MIME entity. This willrequirethe use of the HTTP Range header mechanism. Note that HTTP/1.1 providesforextensible range-units, but only provides detailed (and optional)guidencefor \"byte-units\".Maybe we can automatically translate a fragment identifer that matchesthegeneric syntax of an XPointer scheme into the corresponding HTTP Headers?Ah! That is the problem: the HTTP caching mechanism examimes the URL butnotthe fragment identifier, right? If so, then caching will break if we usefragment identifiers to transport sub-resources.8 References[1] URI -http://gbiv.com/protocols/uri/rev-2002/rfc2396bis.html[2] Architecture of the World Wide Web - http://www.w3c.org/TR/webarch/[x] RDF Net API -http://www.w3.org/Submission/2003/SUBM-rdf-netapi-20031002/",
            "docno": "lists-020-15818688",
            "received": "Wed Mar 17 06:34:57 2004",
            "isoreceived": "20040317113457",
            "sent": "Wed, 17 Mar 2004 06:34:46 -0500",
            "isosent": "20040317113446",
            "name": "Thompson, Bryan B.",
            "email": "BRYAN.B.THOMPSON@saic.com",
            "subject": "and predicate could be addressed by a hypothetical \"rdf()",
            "id": "entifier",
            "charset": "iso-8859-1",
            "expires": "-1",
            "to": "\"'public-rdf-dawg@w3c.org'\"<public-rdf-dawg@w3c.org>\n",
            "cc": "\"'thompsonbry@saic.com'\"<thompsonbry@saic.com>\n"
        }
    ]
}