{
    "id": "candidate-0594",
    "name": "Barry Feigenbaum",
    "gender": "MALE",
    "email": "feigenba@us.ibm.com",
    "mails": [
        {
            "body": "The address of the IBM Software Executive Briefing Center11301 Burnet Road, Building 101Austin, TX 78758Breakfast is at 8:30am.Remember its Business Casual (no jeans, shorts, t-shirts or sandals)Call in number if the regular  W3C line is not available:800 833 4294 NA Toll free (most economical)719 955 1112 InternationalPasscode  793 698Again the IBM site map:(Embedded image moved to file: pic02805.jpg)Barry A. Feigenbaum, Ph. D.Worldwide Accessibility Center - IBM Researchwww.ibm.com/able,w3.austin.ibm.com/~snsinfovoice 512-838-4763/tl678-4763fax 512-838-9367/0330cell 512-799-9182feigenba@us.ibm.comMailstop 904/5F-02111400 Burnet Rd., Austin TX 78758Sun Certified Java Programmer, Developer & ArchitectIBM Certified VisualAge C++ & Smalltalk Associate Developer; XML Developer;OOAD w/UMLBrainbench in C/S, WWW, e-Commerce & OO Concepts, HTML 3.2, Java 2, JSP,EJB, XML, Smalltalk, AssemblerThis message sent with 100% recycled electrons",
            "docno": "lists-060-6446264",
            "received": "Wed Feb 18 11:03:03 2004",
            "isoreceived": "20040218160303",
            "sent": "Wed, 18 Feb 2004 10:02:52 -0600",
            "isosent": "20040218160252",
            "name": "Barry Feigenbaum",
            "email": "feigenba@us.ibm.com",
            "subject": "Last minute face-to-face meeting info",
            "id": "OF2141EF8F.88EE25C0-ON86256E3E.0056CE2A-86256E3E.00578C1F@us.ibm.com",
            "charset": "US-ASCII",
            "expires": "-1",
            "to": "w3c-wai-au@w3.org\n"
        },
        {
            "body": "-------- Original Message --------Date: Mon, 10 May 2004 13:27:29 -0500From: Barry Feigenbaum <feigenba@us.ibm.com>Sorry these are so late.Comments in context below prefixed with BAF(please forgive me if I make a comment on something that is there.  Imay have missed it).Comments on guideline 3 techniques doc:Overall very nice.  Lots of good work here.On overall formatting.  I regularly print things and read them.  Severalsections of this document print as too wide (text is right clipped)especially in portrait mode.  Many figures are too wide.We should discuss the use of \"can\" (vs \"should\" or \"must\") on sometechniques.  There are a few of them that should be close to required ina tool (if it has that relevant aspect such as WYSIWYG).We should also strongly suggest support prompting for localization ofaccessible informationWe should suggest alternates to image map input (other than the standarduser agent presentation of a list of hotspots).  For example on a worldmap, allow the user to enter a location in latitude/longitude or bycountry name inside a separate (but related/grouped) entry form. Thisalternate would always be available (unless the site supports userpreferences and it is disabled)for 3.4.3 suggest the user marking the content with a role/flag toinsure certainty.Comments on guideline 4 techniques doc:I believe we need to emphasize the use of wizards and other promptedsequences.  They are one of the best ways to insure the user address allaspects of a creation process.  Any accessibility prompts need to beon/before the first panel that has a \"finish\"button.  Repair tools canaddress pre-existing content or content edits after use of a wizard(assuming you cannot reenter the wizard).Should we include specific examples for the well known XML applications(SVG, SMIL, MathML, VRML, WAP, etc)___________________________________Some of the following may/is already be covered in different places butI would suggest a consolidated section (s) on this.I think there needs to be more emphasis on high-level (semantic)authoring vs low-level (presentation) authoring.  This spans checkpointsand especially checkpoint 3 .Most current authoring tools generate HTML directly (ie the user workswith HTML), which is relatively low level.  Tools generating HTML shoulddirect users to using its higher level constructs wherever possible (exuse <CITE> vs <I>) and CSS classes on <P> or <SPAN> to indicate customsemantics and associate any custom presentation.  The tools should alsomove the user always from misuse of tags such as the (infamous) use of<TABLE> and <IMG> for layout.I would like up to promote the use of higher level structures forauthoring and then have to tools compile/generate the HTML from this (bya custom approach or XSLT, etc). The user should be discouraged formchanging the generated HTML.  For example the IBM developerWorks sitedoes this for all its articles **.  They have a custom XSLT-based enginethat makes HTML, PDF, ZIP, JAR, etc files for its users.  The input tagsare an extended subset of HTML.  Use of WYSIWYG-capable tools abovethese dialects should be strongly encouraged.  Having these high-leveldialects + tools makes it much easier to detects and correct contentflaws, including accessibility issues (our interest).  For example, thegeneration tool can fail if the <IMG> equivalent tag has no alternativetext. The tool can also notice common features (such as toolbar icons)and provide alt text, etc. from a defined pool.  It also enables otherprocesses, such as localization and restructuring for alternate mediaform factors or user agent types.BTW IBM did this in the past internally for all its publication up tothe mid 90's when SGML became (with IBMs help) a standard approach.They had 3 levels of documents - Document Content Architecture (DCA) I,II, III.  DCA I was pure presentation and quite similar to HTML (full of<I>, <B>, <BR> like stuff).  DCA II was closer to XHTML 2.  DCA III waspresentation agnostic and dealt in much more semantic concepts (such as<procedure><step id=1>...</step><step id=2>...</step>...</procedure>)that could be formatted in many was by a stylesheet (a superset of CSSwith programmable logic and user written macros) and were defined bystandard or custom tag libraries (somewhat like JSP is today) This was aXSLT like approach.** they are not pure yet as they still allow <i> and <b>._Contents_ <http://jan.atrc.utoronto.ca/public/auwg/techs.html> |_Guideline 1_ <http://jan.atrc.utoronto.ca/public/auwg/tier1.html> |_Guideline 2_ <http://jan.atrc.utoronto.ca/public/auwg/tier2.html> |_Guideline 3_ <http://jan.atrc.utoronto.ca/public/auwg/tier3.html> |Guideline 4 | _References_<http://jan.atrc.utoronto.ca/public/auwg/refs.html><http://www.w3.org/>*Implementation Techniques forAuthoring Tool Accessibility Guidelines 2.0:**Guideline 4: Promote and integrate accessibility solutions **Working Group Draft DD MMM 2004*This version:_http://www.w3.org/WAI/AU/2004/WD-ATAG20-20040120/tier4_Latest version:_http://www.w3.org/TR/ATAG20/tier4_ATAG 1.0 Recommendation:_http://www.w3.org/TR/ATAG10_Editors of this chapter:Jutta Treviranus - ATRC, University of TorontoJan Richards - ATRC, University of TorontoMatt May - _W3C_ <http://www.w3.org/>_Copyright_ <http://www.w3.org/Consortium/Legal/ipr-notice#Copyright> ?2003 _W3C_ <http://www.w3.org/>^? (_MIT_ <http://www.lcs.mit.edu/>,_ERCIM_ <http://www.ercim.org/>, _Keio_ <http://www.keio.ac.jp/>), AllRights Reserved. W3C _liability_<http://www.w3.org/Consortium/Legal/ipr-notice#Legal_Disclaimer>,_trademark_<http://www.w3.org/Consortium/Legal/ipr-notice#W3C_Trademarks>,_document use_ <http://www.w3.org/Consortium/Legal/copyright-documents>and _software licensing_<http://www.w3.org/Consortium/Legal/copyright-software> rules apply.------------------------------------------------------------------------*Integrate accessibility solutions into the overall \"look and feel\": ** _Techniques for checkpoint 4.1_<http://jan.atrc.utoronto.ca/public/auwg/tech4.html#integrate-in-workflow>:Ensure that accessibility prompting, checking, repair functionsand documentation are integrated into the _workflow_<http://jan.atrc.utoronto.ca/public/auwg/guidelines.html#def-workflow>of Web Content development. [Priority 2]* _Techniques for checkpoint 4.2_<http://jan.atrc.utoronto.ca/public/auwg/tech4.html#check-visible-means>:Ensure that the most accessible option for an authoring task isgiven priority. [Priority 2]* _Techniques for checkpoint 4.3_<http://jan.atrc.utoronto.ca/public/auwg/tech4.html#check-clearly-available>:Ensure that accessibility prompting, checking, repair functionsand documentation are always clearly available to the author[Priority 1]* _Techniques for checkpoint 4.4_<http://jan.atrc.utoronto.ca/public/auwg/tech4.html#check-integrate-features>:Ensure that accessibility prompting, checking, repair functionsand documentation are naturally integrated into the appearance andinteractive style of the tool. [Priority 3]------------------------------------------------------------------------*@@Editor note: As part of the techniques writing process changes arebeing made to the text of success criteria and checkpoints. Onceapproved, these changes need to be made back in the guideline document.@@**Integrate accessibility solutions into the overall \"look and feel\"**_ATAG Checkpoint 4.1_*<http://jan.atrc.utoronto.ca/public/auwg/Overview.html#check-accessibility-everywhere1>*:Ensure **@@that accessible authoring practices@@** are integrated intothe **_workflow_*<http://jan.atrc.utoronto.ca/public/auwg/guidelines.html#def-workflow>*of Web Content development. [Priority 2] **Techniques for \"Success Criteria 1: Any mechanism that guides theauthor in sequencing authoring actions (e.g. design aids, wizards,**documentation @@GP suggestion@@**, templates) /must/ integrate**@@accessibility@@** **_prompting_*<http://jan.atrc.utoronto.ca/public/auwg/tech4.html#def-Prompt>*,**_checking_*<http://jan.atrc.utoronto.ca/public/auwg/tech4.html#def-Checking>*,**_repair_*<http://jan.atrc.utoronto.ca/public/auwg/tech4.html#def-Repairing>*functions and **_documentation_*<http://jan.atrc.utoronto.ca/public/auwg/tech4.html#def-document>*.\"*WYSIWYG *Technique 4.1.1: *Specialized *@@design aids@@* can integrateaccessibility-related functionality.*Example:* This sequence of steps of a sample interface shows howprompting, checking, repair and documentation of accessibility issuescan be integrated into the process of creating a table. In the firststep (Figure 4.1.1(a), the author has requested that a table beinserted. The tool prompts the author for accessibility information(i.e. caption and summary) at the same time as the number of rows andcoluumns, etc. In this example, the tool is also assisting the author bystrating off both fields with known information (i.e. that this is the3rd table in the document, so far). In the second step, the author hasjust finished filling in the top row cells. The tools asks the authorwhether this \"is a row of table headers\". If the author answers \"Yes\",then the tool can make the repair aiutomatically. In the third step, theauthor has just merged two cells in an upper header row. The tools asksthe author whether this \"merged cell is a header for the column headersbelow it\". If the author answers \"Yes\", then the tool can update thetable structure accordingly. In all three examples, key terms are linkedto the help documentation.*Figure 4.1.1(a): [**_d_*<http://jan.atrc.utoronto.ca/public/auwg/longdescs.htm>*] (Source:mockup by AUWG adapted from Macromedia Dreamweaver MX)**Figure 4.1.1(b): [**_d_*<http://jan.atrc.utoronto.ca/public/auwg/longdescs.htm>*] (Source:mockup by AUWG)**Figure 4.1.1(c): [**_d_*<http://jan.atrc.utoronto.ca/public/auwg/longdescs.htm>*] (Source:mockup by AUWG)*Indirect *Technique 4.1.2: *Content generation wizards can includeaccessibility-related functionality.BAF wizards etc should be a major prompting mechanism. Many samplesshould be shown such as the table example above.Screenshot #4: Wizard with promptsALL *Technique 4.1.3: *Documentation can highlight relevant accessibleauthoring practices.*Example: *The documentation for the INPUT element in this tool makesuse of the LABEL element in order to reinforce the routine nature of thepairing.*Figure 4.1.1(e): [**_d_*<http://jan.atrc.utoronto.ca/public/auwg/longdescs.htm>*] (Source:mockup by AUWG adapted from Microsoft Office help system)*ALL *Technique 4.1.4: *Links to documentation should be included ... F1link to accessiblity help...ALL *Technique 4.1.5: *Accessibility prompts can include the followingwordings:* ???*_ATAG Checkpoint 4.2_*<http://jan.atrc.utoronto.ca/public/auwg/overview.html#check-visible-means>*:Ensure that the most accessible option for an authoring task is givenpriority. [Priority 2]**Techniques for \"Success Criteria 1: When an authoring action hasseveral @@more than one@@ markup implementations @@(e.g. the color oftext can be changed with presentation markup or style sheets) @@ changedby JR@@, those markup implementation(s) that meet the requirements ofWCAG /must/ have equal or higher **_prominence_*<http://jan.atrc.utoronto.ca/public/auwg/def-prominence>* than thosemarkup implementations that do not meet the @@WCAG@@ requirements.\"**Technique 4.2.1: *If there is more than one option for the author,and one option is more accessible (@@meets WCAG@@) than another, themore accessible option can be given _prominence_<http://jan.atrc.utoronto.ca/public/auwg/def-prominence> and made thedefault.For HTML 4.0, examples pairings of options that are /more/ and /less/accessible are:*Authoring Task**More Accessible Option**Less Accessible Option*Text styling CSS FONT element*Technique 4.3.e: *Highlight the most accessible authoring solutionsor templates when presenting choices for the author.*Technique 4.2.2: *Removing less accessible options altogether cansimplify the task of meeting this checkpoint.@@???@@Different modes?BAF:  We should enumerate options: (below assume LTR order, may need toadjust for RTL)For a list or combobox: place the accessible items at the top of the listFor a button set: place the accessible items at the leftFor menu/toolbars: highlight/emphasize the more accessible options (forexample, give them mnemonics)*_ATAG Checkpoint 4.3_*<http://jan.atrc.utoronto.ca/public/auwg/Overview.html#check-clearly-available>*:Ensure that accessibility prompting, checking, repair functions anddocumentation are always clearly available to the author [Priority 2]*In some cases, several input fields are required to be completed inorder to make a single element accessible. Instead of dispersing theseprompts over multiple dialog boxes, it may be more effective to drawthem together into one group of controls with a visible tab or othermethod for accessing the group (see _Figure A-5_<http://jan.atrc.utoronto.ca/public/auwg/tech4.html#FigA5>). This canhave the additional benefit of allowing accessibility-related helpinformation to be provided without confusion (see \"Quick Tips\" in thefigure, below). The downside of placing all the accessibility relatedinput fields in the same area is that all of them will be neglected ifthe author does not see the grouping.**BAF: \"logical\" grouping rules should take precedence.  If necessary theaccessibility options can be on separate pages if easily accessedthrough the many flow of the application. Typically this will not be thecase.  For example, have an \"description\" field as a part of an imageselection dialog is both natural and appropriate.*Techniques for \"Success Criteria 1: /Continuously active processes/(e.g. a checker that underlines errors as they occur, a checker thatruns at each save, a checker that runs every 10 minutes, etc.) thatimplement functions required by checkpoints 3.1, 3.2, 3.3 and 3.7 /must/be enabled by default.\"**Technique 4.3.1: *A scheduling interface can be provided.Example:*Figure 4.3.1: [**_d_*<http://jan.atrc.utoronto.ca/public/auwg/longdescs.htm>*] (Source:mockup by AUWG)**Techniques for \"Success Criteria 2: If the author chooses to disablethese /continuously active processes/, then the tool /must/ inform theauthor of the consequences of their choice.\"**Technique 4.3.2: *The tool can inform the user that disabling anycontinuously active process may cause problems to develop that might nototherwise.*Example:* This dialog box (figure @@) might be activated if the userunchecks a \"highlighting accessibility related fields\" feature, as shownin figure @@. Notice that the wording used in this example makesrefrence to the possibility that documents will be \"less accessible tomany users\" and that \"in some jurisdictions accessibility is a legalrequirement\".*Figure 4.3.2: [**_d_*<http://jan.atrc.utoronto.ca/public/auwg/longdescs.htm>*] (Source:mockup by AUWG)**Techniques for \"Success Criteria 3: The accessibility-related@@accessibility prompting, checking, repair and documentation@@ musthave at least the same **_prominence_*<http://jan.atrc.utoronto.ca/public/auwg/def-prominence>* as@@prompting, checking, repair and documentation@@ for other mandatoryinformation in the tool @@(e.g. prompting for file names during saves orchecking for and repairing spelling or syntax errors).\"@@**Technique 4.3.3: *Considerations for accessibility, such as shorttext label and long description attributes, can appear on the samedialog as the source attribute, rather than buried behind an\"Advanced...\" button.BAF  \"can\" should be \"must\" here.*Technique 4.3.4: *Efficient and fast access to accessibility-relatedsettings with as few steps as possible needed to make any changes thatwill generate accessible content.*Technique 4.3.5: *If a single checker tool is implemented to detectspelling errors and accessibility problems, the design can ensure equalvisibility for the accessibility checking component:BAF spelling is an example of a verification action.  this may lead oneto think its the only one (ie if no spell check, we can ignore this).@@???@@*Techniques for \"Success Criteria 4: The accessibility-related checkingmust have at least the same **_prominence_*<http://jan.atrc.utoronto.ca/public/auwg/def-prominence>* as checkingfor other high priority information in the tool (e.g. spelling or syntaxerrors).\" **Techniques for \"Success Criteria 5: The accessibility-related repairingmust have at least the same **_prominence_*<http://jan.atrc.utoronto.ca/public/auwg/def-prominence>* as repairingfor other high priority information in the tool (e.g. spelling or syntaxerrors).\" **Techniques for \"Success Criteria 6: The accessibility-relateddocumentation must have at least the same **_prominence_*<http://jan.atrc.utoronto.ca/public/auwg/def-prominence>* as the otherdocumentation in the tool.\" **_ATAG Checkpoint 4.4_*<http://jan.atrc.utoronto.ca/public/auwg/Overview.html#check-integrate-features>*:Ensure that accessibility prompting, checking, repair functions anddocumentation are naturally integrated into the appearance andinteractive style of the tool. [Priority 3]**Techniques for \"Success Criteria 1: The user interface foraccessibility prompting, checking, repair and documentation /must/ be@@equivalent@@ to the user interface for comparable functions in termsof the following characteristics: [1] visual design (measured by designmetaphors, artistic sophistication, sizes, fonts, colors), [2] operation(measured by degree of automation, number of actions for activation),[3] configurability (measured by number and types of features), and [4]comprehensiveness (measured by breadth and depth of functionalitycoverage).\" **Note: use term \"equivalent\"*BAF: This one tends to be the default case (one would rarely use adifferent style for accessibility prompting vs other prompting) so weeneed to make this more a thing to look out for vs a conscious designaction.  We should include other samples in the pattern below.*All* *Technique 4.4.1: Accessibility-related documentation must besimilar to other documentation in the tool.**/Screenshot #8: Screenshot of accessibility documentaion (needsdescription explaining how it is similar to non-accessibilitydocumentation)/**/Figure 4.3.2: [/**/_d_/*<http://jan.atrc.utoronto.ca/public/auwg/longdescs.htm>*/] (Source:mockup by AUWG adapted from Microsoft Office help system)/**/Work this up with classifications./**Code* *Technique 4.4.2(a): For code-based authoring functions anaccessibility prompting mechanism might be comparable to a code syntaxprompting mechanism.**/Screenshot #9: of syntax prompter; Screenshot of accessibility prompter/**WYSIWYG* *Technique 4.4.2(b): For WYSIWYG authoring functions, anaccessibility checking mechanism might be comparable to a spell checkingmechanism.** **/Screenshot #10: of spell checker; Screenshot of accessibility checker/**/Figure 4.3.X: [/**/_d_/*<http://jan.atrc.utoronto.ca/public/auwg/longdescs.htm>*/] (Source:mockup by AUWG )/**OO* *Technique 4.4.2(c): For object oriented authoring functions anaccessibility repair mechanism might be comparable to a objectmanipulation operation.**/Screenshot #11: of user grouping controls; Screenshot of user settinglabel for a form./**Indirect* *Technique 4.4.2(d): For indirect authoring functions, anaccessibility prompting mechanism might be comparable to a high priorityinformation prompting mechanism.**/Screenshot #12: of prompter (eg. the name of a course lecturer);Screenshot of accessibility prompter (eg. a label for a picture)/**/ALL/* *Technique 4.4.5: A common toolkit can be implemented to helpdesign additional tool functionality modules. This might be usedinternally or by third party developers to develop accessibilityplug-ins with the same look and feel as other parts of the tool. **/ALL/* *Technique 4.4.6: The accessibility features can be designed asintegral components of the authoring tool application, not componentsthat need to be separately installed or executed. *------------------------------------------------------------------------*Defined Term: \"Prominence\" [ed. will be moved to ATAG Glossary]*The \"prominence\" of a control in the user interface is a heuristicmeasure of the degree to which users take notice of the control whenoperating the system. In these guidelines, \"prominence\" refers to visualas well as keyboard-driven navigation. The factors that contribute to\"prominence\" include:* Control Size: Larger controls or controls surrounded by morewhitespace may appear to be conferred higher importance.* Control Order: Without any other forms of organization, mostpeople will read interface items in a \"localized\" reading order(i.e. left to right and top to bottom; right to left and top tobottom, etc.). The higher visibility of items that occur early inthe reading order confers higher apparent importance.* Control Grouping: Grouping input fields (e.g. in a vertical list,etc.) can change the reading order and the related judgments ofimportance.* Advanced Options: When the properties are explicitly or implicitlygrouped into sets of basic and advanced properties, the basicproperties may gain apparent importance.* Highlighting: Controls may be distinguished from others usingicons, color, styling, etc. When these methods are used, it isimportant to ensure that that they are consistent with the overalllook and feel of the authoring tool interface (_see Checkpoint4.4_<http://jan.atrc.utoronto.ca/public/auwg/Overview.html#check-integrate-features>).An additional consideration is that in order to meet ATAGCheckpoint 7.1, the highlighting must be implemented so that it isavailable through the appropriate API (MSAA, Java AccessibilityAPI, GNOME accessibility, etc.), allowing an author withdisabilities to access the highlighting through assistive devices .------------------------------------------------------------------------_Contents_ <http://jan.atrc.utoronto.ca/public/auwg/techs.html> |_Guideline 1_ <http://jan.atrc.utoronto.ca/public/auwg/tier1.html> |_Guideline 2_ <http://jan.atrc.utoronto.ca/public/auwg/tier2.html> |_Guideline 3_ <http://jan.atrc.utoronto.ca/public/auwg/tier3.html> |Guideline 4 | _References_<http://jan.atrc.utoronto.ca/public/auwg/refs.html>Barry A. Feigenbaum, Ph. D.Worldwide Accessibility Center - IBM Researchwww.ibm.com/able,w3.austin.ibm.com/~snsinfovoice 512-838-4763/tl678-4763fax 512-838-9367/0330cell 512-799-9182feigenba@us.ibm.comMailstop 904/5F-02111400 Burnet Rd., Austin TX 78758W3C AUWG RepresentativeIBM Club RepresentativeSun Certified Java Programmer, Developer & ArchitectIBM Certified XML Developer; OOAD w/UMLBrainbench in C/S, WWW, e-Commerce & OO Concepts, HTML, Java 2, JSP,EJB, XML, SmalltalkThis message sent with 100% recycled electrons--Jan Richards, M.Sc.User Interface Design SpecialistAdaptive Technology Resource Centre (ATRC), University of TorontoEmail: jan.richards@utoronto.caWeb:   http://jan.atrc.utoronto.caPhone: 416-946-7060Fax:   416-971-2896",
            "docno": "lists-060-5255641",
            "received": "Mon May 10 16:08:43 2004",
            "isoreceived": "20040510200843",
            "sent": "Mon, 10 May 2004 16:08:09 -0400",
            "isosent": "20040510200809",
            "name": "Jan Richards",
            "email": "jan.richards@utoronto.ca",
            "subject": "Fwd: Comments on Techniques documents",
            "id": "409FE129.1070900@utoronto.ca",
            "charset": "ISO-8859-1",
            "expires": "-1",
            "to": " jan.richards@utoronto.ca\n",
            "cc": " jutta.treviranus@utoronto.ca\n"
        },
        {
            "body": "I will be on vacation the week of 3/14 so I will miss the 3/15 call.Barry A. Feigenbaum, Ph. D.Worldwide Accessibility Center - IBM Researchwww.ibm.com/able,w3.austin.ibm.com/~snsinfovoice 512-838-4763/tl678-4763fax 512-838-9367/0330cell 512-799-9182feigenba@us.ibm.comMailstop 904/5F-02111400 Burnet Rd., Austin TX 78758Sun Certified Java Programmer, Developer & ArchitectIBM Certified VisualAge C++ & Smalltalk Associate Developer; XML Developer;OOAD w/UMLBrainbench in C/S, WWW, e-Commerce & OO Concepts, HTML 3.2, Java 2, JSP,EJB, XML, Smalltalk, AssemblerThis message sent with 100% recycled electrons",
            "docno": "lists-060-6632226",
            "received": "Tue Mar  9 12:15:30 2004",
            "isoreceived": "20040309171530",
            "sent": "Tue, 9 Mar 2004 11:14:55 -0600",
            "isosent": "20040309171455",
            "name": "Barry Feigenbaum",
            "email": "feigenba@us.ibm.com",
            "subject": "Regrets",
            "id": "OF7E906C4F.0D07DCEE-ON86256E52.005E017A-86256E52.005E1FC0@us.ibm.com",
            "charset": "US-ASCII",
            "expires": "-1",
            "to": "w3c-wai-au@w3c.org\n"
        },
        {
            "body": ">Subject: review of ATAG 2.0 WG Draft 20-Jan-04>To:Jutta Treviranus <jutta.treviranus@utoronto.ca>>From:Barry Feigenbaum <feigenba@us.ibm.com>>Date:Mon, 2 Feb 2004 15:29:41 -0600>X-PMX-Version: 4.1.1.86173>Status:>>>>>>Not sure how to submit these via normal channels.  Sorry they are too late>for today's discussion.>>[I need to be added (or find out how to add myself) to the normal>distribution list (so far Kip has had forwarded me most notes).]>>>My comments on this document:>>General:>>This document seems easier to read than the 1.0 version.  Congratulations!.>>I believe the use of \"must\" and \"all\" in many criteria is too strong>(especially with respect to my comments on 1.5 below).    Less all>inclusive options should (or should that be \"must\") be available.>>I may come up with more comments later.>>Specific:>>1.3 [ATAG20-CHECKLIST] link seems to point to a nonexistent doc>>1.5 Conformance>>I think just the three A levels are too restrictive.  Its sort of>all-or-nothing.  Tool authors cannot get partial credit.  For example, what>if a tool is AAA for guideline 1 but not even A for Guideline 2:- What is>its rating? - nothing!  What if its AAA for all but one of the priority 1>sub-criteria of a guidelines, which it misses - What is its rating?>>I believe there should be a way to get credit on a guideline-by-guideline>basis.   Within a guideline what if only some sub criteria [say 1.x] (but>not all) at a given priority are met. What credit can be claimed (today its>seems like 0 credit).>>I propose a set of achievement levels (something like):>A - as today, all items of the criteria are met>B - meets the spirit of the criteria (all possible met, good cause ** why>others not met), and/or is WCAG friendly>C - minimal achievement (some criteria meet, improvement is possible)>>So some tool could be rated 1-A, 2-B, 3-AA, 4-A (in form GL#-Level, ...) .>This could make creating a certification logo a little problematic. Perhaps>we could offer a simple tool to create the image.>>The more we can allow tool makers to take credit for what their tools can>do (and let them advertize it) , the more likely tools will meet more>criteria.>>** often for practical economic and/or schedule constraint reasons>>On \"bundled\" - what does this mean exactly? (a glossary term perhaps)  And>\"must be distributed together\" seems quite onerous. Consider Eclipse.  Many>plug-in are bundled (see IBM's WSSD, WSAD, Rational tools, etc) into>products.  But others are sold/distributed stand-alone.  Yet each is>expected to play well in the sandbox (look similar, behave similarly and>interact with each other).>>2 Guidelines comments>>GL 1.1 I think we need a more specific SW Accessibility Guidelines (SWAG)>reference (if we are trying to be normative).  The techniques doc provides>some detail here but its not (I believe) normative.>>GL 1.3 criteria 1 \"All\" too strong (suggest \"At least 1\")>>GL 1.4 criterial.  \"move/select/cut/copy/paste/etc\" how?  Maybe defined in>SWAG, but undefined here.>>GL 1.4 criteria 1 \"all ... views\" too strong (suggest \"At least one\")>>GL 2.1 \"is valid for\"- what does \"valid\" mean in this context (conforms to>DTD, schema, or what?), how can the tool author verify it?>>GL 2.1 criteria 1 \"applicable\" - latest level only or any approved level?>>GL 2.4 criteria 1 \"must\" - what if the tool (often a third party one)>doesn't do this?>>GL 2.6 criteria 1 May be exceedingly difficult to achieve for some required>types (such as applets, ActiveX objects, etc) especially if they are black>boxes>>GL 3.1 criteria 1 This seems to require the tool to understand and VALIDATE>all content (vs treating it as a black box)  Hard to do.>>GL 3.2/3.3 criteria 1 \"must\" too strong again.  Many useful tools will not>have checkers and/or fixers.>>GL 3.7 criteria 1 \"All\" - what if there is no help system (ie only hardcopy>docs)>>GL 3.8 criteria 1 \"must meet ... WCAG\" - what if the sample screens aren't>web content (ie WCAG does not apply).>>GL 4. 2 criteria 4 \"all accessibility-related\" - too strong>>>I have some typos to point out:>>GL 1.1 \"editor [to] display preferences\">>GL 3.3 \"factors [should | must] be considered\">>Barry A. Feigenbaum, Ph. D.>Worldwide Accessibility Center - IBM Research>www.ibm.com/able,>w3.austin.ibm.com/~snsinfo>voice 512-838-4763/tl678-4763>fax 512-838-9367/0330>cell 512-799-9182>feigenba@us.ibm.com>Mailstop 904/5F-021>11400 Burnet Rd., Austin TX 78758>>Sun Certified Java Programmer, Developer & Architect>IBM Certified VisualAge C++ & Smalltalk Associate Developer; XML Developer;>OOAD w/UML>Brainbench in C/S, WWW, e-Commerce & OO Concepts, HTML 3.2, Java 2, JSP,>EJB, XML, Smalltalk, Assembler>>This message sent with 100% recycled electrons--",
            "docno": "lists-060-6072078",
            "received": "Mon Feb  2 16:38:14 2004",
            "isoreceived": "20040202213814",
            "sent": "Mon, 2 Feb 2004 16:36:28 -0500",
            "isosent": "20040202213628",
            "name": "Jutta Treviranus",
            "email": "jutta.treviranus@utoronto.ca",
            "subject": "Fwd: review of ATAG 2.0 WG Draft 20-Jan-04",
            "id": "a0510031ebc4473383874@[142.150.64.191]",
            "charset": "us-ascii",
            "expires": "-1",
            "to": "w3c-wai-au@w3.org\n"
        },
        {
            "body": "You may call in now800 833 4294 NA Toll free (most economical)719 955 1112 InternationalPasscode  793 698Barry A. Feigenbaum, Ph. D.Worldwide Accessibility Center - IBM Researchwww.ibm.com/able,w3.austin.ibm.com/~snsinfovoice 512-838-4763/tl678-4763fax 512-838-9367/0330cell 512-799-9182feigenba@us.ibm.comMailstop 904/5F-02111400 Burnet Rd., Austin TX 78758Sun Certified Java Programmer, Developer & ArchitectIBM Certified VisualAge C++ & Smalltalk Associate Developer; XML Developer;OOAD w/UMLBrainbench in C/S, WWW, e-Commerce & OO Concepts, HTML 3.2, Java 2, JSP,EJB, XML, Smalltalk, AssemblerThis message sent with 100% recycled electrons",
            "docno": "lists-060-6465392",
            "received": "Thu Feb 19 10:10:10 2004",
            "isoreceived": "20040219151010",
            "sent": "Thu, 19 Feb 2004 09:10:00 -0600",
            "isosent": "20040219151000",
            "name": "Barry Feigenbaum",
            "email": "feigenba@us.ibm.com",
            "subject": "Call in number for face to face is active",
            "id": "OF3467B6B6.5E1F3B3D-ON86256E3F.005280C5-86256E3F.0052B52A@us.ibm.com",
            "charset": "US-ASCII",
            "expires": "-1",
            "to": "w3c-wai-au@w3.org\n"
        },
        {
            "body": "Please forgive the references to IBM Research in the images.We will provide a breakfast each day starting at 8:30am.A map from the airport to the IBM site.  We will be in the Tivoli BriefingCenter (in Building 101).  The entrance is on the south side of the IBMcampus on Burnet Road.(Embedded image moved to file: pic04087.jpg)Driving map to IBMDriving directions to the IBM Briefing Center:Turn left (west) out of airport and stay on access road for 1.1 miles untilyou reach Hwy 183 North. Stay on Hwy 183 North for approximately 17 milesand exit at Burnet Road. Turn right onto Burnet (North).  Follow Burnetpass Braker and past Kramer. Take the next right. There will be a signindicating the Tivoli  Briefing Center. Follow the road to the center.Park in the Briefing Center parking spaces and go into the Lobby.   I willmeet you there.  The Briefing Center is on the first floor to your left.You may also take Mopac (Loop 1) North (fewer lights) instead of Burnet.If you do exit at Braker and go east to Burnet; then go North.  Or exit atDuval, go right and then go South on Brunet .From the Renaissance hotel exit to Great Hills right and go under Research(183). Take the access road North one light to Braker.  Go right (East)over Mopac and follow the directions above from there.(Embedded image moved to file: pic16193.jpg)IBM Campus mapIBM campus mapHotel info:Renaissance Austin Hotel9721 Arboretum BoulevardAustin, TX 78759USAPhone: 1 512-343-2626Fax: 1 512-346-7953Driving directions to the hotel:Turn left (west) out of airport and stay on access road for 1.1 miles untilyou reach Hwy 183 North. Stay on Hwy 183 North for approximately 17 milesand exit at Loop 360 Capital of Texas Hwy-Great Hills Trail. Turn left atfirst light (over highway -- stay in right lanes) and take very first rightturn, which is Arboretum Blvd. Hotel is on the right.Wide scale(Embedded image moved to file: pic18549.jpg)Wide-scale map to the hotelSmall scale(Embedded image moved to file: pic04817.jpg)Close in map to the hotelHope this helpsBarry A. Feigenbaum, Ph. D.Worldwide Accessibility Center - IBM Researchwww.ibm.com/able,w3.austin.ibm.com/~snsinfovoice 512-838-4763/tl678-4763fax 512-838-9367/0330cell 512-799-9182feigenba@us.ibm.comMailstop 904/5F-02111400 Burnet Rd., Austin TX 78758Sun Certified Java Programmer, Developer & ArchitectIBM Certified VisualAge C++ & Smalltalk Associate Developer; XML Developer;OOAD w/UMLBrainbench in C/S, WWW, e-Commerce & OO Concepts, HTML 3.2, Java 2, JSP,EJB, XML, Smalltalk, AssemblerThis message sent with 100% recycled electrons",
            "docno": "lists-060-6404999",
            "received": "Mon Feb 16 15:54:48 2004",
            "isoreceived": "20040216205448",
            "sent": "Mon, 16 Feb 2004 14:54:35 -0600",
            "isosent": "20040216205435",
            "name": "Barry Feigenbaum",
            "email": "feigenba@us.ibm.com",
            "subject": "Directions to the AUWG meeting in Austin",
            "id": "OFD8F185F6.A8BF47AE-ON86256E3C.006ED0C2-86256E3C.00724151@us.ibm.com",
            "charset": "US-ASCII",
            "expires": "-1",
            "to": "w3c-wai-au@w3.org\n"
        }
    ]
}