{
    "id": "candidate-0604",
    "name": "Jonny Axelsson",
    "gender": "MALE",
    "email": "jax@opera.com",
    "mails": [
        {
            "body": "At 16:23 04/04/20 +0900, Martin Duerst wrote:>I have created a testing page at http://www.w3.org/2004/04/uri-rel-test.html>to make (manual) testing of the implementations in various browsers easy.Here is another test, for Opera (V7.23, build   3227, Win2000):All tests are passed, except the following:#       rel             correct                 Amaya6       //g             http://g                http://g/ (additional slash)9       #s              http://a/b/c/d;p?q#s    {testpage URI}#s15                      http://a/b/c/d;p?q      not testable(cursor cannot be placedin empty field)51      ./../g          http://a/b/g            http://a/b/c/g (/c not removed)For test 71, Opera uses backwards-compatible parsing.Regards,    Martin.",
            "docno": "lists-036-13488871",
            "received": "Tue Apr 20 03:59:59 2004",
            "isoreceived": "20040420075959",
            "sent": "Tue, 20 Apr 2004 16:59:27 +0900",
            "isosent": "20040420075927",
            "name": "Martin Duerst",
            "email": "duerst@w3.org",
            "subject": "Re: test cases and implementation reports",
            "id": "4.2.0.58.J.20040420165447.06ddc760@localhost",
            "charset": "us-ascii",
            "inreplyto": "4.2.0.58.J.20040420152927.076d3e88&#64;localhost",
            "expires": "-1",
            "to": "\"Roy T. Fielding\"<fielding@gbiv.com>,uri@w3.org\n",
            "cc": " Jonny Axelsson<jax@opera.com>,howcome@operasoftware.com(Hakon Wium Lie)\n"
        }
    ]
}