{
    "id": "candidate-0596",
    "name": "Greg Pisocky",
    "gender": "MALE",
    "email": "gpisocky@adobe.com",
    "mails": [
        {
            "body": "---Jan Richardsjan.richards@utoronto.ca",
            "docno": "lists-060-4129333",
            "received": "Fri Sep 26 14:49:56 2003",
            "isoreceived": "20030926184956",
            "sent": "Fri, 26 Sep 2003 14:49:17 -0400",
            "isosent": "20030926184917",
            "name": "Jan Richards",
            "email": "jan.richards@utoronto.ca",
            "subject": "Today's working document",
            "id": "1064602157.3f748a2d1e094@webmail.utoronto.ca",
            "expires": "-1",
            "to": "\"List (WAI-AUWG)\"<w3c-wai-au@w3.org>\n",
            "cc": "gpisocky@adobe.com\n"
        }
    ]
}