{
    "id": "candidate-0545",
    "name": "Yves Savourel",
    "gender": "MALE",
    "email": "ysavourel@translate.com",
    "mails": [
        {
            "body": "At 17:06 03/12/17 -0500, Tex Texin wrote:>There were questions about server load and scalability.Using negotiation can mean that you get first a list of allthe files in a directory, then do a subrequest for each ofthe file that has the right prefix so that you get therelevant info (language, charset,...). That can cost a lot.But I'm sure there are ways to speed this up. In particular,typemaps should be a lot faster than multiviews becausetypemaps avoid the above lookups and subrequests. Butthey have to be kept up to date. Seehttp://httpd.apache.org/docs-2.0/content-negotiation.html#negotiation.Negotiation can also affect caching performance, but itshould not if the server and the cache use HTTP/1.1(instead of HTTP/1.0).Regards,   Martin.",
            "docno": "lists-015-16265215",
            "received": "Sat Dec 20 18:59:33 2003",
            "isoreceived": "20031220235933",
            "sent": "Sat, 20 Dec 2003 18:49:23 0500",
            "isosent": "20031220234923",
            "name": "Martin Duerst",
            "email": "duerst@w3.org",
            "subject": "Re: when to use language negotiation author needed",
            "id": "4.2.0.58.J.20031220184225.05be7c88@localhost",
            "charset": "usascii",
            "inreplyto": "3FE0D349.1BE2DE20&#64;i18nguy.com",
            "expires": "1",
            "to": " Tex Texin<tex@i18nguy.com>, GEO<public-i18n-geo@w3.org>, Yves Savourel<ysavourel@translate.com>, John Yunker<yunkerjohn@yahoo.com>,\"Francois Yergeau\"<francois@yergeau.com>\n"
        },
        {
            "body": "Martin Duerst wrote:>> 2) I don't know the answer to the question on htaccess for changing>> language directories rather than pages.>> I had the same question.>>> It must be possible with Apache, because the Apache documentation> project uses it. Look e.g. at> http://httpd.apache.org/docs-2.0/en/content-negotiation.html> http://httpd.apache.org/docs-2.0/ko/content-negotiation.html> http://httpd.apache.org/docs-2.0/ja/content-negotiation.html> and http://httpd.apache.org/docs-2.0/content-negotiation.html.> But I haven't figured it out yet, but it seems to involve more> than just simple configuration directives.>I assume they're using type maps, esp since you specify URIs in the typemaps rather than filenames.Content negotiation appears to be implimented at the higher directorystructure index levels like http://httpd.apache.org/docs-2.0/ but if youfollow a deep link into the documentation you don't have langaugenegotiation instead you have to select a language form the langaugemenu. Either that or my browser is misbehaving.Andrew--Andrew Cunninghame-Diversity and Content Infrastructure SolutionsPublic Libraries Unit, VicnetState Library of Victoria328 Swanston StreetMelbourne  VIC  3000Australiaandrewc@vicnet.net.auPh. +61-3-8664-7430Fax: +61-3-9639-2175http://www.openroad.net.au/http://www.libraries.vic.gov.au/http://www.vicnet.net.au/",
            "docno": "lists-015-16274482",
            "received": "Sun Dec 21 20:49:23 2003",
            "isoreceived": "20031222014923",
            "sent": "Mon, 22 Dec 2003 12:42:59 +1100",
            "isosent": "20031222014259",
            "name": "Andrew Cunningham",
            "email": "ndrewc@vicnet.net.au",
            "subject": "Re: when to use language negotiation author needed",
            "id": "3FE64C23.3040408@vicnet.net.au",
            "charset": "usascii",
            "inreplyto": "4.2.0.58.J.20031220134030.05be5868&#64;localhost",
            "expires": "1",
            "to": " Martin Duerst<duerst@w3.org>\n",
            "cc": " Tex Texin<tex@i18nguy.com>, John Yunker<yunkerjohn@yahoo.com>, GEO<public-i18n-geo@w3.org>, Yves Savourel<ysavourel@translate.com>, Fran???is Yergeau<francois@yergeau.com>\n"
        },
        {
            "body": "At 00/10/15 17:09 -0600, Yves Savourel wrote:>Hello,>>I would like to ask for confirmation on how to represent URIs that include>bidi text.>>For example, the following URL:>http x  contain the Arabic word for>\"security\". Looking at the various draft documents about IURI I assume it>should go through the following steps:>>1-- Represent the URI in UCS with the LRE and PDF characters at each end>and the LRM prefixing each reserved character. That would give the>following (with the non-ASCII character between brackets):>><202A>http<200E>:<200E>/<200E>/www<200E>.<0627><0644><0623><0645><0627><064>6><200E>.com<202C>No, the assumption is different. You would not use the LRE/PDF/whateverin the URI itself. The main reason is that there are places where escapedcharacters can't go, e.g. before the 'http:' (see example below).The various special characters may be used when displaying the URIin a reasonable way, i.e. making sure that the syntactically relevantcharacters stay at the right place rather than being thrown around.But they are just one potential way of implementing the display ofthese URIs.>2-- Then convert it into UTF-8.>>3-- Then escape any escapable octet. This would give the following:>>%E2%80%AAhttp%E2%80%8E:E2%80%8E/%E2%80%8E/www%E2%80%8E.%D8%A7%D9%84%D8%A3%D>9%85%D8%A7%D9%86%E2%80%8E.com%E2%80%AC>>Is this a correct example of implementing an Internationalized URI with>bidi text? Or I've got something wrong in the process?Here you see easily that it won't work, because no existing softwarecan identify this as a http URI.The correct URI would behttp://www.%D8%A7%D9%84%D8%A3%D9%85%D8%A7%D9%86.com(assuming the Arabic word was in logical order). URIs as suchare in logical order, and don't allow any special bidi charactersbecause that would lead to ambiguities (there are several waysto get the same reordering behaviour).>In addition, in an XML document, as per section 4.2.2 of the specs, is it>correct that I should use this last form directly in the document, and not>rely on the XML processor to do the transformation?The original XML spec says(http://www.w3.org/TR/1998/REC-xml-19980210#sec-external-ent):>>>>An XML processor should handle a non-ASCII character in a URI byrepresenting the character in UTF-8 as one or more bytes, and thenescaping these bytes with the URI escaping mechanism (i.e., byconverting each byte to %HH, where HH is the hexadecimal notationof the byte value).<<<<This says that the XML processor should do this for you, and thereforeit should be okay for you to put in the original characters. But thereare three problems here:- It says 'should', not must.- It's not clear whether it applies to all URIs, or just to the URIsused in System Identifiers, and in the former case, it's notclear how an XML processor would find all URIs in a document(without e.g. Schema information).- The text in the second edition of XML(http://www.w3.org/TR/REC-xml#sec-external-ent) is much clearer abouthow the conversion has to take place; unfortunately, it doesn't makeclear who should do this conversion (the original document produceror the XML processor). The idea was not to change this for the secondedition, but somehow it got lost. I'm following up on this.So the current answer is, unfortunately:You should be able to rely on the XML processor, but for the moment,it might be safer to do the transformation yourself.Regards,   Martin.",
            "docno": "lists-035-8480213",
            "received": "Mon Oct 16 02:43:30 2000",
            "isoreceived": "20001016064330",
            "sent": "Mon, 16 Oct 2000 14:36:59 +0900",
            "isosent": "20001016053659",
            "name": "Martin J. Duerst",
            "email": "duerst@w3.org",
            "subject": "Re: IURIs with bidi text",
            "id": "4.2.0.58.J.20001016140614.030eaac0@sh.w3.mag.keio.ac.jp",
            "charset": "ISO-2022-JP",
            "inreplyto": "002501c036fc$ec3c30c0$67b6fea9&#64;sykes.com",
            "expires": "-1",
            "to": "\"Yves Savourel\"<ysavourel@translate.com>,<uri@w3.org>\n"
        },
        {
            "body": "Tex,I believe that Google is using both content negotiation plus somemethod of IP address identification. I know of company that hascommercialized the service, though I'm not sure how Google goes aboutdoing it.Here's the company: http://www.verifia.comOn Dec 19, 2003, at 3:40 PM, Tex Texin wrote:>> John,>> Good comments.>> 1) On deep linking from search engines and elsewhere, I would think> that> most of the time the search would result in a page that was in one of> the languages of the user. I know it is not always true, but I wouldn't> think using lang. negotiation would be an improvement most of the time> for a deep link.>> But that's a good use case for language selection being available on> every page and for it not to return to the top of the tree, but a> reasonable counterpart of the page the language switch is being made> from.>> 2) I don't know the answer to the question on htaccess for changing> language directories rather than pages.> I had the same question.>> 3) Google must use cookies to remember information from past searches,> especially your location and things like that. Too many of the searches> I do show up local companies and reasonable matches, even when I don't> provide that many keywords. You would think a search for a chinese> restaurant name would give you places randomly around the world rather> than American or Massachusetts places being most highly ranked. (Of> course the dominance of american internet helps there.) I guess I'll> have to do a few searches, then delete all my cookies to test it.>>> --> -------------------------------------------------------------> Tex Texin   cell: +1 781 789 1898   mailto:Tex@XenCraft.com> Xen Master                          http://www.i18nGuy.com>> XenCraft            http://www.XenCraft.com> Making e-Business Work Around the World> ------------------------------------------------------------->>>>John YunkerByte Level Researchjyunker@bytelevel.com+1 (617) 388-6824",
            "docno": "lists-015-16230379",
            "received": "Sat Dec 20 07:57:43 2003",
            "isoreceived": "20031220125743",
            "sent": "Sat, 20 Dec 2003 19:57:56 0500",
            "isosent": "20031221005756",
            "name": "John Yunker",
            "email": "jyunker@bytelevel.com",
            "subject": "Re: when to use language negotiation author needed",
            "id": "B6F1BE10-3350-11D8-AA16000A95D947EC@bytelevel.com",
            "charset": "USASCII",
            "inreplyto": "3FE36243.E3DF9DBA&#64;i18nguy.com",
            "expires": "1",
            "cc": " =?ISO-8859-1?Q?\"Fran=E7ois_Yergeau\"?=<francois@yergeau.com>, Yves Savourel<ysavourel@translate.com>, John Yunker<yunkerjohn@yahoo.com>, GEO<public-i18n-geo@w3.org>\n",
            "to": " Tex Texin<tex@i18nguy.com>\n"
        },
        {
            "body": "Tex Texin wrote:> Yes, I had heard that too and had started to mention it in my comments> and then removed it because identifying> a users location by ip address isn't that reliable. For example, workers> for large companies often connect from anywhere in the world to the> corporate network and then all of their outgoing net requests look to> the rest of the world as if they came from a single client ip address,> which is a proxy for all the companies users.>Within the sectors I work in, location and/or IP address arenon-workable as a solution to content negotiation.Andrew--Andrew Cunninghame-Diversity and Content Infrastructure SolutionsPublic Libraries Unit, VicnetState Library of Victoria328 Swanston StreetMelbourne  VIC  3000Australiaandrewc@vicnet.net.auPh. +61-3-8664-7430Fax: +61-3-9639-2175http://www.openroad.net.au/http://www.libraries.vic.gov.au/http://www.vicnet.net.au/",
            "docno": "lists-015-16285422",
            "received": "Sun Dec 21 20:49:28 2003",
            "isoreceived": "20031222014928",
            "sent": "Mon, 22 Dec 2003 12:46:42 +1100",
            "isosent": "20031222014642",
            "name": "Andrew Cunningham",
            "email": "ndrewc@vicnet.net.au",
            "subject": "Re: when to use language negotiation author needed",
            "id": "3FE64D02.5000705@vicnet.net.au",
            "charset": "usascii",
            "inreplyto": "3FE463D5.8C510AFB&#64;i18nguy.com",
            "expires": "1",
            "to": " Tex Texin<tex@i18nguy.com>\n",
            "cc": " John Yunker<jyunker@bytelevel.com>, Fran?ois Yergeau<francois@yergeau.com>, Yves Savourel<ysavourel@translate.com>, John Yunker<yunkerjohn@yahoo.com>, GEO<public-i18n-geo@w3.org>\n"
        },
        {
            "body": "Yes, I had heard that too and had started to mention it in my commentsand then removed it because identifyinga users location by ip address isn't that reliable. For example, workersfor large companies often connect from anywhere in the world to thecorporate network and then all of their outgoing net requests look tothe rest of the world as if they came from a single client ip address,which is a proxy for all the companies users.There are other problems as well.But maybe google or other search engines use the approach coupled withother techniques...I don't know verifia, I'll give it a look. thankstexJohn Yunker wrote:>> Tex,>> I believe that Google is using both content negotiation plus some> method of IP address identification. I know of company that has> commercialized the service, though I'm not sure how Google goes about> doing it.>> Here's the company: http://www.verifia.com>> On Dec 19, 2003, at 3:40 PM, Tex Texin wrote:>> >> > John,> >> > Good comments.> >> > 1) On deep linking from search engines and elsewhere, I would think> > that> > most of the time the search would result in a page that was in one of> > the languages of the user. I know it is not always true, but I wouldn't> > think using lang. negotiation would be an improvement most of the time> > for a deep link.> >> > But that's a good use case for language selection being available on> > every page and for it not to return to the top of the tree, but a> > reasonable counterpart of the page the language switch is being made> > from.> >> > 2) I don't know the answer to the question on htaccess for changing> > language directories rather than pages.> > I had the same question.> >> > 3) Google must use cookies to remember information from past searches,> > especially your location and things like that. Too many of the searches> > I do show up local companies and reasonable matches, even when I don't> > provide that many keywords. You would think a search for a chinese> > restaurant name would give you places randomly around the world rather> > than American or Massachusetts places being most highly ranked. (Of> > course the dominance of american internet helps there.) I guess I'll> > have to do a few searches, then delete all my cookies to test it.> >> >> > --> > -------------------------------------------------------------> > Tex Texin   cell: +1 781 789 1898   mailto:Tex@XenCraft.com> > Xen Master                          http://www.i18nGuy.com> >> > XenCraft                          http://www.XenCraft.com> > Making e-Business Work Around the World> > -------------------------------------------------------------> >> >> >> >> John Yunker> Byte Level Research> jyunker@bytelevel.com> +1 (617) 388-6824---------------------------------------------------------------Tex Texin   cell: +1 781 789 1898   mailto:Tex@XenCraft.comXen Master                          http://www.i18nGuy.comXenCraft            http://www.XenCraft.comMaking e-Business Work Around the World-------------------------------------------------------------",
            "docno": "lists-015-16242008",
            "received": "Sat Dec 20 10:06:16 2003",
            "isoreceived": "20031220150616",
            "sent": "Sat, 20 Dec 2003 09:59:33 0500",
            "isosent": "20031220145933",
            "name": "Tex Texin",
            "email": "tex@i18nguy.com",
            "subject": "Re: when to use language negotiation author needed",
            "id": "3FE463D5.8C510AFB@i18nguy.com",
            "charset": "usascii",
            "inreplyto": "B6F1BE10-3350-11D8-AA16000A95D947EC&#64;bytelevel.com",
            "expires": "1",
            "to": " John Yunker<jyunker@bytelevel.com>\n",
            "cc": " Fran?ois Yergeau<francois@yergeau.com>, Yves Savourel<ysavourel@translate.com>, John Yunker<yunkerjohn@yahoo.com>, GEO<public-i18n-geo@w3.org>\n"
        },
        {
            "body": "Hello,I would like to ask for confirmation on how to represent URIs that include bidi text.For example, the following URL: http???:???/???/www???.???????????????.com??? contain the Arabic word for \"security\". Looking at the various draft documents about IURI I assume it should go through the following steps:1-- Represent the URI in UCS with the LRE and PDF characters at each end and the LRM prefixing each reserved character. That would give the following (with the non-ASCII character between brackets):<202A>http<200E>:<200E>/<200E>/www<200E>.<0627><0644><0623><0645><0627><0646><200E>.com<202C>2-- Then convert it into UTF-8.3-- Then escape any escapable octet. This would give the following:%E2%80%AAhttp%E2%80%8E:E2%80%8E/%E2%80%8E/www%E2%80%8E.%D8%A7%D9%84%D8%A3%D9%85%D8%A7%D9%86%E2%80%8E.com%E2%80%ACIs this a correct example of implementing an Internationalized URI with bidi text? Or I've got something wrong in the process?In addition, in an XML document, as per section 4.2.2 of the specs, is it correct that I should use this last form directly in the document, and not rely on the XML processor to do the transformation?Thanks-yves",
            "docno": "lists-035-8472480",
            "received": "Sun Oct 15 19:09:29 2000",
            "isoreceived": "20001015230929",
            "sent": "Sun, 15 Oct 2000 17:09:03 -0600",
            "isosent": "20001015230903",
            "name": "Yves Savourel",
            "email": "ysavourel@translate.com",
            "subject": "IURIs with bidi text",
            "id": "002501c036fc$ec3c30c0$67b6fea9@sykes.com",
            "charset": "utf-8",
            "expires": "-1",
            "to": "<uri@w3.org>\n"
        },
        {
            "body": "At todays GEO meeting, we reviewed the proposed faq on languagenegotiationhttp://www.w3.org/International/questions/qa-apache-lang-neg.htmland decided we need an author for a faq on when it is appropriate, ornot, to use language negotiation.========================Some time was spent today discussing when this type of negotiationshould be used, and when alternatives should be considered. I wasactioned with posing the question to the group, to collect informationand to solicit whether someone might be interested in authoring a FAQ orarticle on when to use this technique.We thought Yves, John or Fran?ois might have a special interest in thisFor example, there were suggestions that this approach only made sensewhere every page had an exact counterpart in another language or region.Many sites have different pages or file organization based ondifferences in content.It might be the case that Language negotiation only makes sense for theentry page and after that page is read and a language either defaultedor selected by the user, the rest of the content would be linkeddirectly, without relying on language negotiation.Some thought organization by language directory (e.g.yadda/en/pages.html) might be more practical than by filename (e.g.yadda/pages.en.html)There were questions about server load and scalability.There was also a discussion of roles and authorization, as contentdevelopers may not have access to some server commands,  and weconsidered there is guidance needed for content developers and separateguidance needed for administrators.So, we would like to ask if there is someone in the to-list who wouldlike to author or contribute to a faq on the subject of when to uselanguage negotiation and when not to, or defining situations where arealternatives prefered.Any takers?---------------------------------------------------------------Tex Texin   cell: +1 781 789 1898   mailto:Tex@XenCraft.comXen Master                          http://www.i18nGuy.comXenCraft            http://www.XenCraft.comMaking e-Business Work Around the World-------------------------------------------------------------",
            "docno": "lists-015-16157451",
            "received": "Wed Dec 17 17:07:16 2003",
            "isoreceived": "20031217220716",
            "sent": "Wed, 17 Dec 2003 17:06:01 0500",
            "isosent": "20031217220601",
            "name": "Tex Texin",
            "email": "tex@i18nguy.com",
            "subject": "and so I cc'd them individually.",
            "id": "3FE0D349.1BE2DE20@i18nguy.com",
            "charset": "iso-88591",
            "expires": "1",
            "to": " GEO<public-i18n-geo@w3.org>, Yves Savourel<ysavourel@translate.com>, John Yunker<yunkerjohn@yahoo.com>,\"Fran?ois Yergeau\"<francois@yergeau.com>\n"
        },
        {
            "body": "John,Good comments.1) On deep linking from search engines and elsewhere, I would think thatmost of the time the search would result in a page that was in one ofthe languages of the user. I know it is not always true, but I wouldn'tthink using lang. negotiation would be an improvement most of the timefor a deep link.But that's a good use case for language selection being available onevery page and for it not to return to the top of the tree, but areasonable counterpart of the page the language switch is being madefrom.2) I don't know the answer to the question on htaccess for changinglanguage directories rather than pages.I had the same question.3) Google must use cookies to remember information from past searches,especially your location and things like that. Too many of the searchesI do show up local companies and reasonable matches, even when I don'tprovide that many keywords. You would think a search for a chineserestaurant name would give you places randomly around the world ratherthan American or Massachusetts places being most highly ranked. (Ofcourse the dominance of american internet helps there.) I guess I'llhave to do a few searches, then delete all my cookies to test it.---------------------------------------------------------------Tex Texin   cell: +1 781 789 1898   mailto:Tex@XenCraft.comXen Master                          http://www.i18nGuy.comXenCraft            http://www.XenCraft.comMaking e-Business Work Around the World-------------------------------------------------------------",
            "docno": "lists-015-16220193",
            "received": "Fri Dec 19 15:41:55 2003",
            "isoreceived": "20031219204155",
            "sent": "Fri, 19 Dec 2003 15:40:35 0500",
            "isosent": "20031219204035",
            "name": "Tex Texin",
            "email": "tex@i18nguy.com",
            "subject": "Re: when to use language negotiation author needed",
            "id": "3FE36243.E3DF9DBA@i18nguy.com",
            "charset": "usascii",
            "inreplyto": "20031219133606.95476.qmail&#64;web41011.mail.yahoo.com",
            "expires": "1",
            "to": " John Yunker<yunkerjohn@yahoo.com>\n",
            "cc": " GEO<public-i18n-geo@w3.org>, Yves Savourel<ysavourel@translate.com>,\"Fran?ois Yergeau\"<francois@yergeau.com>\n"
        },
        {
            "body": "At 12:42 03/12/22 +1100, Andrew Cunningham wrote:>Martin Duerst wrote:>>It must be possible with Apache, because the Apache documentation>>project uses it. Look e.g. at>>http://httpd.apache.org/docs-2.0/en/content-negotiation.html>>http://httpd.apache.org/docs-2.0/ko/content-negotiation.html>>http://httpd.apache.org/docs-2.0/ja/content-negotiation.html>>and http://httpd.apache.org/docs-2.0/content-negotiation.html.>>But I haven't figured it out yet, but it seems to involve more>>than just simple configuration directives.>>I assume they're using type maps, esp since you specify URIs in the type>maps rather than filenames.I'll try to find out more. But you might be right. A quickcheck gives:http://httpd.apache.org/docs-2.0/en/content-negotiation.var-> Forbiddenhttp://httpd.apache.org/docs-2.0/en/content-negotiation.xyz-> Not foundUsing typemaps is certainly possible, but it requires someamount of management to make sure they are correct. But then,Apache also needs to do that because it includes links to allavailable language variants in each page (which is also agood thing to do, of course).>Content negotiation appears to be implimented at the higher directory>structure index levels like http://httpd.apache.org/docs-2.0/ but if you>follow a deep link into the documentation you don't have langauge>negotiation instead you have to select a language form the langauge menu.>Either that or my browser is misbehaving.I have just checked that. For both Netscape 7.1 and Opera 7.2,content negotiation worked fine, even for documents further downin the hierarchy. I can change the order of languages in preferencesand force a reload at will. So I guess you should check your browser.Regards,    Martin.",
            "docno": "lists-015-16335155",
            "received": "Mon Dec 22 10:42:40 2003",
            "isoreceived": "20031222154240",
            "sent": "Mon, 22 Dec 2003 10:33:26 0500",
            "isosent": "20031222153326",
            "name": "Martin Duerst",
            "email": "duerst@w3.org",
            "subject": "Re: when to use language negotiation author needed",
            "id": "4.2.0.58.J.20031221223607.043f4dc0@localhost",
            "charset": "usascii",
            "inreplyto": "3FE64C23.3040408&#64;vicnet.net.au",
            "expires": "1",
            "to": " Andrew Cunningham<andrewc@vicnet.net.au>\n",
            "cc": " Tex Texin<tex@i18nguy.com>, John Yunker<yunkerjohn@yahoo.com>, GEO<public-i18n-geo@w3.org>, Yves Savourel<ysavourel@translate.com>, Francois Yergeau<francois@yergeau.com>\n"
        },
        {
            "body": "At 15:40 03/12/19 -0500, Tex Texin wrote:>John,>>Good comments.>>1) On deep linking from search engines and elsewhere, I would think that>most of the time the search would result in a page that was in one of>the languages of the user. I know it is not always true, but I wouldn't>think using lang. negotiation would be an improvement most of the time>for a deep link.>>But that's a good use case for language selection being available on>every page and for it not to return to the top of the tree, but a>reasonable counterpart of the page the language switch is being made>from.I agree. If the material is really parallel, e.g. stuff such as manuals,it can be helpful to send somebody a link, and they get the page intheir language (if available).>2) I don't know the answer to the question on htaccess for changing>language directories rather than pages.>I had the same question.It must be possible with Apache, because the Apache documentationproject uses it. Look e.g. athttp://httpd.apache.org/docs-2.0/en/content-negotiation.htmlhttp://httpd.apache.org/docs-2.0/ko/content-negotiation.htmlhttp://httpd.apache.org/docs-2.0/ja/content-negotiation.htmland http://httpd.apache.org/docs-2.0/content-negotiation.html.But I haven't figured it out yet, but it seems to involve morethan just simple configuration directives.Regards,   Martin.",
            "docno": "lists-015-16254795",
            "received": "Sat Dec 20 18:59:30 2003",
            "isoreceived": "20031220235930",
            "sent": "Sat, 20 Dec 2003 18:41:38 0500",
            "isosent": "20031220234138",
            "name": "Martin Duerst",
            "email": "duerst@w3.org",
            "subject": "Re: when to use language negotiation author needed",
            "id": "4.2.0.58.J.20031220134030.05be5868@localhost",
            "charset": "usascii",
            "inreplyto": "3FE36243.E3DF9DBA&#64;i18nguy.com",
            "expires": "1",
            "to": " Tex Texin<tex@i18nguy.com>, John Yunker<yunkerjohn@yahoo.com>\n",
            "cc": " GEO<public-i18n-geo@w3.org>, Yves Savourel<ysavourel@translate.com>,\"Francois Yergeau\"<francois@yergeau.com>\n"
        }
    ]
}