{
    "id": "candidate-0641",
    "name": "Mary Trumble",
    "gender": "FEMALE",
    "email": "mtrumble@us.ibm.com",
    "mails": [
        {
            "body": "Since the document already contained SOAP header examples, I tried tocome up with a different type of usage, and to refer back to the otherexamples.  If this is a lame example (not best practices), I'm open to othersuggestions.  I mainly wanted to emphasize the use of headers in intermediaryprocessing, since it wasn't covered elsewhere.WSDL input tomorrow...Mary------------------------------------------------------------------------------------TEXT5.4 SOAP Headers5.4.1 Characteristics of SOAP headersThe SOAP header is an optional element which can be used to extend SOAPprocessing in an application-specific manner.  The header specificationis intentionally minimal so that headers may be tailored to meet theneeds of various applications.  As such, they may be used to conveyadditional contextual information about data in the body of the SOAPmessage, as illustrated elsewhere in this document.  They may also beused to initiate or control processing of the message data, either bythe ultimate receiver of the message or by intermediary nodes whichhandle the message before it is routed to the ultimate receiver.  Inthis second role, SOAP headers may contain information specifying therouting of SOAP messages and the processing which may (or must) occurat intermediary nodes.Although applications are encouraged to use standard, locale-neutral,data formats, processes, and methodologies, it is sometimes necessary ordesirable to use proprietary data formats or techniques.  SOAP headerscan provide the flexibility required to process heterogeneous,locale-sensitive, distributed data.5.4.2 Character encoding conversion scenarioAn environment exists in which related legacy applications exchangecharacter data with a service.  The receiving service and the sendersare not necessarily using the same character encoding scheme.  Anintermediary site receives the sender's message and, using data in themessage's SOAP header, converts the message's character data to theencoding of the ultimate receiver, the service.5.4.3 Scenario descriptionAn application sends a SOAP message with character data encoded in thecharacter set of its local process.  The ultimate receiver of themessage is a service which processes UTF-8 data.  An intermediaryreceiver examines message headers before forwarding the messages to theultimate receiver.  If the character encoding is not UTF-8, theintermediary converts the data, modifies the character encodingattribute of the message, removes the header, and forwards the messageto the ultimate receiver.5.4.4 Scenario exampleSOAP message received by intermediary:<?xml version=\"1.0\" encoding=\"ISO-8859-1\" ?><env:Envelope xmlns:env=\"http://www.w3.org/2003/05/soap-envelope\"><env:Header><WS-I18N:convertDataxmlns:WS-I18N=\"http://example.org/2002/11/21/WS-I18N\"env:role=\"http://www.w3.org/2003/05/soap-envelope/role/next\"><WS-I18N:senderEncoding>ISO-8859-1</WS-I18N:senderEncoding></WS-I18N:convertData></env:Header><env:Body>. . .[legacy ISO-8859-1 data]</env:Body></env:Envelope>SOAP message forwarded from intermediary:<?xml version=\"1.0\" encoding=\"UTF-8\" ?><env:Envelope xmlns:env=\"http://www.w3.org/2003/05/soap-envelope\"><env:Body>. . .[UTF-8 data]</env:Body></env:Envelope>------------------------------------------------Mary K. TrumbleTel: (512) 838-0094; T/L 678-0094mtrumble@us.ibm.com",
            "docno": "lists-016-14099209",
            "received": "Mon Mar 29 04:44:00 2004",
            "isoreceived": "20040329094400",
            "sent": "Mon, 29 Mar 2004 03:38:42 0600",
            "isosent": "20040329093842",
            "name": "Mary Trumble",
            "email": "trumble@us.ibm.com",
            "subject": "SOAP headers scenario",
            "id": "OFB98435FA.360901A9-ON87256E66.0034582A86256E66.0034E679@us.ibm.com",
            "charset": "USASCII",
            "expires": "1",
            "to": "public-i18n-ws@w3.org\n"
        }
    ]
}