{
    "id": "candidate-0734",
    "name": "Roger Cutler",
    "gender": "MALE",
    "email": "RogerCutler@ChevronTexaco.com",
    "mails": [
        {
            "body": "<<WD-ws-gloss-20021114 - RTC.html>>text/html attachment: WD-ws-gloss-20021114 - RTC.html",
            "docno": "lists-099-1849222",
            "received": "Tue Feb  4 12:01:11 2003",
            "isoreceived": "20030204170111",
            "sent": "Tue, 4 Feb 2003 11:00:05 -0600",
            "isosent": "20030204170005",
            "name": "Cutler, Roger (RogerCutler)",
            "email": "RogerCutler@ChevronTexaco.com",
            "subject": "WS-Arch and ebXML Glossary Merge Working Document",
            "id": "7FCB5A9F010AAE419A79A54B44F3718E0162499A@bocnte2k3.boc.chevrontexaco.net",
            "charset": "us-ascii",
            "expires": "-1",
            "to": "www-archive@w3.org\n"
        }
    ]
}