{
    "id": "candidate-0589",
    "name": "Stephen Farrell",
    "gender": "MALE",
    "email": "stephen.farrell@cs.tcd.ie",
    "mails": [
        {
            "body": "On Tuesday 25 May 2004 12:56, Stephen Farrell wrote:> The RFC editor pointed out that their schema checker objects to> the schemaLocation value above since they don't have a dsig> core schema at that relative location.That sounds approriate.> The schemaLocation attribute is however just a hint [2], so the> schema passes using the checker on the w3c site.Yes, though if you do use it, the Schema spec says [b] \"When aschemaLocation is present, it must contain a single URI reference which theschema author warrants will resolve to a serialization of a ?schemadocument? containing the component(s) in the <import>ed namespace referredto elsewhere in the containing schema document.\"[b] http://www.w3.org/TR/xmlschema-1/#composition-schemaImport> So, the question:->> - is it ok as is?A non-working hint doesn't seem appropriate to me, why would you use it?> - should I change the value of schemaLocation to use an>    absolute URL, in particular [3]?>> I assume the latter is better.Yep, the only way it wouldn't is if somehow one interpreted the URL as asecure string/identifier. For example, there's some program that will onlyuse schemas that when they import from dsig, import that specific string,and not the URL. But I'm not aware of any such processing, and the W3Cnever indicated \"../W3C/xmldsig-core-schema.xsd\" is a blessedstring/identifier -- unlike other algorithm identifier URIs where we use anabsolute URI.",
            "docno": "lists-046-10677710",
            "received": "Thu May 27 15:17:30 2004",
            "isoreceived": "20040527191730",
            "sent": "Thu, 27 May 2004 15:17:34 +0200",
            "isosent": "20040527131734",
            "name": "Joseph Reagle",
            "email": "reagle@w3.org",
            "subject": "Re: Importing xmldsig-core stuff...",
            "id": "200405271517.34685.reagle@w3.org",
            "charset": "iso-8859-1",
            "inreplyto": "40B3266F.80102&#64;cs.tcd.ie",
            "expires": "-1",
            "to": " Stephen Farrell<stephen.farrell@cs.tcd.ie>\n",
            "cc": "w3c-ietf-xmldsig@w3.org\n"
        },
        {
            "body": "Thanks Joseph,That's the change we've decided upon.Regards,Stephen.Joseph Reagle wrote:> On Tuesday 25 May 2004 12:56, Stephen Farrell wrote:>>>The RFC editor pointed out that their schema checker objects to>>the schemaLocation value above since they don't have a dsig>>core schema at that relative location.>>> That sounds approriate.>>>>>The schemaLocation attribute is however just a hint [2], so the>>schema passes using the checker on the w3c site.>>> Yes, though if you do use it, the Schema spec says [b] \"When a> schemaLocation is present, it must contain a single URI reference which the> schema author warrants will resolve to a serialization of a ?schema> document? containing the component(s) in the <import>ed namespace referred> to elsewhere in the containing schema document.\">> [b] http://www.w3.org/TR/xmlschema-1/#composition-schemaImport>>>>So, the question:->>>>- is it ok as is?>>> A non-working hint doesn't seem appropriate to me, why would you use it?To debug the RFC editor's processes of course:-)>>>>- should I change the value of schemaLocation to use an>>   absolute URL, in particular [3]?>>>>I assume the latter is better.>>> Yep, the only way it wouldn't is if somehow one interpreted the URL as a> secure string/identifier. For example, there's some program that will only> use schemas that when they import from dsig, import that specific string,> and not the URL. But I'm not aware of any such processing, and the W3C> never indicated \"../W3C/xmldsig-core-schema.xsd\" is a blessed> string/identifier -- unlike other algorithm identifier URIs where we use an> absolute URI.",
            "docno": "lists-046-10686624",
            "received": "Fri May 28 05:52:10 2004",
            "isoreceived": "20040528095210",
            "sent": "Fri, 28 May 2004 10:56:01 +0100",
            "isosent": "20040528095601",
            "name": "Stephen Farrell",
            "email": "stephen.farrell@cs.tcd.ie",
            "subject": "Re: Importing xmldsig-core stuff...",
            "id": "40B70CB1.3030105@cs.tcd.ie",
            "charset": "ISO-8859-1",
            "inreplyto": "200405271517.34685.reagle&#64;w3.org",
            "expires": "-1",
            "to": " Joseph Reagle<reagle@w3.org>\n",
            "cc": "w3c-ietf-xmldsig@w3.org,\"Nystrom, Magnus\"<magnus@rsasecurity.com>\n"
        },
        {
            "body": "Folks,I've an internet-draft ([1] for the sacred WG) which is in the RFCeditor's author's 48 state.It contains an XML schema, which contains the following fragment:<import namespace=\"http://www.w3.org/2000/09/xmldsig#\"schemaLocation=\"../W3C/xmldsig-core-schema.xsd\"/>The RFC editor pointed out that their schema checker objects tothe schemaLocation value above since they don't have a dsigcore schema at that relative location.The schemaLocation attribute is however just a hint [2], so theschema passes using the checker on the w3c site.From memory, this is the result of the schema checker I used touse (in a previous job) which I needed to be able to use offline.No one's noticed this until now, but then again, I'm not surehow many people have tried to write code for this protocol (fewat any rate).So, the question:-- is it ok as is?- should I change the value of schemaLocation to use anabsolute URL, in particular [3]?I assume the latter is better.Can you cc' me on any responses - I'm not subscribed to thislist.Thanks,Stephen.[1]http://www.ietf.org/internet-drafts/draft-ietf-sacred-protocol-bss-09.txt[2] http://www.w3.org/TR/xmlschema-0/#schemaLocation[3] http://www.w3.org/TR/xmldsig-core/xmldsig-core-schema.xsd",
            "docno": "lists-046-10669106",
            "received": "Tue May 25 06:52:58 2004",
            "isoreceived": "20040525105258",
            "sent": "Tue, 25 May 2004 11:56:47 +0100",
            "isosent": "20040525105647",
            "name": "Stephen Farrell",
            "email": "stephen.farrell@cs.tcd.ie",
            "subject": "Importing xmldsig-core stuff...",
            "id": "40B3266F.80102@cs.tcd.ie",
            "charset": "us-ascii",
            "expires": "-1",
            "to": "w3c-ietf-xmldsig@w3.org\n",
            "cc": " Stephen Farrell<stephen.farrell@cs.tcd.ie>\n"
        }
    ]
}