{
    "id": "candidate-0645",
    "name": "Mark Birbeck",
    "gender": "MALE",
    "email": "Mark.Birbeck@x-port.net",
    "mails": [
        {
            "body": "On an HTML WG call today, Mark Birbeck mentioned this document:http://lists.w3.org/Archives/Member/w3c-html-wg/2003AprJun/att-0426/roleof using a role attribute to annotate metadata on HTML elements, such that,in the long term, even a RDF parser could parse a HTML document and pullthe triples out. The discussion touched on three items it'd be worthwhilecapturing more explicitly.1. That sounds fantastic, but more aggressive than I was trying to achievewith respect to valid instances, and more related to the TAG issue:http://www.w3.org/2001/tag/ilist#mixedNamespaceMeaning-132. It would cool that if instead of an RDF application only accepting aparticular syntax, it had a MANDATORY mechanism (i.e. XSLT) that enabled itto transform any XML to a suitable serialization prior to consumption. (Iactually don't know if there's any definition of conformance for an RDFapplication? Does RDF 1.0 only specify a format?)3. Instead of decorating XML instances with annotations or \"wearing the datamodel on the instance\" folks have been tooling around with Schemaannotations such that an XML instance can yield RDF when instance isvalidated against the schema.http://www.w3.org/2003/02/schema-annotation.html",
            "docno": "lists-021-1388801",
            "received": "Wed Jul  9 11:35:27 2003",
            "isoreceived": "20030709153527",
            "sent": "Wed, 9 Jul 2003 11:35:24 -0400",
            "isosent": "20030709153524",
            "name": "Joseph Reagle",
            "email": "reagle@w3.org",
            "subject": "FYI: Attaching Meta-Information ROLE To XHTML Elements",
            "id": "200307091135.24855.reagle@w3.org",
            "charset": "us-ascii",
            "expires": "-1",
            "to": "Mark.Birbeck@x-port.net\n",
            "cc": "public-rdf-in-xhtml-tf@w3.org\n"
        },
        {
            "body": "* Jeremy Carroll <jjc@hplb.hpl.hp.com> [2004-03-19 15:52+0100]> 3) I don't know Ivan's sirname.If you mean ivan@w3.org, Ivan Herman.> (continued actions)[...]> ACTION DanBri: ask SemWeb CG about constraints and advice re WD, Note, etc.This was completed (url circulated previously).cheers,Dan",
            "docno": "lists-021-16735765",
            "received": "Fri Mar 19 10:00:55 2004",
            "isoreceived": "20040319150055",
            "sent": "Fri, 19 Mar 2004 10:00:55 -0500",
            "isosent": "20040319150055",
            "name": "Dan Brickley",
            "email": "danbri@w3.org",
            "subject": "Re: draft Minutes 18 Mar",
            "id": "20040319150055.GL11143@homer.w3.org",
            "charset": "us-ascii",
            "inreplyto": "BHEGLCKMOHGLGNOKPGHDOEOACCAA.jjc&#64;hpl.hp.com",
            "expires": "-1",
            "to": " Jeremy Carroll<jjc@hplb.hpl.hp.com>\n",
            "cc": "public-swbp-wg@w3.org,connolly@w3.org,Mark.Birbeck@x-port.net\n"
        },
        {
            "body": "Scribe notes:1) I have been relatively informal through-out, using first namesexcept for roll call.  If anyone would rather be minuted withany other name e.g. \"Prof. James Hendler\" please let me knowand I will send out amended minutes. Also, unless people complainmy case behaviour with names is random.2) Each ACTION appears twice, once in the summary, and oncein the detail - I had a strong objection to this in WebOnt,so used a different format for that group. Personally I prefer itthis way, but again if anyone doesn't like it, I will makeappropriate amendments.3) I don't know Ivan's sirname.4) Did Bijan attend the RDF/XHTML part, or was he only on IRC?5) Mark is the correct XML.com link(Simon St. Laurent review of Mar. 10)?http://www.oreillynet.com/pub/wlg/4553Minutes follow ...=================================SWBPD WG Telecon 18 March 2004, 1500ZSummary(new actions)ACTION: Ralph talk with Guus and create a strall poll form for meeting timesACTION: Guus to propose a format for TF description(the following depend on the above)ACTION: JimH write description of WorldView TFACTION: ChrisW write description of OPEN TFACTION: aldo describe Wordnet TFACTION: danbri get rdf-thes contacts from GuusACTION: aldo e-mail WordNet update to mailing listACTION: guus read bernard's e-mail with draft TMAP msgACTION: guus to finalize TMAP e-mail, notify cg, and send out msgACTION: danC to send mail requesting feedback on RDF/XHTML & GRDDL to bothlists.(continued actions)ACTION DanBri: investigate publication of Turtle as SWIG noteACTION ChrisW present his time ontology in the next teleconACTION DanBri: ask SemWeb CG about constraints and advice re WD, Note, etc.(decisions)RESOLVED: contact Topic Maps as in bernard's e-mailAlso:The Chair suggests that everyone sends an introduction to list.Ralph will edit the list of Task Forces. (a new document)Agenda:http://lists.w3.org/Archives/Public/public-swbp-wg/2004JanMar/0069IRC:http://www.w3.org/2004/03/18-swbp-ircDetail:1. ADMINISTRIVIA (10 min)Role call:Chris Welty,Ralph Switck,Jim Hendler,Aditya Kalyanpur,Dan Brickley,David Norheim,Libby Miller,Ivan ???,Natasha Noy,Jen Golbeck,Brian McBride,Bernard Vatant,Shimizu Noboru,Deb McGuinness,Guus Schreiber (chair),Nick Gibbins,Jermey Carroll (scribe),Dan Connolly,Mark Birbeck,Aldo GangemiRegrets: Marco Nanni,RESOLVED to accept the minutes of the Cannes kickoff ftf:http://lists.w3.org/Archives/Public/public-swbp-wg/2004JanMar/0067.htmlAmended to show Deb's remote attendence.Thanks to people who attended kickoff.The Chair suggests that everyone sends an introduction to list.RESOVED: next telecon date 1 AprilLong discussion about time of telecon:(selected comments)Deb: this time is very difficult for me.Ralph: I concur with Deb's concern, since the F2F was not representative.Jim: an alternating time is difficult to schedule for me.Shimizu: it's impossible to satisfy everybody - I prefer one timeChris: with alternating times some people can only participate once amonthDeb: once a month is better than zero times a month*No* time for next telecon decided.ACTION: Ralph talk with Guus and create a strall poll form for meeting times2. ACTION ITEM REVIEW (5min)Completed actions:ACTION: danbri send msg to public-esw-thes letting them know BDP WG isconsidering work in thes2rdf areaACTION GuusS asking JimH whether he's wanting to coordinate \"WorldviewNote\" TFACTION JJC: send to the WG list an example of using www-archive (and perhapssome relevant advice)ACTION RalphS: add attachment policies to list archive cover pageW3C Guidelines for Email Attachment FormatsACTION Guus: forward some tips for scribes (from Dan to webont)ACTION: Bernard to draft a message to be sent from this WG to ISO Topic Mapscommunity for discussion at an upcoming teleconferenceContinued Actions:ACTION DanB: investigate publication of Turtle as SWIG noteACTION ChrisW present his time ontology in the next teleconACTION DanBri: ask SemWeb CG about constraints and advice re WD, Note, etc.3  TASK FORCES3.1 Task force list (taken after 3.1(a))Guus presented:[[Proposal to create and maintain a WG task-force list, in a similarspirit as a regylar issue list. To discuss:- format task-foce description- list maintenance / editor- process similar to issue process: proposed, \"opned\" (i.e. strated),proposal to close (e.g. WG noet), close/postponed]]The TF list contains the mission and expected results of each TF,and the TF membership while the TF is live.Ralph volunteered to edit this list.Brian asked for discussion of his e-mail concerning issueshttp://lists.w3.org/Archives/Public/public-swbp-wg/2004JanMar/0082(chair did not allow time)3.2 Discussion on selected task forces(a) World-view note - explain diff owl, rdf, xml etc.JimH: two themes WorldView about SemWeb (e.g. rdf vs owl)or               WorldView about Web vs SemWeb (e.g. xml vs rdf)This could be one document or two.So far, Deb and Brian are in the TF with Jim (lead)Possibles: Pat Hayes, Frank van HarmaleenDavid Norheim is interested.ACTION: JimH write description of WorldView TF(b) Demos and applicationsNo coordinator, no TF ...There remained interest but no one willing to coordinate this TF.(c) Porting thesaurii to the WebDanBri reported \"Not much to report ...\"ACTION: danbri get rdf-thes contacts from Guus(d) Ontology Patterns and Engineering(ChrisW, DebM)Chris felt it was a waste of WG time to discuss acronym.Tf may meet independently on that.E-mail should go through the WG list.Chris asked how to work (ie html, wiki ...)The W3C encourages use of CVS, WG members can getCVS write access to pages held on www.w3.org.Can also send msgs to www-archive@w3.org and w3c-archive@w3.orgfor documenting archiving.There is a Wiki we can use: http://esw.w3.org/topic/DanC pointed out that using a Wiki is encouraging other peopleto write, which may be inapprorpriate for a TF(e) WordNet ontology conversion support(AldoG)FOllowing people expressed interest{ Alberto Reggiori, Libby }Aldo gave an update, which the scribe failed to summarized.Aldo gave an update again after the XHTML TF agendum: thescribe remained confused - here are some notes:The TF will review previous work and contact peoplewho have done ports. e.g. Steffan Decker. It willcontact someone in Switzerland, and someone inPrinceton. There was discussion about the commercialterms of Euro Wordnet.ACTION: aldo e-mail WordNet update to mailing list(e.g. a clearer version of the scribe's muddle)ACTION: aldo describe Wordnet TF(f) Link to TopicMaps(Bernard proposed sending, seconded by Jeremy)http://lists.w3.org/Archives/Public/public-swbp-wg/2004JanMar/0081ACTION: guus read bernard's e-mail with draft TMAP msgACTION: guus to finalize TMAP e-mail, notify cg, and send out msgRESOLVED: contact Topic Maps as in bernard's e-mail3.3 RDF-XHTML task force (20 min)(current lead DanC:\"I'm willing to lead, but would be happierfor somebody else to lead\")Mark Birbeck and Dan Connolly joined for this section.Jeremy has sent a review of Mark's work:Jeremy: I like it. I raised a number of technical details.http://lists.w3.org/Archives/Public/public-rdf-in-xhtml-tf/2004Mar/0004The XHTML WG are commited.Mark mentioned an XML.com review:http://www.oreillynet.com/pub/wlg/4553This review did not understand motivations, problems, or constraints.DanC suggested the GRDDL background doc as perhaps usefulfor Mark in explaining these issues.DanC asked who are the customers: Dublin Core, AKT, FoafNick: AKT has had to solve this problem;we want a single solution.ACTION: danC to send mail requesting feedback on RDF/XHTML & GRDDL to bothlists.",
            "docno": "lists-021-16719404",
            "received": "Fri Mar 19 09:53:00 2004",
            "isoreceived": "20040319145300",
            "sent": "Fri, 19 Mar 2004 15:52:13 +0100",
            "isosent": "20040319145213",
            "name": "Jeremy Carroll",
            "email": "jjc@hplb.hpl.hp.com",
            "subject": "draft Minutes 18 Mar",
            "id": "BHEGLCKMOHGLGNOKPGHDOEOACCAA.jjc@hpl.hp.com",
            "charset": "iso-8859-1",
            "expires": "-1",
            "to": "<public-swbp-wg@w3.org>\n",
            "cc": "<connolly@w3.org>,<Mark.Birbeck@x-port.net>\n"
        },
        {
            "body": "I've recently been playing with pumping RDF/XML through XSLT forrendering - the end result being XHTML styled with CSS. The instancedata is coming from a HTML form, so it's structure is known in advance,which make life somewhat easier! (examples here [1]). The XSLT and CSSis done in the client browser.The pre-rendering format was XHTML, and so far I've been using fairlyarbitrary mapping from RDF entities to CSS <div id=\"...\">. But itoccurred to me to try using the syntax Mark describes in \"XHTML and RDF\"[2]. Unfortunately I didn't really get past square one, for a couple ofreasons.First of all, take this example:[[[...if a search server knows how to establish from a user that they areactually searching for http://people.com/TonyBlair, then we could markup our document as follows:Tomorrow the <span resource=\"p:TonyBlair\">Prime Minister</span>is expected to fly to ...]]]What are the RDF statements there? Ok, I can see this might be saying:p:TonyBlair rdf:type rdf:Resourcebut where does the \"Prime Minister\" bit come in?I don't know whether it's me having a blindspot on this, but I couldn'tsee the triples clearly in any of the examples in the latter part ofMark's doc (though I could make sense of the <meta> material).A second problem for me is that I want to be able to selectively applystyling based on the statements (mostly literal-valued properties).Though the use of <span resource=\"...\"> and <span property=\"...\"> seemslike nice naming, as far as I can tell it's not accessible to CSS. (Imust also confess I'm a little puzzled about where these attributes camefrom - will they be in the XHTML 2.0 namespace?).Of course there's absolutely no need for the RDF info to be included instyling of  the document, but it does feed two birds with one bean -often the data will require styling according to the semantics. It maybe possible to systematically override/piggyback the CSS - <spanclass=\"foaf:Person>, <div id=\"http://example.org\"> and so on.So I suppose I'm asking for someone to tell me if I'm losing my marblesor not for the former (any chance of n3 alongside the examples in thetext?) and consideration of the latter.Cheers,Danny.[1] http://purl.org/stuff/pets[2] http://www.w3.org/MarkUp/2004/02/xhtml-rdf.html------Rawhttp://dannyayers.com",
            "docno": "lists-021-2183055",
            "received": "Thu Apr 29 16:26:27 2004",
            "isoreceived": "20040429202627",
            "sent": "Thu, 29 Apr 2004 22:25:46 +0200",
            "isosent": "20040429202546",
            "name": "Danny Ayers",
            "email": "danny666@virgilio.it",
            "subject": "Struggling with &quot;XHTML and RDF&quot;",
            "id": "409164CA.3040804@virgilio.it",
            "charset": "ISO-8859-1",
            "expires": "-1",
            "to": "public-rdf-in-xhtml-tf@w3.org\n",
            "cc": "Mark.Birbeck@x-port.net\n"
        }
    ]
}