{
    "id": "candidate-0670",
    "name": "Farrukh Najmi",
    "gender": "MALE",
    "email": "farrukh.najmi@sun.com",
    "mails": [
        {
            "body": "> SRT: All:>> Given the request for review and given that choreographies may be> subject to something similar for location it is a good idea if we> start  the process of review and requirements gathering for this piece> of work  and then get back to them in a timely fashion.mm1: Steve, these requirements should be generic as Reg/Rep also handlesweb services and had a Semantic Content Management subgroup. Suggest wedistribute to both groups. Kathryn Breininger is the OASIS co-chair(kathryn.r.breininger@boeing.com) and Farrukh Najmi, the technical lead(farrukh.najmi@sun.com).Thanks.>> Resent-From: public-sws-ig@w3.org>> From: Max Voskob <max.voskob@paradise.net.nz>>> Date: 6 February 2004 03:02:05 GMT>> To: public-sws-ig@w3.org, www-rdf-interest@w3.org,>> semanticweb@yahoogroups.com>> Subject: UDDI and sematics>>>> Hi all,>>>> As some of you may be aware, UDDI Technical Committee is considering>> to add some semantic capabilities in the next version.>>>> I would invite a wider community to review our attempts.>>>> http://www.oasis-open.org/committees/download.php/5337/uddi-spec-tc->> req11-14-semantics-20040205.doc>> http://www.oasis-open.org/committees/download.php/5322/uddi-spec-tc->> taxonomies-discussion-20040205.doc>>>> Your feedback is very welcome. Feel free to say that we are on a>> wrong  track or that the author had no clue what he was talking about>> in that  document.>",
            "docno": "lists-026-10782214",
            "received": "Sun Feb 15 08:09:17 2004",
            "isoreceived": "20040215130917",
            "sent": "Sun, 15 Feb 2004 06:09:10 -0700",
            "isosent": "20040215130910",
            "name": "Monica J. Martin",
            "email": "Monica.Martin@Sun.COM",
            "subject": "Re: Fwd: UDDI and sematics",
            "id": "402F6F76.7040609@sun.com",
            "charset": "ISO-8859-1",
            "inreplyto": "3104A42E-5B05-11D8-B0FA-000393D13C9A&#64;enigmatec.net",
            "expires": "-1",
            "to": " Steve Ross-Talbot<steve@enigmatec.net>\n",
            "cc": "\"WS Choreography (E-mail)\"<public-ws-chor@w3.org>\n"
        },
        {
            "body": "Hi All,If location is going to be addressed within W3C choreography andOASIS UDDI, I believe that it would be wise to consult and liaisewith both the OGC, Open GIS Consortium, whose Executive Director,Carl Reed, I am copying and the OASIS Emergency Management GISSubcommittee, of which he is also the chair. I wholeheartedlyrecommend including ebXML Reg/Rep in exploring an inclusiveharmonization of semantics wrt Web Services. As co-chair of the OASISHumanMarkup  TC, and a member of EM GIS SC, and WSRP TC respectively,I try to keep current with these work areas.I have also looked at the Requirement document and this looks a bitmore complicated than necessary, especially for a requirementsdocument. Also, I'm not sure a new rdf:Bag for extended metadata isrequired. If we are at the requirements gathering phase, then I wouldask the inference engine makers what they need, unless that is whatyou all have already done. Of course, I also thought you were theinference engine makers, and the document appears to bely thatassumption.Ciao,RexAt 6:09 AM -0700 2/15/04, Monica J. Martin wrote:>>SRT: All:>>>>Given the request for review and given that choreographies may be>>subject to something similar for location it is a good idea if we>>start  the process of review and requirements gathering for this>>piece of work  and then get back to them in a timely fashion.>>mm1: Steve, these requirements should be generic as Reg/Rep also>handles web services and had a Semantic Content Management subgroup.>Suggest we distribute to both groups. Kathryn Breininger is the>OASIS co-chair (kathryn.r.breininger@boeing.com) and Farrukh Najmi,>the technical lead (farrukh.najmi@sun.com).>>Thanks.>>>>Resent-From: public-sws-ig@w3.org>>>From: Max Voskob <max.voskob@paradise.net.nz>>>>Date: 6 February 2004 03:02:05 GMT>>>To: public-sws-ig@w3.org, www-rdf-interest@w3.org,>>>semanticweb@yahoogroups.com>>>Subject: UDDI and sematics>>>>>>Hi all,>>>>>>As some of you may be aware, UDDI Technical Committee is>>>considering  to add some semantic capabilities in the next version.>>>>>>I would invite a wider community to review our attempts.>>>>>>http://www.oasis-open.org/committees/download.php/5337/uddi-spec-tc->>>req11-14-semantics-20040205.doc>>>http://www.oasis-open.org/committees/download.php/5322/uddi-spec-tc->>>taxonomies-discussion-20040205.doc>>>>>>Your feedback is very welcome. Feel free to say that we are on a>>>wrong  track or that the author had no clue what he was talking>>>about in that  document.--Rex BrooksGeoAddress: 1361-A Addison, Berkeley, CA, 94702 USA, EarthW3Address: http://www.starbourne.comEmail: rexb@starbourne.comTel: 510-849-2309Fax: By Request",
            "docno": "lists-026-10801063",
            "received": "Sun Feb 15 10:26:10 2004",
            "isoreceived": "20040215152610",
            "sent": "Sun, 15 Feb 2004 08:26:47 -0800",
            "isosent": "20040215162647",
            "name": "Rex Brooks",
            "email": "rexb@starbourne.com",
            "subject": "Re: Fwd: UDDI and sematics",
            "id": "a06020410bc553a78c2e9@[69.3.93.121]",
            "charset": "us-ascii",
            "inreplyto": "402F6F76.7040609&#64;sun.com",
            "expires": "-1",
            "to": "\"Monica J. Martin\"<Monica.Martin@Sun.COM>, Steve Ross-Talbot<steve@enigmatec.net>\n",
            "cc": "\"WS Choreography (E-mail)\"<public-ws-chor@w3.org>,creed@opengis.org\n"
        }
    ]
}