{
    "id": "candidate-0582",
    "name": "Scott Peterson",
    "gender": "MALE",
    "email": "scott.k.peterson@hp.com",
    "mails": [
        {
            "body": "Hi,this is a contribution to the social meaning discussion that came from theHP rep on the patent policy group.I am imagining an action on someone to collect a list of pointers for theCG taking the rdfms-assertion issue forward, and hope this might beincluded. Scott has a perspective that is informed in a different way frommany of the participants in the discussion.Jeremy-------- Original Message --------Subject: RE: Social meaning discussionDate: Thu, 6 Mar 2003 11:42:05 -0500From: \"PETERSON,SCOTT K (HP-USA,ex1)\" <scott.k.peterson@hp.com>Jeremy --I'll plan to attend the meeting.I've taken a look at section 4 and at the agenda document. Here are somecurrent thoughts.I am presently, strongly inclined toward the conclusion that the binaryconcept that an RDF statement is asserted or not asserted is of such limitedutility in forming a foundation for development of social meaning that itmight be actually be counterproductive: it may be counterproductive if theestablishment of this concept impedes the development of more elaborateconcepts.\"Human publishers of RDF content commit themselves to themechanically-inferred social obligations.\"I see two different interpretations of this sentence.A response to one interpretation:It is not apparent to me that social meaning survives mechanicaltransformations. I would expect social conventions to result in some socialmeaning for a transformed result, but it is not apparent that in all casesthe social meaning of the transformation is mechanically related to thesocial meaning of the original, untransformed statement.Assume some statement X and a mechanical transformation it, Y. It is notapparent that in all cases the social meaning of X and the social meaning ofY will be mechanically related, or, in other words, it is not apparent thatthere will necessarily be some mechanical relationship between the socialmeaning of X and the social meaning of Y.A response to a second interpretation:The sentence is like the unhelpful sentence: \"x has the social obligationsthat are x's social obligations\".\"The act of assertion needs some mechanism (e.g. signatures) to carry muchlegal force: Peterson\"It would be useful to provide mechanisms to aid people in expressing thecharacter of their statements, such as the purpose for which the statementis being made, degree of the commitment to the statement, who is making thecommitment, etc.Like locks and walls of various types, these technical constructs do notmake law, but are very useful to the law in that social conventions can formaround the use of such technical constructs - for example, socialconventions might not form as readily and/or might not be as clear, if thetechnical construct did not exist.Consider the statement:\"The body color of vehicle #x matches Pantone color #y.Consider the following contexts:(1) on an individual's personal homepage that is reporting tedious detailabout the individual's personal life.(2) a report submitted to the police by the observer of a traffic accident.(3) a page describing items that are available for sale.(4) a communication from a seller of the vehicle to the buyer of the vehiclewhere the seller is an individual selling their personal car and the buyeris a dealer in cars.(5) a communication from a seller of the vehicle to the buyer of the vehiclewhere the seller is a dealer in cars and the buyer is an individualpurchasing a car for their personal use.The social and legal consequences of the statement being misdescriptive ofthe actual car will vary significantly depending on the context.I see similarities between social meaning and trust. This suggests thepossibility that hooks to aid social meaning might be implemented in higherlayers.-- Scott______________________________Scott K. PetersonCorporate CounselHewlett-Packard CompanyOne Cambridge CenterCambridge, MA 02142scott.k.peterson@hp.com",
            "docno": "lists-053-3357695",
            "received": "Tue Mar 11 02:55:01 2003",
            "isoreceived": "20030311075501",
            "sent": "Tue, 11 Mar 2003 07:54:45 +0000",
            "isosent": "20030311075445",
            "name": "Jeremy Carroll",
            "email": "jjc@hplb.hpl.hp.com",
            "subject": "[Fwd: RE: Social meaning discussion]",
            "id": "3E6D9645.5090003@hpl.hp.com",
            "charset": "UTF-8",
            "expires": "-1",
            "to": " \"'Jeremy Carroll'\" <jjc@hplb.hpl.hp.com>\n",
            "cc": " \"MCBRIDE,BRIAN (HP-UK,unix1)\" <brian.mcbride@hp.com>\n"
        }
    ]
}