{
    "id": "candidate-0712",
    "name": "Klaus Birkenbihl",
    "gender": "MALE",
    "email": "Klaus.Birkenbihl@w3c.de",
    "mails": [
        {
            "body": "Hello,First thanks for this wonderful tool. I was using Terry Teague'sBBTidy about 50 times a day and just switched to the 18 March Mac OSX build.Tidy is eliminating spaces, making Web pages unreadable. Is thissomething that can please be fixed? If I goofed in the configurationfile, any tips you may have to fix this would be appreciated.[[<p><a class=\"skipto\" name=\"contents\" id=\"contents\"></a>If you haveMembership questions, call or write to the <ahref=\"/Consortium/Offices/staff.html\">W3C Office</a> staff if there isan Office in your country. For other countries, please contact the <ahref=\"#hosts\">W3C Host</a> nearest you.</p>]]changed to:[[<a class=\"skipto\" name=\"contents\" id=\"contents\"></a>If you haveMembership questions, call or write to the<a href=\"/Consortium/Offices/staff.html\">W3C Office</a>staff if thereis an Office in your country. For other countries, please contact the<a href=\"#hosts\">W3C Host</a>nearest you.</p>]][[<td class=\"contactPerson\"><strong><ahref=\"/Consortium/Offices/Germany/kontakt.html\"title=\"Germany and Austria\" hreflang=\"de\"><span xml:lang=\"de\"lang=\"de\">Deutschland und sterreich</span> (Germany andAustria)</a><br /><abbr title=\"Fraunhofer Institute forMediacommunications\">FhG</abbr></strong><br />Klaus Birkenbihl<br /><a class=\"contactLink\"href=\"mailto:klaus.birkenbihl@w3c.de\">Klaus.Birkenbihl@w3c.de</a><br/>Phone: +49 2241 14 1972<br />Fax: +49 2241 14 1978</td><td class=\"officephoto\"><img width=\"180\" height=\"118\"alt=\"W3C Germany and Austria Office\"src=\"http://www.w3.org/2003/09/24-join/images/office-germany-austria.gif\"/></td>]]changed to:[[<td class=\"contactPerson\"><strong><a href=\"/Consortium/Offices/Germany/kontakt.html\"title=\"Germany and Austria\" hreflang=\"de\"><span lang=\"de\">Deutschland und sterreich</span>(Germany andAustria)</a><br /><abbr title=\"Fraunhofer Institute for Mediacommunications\">FhG</abbr></strong><br />Klaus Birkenbihl<br /><a class=\"contactLink\" href=\"mailto:klaus.birkenbihl@w3c.de\">Klaus.Birkenbihl@w3c.de</a><br />Phone: +49 2241 14 1972<br />Fax: +49 2241 14 1978</td><td class=\"officephoto\"><img width=\"180\" height=\"118\" alt=\"W3C Germany and Austria Office\"src=\"http://www.w3.org/2003/09/24-join/images/office-germany-austria.gif\" /></td>]]configuration file:// shortened from output configinput-encoding: utf8output-encoding: utf8indent-spaces: 2wrap: 72wrap-attributes: nowrap-script-literals: nowrap-sections: yeswrap-asp: yeswrap-jste: yeswrap-php: yesliteral-attributes: notab-size: 8markup: yesquiet: notidy-mark: yesindent: noindent-attributes: nohide-endtags: noinput-xml: yesoutput-xml: nooutput-xhtml: yesoutput-html: noadd-xml-decl: noassume-xml-procins: yesuppercase-tags: nouppercase-attributes: nobare: noclean: nological-emphasis: noword-2000: nodrop-empty-paras: yesdrop-font-tags: noenclose-text: noenclose-block-text: noadd-xml-space: nofix-bad-comments: yessplit: nobreak-before-br: nonumeric-entities: yesquote-marks: noquote-nbsp: yesquote-ampersand: yeswrite-back: yeskeep-time: yesshow-warnings: yesshow-body-only: noncr: yesdoctype: autofix-backslash: yesgnu-emacs: nofix-uri: yeslower-literals: yeshide-comments: noindent-cdata: noforce-output: noshow-errors: 6ascii-chars: yesjoin-classes: nojoin-styles: yesescape-cdata: norepeated-attributes: keep-lastoutput-bom: autoreplace-color: noaccessibility-check: 0--Susan Lesch           http://www.w3.org/People/Lesch/mailto:lesch@w3.org               tel:+1.858.483.4819World Wide Web Consortium (W3C)    http://www.w3.org/",
            "docno": "lists-002-16511910",
            "received": "Mon Apr 19 15:06:00 2004",
            "isoreceived": "20040419190600",
            "sent": "Mon, 19 Apr 2004 12:03:34 -0700",
            "isosent": "20040419190334",
            "name": "Susan Lesch",
            "email": "sch@w3.org",
            "subject": "[Bug] Spaces are significant",
            "id": "p06020416bca9d0169a41@[192.168.123.134]",
            "charset": "us-ascii",
            "expires": "-1",
            "to": "html-tidy@w3.org\n"
        }
    ]
}