{
    "id": "candidate-0510",
    "name": "Steve Speicher",
    "gender": "MALE",
    "email": "sspeiche@us.ibm.com",
    "mails": [
        {
            "body": "Sorry about the delay on the response...\"Jim Amsden\" wrote:> I think the reasoning was the same for PUT, PROPPATCH, etc. You don'twant> the server creating namespaces as the side effect of an operation. MKCOL> and DELETE make namespace manipulations explicit. This preventserroneously> typed URLs from creating spurious namespaces.>I don't understand how making these explict will cause anything other thanforcing a bunch of overhead.Take for example, in a client app the user decides to do a \"Create filewith path: 0/1/2/3/4/5/6/7/8/9/foo.c\"The client app has the options of:a) Performing the PUT and seeing what the status code is.  If it is 409,then client can then attempt a MKCOL on each parent collection until one issuccessful.  Once successful, then traverse back down the path and performeach MKCOL, then perform the PUT.b) Performing many PROPFIND's (either starting from the root or from thefile resource), then perform a MKCOL for each collection and then finallythe PUT.Does the client app have to prompt the user whether each collection shouldbe created?  How does forcing the client app to perform all theseoperations prevent erroneously typed URLs from spurious namespaces?My app does a large amount of *implicit* namespace creation and I'd like todo a simple:PUT /0/1/2/3/4/5/6/7/8/9/foo.c HTTP/1.1and have the parent collections implicitly created if they don't exist butthe spec forces the overhead mentioned above.Could this server behavior be advertised using the DAV header withsomething like \"auto-collections\"?  Then if one so desired, removing therequirement that \"PUT operation creates a new non-collection resource allancestors MUST already exist\" (RFC2518 8.2.2) if auto-collections issupported and making the method MKCOL an optional feature.I'm not sure this requirement is consistent with DELETE, MOVE, and COPY:which can perform a large amount of namespace manipulation in one METHOD(namely on a parent collection).  There is no way to guarantee that the newtarget destination URL has not been erroneously typed other then by userinspection after the fact (or by client app prompting, do we ever payattention to those ;-)Thoughts?Thanks,Steve",
            "docno": "lists-040-8531169",
            "received": "Mon Jun 18 09:44:17 2001",
            "isoreceived": "20010618134417",
            "sent": "Mon, 18 Jun 2001 09:48:51 -0400",
            "isosent": "20010618134851",
            "name": "Steve K Speicher",
            "email": "sspeiche@us.ibm.com",
            "subject": "Re: Why MKCOL/PUT can't automatically create ancestor collections?",
            "id": "OF3DFA6F1D.D7690A3F-ON85256A6F.00481632@raleigh.ibm.com",
            "charset": "us-ascii",
            "inreplyto": "Why MKCOL/PUT can't automatically create ancestor collections?",
            "expires": "-1",
            "to": "w3c-dist-auth@w3.org\n"
        },
        {
            "body": "I assume that based on the lack of response to my previous posting(http://lists.w3.org/Archives/Public/w3c-dist-auth/2001AprJun/0286.html),that no one is in agreement that I have a valid point/issue.Should I assume this?Thanks,Steve> Re: Why MKCOL/PUT can't automatically create ancestor collections?>> From: Steve K Speicher (sspeiche@us.ibm.com)> Date: Mon, Jun 18 2001>>------------------------------------------------------------------------>> To: w3c-dist-auth@w3.org> From: \"Steve K Speicher\" <sspeiche@us.ibm.com>> Date: Mon, 18 Jun 2001 09:48:51 -0400> Subject: Re: Why MKCOL/PUT can't automatically create ancestorcollections?>> Sorry about the delay on the response...>> \"Jim Amsden\" wrote:> > I think the reasoning was the same for PUT, PROPPATCH, etc. You don't> want> > the server creating namespaces as the side effect of an operation.MKCOL> > and DELETE make namespace manipulations explicit. This prevents> erroneously> > typed URLs from creating spurious namespaces.> >> I don't understand how making these explict will cause anything otherthan> forcing a bunch of overhead.>> Take for example, in a client app the user decides to do a \"Create file> with path: 0/1/2/3/4/5/6/7/8/9/foo.c\">> The client app has the options of:> a) Performing the PUT and seeing what the status code is.  If it is 409,> then client can then attempt a MKCOL on each parent collection until oneis> successful.  Once successful, then traverse back down the path andperform> each MKCOL, then perform the PUT.> b) Performing many PROPFIND's (either starting from the root or from the> file resource), then perform a MKCOL for each collection and then finally> the PUT.>>  Does the client app have to prompt the user whether each collectionshould> be created?  How does forcing the client app to perform all these> operations prevent erroneously typed URLs from spurious namespaces?>> My app does a large amount of *implicit* namespace creation and I'd liketo> do a simple:>      PUT /0/1/2/3/4/5/6/7/8/9/foo.c HTTP/1.1> and have the parent collections implicitly created if they don't existbut> the spec forces the overhead mentioned above.>> Could this server behavior be advertised using the DAV header with> something like \"auto-collections\"?  Then if one so desired, removing the> requirement that \"PUT operation creates a new non-collection resource all> ancestors MUST already exist\" (RFC2518 8.2.2) if auto-collections is> supported and making the method MKCOL an optional feature.> I'm not sure this requirement is consistent with DELETE, MOVE, and COPY:> which can perform a large amount of namespace manipulation in one METHOD> (namely on a parent collection).  There is no way to guarantee that thenew> target destination URL has not been erroneously typed other then by user> inspection after the fact (or by client app prompting, do we ever pay> attention to those ;-)>> Thoughts?>",
            "docno": "lists-040-12499109",
            "received": "Thu Aug  2 09:22:55 2001",
            "isoreceived": "20010802132255",
            "sent": "Thu, 2 Aug 2001 09:22:50 -0400",
            "isosent": "20010802132250",
            "name": "Steve K Speicher",
            "email": "sspeiche@us.ibm.com",
            "subject": "Re: Why MKCOL/PUT can't automatically create ancestor collections?",
            "id": "OF9FCFEFBC.4FD0581E-ON85256A9C.004973E9@raleigh.ibm.com",
            "charset": "us-ascii",
            "inreplyto": "Why MKCOL/PUT can't automatically create ancestor collections?",
            "expires": "-1",
            "to": "w3c-dist-auth@w3.org\n"
        },
        {
            "body": "Yes, no response is usually an indication of lack of interest,but to make it explicit, I personally do not feelthat the optimization of auto-creation of ancestorcollections warrants the added complexity of having either an\"auto-create ancestor\" header, or having it be server-defined whetheror not ancestor auto-creation takes place.Cheers,Geoff-----Original Message-----From: Steve K Speicher [mailto:sspeiche@us.ibm.com]Sent: Thursday, August 02, 2001 9:23 AMSubject: Re: Why MKCOL/PUT can't automatically create ancestorcollections?I assume that based on the lack of response to my previous posting(http://lists.w3.org/Archives/Public/w3c-dist-auth/2001AprJun/0286.html),that no one is in agreement that I have a valid point/issue.Should I assume this?Thanks,Steve> Re: Why MKCOL/PUT can't automatically create ancestor collections?>> From: Steve K Speicher (sspeiche@us.ibm.com)> Date: Mon, Jun 18 2001>>------------------------------------------------------------------------>> To: w3c-dist-auth@w3.org> From: \"Steve K Speicher\" <sspeiche@us.ibm.com>> Date: Mon, 18 Jun 2001 09:48:51 -0400> Subject: Re: Why MKCOL/PUT can't automatically create ancestorcollections?>> Sorry about the delay on the response...>> \"Jim Amsden\" wrote:> > I think the reasoning was the same for PUT, PROPPATCH, etc. You don't> want> > the server creating namespaces as the side effect of an operation.MKCOL> > and DELETE make namespace manipulations explicit. This prevents> erroneously> > typed URLs from creating spurious namespaces.> >> I don't understand how making these explict will cause anything otherthan> forcing a bunch of overhead.>> Take for example, in a client app the user decides to do a \"Create file> with path: 0/1/2/3/4/5/6/7/8/9/foo.c\">> The client app has the options of:> a) Performing the PUT and seeing what the status code is.  If it is 409,> then client can then attempt a MKCOL on each parent collection until oneis> successful.  Once successful, then traverse back down the path andperform> each MKCOL, then perform the PUT.> b) Performing many PROPFIND's (either starting from the root or from the> file resource), then perform a MKCOL for each collection and then finally> the PUT.>>  Does the client app have to prompt the user whether each collectionshould> be created?  How does forcing the client app to perform all these> operations prevent erroneously typed URLs from spurious namespaces?>> My app does a large amount of *implicit* namespace creation and I'd liketo> do a simple:>      PUT /0/1/2/3/4/5/6/7/8/9/foo.c HTTP/1.1> and have the parent collections implicitly created if they don't existbut> the spec forces the overhead mentioned above.>> Could this server behavior be advertised using the DAV header with> something like \"auto-collections\"?  Then if one so desired, removing the> requirement that \"PUT operation creates a new non-collection resource all> ancestors MUST already exist\" (RFC2518 8.2.2) if auto-collections is> supported and making the method MKCOL an optional feature.> I'm not sure this requirement is consistent with DELETE, MOVE, and COPY:> which can perform a large amount of namespace manipulation in one METHOD> (namely on a parent collection).  There is no way to guarantee that thenew> target destination URL has not been erroneously typed other then by user> inspection after the fact (or by client app prompting, do we ever pay> attention to those ;-)>> Thoughts?>",
            "docno": "lists-040-12510835",
            "received": "Thu Aug  2 10:13:34 2001",
            "isoreceived": "20010802141334",
            "sent": "Thu, 2 Aug 2001 10:13:00 -0400 ",
            "isosent": "20010802141300",
            "name": "Clemm, Geoff",
            "email": "gclemm@rational.com",
            "subject": "RE: Why MKCOL/PUT can't automatically create ancestor collections ?",
            "id": "3906C56A7BD1F54593344C05BD1374B103CA8FF4@SUS-MA1IT01",
            "inreplyto": "Why MKCOL/PUT can't automatically create ancestor collections ?",
            "expires": "-1",
            "to": " w3c-dist-auth@w3.org\n"
        },
        {
            "body": "Under section 11 \"ACTIVITY OPTION\", I can't find a way to specify anactivity with the VERSION-CONTROL request.How do I supply an activity to track that a versionable-resource has becomea version-controlled-resource?A follow-on question to this is...Can a server that supports activitiesrequire that an activity be given to all updates (PUT, CHECKIN, etc.)?Thanks in advance,Steve Speichersspeiche@us.ibm.com",
            "docno": "lists-006-8984789",
            "received": "Mon Mar  5 15:40:09 2001",
            "isoreceived": "20010305204009",
            "sent": "Mon, 5 Mar 2001 15:40:42 -0500",
            "isosent": "20010305204042",
            "name": "Steve K Speicher",
            "email": "sspeiche@us.ibm.com",
            "subject": "How to supply an activity for VERSION-CONTROL?",
            "id": "OFB3D30CD5.2D9BBDD0-ON05256A06.0070A936@raleigh.ibm.com",
            "charset": "us-ascii",
            "expires": "-1",
            "to": "ietf-dav-versioning@w3.org\n"
        },
        {
            "body": "UserA's client could do it in either order.  It really doesn't matter.If the client does the LOCK first, it maximizes the chance that UserAwill beat someone else who's trying to get a LOCK as well, but ifsomeone else gets in with the LOCK of the checked out resource beforeyou, it just means you have to wait until they are done to make yourchanges.As for \"providing an alternative method\", this assumes you havemultiple workspaces or are using working resources.  In thesecases, you just do CHECKOUT, update, CHECKIN.  No need really fora LOCK, since you have your own private workspace or workingresource.  Of course, you haveto resolve merges in case you ended up doing this in parallel,so you avoid complexity only in cases where you don't end up ina merge situation.If you believe the \"avoids complexity\" sentence is misleading, letme know and I'll revise/remove it.Cheers,Geoff-----Original Message-----From: Steve K Speicher [mailto:sspeiche@us.ibm.com]Sent: Friday, March 23, 2001 7:08 AMSubject: Re: DAV:lockdiscovery on a checked-out resourceI guess all this boils down to is that UserA should first do a LOCK then aCHECKOUT?  ...or a CHECKOUT then a LOCK?But section 4 \"CHECKOUT Option\" states: \"The checkout option provides analternative method that avoids the complexity of the locking protocol\".How am I to interpret this sentence based on what I've heard in thisthread?Thanks,Steve",
            "docno": "lists-006-9250710",
            "received": "Fri Mar 23 09:00:14 2001",
            "isoreceived": "20010323140014",
            "sent": "Fri, 23 Mar 2001 08:59:36 -0500",
            "isosent": "20010323135936",
            "name": "Clemm, Geoff",
            "email": "gclemm@rational.com",
            "subject": "RE: DAV:lockdiscovery on a checked-out resource",
            "id": "3906C56A7BD1F54593344C05BD1374B1027167C9@SUS-MA1IT01",
            "inreplyto": "DAV:lockdiscovery on a checked-out resource",
            "expires": "-1",
            "to": " ietf-dav-versioning@w3.org\n"
        },
        {
            "body": ">> Clemm, Geoff wrote:>> Is this of interest to anyone?YesRegards,Steve Speicher",
            "docno": "lists-006-15001721",
            "received": "Fri Oct 19 06:53:41 2001",
            "isoreceived": "20011019105341",
            "sent": "Fri, 19 Oct 2001 06:57:23 -0400",
            "isosent": "20011019105723",
            "name": "Steve K Speicher",
            "email": "sspeiche@us.ibm.com",
            "subject": "Re: Change Request Management (was: Submission: deltav subset)",
            "id": "OFC8195982.34FC625B-ON85256AEA.003B396B@raleigh.ibm.com",
            "charset": "us-ascii",
            "inreplyto": "Change Request Management (was: Submission: deltav subset)",
            "expires": "-1",
            "to": "ietf-dav-versioning@w3.org,ietf-dav-versioning-request@w3.org\n"
        },
        {
            "body": "Steve,We thought of an activity as describing related changes on versionedresources, not the initial versions themselves as there is not versioningmeta-data to associate with the non-versioned resource. This is a finedetail though. Is it a problem?A WebDAV server can't require activities since activities are an option.However, a particular client could be written to require a server thatsupports activities, and to ensure an activity is provided for each updateoperation. The protocol is interested in presenting a set of mechanismsthat support many versioning, configuration management, and team managementpolicies. However, we have tried very hard to avoid specifying specificpolicies. That is really the clients' role. The protocol ensuresinteroperability across the mechanisms, but does not dicticate particularpolicies.\"Steve KSpeicher\"            To:     ietf-dav-versioning@w3.org<sspeiche@us.i       cc:bm.com>              Subject:     How to supply an activity for VERSION-CONTROL?03/05/200103:40 PMUnder section 11 \"ACTIVITY OPTION\", I can't find a way to specify anactivity with the VERSION-CONTROL request.How do I supply an activity to track that a versionable-resource has becomea version-controlled-resource?A follow-on question to this is...Can a server that supports activitiesrequire that an activity be given to all updates (PUT, CHECKIN, etc.)?Thanks in advance,Steve Speichersspeiche@us.ibm.com",
            "docno": "lists-006-9011892",
            "received": "Mon Mar  5 22:11:01 2001",
            "isoreceived": "20010306031101",
            "sent": "Mon, 5 Mar 2001 21:09:41 -0500",
            "isosent": "20010306020941",
            "name": "Jim Amsden",
            "email": "jamsden@us.ibm.com",
            "subject": "Re: How to supply an activity for VERSION-CONTROL?",
            "id": "OF89827FE7.05DB7BEB-ON85256A07.000B7106@raleigh.ibm.com",
            "charset": "us-ascii",
            "inreplyto": "How to supply an activity for VERSION-CONTROL?",
            "expires": "-1",
            "to": "ietf-dav-versioning@w3.org\n"
        },
        {
            "body": "Good point.  If you support the workspace option, then theinitial version created by the VERSION-CONTROL request wouldbe determined by the DAV:current-activity of the workspace,but without workspaces, you'd probably like a DAV:activityelement in the request body to specify this.Does anyone object to this being added?For the follow-on question, I'd be against adding a header toPUT to allow an activity to be specified, but a server couldcertainly fail a CHECKIN attempt that is not accompanied byan activity.  I personally would not do that, since you aremaking your server non-interoperable with a non-activity-awareclient, but that is of course your choice.Cheers,Geoff-----Original Message-----From: Steve K Speicher [mailto:sspeiche@us.ibm.com]Sent: Monday, March 05, 2001 3:41 PMSubject: How to supply an activity for VERSION-CONTROL?Under section 11 \"ACTIVITY OPTION\", I can't find a way to specify anactivity with the VERSION-CONTROL request.How do I supply an activity to track that a versionable-resource has becomea version-controlled-resource?A follow-on question to this is...Can a server that supports activitiesrequire that an activity be given to all updates (PUT, CHECKIN, etc.)?Thanks in advance,Steve Speichersspeiche@us.ibm.com",
            "docno": "lists-006-8993148",
            "received": "Mon Mar  5 16:57:39 2001",
            "isoreceived": "20010305215739",
            "sent": "Mon, 5 Mar 2001 17:07:32 -0500 ",
            "isosent": "20010305220732",
            "name": "Clemm, Geoff",
            "email": "gclemm@rational.com",
            "subject": "RE: How to supply an activity for VERSION-CONTROL?",
            "id": "3906C56A7BD1F54593344C05BD1374B10238FBCA@SUS-MA1IT01",
            "inreplyto": "How to supply an activity for VERSION-CONTROL?",
            "expires": "-1",
            "to": " ietf-dav-versioning@w3.org\n"
        },
        {
            "body": "From: Steve K Speicher [mailto:sspeiche@us.ibm.com]Reference draft #13- How could the MKACTIVITY method be used to indicate aserver-defined \"activity\" at a server-defined activity collection?It appears that the CHECKOUT method (section 11.10) has the abilityto have the server automatically create an \"activity\", why doesn'tthe MKACTIVITY method have this (or if it does, how)?The purpose of the \"new activity\" option for CHECKOUT is to allowa lightweight client to easily interoperate with a server thatrequires activities.  A client with full activity support (i.e.one that utilizes MKACTIVITY) can use a DAV:activity-set-collectionOPTIONS request to determine where it can allocate activities.In an earlier draft of the spec, I had the MKACTIVITY request alwaysallocate an activity at a server defined location, and the request-URLwas just a \"hint\" to the server for what the client wanted thatactivity named.  Other members of the design team felt it isbetter/simpler to fail the MKACTIVITY request if the request-URL isnot a valid name for a new activity.- I noticed in section 11.5 \"Marshalling\", there is mention of anXML-element \"mkactivity\" as part of the MKACTIVITY method.  What isthis intended to be used for and what are the possible values forit?This ensures that any extensions that add arguments to the MKACTIVITYmethod do so in a \"consistent\" fashion.- To minimize client/server communication, could it be possible forthe MKACTIVITY method to NOT specify the collection, just theactivity name?  Since the client would have to solicit the serverfor the valid collection locaiton before building the request(i.e. eliminating the DAV:activity-collection-set OPTIONS request).A request has to go to a particular resource, which is thenresponsible for handling the request.  What would be the request-URLof the MKACTIVITY method in this case?Cheers,Geoff",
            "docno": "lists-006-9082509",
            "received": "Mon Mar 12 10:00:11 2001",
            "isoreceived": "20010312150011",
            "sent": "Mon, 12 Mar 2001 09:59:16 -0500",
            "isosent": "20010312145916",
            "name": "Clemm, Geoff",
            "email": "gclemm@rational.com",
            "subject": "RE: Questions/clarification on MKACTIVITY method",
            "id": "3906C56A7BD1F54593344C05BD1374B1018E22BA@SUS-MA1IT01",
            "inreplyto": "Questions/clarification on MKACTIVITY method",
            "expires": "-1",
            "to": "ietf-dav-versioning@w3.org\n"
        },
        {
            "body": "I'll second that; it's unnecessary complexity.lisa> -----Original Message-----> From: w3c-dist-auth-request@w3.org> [mailto:w3c-dist-auth-request@w3.org]On Behalf Of Clemm, Geoff> Sent: Thursday, August 02, 2001 7:13 AM> To: w3c-dist-auth@w3.org> Subject: RE: Why MKCOL/PUT can't automatically create ancestor> collections ?>>> Yes, no response is usually an indication of lack of interest,> but to make it explicit, I personally do not feel> that the optimization of auto-creation of ancestor> collections warrants the added complexity of having either an> \"auto-create ancestor\" header, or having it be server-defined whether> or not ancestor auto-creation takes place.>> Cheers,> Geoff>> -----Original Message-----> From: Steve K Speicher [mailto:sspeiche@us.ibm.com]> Sent: Thursday, August 02, 2001 9:23 AM> To: w3c-dist-auth@w3.org> Subject: Re: Why MKCOL/PUT can't automatically create ancestor> collections?>>> I assume that based on the lack of response to my previous posting> (http://lists.w3.org/Archives/Public/w3c-dist-auth/2001AprJun/0286.html),> that no one is in agreement that I have a valid point/issue.>> Should I assume this?>> Thanks,> Steve>> > Re: Why MKCOL/PUT can't automatically create ancestor collections?> >> > From: Steve K Speicher (sspeiche@us.ibm.com)> > Date: Mon, Jun 18 2001> >> >> ------------------------------------------------------------------------> >> > To: w3c-dist-auth@w3.org> > From: \"Steve K Speicher\" <sspeiche@us.ibm.com>> > Date: Mon, 18 Jun 2001 09:48:51 -0400> > Subject: Re: Why MKCOL/PUT can't automatically create ancestor> collections?> >> > Sorry about the delay on the response...> >> > \"Jim Amsden\" wrote:> > > I think the reasoning was the same for PUT, PROPPATCH, etc. You don't> > want> > > the server creating namespaces as the side effect of an operation.> MKCOL> > > and DELETE make namespace manipulations explicit. This prevents> > erroneously> > > typed URLs from creating spurious namespaces.> > >> > I don't understand how making these explict will cause anything other> than> > forcing a bunch of overhead.> >> > Take for example, in a client app the user decides to do a \"Create file> > with path: 0/1/2/3/4/5/6/7/8/9/foo.c\"> >> > The client app has the options of:> > a) Performing the PUT and seeing what the status code is.  If it is 409,> > then client can then attempt a MKCOL on each parent collection until one> is> > successful.  Once successful, then traverse back down the path and> perform> > each MKCOL, then perform the PUT.> > b) Performing many PROPFIND's (either starting from the root or from the> > file resource), then perform a MKCOL for each collection and> then finally> > the PUT.> >> >  Does the client app have to prompt the user whether each collection> should> > be created?  How does forcing the client app to perform all these> > operations prevent erroneously typed URLs from spurious namespaces?> >> > My app does a large amount of *implicit* namespace creation and I'd like> to> > do a simple:> >      PUT /0/1/2/3/4/5/6/7/8/9/foo.c HTTP/1.1> > and have the parent collections implicitly created if they don't exist> but> > the spec forces the overhead mentioned above.> >> > Could this server behavior be advertised using the DAV header with> > something like \"auto-collections\"?  Then if one so desired, removing the> > requirement that \"PUT operation creates a new non-collection> resource all> > ancestors MUST already exist\" (RFC2518 8.2.2) if auto-collections is> > supported and making the method MKCOL an optional feature.> > I'm not sure this requirement is consistent with DELETE, MOVE, and COPY:> > which can perform a large amount of namespace manipulation in one METHOD> > (namely on a parent collection).  There is no way to guarantee that the> new> > target destination URL has not been erroneously typed other then by user> > inspection after the fact (or by client app prompting, do we ever pay> > attention to those ;-)> >> > Thoughts?> >>",
            "docno": "lists-040-12558943",
            "received": "Thu Aug  2 14:48:50 2001",
            "isoreceived": "20010802184850",
            "sent": "Thu, 2 Aug 2001 11:48:15 -0700",
            "isosent": "20010802184815",
            "name": "Lisa Dusseault",
            "email": "sa@xythos.com",
            "subject": "RE: Why MKCOL/PUT can't automatically create ancestor collections ?",
            "id": "HPELJFCBPHIPBEJDHKGKIELOCKAA.lisa@xythos.com",
            "charset": "iso-8859-1",
            "inreplyto": "3906C56A7BD1F54593344C05BD1374B103CA8FF4&#64;SUS-MA1IT01",
            "expires": "-1",
            "to": "\"Clemm, Geoff\"<gclemm@Rational.Com>,<w3c-dist-auth@w3.org>\n"
        },
        {
            "body": "Given a VCR that has been checked-out by userA. userB's versioning unawareclient performs a PROPFIND of DAV:lockdiscovery on that VCR.  Should theDAV:lockdiscovery value be the same as if userA had performed a LOCKrequest?Thanks,Steve",
            "docno": "lists-006-9180084",
            "received": "Thu Mar 22 14:24:17 2001",
            "isoreceived": "20010322192417",
            "sent": "Thu, 22 Mar 2001 14:25:12 -0500",
            "isosent": "20010322192512",
            "name": "Steve K Speicher",
            "email": "sspeiche@us.ibm.com",
            "subject": "DAV:lockdiscovery on a checked-out resource",
            "id": "OFEAD4321D.E83D173F-ON05256A17.0069C0ED@raleigh.ibm.com",
            "charset": "us-ascii",
            "expires": "-1",
            "to": "ietf-dav-versioning@w3.org\n"
        },
        {
            "body": "Jim,It would seem that if someone would want to track all the changes for agiven activity, that the initial version would be part of those trackedchanges.  I would think it would be a problem for someone who would want tosee what the \"reason\" was to bring the activity into existence.   Thefigure in section 11 shows the resource \"foo.html\" with version \"V1\"associated with activity \"Act-1\".  How is it possible to have thissituation if VERSION-CONTROL doesn't accept the DAV:activity property asdescribed by Geoff?It seems that in order to maintain the integrity of controlled resources, aserver may want to restrict a given namespace to require an activity on allupdates.  Why shouldn't the protocol support this?  I realize that thiscould render many non-activity aware clients useless.Thanks,Steve Speichersspeiche@us.ibm.com",
            "docno": "lists-006-9022217",
            "received": "Tue Mar  6 10:27:45 2001",
            "isoreceived": "20010306152745",
            "sent": "Tue, 6 Mar 2001 10:28:25 -0500",
            "isosent": "20010306152825",
            "name": "Steve K Speicher",
            "email": "sspeiche@us.ibm.com",
            "subject": "Re: How to supply an activity for VERSION-CONTROL?",
            "id": "OF0D2C8025.872E5AFC-ON05256A07.00537DF8@raleigh.ibm.com",
            "charset": "us-ascii",
            "inreplyto": "How to supply an activity for VERSION-CONTROL?",
            "expires": "-1",
            "to": "ietf-dav-versioning@w3.org\n"
        },
        {
            "body": "From: Steve K Speicher [mailto:sspeiche@us.ibm.com]I guess I wasn't too clear...UserA performs a CHECKOUT on a VCR.UserB performs a PROPFIND of DAV:lockdiscovery to determineif the resource is \"locked\" (since the client is versioningunaware, ie only a class 2 DAV client)What will DAV:lockdiscovery be?It will be whatever it was before the CHECKOUT.  A CHECKOUT doesnot affect the DAV:lockdiscovery property of a resource.If UserB's client is unaware of the DAV:checked-out property, thenhow will they know it is \"locked\"?The DAV:checked-out property has nothing to do with the locked statusof a resource.  If you want to know if a resource is in thechecked-out state, you look to see if it has a non-nullDAV:checked-out property.  If you want to know if a resource islocked, you look at the DAV:lockdiscovery property.From: Jim AmsdenIf UserA does a CHECKOUT, the resource won't be locked, it willjust be checked out. PROPFIND on DAV:lockdiscovery won't show anylocks to anyone.Right.Now UserB doesn't know anything aboutversioning. If UserB just looks for locks and upon not finding anyassumes the resource is writable, the write will fail because theresource is already checked out.The write will succeed unless the locks and acl's of a resourcedo not allow it (it is irrelevant whether userA or userB did theCHECKOUT ... the result is a writeable checked-out resource).LOCK will also fail for the samereason, it tries to do an implicit checkout.LOCK does not do an implicit CHECKOUT.  When the DAV:auto-versionproperty is set, a write operation on a write-locked *checked-in*resource can automatically cause a CHECKOUT, but it is the writeoperation, not the LOCK that does the CHECKOUT, and this only occurswhen the write-locked resource is in a *checked-in* state.We assume that versioning unaware clients are not DAV unaware. Thatis, they can use PROPFIND and look at properties, includingproperties that indicate something is checked out. Its actually theuser that's interperting this information, not the client. Theclient doesn't have to support any versioning specific protocol toaccess these properties. Although such clients make their users doextra work.From: Lisa Dusseault [mailto:lisa@xythos.com]That's impossible. Many clients won't show properties that they'renot aware of.  C.F. Web Folders.Impossible is a bit strong ... a WebDAV clients can (and arguablyshould) show properties they are not aware of (otherwise deadproperties become rather useless).  And for clients that chooseto display only the properties they know about, it is pretty muchinevitable that a user of such a client will not be able to findout about protocol extensions such as versioning.Cheers,",
            "docno": "lists-006-9223235",
            "received": "Fri Mar 23 00:32:39 2001",
            "isoreceived": "20010323053239",
            "sent": "Fri, 23 Mar 2001 00:31:57 -0500",
            "isosent": "20010323053157",
            "name": "Clemm, Geoff",
            "email": "gclemm@rational.com",
            "subject": "RE: DAV:lockdiscovery on a checked-out resource",
            "id": "3906C56A7BD1F54593344C05BD1374B10271675B@SUS-MA1IT01",
            "inreplyto": "DAV:lockdiscovery on a checked-out resource",
            "expires": "-1",
            "to": "ietf-dav-versioning@w3.org\n"
        },
        {
            "body": "This would by no means be wrong (and in one draft of the protocolwas the *only* way that MKACTIVITY worked).  But other members ofthe design team felt that it was simpler/better to have this beunder client control, i.e. a client can allocate a GUID for the activitythe activity with the name specified by the client.Personally, I can live with either way, but to minimize protocolcomplexity, I'd probably prefer us to support one way or the otherway, but not both (i.e. not add a flag to MKACTIVITY for this).Cheers,Geoff-----Original Message-----From: Steve K Speicher [mailto:sspeiche@us.ibm.com]One final comment *hopefully* ;-)>In general, there are multiple modules/servers that handle different>subtrees at a web site, and often the DAV module will not handle>\"/\", but rather some subtree such as \"/dav\".  Assuming that a request>to \"*\" gets handled by the module that handles \"/\", the>MKACTIVITY request will not be understood.  In addition, if there>are multiple DAV modules handling different parts of the namespace,>each with its own activity store, it is important that the>activity gets created in the right activity collection (not something>that can be inferred from \"MKACTIVITY *\".I guess my example was too simple (and wrong perhaps).  In order for aclient to find out what activity-collection to use it must first issue anOPTIONS request with a given URL, say http://repo.dav/dav/ and gets theproperty DAV:activity-collections-set.  Why couldn't I form a request,like:MKACTIVITY /dav/* HTTP/1.1And get the response (implicity do an OPTIONS request to getDAV:activity-collections-set):HTTP/1.1 201 CreatedLocation: http://repo.dav/dav/act/123?Or am I completely wrong in thinking it would be a valid operation of aactivity-enabled server to assign an activity identifier using MKACTIVITY?Most bug-tracking servers have an option/configuration to automaticallyassign a number but I'm trying to determine if this is outside the scope ofthis protocol.Thanks again,Steve",
            "docno": "lists-006-9138553",
            "received": "Mon Mar 12 17:31:52 2001",
            "isoreceived": "20010312223152",
            "sent": "Mon, 12 Mar 2001 17:42:01 -0500",
            "isosent": "20010312224201",
            "name": "if it so desired, but the server's job is just to instantiate",
            "email": "gclemm@rational.com",
            "subject": "RE: Questions/clarification on MKACTIVITY method",
            "id": "3906C56A7BD1F54593344C05BD1374B1018E22C6@SUS-MA1IT01",
            "inreplyto": "Questions/clarification on MKACTIVITY method",
            "expires": "-1",
            "to": "ietf-dav-versioning@w3.org\n"
        },
        {
            "body": "Steve,There's no contradiction here. The first sentence says a WebDAV servercan't require all clients to use locking. The second one says that if aresource is locked, then updates that don't include the lock token mustfail. That doesn't mean that clients issuing update requests without a locktoken will succeed on these locked resources, only that they may succeed onunlocked resources.\"Steve KSpeicher\"            To:     w3c-dist-auth@w3.org<sspeiche@us.i       cc:bm.com>              Subject:     Clarification on DAV server enforcing locks for PUT02/27/200107:41 AMIn reading RFC2518 section 6.7 \"Usage Considerations\", I think I'm readingconflicting statements:Paragraph 4 reads: \"...it cannot force all clients to use locking becauseit must be comparatible with HTTP clients that don't comprehend locking\"Paragraph 5 reads: \"WebDAV servers that support locking can reduce thelikelihood that clients will accidentally overwrite each other's changes byrequireing clients to lock resource before modifying them...\"So can (or should) a DAV server enforce locking?Thanks,Steve Speicher(919) 254-0645sspeiche@us.ibm.com",
            "docno": "lists-040-10615730",
            "received": "Tue Feb 27 07:56:12 2001",
            "isoreceived": "20010227125612",
            "sent": "Tue, 27 Feb 2001 07:52:53 -0500",
            "isosent": "20010227125253",
            "name": "Jim Amsden",
            "email": "jamsden@us.ibm.com",
            "subject": "Re: Clarification on DAV server enforcing locks for PUT",
            "id": "OFF8F99CA6.073EA01F-ON85256A00.00467F56@raleigh.ibm.com",
            "charset": "us-ascii",
            "inreplyto": "Clarification on DAV server enforcing locks for PUT",
            "expires": "-1",
            "to": "w3c-dist-auth@w3c.org\n"
        },
        {
            "body": "I understand that in RFC2518 that it clearly states that for MKCOL \"..allancestors MUST already exist, or the method MUST fail...\"Why is this?  I can't find the rationale for not allowing the server toautomatically create ancestor collections if needed for PUT/MKCOL requestand return \"201 Created\".  Just wasn't sure why this is a MUST requirementinstead of a SHOULD, MAY, ...Thanks,Steve",
            "docno": "lists-040-11244691",
            "received": "Fri Mar 23 10:41:41 2001",
            "isoreceived": "20010323154141",
            "sent": "Fri, 23 Mar 2001 10:42:48 -0500",
            "isosent": "20010323154248",
            "name": "Steve K Speicher",
            "email": "sspeiche@us.ibm.com",
            "subject": "Why MKCOL/PUT can't automatically create ancestor collections?",
            "id": "OF63EDD4ED.C864DEA6-ON05256A18.00559686@raleigh.ibm.com",
            "charset": "us-ascii",
            "expires": "-1",
            "to": "w3c-dist-auth@w3.org\n"
        },
        {
            "body": "No, we would not propose that the \"feature sets\" have defined\"compliance level\" tags.  The intent is to allownew \"feature sets\" to be created,without requiring a new \"tag\" to be defined for compliance checking.In particular, suppose you define a new feature set that issome old feature set (e.g. \"a\", \"b\", \"c\") plus features \"x\" and \"y\".Instead of having to add another tag, you can just publish that\"a\", \"b\", \"c\", \"x\", \"y\" is now a \"package\", and then a serverthat supports that package would return:\"a\", \"b\", \"c\", \"x\", \"y\".The old clients will check if \"a\", \"b\", \"c\" are all inthe supported feature set of a server,and if so, they will talk to it.The new clients will check if \"a\", \"b\", \"c\", \"x\", \"y\" are all inthe feature set.And for non-standard clients that just care about \"do you supportfeature x\", they will be able to find that out as well.Cheers,Geoff-----Original Message-----From: Steve K Speicher [mailto:sspeiche@us.ibm.com]Sent: Tuesday, March 27, 2001 2:51 PMSubject: Re: Proposed Simplifications to the DeltaV protocol>The fifth (and final) proposed simplification was to define a set of>four feature \"packages\", and to state that a versioning server SHOULD>support at least one of those packages.  This then allows a versioning>client to look for one of the four defined feature packages, rather>than worrying about all possible combinations of features.  Note: a>server still exposes its functionality as a set of features.Are these \"packages\" going to be represented as \"DAV Compliance Classes\"?For example, classes 3, 4, 5 & 6.Just curious.  Thanks,Steve",
            "docno": "lists-006-9350948",
            "received": "Tue Mar 27 18:04:00 2001",
            "isoreceived": "20010327230400",
            "sent": "Tue, 27 Mar 2001 18:04:35 -0500",
            "isosent": "20010327230435",
            "name": "Clemm, Geoff",
            "email": "gclemm@rational.com",
            "subject": "RE: Proposed Simplifications to the DeltaV protocol",
            "id": "3906C56A7BD1F54593344C05BD1374B1018E2308@SUS-MA1IT01",
            "inreplyto": "Proposed Simplifications to the DeltaV protocol",
            "expires": "-1",
            "to": " ietf-dav-versioning@w3.org\n"
        },
        {
            "body": "Reference draft #13- How could the MKACTIVITY method be used to indicate a server-defined\"activity\" at a server-defined activity collection?  It appears that theCHECKOUT method (section 11.10) has the ability to have the serverautomatically create an \"activity\", why doesn't the MKACTIVITY method havethis (or if it does, how)?- I noticed in section 11.5 \"Marshalling\", there is mention of anXML-element \"mkactivity\" as part of the MKACTIVITY method.  What is thisintended to be used for and what are the possible values for it?- To minimize client/server communication, could it be possible for theMKACTIVITY method to NOT specify the collection, just the activity name?Since the client would have to solicit the server for the valid collectionlocaiton before building the request (i.e. eliminating theDAV:activity-collection-set OPTIONS request).Many thanks,Steve Speichersspeiche@us.ibm.com",
            "docno": "lists-006-9073431",
            "received": "Mon Mar 12 08:42:39 2001",
            "isoreceived": "20010312134239",
            "sent": "Mon, 12 Mar 2001 08:43:14 -0500",
            "isosent": "20010312134314",
            "name": "Steve K Speicher",
            "email": "sspeiche@us.ibm.com",
            "subject": "Questions/clarification on MKACTIVITY method",
            "id": "OFE2D35115.4D333041-ON05256A0D.0049798E@raleigh.ibm.com",
            "charset": "us-ascii",
            "expires": "-1",
            "to": "ietf-dav-versioning@w3.org\n"
        },
        {
            "body": "Lisa wrote:>Are DeltaV servers then not required to support locking at all?FWIW, Greg Stein stated that Subversion wasn't going to support locking forversion-controlled-resourceshttp://lists.w3.org/Archives/Public/ietf-dav-versioning/2001JanMar/0614.htmlI wasn't planning on supporing locks on VCRs either (in version 1).  Didn'tfind a requirement in Delta-V stating \"MUST also support a  WebDAV class 2server\"Steve Speicher\"Lisa Dusseault\" <lisa@xythos.com>@w3.org on 06/06/2001 12:00:20 PMSent by:  ietf-dav-versioning-request@w3.org<ietf-dav-versioning@w3.org>Subject:  RE: Deleting versionsLock-nullcomes along with lock.  I can (barely) beleive that a server mightimplementDeltaV but not support locking.  In fact, you acknowledge in section 14thatlock-null may be implemented:\"Non-version-controlled bindings are not under version control, andtherefore can be added or deleted without checking out theversion-controlled collection.  This feature is essential for the supportoflock null resources, since a lock null resource is a temporary internalmember of a collection that should only exist for the duration of the lock,and should not be captured in the version history of that collection.\"You're doing what Greg (justly) accused you of and leaving things to beinferred, or out of the spec entirely.  If DeltaV says nothing, thenimplementors and servers that do locking and deltaV will be left withoutguidance, on an issue over which the experts (heh) have argued.  Theirimplementations will differ.Why not state that MKCOLLECTION and MKACTIVITY can be used on lock-nullresources if they would be legal otherwise?  If you object, then pleasemakeyour arguments against the concept, but do not allow the spec to remainsilent.lisa> -----Original Message-----> From: ietf-dav-versioning-request@w3.org> [mailto:ietf-dav-versioning-request@w3.org]On Behalf Of Clemm, Geoff> Sent: Wednesday, June 06, 2001 8:07 AM> To: DeltaV> Subject: RE: Deleting versions>>> I agree that if a client is likely to get disconnected> in the middle of its MKWORKSPACE/LOCK request sequence, and if a server> lets you change the ACL's on a workspace but does not let> you create a workspace, and if a workspace can have its ACL's> updated by anyone other than the owner, then there is a use> case for issuing a MKWORKSPACE against a lock null resource.>> But as you said earlier, RFC 2518 only constrains what HTTP> and DAV methods can be applied to a lock null resource,> so a compliant DelataV server can support this use case if it wishes.> We can't say it MUST support this use case, since a DeltaV> server is not required to support lock null resources at all.>> Cheers,> Geoff>> -----Original Message-----> From: Lisa Dusseault [mailto:lisa@xythos.com]> Sent: Tuesday, June 05, 2001 7:43 PM> To: Clemm, Geoff; DeltaV> Subject: RE: Deleting versions>>> The problem is that the \"client that got there before them\" may have> permission to alter a workspace, but they may NOT have permission> to CREATE> a workspace.>> The problem is not that the other client locked it, but that they might> apply changes before you get a chance to prevent them!  I create> a Workspace> (or a resource, or a collection).  I want to then set the ACLs so thatI'm> the only one that can alter this resource, because it's MINE.  But, in> between the MKWORKSPACE and the subsequent LOCK, the other client comesin> and sets ACLs so that they can write the workspace and I can't!  Ouch.>> Null resource went through similar discussions, and was kept for reasons> which apply to MKWORKSPACE the same way they apply to PUT, MKCOL.>> lisa>> > -----Original Message-----> > From: ietf-dav-versioning-request@w3.org> > [mailto:ietf-dav-versioning-request@w3.org]On Behalf Of Clemm, Geoff> > Sent: Tuesday, June 05, 2001 3:48 PM> > To: DeltaV> > Subject: RE: Deleting versions> >> >> >    From: Lisa Dusseault [mailto:lisa@xythos.com]> >> >    If somebody who's not supposed to, gets in and changes something in> >    between a MKWORKSPACE command and a ACL request, that's a serious> >    problem.  Null resources help avoid that.> >> >    It's not that somebody got their MKWORKSPACE request in ahead of> >    mine --that's not the purpose of null resources at all.> >> > My point was not that a lock can prevent somebody from> > creating the workspace ahead of you, but rather that> > someone locking \"your\" workspace is no different from> > someone creating a workspace by that name before you> > can lock that URL.> >> > In particular, we are discussing two alternative sequences:> >  LOCK/MKWORKSPACE/ACL/UNLOCK> > or> >  MKWORKSPACE/LOCK/ACL/UNLOCK> >> > In the first sequence, the LOCK may fail (because there already> > is a lock on that URL), so you tell the user \"that workspace is> > already in use by another user\".> >> > In the second sequence, either the MKWORKSPACE may fail (because> > somebody got in and created a workspace before you) or the LOCK> > may fail (because somebody got in and locked the workspace before> > you).  In either case, you still tell the user \"that workspace is> > already in use by another user\".> >> > So from the user's perspective, it doesn't matter whether> > or not their client did a LOCK/MKWORKSPACE or a> > MKWORKSPACE/LOCK.  Their request can fail because another> > client \"got there before them\".> >> > Cheers,> > Geoff",
            "docno": "lists-006-1149595",
            "received": "Wed Jun  6 13:09:15 2001",
            "isoreceived": "20010606170915",
            "sent": "Wed, 6 Jun 2001 13:13:18 -0400",
            "isosent": "20010606171318",
            "name": "Steve K Speicher",
            "email": "sspeiche@us.ibm.com",
            "subject": "RE: Deleting versions",
            "id": "OFE7CA0228.D92BCD9C-ON85256A63.005E346E@raleigh.ibm.com",
            "charset": "us-ascii",
            "inreplyto": "Deleting versions",
            "expires": "-1",
            "to": "   \"Clemm, Geoff\" <gclemm@rational.com>, \"DeltaV\"\n",
            "cc": "\n"
        },
        {
            "body": "This isn't exactly what I understood from the meeting.  I was very excitedabout the \"feature sets\" idea because I understood that these would be anormative part of the specification, not merely an informative thing.Language is always so slippery....My assumption: If anybody can create a new \"feature set\" and inform theworld what their set is, then there's no value to feature sets.I do, however, understand that some servers will want to support a featureset plus an extra feature or two.  So I propose that there be some way toresponse for my server would indicate:- I support BASE feature set- I also support features X and Y (which are not part of BASE)Another server might support BASE, feature X, Y and also Z.  If BASE + X + Y+ Z == FEATURE_SET_1, then the OPTIONS response would only have one stringfor this server:- I support FEATURE_SET_1Also, I would propose that BASE replace the concept of CORE.  It's way tooconfusing to have a difference.  BASE should be the set of features that allservers must implement:  the old concept of core, plus checkout, plusfork-control parsing (even if disallowed).Taking these steps puts few actual restrictions on the servers.  They canstill decide to support an arbitrary set of features.  There is only apsychological pressure (which I think is a good thing) to implement adefined package rather than a random set of features.  The next value ofthis is that it's much easier for a client to identify their supportedfeature sets.lisa> -----Original Message-----> From: ietf-dav-versioning-request@w3.org> [mailto:ietf-dav-versioning-request@w3.org]On Behalf Of Clemm, Geoff> Sent: Tuesday, March 27, 2001 3:05 PM> To: ietf-dav-versioning@w3.org> Subject: RE: Proposed Simplifications to the DeltaV protocol>>> No, we would not propose that the \"feature sets\" have defined> \"compliance level\" tags.  The intent is to allow> new \"feature sets\" to be created,> without requiring a new \"tag\" to be defined for compliance checking.>> In particular, suppose you define a new feature set that is> some old feature set (e.g. \"a\", \"b\", \"c\") plus features \"x\" and \"y\".> Instead of having to add another tag, you can just publish that> \"a\", \"b\", \"c\", \"x\", \"y\" is now a \"package\", and then a server> that supports that package would return:> \"a\", \"b\", \"c\", \"x\", \"y\".>> The old clients will check if \"a\", \"b\", \"c\" are all in> the supported feature set of a server,> and if so, they will talk to it.>> The new clients will check if \"a\", \"b\", \"c\", \"x\", \"y\" are all in> the feature set.>> And for non-standard clients that just care about \"do you support> feature x\", they will be able to find that out as well.>> Cheers,> Geoff>>> -----Original Message-----> From: Steve K Speicher [mailto:sspeiche@us.ibm.com]> Sent: Tuesday, March 27, 2001 2:51 PM> To: ietf-dav-versioning@w3.org> Subject: Re: Proposed Simplifications to the DeltaV protocol>>>>> >The fifth (and final) proposed simplification was to define a set of> >four feature \"packages\", and to state that a versioning server SHOULD> >support at least one of those packages.  This then allows a versioning> >client to look for one of the four defined feature packages, rather> >than worrying about all possible combinations of features.  Note: a> >server still exposes its functionality as a set of features.>> Are these \"packages\" going to be represented as \"DAV Compliance Classes\"?> For example, classes 3, 4, 5 & 6.>> Just curious.  Thanks,> Steve",
            "docno": "lists-006-9413620",
            "received": "Fri Mar 30 12:51:20 2001",
            "isoreceived": "20010330175120",
            "sent": "Fri, 30 Mar 2001 09:49:51 -0800",
            "isosent": "20010330174951",
            "name": "each feature set, plus to name features on top.  Then the OPTIONS",
            "email": "sa@xythos.com",
            "subject": "RE: Proposed Simplifications to the DeltaV protocol",
            "id": "HPELJFCBPHIPBEJDHKGKMEIHCCAA.lisa@xythos.com",
            "charset": "iso-8859-1",
            "inreplyto": "3906C56A7BD1F54593344C05BD1374B1018E2308&#64;SUS-MA1IT01",
            "expires": "-1",
            "to": "\"Clemm, Geoff\"<gclemm@rational.com>,<ietf-dav-versioning@w3.org>\n"
        },
        {
            "body": ">I am wondering if anybody let me know or reference me which project and>software support databases as it's resources, while using webdav>features to have access control on the objects of database like tables,>views and queries? And how they use of Webdav to implement access>control.Lotus Domino RNext claims it will support WebDAV as you described.See http://www.informationweek.com/thisweek/story/IWK20010614S0003- Steve",
            "docno": "lists-040-11913626",
            "received": "Tue Jul 17 07:04:37 2001",
            "isoreceived": "20010717110437",
            "sent": "Tue, 17 Jul 2001 07:05:16 -0400",
            "isosent": "20010717110516",
            "name": "Steve K Speicher",
            "email": "sspeiche@us.ibm.com",
            "subject": "Re: WebDAV Resources",
            "id": "OFD2F11677.FDF2FDBA-ON85256A8C.003CC9F5@raleigh.ibm.com",
            "charset": "us-ascii",
            "inreplyto": "WebDAV Resources",
            "expires": "-1",
            "to": "\"B. Shadgar\"<shadgar@cs.bris.ac.uk>\n",
            "cc": "w3c-dist-auth@w3.org\n"
        },
        {
            "body": ">> I assume that based on the lack of response to my previous posting> (http://lists.w3.org/Archives/Public/w3c-dist-auth/2001AprJun/0286.html),> that no one is in agreement that I have a valid point/issue.>> Should I assume this?I went a couple rounds with Yoram Last on a similar issue back in 1999:http://lists.w3.org/Archives/Public/w3c-dist-auth/1999AprJun/0062.html- Jim",
            "docno": "lists-040-12573484",
            "received": "Thu Aug  2 16:03:21 2001",
            "isoreceived": "20010802200321",
            "sent": "Thu, 2 Aug 2001 13:00:27 -0700",
            "isosent": "20010802200027",
            "name": "Jim Whitehead",
            "email": "jw@cse.ucsc.edu",
            "subject": "RE: Why MKCOL/PUT can't automatically create ancestor collections?",
            "id": "AMEPKEBLDJJCCDEJHAMIGEDPDEAA.ejw@cse.ucsc.edu",
            "charset": "us-ascii",
            "inreplyto": "OF9FCFEFBC.4FD0581E-ON85256A9C.004973E9&#64;raleigh.ibm.com",
            "expires": "-1",
            "to": "\"Steve K Speicher\"<sspeiche@us.ibm.com>,<w3c-dist-auth@w3.org>\n"
        },
        {
            "body": "From: Steve K Speicher [mailto:sspeiche@us.ibm.com]> Acquiring a LOCK on a checked-in version-controlled resource is> harmless, but versioning semantics will prevent the content of> the checked-in version-controlled resource from changing anyway.Take the following typical actions of a non-versioning aware client:LOCK /fooGET /fooPUT/fooUNLOCK /fooIf the resource is a VCR, then I think what you are saying is thatthe LOCK will succeed and the PUT will fail (if DAV:auto-version is\"never\"), since the resource is DAV:checked-in and modifying itwould therefore change an already existing version of /foo (notgood).Yes, modifying the body of a checked in version controlled resource isforbidden (in Section 2.10).Note: The PUT is being applied to a VCR, not a version, so it wouldn'tchange an existing version of /foo in any case.Though, if the PUT would fail with Locked status-code (assuming itwould) but the client would realize that they owned the lock on theresource and think, \"Now what do I do?\".It would not fail with a Locked status code (remember, a checkin isnot a lock).I realize that wanting your versioning server to be DAV class 2compatible, you wouldn't/shouldn't have DAV:auto-version of\"never\".Correct.Do I have a point?  I guess I just want some justification on myinterpretation of thisI'm not sure what you have in mind by \"justification\".  You can'tmodify a checked-in VCR, since that would break the semantics that thecontent of the VCR is the same as its DAV:checked-in version.and if the PUT does fail, with what status-code: \"423 Locked\", ???The error response (defined in section 2.10, \"Additional PUTSemantics\"), would be a 403 (if the resource couldn't be checked out)or a 409 (if the resource could be checked out) with aDAV:cannot-modify-version-controlled-content tag in the response body.Cheers,Geoff",
            "docno": "lists-006-9285420",
            "received": "Mon Mar 26 10:12:40 2001",
            "isoreceived": "20010326151240",
            "sent": "Mon, 26 Mar 2001 10:13:15 -0500",
            "isosent": "20010326151315",
            "name": "Clemm, Geoff",
            "email": "gclemm@rational.com",
            "subject": "RE: DAV:lockdiscovery on a checked-out resource",
            "id": "3906C56A7BD1F54593344C05BD1374B102716D63@SUS-MA1IT01",
            "inreplyto": "DAV:lockdiscovery on a checked-out resource",
            "expires": "-1",
            "to": "ietf-dav-versioning@w3.org\n"
        },
        {
            "body": "I guess all this boils down to is that UserA should first do a LOCK then aCHECKOUT?  ...or a CHECKOUT then a LOCK?But section 4 \"CHECKOUT Option\" states: \"The checkout option provides analternative method that avoids the complexity of the locking protocol\".How am I to interpret this sentence based on what I've heard in thisthread?Thanks,Steve",
            "docno": "lists-006-9243031",
            "received": "Fri Mar 23 07:06:44 2001",
            "isoreceived": "20010323120644",
            "sent": "Fri, 23 Mar 2001 07:08:07 -0500",
            "isosent": "20010323120807",
            "name": "Steve K Speicher",
            "email": "sspeiche@us.ibm.com",
            "subject": "Re: DAV:lockdiscovery on a checked-out resource",
            "id": "OFB2427CA9.076F66FB-ON05256A18.0041BAEA@raleigh.ibm.com",
            "charset": "us-ascii",
            "inreplyto": "DAV:lockdiscovery on a checked-out resource",
            "expires": "-1",
            "to": "ietf-dav-versioning@w3.org\n"
        },
        {
            "body": "Steve,To be precise, an activity selects a set of resources, it does not trackthe methods applied to the resources.That is to say, while it may be a convenient short-hand to add aDAV:activity to VERSION-CONTROL it is not capturing the fact that 'aversionable resource was version controlled', but rather 'this version isassociated with this activity'.In fact, my answer would have been that you should PROPPATCH theDAV:activity-set property of the root version created by theVERSION-CONTROL -- but I do not object to the shorthand extension to theVERSION-CONTROL method.Using activities to track changes to a resource requires that youreconstruct the changes that took place based on the set of resourcescaptured by the activity.Regards,Tim EllisonJava Technology Centre, MP146IBM UK Laboratory, Hursley Park, Winchester, UK. SO21 2JNtel: +44 (0)1962 819872  internal: 249872  MOBx: 270452|--------+------------------------>|        |          \"Steve K      ||        |          Speicher\"     ||        |          <sspeiche@us.i||        |          bm.com>       ||        |                        ||        |          2001-03-06    ||        |          03:28 PM      ||        |          Please respond||        |          to \"Steve K   ||        |          Speicher\"     ||        |                        ||--------+------------------------>>--------------------------------------------------------------------||                                                                    ||      To:     ietf-dav-versioning@w3.org                            ||      cc:                                                           ||      Subject:     Re: How to supply an activity for                ||       VERSION-CONTROL?                                             ||                                                                    ||                                                                    |>--------------------------------------------------------------------|Jim,It would seem that if someone would want to track all the changes for agiven activity, that the initial version would be part of those trackedchanges.  I would think it would be a problem for someone who would want tosee what the \"reason\" was to bring the activity into existence.   Thefigure in section 11 shows the resource \"foo.html\" with version \"V1\"associated with activity \"Act-1\".  How is it possible to have thissituation if VERSION-CONTROL doesn't accept the DAV:activity property asdescribed by Geoff?It seems that in order to maintain the integrity of controlled resources, aserver may want to restrict a given namespace to require an activity on allupdates.  Why shouldn't the protocol support this?  I realize that thiscould render many non-activity aware clients useless.Thanks,Steve Speichersspeiche@us.ibm.com",
            "docno": "lists-006-9030777",
            "received": "Tue Mar  6 11:25:55 2001",
            "isoreceived": "20010306162555",
            "sent": "Tue, 6 Mar 2001 16:24:56 +0000",
            "isosent": "20010306162456",
            "name": "Tim_Ellison@uk.ibm.com",
            "email": "Tim_Ellison@uk.ibm.com",
            "subject": "Re: How to supply an activity for VERSION-CONTROL?",
            "id": "80256A07.005A2DB7.00@d06mta07.portsmouth.uk.ibm.com",
            "charset": "us-ascii",
            "inreplyto": "How to supply an activity for VERSION-CONTROL?",
            "expires": "-1",
            "to": "ietf-dav-versioning@w3.org\n"
        },
        {
            "body": "In reading RFC2518 section 6.7 \"Usage Considerations\", I think I'm readingconflicting statements:Paragraph 4 reads: \"...it cannot force all clients to use locking becauseit must be comparatible with HTTP clients that don't comprehend locking\"Paragraph 5 reads: \"WebDAV servers that support locking can reduce thelikelihood that clients will accidentally overwrite each other's changes byrequireing clients to lock resource before modifying them...\"So can (or should) a DAV server enforce locking?Thanks,Steve Speicher(919) 254-0645sspeiche@us.ibm.com",
            "docno": "lists-040-10607631",
            "received": "Tue Feb 27 07:41:32 2001",
            "isoreceived": "20010227124132",
            "sent": "Tue, 27 Feb 2001 07:41:47 -0500",
            "isosent": "20010227124147",
            "name": "Steve K Speicher",
            "email": "sspeiche@us.ibm.com",
            "subject": "Clarification on DAV server enforcing locks for PUT",
            "id": "OF252074CB.EC14DF24-ON05256A00.00429CAB@raleigh.ibm.com",
            "charset": "us-ascii",
            "expires": "-1",
            "to": "w3c-dist-auth@w3.org\n"
        },
        {
            "body": "If you're going to have DAV:auto-version == \"never\", then I'd simply suggestrefusing the LOCK request.As an empirical data point, mod_dav with Subversion for a back-end will NOTsupport locking at all (nor auto-versioning). Some future version, maybe.Instead, we will simply require a version-aware client (which is fine; theSVN command line client is our only required client at this time, and it iscertainly aware :-)Cheers,-gOn Mon, Mar 26, 2001 at 09:39:38AM -0500, Steve K Speicher wrote:>> > Acquiring a LOCK on a checked-in version-controlled resource is harmless,> > but versioning semantics will prevent the content of the checked-in> > version-controlled resource from changing anyway.>> Take the following typical actions of a non-versioning aware client:> LOCK /foo> GET /foo> PUT/foo> UNLOCK /foo>> If the resource is a VCR, then I think what you are saying is that the LOCK> will succeed and the PUT will fail (if DAV:auto-version is \"never\"), since> the resource is DAV:checked-in and modifying it would therefore change an> already existing version of /foo (not good).> Though, if the PUT would fail with Locked status-code (assuming it would)> but the client would realize that they owned the lock on the resource and> think, \"Now what do I do?\".>> I realize that wanting your versioning server to be DAV class 2 compatible,> you wouldn't/shouldn't have DAV:auto-version  of \"never\".  Do I have a> point?  I guess I just want some justification on my interpretation of this> and if the PUT does fail, with what status-code: \"423 Locked\", ???>> Thanks,> Steve--Greg Stein, http://www.lyra.org/",
            "docno": "lists-006-9294563",
            "received": "Mon Mar 26 21:47:50 2001",
            "isoreceived": "20010327024750",
            "sent": "Mon, 26 Mar 2001 18:47:11 -0800",
            "isosent": "20010327024711",
            "name": "Greg Stein",
            "email": "gstein@lyra.org",
            "subject": "Re: DAV:lockdiscovery on a checked-out resource",
            "id": "20010326184711.L27539@lyra.org",
            "charset": "us-ascii",
            "inreplyto": "OF77E8D2C3.291C8E3D-ON05256A1B.004D5739&#64;raleigh.ibm.com",
            "expires": "-1",
            "to": " Steve K Speicher<sspeiche@us.ibm.com>\n",
            "cc": "ietf-dav-versioning@w3.org\n"
        },
        {
            "body": "One final comment *hopefully* ;-)>In general, there are multiple modules/servers that handle different>subtrees at a web site, and often the DAV module will not handle>\"/\", but rather some subtree such as \"/dav\".  Assuming that a request>to \"*\" gets handled by the module that handles \"/\", the>MKACTIVITY request will not be understood.  In addition, if there>are multiple DAV modules handling different parts of the namespace,>each with its own activity store, it is important that the>activity gets created in the right activity collection (not something>that can be inferred from \"MKACTIVITY *\".I guess my example was too simple (and wrong perhaps).  In order for aclient to find out what activity-collection to use it must first issue anOPTIONS request with a given URL, say http://repo.dav/dav/ and gets theproperty DAV:activity-collections-set.  Why couldn't I form a request,like:MKACTIVITY /dav/* HTTP/1.1And get the response (implicity do an OPTIONS request to getDAV:activity-collections-set):HTTP/1.1 201 CreatedLocation: http://repo.dav/dav/act/123?Or am I completely wrong in thinking it would be a valid operation of aactivity-enabled server to assign an activity identifier using MKACTIVITY?Most bug-tracking servers have an option/configuration to automaticallyassign a number but I'm trying to determine if this is outside the scope ofthis protocol.Thanks again,Steve",
            "docno": "lists-006-9111749",
            "received": "Mon Mar 12 14:47:03 2001",
            "isoreceived": "20010312194703",
            "sent": "Mon, 12 Mar 2001 14:47:49 -0500",
            "isosent": "20010312194749",
            "name": "Steve K Speicher",
            "email": "sspeiche@us.ibm.com",
            "subject": "RE: Questions/clarification on MKACTIVITY method",
            "id": "OF3AAC0D64.8F60FCCF-ON85256A0D.006BB0F5@raleigh.ibm.com",
            "charset": "us-ascii",
            "inreplyto": "Questions/clarification on MKACTIVITY method",
            "expires": "-1",
            "to": "ietf-dav-versioning@w3.org\n"
        },
        {
            "body": "\"Jim Whitehead\" wrote:> Are there other typical uses of touch(1) of which I'm unaware?FWIW: I've used touch(1) to NOT allow the recompilation using make.  I haveused touch(1) to set the modification time of a file back to what it wasprevious to a modification, was when it affected a source file in a buildtree that was on a shared file system (DFS) for multiple platform builds.Since only a few C++ compilers on some platforms would fail on a certainfile, if I was to fix that one header file then all platform builds wouldbe out-of-date and need to be rebuilt (or at least be rerun with \"make-t\").  To solve this, I would just do a 'touch <previous-mod-time>' on theheader file and make all the prebuilt trees appear to be up-to-date again.I'm not necessarily advocating supporting this *hack*, I'm just answeringJimW's question.  To get similar behavior like this in DAV, I guess I'djust have to do something similar to \"make -t\" to make the buildsup-to-date.Steve",
            "docno": "lists-040-6563214",
            "received": "Tue Apr 17 07:47:57 2001",
            "isoreceived": "20010417114757",
            "sent": "Tue, 17 Apr 2001 07:50:11 -0400",
            "isosent": "20010417115011",
            "name": "Steve K Speicher",
            "email": "sspeiche@us.ibm.com",
            "subject": "RE: WRITE_DAV_PROP: Summary of consensus",
            "id": "OFB74840F3.9DDBF7C8-ON85256A31.003F67F8@raleigh.ibm.com",
            "charset": "us-ascii",
            "inreplyto": "WRITE_DAV_PROP: Summary of consensus",
            "expires": "-1",
            "to": "w3c-dist-auth@w3.org\n"
        },
        {
            "body": "I guess I wasn't too clear...UserA performs a CHECKOUT on a VCR.UserB performs a PROPFIND of DAV:lockdiscovery to determine if the resourceis \"locked\" (since the client is versioning unaware, ie only a class 2 DAVclient)What will DAV:lockdiscovery be?If UserB's client is unaware of the DAV:checked-out property, then how willthey know it is \"locked\"?Thanks,Steve",
            "docno": "lists-006-9196881",
            "received": "Thu Mar 22 17:13:20 2001",
            "isoreceived": "20010322221320",
            "sent": "Thu, 22 Mar 2001 17:14:32 -0500",
            "isosent": "20010322221432",
            "name": "Steve K Speicher",
            "email": "sspeiche@us.ibm.com",
            "subject": "Re: DAV:lockdiscovery on a checked-out resource",
            "id": "OFACB10B59.F63B1E9A-ON05256A17.0079A6B0@raleigh.ibm.com",
            "charset": "us-ascii",
            "inreplyto": "DAV:lockdiscovery on a checked-out resource",
            "expires": "-1",
            "to": "ietf-dav-versioning@w3.org\n"
        },
        {
            "body": ">The purpose of the \"new activity\" option for CHECKOUT is to allow>a lightweight client to easily interoperate with a server that>requires activities.  A client with full activity support (i.e.>one that utilizes MKACTIVITY) can use a DAV:activity-set-collection>OPTIONS request to determine where it can allocate activities.How is a client with full activity support intended to know what a validactivity name is without much trial-and-error?  I was hoping for somethinglike:MKACTIVITY * HTTP/1.1This way the client can programmatically maintain the activity informationand the end-user could perform simple routines like: \"new activity\" and\"done with activity\" without concern about coming up with a valid activity>A request has to go to a particular resource, which is then>responsible for handling the request.  What would be the request-URL>of the MKACTIVITY method in this case?Since the client is already aware of the DAV/activity-enabled part of aURL, couldn't it be used without the additional activity location since theactivity location is not handled by a separate handler, right?So if the URL http://repo.webdav.org/test-23 and \"/\" isDAV/activity-enabled, then could the request be something like this?MKACTIVITY /test-23 HTTP/1.1Host: repo.webdav.orgContent-Type: text/xml; charset=\"utf-8\"Content-Length: long<?xml version=\"1.0\" encoding=\"utf-8\" ?><D:mkactivity xmlns:D=\"DAV:\"><D:activity-collection-set><D:automatic/></D:activity-collection-set></D:mkactivity>Is the additional XML really needed if the server would \"assume\" that theclient meant for the server to specify the correct collection?Thanks,SteveP.S. Your responses to my newbie questions are greatly appreciated.",
            "docno": "lists-006-9091973",
            "received": "Mon Mar 12 12:00:50 2001",
            "isoreceived": "20010312170050",
            "sent": "Mon, 12 Mar 2001 12:01:00 -0500",
            "isosent": "20010312170100",
            "name": "Steve K Speicher",
            "email": "sspeiche@us.ibm.com",
            "subject": "RE: Questions/clarification on MKACTIVITY method",
            "id": "entifier.",
            "charset": "us-ascii",
            "inreplyto": "Questions/clarification on MKACTIVITY method",
            "expires": "-1",
            "to": "ietf-dav-versioning@w3.org\n"
        },
        {
            "body": ">The fifth (and final) proposed simplification was to define a set of>four feature \"packages\", and to state that a versioning server SHOULD>support at least one of those packages.  This then allows a versioning>client to look for one of the four defined feature packages, rather>than worrying about all possible combinations of features.  Note: a>server still exposes its functionality as a set of features.Are these \"packages\" going to be represented as \"DAV Compliance Classes\"?For example, classes 3, 4, 5 & 6.Just curious.  Thanks,Steve",
            "docno": "lists-006-9343026",
            "received": "Tue Mar 27 14:49:11 2001",
            "isoreceived": "20010327194911",
            "sent": "Tue, 27 Mar 2001 14:50:36 -0500",
            "isosent": "20010327195036",
            "name": "Steve K Speicher",
            "email": "sspeiche@us.ibm.com",
            "subject": "Re: Proposed Simplifications to the DeltaV protocol",
            "id": "OFDA03DC08.01A35751-ON05256A1C.006C808E@raleigh.ibm.com",
            "charset": "us-ascii",
            "inreplyto": "Proposed Simplifications to the DeltaV protocol",
            "expires": "-1",
            "to": "ietf-dav-versioning@w3.org\n"
        },
        {
            "body": "From: Steve K Speicher [mailto:sspeiche@us.ibm.com]>A client with full activity support (i.e.  one that utilizes>MKACTIVITY) can use a DAV:activity-collection-set OPTIONS request>to determine where it can allocate activities.How is a client with full activity support intended to know what a validactivity name is without much trial-and-error?  I was hoping forsomethinglike:MKACTIVITY * HTTP/1.1It shouldn't require much trial and error.  You can just use someGUID generator in the client to ensure that the activity name isunique.In general, there are multiple modules/servers that handle differentsubtrees at a web site, and often the DAV module will not handle\"/\", but rather some subtree such as \"/dav\".  Assuming that a requestto \"*\" gets handled by the module that handles \"/\", theMKACTIVITY request will not be understood.  In addition, if thereare multiple DAV modules handling different parts of the namespace,each with its own activity store, it is important that theactivity gets created in the right activity collection (not somethingthat can be inferred from \"MKACTIVITY *\".This way the client can programmatically maintain the activityinformationand the end-user could perform simple routines like: \"new activity\" and\"done with activity\" without concern about coming up with a validactivityidentifier.A client can simulate this behavior by using a GUID for theselected member of the DAV:activity-collection-set).>A request has to go to a particular resource, which is then>responsible for handling the request.  What would be the request-URL>of the MKACTIVITY method in this case?Since the client is already aware of the DAV/activity-enabled part of aURL, couldn't it be used without the additional activity location sincetheactivity location is not handled by a separate handler, right?So if the URL http://repo.webdav.org/test-23 and \"/\" isDAV/activity-enabled, then could the request be something like this?MKACTIVITY /test-23 HTTP/1.1Host: repo.webdav.orgContent-Type: text/xml; charset=\"utf-8\"Content-Length: long<?xml version=\"1.0\" encoding=\"utf-8\" ?><D:mkactivity xmlns:D=\"DAV:\"><D:activity-collection-set><D:automatic/></D:activity-collection-set></D:mkactivity>Is the additional XML really needed if the server would \"assume\" that theclient meant for the server to specify the correct collection?Yes, something like that would be just fine.  As far as I know,the only argument against this was that this functionality wasnot required since a client could just allocate a GUID for thispurpose, so the protocol is simpler without this option.Cheers,Geoff",
            "docno": "lists-006-9101251",
            "received": "Mon Mar 12 13:17:24 2001",
            "isoreceived": "20010312181724",
            "sent": "Mon, 12 Mar 2001 13:27:09 -0500",
            "isosent": "20010312182709",
            "name": "of a new activity (putting the activity in a randomly",
            "email": "gclemm@rational.com",
            "subject": "RE: Questions/clarification on MKACTIVITY method",
            "id": "3906C56A7BD1F54593344C05BD1374B1018E22BF@SUS-MA1IT01",
            "inreplyto": "Questions/clarification on MKACTIVITY method",
            "expires": "-1",
            "to": "ietf-dav-versioning@w3.org\n"
        },
        {
            "body": "> If you believe the \"avoids complexity\" sentence is misleading, let> me know and I'll revise/remove it.IMHO: Since the sentence didn't state that it \"avoids complexity\" with theuse of workspaces or working-resources, I think it should be revised.Steve",
            "docno": "lists-006-9259932",
            "received": "Fri Mar 23 09:22:21 2001",
            "isoreceived": "20010323142221",
            "sent": "Fri, 23 Mar 2001 09:23:29 -0500",
            "isosent": "20010323142329",
            "name": "Steve K Speicher",
            "email": "sspeiche@us.ibm.com",
            "subject": "RE: DAV:lockdiscovery on a checked-out resource",
            "id": "OFB065507D.3B17C2BB-ON05256A18.004ECF33@raleigh.ibm.com",
            "charset": "us-ascii",
            "inreplyto": "DAV:lockdiscovery on a checked-out resource",
            "expires": "-1",
            "to": "ietf-dav-versioning@w3.org\n"
        },
        {
            "body": "My opinion on this is that guessing what the intentions of the client mightbe can often go wrong.  The server cannot tell if the user intended to type\"foo/myfile.txt\" or \"food/myfile.txt\" into the dialog box.  Thus, a simpletypo might result in unintended results.  (And with delete permissionsseparate from write permissions, the user might not be able to clean uptheir mistake).I'd also point out that a WebDAV client is perfectly capable of doing thisautomatically for the user if that is a desirable feature:  the client canreceive the error message and resend a MKCOL followed by the originalrequest (or the client software may already be aware that the targetdirectory probably does not exist).  If the server enforces the automaticcreation of the parent directory it takes away the flexibility of the clientto do this or not.Lisa> -----Original Message-----> From: w3c-dist-auth-request@w3.org> [mailto:w3c-dist-auth-request@w3.org]On Behalf Of Steve K Speicher> Sent: Friday, March 23, 2001 7:43 AM> To: w3c-dist-auth@w3.org> Subject: Why MKCOL/PUT can't automatically create ancestor collections?>>> I understand that in RFC2518 that it clearly states that for MKCOL \"..all> ancestors MUST already exist, or the method MUST fail...\">> Why is this?  I can't find the rationale for not allowing the server to> automatically create ancestor collections if needed for PUT/MKCOL request> and return \"201 Created\".  Just wasn't sure why this is a MUST requirement> instead of a SHOULD, MAY, ...>> Thanks,> Steve",
            "docno": "lists-040-11252619",
            "received": "Fri Mar 23 11:07:23 2001",
            "isoreceived": "20010323160723",
            "sent": "Fri, 23 Mar 2001 08:05:59 -0800",
            "isosent": "20010323160559",
            "name": "Lisa Dusseault",
            "email": "sa@xythos.com",
            "subject": "RE: Why MKCOL/PUT can't automatically create ancestor collections?",
            "id": "HPELJFCBPHIPBEJDHKGKOEBNCCAA.lisa@xythos.com",
            "charset": "US-ASCII",
            "inreplyto": "OF63EDD4ED.C864DEA6-ON05256A18.00559686&#64;raleigh.ibm.com",
            "expires": "-1",
            "to": "\"Steve K Speicher\"<sspeiche@us.ibm.com>,<w3c-dist-auth@w3.org>\n"
        },
        {
            "body": "> Acquiring a LOCK on a checked-in version-controlled resource is harmless,> but versioning semantics will prevent the content of the checked-in> version-controlled resource from changing anyway.Take the following typical actions of a non-versioning aware client:LOCK /fooGET /fooPUT/fooUNLOCK /fooIf the resource is a VCR, then I think what you are saying is that the LOCKwill succeed and the PUT will fail (if DAV:auto-version is \"never\"), sincethe resource is DAV:checked-in and modifying it would therefore change analready existing version of /foo (not good).Though, if the PUT would fail with Locked status-code (assuming it would)but the client would realize that they owned the lock on the resource andthink, \"Now what do I do?\".I realize that wanting your versioning server to be DAV class 2 compatible,you wouldn't/shouldn't have DAV:auto-version  of \"never\".  Do I have apoint?  I guess I just want some justification on my interpretation of thisand if the PUT does fail, with what status-code: \"423 Locked\", ???Thanks,Steve",
            "docno": "lists-006-9276779",
            "received": "Mon Mar 26 09:38:15 2001",
            "isoreceived": "20010326143815",
            "sent": "Mon, 26 Mar 2001 09:39:38 -0500",
            "isosent": "20010326143938",
            "name": "Steve K Speicher",
            "email": "sspeiche@us.ibm.com",
            "subject": "Re: DAV:lockdiscovery on a checked-out resource",
            "id": "OF77E8D2C3.291C8E3D-ON05256A1B.004D5739@raleigh.ibm.com",
            "charset": "us-ascii",
            "inreplyto": "DAV:lockdiscovery on a checked-out resource",
            "expires": "-1",
            "to": "ietf-dav-versioning@w3.org\n"
        }
    ]
}