{
    "id": "candidate-0744",
    "name": "David De Roure",
    "gender": "MALE",
    "email": "dder@ecs.soton.ac.uk",
    "mails": [
        {
            "body": "This is an automatic reply.I am away from my office and will be back online onMonday March 8.In case of urgent enquiries, please contact my secretaryNicky Harding (email nch@ecs.soton.ac.uk or phone my number).Thanks for your message.-- DaveProf David De Roure             phone +44 (0)23 8059 2418Grid and Pervasive Computing    fax   +44 (0)23 8059 2865Electronics & Computer ScienceUniversity of Southampton       email dder@ecs.soton.ac.ukSouthampton, SO17 1BJ, UK       http://www.soton.ac.uk/~dder/",
            "docno": "lists-036-15764505",
            "received": "Fri Mar  5 09:15:48 2004",
            "isoreceived": "20040305141548",
            "sent": "Fri, 5 Mar 2004 14:15:47 GMT",
            "isosent": "20040305141547",
            "name": "David De Roure",
            "email": "dder@ecs.soton.ac.uk",
            "subject": "away from my office",
            "id": "200403051415.i25EFlxI001291@roadrunner.ecs.soton.ac.uk",
            "expires": "-1",
            "to": "uri@w3.org\n"
        },
        {
            "body": "This is an automatic reply.I am away from my office until June 15, 2004.In case of urgent enquiries, please contact my secretaryNicky Harding (email nch@ecs.soton.ac.uk or phone my number).Thanks for your message.-- DaveProf David De Roure             phone +44 (0)23 8059 2418Grid and Pervasive Computing    fax   +44 (0)23 8059 2865Electronics & Computer ScienceUniversity of Southampton       email dder@ecs.soton.ac.ukSouthampton, SO17 1BJ, UK       http://www.soton.ac.uk/~dder/",
            "docno": "lists-105-1597441",
            "received": "Wed Jun  9 05:36:38 2004",
            "isoreceived": "20040609093638",
            "sent": "Wed, 9 Jun 2004 10:36:29 +0100",
            "isosent": "20040609093629",
            "name": "David De Roure",
            "email": "dder@ecs.soton.ac.uk",
            "subject": "away from my office",
            "id": "200406090936.i599aTwm009899@roadrunner.ecs.soton.ac.uk",
            "expires": "-1",
            "to": "www-dom@w3.org\n"
        },
        {
            "body": "Hi,My name is Stephane Fellah. I am the web chief architect of PCIGeomatics. I am co-chairing the Information Communities and SemanticWorking Group in OpenGIS Consortium (www.opengis.org), whose goal is toproduce specifications to enable interoperability of geospatial data andservices over the web. I have participated to a  number of testbedsrelated to web services within OGC(http://ip.opengis.org/ows2/index.html) and to the development ofspecifications (Web Coverage Service, Image archive, Messagingframework, common architecture).. My areas of interest are in semanticGrid computing, service chaining, semantic query, development ofontologies for geospatial content and services and spatio-temporalreasoning.Best regardsStephane FellahSenior Software EngineerPCI Geomatics490, Boulevard St JosephHull, QuebecCanada J8Y 3Y7Tel: 1 819 770 0022 Ext. 223Fax 1 819 770 0098Visit our web site:  www.pcigeomatics.com-----Original Message-----From: David De Roure [mailto:dder@ecs.soton.ac.uk]Sent: Friday, November 07, 2003 1:21 PMSubject: Introduction - David De RoureAt 14:23 07/11/2003 +0100, Carine Bournez wrote:>Feel free to introduce yourself and explain what are your expectations>from this forum, the projects you have in mind and any other relevant>informations!Hello, I specialise in the application of semantic web technologies togrid computing, i.e. \"semantic grid\" (see www.semanticgrid.org)  Thismeans applying semantic web both *on* the grid (i.e. in gridapplications) but also *in* the grid, i.e. in the grid middleware.Since grid computing is increasingly service-oriented, many semanticgrid projects are already exercising the available semantic webmachinery for description, discovery and composition of web services.I'm a W3C AC rep and was an \"alternate\" on Webont, and I chair theSemantic Grid Research Group in the Global Grid Forum.  I'm alsoresponsible for some pervasive computing research, which again involvesservice description, discovery and composition - plus some ratherdifferent ontologies and a bunch of engineering issues to do withworking in real time.Regards-- DaveProf David De Roure                        phone +44 (0)23 8059 2418Grid and Pervasive Computing               fax   +44 (0)23 8059 2865School of Electronics and Computer ScienceUniversity of Southampton                  email dder@ecs.soton.ac.ukSouthampton, SO17 1BJ, UK                  http://www.soton.ac.uk/~dder/",
            "docno": "lists-022-5348511",
            "received": "Fri Nov  7 14:56:47 2003",
            "isoreceived": "20031107195647",
            "sent": "Fri, 7 Nov 2003 14:56:36 -0500",
            "isosent": "20031107195636",
            "name": "Stephane Fellah",
            "email": "fellah@pcigeomatics.com",
            "subject": "Introduction - Stephane Fellah",
            "id": "8ED21571324EB145933ACCD22B86AC36303F79@bach.ncr.pcigeomatics.com",
            "charset": "us-ascii",
            "expires": "-1",
            "to": " public-sws-ig@w3.org\n"
        },
        {
            "body": "At 14:23 07/11/2003 +0100, Carine Bournez wrote:>Feel free to introduce yourself and explain what are your expectations>from this forum, the projects you have in mind and any other relevant>informations!Hello, I specialise in the application of semantic web technologies togrid computing, i.e. \"semantic grid\" (see www.semanticgrid.org)  Thismeans applying semantic web both *on* the grid (i.e. in grid applications)but also *in* the grid, i.e. in the grid middleware.  Since grid computingis increasingly service-oriented, many semantic grid projects are alreadyexercising the available semantic web machinery for description, discoveryand composition of web services.  I'm a W3C AC rep and was an \"alternate\"on Webont, and I chair the Semantic Grid Research Group in the Global GridForum.  I'm also responsible for some pervasive computing research, whichagain involves service description, discovery and composition - plus somerather different ontologies and a bunch of engineering issues to do withworking in real time.Regards-- DaveProf David De Roure                        phone +44 (0)23 8059 2418Grid and Pervasive Computing               fax   +44 (0)23 8059 2865School of Electronics and Computer ScienceUniversity of Southampton                  email dder@ecs.soton.ac.ukSouthampton, SO17 1BJ, UK                  http://www.soton.ac.uk/~dder/",
            "docno": "lists-022-5325698",
            "received": "Fri Nov  7 13:20:55 2003",
            "isoreceived": "20031107182055",
            "sent": "Fri, 7 Nov 2003 18:20:53 +0000 (GMT)",
            "isosent": "20031107182053",
            "name": "David De Roure",
            "email": "dder@ecs.soton.ac.uk",
            "subject": "Introduction - David De Roure",
            "id": "Pine.GSO.4.10.10311071803160.7917-100000@pandora",
            "charset": "US-ASCII",
            "inreplyto": "5.2.0.9.2.20031107133824.035f8f40@mail.inf.ed.ac.uk:993",
            "expires": "-1",
            "to": " public-sws-ig@w3.org\n"
        },
        {
            "body": "This is an automatic reply.I am away from my office until 22nd April.In case of urgent enquiries, please contact my secretaryNicky Harding (email nch@ecs.soton.ac.uk or phone my number).Thanks for your message.-- DaveProf David De Roure             phone +44 (0)23 8059 2418Grid and Pervasive Computing    fax   +44 (0)23 8059 2865Electronics & Computer ScienceUniversity of Southampton       email dder@ecs.soton.ac.ukSouthampton, SO17 1BJ, UK       http://www.soton.ac.uk/~dder/",
            "docno": "lists-097-7652946",
            "received": "Mon Apr 12 08:09:28 2004",
            "isoreceived": "20040412120928",
            "sent": "Mon, 12 Apr 2004 13:09:20 +0100",
            "isosent": "20040412120920",
            "name": "David De Roure",
            "email": "dder@ecs.soton.ac.uk",
            "subject": "away from my office",
            "id": "200404121209.i3CC9K64014469@roadrunner.ecs.soton.ac.uk",
            "expires": "-1",
            "to": "www-annotation@w3.org\n"
        }
    ]
}