{
    "id": "candidate-0673",
    "name": "Janne Saarela",
    "gender": "MALE",
    "email": "janne.saarela@profium.com",
    "mails": [
        {
            "body": "On Thu, 2004-03-11 at 08:38, Janne Saarela wrote:> Further to AFS-1 [1] I would need to support the use case> where a query>> (X, FN:name, \"John Smith\")>> will return bindings for X or rather triples where X> is bound to all resources that have FN:name or subPropertyOf> (in any transitive level) of FN:name set to \"John Smith\".Hmm... that sounds like a design requirement. I'd like fordesign requirements like that to be related to use cases,i.e. stories from real life.Can you tell me a story about a (hypothetical) user whowants this functionality?> As the query evaluator cannot be sure as to which> schemas/ontologies are known by the client environment,client... tell me more about this client. Is s/he a librarian?an application designer? a web page designer? a web surfer?> the vocabulary should be>> a) by default the one used by the client or> b) the vocabulary/vocabularies explicitly stated to be> supported by the client.>> Janne>> [1] http://lists.w3.org/Archives/Public/public-rdf-dawg/2004JanMar/0013.html--Dan Connolly, W3C http://www.w3.org/People/Connolly/see you at the WWW2004 in NY 17-22 May?",
            "docno": "lists-020-15530816",
            "received": "Thu Mar 11 10:05:26 2004",
            "isoreceived": "20040311150526",
            "sent": "Thu, 11 Mar 2004 09:06:30 -0600",
            "isosent": "20040311150630",
            "name": "Dan Connolly",
            "email": "connolly@w3.org",
            "subject": "Re: JS-1: Support subPropertyOf",
            "id": "1079017590.21446.33195.camel@dirk",
            "inreplyto": "405079E1.8070103&#64;profium.com",
            "expires": "-1",
            "to": " Janne Saarela<janne.saarela@profium.com>\n",
            "cc": " RDF Data Access Working Group<public-rdf-dawg@w3.org>\n"
        },
        {
            "body": "On Thu, 2004-03-11 at 13:41, Janne Saarela wrote:[...]> The server has rooted 'music:composer' to 'dc:creator'> via (music:composer, rdfs:subPropertyOf, dc:creator).>> The client queries for>> (X, dc:creator', 'John Smith')>> and should be returned with composers that have name> 'John Smith'.Ah... now that has clear appeal.Meanwhile, we're treading on the boundaries of our charter,which says that the access mechanism is orthogonal tothe inference capabilities of the service...\"The protocol will allow access to a notional RDF graph. This may inpractice be the virtual graph which would follow from some form ofinference from a stored graph. This does not affect the data accessprotocol, but may affect the description of the data access service. Forexample, if OWL DL semantics are supported by a service, that may beevident in the description of the service or the virtual graph which isqueried, but it will not affect the protocol\"-- http://www.w3.org/2003/12/swa/dawg-charter#rdfs-owl-queriesSo I'll be watching carefully to see how this use case turnsinto requirements on the data access technology, as opposedto requirements on an RDFS inference engine. If they gettoo intertwingled, we'll have to look at changing the charter.It can be done, but it involves talking with lots of peopleoutside the WG.>  The return vocabulary should by default> be that of the client (=dc) or by explicit request> something else (e.g. =music).>> Janne--Dan Connolly, W3C http://www.w3.org/People/Connolly/see you at the WWW2004 in NY 17-22 May?",
            "docno": "lists-020-15621998",
            "received": "Thu Mar 11 14:53:42 2004",
            "isoreceived": "20040311195342",
            "sent": "Thu, 11 Mar 2004 13:54:46 -0600",
            "isosent": "20040311195446",
            "name": "Dan Connolly",
            "email": "connolly@w3.org",
            "subject": "Re: JS-1: Support subPropertyOf",
            "id": "1079034886.21445.33555.camel@dirk",
            "inreplyto": "4050C0CE.7080504&#64;profium.com",
            "expires": "-1",
            "to": " Janne Saarela<janne.saarela@profium.com>\n",
            "cc": " RDF Data Access Working Group<public-rdf-dawg@w3.org>\n"
        },
        {
            "body": "> I'm particularly interested in your position on the proposal> to meet in Amsterdam...I should be able to make it on April 22nd and 23rd as planned.Janne--Janne Saarela <janne.saarela@profium.com>Profium, Lars Sonckin kaari 12, 02600 Espoo, Finland",
            "docno": "lists-020-16456693",
            "received": "Sat Mar 20 06:20:33 2004",
            "isoreceived": "20040320112033",
            "sent": "Sat, 20 Mar 2004 13:20:22 +0200",
            "isosent": "20040320112022",
            "name": "Janne Saarela",
            "email": "janne.saarela@profium.com",
            "subject": "Re: agenda: RDF DAWG telcon 17 March",
            "id": "405C28F6.1080204@profium.com",
            "charset": "us-ascii",
            "inreplyto": "1079539592.30349.7283.camel&#64;dirk",
            "expires": "-1",
            "to": " Dan Connolly<connolly@w3.org>\n",
            "cc": " RDF Data Access Working Group<public-rdf-dawg@w3.org>\n"
        },
        {
            "body": "> One could get the answer:>>   { ?tune vcard:FN \"L'amour de loin\".>     ?tune mb:genre ?genre. } => { <> answer (?genre) }.>> and the presentation information:>>   { mn:genre rdfs:label ?label } => { <> answer (?label) }.>> separately. Is it a common case that the client asking> about an mb:genre property won't know how to display it?I agree that making separate queries will do the trickbut it will make XSLT development trickier.What we need to build to our customers is query resultvisualisation using XSLT from RDF/XML to (X)HTML andother markup.For this purpose we've noticed that we needaccess to labels/comments from XSLT. If they arenot explicitly requested in the original query, alternatives are:a) make other queries for them like you suggested whichmakes xslt more inefficient.b) include the natural language descriptions in the XSLT(replicating strings from RDFS to XSLT, not very nice)Therefore we had to introduce support for syntactic sugarourselves to include rdfs:label and rdfs:comment toquery results without query explicitly asking for them.Janne--Janne Saarela <janne.saarela@profium.com>Profium, Lars Sonckin kaari 12, 02600 Espoo, FinlandTel. +358 (0)9 855 98 000 Fax. +358 (0)9 855 98 002Mob. +358 (0)40 508 4767  Internet: http://www.profium.com",
            "docno": "lists-020-15737059",
            "received": "Mon Mar 15 02:49:45 2004",
            "isoreceived": "20040315074945",
            "sent": "Mon, 15 Mar 2004 08:49:25 +0200",
            "isosent": "20040315064925",
            "name": "Janne Saarela",
            "email": "janne.saarela@profium.com",
            "subject": "Re: JS-2: implicit inclusion of annotations",
            "id": "405551F5.5000201@profium.com",
            "charset": "us-ascii",
            "inreplyto": "20040315040137.GA8263&#64;w3.org",
            "expires": "-1",
            "to": " RDF Data Access Working Group<public-rdf-dawg@w3.org>\n",
            "cc": " Eric Prud'hommeaux<eric@w3.org>\n"
        },
        {
            "body": "On Thu, 2004-03-11 at 13:49, Janne Saarela wrote:> >>Very good starting point. Formally may I suggest> >>we could use logic programming notation such> >>> >>(X, FN:name, \"John Smith\")> >> >> > Umm... why? Is that a notation we expect our audience to> > use when making their feature requests?>> I think logic programming serves at this point as a nice> abstract syntax for which we can find the concrete syntax> later. I don't expect feature request arise in this format> but I could imagine that within this WG we find this notation> easy to formalize the feature. Is this a good assumption?It doesn't appeal to me, at this point.I expect to formalize features in a design document,not in a use cases and requirements document.> >>The evaluation result would then be either bindings> >>for X or if closure is a requirement, we would return> >>all triples with X bound to a different value.> >>> >>I would like to see closure implemented with the query> >>language in order to enable refined queries over> >>the result graph.> >> >> > Can you motivate this feature with a use case? i.e.> > a plausible story from real life?>> == Task & Roles>> A client software wishes to connect to server software> to find out if it could find an object whose property> matches certain value.>> == Value & Why>> If the query result is a graph, the client can cache> the query result and run another query over the query> result. This is far more efficient than repeating the> query over to the server again with more criteria set.>> == Description>> Looking for content which is written in French> (X, dc:language, \"fr\") and returning all known> properties for X should be a complete graph with> (X, P1, V1), (X, P2, V2), ... , (X, Pn, Vn) for> which another query can be run upon with e.g.> additional constraint (X, dc:creator, \"John Smith\") set.This is getting there, but it's still too abstractfor me... too many greek letters: \"a client software\",\"a server\", \"the query\", \"a graph\", \"known properties\",X, P1, P2, V1, V2, ...The french language is a nice, concrete topic thatI'd expect our audience to be familiar with. dc:languageis a little geeky, but certainly something we can expectour readers to learn with a couple paragraphs of explanation.Could you please pick one particular scenario built outof more concrete things like the french language,the concept of \"composer\" and such?This http://c2.com/cgi/wiki?TheFairyTale pattern seemsparticularly relevant to our task...\"Structure the use case description as a fairly tale with an initiatingevent (Once upon a time there was an actor who wanted?.), a sequence ofevents describing the interaction of the actors with the story (and thenthe big bad actor?) that describes how the goal is reached ( and theyall lived happily ever after). \"--Dan Connolly, W3C http://www.w3.org/People/Connolly/see you at the WWW2004 in NY 17-22 May?",
            "docno": "lists-020-15631171",
            "received": "Thu Mar 11 15:06:19 2004",
            "isoreceived": "20040311200619",
            "sent": "Thu, 11 Mar 2004 14:07:23 -0600",
            "isosent": "20040311200723",
            "name": "Dan Connolly",
            "email": "connolly@w3.org",
            "subject": "Re: Use case: AFS-1: &quot;Find the resource for the person called 'John Smith'&quot;",
            "id": "1079035643.21446.33581.camel@dirk",
            "charset": "windows-1251",
            "inreplyto": "4050C2C5.3030803&#64;profium.com",
            "expires": "-1",
            "to": " Janne Saarela<janne.saarela@profium.com>\n",
            "cc": " RDF Data Access Working Group<public-rdf-dawg@w3.org>\n"
        },
        {
            "body": ">>Very good starting point. Formally may I suggest>>we could use logic programming notation such>>>>(X, FN:name, \"John Smith\")>>> Umm... why? Is that a notation we expect our audience to> use when making their feature requests?I think logic programming serves at this point as a niceabstract syntax for which we can find the concrete syntaxlater. I don't expect feature request arise in this formatbut I could imagine that within this WG we find this notationeasy to formalize the feature. Is this a good assumption?>>The evaluation result would then be either bindings>>for X or if closure is a requirement, we would return>>all triples with X bound to a different value.>>>>I would like to see closure implemented with the query>>language in order to enable refined queries over>>the result graph.>>> Can you motivate this feature with a use case? i.e.> a plausible story from real life?== Task & RolesA client software wishes to connect to server softwareto find out if it could find an object whose propertymatches certain value.== Value & WhyIf the query result is a graph, the client can cachethe query result and run another query over the queryresult. This is far more efficient than repeating thequery over to the server again with more criteria set.== DescriptionLooking for content which is written in French(X, dc:language, \"fr\") and returning all knownproperties for X should be a complete graph with(X, P1, V1), (X, P2, V2), ... , (X, Pn, Vn) forwhich another query can be run upon with e.g.additional constraint (X, dc:creator, \"John Smith\") set.--Janne Saarela <janne.saarela@profium.com>Profium, Lars Sonckin kaari 12, 02600 Espoo, FinlandTel. +358 (0)9 855 98 000 Fax. +358 (0)9 855 98 002Mob. +358 (0)40 508 4767  Internet: http://www.profium.com",
            "docno": "lists-020-15611891",
            "received": "Thu Mar 11 14:49:34 2004",
            "isoreceived": "20040311194934",
            "sent": "Thu, 11 Mar 2004 21:49:25 +0200",
            "isosent": "20040311194925",
            "name": "Janne Saarela",
            "email": "janne.saarela@profium.com",
            "subject": "Re: Use case: AFS-1: &quot;Find the resource for the person called'John  S mith'&quot;",
            "id": "4050C2C5.3030803@profium.com",
            "charset": "us-ascii",
            "inreplyto": "1079017327.21446.33185.camel&#64;dirk",
            "expires": "-1",
            "to": " RDF Data Access Working Group<public-rdf-dawg@w3.org>\n"
        },
        {
            "body": "> The question is: how does your implementation handle the case> where datatype information isn't available at parse time?>> Suppose you read in just this much:>>    <rdf:Description rdf:about=\"Jenny\">>      <foo:age>10</foo:age>>    </rdf:Description>>    <rdf:Description rdf:about=\"Johnny\">>      <foo:age>10</foo:age>>    </rdf:Description>>> I presume your implementation has some way of asking...>> values = store.getTriplesMatching('...Jenny',> '...age', wildcard)>> yes? In this case, I'd expect one value. Then, we> ask...>> results = store.getTriplesMatching('...Johnny', '...age',> values[0])>> and the critical question is: how many results does your> implementation return? If it implements F, it must> return 0, since there isn't enough information to> determine that the values of the two triples are> the same.>> If it returns 1 result, it's tidy, and it's actually> implementing something closer to B or C.I think I need to elaborate on our current implementationand then eventually answer your question:Profium SIR can be configured with any number ofRDF schemas. Once RDF instance data is received,it will be validated against these schemas andonly valid data will be stored for further processing.This step alone would require there to be a schemathat defines foo:age you suggested. The schemacan now require the foo:age to have a certaintyped literal value i.e. a range. If it doesn't explicitlystate the range, Profium SIR will assume it to beof type &xsd;String in the spirit of RDF M&S 1.0.Now, if the schema had the foo:age set to &xsd;stringeither explicitly or implicitly, your first query wouldreturn one result, a string '10'. If it was set to&xsd;int, your first query would return one result, aninteger 10.In the 2nd query, if the foo:age was set to &xsd;string,you would get one result with our implementation. Again,had foo:age been set to &xsd;int, you would still get oneresult.Using the terminology from Proposal F, the &xsd;stringwould have a string value from &xsd;string value space and&xsd;int would have an integer value from &xsd;int value space.Regards,Janne--Janne Saarela <janne.saarela@profium.com>Profium, Lars Sonckin kaari 12, 02600 Espoo, FinlandTel. +358 (0)9 855 98 000 Fax. +358 (0)9 855 98 002Mob. +358 (0)40 508 4767  Internet: http://www.profium.com",
            "docno": "lists-051-6075031",
            "received": "Sat Oct 12 04:32:38 2002",
            "isoreceived": "20021012083238",
            "sent": "Sat, 12 Oct 2002 11:32:22 +0300",
            "isosent": "20021012083222",
            "name": "Janne Saarela",
            "email": "janne.saarela@profium.com",
            "subject": "Re: An implementation of proposal F",
            "id": "3DA7DE16.3000104@profium.com",
            "charset": "us-ascii",
            "inreplyto": "1034342758.27708.19.camel&#64;dirk",
            "expires": "-1",
            "to": " Dan Connolly<connolly@w3.org>\n",
            "cc": " Brian McBride<bwm@hplb.hpl.hp.com>, rdf core<w3c-rdfcore-wg@w3.org>,www-rdf-comments@w3.org\n"
        },
        {
            "body": "On Wed, 2004-03-17 at 04:09, Janne Saarela wrote:> > 1. Convene, take roll, review agenda> >> > Wednesday, 17 March> > 5:00pm-6:30pm/22:00-23:30 UTC (probably less than 90min)> > Zakim Bridge +1.617.761.6200, conference 7333 (\"RDFD\")> > http://www.w3.org/Guide/1998/08/teleconference-calendar.html#s_1316>> I need to give my regrets due to midnight timing here in Finland.Understandable.I'm particularly interested in your position on the proposalto meet in Amsterdam...| PROPOSED: to meet 22-23 April 2004 in Amsterdam,|        asemantics to host|http://lists.w3.org/Archives/Public/public-rdf-dawg/2004JanMar/0037.htmlI have informal indications that this is convenient for lotsof WG members, but I'd like on-the-record confirmation.--Dan Connolly, W3C http://www.w3.org/People/Connolly/see you at the WWW2004 in NY 17-22 May?",
            "docno": "lists-020-15917633",
            "received": "Wed Mar 17 11:09:36 2004",
            "isoreceived": "20040317160936",
            "sent": "Wed, 17 Mar 2004 10:06:32 -0600",
            "isosent": "20040317160632",
            "name": "Dan Connolly",
            "email": "connolly@w3.org",
            "subject": "Re: agenda: RDF DAWG telcon 17 March",
            "id": "1079539592.30349.7283.camel@dirk",
            "inreplyto": "405823E7.1030701&#64;profium.com",
            "expires": "-1",
            "to": " Janne Saarela<janne.saarela@profium.com>\n",
            "cc": " RDF Data Access Working Group<public-rdf-dawg@w3.org>\n"
        },
        {
            "body": "[I hope crossposting isn't too awkward in this case...]On Thu, 2002-10-10 at 11:55, Brian McBride wrote:>> Folks should take a look at:>>    http://lists.w3.org/Archives/Public/www-rdf-comments/2002OctDec/0004.html>> where our old friend Janee Saarela notes that his company's rdf> implementation implements proposal F.Janne, I wonder if you've really implemented F...I see this much:========1. RDF schemas are used to validate incoming native RDF instance data2. RDF schemas are used to enforce correct entry of RDF metadatain a Web based interface.========But that much can be done with B (rdfs:format) as well.The question is: how does your implementation handle the casewhere datatype information isn't available at parse time?Suppose you read in just this much:<rdf:Description rdf:about=\"Jenny\"><foo:age>10</foo:age></rdf:Description><rdf:Description rdf:about=\"Johnny\"><foo:age>10</foo:age></rdf:Description>I presume your implementation has some way of asking...values = store.getTriplesMatching('...Jenny','...age', wildcard)yes? In this case, I'd expect one value. Then, weask...results = store.getTriplesMatching('...Johnny', '...age',values[0])and the critical question is: how many results does yourimplementation return? If it implements F, it mustreturn 0, since there isn't enough information todetermine that the values of the two triples arethe same.If it returns 1 result, it's tidy, and it's actuallyimplementing something closer to B or C.--Dan Connolly, W3C http://www.w3.org/People/Connolly/",
            "docno": "lists-051-5965806",
            "received": "Fri Oct 11 09:25:33 2002",
            "isoreceived": "20021011132533",
            "sent": "11 Oct 2002 08:25:58 -0500",
            "isosent": "20021011132558",
            "name": "Dan Connolly",
            "email": "connolly@w3.org",
            "subject": "Re: An implementation of proposal F",
            "id": "1034342758.27708.19.camel@dirk",
            "inreplyto": "5.1.0.14.0.20021010175407.020c26b8&#64;0-mail-1.hpl.hp.com",
            "expires": "-1",
            "to": " Brian McBride<bwm@hplb.hpl.hp.com>, Janne Saarela<janne.saarela@profium.com>\n",
            "cc": " rdf core<w3c-rdfcore-wg@w3.org>,www-rdf-comments@w3.org\n"
        },
        {
            "body": "Further to AFS-1 [1] I would need to support the use casewhere a query(X, FN:name, \"John Smith\")will return bindings for X or rather triples where Xis bound to all resources that have FN:name or subPropertyOf(in any transitive level) of FN:name set to \"John Smith\".As the query evaluator cannot be sure as to whichschemas/ontologies are known by the client environment,the vocabulary should bea) by default the one used by the client orb) the vocabulary/vocabularies explicitly stated to besupported by the client.Janne[1] http://lists.w3.org/Archives/Public/public-rdf-dawg/2004JanMar/0013.html--Janne Saarela <janne.saarela@profium.com>Profium, Lars Sonckin kaari 12, 02600 Espoo, FinlandTel. +358 (0)9 855 98 000 Fax. +358 (0)9 855 98 002Mob. +358 (0)40 508 4767  Internet: http://www.profium.com",
            "docno": "lists-020-15504144",
            "received": "Thu Mar 11 09:38:33 2004",
            "isoreceived": "20040311143833",
            "sent": "Thu, 11 Mar 2004 16:38:25 +0200",
            "isosent": "20040311143825",
            "name": "Janne Saarela",
            "email": "janne.saarela@profium.com",
            "subject": "JS-1: Support subPropertyOf",
            "id": "405079E1.8070103@profium.com",
            "charset": "us-ascii",
            "expires": "-1",
            "to": "public-rdf-dawg@w3.org\n"
        },
        {
            "body": "I think Andy's structuring of query steps makes a lot of sense.If possible, we could associate use cases to one or more stepsof this structure.Clearly, JS-2 is related to the extract part and asks forsyntactic sugar to do it without additional query primitives inlocate part.Janne> Its seems to me that there are different stages in handling the query going> on here.  A simple model I have used in the past is that a query has 3> phases - locate, extract, present - which tries to capture the different> concerns.>> Locate: find the parts of the graph of interest (often, a set of resources)> This is the matching part.>> Extract: for each part that is interesting, collect information, such as> additional property values or local subgraphs.  That is, this phase does not> effect the success or failure of the matching part but does contribute to> the overall information returned.  Optional triples fit here.>> Present: concerned about how the results are handed back to the application> or requesting agent.  For example, results sets or subgraphs of the original> graph.>> Applying this (rather simple) framework, the annotations Janne describes are> an issue for the extract phase, not the matching.  The use of a second> query, driven by the first, is a common way an app has to do it in many of> the existing QLs but some allow option matching which includes the case of> adding annotations.>> Andy>> -------- Original Message -------->>>From: Janne Saarela <>>>Date: 15 March 2004 07:50>>>>>>>One could get the answer:>>>>>>  { ?tune vcard:FN \"L'amour de loin\".>>>    ?tune mb:genre ?genre. } => { <> answer (?genre) }.>>>>>>and the presentation information:>>>>>>  { mn:genre rdfs:label ?label } => { <> answer (?label) }.>>>>>>separately. Is it a common case that the client asking>>>about an mb:genre property won't know how to display it?>>>>I agree that making separate queries will do the trick>>but it will make XSLT development trickier.>>>>What we need to build to our customers is query result>>visualisation using XSLT from RDF/XML to (X)HTML and>>other markup.>>>>For this purpose we've noticed that we need>>access to labels/comments from XSLT. If they are>>not explicitly requested in the original query, alternatives are:>>>>a) make other queries for them like you suggested which>>makes xslt more inefficient.>>>>b) include the natural language descriptions in the XSLT>>(replicating strings from RDFS to XSLT, not very nice)>>>>Therefore we had to introduce support for syntactic sugar>>ourselves to include rdfs:label and rdfs:comment to>>query results without query explicitly asking for them.>>>>Janne>>>>--Janne Saarela <janne.saarela@profium.com>Profium, Lars Sonckin kaari 12, 02600 Espoo, FinlandTel. +358 (0)9 855 98 000 Fax. +358 (0)9 855 98 002Mob. +358 (0)40 508 4767  Internet: http://www.profium.com",
            "docno": "lists-020-15768014",
            "received": "Tue Mar 16 02:29:42 2004",
            "isoreceived": "20040316072942",
            "sent": "Tue, 16 Mar 2004 09:29:36 +0200",
            "isosent": "20040316072936",
            "name": "Janne Saarela",
            "email": "janne.saarela@profium.com",
            "subject": "Re: JS-2: implicit inclusion of annotations",
            "id": "4056ACE0.6010109@profium.com",
            "charset": "us-ascii",
            "inreplyto": "E864E95CB35C1C46B72FEA0626A2E80801EA148E&#64;0-mail-br1.hpl.hp.com",
            "expires": "-1",
            "to": " RDF Data Access Working Group<public-rdf-dawg@w3.org>\n"
        },
        {
            "body": "On Thu, Mar 11, 2004 at 10:38:21PM +0200, Janne Saarela wrote:>> == Task & Roles>> A client software wishes to connect to server software> to retrieve RDF via a query. The client wishes to render> the query result for the user using XSLT. The XSL> transformation should be self-sufficient i.e. no more> queries are needed from the XSL itself to render> human readable strings.>> == Description>> A client requests for music:genre property value> from a server. Here, the music:genre value will be a> resource type of object.>> The client uses XSLT to transform the query result> into XHTML. For a Finnish user, an object value> 'http://music.org/genres/Classical' should be rendered as> string 'Klassinen musiikki' and for English speaking> users as 'Classic music'. In addition, the property> 'music:genre' should be rendered as 'tyylilaji' for> Finnish users and as 'genre' for English speaking users.>> These strings might be available via schema annotations> using primitives such as  rdfs:label or rdfs:comment.>> Instead of making a complex query (at the end of the> day) which returns rdfs:label and rdfs:comment for> the resource values and for properties, a syntactic> sugar would be useful to make the annotations available> for all of them in the query result.One could get the answer:{ ?tune vcard:FN \"L'amour de loin\".?tune mb:genre ?genre. } => { <> answer (?genre) }.and the presentation information:{ mn:genre rdfs:label ?label } => { <> answer (?label) }.separately. Is it a common case that the client askingabout an mb:genre property won't know how to display it?I think this presentation request comes up more commonlywhen the client doesn't know exactly what properties itis looking for:{ ?thingy vcard:FN \"L'amour de loin\".?thingy ?p       ?v. } => { <> answer (?p ?v) }.A query language that expressed variable predicates wouldallow for these queries to be smushed together:{ ?thingy vcard:FN   \"L'amour de loin\".?thingy ?p         ?v.?p      rdfs:label ?label } => { <> answer (?p ?v ?label) }.---ericoffice: +81.466.49.1170 W3C, Keio Research Institute at SFC,Shonan Fujisawa Campus, Keio University,5322 Endo, Fujisawa, Kanagawa 252-8520JAPAN+1.617.258.5741 NE43-344, MIT, Cambridge, MA 02144 USAcell:   +1.857.222.5741 (does not work in Asia)(eric@w3.org)Feel free to forward this message to any list for any purpose other than",
            "docno": "lists-020-15726611",
            "received": "Sun Mar 14 23:01:41 2004",
            "isoreceived": "20040315040141",
            "sent": "Sun, 14 Mar 2004 23:01:37 -0500",
            "isosent": "20040315040137",
            "name": "Eric Prud'hommeaux",
            "email": "address distribution.",
            "subject": "Re: JS-2: implicit inclusion of annotations",
            "id": "20040315040137.GA8263@w3.org",
            "charset": "us-ascii",
            "inreplyto": "4050CE3D.7050407&#64;profium.com",
            "expires": "-1",
            "to": " Janne Saarela<janne.saarela@profium.com>\n",
            "cc": " RDF Data Access Working Group<public-rdf-dawg@w3.org>\n"
        },
        {
            "body": "> 1. Convene, take roll, review agenda>> Wednesday, 17 March> 5:00pm-6:30pm/22:00-23:30 UTC (probably less than 90min)> Zakim Bridge +1.617.761.6200, conference 7333 (\"RDFD\")> http://www.w3.org/Guide/1998/08/teleconference-calendar.html#s_1316I need to give my regrets due to midnight timing here in Finland.> 2. Upcoming teleconferences>> Based 6 responses to the survey>   http://www.w3.org/2002/09/wbs/35463/ttime/results>> I propose we meet>   Thu 15:30UTC (10:30am Boston / 00:30am Tokyo / 16:30 Paris)> thru the 1st face to face meeting. In particular,> 25 Mar, 1 Apr, 8 Apr, 15 Apr.Works for me. I'm on holidays and probably in aplane next week but from then on I will be ableto join in.Janne--Janne Saarela <janne.saarela@profium.com>Profium, Lars Sonckin kaari 12, 02600 Espoo, Finland",
            "docno": "lists-020-15810052",
            "received": "Wed Mar 17 05:09:51 2004",
            "isoreceived": "20040317100951",
            "sent": "Wed, 17 Mar 2004 12:09:43 +0200",
            "isosent": "20040317100943",
            "name": "Janne Saarela",
            "email": "janne.saarela@profium.com",
            "subject": "Re: agenda: RDF DAWG telcon 17 March",
            "id": "405823E7.1030701@profium.com",
            "charset": "us-ascii",
            "inreplyto": "1079474934.30354.6094.camel&#64;dirk",
            "expires": "-1",
            "to": " Dan Connolly<connolly@w3.org>\n",
            "cc": " RDF Data Access Working Group<public-rdf-dawg@w3.org>\n"
        },
        {
            "body": "== Task & RolesA client software wishes to connect to server softwareto retrieve RDF via a query. The client wishes to renderthe query result for the user using XSLT. The XSLtransformation should be self-sufficient i.e. no morequeries are needed from the XSL itself to renderhuman readable strings.== DescriptionA client requests for music:genre property valuefrom a server. Here, the music:genre value will be aresource type of object.The client uses XSLT to transform the query resultinto XHTML. For a Finnish user, an object value'http://music.org/genres/Classical' should be rendered asstring 'Klassinen musiikki' and for English speakingusers as 'Classic music'. In addition, the property'music:genre' should be rendered as 'tyylilaji' forFinnish users and as 'genre' for English speaking users.These strings might be available via schema annotationsusing primitives such as  rdfs:label or rdfs:comment.Instead of making a complex query (at the end of theday) which returns rdfs:label and rdfs:comment forthe resource values and for properties, a syntacticsugar would be useful to make the annotations availablefor all of them in the query result.--Janne Saarela <janne.saarela@profium.com>Profium, Lars Sonckin kaari 12, 02600 Espoo, FinlandTel. +358 (0)9 855 98 000 Fax. +358 (0)9 855 98 002Mob. +358 (0)40 508 4767  Internet: http://www.profium.com",
            "docno": "lists-020-15650117",
            "received": "Thu Mar 11 15:38:31 2004",
            "isoreceived": "20040311203831",
            "sent": "Thu, 11 Mar 2004 22:38:21 +0200",
            "isosent": "20040311203821",
            "name": "Janne Saarela",
            "email": "janne.saarela@profium.com",
            "subject": "JS-2: implicit inclusion of annotations",
            "id": "4050CE3D.7050407@profium.com",
            "charset": "us-ascii",
            "expires": "-1",
            "to": " RDF Data Access Working Group<public-rdf-dawg@w3.org>\n"
        },
        {
            "body": "Hi allFirst my personal career background:- Profium, managing director, 1999->today- W3C, visiting engineer, 1997-1999- Eurecom institute, visiting scientist, 1998.- Researcher, Helsinki University of Technology (HUT), 1995-1997- Technical student, CERN, 1994-1995.- Studying at HUT and working for software companies inFinland 1991-1994.I've received a doctoral degree from HUT with a dissertationtitled 'The role of metadata in electronic publishing' back in 1999.This effectively reports some of the work I did while workingat W3C i.e. development of the 1st RDF Parser SiRPAC and the 1stversion of declarative query language Metalog in cooperation withMassimo Marchiori.Profium flagship product Semantic Information Router (SIR) isa semantic content management product that was introduced onthe marketplace back in April 2001 and has since been shippedto 15+ countries. SIR implements RDF based content indexingand exposes the data model for application developers viaa declarative query language RDFQL which has not been disclosedin public.Now that RDF Core WG has published the revised RDF specifications,it is time to deliver an open query language on the marketplacethat will make use of RDF even easier for developers.To this work Profium can contribute experience in implementingdeclarative query languages for RDF that need to scale forbig amounts of data. In addition, Profium can provide real-lifeuse cases that real customers need from the query language weare chartered to develop.Looking forward to working with you all.Janne--Janne Saarela <janne.saarela@profium.com>Profium, Lars Sonckin kaari 12, 02600 Espoo, FinlandInternet: http://www.profium.com",
            "docno": "lists-020-15422615",
            "received": "Wed Mar 10 04:04:41 2004",
            "isoreceived": "20040310090441",
            "sent": "Wed, 10 Mar 2004 11:04:34 +0200",
            "isosent": "20040310090434",
            "name": "Janne Saarela",
            "email": "janne.saarela@profium.com",
            "subject": "Introduction: Janne Saarela / Profium",
            "id": "404EDA22.7020209@profium.com",
            "charset": "us-ascii",
            "expires": "-1",
            "to": "public-rdf-dawg@w3.org\n"
        },
        {
            "body": "Very good starting point. Formally may I suggestwe could use logic programming notation such(X, FN:name, \"John Smith\")The evaluation result would then be either bindingsfor X or if closure is a requirement, we would returnall triples with X bound to a different value.I would like to see closure implemented with the querylanguage in order to enable refined queries overthe result graph.Let me post another email about inference.Janne--Janne Saarela <janne.saarela@profium.com>Profium, Lars Sonckin kaari 12, 02600 Espoo, FinlandTel. +358 (0)9 855 98 000 Fax. +358 (0)9 855 98 002Mob. +358 (0)40 508 4767  Internet: http://www.profium.com",
            "docno": "lists-020-15495218",
            "received": "Thu Mar 11 09:30:59 2004",
            "isoreceived": "20040311143059",
            "sent": "Thu, 11 Mar 2004 16:30:23 +0200",
            "isosent": "20040311143023",
            "name": "Janne Saarela",
            "email": "janne.saarela@profium.com",
            "subject": "Re: Use case: AFS-1: &quot;Find the resource for the person called 'John  S mith'&quot;",
            "id": "405077FF.4050703@profium.com",
            "charset": "us-ascii",
            "inreplyto": "E864E95CB35C1C46B72FEA0626A2E80801EA1365&#64;0-mail-br1.hpl.hp.com",
            "expires": "-1",
            "to": "public-rdf-dawg@w3.org\n"
        },
        {
            "body": "On Thu, 2004-03-11 at 08:30, Janne Saarela wrote:> Very good starting point. Formally may I suggest> we could use logic programming notation such>> (X, FN:name, \"John Smith\")Umm... why? Is that a notation we expect our audience touse when making their feature requests?> The evaluation result would then be either bindings> for X or if closure is a requirement, we would return> all triples with X bound to a different value.>> I would like to see closure implemented with the query> language in order to enable refined queries over> the result graph.Can you motivate this feature with a use case? i.e.a plausible story from real life?>> Let me post another email about inference.>> Janne--Dan Connolly, W3C http://www.w3.org/People/Connolly/see you at the WWW2004 in NY 17-22 May?",
            "docno": "lists-020-15521664",
            "received": "Thu Mar 11 10:01:03 2004",
            "isoreceived": "20040311150103",
            "sent": "Thu, 11 Mar 2004 09:02:07 -0600",
            "isosent": "20040311150207",
            "name": "Dan Connolly",
            "email": "connolly@w3.org",
            "subject": "Re: Use case: AFS-1: &quot;Find the resource for the person called 'John S mith'&quot;",
            "id": "1079017327.21446.33185.camel@dirk",
            "inreplyto": "405077FF.4050703&#64;profium.com",
            "expires": "-1",
            "to": " Janne Saarela<janne.saarela@profium.com>\n",
            "cc": " RDF Data Access Working Group<public-rdf-dawg@w3.org>\n"
        },
        {
            "body": "> Meanwhile, we're treading on the boundaries of our charter,> which says that the access mechanism is orthogonal to> the inference capabilities of the service...Good point.JS-1 use case does not require any type of inference fromthe server. I think the use case needs to be augmentedwith wording 'the server may or may not support' theinference via 'rdfs:subPropertyOf'.However, my use case says the client can explicitlysay if the return vocabulary can be other than theone used to make the request.Janne--Janne Saarela <janne.saarela@profium.com>Profium, Lars Sonckin kaari 12, 02600 Espoo, FinlandTel. +358 (0)9 855 98 000 Fax. +358 (0)9 855 98 002Mob. +358 (0)40 508 4767  Internet: http://www.profium.com",
            "docno": "lists-020-15642507",
            "received": "Thu Mar 11 15:27:44 2004",
            "isoreceived": "20040311202744",
            "sent": "Thu, 11 Mar 2004 22:27:35 +0200",
            "isosent": "20040311202735",
            "name": "Janne Saarela",
            "email": "janne.saarela@profium.com",
            "subject": "Re: JS-1: Support subPropertyOf",
            "id": "4050CBB7.8070208@profium.com",
            "charset": "us-ascii",
            "inreplyto": "1079034886.21445.33555.camel&#64;dirk",
            "expires": "-1",
            "to": " RDF Data Access Working Group<public-rdf-dawg@w3.org>\n"
        },
        {
            "body": ">>Further to AFS-1 [1] I would need to support the use case>>where a query>>>>(X, FN:name, \"John Smith\")>>>>will return bindings for X or rather triples where X>>is bound to all resources that have FN:name or subPropertyOf>>(in any transitive level) of FN:name set to \"John Smith\".>>> Hmm... that sounds like a design requirement. I'd like for> design requirements like that to be related to use cases,> i.e. stories from real life.>> Can you tell me a story about a (hypothetical) user who> wants this functionality?I try to follow the evolving use case structure here== Task & RolesA client software wishes to connect to server softwareto find out if it could find an object whose propertymatches certain value.== DescriptionThe client has support for basic dublin core (dc)vocabulary.The server has support for music related vocabulary(music).The server has rooted 'music:composer' to 'dc:creator'via (music:composer, rdfs:subPropertyOf, dc:creator).The client queries for(X, dc:creator', 'John Smith')and should be returned with composers that have name'John Smith'. The return vocabulary should by defaultbe that of the client (=dc) or by explicit requestsomething else (e.g. =music).Janne--Janne Saarela <janne.saarela@profium.com>Profium, Lars Sonckin kaari 12, 02600 Espoo, FinlandTel. +358 (0)9 855 98 000 Fax. +358 (0)9 855 98 002Mob. +358 (0)40 508 4767  Internet: http://www.profium.com",
            "docno": "lists-020-15603007",
            "received": "Thu Mar 11 14:41:11 2004",
            "isoreceived": "20040311194111",
            "sent": "Thu, 11 Mar 2004 21:41:02 +0200",
            "isosent": "20040311194102",
            "name": "Janne Saarela",
            "email": "janne.saarela@profium.com",
            "subject": "Re: JS-1: Support subPropertyOf",
            "id": "4050C0CE.7080504@profium.com",
            "charset": "us-ascii",
            "inreplyto": "1079017590.21446.33195.camel&#64;dirk",
            "expires": "-1",
            "to": " RDF Data Access Working Group<public-rdf-dawg@w3.org>\n"
        }
    ]
}