{
    "id": "candidate-0736",
    "name": "Daniela D'Aloisi",
    "gender": "FEMALE",
    "email": "daloisi@fub.it",
    "mails": [
        {
            "body": "I, as AC Representative of my Institution Fodazione Ugo Bordoni,agree the request of Andrea Bernardini to join the  Evaluation andRepair Tools WG.SincerelyDaniela D'Aloisi--__________________________________________Dr. Daniela D'AloisiSenior Research ScientistMultimedia Communication Dept.Information Systems GroupFUB (Fondazione Ugo Bordoni)Via B. Castiglione 59I-00142 RomeItalyEmail: daloisi@fub.itVoice: +39 6 54803422Fax: +39 6 54804405",
            "docno": "lists-065-6060784",
            "received": "Wed Apr 30 02:34:04 2003",
            "isoreceived": "20030430063404",
            "sent": "Wed, 30 Apr 2003 08:33:47 +0200",
            "isosent": "20030430063347",
            "name": "Daniela D'Aloisi",
            "email": "dany@fub.it",
            "subject": "Re: Request to join the Evaluation and Repair Tools Working Group",
            "id": "a05200f02bad51df22eb7@[193.204.210.31]",
            "charset": "us-ascii",
            "inreplyto": "5.2.1.1.0.20030429131153.034e6958&#64;pop.tiscali.it",
            "expires": "-1",
            "to": "a.berna@fub.it(Andrea Bernardini),kasday@acm.org,wendy@w3.org\n",
            "cc": "w3c-wai-er-wg@w3.org\n"
        },
        {
            "body": "I, as AC Representative of my Institution Fodazione Ugo Bordoni,agree the request of Andrea Bernardini to join the  Evaluation andRepair Tools WG.SincerelyDaniela D'Aloisi--__________________________________________Dr. Daniela D'AloisiSenior Research ScientistMultimedia Communication Dept.Information Systems GroupFUB (Fondazione Ugo Bordoni)Via B. Castiglione 59I-00142 RomeItalyEmail: daloisi@fub.itVoice: +39 6 54803422Fax: +39 6 54804405",
            "docno": "lists-065-6052218",
            "received": "Wed Apr 30 02:34:04 2003",
            "isoreceived": "20030430063404",
            "sent": "Wed, 30 Apr 2003 08:33:47 +0200",
            "isosent": "20030430063347",
            "name": "Daniela D'Aloisi",
            "email": "dany@fub.it",
            "subject": "Re: Request to join the Evaluation and Repair Tools Working Group",
            "id": "1059641455.IAA22192@phantom.w3.org",
            "charset": "us-ascii",
            "inreplyto": "5.2.1.1.0.20030429131153.034e6958&#64;pop.tiscali.it",
            "expires": "-1",
            "to": "a.berna@fub.it(Andrea Bernardini),kasday@acm.org,wendy@w3.org\n",
            "cc": "w3c-wai-er-wg@w3.org\n"
        }
    ]
}