{
    "id": "candidate-0634",
    "name": "Patrick Curran",
    "gender": "MALE",
    "email": "Patrick.Curran@Sun.COM",
    "mails": [
        {
            "body": "On Fri, 12 Sep 2003, Patrick Curran wrote:>david_marston@us.ibm.com wrote:>>From the point of view of QAWG guidelines, I see a problem in the>result table where you report that a product has passed 100% of the>test cases for each group. The string \"No failures found\" would be>more appropriate. The issues about percentages include:>1. Implication that the current suite is 100% of all the tests that>   should be there. Test suites that are being expanded frequently>   won't have a stable notion of 100%.>Patrick:>Isn't there a more fundamental problem? Test suites should be versioned. It>ought to be OK to state \"I passed x% of the test cases for version y.z of>the test suite.\" The number of test cases in any particular version of the>test suite should be, of course, fixed.Well, there may be a case for making a statement like that, but in generaldavid's following points (and your agreement) suggest to me that claiminigpercentages is not often a good thing.EARL explicitly rejected the idea in discussions in the past, although we diddiscuss the idea of people subclassing earl:fail - a failure because someprerequisite requirement is failed isn't always the same thing as a totalcatastrophic failure, and this would be useful in certain domains. (Just asthe OWL group seem to find duration of a test useful information in theirdomain).An RDF processor that can do every spec in the framework, and all the OWLstuff, except that it uses dc: and foaf: as built-in non-varying namespacesand doesn't check the xmlns declaration for them might pass almost all of thetests, but it does have a major flaw. Or is it a trivial quirk?The other notion implicit in the EARL design is that Test Suites arecollections of tests, and that one test is \"passing all of a Test Suite\" - inother words they are quite likely to be nestable. Hence the heuristic modefor a test.Put another way, if test suite B is really test suite A plus tests b.1 b.2b.3 and minus a.6, then passing A, b.1, b.2, b.3 probably means you pass B.Passing a except for a.6, and passing b.1, b.2, b.3 also means you pass B.(This is a simplification of the real-world situation with WCAG [1] and theUS government's section 508 requirements for accessible web content)One of the requirements of EARL was to support gathering different testresults from different sources and using them together (as Shadi said) to getsome interesting information. In real world use for accessibility there are anumber of implemented tools and there is active development. These overlapsget very complex, but having the raw information about which things weredeemed to have been passed (and by whom, to provide for trust management)makes this possible - even if some results describe a suite of things thatwere passed, such as \"double-A conformance to WCAG\". Having a percentage ofthings passed (or more to the point failed) breaks this prettycomprehensively for many testing processes - although it is encouraging togenerate the number and see it going up...cheerschaals[1] http://www.w3.org/TR/WCAG10David:> 2. Implication that high numbers under 100% are pretty good. Each>   class of product may have its own notion of how seriously interop>   has been hurt by a score of, say, 96%.>3. Implication that all tests count equally. Product X's 96% might>   be much worse than Product Y's 96%, depending on the cases that>   comprise the failing 4% on each.>.................David MarstonPatrick:>Right. Attempting to interpret any claim other than \"I passed all the tests\">is a dangerous business. It can have value for the implementors, and help>them to figure out where they need to improve, but should not be used to>compare one implementation with another...",
            "docno": "lists-065-3241765",
            "received": "Fri Sep 12 12:43:44 2003",
            "isoreceived": "20030912164344",
            "sent": "Fri, 12 Sep 2003 12:43:44 -0400 (EDT)",
            "isosent": "20030912164344",
            "name": "Charles McCathieNevile",
            "email": "charles@w3.org",
            "subject": "% and &quot;almost passed&quot; Re: browsable test results",
            "id": "Pine.LNX.4.55.0309121223420.25313@homer.w3.org",
            "charset": "US-ASCII",
            "inreplyto": "3F61F16B.2030200&#64;sun.com",
            "expires": "-1",
            "to": " Patrick Curran<Patrick.Curran@Sun.COM>\n",
            "cc": "david_marston@us.ibm.com,www-qa@w3.org,w3c-wai-er-ig@w3.org\n"
        },
        {
            "body": "Good point. \"100%\" should be interpreted as \"100% of the tests that areappropriate for my implementation, given the DOVs that I implement\"...david_marston@us.ibm.com wrote:>Patrick Curran responded to my earlier posting:>DM>Implication that the current suite is 100% of all the tests that>DM>should be there. Test suites that are being expanded frequently>DM>won't have a stable notion of 100%.>>PC>Isn't there a more fundamental problem? Test suites should be>PC>versioned. It ought to be OK to state \"I passed x% of the test cases>PC>for version y.z of the test suite.\" The number of test cases in any>PC>particular version of the test suite should be, of course, fixed.>>Sure. That's just one of many assumptions I didn't bother to say in my>reply. I have a history of supporting versioning for test suites that>goes back to remarks I made at the W3C QA Workshop in 2001. Further,>a test lab should be able to obtain either (1) all the approved tests>for the current or any prior numbered version, or (2) the current set>of both approved and proposed test cases. Use (2) to test the state of>the test suite and/or harness.>>When a vendor or test lab wishes to report on the results of testing a>product against a W3C-approved test suite, there will be more verbiage>expected in the formal claim. In particular, for many specs no product>will be subjected to 100% of the approved tests, just the set of all>tests that fit that product's choices on the Dimensions of Variability.>.................David Marston>>>",
            "docno": "lists-065-3271420",
            "received": "Fri Sep 12 19:23:31 2003",
            "isoreceived": "20030912232331",
            "sent": "Fri, 12 Sep 2003 16:20:34 -0700",
            "isosent": "20030912232034",
            "name": "Patrick Curran",
            "email": "Patrick.Curran@Sun.COM",
            "subject": "Re: browsable test results",
            "id": "3F6254C2.5000309@sun.com",
            "charset": "us-ascii",
            "inreplyto": "OF0F53DA27.8A46D027-ON85256D9F.005C9E93&#64;lotus.com",
            "expires": "-1",
            "to": "david_marston@us.ibm.com\n",
            "cc": "www-qa@w3.org,w3c-wai-er-ig@w3.org\n"
        },
        {
            "body": "text/html attachment: stored",
            "docno": "lists-065-3234151",
            "received": "Fri Sep 12 12:16:28 2003",
            "isoreceived": "20030912161628",
            "sent": "Fri, 12 Sep 2003 09:16:43 -0700",
            "isosent": "20030912161643",
            "name": "Patrick Curran",
            "email": "Patrick.Curran@Sun.COM",
            "subject": "Re: browsable test results",
            "id": "3F61F16B.2030200@sun.com",
            "charset": "us-ascii",
            "inreplyto": "OF01F27187.5DB2501C-ON85256D9F.0050C76E&#64;lotus.com",
            "expires": "-1",
            "to": "david_marston@us.ibm.com\n",
            "cc": "www-qa@w3.org,w3c-wai-er-ig@w3.org\n"
        },
        {
            "body": "text/html attachment: stored",
            "docno": "lists-065-3263369",
            "received": "Fri Sep 12 19:18:09 2003",
            "isoreceived": "20030912231809",
            "sent": "Fri, 12 Sep 2003 16:18:46 -0700",
            "isosent": "20030912231846",
            "name": "Patrick Curran",
            "email": "Patrick.Curran@Sun.COM",
            "subject": "Re: % and &quot;almost passed&quot; Re: browsable test results",
            "id": "3F625456.5030305@sun.com",
            "charset": "us-ascii",
            "inreplyto": "Pine.LNX.4.55.0309121223420.25313&#64;homer.w3.org",
            "expires": "-1",
            "to": " Charles McCathieNevile<charles@w3.org>\n",
            "cc": "david_marston@us.ibm.com,www-qa@w3.org,w3c-wai-er-ig@w3.org\n"
        }
    ]
}