{
    "id": "candidate-0514",
    "name": "Augusto Aguilera",
    "gender": "MALE",
    "email": "augusto.f.aguilera@boeing.com",
    "mails": [
        {
            "body": "On behalf of the Device Independence Working Group I am enclosingcommentary on the  \"Architecture of the World Wide Web\"  Working Draftdocument.<<DIWG-TAG-Comments-Feb2004.htm>>Please advise if any further details are required.Thank you,AugustoAugusto AguileraThe Boeing Company - Shared Services GroupIT Services - Enterprise Client & Server TechnologyG-5224; 425-957-5531; MS 7M-EMtext/html attachment: DIWG-TAG-Comments-Feb2004.htm",
            "docno": "lists-024-0246768",
            "received": "Wed Feb 25 12:55:12 2004",
            "isoreceived": "20040225175512",
            "sent": "Wed, 25 Feb 2004 09:19:07 -0800",
            "isosent": "20040225171907",
            "name": "Aguilera, Augusto F",
            "email": "ugusto.f.aguilera@boeing.com",
            "subject": "TAG COMMENTS",
            "id": "9CF9DF0DF40BD1428A00D646A18EB032C1AC03@xch-nwum-04.nw.nos.boeing.com",
            "charset": "iso-8859-1",
            "expires": "-1",
            "to": "<public-webarch-comments@w3.org>\n",
            "cc": "\"W3C DIWG (E-mail)\"<w3c-di-wg@w3.org>\n"
        },
        {
            "body": "Augusto,Thank you for your comments on the document. The TAG is meetingface-to-face next week. I anticipate the TAG will address thecomments then._ IanOn Wed, 2004-02-25 at 12:19, Aguilera, Augusto F wrote:> On behalf of the Device Independence Working Group I am enclosing> commentary on the  \"Architecture of the World Wide Web\"  Working Draft> document.>>  <<DIWG-TAG-Comments-Feb2004.htm>>>> Please advise if any further details are required.>> Thank you,>> Augusto> Augusto Aguilera> The Boeing Company - Shared Services Group> IT Services - Enterprise Client & Server Technology> G-5224; 425-957-5531; MS 7M-EM--Ian Jacobs (ij@w3.org)   http://www.w3.org/People/JacobsTel:                     +1 718 260-9447",
            "docno": "lists-024-0254631",
            "received": "Wed Feb 25 18:30:03 2004",
            "isoreceived": "20040225233003",
            "sent": "Wed, 25 Feb 2004 18:30:02 -0500",
            "isosent": "20040225233002",
            "name": "Ian B. Jacobs",
            "email": "j@w3.org",
            "subject": "Re: TAG COMMENTS",
            "id": "1077751802.1075.631.camel@seabright",
            "inreplyto": "9CF9DF0DF40BD1428A00D646A18EB032C1AC03&#64;xch-nwum-04.nw.nos.boeing.com",
            "expires": "-1",
            "to": "\"Aguilera, Augusto F\"<augusto.f.aguilera@boeing.com>\n",
            "cc": "public-webarch-comments@w3.org,\"W3C DIWG (E-mail)\"<w3c-di-wg@w3.org>\n"
        }
    ]
}