{
    "id": "candidate-0554",
    "name": "Dave Hollander",
    "gender": "MALE",
    "email": "dmh@contivo.com",
    "mails": [
        {
            "body": "Hi Abbie and all.[ Mike and Dave, I am sending this to the security task force in ordernot to distract the WG from concepts and relationships, but am happyto resend it to www-ws-arch if you think it's best. ]While going through old emails in my www-ws-arch folder, I found aninteresting thread to harvest that isn't covered by the currentsecurity framework:http://www.w3.org/2002/02/mid/7FCB5A9F010AAE419A79A54B44F3718E2EAE6D@bocnte2k3.boc.chevrontexaco.netThere are, I think, several thing to point out in here:- the meaning of signing a message.- the dangers on relying on external processing (e.g. schemavalidation when the schema isn't attached to the message).- maybe other things that I have missed.It seems that the first point could go in the section about signature,and the second one about a good practice or threats section.Comments?Regards,Hugo--Hugo Haas - W3Cmailto:hugo@w3.org - http://www.w3.org/People/Hugo/",
            "docno": "lists-027-12381185",
            "received": "Thu Jun 26 12:45:20 2003",
            "isoreceived": "20030626164520",
            "sent": "Thu, 26 Jun 2003 18:07:14 +0200",
            "isosent": "20030626160714",
            "name": "Hugo Haas",
            "email": "hugo@w3.org",
            "subject": "Interesting thread to harvest about schema validation, digital signature, etc.",
            "id": "1059641615.IAA22192@phantom.w3.org",
            "charset": "us-ascii",
            "expires": "-1",
            "to": "public-wsawg-security-tf@w3.org\n",
            "cc": " Michael Champion<Mike.Champion@SoftwareAG-USA.com>, Dave Hollander<dmh@contivo.com>\n"
        },
        {
            "body": "Hi Abbie and all.[ Mike and Dave, I am sending this to the security task force in ordernot to distract the WG from concepts and relationships, but am happyto resend it to www-ws-arch if you think it's best. ]While going through old emails in my www-ws-arch folder, I found aninteresting thread to harvest that isn't covered by the currentsecurity framework:http://www.w3.org/2002/02/mid/7FCB5A9F010AAE419A79A54B44F3718E2EAE6D@bocnte2k3.boc.chevrontexaco.netThere are, I think, several thing to point out in here:- the meaning of signing a message.- the dangers on relying on external processing (e.g. schemavalidation when the schema isn't attached to the message).- maybe other things that I have missed.It seems that the first point could go in the section about signature,and the second one about a good practice or threats section.Comments?Regards,Hugo--Hugo Haas - W3Cmailto:hugo@w3.org - http://www.w3.org/People/Hugo/",
            "docno": "lists-027-12389474",
            "received": "Thu Jun 26 12:45:20 2003",
            "isoreceived": "20030626164520",
            "sent": "Thu, 26 Jun 2003 18:07:14 +0200",
            "isosent": "20030626160714",
            "name": "Hugo Haas",
            "email": "hugo@w3.org",
            "subject": "Interesting thread to harvest about schema validation, digital signature, etc.",
            "id": "20030626160713.GA26971@w3.org",
            "charset": "us-ascii",
            "expires": "-1",
            "to": "public-wsawg-security-tf@w3.org\n",
            "cc": " Michael Champion<Mike.Champion@SoftwareAG-USA.com>, Dave Hollander<dmh@contivo.com>\n"
        },
        {
            "body": "hi,thanksi will look into itabbie> -----Original Message-----> From: Hugo Haas [mailto:hugo@w3.org]> Sent: Thursday, June 26, 2003 12:07 PM> To: public-wsawg-security-tf@w3.org> Cc: Michael Champion; Dave Hollander> Subject: Interesting thread to harvest about schema> validation, digital signature, etc.>>>> Hi Abbie and all.>> [ Mike and Dave, I am sending this to the security task force in order>   not to distract the WG from concepts and relationships, but am happy>   to resend it to www-ws-arch if you think it's best. ]>> While going through old emails in my www-ws-arch folder, I> found an interesting thread to harvest that isn't covered by> the current security framework:>http://www.w3.org/2002/02/mid/7FCB5A9F010AAE419A79A54B44F3718E2EAE6D@bocnte2k3.boc.chevrontexaco.netThere are, I think, several thing to point out in here:- the meaning of signing a message.- the dangers on relying on external processing (e.g. schemavalidation when the schema isn't attached to the message).- maybe other things that I have missed.It seems that the first point could go in the section about signature, andthe second one about a good practice or threats section.Comments?Regards,Hugo--Hugo Haas - W3Cmailto:hugo@w3.org - http://www.w3.org/People/Hugo/",
            "docno": "lists-027-12398058",
            "received": "Thu Jun 26 15:54:42 2003",
            "isoreceived": "20030626195442",
            "sent": "Thu, 26 Jun 2003 15:54:30 -0400",
            "isosent": "20030626195430",
            "name": "Abbie Barbir",
            "email": "bbieb@nortelnetworks.com",
            "subject": "RE: Interesting thread to harvest about schema validation, digita l signature, etc.",
            "id": "87609AFB433BD5118D5E0002A52CD754062E7AB9@zcard0k6.ca.nortel.com",
            "inreplyto": "Interesting thread to harvest about schema validation, digita l signature, etc.",
            "expires": "-1",
            "to": " Hugo Haas<hugo@w3.org>,public-wsawg-security-tf@w3.org\n",
            "cc": " Michael Champion<Mike.Champion@SoftwareAG-USA.com>, Dave Hollander<dmh@contivo.com>\n"
        }
    ]
}