{
    "id": "candidate-0643",
    "name": "Fran\u00e7ois Yergeau",
    "gender": "MALE",
    "email": "francois@yergeau.com",
    "mails": [
        {
            "body": "Fran?ois Yergeau wrote:> +++++++++++++++++++++++++++++++++++++++++> In interface DOMImplementationLS, method createDOMInput(), it says> \"Create a new empty input source.\"  \"Empty\" is not defined.  Does it> mean that all attributes are null?>> This comment will also probably apply to createDOMOutput() when the> latter is added (see previous comment).The description will be clarified in the next update to the LS draft.Good catch!--jst",
            "docno": "lists-104-16524466",
            "received": "Tue Sep  9 18:41:14 2003",
            "isoreceived": "20030909224114",
            "sent": "Tue, 09 Sep 2003 15:40:54 -0700",
            "isosent": "20030909224054",
            "name": "Johnny Stenback",
            "email": "jst@netscape.com",
            "subject": "Re: Reviews of DOM 3 Core and Load&amp;Save",
            "id": "3F5E56F6.9020502@netscape.com",
            "charset": "ISO-8859-1",
            "inreplyto": "3F313C75.9050603&#64;yergeau.com",
            "expires": "-1",
            "to": " Fran?ois Yergeau<francois@yergeau.com>\n",
            "cc": "www-dom@w3.org\n"
        },
        {
            "body": "In preparation of the move from Last Call to Candidate Recommendation,the DOM Level 3 Core issues list has been updated:http://www.w3.org/2003/06/09-dom-core-issues/issues.htmlIf you are a direct recipient of this message, this means:- you did not acknowledge our response to your comment. We will assumethat you are therefore in agreement with the decision of the WGregarding your comment.- your comment has not been addressed. Curt sent an issue that impactsDOM Level 2 HTML. Vadim, Johnny, and Darin sent issues in September(more than a month after the deadline), and I would propose that thoseissues will be addressed during the CR phase (unless we're fast enoughto come up with a resolution).- you are in disagreement with our response and would like to object.This is the case for Francois.Philippe",
            "docno": "lists-105-0598248",
            "received": "Fri Oct  3 12:27:46 2003",
            "isoreceived": "20031003162746",
            "sent": "03 Oct 2003 12:23:23 -0400",
            "isosent": "20031003162323",
            "name": "Philippe Le Hegaret",
            "email": "plh@w3.org",
            "subject": "DOM Level 3 Core issues list updated",
            "id": "1065198202.17732.358.camel@jfouffa.w3.org",
            "expires": "-1",
            "to": "and-w3@doxdesk.com,Anjana.Manian@oracle.com,caillon@netscape.com,carnold@houston.rr.com,darin@apple.com,francois@yergeau.com,jeff.rancier@softechnics.com,jst@w3c.jstenback.com,lesch@w3.org,Petteri.Stenius@ubisecure.com,scottnichol@comcast.net,ustiansk@sai.msu.ru\n",
            "cc": " WWW DOM<www-dom@w3.org>\n"
        },
        {
            "body": "Attached is my proposal for Q&A on C0 Characters.It actually wasn't the topic I intended, but the question came up and Ithought it would be quick and I might do a second one. But it ended up takingmuch more time than I thought.Anyway, for discussion at the next telecon.Feel free to email constructive comments before then.Thanks to Francois for the initial pointers.textext/html attachment: W3C_I18N_Q_A_C0_Range.htm",
            "docno": "lists-016-3118866",
            "received": "Sun May 25 23:21:10 2003",
            "isoreceived": "20030526032110",
            "sent": "Sun, 25 May 2003 23:19:32 0400",
            "isosent": "20030526031932",
            "name": "Tex Texin",
            "email": "tex@i18nguy.com",
            "subject": "Q&amp;A: control codes",
            "id": "3ED187C4.D11258D@I18nGuy.com",
            "charset": "iso-88591",
            "inreplyto": "3ED0FF87.1020904&#64;yergeau.com",
            "expires": "1",
            "to": " Fran?ois Yergeau<francois@yergeau.com>\n",
            "cc": " GEO<public-i18n-geo@w3.org>, Bjoern Hoehrmann<derhoermi@gmx.net>\n"
        },
        {
            "body": "Reordering a bit:Tex Texin a ?crit:> 4) I do know that IE maps the c1 range into 1252 values.Not so fast!  With a test page in XHTML (supposedly kicks IE in strictparsing mode), I see only the euro displayed, all the others are whiterectangles.  Surprisingly, it's much the same in NS7 (s/whiterectangle/replacement char/)!> 5) C0 in html- the spec says yes. I agree there are no glyphs, when I tried> it, although &#2; was a different box than &#x3;-&#x8; for some reason.> However, the validator rejects these characters. I want to get Martin's> comment on why dtd makes it unused.OK, let's dive.  Looking more closely, the spec doesn't really say yes.Section 5.1 obliquely says that the document character set isISO10646.   And 10646 in turn doesn't define the C0 and C1 controls itjust says (Clause 15): \"This coded character set provides for use ofcontrol functions encoded according to ISO/IEC 6429 or similarlystructured standards for control functions, and standards derived fromthese.\"  And if you look at the code charts, the C0 and C1 areas areconspicuously empty (grayed out).The HTML spec contains an SGML declaration (section 20.1) which formallydeclares what the document character set is:CHARSETBASESET  \"ISO Registration Number 177//CHARSETISO/IEC 10646-1:1993 UCS-4 withimplementation level 3//ESC 2/5 2/15 4/6\"DESCSET 0       9       UNUSED9       2       911      2       UNUSED13      1       1314      18      UNUSED32      95      32127     1       UNUSED128     32      UNUSED160     55136   16055296   2048    UNUSED  -- SURROGATES --57344   1056768 57344So it explicitly excludes all of C0, C1 and #x7F, except for TAB, CR andLF.  We were both wrong.> 3) NULL- ok, what to say about it? I don't want to doc browsers' random> behavior. It would be nice to say its illegal and be done with it.Well, there you have it now.  It's illegal in HTML, XML 1.0 and XML 1.1.> 7) character entity references. Maybe this is a terminology problem on my> part.Well, HTML does have this terminology (in 5.3.2).  It's not definedclearly, but it seems to cover all the predefined entities that HTMLoffers \"to give authors a more intuitive way of referring to charactersin the document character set\".  The purported intuitiveness is, ofcourse, lost on non-English-speakers.> The title of http://www.w3.org/TR/2002/CR-xml11-20021015/#sec4.1 is character> and entity references.> I presumed the former was ncr and the latter was CER. It is possible to give a> name to a character in xml.It is possible to give a name to an entity, which may or may not containa single character.  The five entities that XML predefines (lt, gt, amp,quot and apos) do contain only one character.> 9) AHA! ok. I see the production changed in> http://www.w3.org/TR/2002/CR-xml11-20021015/#sec2.2> so that 7f-9f except 85 is excluded. Seems to me an odd thing to do, althoughIt makes things quite symmetrical.  Apart from the few useful ones (CR,LF, TAB and NEL), all controls must be represented as NCRs; NULL isforbidden altogether.Regards,--Fran?ois",
            "docno": "lists-016-3176911",
            "received": "Tue May 27 14:15:43 2003",
            "isoreceived": "20030527181543",
            "sent": "Tue, 27 May 2003 14:15:34 0400",
            "isosent": "20030527181534",
            "name": "Fran?ois Yergeau",
            "email": "francois@yergeau.com",
            "subject": "Re: Q&amp;A: control codes",
            "id": "3ED3AB46.70509@yergeau.com",
            "charset": "ISO-88591",
            "inreplyto": "3ED28455.2DD1674C&#64;I18nGuy.com",
            "expires": "1",
            "to": " Tex Texin<tex@i18nguy.com>\n",
            "cc": " GEO<public-i18n-geo@w3.org>, Bjoern Hoehrmann<derhoermi@gmx.net>\n"
        },
        {
            "body": "Fran?ois Yergeau wrote:> +++++++++++++++++++++++++++++++++++++++++> In interface DOMSerializer, method writeURI(), it would be desirable to> specify more how to write to a URI, at least for very common schemes> such as HTTP(S) and mailto.>> In HTTP, it would seem desirable to actually be able to choose which> verb (POST or PUT) is used.  POST is supposed to be used when posting> forms, which XForms does with XML data.  PUT is supposed to be used for> uploading data, here an XML document.  The DOM user should be able to> specify which to use, perhaps using an additional parameter to the method.>> The spec should also specify to include a Content-Type header with a> media type (which? need a parameter to the method?) and a charset> parameter.>> Same comment for DOMOutput when the systemID ends up being used.The DOM WG discussed this issue and decided to specify that when writingto a HTTP URI, a HTTP PUT is always performed. For other typs of URIs,the mechanism for writing the data to the URI is implementationdependent. The WG did not want to extend the API to let the user specifya content type, though it was decided to make the spec state that theimplementation is expected to make the implementation responsible ofassociating the appropriate media type with the serialized data. As forDOMOutput. (DOMSerializer.writeURI() is now simply a convenience methodthat acts as if calling write(), passing the uri using the DOMOutputargument).--jst",
            "docno": "lists-104-16712869",
            "received": "Mon Sep 15 20:43:14 2003",
            "isoreceived": "20030916004314",
            "sent": "Mon, 15 Sep 2003 17:42:46 -0700",
            "isosent": "20030916004246",
            "name": "Johnny Stenback",
            "email": "jst@netscape.com",
            "subject": "Re: Reviews of DOM 3 Core and Load&amp;Save",
            "id": "3F665C86.5020203@netscape.com",
            "charset": ", use DOMSerializer.write() and specify the charset in the",
            "inreplyto": "3F313C75.9050603&#64;yergeau.com",
            "expires": "-1",
            "to": " Fran?ois Yergeau<francois@yergeau.com>\n",
            "cc": "www-dom@w3.org\n"
        },
        {
            "body": "Fran?ois Yergeau wrote:> +++++++++++++++++++++++++++++++++++++++++> In interface DOMOutput, is it not possible to specify the behavior when> the systemID is a relative URI?  Wouldn't \"relative to baseURI of> Document\" work?The WG discussed this and if anything, the systemId is relative to thecaller's current location, but whether or not that's possible, and whatthat means, is implementation dependent. Therefore, the spec remainsunchanged.--jst",
            "docno": "lists-104-16729305",
            "received": "Mon Sep 15 20:59:40 2003",
            "isoreceived": "20030916005940",
            "sent": "Mon, 15 Sep 2003 17:59:13 -0700",
            "isosent": "20030916005913",
            "name": "Johnny Stenback",
            "email": "jst@netscape.com",
            "subject": "Re: Reviews of DOM 3 Core and Load&amp;Save",
            "id": "3F666061.9040604@netscape.com",
            "charset": "ISO-8859-1",
            "inreplyto": "3F313C75.9050603&#64;yergeau.com",
            "expires": "-1",
            "to": " Fran?ois Yergeau<francois@yergeau.com>\n",
            "cc": "www-dom@w3.org\n"
        },
        {
            "body": "Tex Texin a ?crit:> The XML spec allows for Unicode characters from space (20) and above and #x9 |> #xA | #xD. Various existing applications make use of \"characters\" below 20 for> various reasons. Since they are not allowed in XML, what is the recommended> way to represent them?I don't think there's any official recommendation, but a useful way todeal with this situation is to base64-encode the whole string (e.g. thecontent of a specific element) that may contain controls.  Of course,the receiving application must know to decode the encoding to recoverthe intended content.> Note the applications that use these chars want to efficiently write them out> and read them in, and want to exchange the data with other apps easily.> Escaping them as &#xhhhh; is not an option, nor is cdata, as they both> reference the production rules for char.XML 1.1 allows them as &#xhhhh;, except for U+0000 NULL.  Seehttp://www.w3.org/TR/2002/CR-xml11-20021015/#sec4.1.--Fran?ois",
            "docno": "lists-016-3094172",
            "received": "Sun May 25 14:13:14 2003",
            "isoreceived": "20030525181314",
            "sent": "Sun, 25 May 2003 13:38:15 0400",
            "isosent": "20030525173815",
            "name": "Fran?ois Yergeau",
            "email": "francois@yergeau.com",
            "subject": "Re: control codes",
            "id": "3ED0FF87.1020904@yergeau.com",
            "charset": "ISO-88591",
            "inreplyto": "3ED0F5B1.7FBD2988&#64;I18nGuy.com",
            "expires": "1",
            "to": " Tex Texin<tex@i18nguy.com>\n",
            "cc": " GEO<public-i18n-geo@w3.org>\n"
        },
        {
            "body": "At 17:06 03/12/17 -0500, Tex Texin wrote:>There were questions about server load and scalability.Using negotiation can mean that you get first a list of allthe files in a directory, then do a subrequest for each ofthe file that has the right prefix so that you get therelevant info (language, charset,...). That can cost a lot.But I'm sure there are ways to speed this up. In particular,typemaps should be a lot faster than multiviews becausetypemaps avoid the above lookups and subrequests. Butthey have to be kept up to date. Seehttp://httpd.apache.org/docs-2.0/content-negotiation.html#negotiation.Negotiation can also affect caching performance, but itshould not if the server and the cache use HTTP/1.1(instead of HTTP/1.0).Regards,   Martin.",
            "docno": "lists-015-16265215",
            "received": "Sat Dec 20 18:59:33 2003",
            "isoreceived": "20031220235933",
            "sent": "Sat, 20 Dec 2003 18:49:23 0500",
            "isosent": "20031220234923",
            "name": "Martin Duerst",
            "email": "duerst@w3.org",
            "subject": "Re: when to use language negotiation author needed",
            "id": "4.2.0.58.J.20031220184225.05be7c88@localhost",
            "charset": "usascii",
            "inreplyto": "3FE0D349.1BE2DE20&#64;i18nguy.com",
            "expires": "1",
            "to": " Tex Texin<tex@i18nguy.com>, GEO<public-i18n-geo@w3.org>, Yves Savourel<ysavourel@translate.com>, John Yunker<yunkerjohn@yahoo.com>,\"Francois Yergeau\"<francois@yergeau.com>\n"
        },
        {
            "body": "Fran?ois Yergeau wrote:> +++++++++++++++++++++++++++++++++++++++++> In interface DOMParser, in the description of the> \"unbound-namespace-in-entity\" warning, how can an unbound prefix be> found in an entity *declaration*?  Perhaps you mean in an entity's> replacement text?Fixed.>> Also typo \"encounterd\".Fixed.--jst",
            "docno": "lists-104-16681968",
            "received": "Mon Sep 15 19:46:35 2003",
            "isoreceived": "20030915234635",
            "sent": "Mon, 15 Sep 2003 16:46:08 -0700",
            "isosent": "20030915234608",
            "name": "Johnny Stenback",
            "email": "jst@netscape.com",
            "subject": "Re: Reviews of DOM 3 Core and Load&amp;Save",
            "id": "3F664F40.5090600@netscape.com",
            "charset": "ISO-8859-1",
            "inreplyto": "3F313C75.9050603&#64;yergeau.com",
            "expires": "-1",
            "to": " Fran?ois Yergeau<francois@yergeau.com>\n",
            "cc": "www-dom@w3.org\n"
        },
        {
            "body": "Martin Duerst wrote:>> 2) I don't know the answer to the question on htaccess for changing>> language directories rather than pages.>> I had the same question.>>> It must be possible with Apache, because the Apache documentation> project uses it. Look e.g. at> http://httpd.apache.org/docs-2.0/en/content-negotiation.html> http://httpd.apache.org/docs-2.0/ko/content-negotiation.html> http://httpd.apache.org/docs-2.0/ja/content-negotiation.html> and http://httpd.apache.org/docs-2.0/content-negotiation.html.> But I haven't figured it out yet, but it seems to involve more> than just simple configuration directives.>I assume they're using type maps, esp since you specify URIs in the typemaps rather than filenames.Content negotiation appears to be implimented at the higher directorystructure index levels like http://httpd.apache.org/docs-2.0/ but if youfollow a deep link into the documentation you don't have langaugenegotiation instead you have to select a language form the langaugemenu. Either that or my browser is misbehaving.Andrew--Andrew Cunninghame-Diversity and Content Infrastructure SolutionsPublic Libraries Unit, VicnetState Library of Victoria328 Swanston StreetMelbourne  VIC  3000Australiaandrewc@vicnet.net.auPh. +61-3-8664-7430Fax: +61-3-9639-2175http://www.openroad.net.au/http://www.libraries.vic.gov.au/http://www.vicnet.net.au/",
            "docno": "lists-015-16274482",
            "received": "Sun Dec 21 20:49:23 2003",
            "isoreceived": "20031222014923",
            "sent": "Mon, 22 Dec 2003 12:42:59 +1100",
            "isosent": "20031222014259",
            "name": "Andrew Cunningham",
            "email": "ndrewc@vicnet.net.au",
            "subject": "Re: when to use language negotiation author needed",
            "id": "3FE64C23.3040408@vicnet.net.au",
            "charset": "usascii",
            "inreplyto": "4.2.0.58.J.20031220134030.05be5868&#64;localhost",
            "expires": "1",
            "to": " Martin Duerst<duerst@w3.org>\n",
            "cc": " Tex Texin<tex@i18nguy.com>, John Yunker<yunkerjohn@yahoo.com>, GEO<public-i18n-geo@w3.org>, Yves Savourel<ysavourel@translate.com>, Fran???is Yergeau<francois@yergeau.com>\n"
        },
        {
            "body": "Fran?ois,thanks as always.Mostly agreement here and some new understanding on my part. I numbered yourcomments in the text and just reply here:1) control code characters - I think of it as characters that representcontrol codes, so don't really see a problem.I'll look at this, after we deal with the more substantial comments. I do seeyour point though in codes not being characters.2) Originally, I really did just mean to discuss just c0... Actually c0without null, since I didn't think there was an issue with null, but youundermined all of this... ;-(  I'll come back to the scope after we review therest of your points.3) NULL- ok, what to say about it? I don't want to doc browsers' randombehavior. It would be nice to say its illegal and be done with it.4) I do know that IE maps the c1 range into 1252 values. It encourages peopleto presume that those values represent legit characters rather than forcingthem to use correct NCRs. On the other hand, I am sure it is a compatibilityissue for many many pages. If we discuss c1, I can add this as a caution.5) C0 in html- the spec says yes. I agree there are no glyphs, when I triedit, although &#2; was a different box than &#x3;-&#x8; for some reason.However, the validator rejects these characters. I want to get Martin'scomment on why dtd makes it unused.6) c1 is allowed in XML. Yes I agree. That is why I restricted myself to c0. Ididn't see an issue. Since it is supported, legacy apps don't have a problemmigrating to *ML and using it. However, I now understand it is restricted in1.1, so needs to be covered.7) character entity references. Maybe this is a terminology problem on mypart.The title of http://www.w3.org/TR/2002/CR-xml11-20021015/#sec4.1 is characterand entity references.I presumed the former was ncr and the latter was CER. It is possible to give aIs that not called a CER? I guess HTML uses CER for the predefined ones. Irealize XML doesn't have these definitions predefined.Shall I just call it an entity reference?8) NCR doesn't work for null. ok, I'll doc this.9) AHA! ok. I see the production changed inhttp://www.w3.org/TR/2002/CR-xml11-20021015/#sec2.2so that 7f-9f except 85 is excluded. Seems to me an odd thing to do, althoughI appreciate there is a lot of ambiguity around controls.ok, thanks very much for your careful review!What I thought was going to be a cheap, easy one paragraph Q&A has become amuch larger effort... oh well. Too bad it is in such a marginal area, althoughI know a couple programmers that were having trouble with this...texFran?ois Yergeau wrote:>> Comments embedded below.>> Tex Texin a ?crit:> >   Questions & Answers: HTML, XHTML, XML and control code characters>1> \"control code characters\" looks wrong to me.  Should be \"control codes\"> or \"control characters\".>> >     Question...> >> > Are there any differences in the way HTML, XML, and XHTML support the> > \"control code\" characters (U+0001-U+001F)?>2> This shouldn't be restricted to the range U+0001-U+001F.  As the title> implies, it should also cover the C1 range.  The issues and solutions> are pretty much the same for C0 and C1, although details differ.  See> also my comment on Note 1 below.>> >     * HTML supports the C0 range.3>> Really?  Hmmm, yes, the spec seems to say that.  Your mileage may vary> though, especially with U+0000 NULL.  If I put &#x0000; in an HTML file,> IE6 displays it as \"&#x0000;\", litterally.  It doesn't interpret it as> an NCR.5Other NCRs in the C0 and C1 ranges variously give a> missing-glyph rectangle or nothing at all.4&#x0080; yields a euro sign!>> >     * XML 1.0 and XHTML do not allow these characters.>6> The C1 range is allowed in XML 1.0.>> >     * XML 1.1 allows the characters to be represented by Numeric> >       Character References (NCR) or Character Entity References.>7> There are no such things as Character Entity References in XML.  The> controls are allowed *only* as NCRs.>> >       Solutions> > In XML 1.1, the simplest alternative is to represent any occurence of a> > C0 character with an NCR. For example, the character \"ESCAPE\" U+001B> > would be represented by either &#x1B; (hexadecimal) or &#27; (decimal).>8> Doesn't work for U+0000 NULL.>> > XML 1.1, according to Section 4.1 Character and Entity References> > <http://www.w3.org/TR/2002/CR-xml11-20021015/#sec4.1>, extended XML to> > allow the Unicode characters in the C0 range to be represented as> > Numeric Character References or Character Entity References.noted> Not the latter, see above.>> >       NOTES:> >> > 1 There is a similar set of control codes in the range U+007F-U+009F,> > known as the C1 range. Since these are not excluded by any of the markup> > languages, they are not discussed here.9>> XML 1.1 does exclude the C1 controls (except U+0085 NEL) as litteral> characters, just like the C0.  They are allowed as NCRs.>---------------------------------------------------------------Tex Texin   cell: +1 781 789 1898   mailto:Tex@XenCraft.comXen Master                          http://www.i18nGuy.comXenCraft            http://www.XenCraft.comMaking e-Business Work Around the World-------------------------------------------------------------",
            "docno": "lists-016-3156731",
            "received": "Mon May 26 17:18:56 2003",
            "isoreceived": "20030526211856",
            "sent": "Mon, 26 May 2003 17:17:09 0400",
            "isosent": "20030526211709",
            "name": "to a character in xml.",
            "email": "tex@i18nguy.com",
            "subject": "Re: Q&amp;A: control codes",
            "id": "3ED28455.2DD1674C@I18nGuy.com",
            "charset": "iso-88591",
            "inreplyto": "3ED224B8.1050905&#64;yergeau.com",
            "expires": "1",
            "to": " Fran?ois Yergeau<francois@yergeau.com>\n",
            "cc": " GEO<public-i18n-geo@w3.org>, Bjoern Hoehrmann<derhoermi@gmx.net>\n"
        },
        {
            "body": "that's great, thanks Francois.base64 is probably not practical for this situation (records too large).but escaping is reasonable.texFran?ois Yergeau wrote:>> Tex Texin a ?crit:> > The XML spec allows for Unicode characters from space (20) and above and #x9 |> > #xA | #xD. Various existing applications make use of \"characters\" below 20 for> > various reasons. Since they are not allowed in XML, what is the recommended> > way to represent them?>> I don't think there's any official recommendation, but a useful way to> deal with this situation is to base64-encode the whole string (e.g. the> content of a specific element) that may contain controls.  Of course,> the receiving application must know to decode the encoding to recover> the intended content.>> > Note the applications that use these chars want to efficiently write them out> > and read them in, and want to exchange the data with other apps easily.> > Escaping them as &#xhhhh; is not an option, nor is cdata, as they both> > reference the production rules for char.>> XML 1.1 allows them as &#xhhhh;, except for U+0000 NULL.  See> http://www.w3.org/TR/2002/CR-xml11-20021015/#sec4.1.>> --> Fran?ois---------------------------------------------------------------Tex Texin   cell: +1 781 789 1898   mailto:Tex@XenCraft.comXen Master                          http://www.i18nGuy.comXenCraft            http://www.XenCraft.comMaking e-Business Work Around the World-------------------------------------------------------------",
            "docno": "lists-016-3085486",
            "received": "Sun May 25 14:08:22 2003",
            "isoreceived": "20030525180822",
            "sent": "Sun, 25 May 2003 14:06:50 0400",
            "isosent": "20030525180650",
            "name": "Tex Texin",
            "email": "tex@i18nguy.com",
            "subject": "Re: control codes",
            "id": "3ED1063A.48C03C91@I18nGuy.com",
            "charset": "iso-88591",
            "inreplyto": "3ED0FF87.1020904&#64;yergeau.com",
            "expires": "1",
            "to": " Fran?ois Yergeau<francois@yergeau.com>\n",
            "cc": " GEO<public-i18n-geo@w3.org>\n"
        },
        {
            "body": "Fran?ois Yergeau wrote:> +++++++++++++++++++++++++++++++++++++++++> In interface DOMInput, it says \"The DOMParser will use the DOMInput> object to determine how to read data. The DOMParser will look at the> different inputs specified in the DOMInput in the following order to> know which one to read from, the first one through which data is> available will be used: \">> It is not clear how the DOMParser does that, i.e. how it determines if> data is available.  Is there an expectation that, say,> DOMInput.characterStream will be null if data is not available there?> What about stringData?  Null or empty?  Is this binding-specific?>> Same comment for DOMOutput.Fixed. Both DOMInput and DOMOutput now specify how to know whatinput/output to use.--jst",
            "docno": "lists-104-16697005",
            "received": "Mon Sep 15 20:17:27 2003",
            "isoreceived": "20030916001727",
            "sent": "Mon, 15 Sep 2003 17:16:59 -0700",
            "isosent": "20030916001659",
            "name": "Johnny Stenback",
            "email": "jst@netscape.com",
            "subject": "Re: Reviews of DOM 3 Core and Load&amp;Save",
            "id": "3F66567B.3060604@netscape.com",
            "charset": "ISO-8859-1",
            "inreplyto": "3F313C75.9050603&#64;yergeau.com",
            "expires": "-1",
            "to": " Fran?ois Yergeau<francois@yergeau.com>\n",
            "cc": "www-dom@w3.org\n"
        },
        {
            "body": "On Wed, 2003-08-06 at 13:35, Fran?ois Yergeau wrote:> +++++++++++++++++++++++++++++++++++++++++> In appendix C.1.1, Document.actualEncoding should be set to [character> encoding scheme], which is \"The name of the character encoding scheme in> which the document entity is expressed.\" in the infoset spec, not> necessarily the value of the encoding pseudo-att of the XML declaration.> Document.xmlEncoding probably should not be set.>> In appendix C.1.2, [character encoding scheme] should be set from> Document.actualEncoding.Fixed.> +++++++++++++++++++++++++++++++++++++++++> In appendix C.1.1, Document.xmlVersion should be \"The [version] property> or 1.0 if the latter has no value.\">> Same, mutatis mutandis, for xmlStandalone (false if no value).Fixed (for both xmlVersion and xmlStandalone).As a side comment, there is a generic sentence to deal with unspecifiedor unknown infoset values at the beginning of the appendix. The LastCall version mentions null values, while the current editors' versionmentions false as well when not specified.> +++++++++++++++++++++++++++++++++++++++++> In appendix C.1.2, [notations] should be \"Document.doctype.notations\",> in order to point to the correct DocumentType object.ok. I guess if we go that way, I should track all those cases, sincewe're using shortcuts in lots of cases.> +++++++++++++++++++++++++++++++++++++++++> In appendix C.3.1, Node.previousSibling and Node.nextSibling should be> set to null.Correct. This applies to Node.parentNode as well.> +++++++++++++++++++++++++++++++++++++++++> In appendix C.6.1, it should be clarified that CDATASection nodes cannot> occur from an infoset mapping, since the infoset doesn't contain CDATA> section boundaries.Added.Philippe",
            "docno": "lists-104-15716212",
            "received": "Wed Aug  6 15:25:26 2003",
            "isoreceived": "20030806192526",
            "sent": "06 Aug 2003 15:25:24 -0400",
            "isosent": "20030806192524",
            "name": "Philippe Le Hegaret",
            "email": "plh@w3.org",
            "subject": "Infoset mapping inconsistencies",
            "id": "1060197923.8001.82.camel@jfouffa.w3.org",
            "charset": "iso-8859-1",
            "inreplyto": "3F313C75.9050603&#64;yergeau.com",
            "expires": "-1",
            "to": " Fran?ois Yergeau<francois@yergeau.com>\n",
            "cc": " WWW DOM<www-dom@w3.org>\n"
        },
        {
            "body": "Fran?ois Yergeau wrote:> +++++++++++++++++++++++++++++++++++++++++> In interface DOMParser, 1st bullet after 3rd para, it is wrong to claim> that CDATA sections are structure.  It also seems wrong to set> expectations that CDATA sections will show up after parsing when in fact> parsers are not required to report them.Fixed. The spec no longer referes to CDATA section nodes as structure.--jst",
            "docno": "lists-104-16674365",
            "received": "Mon Sep 15 19:37:41 2003",
            "isoreceived": "20030915233741",
            "sent": "Mon, 15 Sep 2003 16:36:40 -0700",
            "isosent": "20030915233640",
            "name": "Johnny Stenback",
            "email": "jst@netscape.com",
            "subject": "Re: Reviews of DOM 3 Core and Load&amp;Save",
            "id": "3F664D08.80606@netscape.com",
            "charset": "ISO-8859-1",
            "inreplyto": "3F313C75.9050603&#64;yergeau.com",
            "expires": "-1",
            "to": " Fran?ois Yergeau<francois@yergeau.com>\n",
            "cc": "www-dom@w3.org\n"
        },
        {
            "body": "Fran?ois Yergeau wrote:> +++++++++++++++++++++++++++++++++++++++++> In interface DOMOutput, the descriptions of encoding and systemID seem> to have been more or less copy-pasted from DOMInput, not fully taking> into account the fact that output is involved, not input.  Setting> encoding indicates an intention, not a knowledge of the encoding of some> existing data.Fixed.--jst",
            "docno": "lists-104-16721690",
            "received": "Mon Sep 15 20:58:52 2003",
            "isoreceived": "20030916005852",
            "sent": "Mon, 15 Sep 2003 17:55:35 -0700",
            "isosent": "20030916005535",
            "name": "Johnny Stenback",
            "email": "jst@netscape.com",
            "subject": "Re: Reviews of DOM 3 Core and Load&amp;Save",
            "id": "3F665F87.8080302@netscape.com",
            "charset": "ISO-8859-1",
            "inreplyto": "3F313C75.9050603&#64;yergeau.com",
            "expires": "-1",
            "to": " Fran?ois Yergeau<francois@yergeau.com>\n",
            "cc": "www-dom@w3.org\n"
        },
        {
            "body": "Tex,I believe that Google is using both content negotiation plus somemethod of IP address identification. I know of company that hascommercialized the service, though I'm not sure how Google goes aboutdoing it.Here's the company: http://www.verifia.comOn Dec 19, 2003, at 3:40 PM, Tex Texin wrote:>> John,>> Good comments.>> 1) On deep linking from search engines and elsewhere, I would think> that> most of the time the search would result in a page that was in one of> the languages of the user. I know it is not always true, but I wouldn't> think using lang. negotiation would be an improvement most of the time> for a deep link.>> But that's a good use case for language selection being available on> every page and for it not to return to the top of the tree, but a> reasonable counterpart of the page the language switch is being made> from.>> 2) I don't know the answer to the question on htaccess for changing> language directories rather than pages.> I had the same question.>> 3) Google must use cookies to remember information from past searches,> especially your location and things like that. Too many of the searches> I do show up local companies and reasonable matches, even when I don't> provide that many keywords. You would think a search for a chinese> restaurant name would give you places randomly around the world rather> than American or Massachusetts places being most highly ranked. (Of> course the dominance of american internet helps there.) I guess I'll> have to do a few searches, then delete all my cookies to test it.>>> --> -------------------------------------------------------------> Tex Texin   cell: +1 781 789 1898   mailto:Tex@XenCraft.com> Xen Master                          http://www.i18nGuy.com>> XenCraft            http://www.XenCraft.com> Making e-Business Work Around the World> ------------------------------------------------------------->>>>John YunkerByte Level Researchjyunker@bytelevel.com+1 (617) 388-6824",
            "docno": "lists-015-16230379",
            "received": "Sat Dec 20 07:57:43 2003",
            "isoreceived": "20031220125743",
            "sent": "Sat, 20 Dec 2003 19:57:56 0500",
            "isosent": "20031221005756",
            "name": "John Yunker",
            "email": "jyunker@bytelevel.com",
            "subject": "Re: when to use language negotiation author needed",
            "id": "B6F1BE10-3350-11D8-AA16000A95D947EC@bytelevel.com",
            "charset": "USASCII",
            "inreplyto": "3FE36243.E3DF9DBA&#64;i18nguy.com",
            "expires": "1",
            "cc": " =?ISO-8859-1?Q?\"Fran=E7ois_Yergeau\"?=<francois@yergeau.com>, Yves Savourel<ysavourel@translate.com>, John Yunker<yunkerjohn@yahoo.com>, GEO<public-i18n-geo@w3.org>\n",
            "to": " Tex Texin<tex@i18nguy.com>\n"
        },
        {
            "body": "Comments embedded below.Tex Texin a ?crit:>   Questions & Answers: HTML, XHTML, XML and control code characters\"control code characters\" looks wrong to me.  Should be \"control codes\"or \"control characters\".>     Question...>> Are there any differences in the way HTML, XML, and XHTML support the> \"control code\" characters (U+0001-U+001F)?This shouldn't be restricted to the range U+0001-U+001F.  As the titleimplies, it should also cover the C1 range.  The issues and solutionsare pretty much the same for C0 and C1, although details differ.  Seealso my comment on Note 1 below.>     Answer...>> Yes, there are differences. The control characters in the range> U+0001-U+001F are also known as the \"C0\" range.1, <#note1> 2 <#note2>> The differences between HTML, XML, and XHTML, in supporting the C0 range> can be important if you have existing data that includes characters in> the C0 range, and you want to represent those characters within one of> the markup languages.>> Note, that when control characters are used for formatting text, for> example Form Feed, U+000C, it is better to replace the characters with> appropriate markup3 <#note3>. If the data is not really textual, but> binary, then it may be more practical to encode it, for example using> base64.>> When C0 characters represent other kinds of text data, it can be> important to maintain the character values in context. The display of> most of the C0 characters by browsers is behavior that is unspecified.> Maintenance of C0 range characters in text is generally more important> for data interchange. Programmers working with legacy applications that> may have data in the C0 range should be aware of which markup languages> support the range.>> A brief statement of the situation is:>>     * HTML supports the C0 range.Really?  Hmmm, yes, the spec seems to say that.  Your mileage may varythough, especially with U+0000 NULL.  If I put &#x0000; in an HTML file,IE6 displays it as \"&#x0000;\", litterally.  It doesn't interpret it asan NCR.  Other NCRs in the C0 and C1 ranges variously give amissing-glyph rectangle or nothing at all.  &#x0080; yields a euro sign!>     * XML 1.0 and XHTML do not allow these characters.The C1 range is allowed in XML 1.0.>     * XML 1.1 allows the characters to be represented by Numeric>       Character References (NCR) or Character Entity References.There are no such things as Character Entity References in XML.  Thecontrols are allowed *only* as NCRs.>       Solutions>> If you need to represent these characters in XML 1.0 or XHTML, you can> create a convention to represent them and replace every occurence with> that convention. An alternative is to encode the data. For example,> encode the data as base64 or as hexadecimal values, to ensure only> supported characters are used in the markup language text. (And of> course, decoding the text when reading the files.) Note that XML Schema> provides data types for these encodings.>> Another alternative is to store the data in an external document and> reference it from the XML document.>> In XML 1.1, the simplest alternative is to represent any occurence of a> C0 character with an NCR. For example, the character \"ESCAPE\" U+001B> would be represented by either &#x1B; (hexadecimal) or &#27; (decimal).Doesn't work for U+0000 NULL.>>>       Additional Details>> The HTML 4 specification, Section 5.1 The Document Character Set> <http://www.w3.org/TR/REC-html40/charset.html#h-5.1>, simply declares> that HTML supports ISO 10646 and its first 5 amendments> <http://www.w3.org/TR/REC-html40/references.html#ref-ISO10646>. ISO> 10646 is equivalent to the Unicode Character Set. The implication is> that control code characters in the range U+0001-U+001F are supported by> HTML.>> XML 1.0 on the other hand declares in Section 2.2 Charsets> <http://www.w3.org/TR/2000/REC-xml-20001006#charsets> that supported> characters include: #x9 | #xA | #xD | [#x20-#xD7FF] | [#xE000-#xFFFD] |> [#x10000-#x10FFFF]. Notably, except for tab (U+0009), line feed> (U+000A), and carriage return (U+000D), characters in the range> U+0001-U+001F are NOT supported.>> XHTML, being the intersection of HTML 4 and XML 1.0, has the same> limitations as XML 1.0. Although not stated explicitly, it is referred> to indirectly in C.15. White Space Characters in HTML vs. XML> <http://www.w3.org/TR/xhtml1/#C_15>.>> XML 1.1, according to Section 4.1 Character and Entity References> <http://www.w3.org/TR/2002/CR-xml11-20021015/#sec4.1>, extended XML to> allow the Unicode characters in the C0 range to be represented as> Numeric Character References or Character Entity References.Not the latter, see above.>       NOTES:>> 1 There is a similar set of control codes in the range U+007F-U+009F,> known as the C1 range. Since these are not excluded by any of the markup> languages, they are not discussed here.XML 1.1 does exclude the C1 controls (except U+0085 NEL) as litteralcharacters, just like the C0.  They are allowed as NCRs.>> 2 More details on the C0 range are available in the Unicode Code Chart:> C0 Controls and Basic Latin <http://www.unicode.org/charts/PDF/U0000.pdf>.>> 3 The document Unicode in XML and other Markup Languages> <http://www.w3.org/TR/unicode-xml/> contains guidelines on the use of> the Unicode Standard in conjunction with markup languages such as XML.--Fran?ois",
            "docno": "lists-016-3143033",
            "received": "Mon May 26 13:24:22 2003",
            "isoreceived": "20030526172422",
            "sent": "Mon, 26 May 2003 10:29:12 0400",
            "isosent": "20030526142912",
            "name": "Fran?ois Yergeau",
            "email": "francois@yergeau.com",
            "subject": "Re: Q&amp;A: control codes",
            "id": "3ED224B8.1050905@yergeau.com",
            "charset": "ISO-88591",
            "inreplyto": "3ED187C4.D11258D&#64;I18nGuy.com",
            "expires": "1",
            "to": " Tex Texin<tex@i18nguy.com>\n",
            "cc": " GEO<public-i18n-geo@w3.org>, Bjoern Hoehrmann<derhoermi@gmx.net>\n"
        },
        {
            "body": "Tex Texin wrote:> Yes, I had heard that too and had started to mention it in my comments> and then removed it because identifying> a users location by ip address isn't that reliable. For example, workers> for large companies often connect from anywhere in the world to the> corporate network and then all of their outgoing net requests look to> the rest of the world as if they came from a single client ip address,> which is a proxy for all the companies users.>Within the sectors I work in, location and/or IP address arenon-workable as a solution to content negotiation.Andrew--Andrew Cunninghame-Diversity and Content Infrastructure SolutionsPublic Libraries Unit, VicnetState Library of Victoria328 Swanston StreetMelbourne  VIC  3000Australiaandrewc@vicnet.net.auPh. +61-3-8664-7430Fax: +61-3-9639-2175http://www.openroad.net.au/http://www.libraries.vic.gov.au/http://www.vicnet.net.au/",
            "docno": "lists-015-16285422",
            "received": "Sun Dec 21 20:49:28 2003",
            "isoreceived": "20031222014928",
            "sent": "Mon, 22 Dec 2003 12:46:42 +1100",
            "isosent": "20031222014642",
            "name": "Andrew Cunningham",
            "email": "ndrewc@vicnet.net.au",
            "subject": "Re: when to use language negotiation author needed",
            "id": "3FE64D02.5000705@vicnet.net.au",
            "charset": "usascii",
            "inreplyto": "3FE463D5.8C510AFB&#64;i18nguy.com",
            "expires": "1",
            "to": " Tex Texin<tex@i18nguy.com>\n",
            "cc": " John Yunker<jyunker@bytelevel.com>, Fran?ois Yergeau<francois@yergeau.com>, Yves Savourel<ysavourel@translate.com>, John Yunker<yunkerjohn@yahoo.com>, GEO<public-i18n-geo@w3.org>\n"
        },
        {
            "body": "Michael Kay a ?crit :> On the second, the serializer is driven by a set of parameters. I think> that by the time the serializer is invoked, the parameter values have> been fully computed, regardless where they came from, so the> serialization spec does not need to discuss different ways of supplying> the parameters.If the parameters are the only way to influence serialization behaviour,then this should be clarified.  Section 3 now starts \"There are a numberof parameters that influence...\", which doesn't seem to claim toexhaustiveness.>>[19] 6.4 HTML Output Method: Writing Character Data: \"When outputting>>   a sequence of whitespace characters in the data model, within an>>   element where whitespace is treated normally, (but not in elements>>   such as pre and textarea) the html output method may represent it>>   using any character sequence that will be treated as whitespace>>   by an HTML user agent.\": @@@ We need to check whether this (which>>   allows replacement of whitespace including linebreaks by whitespace>>   not including linebreaks and vice-versa) is okay for Chinese,>>   Japanese, Thai,... (languages without spaces between words).>>   This has to be checked extremely carefully.>> I think it's better if we don't try to define the detailed rules here,> but just state the constraint: you can replace one whitespace sequence> by another if user agents treat them as equivalent.The current text does not say that, it says that one sequence of whitecan be replaced by another if HTML user agents consider the latter aswhitespace (presumably in the XML sense).  But HTML user agents need todistinguish line breaks from other whitespace, for the reasons hinted toby Martin. See list item 9 inhttp://www.w3.org/TR/2001/REC-xhtml-modularization-20010410/conformance.html#s_conform_user_agentfor the gory details.Regards,--Fran?ois",
            "docno": "lists-019-15094823",
            "received": "Wed Feb 18 22:34:59 2004",
            "isoreceived": "20040219033459",
            "sent": "Wed, 18 Feb 2004 22:33:35 -0500",
            "isosent": "20040219033335",
            "name": "Fran?ois Yergeau",
            "email": "francois@yergeau.com",
            "subject": "Re: [Serial] I18N WG last call comments",
            "id": "40342E8F.1080008@yergeau.com",
            "charset": "ISO-8859-1",
            "inreplyto": "001001c3f419$a84cc8b0$6401a8c0&#64;pcukmka",
            "expires": "-1",
            "to": " Michael Kay<mhk@mhk.me.uk>\n",
            "cc": " 'Martin Duerst'<duerst@w3.org>,public-qt-comments@w3.org,w3c-i18n-ig@w3.org,w3c-dom-wg@w3.org\n"
        },
        {
            "body": "On 17/04/2002 10:40:23 Martin Duerst wrote:[...]> <33>>     In general, the changes amount to adding new characters, which does>     not pose particular problems with old data.  Amendment 5 to ISO/IEC>     10646, however, has moved and expanded the Korean Hangul block,>> As far as I understand, amendments for ISO standards are numbered> separately for each version. So we need to clearly say here that> it is Amendments 5 to 10646:1993. Also, saying when that change> happened (Ken?) will help bringing things in perspective for the> new reader.A minor point.  In:>     Amendment 5 to ISO/IEC>     10646, however, has moved and expanded the Korean Hangul block,the \"has\" makes it sound recent.  Please drop it.Thanks,Misha[...]------------------------------------------------------------- ---Visit our Internet site at http://www.reuters.comAny views expressed in this message are those of  the  individualsender,  except  where  the sender specifically states them to bethe views of Reuters Ltd.",
            "docno": "lists-003-10708112",
            "received": "Wed Apr 17 08:15:40 2002",
            "isoreceived": "20020417121540",
            "sent": "Wed, 17 Apr 2002 13:13:22 +0100",
            "isosent": "20020417121322",
            "name": "Misha.Wolf@reuters.com",
            "email": "Misha.Wolf@reuters.com",
            "subject": "Re: Comments on draft-yergeau-rfc2279bis-00.txt",
            "id": "T5a507afc33c407b707760@reuters.com",
            "charset": "us-ascii",
            "inreplyto": "Comments on draft-yergeau-rfc2279bis-00.txt",
            "expires": "-1",
            "to": "francois@yergeau.com\n",
            "cc": "ietf-charsets@iana.org\n"
        },
        {
            "body": "OK, I tried an xhtml file and using ncr's to define the characters 0x80-0x90 Isee them, but encoding the characters directly, they are all question marks,including the euro.texFran?ois Yergeau wrote:> > 4) I do know that IE maps the c1 range into 1252 values.>> Not so fast!  With a test page in XHTML (supposedly kicks IE in strict> parsing mode), I see only the euro displayed, all the others are white> rectangles.  Surprisingly, it's much the same in NS7 (s/white> rectangle/replacement char/)!",
            "docno": "lists-016-3200800",
            "received": "Wed May 28 02:29:31 2003",
            "isoreceived": "20030528062931",
            "sent": "Wed, 28 May 2003 02:27:20 0400",
            "isosent": "20030528062720",
            "name": "Tex Texin",
            "email": "tex@i18nguy.com",
            "subject": "Re: Q&amp;A: control codes",
            "id": "3ED456C8.98CD2B31@I18nGuy.com",
            "charset": "iso-88591",
            "inreplyto": "3ED3AB46.70509&#64;yergeau.com",
            "expires": "1",
            "to": " Fran?ois Yergeau<francois@yergeau.com>\n",
            "cc": " GEO<public-i18n-geo@w3.org>\n"
        },
        {
            "body": "Yes, I had heard that too and had started to mention it in my commentsand then removed it because identifyinga users location by ip address isn't that reliable. For example, workersfor large companies often connect from anywhere in the world to thecorporate network and then all of their outgoing net requests look tothe rest of the world as if they came from a single client ip address,which is a proxy for all the companies users.There are other problems as well.But maybe google or other search engines use the approach coupled withother techniques...I don't know verifia, I'll give it a look. thankstexJohn Yunker wrote:>> Tex,>> I believe that Google is using both content negotiation plus some> method of IP address identification. I know of company that has> commercialized the service, though I'm not sure how Google goes about> doing it.>> Here's the company: http://www.verifia.com>> On Dec 19, 2003, at 3:40 PM, Tex Texin wrote:>> >> > John,> >> > Good comments.> >> > 1) On deep linking from search engines and elsewhere, I would think> > that> > most of the time the search would result in a page that was in one of> > the languages of the user. I know it is not always true, but I wouldn't> > think using lang. negotiation would be an improvement most of the time> > for a deep link.> >> > But that's a good use case for language selection being available on> > every page and for it not to return to the top of the tree, but a> > reasonable counterpart of the page the language switch is being made> > from.> >> > 2) I don't know the answer to the question on htaccess for changing> > language directories rather than pages.> > I had the same question.> >> > 3) Google must use cookies to remember information from past searches,> > especially your location and things like that. Too many of the searches> > I do show up local companies and reasonable matches, even when I don't> > provide that many keywords. You would think a search for a chinese> > restaurant name would give you places randomly around the world rather> > than American or Massachusetts places being most highly ranked. (Of> > course the dominance of american internet helps there.) I guess I'll> > have to do a few searches, then delete all my cookies to test it.> >> >> > --> > -------------------------------------------------------------> > Tex Texin   cell: +1 781 789 1898   mailto:Tex@XenCraft.com> > Xen Master                          http://www.i18nGuy.com> >> > XenCraft                          http://www.XenCraft.com> > Making e-Business Work Around the World> > -------------------------------------------------------------> >> >> >> >> John Yunker> Byte Level Research> jyunker@bytelevel.com> +1 (617) 388-6824---------------------------------------------------------------Tex Texin   cell: +1 781 789 1898   mailto:Tex@XenCraft.comXen Master                          http://www.i18nGuy.comXenCraft            http://www.XenCraft.comMaking e-Business Work Around the World-------------------------------------------------------------",
            "docno": "lists-015-16242008",
            "received": "Sat Dec 20 10:06:16 2003",
            "isoreceived": "20031220150616",
            "sent": "Sat, 20 Dec 2003 09:59:33 0500",
            "isosent": "20031220145933",
            "name": "Tex Texin",
            "email": "tex@i18nguy.com",
            "subject": "Re: when to use language negotiation author needed",
            "id": "3FE463D5.8C510AFB@i18nguy.com",
            "charset": "usascii",
            "inreplyto": "B6F1BE10-3350-11D8-AA16000A95D947EC&#64;bytelevel.com",
            "expires": "1",
            "to": " John Yunker<jyunker@bytelevel.com>\n",
            "cc": " Fran?ois Yergeau<francois@yergeau.com>, Yves Savourel<ysavourel@translate.com>, John Yunker<yunkerjohn@yahoo.com>, GEO<public-i18n-geo@w3.org>\n"
        },
        {
            "body": "Fran?ois,great stuff.4) could it be font on your end? I didn't try xhtml, but for an html example,I see several of the characters in the 0x80-90 range in both IE and NS7.Perhaps the stricter parsing corrects the other characters, but it is odd theeuro shows thru then.5) Unicode 3, section 13.1 says more or less it is up to the application butfalls back to 6429. The chart shows the control names.My simplistic interpretation is both standards (Unicode, 10646) are saying itis up to the application to define their use, and html defines them as not tobe used.3) Nulls- ok!7) CER- ok. I did mean to say that you can name an entity, but I wrotecharacter...9) OK. What seemed odd to me was recognizing the controls were needed enoughto add NCRs to support them and then ruling out the c1 range.And why allow them as ncr's but not as encoded values?thanks Fran?ois. I really appreciate your taking the time to dig thru this. Ithink we have way too much detail for the Q&A so, I'll have to figure out howto handle it.Great stuff, and much appreciated.texFran?ois Yergeau wrote:>> Reordering a bit:>> Tex Texin a ?crit:> > 4) I do know that IE maps the c1 range into 1252 values.>> Not so fast!  With a test page in XHTML (supposedly kicks IE in strict> parsing mode), I see only the euro displayed, all the others are white> rectangles.  Surprisingly, it's much the same in NS7 (s/white> rectangle/replacement char/)!>> > 5) C0 in html- the spec says yes. I agree there are no glyphs, when I tried> > it, although &#2; was a different box than &#x3;-&#x8; for some reason.> > However, the validator rejects these characters. I want to get Martin's> > comment on why dtd makes it unused.>> OK, let's dive.  Looking more closely, the spec doesn't really say yes.>   Section 5.1 obliquely says that the document character set is> ISO10646.   And 10646 in turn doesn't define the C0 and C1 controls it> just says (Clause 15): \"This coded character set provides for use of> control functions encoded according to ISO/IEC 6429 or similarly> structured standards for control functions, and standards derived from> these.\"  And if you look at the code charts, the C0 and C1 areas are> conspicuously empty (grayed out).>> The HTML spec contains an SGML declaration (section 20.1) which formally> declares what the document character set is:>>      CHARSET>            BASESET  \"ISO Registration Number 177//CHARSET>                      ISO/IEC 10646-1:1993 UCS-4 with>                      implementation level 3//ESC 2/5 2/15 4/6\">           DESCSET 0       9       UNUSED>                   9       2       9>                   11      2       UNUSED>                   13      1       13>                   14      18      UNUSED>                   32      95      32>                   127     1       UNUSED>                   128     32      UNUSED>                   160     55136   160>                   55296   2048    UNUSED  -- SURROGATES -->                   57344   1056768 57344>> So it explicitly excludes all of C0, C1 and #x7F, except for TAB, CR and> LF.  We were both wrong.>>  > 3) NULL- ok, what to say about it? I don't want to doc browsers' random>  > behavior. It would be nice to say its illegal and be done with it.>> Well, there you have it now.  It's illegal in HTML, XML 1.0 and XML 1.1.>> > 7) character entity references. Maybe this is a terminology problem on my> > part.>> Well, HTML does have this terminology (in 5.3.2).  It's not defined> clearly, but it seems to cover all the predefined entities that HTML> offers \"to give authors a more intuitive way of referring to characters> in the document character set\".  The purported intuitiveness is, of> course, lost on non-English-speakers.>> > The title of http://www.w3.org/TR/2002/CR-xml11-20021015/#sec4.1 is character> > and entity references.> > I presumed the former was ncr and the latter was CER. It is possible to give a> > name to a character in xml.>> It is possible to give a name to an entity, which may or may not contain> a single character.  The five entities that XML predefines (lt, gt, amp,> quot and apos) do contain only one character.>> > 9) AHA! ok. I see the production changed in> > http://www.w3.org/TR/2002/CR-xml11-20021015/#sec2.2> > so that 7f-9f except 85 is excluded. Seems to me an odd thing to do, although>> It makes things quite symmetrical.  Apart from the few useful ones (CR,> LF, TAB and NEL), all controls must be represented as NCRs; NULL is> forbidden altogether.>> Regards,>> --> Fran?ois---------------------------------------------------------------Tex Texin   cell: +1 781 789 1898   mailto:Tex@XenCraft.comXen Master                          http://www.i18nGuy.comXenCraft            http://www.XenCraft.comMaking e-Business Work Around the World-------------------------------------------------------------",
            "docno": "lists-016-3187936",
            "received": "Wed May 28 02:11:31 2003",
            "isoreceived": "20030528061131",
            "sent": "Wed, 28 May 2003 02:09:09 0400",
            "isosent": "20030528060909",
            "name": "Tex Texin",
            "email": "tex@i18nguy.com",
            "subject": "Re: Q&amp;A: control codes",
            "id": "3ED45285.F6C2BFD0@I18nGuy.com",
            "charset": "iso-88591",
            "inreplyto": "3ED3AB46.70509&#64;yergeau.com",
            "expires": "1",
            "to": " Fran?ois Yergeau<francois@yergeau.com>\n",
            "cc": " GEO<public-i18n-geo@w3.org>, Bjoern Hoehrmann<derhoermi@gmx.net>\n"
        },
        {
            "body": "At todays GEO meeting, we reviewed the proposed faq on languagenegotiationhttp://www.w3.org/International/questions/qa-apache-lang-neg.htmland decided we need an author for a faq on when it is appropriate, ornot, to use language negotiation.========================Some time was spent today discussing when this type of negotiationshould be used, and when alternatives should be considered. I wasactioned with posing the question to the group, to collect informationand to solicit whether someone might be interested in authoring a FAQ orarticle on when to use this technique.We thought Yves, John or Fran?ois might have a special interest in thisFor example, there were suggestions that this approach only made sensewhere every page had an exact counterpart in another language or region.Many sites have different pages or file organization based ondifferences in content.It might be the case that Language negotiation only makes sense for theentry page and after that page is read and a language either defaultedor selected by the user, the rest of the content would be linkeddirectly, without relying on language negotiation.Some thought organization by language directory (e.g.yadda/en/pages.html) might be more practical than by filename (e.g.yadda/pages.en.html)There were questions about server load and scalability.There was also a discussion of roles and authorization, as contentdevelopers may not have access to some server commands,  and weconsidered there is guidance needed for content developers and separateguidance needed for administrators.So, we would like to ask if there is someone in the to-list who wouldlike to author or contribute to a faq on the subject of when to uselanguage negotiation and when not to, or defining situations where arealternatives prefered.Any takers?---------------------------------------------------------------Tex Texin   cell: +1 781 789 1898   mailto:Tex@XenCraft.comXen Master                          http://www.i18nGuy.comXenCraft            http://www.XenCraft.comMaking e-Business Work Around the World-------------------------------------------------------------",
            "docno": "lists-015-16157451",
            "received": "Wed Dec 17 17:07:16 2003",
            "isoreceived": "20031217220716",
            "sent": "Wed, 17 Dec 2003 17:06:01 0500",
            "isosent": "20031217220601",
            "name": "Tex Texin",
            "email": "tex@i18nguy.com",
            "subject": "and so I cc'd them individually.",
            "id": "3FE0D349.1BE2DE20@i18nguy.com",
            "charset": "iso-88591",
            "expires": "1",
            "to": " GEO<public-i18n-geo@w3.org>, Yves Savourel<ysavourel@translate.com>, John Yunker<yunkerjohn@yahoo.com>,\"Fran?ois Yergeau\"<francois@yergeau.com>\n"
        },
        {
            "body": "On Fri, 2003-07-25 at 11:22, Christopher Aillon wrote:> HTML (served as text/html) documents do not have XML declarations, and> in this case it seems to me this propery should return null, not \"1.0\".> Am I correct in making this assumption?  Or should this really be> returning \"1.0\" in that case as well?On Wed, 2003-08-06 at 13:35, Fran?ois Yergeau wrote:> Document interface, \"xmlStandalone\" and \"xmlVersion\" attributes: both> descriptions say that there is a NOT_SUPPORTED_ERR if this document> *does* support the \"XML\" feature. Shouldn't that be does *not*> support?It is indeed the case that NOT_SUPPORTED_ERR must be raised whenaccessing Document.xmlVersion if the Document does *not* support the XMLversion.HTML documents are in that case.Please, let us know if you are satisfied or not with the resolution,Philippe",
            "docno": "lists-104-15707770",
            "received": "Wed Aug  6 15:21:45 2003",
            "isoreceived": "20030806192145",
            "sent": "06 Aug 2003 15:18:26 -0400",
            "isosent": "20030806191826",
            "name": "Philippe Le Hegaret",
            "email": "plh@w3.org",
            "subject": "Document.xmlVersion and HTML Documents",
            "id": "1060197505.8001.73.camel@jfouffa.w3.org",
            "charset": "ISO-8859-1",
            "inreplyto": "3F313C75.9050603&#64;yergeau.com",
            "expires": "-1",
            "to": " Fran?ois Yergeau<francois@yergeau.com>, Christopher Aillon<caillon@netscape.com>\n",
            "cc": " WWW DOM<www-dom@w3.org>\n"
        },
        {
            "body": "Fran?ois Yergeau wrote:> +++++++++++++++++++++++++++++++++++++++++> In interface DOMParser, in the description of the \"namespaces\"> parameter, shouldn't there also be a reference to [XML Namespaces 1.1]?Correct. Fixed.--jst",
            "docno": "lists-104-16689548",
            "received": "Mon Sep 15 19:57:40 2003",
            "isoreceived": "20030915235740",
            "sent": "Mon, 15 Sep 2003 16:57:12 -0700",
            "isosent": "20030915235712",
            "name": "Johnny Stenback",
            "email": "jst@netscape.com",
            "subject": "Re: Reviews of DOM 3 Core and Load&amp;Save",
            "id": "3F6651D8.2000606@netscape.com",
            "charset": "ISO-8859-1",
            "inreplyto": "3F313C75.9050603&#64;yergeau.com",
            "expires": "-1",
            "to": " Fran?ois Yergeau<francois@yergeau.com>\n",
            "cc": "www-dom@w3.org\n"
        },
        {
            "body": "John,Good comments.1) On deep linking from search engines and elsewhere, I would think thatmost of the time the search would result in a page that was in one ofthe languages of the user. I know it is not always true, but I wouldn'tthink using lang. negotiation would be an improvement most of the timefor a deep link.But that's a good use case for language selection being available onevery page and for it not to return to the top of the tree, but areasonable counterpart of the page the language switch is being madefrom.2) I don't know the answer to the question on htaccess for changinglanguage directories rather than pages.I had the same question.3) Google must use cookies to remember information from past searches,especially your location and things like that. Too many of the searchesI do show up local companies and reasonable matches, even when I don'tprovide that many keywords. You would think a search for a chineserestaurant name would give you places randomly around the world ratherthan American or Massachusetts places being most highly ranked. (Ofcourse the dominance of american internet helps there.) I guess I'llhave to do a few searches, then delete all my cookies to test it.---------------------------------------------------------------Tex Texin   cell: +1 781 789 1898   mailto:Tex@XenCraft.comXen Master                          http://www.i18nGuy.comXenCraft            http://www.XenCraft.comMaking e-Business Work Around the World-------------------------------------------------------------",
            "docno": "lists-015-16220193",
            "received": "Fri Dec 19 15:41:55 2003",
            "isoreceived": "20031219204155",
            "sent": "Fri, 19 Dec 2003 15:40:35 0500",
            "isosent": "20031219204035",
            "name": "Tex Texin",
            "email": "tex@i18nguy.com",
            "subject": "Re: when to use language negotiation author needed",
            "id": "3FE36243.E3DF9DBA@i18nguy.com",
            "charset": "usascii",
            "inreplyto": "20031219133606.95476.qmail&#64;web41011.mail.yahoo.com",
            "expires": "1",
            "to": " John Yunker<yunkerjohn@yahoo.com>\n",
            "cc": " GEO<public-i18n-geo@w3.org>, Yves Savourel<ysavourel@translate.com>,\"Fran?ois Yergeau\"<francois@yergeau.com>\n"
        },
        {
            "body": "At 12:42 03/12/22 +1100, Andrew Cunningham wrote:>Martin Duerst wrote:>>It must be possible with Apache, because the Apache documentation>>project uses it. Look e.g. at>>http://httpd.apache.org/docs-2.0/en/content-negotiation.html>>http://httpd.apache.org/docs-2.0/ko/content-negotiation.html>>http://httpd.apache.org/docs-2.0/ja/content-negotiation.html>>and http://httpd.apache.org/docs-2.0/content-negotiation.html.>>But I haven't figured it out yet, but it seems to involve more>>than just simple configuration directives.>>I assume they're using type maps, esp since you specify URIs in the type>maps rather than filenames.I'll try to find out more. But you might be right. A quickcheck gives:http://httpd.apache.org/docs-2.0/en/content-negotiation.var-> Forbiddenhttp://httpd.apache.org/docs-2.0/en/content-negotiation.xyz-> Not foundUsing typemaps is certainly possible, but it requires someamount of management to make sure they are correct. But then,Apache also needs to do that because it includes links to allavailable language variants in each page (which is also agood thing to do, of course).>Content negotiation appears to be implimented at the higher directory>structure index levels like http://httpd.apache.org/docs-2.0/ but if you>follow a deep link into the documentation you don't have langauge>negotiation instead you have to select a language form the langauge menu.>Either that or my browser is misbehaving.I have just checked that. For both Netscape 7.1 and Opera 7.2,content negotiation worked fine, even for documents further downin the hierarchy. I can change the order of languages in preferencesand force a reload at will. So I guess you should check your browser.Regards,    Martin.",
            "docno": "lists-015-16335155",
            "received": "Mon Dec 22 10:42:40 2003",
            "isoreceived": "20031222154240",
            "sent": "Mon, 22 Dec 2003 10:33:26 0500",
            "isosent": "20031222153326",
            "name": "Martin Duerst",
            "email": "duerst@w3.org",
            "subject": "Re: when to use language negotiation author needed",
            "id": "4.2.0.58.J.20031221223607.043f4dc0@localhost",
            "charset": "usascii",
            "inreplyto": "3FE64C23.3040408&#64;vicnet.net.au",
            "expires": "1",
            "to": " Andrew Cunningham<andrewc@vicnet.net.au>\n",
            "cc": " Tex Texin<tex@i18nguy.com>, John Yunker<yunkerjohn@yahoo.com>, GEO<public-i18n-geo@w3.org>, Yves Savourel<ysavourel@translate.com>, Francois Yergeau<francois@yergeau.com>\n"
        },
        {
            "body": "On Wed, 2003-08-06 at 13:35, Fran?ois Yergeau wrote:> +++++++++++++++++++++++++++++++++++++++++> Node interface, nodeName attribute: the description doesn't say that> this is supposed to be the qualified name of the node.  Nor do the> descriptions of Element.tagName and Attr.name.  One has to determine> that from the description of Node.prefix!Since nodeName refers to Element.tagName and Attr.name, we clarifiedthose 2 attributes:[[If Node.localName is different from null, this attribute is a qualified]]> +++++++++++++++++++++++++++++++++++++++++> Attr interface, \"value\" attribute: the spec should clearly specify that> when retrieving the value of an attribute that contains a reference to> an entity for which no definition is available, the processor> will treat this entity reference as an empty reference (see the reply to> C15 in> http://lists.w3.org/Archives/Member/w3c-dom-wg/2003AprJun/0075.html).> Same comment for Element.getAttribute() and Element.getAttributeNS().we clarified the description of EntityReference:[[When an EntityReference node represents a reference to an unknownentity, the node has no children and its replacement value, when used byAttr.value for example, is empty.]]> +++++++++++++++++++++++++++++++++++++++++> Entity interface: the 4th paragraph starts \"XML does not mandate that a> non-validating XML processor read and process entity declarations made> in the external subset or declared in external parameter entities.\"  The> last occurrence of \"external\" is superfluous and somewhat misleading,> since non-validating processors are not obligated to read even> *internal* parameter entities.  This latter point is pretty obscure and> under-documented in the XML spec, but see the last sentence in> http://www.w3.org/TR/2000/REC-xml-20001006#sec-rmd, as well as published> erratum E8 at http://www.w3.org/XML/xml-V10-2e-errata#E8.The superfluous occurrence of external has been removed.> +++++++++++++++++++++++++++++++++++++++++> Appendix B.1>> void Element.normalizeNamespaces()> {>       ...>>       // Fixup element's namespace>       //>       if ( Element's namespaceURI != null )>       {>         ...>       }>       else>       {>         // Element has no namespace URI:>         if ( Element's localName is null )>         {>           ...>         }>         else>         {>           // Element has no namespace URI>           // Element has no pseudo-prefix>           if ( default Namespace in scope is \"no namespace\" )>           {>             ==> do nothing, we're fine as we stand>           }>           else>           {>             if ( there's a conflicting local default namespace declaration>                  already present )>             {>               ==> change its value to use this empty namespace.>>             }>             else>             {>               ==> Set the default namespace to \"no namespace\" by creating or>               changing a local declaration attribute: xmlns=\"\".>>             }>> There seems to be useless redundancy in the last \"if\".  Paraphrasing:> \"If there's a declaration, change it, else create one or change an> existing one\". Either drop the \"if\" and keep the \"else\" part or keep the> \"if\" and drop \"or changing\" from the \"else\" part.This has been fixed.> +++++++++++++++++++++++++++++++++++++++++> In appendix C.2.2, the statement \"Element nodes with no namespace URI> (Node.namespaceURI equals to null) cannot be represented using the> Infoset.\" is counterfactual.  The infoset supports these, provided names> do not contain colons.The sentence has been removed.Philippe",
            "docno": "lists-104-16318406",
            "received": "Thu Aug 28 16:51:14 2003",
            "isoreceived": "20030828205114",
            "sent": "28 Aug 2003 16:50:59 -0400",
            "isosent": "20030828205059",
            "name": ".",
            "email": "plh@w3.org",
            "subject": "Re: Reviews of DOM 3 Core and Load&amp;Save",
            "id": "1062103859.23313.296.camel@jfouffa.w3.org",
            "charset": "iso-8859-1",
            "inreplyto": "3F313C75.9050603&#64;yergeau.com",
            "expires": "-1",
            "to": " Fran?ois Yergeau<francois@yergeau.com>\n",
            "cc": " WWW DOM<www-dom@w3.org>\n"
        },
        {
            "body": "Sorry about the delay, these are the comments from the XML Core WG aboutthe DOM Level 3 Core and Load&Save Last Call specs.Core (http://www.w3.org/TR/2003/WD-DOM-Level-3-Core-20030609/)====Document interface, \"xmlStandalone\" and \"xmlVersion\" attributes: bothdescriptions say that there is a NOT_SUPPORTED_ERR if this document*does* support the \"XML\" feature. Shouldn't that be does *not*support?+++++++++++++++++++++++++++++++++++++++++Document interface, \"xmlStandalone\" attribute: this is said to be fromthe XML declaration, but is boolean whereas the XML declaration canspecify 3 values: \"yes\", \"no\" and not specified.  Either the datatypeshould be changed or (my preference) it should be specified that this istrue when the XML declaration says \"yes\", false otherwise.Appendix C.1.1 says that this comes from the [standalone] property, butdoes not address the case where the property has no value.+++++++++++++++++++++++++++++++++++++++++Node interface, nodeName attribute: the description doesn't say thatthis is supposed to be the qualified name of the node.  Nor do thedescriptions of Element.tagName and Attr.name.  One has to determinethat from the description of Node.prefix!+++++++++++++++++++++++++++++++++++++++++Attr interface, \"value\" attribute: the spec should clearly specify thatwhen retrieving the value of an attribute that contains a reference toan entity for which no definition is available, the processorwill treat this entity reference as an empty reference (see the reply toC15 inhttp://lists.w3.org/Archives/Member/w3c-dom-wg/2003AprJun/0075.html).Same comment for Element.getAttribute() and Element.getAttributeNS().+++++++++++++++++++++++++++++++++++++++++Entity interface: the 4th paragraph starts \"XML does not mandate that anon-validating XML processor read and process entity declarations madein the external subset or declared in external parameter entities.\"  Thelast occurrence of \"external\" is superfluous and somewhat misleading,since non-validating processors are not obligated to read even*internal* parameter entities.  This latter point is pretty obscure andunder-documented in the XML spec, but see the last sentence inhttp://www.w3.org/TR/2000/REC-xml-20001006#sec-rmd, as well as publishederratum E8 at http://www.w3.org/XML/xml-V10-2e-errata#E8.+++++++++++++++++++++++++++++++++++++++++Appendix B.1void Element.normalizeNamespaces(){...// Fixup element's namespace//if ( Element's namespaceURI != null ){...}else{// Element has no namespace URI:if ( Element's localName is null ){...}else{// Element has no namespace URI// Element has no pseudo-prefixif ( default Namespace in scope is \"no namespace\" ){==> do nothing, we're fine as we stand}else{if ( there's a conflicting local default namespace declarationalready present ){==> change its value to use this empty namespace.}else{==> Set the default namespace to \"no namespace\" by creating orchanging a local declaration attribute: xmlns=\"\".}There seems to be useless redundancy in the last \"if\".  Paraphrasing:\"If there's a declaration, change it, else create one or change anexisting one\". Either drop the \"if\" and keep the \"else\" part or keep the\"if\" and drop \"or changing\" from the \"else\" part.+++++++++++++++++++++++++++++++++++++++++In appendix B.1.1, the first sentence (after the initial Note) is reallyhard to parse.  Comments in the algorithms say things like \"if theprefix/namespace pair is within scope...\", using this wording would beclearer.  It's not an element that's within scope, it's really theprefix/namespaceURI pair.  Some rewording/tightening needed.+++++++++++++++++++++++++++++++++++++++++In appendix C.1.1, Document.actualEncoding should be set to [characterencoding scheme], which is \"The name of the character encoding scheme inwhich the document entity is expressed.\" in the infoset spec, notnecessarily the value of the encoding pseudo-att of the XML declaration.Document.xmlEncoding probably should not be set.In appendix C.1.2, [character encoding scheme] should be set fromDocument.actualEncoding.+++++++++++++++++++++++++++++++++++++++++In appendix C.1.1, Document.xmlVersion should be \"The [version] propertyor 1.0 if the latter has no value.\"Same, mutatis mutandis, for xmlStandalone (false if no value).+++++++++++++++++++++++++++++++++++++++++In appendix C.1.2, [notations] should be \"Document.doctype.notations\",in order to point to the correct DocumentType object.+++++++++++++++++++++++++++++++++++++++++In appendix C.2.2, the statement \"Element nodes with no namespace URI(Node.namespaceURI equals to null) cannot be represented using theInfoset.\" is counterfactual.  The infoset supports these, provided namesdo not contain colons.+++++++++++++++++++++++++++++++++++++++++In appendix C.3.1, Node.previousSibling and Node.nextSibling should beset to null.+++++++++++++++++++++++++++++++++++++++++In appendix C.6.1, it should be clarified that CDATASection nodes cannotoccur from an infoset mapping, since the infoset doesn't contain CDATAsection boundaries.Load&Save (http://www.w3.org/TR/2003/WD-DOM-Level-3-LS-20030619/)=========In several places (1.2.3, 1.2.4, DOMInput, DOMOutput), it is said thatUTF-16 is defined in [Unicode] and Amendment 1 of [ISO/IEC 10646].  Thatlast part is obsolete, UTF-16 was defined in Amd 1 of 10646:1993, butintegrated in an Appendix of 10646:2000.  Just say \"...in [Unicode] andin [ISO/IEC 10646]\".+++++++++++++++++++++++++++++++++++++++++In interface DOMImplementationLS, the createDOMOutput() method ismissing from the IDL definition and from the Methods details.+++++++++++++++++++++++++++++++++++++++++In interface DOMImplementationLS, method createDOMInput(), it says\"Create a new empty input source.\"  \"Empty\" is not defined.  Does itmean that all attributes are null?This comment will also probably apply to createDOMOutput() when thelatter is added (see previous comment).+++++++++++++++++++++++++++++++++++++++++In interface DOMParser, 1st bullet after 3rd para, it is wrong to claimthat CDATA sections are structure.  It also seems wrong to setexpectations that CDATA sections will show up after parsing when in factparsers are not required to report them.+++++++++++++++++++++++++++++++++++++++++In interface DOMParser, 2nd bullet after 3rd para, there is an instanceof \"datatype-normalization\", within quotes and as a link to Core, andjust below an instance of \"data-type-normalization\" without quotes, infixed-width type, not linked and with an apparently extraneous hyphen.Aren't these the same?  The spec certainly makes a nice effort to makethem appear different :-)+++++++++++++++++++++++++++++++++++++++++In interface DOMParser, in the description of the\"unbound-namespace-in-entity\" warning, how can an unbound prefix befound in an entity *declaration*?  Perhaps you mean in an entity'sreplacement text?Also typo \"encounterd\".+++++++++++++++++++++++++++++++++++++++++In interface DOMParser, in the description of the \"namespaces\"parameter, shouldn't there also be a reference to [XML Namespaces 1.1]?+++++++++++++++++++++++++++++++++++++++++In interface DOMInput, it says \"The DOMParser will use the DOMInputobject to determine how to read data. The DOMParser will look at thedifferent inputs specified in the DOMInput in the following order toknow which one to read from, the first one through which data isavailable will be used: \"It is not clear how the DOMParser does that, i.e. how it determines ifdata is available.  Is there an expectation that, say,DOMInput.characterStream will be null if data is not available there?What about stringData?  Null or empty?  Is this binding-specific?Same comment for DOMOutput.+++++++++++++++++++++++++++++++++++++++++In interface DOMSerializer, the statement \"For all other types of nodesthe serialized form is not specified, but should be something useful toa human for debugging or diagnostic purposes.\" seems a bit weak.  Itshould be possible to specify more, especially for Element nodes.+++++++++++++++++++++++++++++++++++++++++In interface DOMSerializer, method writeURI(), it would be desirable tospecify more how to write to a URI, at least for very common schemessuch as HTTP(S) and mailto.In HTTP, it would seem desirable to actually be able to choose whichverb (POST or PUT) is used.  POST is supposed to be used when postingforms, which XForms does with XML data.  PUT is supposed to be used foruploading data, here an XML document.  The DOM user should be able tospecify which to use, perhaps using an additional parameter to the method.The spec should also specify to include a Content-Type header with amedia type (which? need a parameter to the method?) and a charsetparameter.Same comment for DOMOutput when the systemID ends up being used.+++++++++++++++++++++++++++++++++++++++++In interface DOMOutput, the descriptions of encoding and systemID seemto have been more or less copy-pasted from DOMInput, not fully takinginto account the fact that output is involved, not input.  Settingencoding indicates an intention, not a knowledge of the encoding of someexisting data.+++++++++++++++++++++++++++++++++++++++++In interface DOMOutput, is it not possible to specify the behavior whenthe systemID is a relative URI?  Wouldn't \"relative to baseURI ofDocument\" work?+++++++++++++++++++++++++++++++++++++++++--Fran?ois Yergeau",
            "docno": "lists-104-15678419",
            "received": "Wed Aug  6 13:36:25 2003",
            "isoreceived": "20030806173625",
            "sent": "Wed, 06 Aug 2003 13:35:49 -0400",
            "isosent": "20030806173549",
            "name": "Fran?ois Yergeau",
            "email": "francois@yergeau.com",
            "subject": "Reviews of DOM 3 Core and Load&amp;Save",
            "id": "3F313C75.9050603@yergeau.com",
            "charset": "ISO-8859-1",
            "expires": "-1",
            "to": "www-dom@w3.org\n"
        },
        {
            "body": "At 15:40 03/12/19 -0500, Tex Texin wrote:>John,>>Good comments.>>1) On deep linking from search engines and elsewhere, I would think that>most of the time the search would result in a page that was in one of>the languages of the user. I know it is not always true, but I wouldn't>think using lang. negotiation would be an improvement most of the time>for a deep link.>>But that's a good use case for language selection being available on>every page and for it not to return to the top of the tree, but a>reasonable counterpart of the page the language switch is being made>from.I agree. If the material is really parallel, e.g. stuff such as manuals,it can be helpful to send somebody a link, and they get the page intheir language (if available).>2) I don't know the answer to the question on htaccess for changing>language directories rather than pages.>I had the same question.It must be possible with Apache, because the Apache documentationproject uses it. Look e.g. athttp://httpd.apache.org/docs-2.0/en/content-negotiation.htmlhttp://httpd.apache.org/docs-2.0/ko/content-negotiation.htmlhttp://httpd.apache.org/docs-2.0/ja/content-negotiation.htmland http://httpd.apache.org/docs-2.0/content-negotiation.html.But I haven't figured it out yet, but it seems to involve morethan just simple configuration directives.Regards,   Martin.",
            "docno": "lists-015-16254795",
            "received": "Sat Dec 20 18:59:30 2003",
            "isoreceived": "20031220235930",
            "sent": "Sat, 20 Dec 2003 18:41:38 0500",
            "isosent": "20031220234138",
            "name": "Martin Duerst",
            "email": "duerst@w3.org",
            "subject": "Re: when to use language negotiation author needed",
            "id": "4.2.0.58.J.20031220134030.05be5868@localhost",
            "charset": "usascii",
            "inreplyto": "3FE36243.E3DF9DBA&#64;i18nguy.com",
            "expires": "1",
            "to": " Tex Texin<tex@i18nguy.com>, John Yunker<yunkerjohn@yahoo.com>\n",
            "cc": " GEO<public-i18n-geo@w3.org>, Yves Savourel<ysavourel@translate.com>,\"Francois Yergeau\"<francois@yergeau.com>\n"
        },
        {
            "body": "Fran?ois Yergeau wrote:> +++++++++++++++++++++++++++++++++++++++++> In interface DOMSerializer, the statement \"For all other types of nodes> the serialized form is not specified, but should be something useful to> a human for debugging or diagnostic purposes.\" seems a bit weak.  It> should be possible to specify more, especially for Element nodes.The WG discussed this but decided not to attempt to clarify this furtherin the spec. In stead, the WG chose to replace the above sentence with\"For all other types of nodes the serialized form is implementationdependent.\".--jst",
            "docno": "lists-104-16705036",
            "received": "Mon Sep 15 20:22:23 2003",
            "isoreceived": "20030916002223",
            "sent": "Mon, 15 Sep 2003 17:21:54 -0700",
            "isosent": "20030916002154",
            "name": "Johnny Stenback",
            "email": "jst@netscape.com",
            "subject": "Re: Reviews of DOM 3 Core and Load&amp;Save",
            "id": "3F6657A2.1050607@netscape.com",
            "charset": "ISO-8859-1",
            "inreplyto": "3F313C75.9050603&#64;yergeau.com",
            "expires": "-1",
            "to": " Fran?ois Yergeau<francois@yergeau.com>\n",
            "cc": "www-dom@w3.org\n"
        },
        {
            "body": "Fran?ois Yergeau wrote:> In several places (1.2.3, 1.2.4, DOMInput, DOMOutput), it is said that> UTF-16 is defined in [Unicode] and Amendment 1 of [ISO/IEC 10646].  That> last part is obsolete, UTF-16 was defined in Amd 1 of 10646:1993, but> integrated in an Appendix of 10646:2000.  Just say \"...in [Unicode] and> in [ISO/IEC 10646]\".Fixed.--jst",
            "docno": "lists-104-16666777",
            "received": "Mon Sep 15 19:27:14 2003",
            "isoreceived": "20030915232714",
            "sent": "Mon, 15 Sep 2003 16:25:59 -0700",
            "isosent": "20030915232559",
            "name": "Johnny Stenback",
            "email": "jst@netscape.com",
            "subject": "Re: Reviews of DOM 3 Core and Load&amp;Save",
            "id": "3F664A87.7050200@netscape.com",
            "charset": "ISO-8859-1",
            "inreplyto": "3F313C75.9050603&#64;yergeau.com",
            "expires": "-1",
            "to": " Fran?ois Yergeau<francois@yergeau.com>\n",
            "cc": "www-dom@w3.org\n"
        },
        {
            "body": "On Wed, 2003-08-06 at 13:35, Fran?ois Yergeau wrote:> +++++++++++++++++++++++++++++++++++++++++> In appendix B.1.1, the first sentence (after the initial Note) is really> hard to parse.  Comments in the algorithms say things like \"if the> prefix/namespace pair is within scope...\", using this wording would be> clearer.  It's not an element that's within scope, it's really the> prefix/namespaceURI pair.  Some rewording/tightening needed.The first sentence was reworded:[[An element's prefix/namespace URI pair is said to be within the scope ofa binding if its namespace prefix is bound to the same namespace URI inthe [in-scope namespaces] defined in [XML Information Set].]]We looked for further changes without much to do however. The thirdparagraph was slightly tweaked to use prefix/namespace URI pair.Hope those changes helps understanding this section,Philippe",
            "docno": "lists-105-0590598",
            "received": "Fri Oct  3 11:40:54 2003",
            "isoreceived": "20031003154054",
            "sent": "03 Oct 2003 11:40:52 -0400",
            "isosent": "20031003154052",
            "name": "Philippe Le Hegaret",
            "email": "plh@w3.org",
            "subject": "Re: Reviews of DOM 3 Core and Load&amp;Save",
            "id": "1065195651.17732.323.camel@jfouffa.w3.org",
            "charset": "iso-8859-1",
            "inreplyto": "3F313C75.9050603&#64;yergeau.com",
            "expires": "-1",
            "to": " Fran?ois Yergeau<francois@yergeau.com>\n",
            "cc": " WWW DOM<www-dom@w3.org>\n"
        },
        {
            "body": "> >> > I think it's better if we don't try to define the detailed> rules here,> > but just state the constraint: you can replace one> whitespace sequence> > by another if user agents treat them as equivalent.>> The current text does not say that, it says that one sequence> of white> can be replaced by another if HTML user agents consider the latter as> whitespace (presumably in the XML sense).Thanks, distinction noted.Michael Kay",
            "docno": "lists-019-15361580",
            "received": "Thu Feb 19 04:04:48 2004",
            "isoreceived": "20040219090448",
            "sent": "Thu, 19 Feb 2004 09:05:28 -0000",
            "isosent": "20040219090528",
            "name": "Michael Kay",
            "email": "hk@mhk.me.uk",
            "subject": "RE: [Serial] I18N WG last call comments",
            "id": "005201c3f6c7$856f6220$6401a8c0@pcukmka",
            "charset": "iso-8859-1",
            "inreplyto": "40342E8F.1080008&#64;yergeau.com",
            "expires": "-1",
            "to": " 'Fran?ois Yergeau'<francois@yergeau.com>\n",
            "cc": "\"'Martin Duerst'\"<duerst@w3.org>,<public-qt-comments@w3.org>,<w3c-i18n-ig@w3.org>,<w3c-dom-wg@w3.org>\n"
        },
        {
            "body": "On Wed, 2003-07-30 at 15:58, Anjana Manian wrote:> 6. Interface Document:>> - xmlStandalone: To be consistent with the other attributes, probably it> should be added that  \"This attribute is false when unspecified\".On Wed, 2003-08-06 at 13:35, Fran?ois Yergeau wrote:> +++++++++++++++++++++++++++++++++++++++++> Document interface, \"xmlStandalone\" attribute: this is said to be from> the XML declaration, but is boolean whereas the XML declaration can> specify 3 values: \"yes\", \"no\" and not specified.  Either the datatype> should be changed or (my preference) it should be specified that this is> true when the XML declaration says \"yes\", false otherwise.I guess having a generic comment regarding the Infoset mapping wasn'tenough. I added \"This is false when unspecified.\"Philippe",
            "docno": "lists-104-15725230",
            "received": "Wed Aug  6 15:38:10 2003",
            "isoreceived": "20030806193810",
            "sent": "06 Aug 2003 15:38:04 -0400",
            "isosent": "20030806193804",
            "name": "Philippe Le Hegaret",
            "email": "plh@w3.org",
            "subject": "Document.xmlStandalone",
            "id": "1060198683.8001.98.camel@jfouffa.w3.org",
            "charset": "ISO-8859-1",
            "inreplyto": "3F313C75.9050603&#64;yergeau.com",
            "expires": "-1",
            "to": " Anjana Manian<Anjana.Manian@oracle.com>, Fran?ois Yergeau<francois@yergeau.com>\n",
            "cc": " WWW DOM<www-dom@w3.org>\n"
        }
    ]
}