{
    "id": "candidate-0674",
    "name": "Hiroyuki Sato",
    "gender": "MALE",
    "email": "sato.hiroyuki@lab.ntt.co.jp",
    "mails": [
        {
            "body": "Dear Manager.Thank you for your favor to let us allow to translate your technicalinformal report for INTAP homepage.We translated the some your technical informal reports into Japanese.We hope W3C links to our following URLs.If you have already known it, please ignore it.Because I have already sent you the same e-mail at October 22th 2002.xxx Frequently asked questions (FAQ)x original http://www.w3.org/RDF/FAQ/x http://www.net.intap.or.jp/INTAP/s-web/data/TR/1-3.htmlx <k-ueda@qb.jp.nec.com>xxx What the semantic Web isn't but can represent (1998)x original http://www.w3.org/DesignIssues/RDFnot.htmlx http://www.net.intap.or.jp/INTAP/s-web/data/TR/2-1.htmlx <fume@eel.rdc.toshiba.co.jp>xx RDF and Relational databases (1998) (link added 2001)x original http://www.w3.org/DesignIssues/RDB-RDF.htmlx http://www.net.intap.or.jp/INTAP/s-web/data/TR/2-2.htmlx <fume@eel.rdc.toshiba.co.jp>xx Conceptual Graphs and the semantic Web (2001)x original http://www.w3.org/DesignIssues/CG.htmlx http://www.net.intap.or.jp/INTAP/s-web/data/TR/2-3.pdfx <fume@eel.rdc.toshiba.co.jp>xx Why RDF model is not exactly the XML model (1999)x original http://www.w3.org/DesignIssues/RDF-XML.htmlx http://www.net.intap.or.jp/INTAP/s-web/data/TR/2-4.pdfx <shimizu@intap.or.jp>xx Assumed syntax - a simpler RDF syntax used in the following. (1999)x original http://www.w3.org/DesignIssues/Syntax.htmlx http://www.net.intap.or.jp/INTAP/s-web/data/TR/2-5.htmlx <sato.hiroyuki@lab.ntt.co.jp>xx Identity: how to identify what in RDF (2000/02)x original http://www.w3.org/DesignIssues/Identity.htmlx http://www.net.intap.or.jp/INTAP/s-web/data/TR/2-6.htmlx <i-hosomi@ay.jp.nec.com>xx Interpretation expressed as RDF property (language, etc)(2000/03)x originalhttp://www.w3.org/DesignIssues/InterpretationProperties.htmlx http://www.net.intap.or.jp/INTAP/s-web/data/TR/2-7.pdfx <i-hosomi@ay.jp.nec.com>xx Semantic Web Toolbox: Logic & trust in XML-RDF?(1999)x original http://www.w3.org/DesignIssues/Toolbox.htmlx http://www.net.intap.or.jp/INTAP/s-web/data/TR/2-8.pdfx <morita454@oki.com>xx Semantics and Interpretation (and dig.sig.) (1999/12/1)Philosophical bitsx original http://www.w3.org/DesignIssues/Interpretation.htmlx http://www.net.intap.or.jp/INTAP/s-web/data/TR/2-9.pdfx <morita454@oki.com>xx Logic and the semantic web (1999)x original http://www.w3.org/DesignIssues/Logic.htmlx   x http://www.net.intap.or.jp/INTAP/s-web/data/TR/2-10.htmlx <htsuda@jp.fujitsu.com>xx Rules and facts: Inference engines and the Semantic Web (2000/1)x original http://www.w3.org/DesignIssues/Rules.htmlx http://www.net.intap.or.jp/INTAP/s-web/data/TR/2-11.htmlx <htsuda@jp.fujitsu.com>xx Limiting the damage of an inconsistency (2000/1)x original http://www.w3.org/DesignIssues/Inconsistent.htmlx http://www.net.intap.or.jp/INTAP/s-web/data/TR/2-12.htmlx <sato.hiroyuki@lab.ntt.co.jp>xx Metadata Architecturex original http://www.w3.org/DesignIssues/Metadata.htmlx http://www.net.intap.or.jp/INTAP/s-web/data/TR/2-13.htmlx <kuruma@sdl.hitachi.co.jp>xx The Web Ontology Language (OWL)x originalhttp://lists.w3.org/Archives/Public/www-webont-wg/2002Jan/att-0061/01-swol.textx http://www.net.intap.or.jp/INTAP/s-web/data/TR/7-1.htmlx <imamura@isl.melco.co.jp>xx Use cases on collection managementx originalhttp://lists.w3.org/Archives/Public/www-archive/2002Jan/att-0019/01-partx http://www.net.intap.or.jp/INTAP/s-web/data/TR/8-1.htmlx <kiyono@trl.mei.co.jp>xx Content Interoperability Use Case final draftx originalhttp://lists.w3.org/Archives/Public/www-webont-wg/2002Jan/0066.htmlx http://www.net.intap.or.jp/INTAP/s-web/data/TR/8-2.htmlx <k-ueda@qb.jp.nec.com>xx Web services use casesx originalhttp://lists.w3.org/Archives/Public/www-webont-wg/2002Jan/0083.htmlx http://www.net.intap.or.jp/INTAP/s-web/data/TR/8-3.htmlx <hogura@jp.ibm.com>xx General Requirements documentx originalhttp://lists.w3.org/Archives/Public/www-webont-wg/2002Jan/0062.htmlx http://www.net.intap.or.jp/INTAP/s-web/data/TR/8-4.htmlx <kiyono@trl.mei.co.jp>Thanking your kind consideration on this matter.If any query, please let us know.Yours truly,Yasuyoshi KATURAGAWAInteroperability Technology Associationfor Information Processing, Japan  (INTAP)Bunkyo Green Court Center Office 13F2-28-8, Honkomagome Bunkyo-kuTokyo 113-6591 JAPANTelephone     +81-3-5977-1301Facsimile     +81-3-5977-1302E-mail        katuragawa@intap.or.jpHomepage      http://www.intap.or.jp/",
            "docno": "lists-057-13377562",
            "received": "Tue Nov 26 09:46:02 2002",
            "isoreceived": "20021126144602",
            "sent": "Tue, 26 Nov 2002 23:45:48 +0900",
            "isosent": "20021126144548",
            "name": "Katuragawa",
            "email": "katuragawa@intap.or.jp",
            "subject": "RE: Translation of your(W3C) Technical   Imformal Reports(retry)",
            "id": "4.2.0.58.J.20021126234527.05072338@localhost",
            "charset": "ISO-2022-JP",
            "inreplyto": "Translation of your(W3C) Technical   Imformal Reports(retry)",
            "expires": "-1",
            "to": "w3c-translators@w3.org\n"
        },
        {
            "body": "Dear Mr. Katuragawa,I'm very sorry that my answer to your mail got so late.xAt 23:45 02/11/26 +0900, Katuragawa wrote:>Dear Manager.>>Thank you for your favor to let us allow to translate your technical>informal report for INTAP homepage.We do not actually have any record of having approved any translations.According to our Copyright FAQhttp://www.w3.org/Consortium/Legal/IPR-FAQ-20000620.html#translate,we give automatic permission totranslate Technical Reports (documents listed on http://www.w3.org/TR/),but not other documents.For other documents, you have to ask for permission first.In any case, you have to notify us of your intent to translate,and not only of the final translation.x Technical Report(http://www.w3.org/TR/  x )  x(Copyright FAQ  x )  xx  w3c-translators@w3.orgxIn any case, but without prejudice, we give you permission to translatefor the translations you have listed, under the conditions listed below.But please make sure that you request permission to translate in advancefor other, similar documents in the future.xx>We translated the some your technical informal reports into Japanese.>We hope W3C links to our following URLs.Given the large number of documents that you have translated,and the fact that our translation lists concentrate on specifications,we plan to just list pointers to some overview page at your site.We hope that this is acceptable for you.xxx>If you have already known it, please ignore it.>Because I have already sent you the same e-mail at October 22th 2002.>> x> x> x Frequently asked questions (FAQ)>    x original http://www.w3.org/RDF/FAQ/Please be careful. This is http://www.w3.org/RDF/FAQ,not http://www.w3.org/RDF/FAQ/.>     x http://www.net.intap.or.jp/INTAP/s-web/data/TR/1-3.html>      x <k-ueda@qb.jp.nec.com>>> xI am not sure why you call the documents below TechnicalReports. According to W3C, a Technical Report is a documentlisted on the TR page at http://www.w3.org/TR. The documentsbelow are not. Using an URI that contains /TR/ for thetranslation may be confusing. Please do not use such anURI for future translations. (but please don't changethe URIs for already existing translations)> xThese documents are not Notes according to the W3C.Please make sure that their status is not misrepresented.x  Note  x> x What the semantic Web isn't but can represent (1998)>    x original http://www.w3.org/DesignIssues/RDFnot.html>      x http://www.net.intap.or.jp/INTAP/s-web/data/TR/2-1.html> x <fume@eel.rdc.toshiba.co.jp>>> x> x RDF and Relational databases (1998) (link added 2001)>    x original http://www.w3.org/DesignIssues/RDB-RDF.html>      x http://www.net.intap.or.jp/INTAP/s-web/data/TR/2-2.html>      x <fume@eel.rdc.toshiba.co.jp>>> x> x Conceptual Graphs and the semantic Web (2001)>    x original http://www.w3.org/DesignIssues/CG.html>      x http://www.net.intap.or.jp/INTAP/s-web/data/TR/2-3.pdf> x <fume@eel.rdc.toshiba.co.jp>>> x> x Why RDF model is not exactly the XML model (1999)>    x original http://www.w3.org/DesignIssues/RDF-XML.html>      x http://www.net.intap.or.jp/INTAP/s-web/data/TR/2-4.pdf>    x <shimizu@intap.or.jp>>> x> x Assumed syntax - a simpler RDF syntax used in the following. (1999)>    x original http://www.w3.org/DesignIssues/Syntax.html>      x http://www.net.intap.or.jp/INTAP/s-web/data/TR/2-5.html>      x <sato.hiroyuki@lab.ntt.co.jp>>> x> x Identity: how to identify what in RDF (2000/02)>    x original http://www.w3.org/DesignIssues/Identity.html>      x http://www.net.intap.or.jp/INTAP/s-web/data/TR/2-6.html>      x <i-hosomi@ay.jp.nec.com>>> x> x Interpretation expressed as RDF property (language, etc)(2000/03)>    x original>http://www.w3.org/DesignIssues/InterpretationProperties.html>      x http://www.net.intap.or.jp/INTAP/s-web/data/TR/2-7.pdf>      x <i-hosomi@ay.jp.nec.com>>> x> x Semantic Web Toolbox: Logic & trust in XML-RDF?(1999)>    x original http://www.w3.org/DesignIssues/Toolbox.html>      x http://www.net.intap.or.jp/INTAP/s-web/data/TR/2-8.pdf>      x <morita454@oki.com>>> x> x Semantics and Interpretation (and dig.sig.) (1999/12/1)>Philosophical bits>    x original http://www.w3.org/DesignIssues/Interpretation.html>      x http://www.net.intap.or.jp/INTAP/s-web/data/TR/2-9.pdf>      x <morita454@oki.com>>> x> x Logic and the semantic web (1999)>    x original http://www.w3.org/DesignIssues/Logic.html>   x   x http://www.net.intap.or.jp/INTAP/s-web/data/TR/2-10.html>      x <htsuda@jp.fujitsu.com>>> x> x Rules and facts: Inference engines and the Semantic Web (2000/1)>    x original http://www.w3.org/DesignIssues/Rules.html>      x http://www.net.intap.or.jp/INTAP/s-web/data/TR/2-11.html>      x <htsuda@jp.fujitsu.com>>> x> x Limiting the damage of an inconsistency (2000/1)>    x original http://www.w3.org/DesignIssues/Inconsistent.html>      x http://www.net.intap.or.jp/INTAP/s-web/data/TR/2-12.html>      x <sato.hiroyuki@lab.ntt.co.jp>>> x> x Metadata Architecture>    x original http://www.w3.org/DesignIssues/Metadata.html>      x http://www.net.intap.or.jp/INTAP/s-web/data/TR/2-13.html>      x <kuruma@sdl.hitachi.co.jp>For all the above documents, I have asked Tim Berners-Lee,and he is okay with the translation under the followingconditions:- That you have a pointer to the original.- That you say that the translation may have errors,...- That you say that the original may change.I did not check all the translations, but for examplehttp://www.net.intap.or.jp/INTAP/s-web/data/TR/2-1.htmlcontains:xCan you please make sure that this sentence is changed sothat it explicitly notes that the original may change?> x> x The Web Ontology Language (OWL)>    x original>http://lists.w3.org/Archives/Public/www-webont-wg/2002Jan/att-0061/01-sw>ol.text>      x http://www.net.intap.or.jp/INTAP/s-web/data/TR/7-1.html>      x <imamura@isl.melco.co.jp>>> x> x Use cases on collection management>    x original>http://lists.w3.org/Archives/Public/www-archive/2002Jan/att-0019/01-part>      x http://www.net.intap.or.jp/INTAP/s-web/data/TR/8-1.html>      x <kiyono@trl.mei.co.jp>>> x> x Content Interoperability Use Case final draft>    x original>http://lists.w3.org/Archives/Public/www-webont-wg/2002Jan/0066.html>      x http://www.net.intap.or.jp/INTAP/s-web/data/TR/8-2.html>       x <k-ueda@qb.jp.nec.com>>> x> x Web services use cases>    x original>http://lists.w3.org/Archives/Public/www-webont-wg/2002Jan/0083.html>     x http://www.net.intap.or.jp/INTAP/s-web/data/TR/8-3.html>      x <hogura@jp.ibm.com>>> x> x General Requirements document>    x original>http://lists.w3.org/Archives/Public/www-webont-wg/2002Jan/0062.html>      x http://www.net.intap.or.jp/INTAP/s-web/data/TR/8-4.html>      x <kiyono@trl.mei.co.jp>For the last five documents, please add a note saying thatthere may be newer versions of these documents in otherlocations on the W3C web site, or they may have beenintegrated into other documents or abandoned.With kind regards,    Martin.>Thanking your kind consideration on this matter.>If any query, please let us know.>>                Yours truly,>                Yasuyoshi KATURAGAWA>                Interoperability Technology Association>                for Information Processing, Japan  (INTAP)>                Bunkyo Green Court Center Office 13F>                2-28-8, Honkomagome Bunkyo-ku>                Tokyo 113-6591 JAPAN>                Telephone     +81-3-5977-1301>                Facsimile     +81-3-5977-1302>                E-mail        katuragawa@intap.or.jp>                Homepage      http://www.intap.or.jp/",
            "docno": "lists-057-13420637",
            "received": "Tue Dec 10 17:26:18 2002",
            "isoreceived": "20021210222618",
            "sent": "Wed, 11 Dec 2002 07:25:50 +0900",
            "isosent": "20021210222550",
            "name": "Martin Duerst",
            "email": "duerst@w3.org",
            "subject": "RE: Translation of your(W3C) Technical   Imformal   Reports(retry)",
            "id": "4.2.0.58.J.20021209234107.067ab658@localhost",
            "charset": "ISO-2022-JP",
            "inreplyto": "4.2.0.58.J.20021126234527.05072338&#64;localhost",
            "expires": "-1",
            "to": "\"Katuragawa\"<katuragawa@intap.or.jp>(by way of Martin Duerst<duerst@w3.org>),w3c-translators@w3.org,reagle@w3.org\n"
        },
        {
            "body": "Dear Manager.Thank you for your favor to let us allow to translate your technicalinformal report for INTAP homepage.We translated the some your technical informal reports into Japanese.We hope W3C links to our following URLs.xxx Frequently asked questions (FAQ)x original http://www.w3.org/RDF/FAQ/x http://www.net.intap.or.jp/INTAP/s-web/data/TR/1-3.htmlx <k-ueda@qb.jp.nec.com>xxx What the semantic Web isn't but can represent (1998)x original http://www.w3.org/DesignIssues/RDFnot.htmlx http://www.net.intap.or.jp/INTAP/s-web/data/TR/2-1.htmlx <fume@eel.rdc.toshiba.co.jp>xx RDF and Relational databases (1998) (link added 2001)x original http://www.w3.org/DesignIssues/RDB-RDF.htmlx http://www.net.intap.or.jp/INTAP/s-web/data/TR/2-2.htmlx <fume@eel.rdc.toshiba.co.jp>xx Conceptual Graphs and the semantic Web (2001)x original http://www.w3.org/DesignIssues/CG.htmlx http://www.net.intap.or.jp/INTAP/s-web/data/TR/2-3.pdfx <fume@eel.rdc.toshiba.co.jp>xx Why RDF model is not exactly the XML model (1999)x original http://www.w3.org/DesignIssues/RDF-XML.htmlx http://www.net.intap.or.jp/INTAP/s-web/data/TR/2-4.pdfx <shimizu@intap.or.jp>xx Assumed syntax - a simpler RDF syntax used in the following. (1999)x original http://www.w3.org/DesignIssues/Syntax.htmlx http://www.net.intap.or.jp/INTAP/s-web/data/TR/2-5.htmlx <sato.hiroyuki@lab.ntt.co.jp>xx Identity: how to identify what in RDF (2000/02)x original http://www.w3.org/DesignIssues/Identity.htmlx http://www.net.intap.or.jp/INTAP/s-web/data/TR/2-6.htmlx <i-hosomi@ay.jp.nec.com>xx Interpretation expressed as RDF property (language, etc)(2000/03)x originalhttp://www.w3.org/DesignIssues/InterpretationProperties.htmlx http://www.net.intap.or.jp/INTAP/s-web/data/TR/2-7.pdfx <i-hosomi@ay.jp.nec.com>xx Semantic Web Toolbox: Logic & trust in XML-RDF?(1999)x original http://www.w3.org/DesignIssues/Toolbox.htmlx http://www.net.intap.or.jp/INTAP/s-web/data/TR/2-8.pdfx <morita454@oki.com>xx Semantics and Interpretation (and dig.sig.) (1999/12/1)Philosophical bitsx original http://www.w3.org/DesignIssues/Interpretation.htmlx http://www.net.intap.or.jp/INTAP/s-web/data/TR/2-9.pdfx <morita454@oki.com>xx Logic and the semantic web (1999)x original http://www.w3.org/DesignIssues/Logic.htmlx   x http://www.net.intap.or.jp/INTAP/s-web/data/TR/2-10.htmlx <htsuda@jp.fujitsu.com>xx Rules and facts: Inference engines and the Semantic Web (2000/1)x original http://www.w3.org/DesignIssues/Rules.htmlx http://www.net.intap.or.jp/INTAP/s-web/data/TR/2-11.htmlx <htsuda@jp.fujitsu.com>xx Limiting the damage of an inconsistency (2000/1)x original http://www.w3.org/DesignIssues/Inconsistent.htmlx http://www.net.intap.or.jp/INTAP/s-web/data/TR/2-12.htmlx <sato.hiroyuki@lab.ntt.co.jp>xx Metadata Architecturex original http://www.w3.org/DesignIssues/Metadata.htmlx http://www.net.intap.or.jp/INTAP/s-web/data/TR/2-13.htmlx <kuruma@sdl.hitachi.co.jp>xx The Web Ontology Language (OWL)x originalhttp://lists.w3.org/Archives/Public/www-webont-wg/2002Jan/att-0061/01-swol.textx http://www.net.intap.or.jp/INTAP/s-web/data/TR/7-1.htmlx <imamura@isl.melco.co.jp>xx Use cases on collection managementx originalhttp://lists.w3.org/Archives/Public/www-archive/2002Jan/att-0019/01-partx http://www.net.intap.or.jp/INTAP/s-web/data/TR/8-1.htmlx <kiyono@trl.mei.co.jp>xx Content Interoperability Use Case final draftx originalhttp://lists.w3.org/Archives/Public/www-webont-wg/2002Jan/0066.htmlx http://www.net.intap.or.jp/INTAP/s-web/data/TR/8-2.htmlx <k-ueda@qb.jp.nec.com>xx Web services use casesx originalhttp://lists.w3.org/Archives/Public/www-webont-wg/2002Jan/0083.htmlx http://www.net.intap.or.jp/INTAP/s-web/data/TR/8-3.htmlx <hogura@jp.ibm.com>xx General Requirements documentx originalhttp://lists.w3.org/Archives/Public/www-webont-wg/2002Jan/0062.htmlx http://www.net.intap.or.jp/INTAP/s-web/data/TR/8-4.htmlx <kiyono@trl.mei.co.jp>Thanking your kind consideration on this matter.If any query, please let us know.Yours truly,Yasuyoshi KATURAGAWAInteroperability Technology Associationfor Information Processing, Japan  (INTAP)Bunkyo Green Court Center Office 13F2-28-8, Honkomagome Bunkyo-kuTokyo 113-6591 JAPANTelephone     +81-3-5977-1301Facsimile     +81-3-5977-1302E-mail        katuragawa@intap.or.jpHomepage      http://www.intap.or.jp/",
            "docno": "lists-057-13209165",
            "received": "Tue Oct 22 20:22:45 2002",
            "isoreceived": "20021023002245",
            "sent": "Wed, 23 Oct 2002 07:51:17 +0900",
            "isosent": "20021022225117",
            "name": "Katuragawa",
            "email": "katuragawa@intap.or.jp",
            "subject": "Translation of your(W3C) Technical Imformal   Reports",
            "id": "4.2.0.58.J.20021023075101.03eebb48@localhost",
            "charset": "ISO-2022-JP",
            "expires": "-1",
            "to": "w3c-translators@w3.org\n"
        }
    ]
}