{
    "id": "candidate-0588",
    "name": "F. Donald Wright",
    "gender": "MALE",
    "email": "don@lexmark.com",
    "mails": [
        {
            "body": "Keith Moore said:\"the folks who blindly recommend XML for everything are the ones who shouldbe lined up and shot - perhaps not with lethal weapons (though it istempting) but maybe with big darts that have \"stupid\" flags attached.(to warn everyone else of their presence)\"We have succeeded in finding a point of complete agreement.*********************************************** Don Wright                 don@lexmark.com ** Chair, Printer Working Group               ** Chair, IEEE MSC                            **                                            ** Director, Alliances & Standards            ** Lexmark International                      ** 740 New Circle Rd                          ** Lexington, Ky 40550                        ** 859-825-4808 (phone) 603-963-8352 (fax)    ***********************************************Keith Moore <moore%cs.utk.edu@interlock.lexmark.com> on 04/17/2001 03:40:29 PMdiscuss%apps.ietf.org@interlock.lexmark.com (bcc: Don Wright/Lex/Lexmark)Subject:  Re: Two new drafts: Multipart/Interleaved and Application /BatchBeep> \"An environment that is so> bandwidth constrained that base64 is an onerous amount of overhead> probably shouldn't be using either MIME or XML framing either - it should> probably be using some binary protocol that does framing, multiplexing,> and lossless data compression all at the same time (since they interact> with one another).\">> Tell me about it!!!!!  But if it doesn't use XML it isn't kewl and therefore> is unacceptable!  I proposed binary and was shot down immediately by the> \"politically correct\" XML!the folks who blindly recommend XML for everything are the ones who shouldbe lined up and shot - perhaps not with lethal weapons (though it istempting) but maybe with big darts that have \"stupid\" flags attached.(to warn everyone else of their presence)> \"(however I'll confess I'm intrigued - under what conditions does a cell> phone need to send a complex document to a printer?\">> Imagine an address book with icons and background images within each> cell of an XHTML table.a cell phone that can maintain separate icons and background images foreach element of an address book is sophisticated enough to multiplextraffic over a data stream.Keith",
            "docno": "lists-007-13611491",
            "received": "Tue Apr 17 15:47:02 2001",
            "isoreceived": "20010417194702",
            "sent": "Tue, 17 Apr 2001 15:46:16 -0400",
            "isosent": "20010417194616",
            "name": "don@lexmark.com",
            "email": "don@lexmark.com",
            "subject": "Re: Two new drafts: Multipart/Interleaved and Application  /BatchBeep",
            "id": "200104171946.PAA02069@interlock2.lexmark.com",
            "charset": "us-ascii",
            "inreplyto": "Two new drafts: Multipart/Interleaved and Application  /BatchBeep",
            "expires": "-1",
            "to": "   \"Don_Wright/Lex/Lexmark.LEXMARK\"@sweeper.lex.lexmark.com\n",
            "cc": "   Keith Moore <moore%cs.utk.edu@interlock.lexmark.com>,\n"
        },
        {
            "body": "one reason I didn't suggest the \"printer fetches things on demand\" modelmyself was that I didn't know your requirements - other than that youseemed to be assuming that the document would fit into a MIME message.there are certainly conditions under which the \"on demand\" model wouldnot work - among them being long round-trip delay conditions andintermittent connectivity.(however I'll confess I'm intrigued - under what conditions does a cellphone need to send a complex document to a printer?  I can see how acell phone might want to dump its address book, or forward an incomingfax, or some such.  but although these seem like potentially largedocuments, they don't seem like complex documents.  I can also see howI might want to transmit a complex document to a printer from my palm IIIto a cell phone - but the palm III is quite perfectly of speaking TCP andacting as a server for any document that is already stored in its memory.)But I have to wonder about problem definitions that place so manyconstraints on a solution that no reasonable solution seems possible.It's not that such problems don't exist, it's that one gets theimpression that the problem definition raises the bar higher thannecessary or the solution set is constrained more than necessary.In particular \"the resources necessary to support a server\" basicallymeans the ability to multiplex and demultiplex data over a communicationschannel, along with (perhaps) the ability to accept unanticipatedinput.  I'm not claiming that all cell phones can do this, but a devicethat cannot do this is limited indeed!  Surely the processing overheadassociated with handling complex documents far exceeds that requiredto do simple multiplexing and demultiplexing.  An environment that is sobandwidth constrained that base64 is an onerous amount of overheadprobably shouldn't be using either MIME or XML framing either - it shouldprobably be using some binary protocol that does framing, multiplexing,and lossless data compression all at the same time (since they interactwith one another).  And intuitively, trying to make a resource-poor clienttransmit arbitrarily complex documents to a resource-poor printer soundslike an unrealistically hard problem.  I'd be looking for ways to placefirm limits on the allowable size/complexity of the document.Realistically, unless you impose some such constraints, interoperabilityis just going to be a crap shoot anyway.Keitt",
            "docno": "lists-007-13570286",
            "received": "Tue Apr 17 15:26:33 2001",
            "isoreceived": "20010417192633",
            "sent": "Tue, 17 Apr 2001 15:26:03 -0400",
            "isosent": "20010417192603",
            "name": "Keith Moore",
            "email": "oore@cs.utk.edu",
            "subject": "Re: Two new drafts: Multipart/Interleaved and Application /BatchBeep",
            "id": "200104171926.PAA20363@astro.cs.utk.edu",
            "inreplyto": "200104171820.OAA08252&#64;interlock2.lexmark.com",
            "expires": "-1",
            "to": "don@lexmark.com\n",
            "cc": "discuss@apps.ietf.org\n"
        },
        {
            "body": "> \"An environment that is so> bandwidth constrained that base64 is an onerous amount of overhead> probably shouldn't be using either MIME or XML framing either - it should> probably be using some binary protocol that does framing, multiplexing,> and lossless data compression all at the same time (since they interact> with one another).\">> Tell me about it!!!!!  But if it doesn't use XML it isn't kewl and therefore> is unacceptable!  I proposed binary and was shot down immediately by the> \"politically correct\" XML!the folks who blindly recommend XML for everything are the ones who shouldbe lined up and shot - perhaps not with lethal weapons (though it istempting) but maybe with big darts that have \"stupid\" flags attached.(to warn everyone else of their presence)> \"(however I'll confess I'm intrigued - under what conditions does a cell> phone need to send a complex document to a printer?\">> Imagine an address book with icons and background images within each> cell of an XHTML table.a cell phone that can maintain separate icons and background images foreach element of an address book is sophisticated enough to multiplextraffic over a data stream.Keith",
            "docno": "lists-007-13593304",
            "received": "Tue Apr 17 15:40:58 2001",
            "isoreceived": "20010417194058",
            "sent": "Tue, 17 Apr 2001 15:40:29 -0400",
            "isosent": "20010417194029",
            "name": "Keith Moore",
            "email": "oore@cs.utk.edu",
            "subject": "Re: Two new drafts: Multipart/Interleaved and Application /BatchBeep",
            "id": "200104171940.PAA20432@astro.cs.utk.edu",
            "inreplyto": "200104171930.PAA27759&#64;interlock2.lexmark.com",
            "expires": "-1",
            "to": "don@lexmark.com\n",
            "cc": " Keith Moore<moore@cs.utk.edu>,discuss@apps.ietf.org\n"
        },
        {
            "body": "At 15.30 -0400 01-04-17, <don@lexmark.com> wrote:>Tell me about it!!!!!  But if it doesn't use XML it isn't kewl and>therefore is>unacceptable!  I proposed binary and was shot down immediately by the>\"politically correct\" XML!I made a test, where I encoded the same information using ASN.1,ABNF (RFC822 style) and XML.You can find it athttp://www.dsv.su.se/jpalme/abook/asn-1-xml-compare.pdfI compared how many octets had to be sent to transmit thesame information in some different formats:RelativeSize       Encoding100        ASN.1-PER175        ASN.1-BER550        ABNF, RFC822 style830        XMLWhen shown such results, people often say \"but XML can be packed\".So I tried packing the XML using the ZIP format. Small blocks of databecame longer, not shorter, when packed. So packing, at leastusing ZIP, will not make XML more efficient except for ratherlarge files.--Jacob Palme <jpalme@dsv.su.se> (Stockholm University and KTH)for more info see URL: http://www.dsv.su.se/jpalme/",
            "docno": "lists-007-13659814",
            "received": "Mon Apr 23 16:07:59 2001",
            "isoreceived": "20010423200759",
            "sent": "Mon, 23 Apr 2001 22:01:28 +0200",
            "isosent": "20010423200128",
            "name": "Jacob Palme",
            "email": "jpalme@dsv.su.se",
            "subject": "Re: Two new drafts: Multipart/Interleaved and  Application  /BatchBeep",
            "id": "p05010409b70a32456eb1@[130.237.150.141]",
            "charset": "us-ascii",
            "inreplyto": "200104171930.PAA27759&#64;interlock2.lexmark.com",
            "expires": "-1",
            "to": "discuss@apps.ietf.org\n"
        },
        {
            "body": "Keith Moore said:\"An environment that is sobandwidth constrained that base64 is an onerous amount of overheadprobably shouldn't be using either MIME or XML framing either - it shouldprobably be using some binary protocol that does framing, multiplexing,and lossless data compression all at the same time (since they interactwith one another).\"Tell me about it!!!!!  But if it doesn't use XML it isn't kewl and therefore isunacceptable!  I proposed binary and was shot down immediately by the\"politically correct\" XML!\"(however I'll confess I'm intrigued - under what conditions does a cellphone need to send a complex document to a printer?\"Imagine an address book with icons and background images within each cell of anXHTML table.*********************************************** Don Wright                 don@lexmark.com ** Chair, Printer Working Group               ** Chair, IEEE MSC                            **                                            ** Director, Alliances & Standards            ** Lexmark International                      ** 740 New Circle Rd                          ** Lexington, Ky 40550                        ** 859-825-4808 (phone) 603-963-8352 (fax)    ***********************************************Keith Moore <moore%cs.utk.edu@interlock.lexmark.com> on 04/17/2001 03:26:03 PMSubject:  Re: Two new drafts: Multipart/Interleaved and Application /BatchBeepone reason I didn't suggest the \"printer fetches things on demand\" modelmyself was that I didn't know your requirements - other than that youseemed to be assuming that the document would fit into a MIME message.there are certainly conditions under which the \"on demand\" model wouldnot work - among them being long round-trip delay conditions andintermittent connectivity.(however I'll confess I'm intrigued - under what conditions does a cellphone need to send a complex document to a printer?  I can see how acell phone might want to dump its address book, or forward an incomingfax, or some such.  but although these seem like potentially largedocuments, they don't seem like complex documents.  I can also see howI might want to transmit a complex document to a printer from my palm IIIto a cell phone - but the palm III is quite perfectly of speaking TCP andacting as a server for any document that is already stored in its memory.)But I have to wonder about problem definitions that place so manyconstraints on a solution that no reasonable solution seems possible.It's not that such problems don't exist, it's that one gets theimpression that the problem definition raises the bar higher thannecessary or the solution set is constrained more than necessary.In particular \"the resources necessary to support a server\" basicallymeans the ability to multiplex and demultiplex data over a communicationschannel, along with (perhaps) the ability to accept unanticipatedinput.  I'm not claiming that all cell phones can do this, but a devicethat cannot do this is limited indeed!  Surely the processing overheadassociated with handling complex documents far exceeds that requiredto do simple multiplexing and demultiplexing.  An environment that is sobandwidth constrained that base64 is an onerous amount of overheadprobably shouldn't be using either MIME or XML framing either - it shouldprobably be using some binary protocol that does framing, multiplexing,and lossless data compression all at the same time (since they interactwith one another).  And intuitively, trying to make a resource-poor clienttransmit arbitrarily complex documents to a resource-poor printer soundslike an unrealistically hard problem.  I'd be looking for ways to placefirm limits on the allowable size/complexity of the document.Realistically, unless you impose some such constraints, interoperabilityis just going to be a crap shoot anyway.Keitt",
            "docno": "lists-007-13580037",
            "received": "Tue Apr 17 15:30:59 2001",
            "isoreceived": "20010417193059",
            "sent": "Tue, 17 Apr 2001 15:30:19 -0400",
            "isosent": "20010417193019",
            "name": "don@lexmark.com",
            "email": "don@lexmark.com",
            "subject": "Re: Two new drafts: Multipart/Interleaved and Application  /BatchBeep",
            "id": "200104171930.PAA27759@interlock2.lexmark.com",
            "charset": "us-ascii",
            "inreplyto": "Two new drafts: Multipart/Interleaved and Application  /BatchBeep",
            "expires": "-1",
            "to": "   \"Don_Wright/Lex/Lexmark.LEXMARK\"@sweeper.lex.lexmark.com\n",
            "cc": "   discuss%apps.ietf.org@interlock.lexmark.com (bcc: Don Wright/Lex/Lexmark)\n"
        },
        {
            "body": "don@lexmark.com wrote:>> Scott:>> 1) It is NOT for IPP clients> 2) It IS intended to help the printing of images on printers with little buffer> space> 3) It IS for clients that do not have \"server\" functionality.  The client opens> the connection, pushes the content and is done.Ok.  In that case, I don't think that it actually solves the problemit is intended to solve (and perhaps that no solution exists for theproblem space in which both parties are so severely constrained).--Scott Lawrence      Architect            slawrence@virata.comVirata       Embedded Web Technology    http://www.emweb.com/",
            "docno": "lists-007-13602708",
            "received": "Tue Apr 17 15:43:10 2001",
            "isoreceived": "20010417194310",
            "sent": "Tue, 17 Apr 2001 15:42:46 -0400",
            "isosent": "20010417194246",
            "name": "Scott Lawrence",
            "email": "slawrence@virata.com",
            "subject": "Re: Two new drafts: Multipart/Interleaved and Application  /BatchBeep",
            "id": "3ADC9CB6.9000901@virata.com",
            "charset": "us-ascii",
            "inreplyto": "200104171912.PAA22522&#64;interlock2.lexmark.com",
            "expires": "-1",
            "to": "don@lexmark.com\n",
            "cc": "discuss@apps.ietf.org\n"
        },
        {
            "body": "All:Just as a bit of background, the purpose, especially of mulitpart/interleaved,was for environments (not IPP) where the client CANNOT/DOES NOT have theresources necessary to support a server (e.g. Cell Phone) and this thereforedoes a BETTER (but not foolproof) job of putting the resources in  \"proximity\"to where it is reference (think printing something like XHTML with images.)Also, some of these environments are NOT tcp.  Don't argue with me about whetheror not the Cell Phone can afford to include a server so the printer can get theimage as it needs it.  This is one of the underlying requirements based uponwhat functions can afford to be included by the manufacturer of these devices.The printer guys didn't make up the rules.... we just have to live with them andsolve the problems based on them.Oh and by the way, we also didn't decide the base protocols either so when theprotocols chosen don't do what is necessary, we have to solve the problem withpackaging.  Because of bandwidth issues (again, think non-TCP, non-internet,non-megabit pipes), the 33% inefficiency of base64 encoding with the XHTML/SOAPis also not acceptable.*********************************************** Don Wright                 don@lexmark.com ** Chair, Printer Working Group               ** Chair, IEEE MSC                            **                                            ** Director, Alliances & Standards            ** Lexmark International                      ** 740 New Circle Rd                          ** Lexington, Ky 40550                        ** 859-825-4808 (phone) 603-963-8352 (fax)    ***********************************************Scott Lawrence <slawrence%virata.com@interlock.lexmark.com> on 04/17/200101:49:15 PMSubject:  Re: Two new drafts: Multipart/Interleaved and  Application/BatchBeepDave Crocker wrote:> At 04:54 PM 4/16/2001, ned.freed@mrochek.com wrote:>>> A better approach would be to use BEEP's multiple>> session capability -- the client could send the control document over>> and the>> server could request things from the client on a different channel.>> The result>> is a single connection, just in time data delivery, and no need for>> the client>> to have to try and predict when the server will need something. The>> disadvantage is that it's a new protocol, but frankly, if this problem>> is worth>> solving we should not be afraid of a new protocol to solve it.>>> I like this description quite a lot.>> It also sounds like exactly the same task that a Web client has when> rendering a web page...I agree (as I did in person in Minneapolis) with Ned that thefundamental problem is that of just-in-time delivery, and the sendercannot know what that means.  For example, in looking at our serverlogs, we do not find that browsers all request the images for agiven HTML document in the same order.These drafts were motivated by the buffering problems of an IPPprinter, but similar problems would be faced by any device that mustcombine mulitple components to produce a whole (wireless PDAdisplaying an alert with a specific font and a graphic).  Far betteris to provide a means of doing bidirectional requests.IPP already incorporates print-by-reference, so having the senderincorporate references to objects it is prepared to provide througha special-purpose HTTP server is not much of a stretch - putting thesequencing control of them into the renderer where it belongs.The HTTP Upgrade mechanism could be used to switch the HTTP/IPPconnection to BEEP/xxx for any value of xxx (including HTTP, even ifthat would give people alergic reactions).--Scott Lawrence      Architect            slawrence@virata.comVirata       Embedded Web Technology    http://www.emweb.com/",
            "docno": "lists-007-13536711",
            "received": "Tue Apr 17 14:21:32 2001",
            "isoreceived": "20010417182132",
            "sent": "Tue, 17 Apr 2001 14:20:42 -0400",
            "isosent": "20010417182042",
            "name": "don@lexmark.com",
            "email": "don@lexmark.com",
            "subject": "Re: Two new drafts: Multipart/Interleaved and Application /BatchBeep",
            "id": "200104171820.OAA08252@interlock2.lexmark.com",
            "charset": "us-ascii",
            "inreplyto": "Two new drafts: Multipart/Interleaved and Application /BatchBeep",
            "expires": "-1",
            "to": "   discuss%apps.ietf.org@interlock.lexmark.com\n",
            "cc": "    (bcc: Don Wright/Lex/Lexmark)\n"
        },
        {
            "body": "Scott:1) It is NOT for IPP clients2) It IS intended to help the printing of images on printers with little bufferspace3) It IS for clients that do not have \"server\" functionality.  The client opensthe connection, pushes the content and is done.*********************************************** Don Wright                 don@lexmark.com ** Chair, Printer Working Group               ** Chair, IEEE MSC                            **                                            ** Director, Alliances & Standards            ** Lexmark International                      ** 740 New Circle Rd                          ** Lexington, Ky 40550                        ** 859-825-4808 (phone) 603-963-8352 (fax)    ***********************************************Scott Lawrence <slawrence%virata.com@interlock.lexmark.com> on 04/17/200103:05:29 PMSubject:  Re: Two new drafts: Multipart/Interleaved and Application /BatchBeepdon@lexmark.com wrote:> Just as a bit of background, the purpose, especially of mulitpart/interleaved,> was for environments (not IPP) where the client CANNOT/DOES NOT have the> resources necessary to support a server (e.g. Cell Phone) and this therefore> does a BETTER (but not foolproof) job of putting the resources in  \"proximity\"> to where it is reference (think printing something like XHTML with images.)I don't see how this packaging issue saves resources in the IPPclient - it has to muster all the components anyway to send them,regardless of what order they are sent in.  Indeed, it would beeasier for the sender if they were all just sent sequentiallywithout the interleaving.  The only motivation I could see for theinterleaving was solving the problem of not having buffer space inthe receiver to buffer the entire composite object.  Perhaps Imisunderstood...--Scott Lawrence      Architect            slawrence@virata.comVirata       Embedded Web Technology    http://www.emweb.com/",
            "docno": "lists-007-13558566",
            "received": "Tue Apr 17 15:13:34 2001",
            "isoreceived": "20010417191334",
            "sent": "Tue, 17 Apr 2001 15:12:46 -0400",
            "isosent": "20010417191246",
            "name": "don@lexmark.com",
            "email": "don@lexmark.com",
            "subject": "Re: Two new drafts: Multipart/Interleaved and Application  /BatchBeep",
            "id": "200104171912.PAA22522@interlock2.lexmark.com",
            "charset": "us-ascii",
            "inreplyto": "Two new drafts: Multipart/Interleaved and Application  /BatchBeep",
            "expires": "-1",
            "to": "   discuss%apps.ietf.org@interlock.lexmark.com\n",
            "cc": "    (bcc: Don Wright/Lex/Lexmark)\n"
        },
        {
            "body": "> Sender: moore@cs.utk.edu> From: Keith Moore <moore@cs.utk.edu>> Date: Tue, 17 Apr 2001 15:40:29 -0400> To: don@lexmark.com> Cc: Keith Moore <moore@cs.utk.edu>, discuss@apps.ietf.org> Subject: Re: Two new drafts: Multipart/Interleaved and Application /BatchBeep> -----> > \"An environment that is so> > bandwidth constrained that base64 is an onerous amount of overhead> > probably shouldn't be using either MIME or XML framing either - it should> > probably be using some binary protocol that does framing, multiplexing,> > and lossless data compression all at the same time (since they interact> > with one another).\"> >> > Tell me about it!!!!!  But if it doesn't use XML it isn't kewl and therefore> > is unacceptable!  I proposed binary and was shot down immediately by the> > \"politically correct\" XML!>> the folks who blindly recommend XML for everything are the ones who should> be lined up and shot - perhaps not with lethal weapons (though it is> tempting) but maybe with big darts that have \"stupid\" flags attached.> (to warn everyone else of their presence)>>While I agree with your sentiments, remember that XML run through compressionends up alot more compact than one naively thinks, as the tags compressvery well indeed.Having dealt with both flavors of protocols, each have their place: theproblem is an education one to use the right tool in the right place.- Jim--Jim GettysTechnology and Corporate DevelopmentCompaq Computer Corporationjg@pa.dec.com",
            "docno": "lists-007-13640214",
            "received": "Mon Apr 23 11:14:32 2001",
            "isoreceived": "20010423151432",
            "sent": "Mon, 23 Apr 2001 08:11:03 -0700 (PDT)",
            "isosent": "20010423151103",
            "name": "Jim Gettys",
            "email": "jg@pa.dec.com",
            "subject": "Re: Two new drafts: Multipart/Interleaved and Application /BatchBeep",
            "id": "200104231511.f3NFB3b409821@pachyderm.pa.dec.com",
            "inreplyto": "200104171940.PAA20432&#64;astro.cs.utk.edu",
            "expires": "-1",
            "to": " Keith Moore<moore@cs.utk.edu>\n",
            "cc": "don@lexmark.com,discuss@apps.ietf.org\n"
        },
        {
            "body": "don@lexmark.com wrote:> Just as a bit of background, the purpose, especially of mulitpart/interleaved,> was for environments (not IPP) where the client CANNOT/DOES NOT have the> resources necessary to support a server (e.g. Cell Phone) and this therefore> does a BETTER (but not foolproof) job of putting the resources in  \"proximity\"> to where it is reference (think printing something like XHTML with images.)I don't see how this packaging issue saves resources in the IPPclient - it has to muster all the components anyway to send them,regardless of what order they are sent in.  Indeed, it would beeasier for the sender if they were all just sent sequentiallywithout the interleaving.  The only motivation I could see for theinterleaving was solving the problem of not having buffer space inthe receiver to buffer the entire composite object.  Perhaps Imisunderstood...--Scott Lawrence      Architect            slawrence@virata.comVirata       Embedded Web Technology    http://www.emweb.com/",
            "docno": "lists-007-13549725",
            "received": "Tue Apr 17 15:06:03 2001",
            "isoreceived": "20010417190603",
            "sent": "Tue, 17 Apr 2001 15:05:29 -0400",
            "isosent": "20010417190529",
            "name": "Scott Lawrence",
            "email": "slawrence@virata.com",
            "subject": "Re: Two new drafts: Multipart/Interleaved and Application /BatchBeep",
            "id": "3ADC93F9.7060908@virata.com",
            "charset": "us-ascii",
            "inreplyto": "200104171820.OAA08252&#64;interlock2.lexmark.com",
            "expires": "-1",
            "to": "discuss@apps.ietf.org\n"
        }
    ]
}