{
    "id": "candidate-0678",
    "name": "Dirk-Willem van Gulik",
    "gender": "MALE",
    "email": "dirkx@asemantics.com",
    "mails": [
        {
            "body": "On 19/04/2004, at 11:07 PM, Howard Katz wrote:> How long is the train ride from Amsterdm RAI, and what time would you> advise> leaving that station in the morning for a 9:00 am start in Leiden? I> didn't> see that information in the materials.I'll add some travel times tomorrow; meanwhile:Departing from track 2/Amsterdam RAI7.43direct train to Leiden7.56change at Schiphol (track 5)8.13direct train to Leidenshould all get you there in time with various degrees of slack. See:http://www.ns.nl/domestic/index.cgiFrom:Amsterdam RAIfor more. From Schiphol (Track/Platform 6) the times are7.54*, 8.04, 8.16, 8.24* and 8.34. Those marked '*' take4 minutes longer.Dw.",
            "docno": "lists-020-10241004",
            "received": "Mon Apr 19 17:30:01 2004",
            "isoreceived": "20040419213001",
            "sent": "Mon, 19 Apr 2004 23:29:43 +0200",
            "isosent": "20040419212943",
            "name": "Dirk-Willem van Gulik",
            "email": "dirkx@asemantics.com",
            "subject": "Re: Homeless in Leiden...",
            "id": "AC4D2DC4-9248-11D8-9A98-000A27B4B4E0@asemantics.com",
            "charset": "US-ASCII",
            "inreplyto": "IKEOLCDFPBBPPAHGNKKOMEKKEKAA.howardk&#64;fatdog.com",
            "expires": "-1",
            "cc": " RDF Data Access Working Group<public-rdf-dawg@w3.org>\n",
            "to": "Leiden Centraal\n"
        },
        {
            "body": "On 19/04/2004, at 5:23 PM, Rob Shearer wrote:> Anybody have any ideas for hotels with vacancies for Wed+Thurs night?>Please call Hotel The Rose (+31-71-5146630) ASAP. They certainly haveone vacancy for those days (as of 20.00 local time :-).Dw.",
            "docno": "lists-020-10215278",
            "received": "Mon Apr 19 13:44:01 2004",
            "isoreceived": "20040419174401",
            "sent": "Mon, 19 Apr 2004 19:29:59 +0200",
            "isosent": "20040419172959",
            "name": "Dirk-Willem van Gulik",
            "email": "dirkx@asemantics.com",
            "subject": "Re: Homeless in Leiden...",
            "id": "2EFA1A58-9227-11D8-89A0-000A27B4B4E0@asemantics.com",
            "charset": "US-ASCII",
            "inreplyto": "CFE388CECDDB1E43AB1F60136BEB497302808F&#64;rome.ad.networkinference.com",
            "expires": "-1",
            "cc": "\"RDF Data Access Working Group\"<public-rdf-dawg@w3.org>\n",
            "to": "\"Rob Shearer\"<Rob.Shearer@networkinference.com>\n"
        },
        {
            "body": "On Mar 24, 2004, at 5:11 PM, Dan Connolly wrote:> ACTION DirkG: collect logistics details in a web page and>   send us a pointerhttp://dawg.asemantics.com/Dw",
            "docno": "lists-021-0425570",
            "received": "Thu Mar 25 05:36:50 2004",
            "isoreceived": "20040325103650",
            "sent": "Thu, 25 Mar 2004 11:36:34 +0100",
            "isosent": "20040325103634",
            "name": "Dirk-Willem van Gulik",
            "email": "dirkx@asemantics.com",
            "subject": "Re: agenda: 25 March RDF Data Access WG teleconference",
            "id": "49E2D7FC-7E48-11D8-8F99-000A95CDA38A@asemantics.com",
            "charset": "US-ASCII",
            "inreplyto": "1080143075.2469.1375.camel&#64;dirk",
            "expires": "-1",
            "cc": " RDF Data Access Working Group<public-rdf-dawg@w3.org>\n",
            "to": " Dan Connolly<connolly@w3.org>\n"
        },
        {
            "body": "XQuery: a whirlwind tourHoward Katz========================data model----------atomic values and nodes (book prize for number of types!) are injectedinto (== constructed in) an empty data modelXQuery is a functional language: expressions (Expr \"+\" Expr) (eg additiveexpression) evaluate their operands and return results, with expressionshigher up the query tree do the same thing, taking the data model instancethrough a series of transformations for each expression we \"ascend\"compositionality says same thing: we want the output of any expression tobe able to act as an input to the higher-up expression calling it.Syntactically, for binary operators (eg) reflected in the grammar. ie,operands in following can be just about anything :AdditiveExpr ::= MuliplicativeExpr ( (\"+\" | \"-\")MultiplicativeExpr )*So in general, for case of genericoperator/     \\exprexprit's never a syntax error for operands to be *any* type of expression (thoit may produce other types of errors -- see below)final query result is whatever emerges through the top of the query tree,the last man standingso data model instances consist of an ordered, heterogenous sequence of\"items\": atomic values and/or nodes (so one of differences between XQueryData Model and InfoSet is ordered forests, as well as PSVI from XML Schemavalidation.*everything* is a sequence, even one-offs (singleton sequences)examples--------1 (does this look like xml to you??)construct an IntegerLiteral 1 in the query1 goes in -- 1 comes out----\"2\", 3 + 1,/            \\\"2\"        \"+\"/         \\IntegerLiteralIntegerLiteralrule for evaluating :construct a sequence containing a single xsd:string \"2\"construct two atomic xs:integer values 3 and 1add the latter 2 together -> 4concatenate the 4 onto the \"2\"=> 42----<foo/>, <bar/>=> <foo/><bar/>(again, not quite xml)----query tree for more complex expression1 + count( doc( \"bib.xml\" )//text() )QueryBodyAdditive [ + ]IntegerLit [ 1 ]FunctionCallQName [ count ]RelPath [ // ]FunctionCallQName [ doc ]StringLit [ bib.xml ]TextTesteasy way to implement all the above is to have every expression evaluatedvia a function call that returns a generic sequence of items to thefunction that calls it. ie signature is something likeItemSequence additiveExpr( ItemSequence additiveExprLHS,ItemSequence additiveExprRHS )my implementation returns a sequence of two-element integer arraysint[][] additiveExpr( int[][] additiveExprLHS, int[][]additiveExprRHS )principle of full compositionality can lead to interesting syntacticconstructs. eg looking at addition:AdditiveExpr ::= MuliplicativeExpr ( (\"+\" | \"-\")MultiplicativeExpr )*MultiplicativeExpr := UnaryExpr ( \"*\" | \"div\" | \"idiv\" | \"mod\" )UnaryExpr )*...we can say1 + <foo>abc</foo> (: RIPLEY QUERY #1 :)similarly, any step in xpath/location path can be a generic Expr:<foo><bar/></foo>/bar  (: RIPLEY QUERY #2 :)Grammar is complex------------------o 142 productions (nov03 working draft)o 320 terminals(+/-)o heavy use of lexical states:DEFAULT, OPERATOR, NAMESPACEDECL, NAMESPACEKEYWORD, VARNAME, ITEMTYPE,KINDTEST, KINDTESTFORPI, XML_COMMENT, PROCESSING_INSTRUCTION,CDATA_SECTION,START_TAG, XMLSPACE_DECL, EXPR_COMMENT, EXT_KEY, OCCURRENCEINDICATOR,CLOSEKINDTEST,SCHEMACONTEXTSTEP, ELEMENT_CONTENT, QUOT_ATTRIBUTE_CONTENT,APOS_ATTRIBUTE_CONTENT,END_TAG, PROCESSING_INSTRUCTION_COMMENTwe start in DEFAULT state and change state according to state-change rulesin main spec documenteg one such rule:if in START_TAG state:\"/>\"               popState()\"<\"                ELEMENT_CONTENT\" ' \"              QUOT_ATTRIBUTE_CONTENT\" \" \"              APOS_ATTRIBUTE_CONTENT\"{}\" DEFAULT       pushState()S, QName, \"=\"      no-opsome sequence stuff-------------------(10, (1, 2), (), (3, 4)) => (10, 1, 2, 3, 4) => 101234(10, 1 to 4)=> (10, 1, 2, 3, 4) => 101234(21 to 29)[ 5 ]fn:reverse( 1 to 3) => (3, 2, 1)3 possible outcomes for evaluation of any XQuery expression-------------------1. produce a valid result2. produce a null sequence result3. throw an errorcase-by-case. eg, here's what we do w/ arithmetic operators:1. apply atomization to each operand (rule for producing a singleatomic value from a sequence)2. If either resulting sequence is (), => ()3. if fn:count( seq_LHS ) or fn:count( seq_RHS ) > 1, throw a typeerror4. if either sequence is now of type xdt:untypedAtomic, cast to thedefault type for the operator.(default for all operators except idiv is xs:double. If the castfails, throw a dynamic error5. apply the operator. either return the result or throw a dynamicerrorSo1 + <foo>abc</foo>fails under rule #4. throw a dynamic error1 + <foo>123</foo>succeeds=> 124comparisons-----------general comparisons, inherited from XPath 1.0:42 = 42       => true (: not unexpected :)what happens with a general comparison where one operand or the other is asequence ??doc( \"bib.xml\" )//book[ author/last = \"Kennedy\" ]ie, what if the book has 3 authors, equivalent to :( \"Abiteboul\", \"Buneman\", \"Suciu\" ) = \"Suciu\"answer: we do \"existential comparisonie(1, 2) = (2, 3 )  (: RIPLEY QUERY #3 :)General comparison is not transitive(1, 2) = (2, 3) => true(2, 3) = (3, 4) => true(3, 4) = (4, 5) => truehowever(1, 2) = (4, 5) => falseQuestion: how to inject existing nodes into the Data Model? (\"traditionalfunction of an XML query language):input functions---------------so called because they input selected nodes into the data modelwe usually use to root location paths -- connect them to source documentsof interestdoc( \"bib.xml\" )//bookcollection( \"someUri\" )/bib/book/author[ 1 ]these location path return node in document orderwhat happens *across* documents is impl-dependent but stable during asession (@@@@@ CHECK THIS @@@@@)constructed nodes-----------------we can also inject/construct our own nodes<foo>I <i>am</i> handsome!</foo>node construction gives XQuery rich ability to do transformations and\"rich\" reporting, replacing much of XSLTMuch ado about query analysis vs. query evaluation leads to distinctionbetween static errors and dynamic errors, static vs dynamic type checkingconstructed nodes are first-class citizens, not just decoration. *all*nodes have identity<foo/> is <foo/> => false(: RIPLEY QUERY #4 :)wrapping \"real\" nodes in an element constructor is more than cosmetic. weneed to deep copy:<foo>{doc( \"bib.xml\" )//editor}because of need for disambiguation of editor/.. operation<foo>{ (: evaluate what goes here :) } </foo>eg<foo>{ doc( \"bib.xml\" )//node() }</foo>What about (Straing<foo>{ <bar> { <baz/> } </bar> } </foo>user-defined functions----------------------define function is-document-element( $e as element() ) as xs:boolean{if ( $e/.. instance of document-node() )then true()else false()};depending on how invoked :is-document-element( doc( \"bib.xml\" )/bib )     => trueis-document-element( doc( \"bib.xml\" )//editor ) => falseis-document-element( doc( \"bib.xml\" )//book )   => throwsTo note :variation #3 throws because signature calls for *single* elementalternate signatures might be$e as element()?$e as element()*$e as element()+$e as element( foaf:Person )$e as element( price, xsd:decimal )\"rich\" prolog structure standardizes switches and context-setters insidethe query---------------------define variable $titles { doc(??books.xml??)//title };define function outtie($v as xs:integer) as xs:integer external;define variable $v as xs:integer external;declare namespace foo = \"http://example.org\";<foo:bar> { doc( \"http://fooThings.com\" )//foo:bar } </foo:bar>flwors return tuples--------------------for $number in ( 1, 3, 5 )for letter in ( \"A\", \"B\", \"C\" )return ( $number, \"-\", $letter, \" \" )=> 1-A  1-B  1-C  3-A  3-B  3-C  5-A  5-B  5-Csample queries---------------some $emp in //employee satisfies ($emp/bonus > 0.25 * $emp/salary)o existential semantics == \"any\"o as opposed to every $emp in //employee ...------------<bib>{for $b in doc(\"http://www.bn.com/bib.xml\")//bookwhere $b/publisher = \"Addison-Wesley\" and $b/@year > 1991order by $b/titlereturn<book>{ $b/@year }{ $b/title }</book>}</bib>=><bib><book year=\"1992\"><title>Advanced Programming in the Unix environment</title></book><book year=\"1994\"><title>TCP/IP Illustrated</title></book></bib>o order by changes ordering on demand from default document order-------------for $s in doc(\"report1.xml\")//section[section.title = \"Procedure\"]return($s//instrument)[ position()<=2 ]----------------for $p in doc(\"report1.xml\")//section[section.title = \"Procedure\"]where not( some $a in $p//anesthesia satisfies$a << ($p//incision)[1] )return $p----------------<section_list>{for $s in doc(\"book.xml\")//sectionlet $f := $s/figurereturn<section title=\"{ $s/title/text() }\" figcount=\"{ count($f) }\"/>}</section_list>xpaths vs flwors----------------XPaths navigate, select nodes en bulk, tho predicates (filters) can narrowthe size of the result list (not result set btw)flwrs allow finer-grained manipulation of individual items, additionalnavigation from selected nodes (for), complex multi-level (re)groupingo fine-grained manipulation of individual itemso grouping and decoration of semi-results (ie \"reporting\")o complex transformationshort-circuitable error reporting---------------------------------declare function func( $arg_1 as item? ) as item*{(: something :)};some $x in expr() satisfies $x = funct( $x )is allowed to return true immediately if found, even if possibility oferroring on subsequent itemsdocumentation, all at W3C XML Query website (sorry, no url)-------------[ Howard's Top 4 ]o XQuery 1.0: An XML Query Language (http://www.w3.org/TR/xquery/) [132pages, wd 12nov03: last call]The main overview document. Describes main features and surfacedlanguage syntaxo XML Query Use Cases (http://www.w3.org/TR/xquery-use-cases) [84 pages,wd 12nov03]Specific enought to be used for test cases. Good sample of actualXQuery snippetso XQuery 1.0 and XPath 2.0 Data Model(http://www.w3.org/TR/xpath-datamodel) [67 pages, wd 12nov03; last call]XML Schema Datatypes Part II + 7 node types, their properties, andaccessorsDM = XML Infoset + ordered forests + XML Schema PSVIo XQuery 1.0 and XPath 2.0 Functions and Operators(http://www.w3.org/TR/xpath-functions/) [166 pages, wd 12nov03; last call]+/- 150 built-functions----XML Query (XQuery) Requirements(http://www.w3.org/TR/xquery-requirements/) [14 pages, wd 12nov03]XQuery 1.0 and XPath 2.0 Formal Semantics(http://www.w3.org/TR/xquery-semantics) [175 pages, wd 20feb03; last call]XML Syntax for XQuery 1.0 (XQueryX) (http://www.w3.org/TR/xqueryx/) [52pages, wd 19nov03]XSLT 2.0 and XQuery 1.0 Serialization(http://www.w3.org/TR/xslt-xquery-serialization/) [20 pages, wd 12nov03;last call]XPath Requirements Version 2.0 (http://www.w3.org/TR/xpath20req/) [17pages, wd 22aug03]XQuery and XPath Full-Text Requirements(http://www.w3.org/TR/xquery-full-text-requirements) 10 pages, wd 2may03]XQuery and XPath Full-Text Use Cases(http://www.w3.org/TR/xmlquery-full-text-use-cases/) [106 pages, wd22aug03]834 pages in totalother suggestions----------------------o hands-on via saxon at sourceforge (sorry, no url)o \"XQuery from the Experts\", ed Howard Katz, 2003o \"Practical XQuery\", Mike Brundage, AW, 2004conclusions-----------o functional language is elegant, easy to implemento support for xml makes it complexo support for typed xml makes it more complexo user-defined functions (either internal or external) provideextensibilityo great to be able to move numerous \"declare\" switches inside the queryo ability to do ad hoc grouping via node constructors w/ arbitarysequencing provides rich transformational/reporting capability (anotherway to say is the ability order user-defined heterogeneous sequences andoptionally annotate them is powerful)",
            "docno": "lists-020-10423290",
            "received": "Fri Apr 23 08:26:41 2004",
            "isoreceived": "20040423122641",
            "sent": "Fri, 23 Apr 2004 05:19:21 -0700 (PDT)",
            "isosent": "20040423121921",
            "name": "Dirk-Willem van Gulik",
            "email": "dirkx@asemantics.com",
            "subject": "Howards Preso / leiden 2004 (fwd)",
            "id": "20040423051901.R54360@skutsje.san.webweaving.org",
            "charset": "ISO-8859-1",
            "expires": "-1",
            "to": "public-rdf-dawg@w3.org\n"
        },
        {
            "body": "On Jun 8, 2004, at 2:51 PM, Jim Hendler wrote:>  I think you missed the intent of my message - I tried to be  clear> that I was NOT talking about an open ended query -- I would not be> going to CYC and saying tell me what you know about cats, I would be> going to a graph and querying forthe bindings for a query something> like this..snup..>    Query the CYC graph for the pattern in which cat has a CLASSTYPE> (subclassof or equivalentClass)> of a restriction class and return to me the names of what PROPerties> the restriction is on, what OWLterm the restriction uses (AllValues,> SomeValues, etc.) and what the RESTriction is...snup..>   In practice I might do something different than this (perhaps> multiple queries for specific combinations as I needed them), but in> every case I am asking for specific properties of specific entities> from an RDF graph - in my opinion, this capability is why I devoted so> much of my past few years to making OWL an RDF language -- if I just> wanted to query documents, I would have agreed that an XML syntax was> sufficient -- but for linking and processing OWL, I want to use the> URIs and the graph...>  As far as 3.6 goes, I guess I could use optional features in the> above, I was thinking of multiple queries myself, but could go either> way ...Query, and returning a (partial) tree from a certain point on is onething - Querying multiple times as in \"over -time-\" and/or as theresult of a previous query and looking at the aggregate result set isquite another - as you then suddenly are into transactions, locking andconsistancy issues if the database is live; i.e. changes under yourfeet.Sofar the emphasis on a 'one query' one answer has very much reasuresme - and stayed well away of the usual rat holes.Dw",
            "docno": "lists-020-14993728",
            "received": "Sun Jun 13 16:58:10 2004",
            "isoreceived": "20040613205810",
            "sent": "Sun, 13 Jun 2004 21:44:00 +0200",
            "isosent": "20040613194400",
            "name": "Dirk-Willem van Gulik",
            "email": "dirkx@asemantics.com",
            "subject": "Re: New use case - RDFS/OWL related",
            "id": "042C3FD5-BD72-11D8-A1C1-000A95CDA38A@asemantics.com",
            "charset": "US-ASCII",
            "inreplyto": "06110435bceb623715e3&#64;[10.0.1.2]",
            "expires": "-1",
            "cc": "\"Seaborne, Andy\"<andy.seaborne@hp.com>,public-rdf-dawg@w3.org\n",
            "to": " Jim Hendler<hendler@cs.umd.edu>\n"
        },
        {
            "body": "If people are already in Leiden early - how about-Beer/meet at 20.30 at\"Meneer Jansen\"Nieuwe  Rijn 212312 JC LEIDENExactly between 'e' and 'h' on the mapof http://dawg.asemantics.com/ at thebeginning of the 'Nieuwe Rijn'.-If you fancy having dinner; do send me anSMS +31610939728 - and I'll SMS you thelocation. Dinner at 19.00.Cheers,Dw",
            "docno": "lists-020-10330084",
            "received": "Wed Apr 21 08:42:24 2004",
            "isoreceived": "20040421124224",
            "sent": "Wed, 21 Apr 2004 14:42:02 +0200",
            "isosent": "20040421124202",
            "name": "Dirk-Willem van Gulik",
            "email": "dirkx@asemantics.com",
            "subject": "Evening before - meet/dinner in Leiden ?",
            "id": "49BB036E-9391-11D8-9A39-000A27B4B4E0@asemantics.com",
            "charset": "US-ASCII",
            "expires": "-1",
            "to": "\"'RDF Data Access Working Group'\"<public-rdf-dawg@w3.org>\n"
        },
        {
            "body": "On 19/04/2004, at 11:49 PM, Seaborne, Andy wrote:> The timetable from Amsterdam RAI is> http://www.ns.nl/vertrekstaten/rai1.pdf.Any non direct train is fine too - they take a minute 4 longer; youchangeat Schiphol.> train both days.  It seems to be about 2 km (in a straight line), say> 3km> max by streets, from the Leiden station to the meeting location - is> that> about right?It is a bit less; around 1.5 on foot/bike; 2.2 if you have to go aroundby car. Walking takes about 15 minutes; bus takes about 12 minutes.(http://www.9292ov.nl).Dw",
            "docno": "lists-020-10271238",
            "received": "Tue Apr 20 04:09:36 2004",
            "isoreceived": "20040420080936",
            "sent": "Tue, 20 Apr 2004 10:09:16 +0200",
            "isosent": "20040420080916",
            "name": "Dirk-Willem van Gulik",
            "email": "dirkx@asemantics.com",
            "subject": "Re: in Leiden...",
            "id": "04849089-92A2-11D8-9A98-000A27B4B4E0@asemantics.com",
            "charset": "US-ASCII",
            "inreplyto": "000101c42658$37c6a7c0$0a01a8c0&#64;atlas",
            "expires": "-1",
            "cc": "\"'Howard Katz'\"<howardk@fatdog.com>,\"'RDF Data Access Working Group'\"<public-rdf-dawg@w3.org>\n",
            "to": "\"Seaborne, Andy\"<andy.seaborne@hp.com>\n"
        },
        {
            "body": "> Dirk is about to set up a Web page with details about the f2f meeting> venue and some misc infos -Rought draft at http://dawg.asemantics.com/ - map and pictures follow.Dw",
            "docno": "lists-021-0360062",
            "received": "Thu Mar 25 02:10:45 2004",
            "isoreceived": "20040325071045",
            "sent": "Thu, 25 Mar 2004 00:48:07 +0100",
            "isosent": "20040324234807",
            "name": "Dirk-Willem van Gulik",
            "email": "dirkx@asemantics.com",
            "subject": "Re: Telecon participation during f2f",
            "id": "B341F47A-7DED-11D8-B4AD-000A95CDA38A@asemantics.com",
            "charset": "US-ASCII",
            "inreplyto": "03985532-7DB0-11D8-ABC4-0003939CA324&#64;asemantics.com",
            "expires": "-1",
            "cc": " Dan Connolly<connolly@w3.org>, RDF Data Access Working Group<public-rdf-dawg@w3.org>, Dirk-Willem van Gulik<dirk@asemantics.com>\n",
            "to": " Alberto Reggiori<alberto@asemantics.com>\n"
        },
        {
            "body": "For those of you in need of connectivity; I've added some textat the bottom of http://dawg.asemantics.com/ describing howto get onto the city wide wireless network of Leiden.Dw.",
            "docno": "lists-020-10315436",
            "received": "Tue Apr 20 17:50:45 2004",
            "isoreceived": "20040420215045",
            "sent": "Tue, 20 Apr 2004 23:50:34 +0200",
            "isosent": "20040420215034",
            "name": "Dirk-Willem van Gulik",
            "email": "dirkx@asemantics.com",
            "subject": "Wireless network",
            "id": "C0C17B84-9314-11D8-B604-000A95CDA38A@asemantics.com",
            "charset": "US-ASCII",
            "expires": "-1",
            "to": " RDF Data Access Working Group<public-rdf-dawg@w3.org>\n"
        },
        {
            "body": "> By the way... I'd like to add those photos. Any pointers?>http://dawg.asemantics.com/pics/ is what I 've got now; I'd be happyto run a decent gallery script over it or to send you the images as is.Dw",
            "docno": "lists-020-10733069",
            "received": "Mon May  3 04:19:57 2004",
            "isoreceived": "20040503081957",
            "sent": "Mon, 3 May 2004 10:12:58 +0200",
            "isosent": "20040503081258",
            "name": "Dirk-Willem van Gulik",
            "email": "dirkx@asemantics.com",
            "subject": "Re: AMS ftf minutes for review; photos?",
            "id": "B017B6CF-9CD9-11D8-8614-000A95CDA38A@asemantics.com",
            "charset": "US-ASCII",
            "inreplyto": "1083361266.460.635.camel&#64;dirk",
            "expires": "-1",
            "cc": " RDF Data Access Working Group<public-rdf-dawg@w3.org>\n",
            "to": " Dan Connolly<connolly@w3.org>\n"
        },
        {
            "body": "On Thu, 5 Jun 2003 15:20:49 +0200 (CEST)Dirk-Willem van Gulik <staff@asemantics.com> wrote:> It was good to meet you during the Budapest meeting. Once of the things> Dave Beckett and various others touched upon was the desire to have a> \"Semantics Storage (and Retrial) Day\" or workshop. Which would centre> around 'real' solution and very practical and down to earth things like> (simple) query languages and API's. Very bottom of the stack.My goal was to organise this and help run it as part of the outreachthat the SWAD Europe project which I work for deals with.  Since Iam involved with the guts of semweb data storage, and (co-)writtenthe reports you mention later, that was the outline of my idea.  Dealwith key implementors in europe (but others are very welcome) onpractical issues and solutions, problems with storing and manipulatingsemweb data.> We'd be quite happy to see if we can make such a thing happen in the> Netherlands;  lets say within a 30 minute radius around Schiphol Airport> (which essentially is Amsterdam) and within easy reach from the other three> (budged) airports which people are likely to use.Thanks for the offer> We can do this either by hosting it ourselves or by working with people at> a Leiden, Delft or Amsterdam university. We have the contacts there to> borrow a room, and so on - little problem there. If we pick the date right> - then reasonable accommodation within walking distance from room and> train station should be little problem.I was hoping that it might be possible to get ensure some of the nearbypeople at the Amsterdam universities such as Frank van Harmelin,Guus Schrieber, co-chair of the web ontology group interested.> I'd also would like to collect some sort of papers/position statements or> something else which we can after the meeting publish as an ID or> something like that. Just to have a report which kind of follows up as a> straight implementers report on he 2001 reports by Dave and Libby. [1,2]I wasn't proposing peer-reviewed workshop papers but position papersare probably in-order.> We'll certainly will make sure it is on the 'Night Net', the 24h rail-ring> between Amsterdam, Rotterdam, the Hague and Utrecht, so that> before/during/after the meetings all the delights of Amsterdam are within> striking distance.>> Question:>> ->Is this something people want ?I've had a few private mails with interest from several groups.> -> Should it have a strong hands/on RDQL, *QL, RDF Query> related focus ? Or should it also go in depth with regards> to storage strategies, API's and methods ? What scope ?See below> ->One, two or three days ?I think over two days, maybe 10pm day1 to 4pm day2> ->Middle of Q3 - or earlier ? Later ? Specific dates which should> be totally out ? We need about 5-6 weeks to get a meeting room> of the appropriate size and figure out the logistics.Aiming for Oct or later, taking care not to clash with ISWC in Florida20-24 Oct.  There also might be clashes in September.> ->Any specific group in the Netherlands people feel we should> approach (first) or really work together with; either at a> university or at a company.Possibly (but more focussed on ontologies, higher level applications??)Frank van Harmelen, On-To-Knowledgehttp://www.cs.vu.nl/~frankh/Guus Schreiber, co-chair of webont, IBROW, Ontowebhttp://www.cs.vu.nl/~guus/Now both of them are at vu.nl> ->How many people roughly < 10, 10-25, 20-50 or >50 ?aim for 20> At @semantics we are happy to just be a facilitator, and all to way up to> essentially host it completely. However - given that we are a small> company - we obviously have a bit of an agenda. So it may be much better> if this is done under the banner of an appropriate faculty department.> And we just facilitate to make this happen. So that is also some of the> feedback I'd like to hear. As we'd hate to not make use of people or> knowledge right next door.> Ref's:> [1] http://www.w3.org/2001/sw/Europe/reports/rdf_scalable_storage_report/> [2] http://www.w3.org/2001/sw/Europe/reports/rdf_ql_comparison_report/Our SWAD Europe project, via myself, would be happy to organise theadmin parts of registration, papers, web site, etc. but would need localhelp with logistics such as accommodation, rooms, web access, food etc.I enclose below an updated version of what II proposed originally to thepublic-esw@w3.org list which is the public list that SWAD Europe workson.  Feel free to join that last, in fact I'd like to move the workshopdiscussion there if possible, or at least CC: it.public-esw http://lists.w3.org/Archives/Public/public-esw/Dave==============================ProposalTitle: SWAD Europe Workshop on Semantic Web Storage and APIsDate: TBD - suggest October - December 2003(avoiding ISWC 20-24 Oct)Propose a two day event 10am day 1 to 4pm day 2.Scale: 20 participantsLocation: TBD - Amsterdam or nearby suggestedCurrent Identified Stakeholders (NOT an exclusive list):In Europe:AKTORS 3store - University of Southampton, UKJena - HP Labs, Bristol, UKKAON - FZI / AIFB, Karlsruhe, GermanyRDFSuite Group - @semantics, Greece, Netherlands, ItalySesame - Aidministrator, NetherlandsRedland - Dave Beckett (myself), Bristol, UKand ... other groups related to the above ?On-To-Knowledge - Frank van Harmelen, Vrije Universiteit Amsterdamproject includes University of Karlsruhe - KAON, Aidministrator aboveIBROW / OntoWeb / WebOnt co-chair - Guus SchreiberOntoweb projectsFOAF implementorsW3C/ERCIM ...Elsewhere, the Europe in the title not withstanding.4Suite - Buffalo, USAMindswap - Maryland, USAMozilla - ?, USATAP project - Stanford, USAHP USA - DSpace, SIMILE etc - USAn3, cwm, ... - MIT/W3C, USArdflib - Daniel Krech, USAWorkshop outlineExisting APIs for the RDF family of technologies (RDF, DAML+OIL, OWL ...)are maturing after several years of development and improvement.There is no single dominant API either across multiple languages (ok,Redland has some of that) or in a single implementation language.Each of them covers a different goal and has different strengths.This workshop would aim to bring together existing and new developersof semantic web storage and APIs to share their experiences andlessons.  In particular this workshop could cover* Implementation techniques* Storage models and database schemas* Scalability, aggregation and provenance* Lessons from using RDBMSes for semantic web storage* Test data and queries for performance comparisons across designs.* Implementing RDF DatatypesPossibly covering (might be a bit too off-storage):* APIs for query languages* OWL and logic layer functionality - inference engines, validationExpected Outcomes* State of the current APIs* Indication of state of potential API standardisation* Implementation techniques* Updated SWAD-E deliverables 10.1, 10.2* Proposals for a performance comparision test suite* Some Implementation reports on RDF and OWLRelevant SWAD-E WorkThis relates to at least the following SWAD-E work and completeddeliverables (as well as later work).WP7 Workpackage 7: Databases, Query, API, Interfaceshttp://www.w3.org/2001/sw/Europe/plan/workpackages/live/esw-wp-7.htmlD7.1 RDF API requirements and comparisonhttp://www.w3.org/2001/sw/Europe/reports/rdf_api_comparison_report/D7.2 Databases, Query, API, Interfaces: report on Query languageshttp://www.w3.org/2001/sw/Europe/reports/rdf_ql_comparison_report/WP10: Tools for Semantic Web Scalability and Storagehttp://www.w3.org/2001/sw/Europe/plan/workpackages/live/esw-wp-10.htmlD10.1 Scalability and Storage: Survey of Free Software / OpenSource RDF storage systemshttp://www.w3.org/2001/sw/Europe/reports/rdf_scalable_storage_report/D10.2 Mapping data from RDBMShttp://www.w3.org/2001/sw/Europe/reports/scalable_rdbms_mapping_report/Other EventsAt ISWC 2003 there is a workshop onPractical and Scalable Semantic Systemshttp://km.aifb.uni-karlsruhe.de/ws/psss03(site down right now)so need to take care with not duplicating work.(Also the event is not in Europe, so tricky for EU pariticpants)",
            "docno": "lists-015-3906038",
            "received": "Tue Jun 10 06:33:38 2003",
            "isoreceived": "20030610103338",
            "sent": "Tue, 10 Jun 2003 11:31:12 +0100",
            "isosent": "20030610103112",
            "name": "Dave Beckett",
            "email": "dave.beckett@bristol.ac.uk",
            "subject": "Re: Semantic Storage and Retrieval Day ?",
            "id": "20030610113112.7ff20be7.dave.beckett@bristol.ac.uk",
            "charset": "USASCII",
            "inreplyto": "20030605151148.R801100000&#64;foem",
            "expires": "1",
            "to": " Dirk-Willem van Gulik<staff@asemantics.com>\n",
            "cc": " brian_mcbride<brian_mcbride@hp.com>, guha<guha@guha.com>, mdean<mdean@bbn.com>,\"jeen.broekstra\"<jeen.broekstra@aidministrator.nl>, nmg<nmg@ecs.soton.ac.uk>, kaon-info<kaon-info@aifb.uni-karlsruhe.de>, hendler<hendler@cs.umd.edu>, danbri<danbri@w3.org>, Andy_Seaborne<Andy_Seaborne@hplb.hpl.hp.com>, matt<matt@picdiary.com>, chris<chris@bizer.de>, em<em@w3.org>, melnik<melnik@db.stanford.edu>,\"Libby.Miller\"<Libby.Miller@bristol.ac.uk>, Zavisa Bjelogrlic<zac@asemantics.com>, Alberto Reggiori<albe@asemantics.com>, Dirk-Willem van Gulik<dirkx@asemantics.com>,public-esw@w3.org\n"
        },
        {
            "body": "On Mar 25, 2004, at 01:41, ext Dirk-Willem van Gulik wrote:>>>> On Mar 24, 2004, at 5:26 PM, Alberto Reggiori wrote:>>>> we are also looking into that issue at the moment - already dropped>> Dirk an email about Patrick's request - it should be possible>> Yes - there is a land line; I'll make a note to bring a speaker phone> of sorts. Dan: Do I also need to set up a bridge or can I assume> that the normal w3c bridge is used ? (And by the way - this is a> dial-in bridge; or is it dial out as well ?).If I am the only one who would participate remotely, then a simplespeaker phone would suffice and Nokia would incur the cost of thecall.Patrick>> Dw>>--Patrick SticklerNokia, Finlandpatrick.stickler@nokia.com",
            "docno": "lists-021-0415864",
            "received": "Thu Mar 25 04:43:29 2004",
            "isoreceived": "20040325094329",
            "sent": "Thu, 25 Mar 2004 11:42:59 +0200",
            "isosent": "20040325094259",
            "name": "Patrick Stickler",
            "email": "patrick.stickler@nokia.com",
            "subject": "Re: Telecon participation during f2f",
            "id": "CD6786CE-7E40-11D8-80E3-000A95EAFCEA@nokia.com",
            "charset": "US-ASCII",
            "inreplyto": "C60DB828-7DEC-11D8-B4AD-000A95CDA38A&#64;asemantics.com",
            "expires": "-1",
            "cc": " Dan Connolly<connolly@w3.org>, RDF Data Access Working Group<public-rdf-dawg@w3.org>, Alberto Reggiori<alberto@asemantics.com>, Dirk-Willem van Gulik<dirk@asemantics.com>\n",
            "to": "\"ext Dirk-Willem van Gulik\"<dirkx@asemantics.com>\n"
        },
        {
            "body": "On 19/04/2004, at 5:23 PM, Rob Shearer wrote:> And as a more universally helpful suggestion, is there a map of Leiden> available, with the meeting location clearly marked? Or maybe just GPS> coordinates or something?Now that we've finalized the numbers; seehttp://dawg.asemantics.com/http://www.maporama.com/share/map.asp?SESSIONID=7734D818-71BF-4A9D-A1B3-5DB2104AE7F6&COUNTRYCODE=NL&_XgoGCAddress=hooglandsekerk&Zip=2312&State=&_XgoGCTownName=Leiden&quality=0&SEARCH_ADDRESS.x=11&SEARCH_ADDRESS.y=12&POOCODE=Enter 'Hooglandsekerk', 'Leiden' and 'The Netherlands\". You propably do-not- want to follow the road instructions asit seems to ignore one way streets.Latlon:?52? 9' 29\" , 4? 29' 38\"or as float52.1583 , 4.494Dw",
            "docno": "lists-020-10222853",
            "received": "Mon Apr 19 13:43:40 2004",
            "isoreceived": "20040419174340",
            "sent": "Mon, 19 Apr 2004 19:33:33 +0200",
            "isosent": "20040419173333",
            "name": "Dirk-Willem van Gulik",
            "email": "dirkx@asemantics.com",
            "subject": "Re: Homeless in Leiden...",
            "id": "AE896B74-9227-11D8-89A0-000A27B4B4E0@asemantics.com",
            "charset": "ISO-8859-1",
            "inreplyto": "CFE388CECDDB1E43AB1F60136BEB497302808F&#64;rome.ad.networkinference.com",
            "expires": "-1",
            "cc": "\"RDF Data Access Working Group\"<public-rdf-dawg@w3.org>\n",
            "to": "\"Rob Shearer\"<Rob.Shearer@networkinference.com>\n"
        },
        {
            "body": "On Apr 21, 2004, at 7:26 PM, connolly@w3.org wrote:> I think so. I have a bridge reserved, but I haven't nailed down> the details of how we'll connect to it from the meeting room.We'll figure that out - no worries.> I also discovered that the hosts have arranged for lunch> to be served at 1pm, while I was planning on starting lunch> at 12:30pm. I'm not yet sure how that conflict will be resolved.We'll fix that.> I'm email-capable, thanks to http://www.wirelessleiden.nl/ ,> but I'm not CVS/ssh capable.CVS/ssh xs should be fine during the meeting.Dw.",
            "docno": "lists-020-10358179",
            "received": "Wed Apr 21 16:49:55 2004",
            "isoreceived": "20040421204955",
            "sent": "Wed, 21 Apr 2004 22:49:26 +0200",
            "isosent": "20040421204926",
            "name": "Dirk-Willem van Gulik",
            "email": "dirkx@asemantics.com",
            "subject": "Re: telcon info.",
            "id": "60791D2A-93D5-11D8-AED8-000A95CDA38A@asemantics.com",
            "charset": "US-ASCII",
            "inreplyto": "55191.82.161.35.146.1082568361.squirrel&#64;82.161.35.146",
            "expires": "-1",
            "cc": "\"Thompson, Bryan B.\"<BRYAN.B.THOMPSON@saic.com>,\"'RDF Data Access Working Group '\"<public-rdf-dawg@w3.org>\n",
            "to": "connolly@w3.org\n"
        },
        {
            "body": "On Mar 13, 2004, at 12:18 AM, Dan Connolly wrote:> On Thu, 2004-03-11 at 18:10, Alberto Reggiori wrote:>> Asemantics.com would be quite happy to host a 1 or 2 day meeting in>> that period.>> Could you be more specific, please? What days are you proposing?>During the Cannes meeting 22 and 23 where suggested as suitable. Butif we confirm the date this week - either before -and- after the XMLconf willnot be a problem for us.Dw",
            "docno": "lists-020-15718096",
            "received": "Sat Mar 13 07:23:06 2004",
            "isoreceived": "20040313122306",
            "sent": "Sat, 13 Mar 2004 13:22:45 +0100",
            "isosent": "20040313122245",
            "name": "Dirk-Willem van Gulik",
            "email": "dirkx@asemantics.com",
            "subject": "Re: host for April DAWG meeting?",
            "id": "22491BBA-74E9-11D8-8408-000A95CDA38A@asemantics.com",
            "charset": "US-ASCII",
            "inreplyto": "1079133489.30354.24.camel&#64;dirk",
            "expires": "-1",
            "cc": " Asemantics Staff<staff@asemantics.com>, RDF Data Access Working Group<public-rdf-dawg@w3.org>, Alberto Reggiori<alberto@asemantics.com>, Dirk-Willem van Gulik<dirk@asemantics.com>\n",
            "to": " Dan Connolly<connolly@w3.org>\n"
        },
        {
            "body": "How long is the train ride from Amsterdm RAI, and what time would you adviseleaving that station in the morning for a 9:00 am start in Leiden? I didn'tsee that information in the materials.Thanks,Howard> -----Original Message-----> From: public-rdf-dawg-request@w3.org> [mailto:public-rdf-dawg-request@w3.org]On Behalf Of Dirk-Willem van> Gulik> Sent: Monday, April 19, 2004 10:34 AM> To: Rob Shearer> Cc: RDF Data Access Working Group> Subject: Re: Homeless in Leiden...>>>>> On 19/04/2004, at 5:23 PM, Rob Shearer wrote:>> > And as a more universally helpful suggestion, is there a map of Leiden> > available, with the meeting location clearly marked? Or maybe just GPS> > coordinates or something?>> Now that we've finalized the numbers; see>> http://dawg.asemantics.com/>> http://www.maporama.com/share/map.asp?SESSIONID=7734D818-71BF-4A9D-> A1B3> -5DB2104AE7F6&COUNTRYCODE=NL&_XgoGCAddress=hooglandsekerk&Zip=2312&State> =&_XgoGCTownName=Leiden&quality=0&SEARCH_ADDRESS.x=11&SEARCH_ADDRESS.y=1> 2&POOCODE=>> Enter 'Hooglandsekerk', 'Leiden' and 'The Netherlands\". You propably do> -not- want to follow the road instructions as> it seems to ignore one way streets.>> Latlon:> ?52? 9' 29\" , 4? 29' 38\">> or as float> 52.1583 , 4.494>> Dw>",
            "docno": "lists-020-10231312",
            "received": "Mon Apr 19 17:06:09 2004",
            "isoreceived": "20040419210609",
            "sent": "Mon, 19 Apr 2004 14:07:24 -0700",
            "isosent": "20040419210724",
            "name": "Howard Katz",
            "email": "howardk@fatdog.com",
            "subject": "RE: Homeless in Leiden...",
            "id": "IKEOLCDFPBBPPAHGNKKOMEKKEKAA.howardk@fatdog.com",
            "charset": "iso-8859-1",
            "inreplyto": "AE896B74-9227-11D8-89A0-000A27B4B4E0&#64;asemantics.com",
            "expires": "-1",
            "to": "\"Dirk-Willem van Gulik\"<dirkx@asemantics.com>\n",
            "cc": "\"RDF Data Access Working Group\"<public-rdf-dawg@w3.org>\n"
        },
        {
            "body": "At 21:44 +0200 6/13/04, Dirk-Willem van Gulik wrote:>On Jun 8, 2004, at 2:51 PM, Jim Hendler wrote:>>>   I think you missed the intent of my message - I tried to be>>clear that I was NOT talking about an open ended query -- I would>>not be going to CYC and saying tell me what you know about cats, I>>would be going to a graph and querying forthe bindings for a query>>something like this>..snup..>>     Query the CYC graph for the pattern in which cat has a>>CLASSTYPE (subclassof or equivalentClass)>>  of a restriction class and return to me the names of what>>PROPerties the restriction is on, what OWLterm the restriction uses>>(AllValues, SomeValues, etc.) and what the RESTriction is.>..snup..>>    In practice I might do something different than this (perhaps>>multiple queries for specific combinations as I needed them), but>>in every case I am asking for specific properties of specific>>entities from an RDF graph - in my opinion, this capability is why>>I devoted so much of my past few years to making OWL an RDF>>language -- if I just wanted to query documents, I would have>>agreed that an XML syntax was sufficient -- but for linking and>>processing OWL, I want to use the URIs and the graph>...>>   As far as 3.6 goes, I guess I could use optional features in the>>above, I was thinking of multiple queries myself, but could go>>either way ...>>Query, and returning a (partial) tree from a certain point on is one>thing - Querying multiple times as in \"over -time-\" and/or as the>result of a previous query and looking at the aggregate result set>is quite another - as you then suddenly are into transactions,>locking and consistancy issues if the database is live; i.e. changes>under your feet.>>Sofar the emphasis on a 'one query' one answer has very much>reasures me - and stayed well away of the usual rat holes.>>DwI wasn't talking about multiple queries over time - although theseare slow changing documents in the main so it woudln't worry me - Imeant submitting multiple query patterns for each of the things Iwish to check for -- thus, if a new foaf implementation wants to knowif, for example, DNA-Checksum is owl:inverseFunctional or not, that'sjust a single query for a single result -- which is why this use caseis important, it reminds people that dereferencing RDFS (and OWL)relations is basically just an RDF query - which is a major benefitof RDFS--Professor James Hendler  http://www.cs.umd.edu/users/hendlerDirector, Semantic Web and Agent Technologies  301-405-2696Maryland Information and Network Dynamics Lab.  301-405-6707 (Fax)Univ of Maryland, College Park, MD 20742  240-277-3388 (Cell)",
            "docno": "lists-020-15003559",
            "received": "Sun Jun 13 23:35:02 2004",
            "isoreceived": "20040614033502",
            "sent": "Sun, 13 Jun 2004 23:34:41 -0400",
            "isosent": "20040614033441",
            "name": "Jim Hendler",
            "email": "hendler@cs.umd.edu",
            "subject": "Re: New use case - RDFS/OWL related",
            "id": "p0611041abcf2cc9b069f@[10.0.0.11]",
            "charset": "us-ascii",
            "inreplyto": "042C3FD5-BD72-11D8-A1C1-000A95CDA38A&#64;asemantics.com",
            "expires": "-1",
            "to": " Dirk-Willem van Gulik<dirkx@asemantics.com>\n",
            "cc": "\"Seaborne, Andy\"<andy.seaborne@hp.com>,public-rdf-dawg@w3.org\n"
        },
        {
            "body": ">On Mar 25, 2004, at 01:41, ext Dirk-Willem van Gulik wrote:>>>>>>>>>On Mar 24, 2004, at 5:26 PM, Alberto Reggiori wrote:>>>>>>we are also looking into that issue at the moment - already>>>dropped Dirk an email about Patrick's request - it should be>>>possible>>>>Yes - there is a land line; I'll make a note to bring a speaker>>phone of sorts. Dan: Do I also need to set up a bridge or can I>>assume>>that the normal w3c bridge is used ? (And by the way - this is a>>dial-in bridge; or is it dial out as well ?).>>If I am the only one who would participate remotely, then a simple>speaker phone would suffice and Nokia would incur the cost of the>call.I would hope to be able to participate in this way also, but if weare talking about a few hours total then I can probably also call indirectly from Florida at IHMC expense.Pat>Patrick>>>>>Dw>>>>-->>Patrick Stickler>Nokia, Finland>patrick.stickler@nokia.com-----------------------------------------------------------------------IHMC(850)434 8903 or (650)494 3973   home40 South Alcaniz St.(850)202 4416   officePensacola(850)202 4440   faxFL 32501(850)291 0667    cellphayes@ihmc.us       http://www.ihmc.us/users/phayes",
            "docno": "lists-021-0797282",
            "received": "Fri Mar 26 22:41:09 2004",
            "isoreceived": "20040327034109",
            "sent": "Fri, 26 Mar 2004 19:41:16 -0800",
            "isosent": "20040327034116",
            "name": "Pat Hayes",
            "email": "phayes@ihmc.us",
            "subject": "Re: Telecon participation during f2f",
            "id": "p06001f1dbc8aa7cb03a9@[192.168.1.2]",
            "charset": "us-ascii",
            "inreplyto": "CD6786CE-7E40-11D8-80E3-000A95EAFCEA&#64;nokia.com",
            "expires": "-1",
            "to": " Patrick Stickler<patrick.stickler@nokia.com>,\"ext Dirk-Willem van Gulik\"<dirkx@asemantics.com>\n",
            "cc": "public-rdf-dawg@w3.org\n"
        },
        {
            "body": "Last minute regrets due to rescheduled travel.Dw",
            "docno": "lists-020-10866007",
            "received": "Tue May  4 06:54:23 2004",
            "isoreceived": "20040504105423",
            "sent": "Tue, 4 May 2004 12:53:56 +0200",
            "isosent": "20040504105356",
            "name": "Dirk-Willem van Gulik",
            "email": "dirkx@asemantics.com",
            "subject": "Re: agenda: RDF Data Access WG telcon 4 May",
            "id": "575F61E2-9DB9-11D8-B2A1-000A27B4B4E0@asemantics.com",
            "charset": "US-ASCII",
            "inreplyto": "20040504051759.GB9495&#64;w3.org",
            "expires": "-1",
            "cc": " Dan Connolly<connolly@w3.org>, RDF Data Access Working Group<public-rdf-dawg@w3.org>\n",
            "to": "\"Eric Prud'hommeaux\"<eric@w3.org>\n"
        },
        {
            "body": "On Apr 14, 2004, at 11:32 PM, Howard Katz wrote:> To ask what is probably obvious: we'll be able to project off our> laptops> for our lightning presentations next week?There will be a projector - it should do SVGA for sure; I'll check ifit doesXVGA and if not see if I can find one which does. It will have a normaldense3 row/15 pin VGA connector.> Corollary follow-up to the first question (again probably obvious): No> particular presentation format preferred?If you can put them on a web site - that is always appreciated!. Dan -youwant those archived long term ?Dw",
            "docno": "lists-020-10038612",
            "received": "Fri Apr 16 09:45:39 2004",
            "isoreceived": "20040416134539",
            "sent": "Fri, 16 Apr 2004 15:45:08 +0200",
            "isosent": "20040416134508",
            "name": "Dirk-Willem van Gulik",
            "email": "dirkx@asemantics.com",
            "subject": "Re: logistics for Amsterdam",
            "id": "46502D91-8FAC-11D8-90FF-000A95CDA38A@asemantics.com",
            "charset": "US-ASCII",
            "inreplyto": "IKEOLCDFPBBPPAHGNKKOCEGFEKAA.howardk&#64;fatdog.com",
            "expires": "-1",
            "cc": "\"Dan Connolly\"<connolly@w3.org>,\"RDF Data Access Working Group\"<public-rdf-dawg@w3.org>\n",
            "to": "\"Howard Katz\"<howardk@fatdog.com>\n"
        },
        {
            "body": "On Mar 24, 2004, at 5:26 PM, Alberto Reggiori wrote:>> we are also looking into that issue at the moment - already dropped> Dirk an email about Patrick's request - it should be possibleYes - there is a land line; I'll make a note to bring a speaker phoneof sorts. Dan: Do I also need to set up a bridge or can I assumethat the normal w3c bridge is used ? (And by the way - this is adial-in bridge; or is it dial out as well ?).Dw",
            "docno": "lists-021-0351227",
            "received": "Thu Mar 25 02:10:44 2004",
            "isoreceived": "20040325071044",
            "sent": "Thu, 25 Mar 2004 00:41:29 +0100",
            "isosent": "20040324234129",
            "name": "Dirk-Willem van Gulik",
            "email": "dirkx@asemantics.com",
            "subject": "Re: Telecon participation during f2f",
            "id": "C60DB828-7DEC-11D8-B4AD-000A95CDA38A@asemantics.com",
            "charset": "US-ASCII",
            "inreplyto": "03985532-7DB0-11D8-ABC4-0003939CA324&#64;asemantics.com",
            "expires": "-1",
            "cc": " Dan Connolly<connolly@w3.org>, RDF Data Access Working Group<public-rdf-dawg@w3.org>, Dirk-Willem van Gulik<dirk@asemantics.com>\n",
            "to": " Alberto Reggiori<alberto@asemantics.com>\n"
        }
    ]
}