{
    "id": "candidate-0532",
    "name": "Paul Libbrecht",
    "gender": "MALE",
    "email": "paul@activemath.org",
    "mails": [
        {
            "body": "Dear List,I am not sure it is really the scope of this workshop but it is kind ofrelated: some markup-languages have the ability to store semanticcontent aside of presentation content, even with a synchronizationbetween the markup-trees.MathML is such, for example, it allows MatML presentation to be endowedwith IDs corresponding to IDs in the content-tree whose semantic iswell defined.Out of that, copy and paste can be achieved and this is what interestsme...I was wondering if copy-and-paste (and drag-and-drop) and the embeddingof semantic-data (or references to) are of concern to this workshop ?paul",
            "docno": "lists-023-14501078",
            "received": "Fri May 14 09:10:59 2004",
            "isoreceived": "20040514131059",
            "sent": "Fri, 14 May 2004 15:10:18 +0200",
            "isosent": "20040514131018",
            "name": "Paul Libbrecht",
            "email": "paul@activemath.org",
            "subject": "Semantic Data ?",
            "id": "0C3FBEAF-A5A8-11D8-91E5-000A95C50B1C@activemath.org",
            "charset": "US-ASCII",
            "expires": "-1",
            "to": "public-webapps-cdf-discuss@w3.org\n"
        },
        {
            "body": "Dear Compound-Documenters,As the workshop is about to start, I seem to have found little (but Imay have badly searched) about the capabilities to performcopy-and-paste.Of course, I am meaning copy-and-paste of semantic data presented insome documents. Tim Berners-Lee actually nicely alluded the question[1]... is anyone speaking of this ?I have tried to dive deeper on this topic for mathematics, see [2] andI would love other persons on the topic.thankspaulrefs:[1] http://www.w3.org/2004/Talks/0519-tbl-keynote/slide20-0.html[2]http://www.activemath.org/~paul/copy_left/Math_Clipboard_on_Web_preprint.pdf",
            "docno": "lists-023-14523572",
            "received": "Sat May 29 18:08:40 2004",
            "isoreceived": "20040529220840",
            "sent": "Sun, 30 May 2004 00:08:29 +0200",
            "isosent": "20040529220829",
            "name": "Paul Libbrecht",
            "email": "paul@activemath.org",
            "subject": "Any clipboard consideration ?",
            "id": "B70F11FA-B1BC-11D8-8297-000A95C50B1C@activemath.org",
            "charset": "US-ASCII",
            "expires": "-1",
            "to": "public-webapps-cdf-discuss@w3.org\n"
        }
    ]
}