{
    "id": "candidate-0637",
    "name": "Mark Skall",
    "gender": "MALE",
    "email": "mark.skall@nist.gov",
    "mails": [
        {
            "body": "I will also be limited to 20-30 minutes on this call, as I'll need to excusemyself from another engagement to be on the call.-m----- Original Message -----From: \"Dimitris Dimitriadis\" <dimitris@ontologicon.com>Skall\" <mark.skall@nist.gov>; \"peter fawcett\" <pfawcett@real.com>; \"karlDubost\" <karl@w3.org>Sent: Wednesday, July 17, 2002 11:21 PMSubject: Re: AGENDA: W3C User Agent Special Telecon on Test Suites on July18th, 2002> All,>> As I won't be able to attend more than 20-30 minutes given that the call> is 9 pm my time, I'd like to express my prioritites and hope that we can> discuss items in that order. Please see below.>> Best,>> /Dimitris>> On Wednesday, July 17, 2002, at 07:12  PM, Jon Gunderson wrote:>> > W3C User Agent Special Telecon on Test Suites on July 18th, 2002> >> > Chair: Jon Gunderson> > Date: Thursday, 18 July 2002> > Time: 2:00-3:30 pm Boston Local Time, USA (18:00-19:30 UTC/GMT)> > Call-in: Longfellow Bridge (+1) (617) 252-1038> >> > Agenda> >> > QA Participants> >> > Dimitris Dimitriadis (Ontologicon)> > Karl Dubost> > Peter Fawcett (RealNetworks)> > Lofton Henderson> > Maybe: Kirill Gavrylyuk (Microsoft)> >> > Preparation Materials> >> > 1. QA Framework: Test Guidelines> > http://www.w3.org/QA/WG/2002/07/qaframe-test-0715.html> >> > 2. Draft UAAG test suites for HTML 4.01> > http://www.w3.org/WAI/UA/TS/uaag-html401-testsuite.html> >> > Discussion> >> > 1. QA guidelines overview> >> > 2. UAAG HTML 4.01 test suite review> >> [dd] I'd like to see this at the top, as you intend to discuss this> effort viz. the QA Guidelines.>> > 3. Issues raised in the preparation of UAAG test materials:> > a. Non-machine testable requirements> [dd] 1>> > b. Normative exceptions> >> [dd] 5>> > c. Linking to implementation report> >> [dd] 2>> > d. Test suite navigation> >> [dd] 3>> > e. Use of EARL as a reporting language> >> [dd] 6>> > f. Reuse of test files> >> [dd] 4>> > 4. Other issues> >> >> > Jon Gunderson, Ph.D., ATP> > Coordinator of Assistive Communication and Information Technology> > Division of Rehabilitation - Education Services> > MC-574> > College of Applied Life Studies> > University of Illinois at Urbana/Champaign> > 1207 S. Oak Street, Champaign, IL  61820> >> > Voice: (217) 244-5870> > Fax: (217) 333-0248> >> > E-mail: jongund@uiuc.edu> >> > WWW: http://www.staff.uiuc.edu/~jongund> > WWW: http://www.w3.org/wai/ua> >> >>",
            "docno": "lists-086-3261790",
            "received": "Thu Jul 18 08:35:51 2002",
            "isoreceived": "20020718123551",
            "sent": "Thu, 18 Jul 2002 05:35:34 -0700",
            "isosent": "20020718123534",
            "name": "Matt May",
            "email": "cmay@w3.org",
            "subject": "Re: AGENDA: W3C User Agent Special Telecon on Test Suites on July 18th, 2002",
            "id": "060701c22e57$a053e3c0$634b6a20@vaio",
            "charset": "iso-8859-1",
            "inreplyto": "9AC47296-9A16-11D6-8F1C-000393556882&#64;ontologicon.com",
            "expires": "-1",
            "to": " \"Jon Gunderson\" <jongund@uiuc.edu>\n",
            "cc": " <w3c-wai-ua@w3.org>; <mcmay@w3.org>; <kirillg@microsoft.com>; \"Mark\n"
        },
        {
            "body": "All,Thanks for an interesting call, sorry for the poor sound quality and forhaving to leave the call as early as I did.I'll elaborate some more on the point of implementations requirements assoon as I read the minutes and stuudy your DTD in more detail.Best,/DimitrisOn Wednesday, July 17, 2002, at 07:12  PM, Jon Gunderson wrote:> W3C User Agent Special Telecon on Test Suites on July 18th, 2002>> Chair: Jon Gunderson> Date: Thursday, 18 July 2002> Time: 2:00-3:30 pm Boston Local Time, USA (18:00-19:30 UTC/GMT)> Call-in: Longfellow Bridge (+1) (617) 252-1038>> Agenda>> QA Participants>> Dimitris Dimitriadis (Ontologicon)> Karl Dubost> Peter Fawcett (RealNetworks)> Lofton Henderson> Maybe: Kirill Gavrylyuk (Microsoft)>> Preparation Materials>> 1. QA Framework: Test Guidelines> http://www.w3.org/QA/WG/2002/07/qaframe-test-0715.html>> 2. Draft UAAG test suites for HTML 4.01> http://www.w3.org/WAI/UA/TS/uaag-html401-testsuite.html>> Discussion>> 1. QA guidelines overview>> 2. UAAG HTML 4.01 test suite review>> 3. Issues raised in the preparation of UAAG test materials:> a. Non-machine testable requirements> b. Normative exceptions> c. Linking to implementation report> d. Test suite navigation> e. Use of EARL as a reporting language> f. Reuse of test files>> 4. Other issues>>> Jon Gunderson, Ph.D., ATP> Coordinator of Assistive Communication and Information Technology> Division of Rehabilitation - Education Services> MC-574> College of Applied Life Studies> University of Illinois at Urbana/Champaign> 1207 S. Oak Street, Champaign, IL  61820>> Voice: (217) 244-5870> Fax: (217) 333-0248>> E-mail: jongund@uiuc.edu>> WWW: http://www.staff.uiuc.edu/~jongund> WWW: http://www.w3.org/wai/ua>>",
            "docno": "lists-086-3309047",
            "received": "Thu Jul 18 17:55:51 2002",
            "isoreceived": "20020718215551",
            "sent": "Fri, 19 Jul 2002 00:55:38 +0300",
            "isosent": "20020718215538",
            "name": "Dimitris Dimitriadis",
            "email": "dimitris@ontologicon.com",
            "subject": "Re: AGENDA: W3C User Agent Special Telecon on Test Suites on July 18th, 2002",
            "id": "18562F26-9A99-11D6-B0EF-000393556882@ontologicon.com",
            "charset": "US-ASCII",
            "inreplyto": "5.1.0.14.2.20020717110813.02103dc0&#64;staff.uiuc.edu",
            "expires": "-1",
            "cc": "w3c-wai-ua@w3.org,mcmay@w3.org,kirillg@microsoft.com, Mark Skall<mark.skall@nist.gov>, peter fawcett<pfawcett@real.com>, karl Dubost<karl@w3.org>, Lofton Henderson<lofton@terminal.rockynet.com>\n",
            "to": " Jon Gunderson<jongund@uiuc.edu>\n"
        },
        {
            "body": "All,As I won't be able to attend more than 20-30 minutes given that the callis 9 pm my time, I'd like to express my prioritites and hope that we candiscuss items in that order. Please see below.Best,/DimitrisOn Wednesday, July 17, 2002, at 07:12  PM, Jon Gunderson wrote:> W3C User Agent Special Telecon on Test Suites on July 18th, 2002>> Chair: Jon Gunderson> Date: Thursday, 18 July 2002> Time: 2:00-3:30 pm Boston Local Time, USA (18:00-19:30 UTC/GMT)> Call-in: Longfellow Bridge (+1) (617) 252-1038>> Agenda>> QA Participants>> Dimitris Dimitriadis (Ontologicon)> Karl Dubost> Peter Fawcett (RealNetworks)> Lofton Henderson> Maybe: Kirill Gavrylyuk (Microsoft)>> Preparation Materials>> 1. QA Framework: Test Guidelines> http://www.w3.org/QA/WG/2002/07/qaframe-test-0715.html>> 2. Draft UAAG test suites for HTML 4.01> http://www.w3.org/WAI/UA/TS/uaag-html401-testsuite.html>> Discussion>> 1. QA guidelines overview>> 2. UAAG HTML 4.01 test suite review>[dd] I'd like to see this at the top, as you intend to discuss thiseffort viz. the QA Guidelines.> 3. Issues raised in the preparation of UAAG test materials:> a. Non-machine testable requirements[dd] 1> b. Normative exceptions>[dd] 5> c. Linking to implementation report>[dd] 2> d. Test suite navigation>[dd] 3> e. Use of EARL as a reporting language>[dd] 6> f. Reuse of test files>[dd] 4> 4. Other issues>>> Jon Gunderson, Ph.D., ATP> Coordinator of Assistive Communication and Information Technology> Division of Rehabilitation - Education Services> MC-574> College of Applied Life Studies> University of Illinois at Urbana/Champaign> 1207 S. Oak Street, Champaign, IL  61820>> Voice: (217) 244-5870> Fax: (217) 333-0248>> E-mail: jongund@uiuc.edu>> WWW: http://www.staff.uiuc.edu/~jongund> WWW: http://www.w3.org/wai/ua>>",
            "docno": "lists-086-3235664",
            "received": "Thu Jul 18 02:21:51 2002",
            "isoreceived": "20020718062151",
            "sent": "Thu, 18 Jul 2002 09:21:33 +0300",
            "isosent": "20020718062133",
            "name": "Dimitris Dimitriadis",
            "email": "dimitris@ontologicon.com",
            "subject": "Re: AGENDA: W3C User Agent Special Telecon on Test Suites on July 18th, 2002",
            "id": "9AC47296-9A16-11D6-8F1C-000393556882@ontologicon.com",
            "charset": "US-ASCII",
            "inreplyto": "5.1.0.14.2.20020717110813.02103dc0&#64;staff.uiuc.edu",
            "expires": "-1",
            "cc": "w3c-wai-ua@w3.org,mcmay@w3.org,kirillg@microsoft.com, Mark Skall<mark.skall@nist.gov>, peter fawcett<pfawcett@real.com>, karl Dubost<karl@w3.org>\n",
            "to": " Jon Gunderson<jongund@uiuc.edu>\n"
        },
        {
            "body": "W3C User Agent Special Telecon on Test Suites on July 18th, 2002Chair: Jon GundersonDate: Thursday, 18 July 2002Time: 2:00-3:30 pm Boston Local Time, USA (18:00-19:30 UTC/GMT)Call-in: Longfellow Bridge (+1) (617) 252-1038AgendaQA ParticipantsDimitris Dimitriadis (Ontologicon)Karl DubostPeter Fawcett (RealNetworks)Lofton HendersonMaybe: Kirill Gavrylyuk (Microsoft)Preparation Materials1. QA Framework: Test Guidelineshttp://www.w3.org/QA/WG/2002/07/qaframe-test-0715.html2. Draft UAAG test suites for HTML 4.01http://www.w3.org/WAI/UA/TS/uaag-html401-testsuite.htmlDiscussion1. QA guidelines overview2. UAAG HTML 4.01 test suite review3. Issues raised in the preparation of UAAG test materials:a. Non-machine testable requirementsb. Normative exceptionsc. Linking to implementation reportd. Test suite navigatione. Use of EARL as a reporting languagef. Reuse of test files4. Other issuesJon Gunderson, Ph.D., ATPCoordinator of Assistive Communication and Information TechnologyDivision of Rehabilitation - Education ServicesMC-574College of Applied Life StudiesUniversity of Illinois at Urbana/Champaign1207 S. Oak Street, Champaign, IL  61820Voice: (217) 244-5870Fax: (217) 333-0248E-mail: jongund@uiuc.eduWWW: http://www.staff.uiuc.edu/~jongundWWW: http://www.w3.org/wai/ua",
            "docno": "lists-086-3214596",
            "received": "Wed Jul 17 12:09:58 2002",
            "isoreceived": "20020717160958",
            "sent": "Wed, 17 Jul 2002 11:12:04 -0500",
            "isosent": "20020717161204",
            "name": "Jon Gunderson",
            "email": "jongund@uiuc.edu",
            "subject": "AGENDA: W3C User Agent Special Telecon on Test Suites on July   18th, 2002",
            "id": "5.1.0.14.2.20020717110813.02103dc0@staff.uiuc.edu",
            "charset": "us-ascii",
            "expires": "-1",
            "to": "w3c-wai-ua@w3.org,mcmay@w3.org, Dimitris Dimitriadis<dimitris@ontologicon.com>,kirillg@microsoft.com, Mark Skall<mark.skall@nist.gov>, peter fawcett<pfawcett@real.com>, karl Dubost<karl@w3.org>\n"
        },
        {
            "body": "Dimitris,I will update the agenda with your request.JonOn Thu, 18 Jul 2002, Dimitris Dimitriadis wrote:> All,>> As I won't be able to attend more than 20-30 minutes given that the call> is 9 pm my time, I'd like to express my prioritites and hope that we can> discuss items in that order. Please see below.>> Best,>> /Dimitris>> On Wednesday, July 17, 2002, at 07:12  PM, Jon Gunderson wrote:>> > W3C User Agent Special Telecon on Test Suites on July 18th, 2002> >> > Chair: Jon Gunderson> > Date: Thursday, 18 July 2002> > Time: 2:00-3:30 pm Boston Local Time, USA (18:00-19:30 UTC/GMT)> > Call-in: Longfellow Bridge (+1) (617) 252-1038> >> > Agenda> >> > QA Participants> >> > Dimitris Dimitriadis (Ontologicon)> > Karl Dubost> > Peter Fawcett (RealNetworks)> > Lofton Henderson> > Maybe: Kirill Gavrylyuk (Microsoft)> >> > Preparation Materials> >> > 1. QA Framework: Test Guidelines> > http://www.w3.org/QA/WG/2002/07/qaframe-test-0715.html> >> > 2. Draft UAAG test suites for HTML 4.01> > http://www.w3.org/WAI/UA/TS/uaag-html401-testsuite.html> >> > Discussion> >> > 1. QA guidelines overview> >> > 2. UAAG HTML 4.01 test suite review> >> [dd] I'd like to see this at the top, as you intend to discuss this> effort viz. the QA Guidelines.>> > 3. Issues raised in the preparation of UAAG test materials:> > a. Non-machine testable requirements> [dd] 1>> > b. Normative exceptions> >> [dd] 5>> > c. Linking to implementation report> >> [dd] 2>> > d. Test suite navigation> >> [dd] 3>> > e. Use of EARL as a reporting language> >> [dd] 6>> > f. Reuse of test files> >> [dd] 4>> > 4. Other issues> >> >> > Jon Gunderson, Ph.D., ATP> > Coordinator of Assistive Communication and Information Technology> > Division of Rehabilitation - Education Services> > MC-574> > College of Applied Life Studies> > University of Illinois at Urbana/Champaign> > 1207 S. Oak Street, Champaign, IL  61820> >> > Voice: (217) 244-5870> > Fax: (217) 333-0248> >> > E-mail: jongund@uiuc.edu> >> > WWW: http://www.staff.uiuc.edu/~jongund> > WWW: http://www.w3.org/wai/ua> >> >>",
            "docno": "lists-086-3248522",
            "received": "Thu Jul 18 08:33:39 2002",
            "isoreceived": "20020718123339",
            "sent": "Thu, 18 Jul 2002 07:32:34 -0500 (CDT)",
            "isosent": "20020718123234",
            "name": "Jon Gunderson",
            "email": "jongund@uiuc.edu",
            "subject": "Re: AGENDA: W3C User Agent Special Telecon on Test Suites on July  18th, 2002",
            "id": "Pine.GSO.4.31.0207180732100.15710-100000@staff3.cso.uiuc.edu",
            "charset": "US-ASCII",
            "inreplyto": "9AC47296-9A16-11D6-8F1C-000393556882&#64;ontologicon.com",
            "expires": "-1",
            "to": " Dimitris Dimitriadis<dimitris@ontologicon.com>\n",
            "cc": "<w3c-wai-ua@w3.org>,<mcmay@w3.org>,<kirillg@microsoft.com>, Mark Skall<mark.skall@nist.gov>, peter fawcett<pfawcett@real.com>, karl Dubost<karl@w3.org>\n"
        },
        {
            "body": "On Monday 21 October 2002 02:53 pm, Elaine Barker wrote:> This is one of the problems when including a url to a specific version of> a document. Note that NIST will also be making a new version (FIPS 186-3)> available - hopefully next year. I'm not sure what your solution is.> Perhaps routinely include a warning that a newer version may supercede an> older version?Hi Elaine,Publishing, maintaining, and referencing dependencies is a difficult,nuanced, but almost tractable issue! <smile/> There's two importantprincipals involved in the problem.Author - the person who provides/registers the token, name, oridentifiers (i.e. NIST). The Author has an obligation to publishand maintain the identifiers and the policy/expectation have howthey will be versioned.User - the person who references and creates a dependency onthe identifier (i.e., W3C). They too will need to determine apolicy of how they want to use these identifiers.The way the W3C tries to deal with these problems as an author is to *never*remove something from the Web and break those who depend on you. Instead wetry to set their expectations of what's likely to change and provide aneasy way to find those changes. In an actual W3C Technical Report (even ifa Working Draft) it will state what the dated specific version thatdocument is (and will persist) *as well* as the URI of the \"latestversion\". For example,XML-Signature Syntax and ProcessingW3C Recommendation 12 February 2002This version:http://www.w3.org/TR/2002/REC-xmldsig-core-20020212/http://www.ietf.org/rfc/rfc3275.txtLatest version:http://www.w3.org/TR/xmldsig-core/Previous version:http://www.w3.org/TR/2001/PR-xmldsig-core-20010820/http://www.ietf.org/rfc/rfc3075.txt [corresponds toCR-xmldsig-core-20001031]It might also contain a link to an erratum. If you wrote something thatimplements the Proposed Recommendation \".../PR-xmldsig-core-20010820/\", onecan make that statement. However, if one is tracking the latest version\".../xmldsig-core/\" that's easy to state too. And if you implemented thefinal Recommendation \".../REC-xmldsig-core-20020212/\" and track the erratum\"http://www.w3.org/2001/10/xmldsig-errata\", voila!Furthermore, when it comes to W3C namespaces and identifiers, we have apolicy about how one might maintain or break them  -- depending on yourlevel of maturity [1]. From an interoperability point of view, the salientbits to keep in mind are: do changes, \"(a) change the meaning or validityof existing documents written using the namespace, or (b) affect theoperation of existing software written to process such documents.\" We'realso trying to come to consensus of how to version erratum that might be ofinterest to you [2].[1] http://www.w3.org/1999/10/nsuri[2] http://www.w3.org/2002/05/31-errataAs a user of specifications, once the W3C converges on a stable/maturedocument it prefers to depend on specific/dated versions of things. *If* adependency is not yet mature, then either (a) the dependent W3Cspecification isn't stable/mature yet either, or (b) the W3C specificationneeds to create an \"in-line\" \"snapshot\" of that specification. (In general,it's impossible to implement and interoperate against things in the future,though there are some cases of technologies that may be backwards/futurecompatible in ways that allows one to provide more flexible references(e.g., Unicode)[2] http://lists.w3.org/Archives/Member/w3c-i18n-ig/1998Sep/0034.html ).So, in the case of FIPS-186-2-change:0. Was it not stable? Should we have not relied upon it in one of ourstandards?1. Does the change break existing implementations. Is a compliant FIPS-186-2processor no longer compliant? Will a FIPS-186-2 application not work witha FIPS-186-2-change application? In which case you might want to make*that* clear. And if that's the case, the W3C might need to update it's XMLSignature Recommendation.2. Or does this not affect interoperability but contains security caveats?In either case, you could maintain the existing specification and youcould've provided a link to erratum/update document; or you could'vemaintained the original one and included a URI which will always providethe latest one.3. And what will be different with FIPS-186-3? Is FIPS-186-2 abandoned? Aredependent specifications and applications now useless/worthless/insecure?Or just missing out on the \"newer better\" version -- isn't that ok?Try to develop policies for references, dependencies, and revisions that isnot the easiest thing in the world, but if you break references it makes itvery difficult to figure out how to reference your specifications at all.",
            "docno": "lists-046-7167771",
            "received": "Mon Oct 21 16:25:24 2002",
            "isoreceived": "20021021202524",
            "sent": "Mon, 21 Oct 2002 16:24:47 -0400",
            "isosent": "20021021202447",
            "name": "Joseph Reagle",
            "email": "reagle@w3.org",
            "subject": "Re: XML Signature Recommendations Reference to FIPS 186-2 Now  Broken",
            "id": "200210211624.47060.reagle@w3.org",
            "charset": "iso-8859-1",
            "inreplyto": "5.1.0.14.2.20021021144926.01c113c8&#64;email.nist.gov",
            "expires": "-1",
            "to": " Elaine Barker<elaine.barker@nist.gov>\n",
            "cc": " XML Signature<w3c-ietf-xmldsig@w3.org>,chairs@w3.org,mark.skall@nist.gov\n"
        },
        {
            "body": "The link to the HTML test suites for UAAG1.0 has been changed to:http://www.w3.org/WAI/UA/TS/html401/index.htmlJon",
            "docno": "lists-086-3226159",
            "received": "Wed Jul 17 22:14:45 2002",
            "isoreceived": "20020718021445",
            "sent": "Wed, 17 Jul 2002 21:13:36 -0500 (CDT)",
            "isosent": "20020718021336",
            "name": "Jon Gunderson",
            "email": "jongund@uiuc.edu",
            "subject": "Updated link to UAAG 1.0 HTML test Suites",
            "id": "Pine.GSO.4.31.0207172111500.6787-100000@staff3.cso.uiuc.edu",
            "charset": "US-ASCII",
            "expires": "-1",
            "to": "<w3c-wai-ua@w3.org>,<mcmay@w3.org>, Dimitris Dimitriadis<dimitris@ontologicon.com>,<kirillg@microsoft.com>, Mark Skall<mark.skall@nist.gov>, peter fawcett<pfawcett@real.com>, karl Dubost<karl@w3.org>\n",
            "cc": "<koteles@uiuc.edu>,<jbrewer@w3.org>\n"
        }
    ]
}