{
    "id": "candidate-0591",
    "name": "Lynne Rosenthal",
    "gender": "FEMALE",
    "email": "lynne.rosenthal@nist.gov",
    "mails": [
        {
            "body": "BrianThanks for butting in - your clarification helps a lot.   IMO, the intentof the checkpoint is as you state:>[[>Checkpoint 1.3. The testing approach to be used is documented.>>NOTE:  A single uniform testing approach may not be appropriate for all>aspects of a specification.  The testing approach may define different>approaches for different aspects, for example, different approaches may be>used for testing document syntax and for testing document processing.  The>structure of a specification may give useful clues to the different kinds>of tests that would be useful.>[Priority 1]>]]We just didn't do a good job at writing it.  We appreciate your comments aswell as Jeremy's - Please keep in mind that the TestGL is still underdevelopment - many changes are being made. We have been talking to testdevelopers as well as WGs to learn about how they build tests so that wecan capitalize on their experience and not violate what is being done.  Thegoal is not to be burdensome or obtrusive, but to actually providesomething useful - this isn't always easy to do.   The WG is scheduling atelecon to discuss Jeremy's comments.  Although we haven't made the Agendafor our March meeting at Tech Plenary, I'm sure that TestGL will be a topicof discussion. Since our meetings are open to all - You, Jeremy and othersare welcome to join.regardsLynne",
            "docno": "lists-053-15881868",
            "received": "Wed Jan  7 09:35:29 2004",
            "isoreceived": "20040107143529",
            "sent": "Wed, 07 Jan 2004 09:34:27 -0500",
            "isosent": "20040107143427",
            "name": "Lynne Rosenthal",
            "email": "ynne.rosenthal@nist.gov",
            "subject": "Re: RDF Core test driven development and QA Test Doc",
            "id": "5.1.0.14.2.20040107085400.01dcb788@mailserver.nist.gov",
            "charset": "us-ascii",
            "inreplyto": "3FFC0DE1.2090704&#64;hplb.hpl.hp.com",
            "expires": "-1",
            "to": " Brian McBride<bwm@hplb.hpl.hp.com>, Jeremy Carroll<jjc@hplb.hpl.hp.com>\n",
            "cc": " Karl Dubost<karl@w3.org>, Jeremy Carroll<jjc@hpl.hp.com>,w3c-rdfcore-wg@w3.org,www-qa-wg@w3.org,sandro@w3.org\n"
        },
        {
            "body": "Sent to this list as requested (file is attached).  Best wishes,Tim Boland NIST>X-Sieve: CMU Sieve 2.2>X-Sender: wendy@localhost>X-Mailer: QUALCOMM Windows Eudora Version 5.2.0.9>Date: Fri, 04 Apr 2003 17:31:20 -0500>To: Tim Boland <frederick.boland@nist.gov>, mcmay@w3.org>From: Wendy A Chisholm <wendy@w3.org>>Subject: Re: draft accessibility testing technical document-comments>   welcome>Cc: lynne Rosenthal <lynne.rosenthal@nist.gov>, frederick.boland@nist.gov>>Hello Tim,>>Sorry not to get back to you sooner.  I really appreciate your work on>this.  The WCAG WG and ATAG WG had a joint face-to-face meeting (for about>an hour) on 23 March.  I went through your document and we had some>discussion about it.  People felt like it was a great starting>point.  Could you send it to both working groups?  The WCAG WG would like>to discuss it at our techniques telecon this Wednesday (9 April).>>Thank you,>--wendy>>At 09:48 AM 3/19/2003, Tim Boland wrote:>>Attached is a draft of an accessibility testing technical document (WCAG>>action item due March 20).  Comments are welcome.  The document is meant>>to apply to both WCAG and ATAG testing.>>>>Thanks and best wishes,>>Tim Boland NIST>>>>-->wendy a chisholm>world wide web consortium>web accessibility initiative>http://www.w3.org/WAI/>/--text/html attachment: wai-test1.htm",
            "docno": "lists-060-2871299",
            "received": "Mon Apr  7 08:34:13 2003",
            "isoreceived": "20030407123413",
            "sent": "Mon, 07 Apr 2003 07:58:09 -0500",
            "isosent": "20030407125809",
            "name": "Tim Boland",
            "email": "frederick.boland@nist.gov",
            "subject": "Fwd: Re: draft accessibility testing technical   document-comments welcome",
            "id": "4.3.1.2.20030407075639.00b43830@mailserver.nist.gov",
            "charset": "us-ascii",
            "expires": "-1",
            "to": "w3c-wai-au@w3.org\n"
        }
    ]
}