{
    "id": "candidate-0547",
    "name": "Najib Tounsi",
    "gender": "MALE",
    "email": "ntounsi@emi.ac.ma",
    "mails": [
        {
            "body": "Richard Ishida wrote:>The publication process requires me to demonstrate that the group supports the imminent, interim publication of the following documents:>>http://localhost/International/geo/html-tech/tech-character.html>http://localhost/International/geo/html-tech/tech-lang.html>http://localhost/International/geo/html-tech/tech-bidi.html>>s/localhost/www.w3.org>For clarity I will summarise here in one place the voice of the group as far as I am aware.>I have received the following responses in favour:>-Martin: http://lists.w3.org/Archives/Public/public-i18n-geo/2004Apr/0025.html>-Deborah: in private mail>-Andrew: in teleconference http://lists.w3.org/Archives/Public/public-i18n-geo/2004Apr/0029.html>-Myself: of course>>Dear Richard,Please add my voice to yours and to the voice of the group.Regards, Najib>I believe I have also received responses in the affirmative from Tex and Russ, but can't find the evidence.  Tex and Russ, please send a mailnote, if you would. Thanks.>>I have received no objections.>>Thanks.>RI>>>>============>Richard Ishida>W3C>>contact info:>http://www.w3.org/People/Ishida/>>W3C Internationalization:>http://www.w3.org/International/>>>>>>--Najib TOUNSI (mailto:tounsi@w3.org)Bureau W3C au Maroc (http://www.w3c.org.ma/)Ecole Mohammadia d'Ingenieurs, BP 765 Agdal-RABAT Maroc (Morocco)Phone : +212 (0) 37 68 71 74  Fax : +212 (0) 37 77 88 53Mobile: +212 (0) 61 22 00 30",
            "docno": "lists-016-7622518",
            "received": "Tue May  4 06:46:50 2004",
            "isoreceived": "20040504104650",
            "sent": "Tue, 04 May 2004 10:49:53 +0000",
            "isosent": "20040504104953",
            "name": "Najib Tounsi",
            "email": "ntounsi@emi.ac.ma",
            "subject": "Re: Please read: Decision to publish 3 techniques documents",
            "id": "40977551.7060904@emi.ac.ma",
            "charset": "usascii",
            "inreplyto": "E1BKgGD-0001D6-TO&#64;drnick.w3.org",
            "expires": "1",
            "to": " Richard Ishida<ishida@w3.org>\n",
            "cc": " GEO<public-i18n-geo@w3.org>\n"
        },
        {
            "body": "Hello Najib,I agree that in our examples, we should replace 02 mar 2004with 02 March 2004 (or better 2 March 2004, the leading zerois completely unnecessary).However, I'm not sure we should give automatic translation asa reason. It is extremely easy to make sure that automatictranslations know abbreviations for months (and days of theweek), because there are no other words that look the same.If you can, you should send a mail to the maintainers ofthe translation engine to suggest such an improvement.Regards,    Martin.At 18:49 04/04/17 +0000, Najib Tounsi wrote:>Dear Richard,>>I've tried to translate http://www.w3.org/International/Overview.html, and>started with an automatic translation as a draft (by www.ajeeb.com)>to finalize it then. I discovered that months were not correctly>translated. Indeed, they are writen>>Apr for April>Mar for Mar>...>>Some time also, we find it writen \"mar\", \"apr\" all lowercase and without a>dot mark at the end.>>I think that it must be stated somewhere that in date format, it is a good>thing  to avoid month abreviations and to write  explicitely (January,>February ...). At least for automatic translator, which now are used very>often on the Web.>>By the way, in http://www.w3.org/TR/i18n-html-tech/#ri20030510.103018444,>it is said:>>\"The date>02/03/04>may be March 4th, 2002 (in Japan,...), 2nd of March, 2004 (in Europe) and>February 3rd, 2004 (in the USA). It would be better to write this as>something like>02 mar 2004\">>I suggest to say: \"... It would be better to write this as something like>02 mar 2004 or, preferably, 02 March 2004\">or something like that.>>Regards,>>Najib>>-->Najib TOUNSI (mailto:tounsi@w3.org)>Bureau W3C au Maroc (http://www.w3c.org.ma/)>Ecole Mohammadia d'Ingenieurs, BP 765 Agdal-RABAT Maroc (Morocco)>Phone : +212 (0) 37 68 71 74  Fax : +212 (0) 37 77 88 53>Mobile: +212 (0) 61 22 00 30",
            "docno": "lists-016-5757253",
            "received": "Sun Apr 18 22:33:35 2004",
            "isoreceived": "20040419023335",
            "sent": "Mon, 19 Apr 2004 10:42:25 +0900",
            "isosent": "20040419014225",
            "name": "Martin Duerst",
            "email": "duerst@w3.org",
            "subject": "Re: Date format",
            "id": "4.2.0.58.J.20040419103653.06eefdf0@localhost",
            "charset": "usascii",
            "inreplyto": "40817C40.7040908&#64;emi.ac.ma",
            "expires": "1",
            "to": " Najib Tounsi<ntounsi@emi.ac.ma>, Richard Ishida<ishida@w3.org>\n",
            "cc": " GEO<public-i18n-geo@w3.org>, Ivan Herman<ivan@w3.org>\n"
        },
        {
            "body": "Richard Ishida wrote:>Chaps,>>I just uploaded a new version of the language tutorial at http://localhost/International/tutorials/tutorial-lang.html>s/localhost/www.w3.org/ :-)>after working on it for some time today.>>This incorporates comments made during the Tech Plen, but the comments led me to reread RFC 3066 and substantially restructure the section about \"Specifying language attribute values\".>>RI>>============>Richard Ishida>W3C>>contact info: http://www.w3.org/People/Ishida/>>http://www.w3.org/International/>http://www.w3.org/International/geo/>>>>>",
            "docno": "lists-016-7016979",
            "received": "Wed Mar 10 13:51:31 2004",
            "isoreceived": "20040310185131",
            "sent": "Wed, 10 Mar 2004 18:49:30 +0100",
            "isosent": "20040310174930",
            "name": "Najib Tounsi",
            "email": "ntounsi@emi.ac.ma",
            "subject": "Re: New version of language tutorial",
            "id": "404F552A.2040205@emi.ac.ma",
            "charset": "usascii",
            "inreplyto": "013c01c406ce$c96dea70$1902010a&#64;w3cishida",
            "expires": "1",
            "to": " Richard Ishida<ishida@w3.org>\n",
            "cc": " GEO<public-i18n-geo@w3.org>\n"
        },
        {
            "body": "Richard Ishida wrote:>AGENDA: I18N GEO TF telcon, 2004-04-07 at 13:00 UTC/GMT, 6am Seattle,  9am Boston, 14:00 London, 15:00 Paris, 11pm Melbourne>>13:00 Rabat.I'll be on IRC.>Still on Wednesdays.>>RI>>>============>Richard Ishida>W3C>>contact info: http://www.w3.org/People/Ishida/>>http://www.w3.org/International/>http://www.w3.org/International/geo/>>>>>--Najib TOUNSI (mailto:tounsi@w3.org)Bureau W3C au Maroc (http://www.w3c.org.ma/)Ecole Mohammadia d'Ingenieurs, BP 765 Agdal-RABAT Maroc (Morocco)Phone : +212 (0) 37 68 71 74  Fax : +212 (0) 37 77 88 53Mobile: +212 (0) 61 22 00 30",
            "docno": "lists-016-5584377",
            "received": "Tue Apr  6 13:10:47 2004",
            "isoreceived": "20040406171047",
            "sent": "Tue, 06 Apr 2004 17:14:41 +0000",
            "isosent": "20040406171441",
            "name": "Najib Tounsi",
            "email": "ntounsi@emi.ac.ma",
            "subject": "Re: NOTE new time for telecon",
            "id": "4072E581.4030403@emi.ac.ma",
            "charset": "usascii",
            "inreplyto": "011f01c41bf7$957cc270$6401a8c0&#64;w3cishida",
            "expires": "1",
            "to": " Richard Ishida<ishida@w3.org>\n",
            "cc": " GEO<public-i18n-geo@w3.org>\n"
        },
        {
            "body": "Apparently no GEO teleconf this week. I think we haven't planned one.Anyway, I am ready to participate (on IRC).Najib.Martin Duerst wrote:>> Can somebody who knows tell me whether the GEO teleconference> will take place this week or not? Richard is on vacation, and> won't participate, but I have not found any record (e.g. in> the mail archives) of whether the teleconf takes place or not.>> Regards,     Martin.>>>--Najib TOUNSI (mailto:tounsi@w3.org)Bureau W3C au Maroc (http://www.w3c.org.ma/)Ecole Mohammadia d'Ingenieurs, BP 765 Agdal-RABAT Maroc (Morocco)Phone : +212 (0) 37 68 71 74  Fax : +212 (0) 37 77 88 53Mobile: +212 (0) 61 22 00 30",
            "docno": "lists-016-5714837",
            "received": "Tue Apr 13 04:25:25 2004",
            "isoreceived": "20040413082525",
            "sent": "Tue, 13 Apr 2004 08:16:23 +0000",
            "isosent": "20040413081623",
            "name": "Najib Tounsi",
            "email": "ntounsi@emi.ac.ma",
            "subject": "Re: Teleconference this week",
            "id": "407BA1D7.90001@emi.ac.ma",
            "charset": "ISO-88591",
            "inreplyto": "4.2.0.58.J.20040413104000.04e200c8&#64;localhost",
            "expires": "1",
            "to": " Martin Duerst<duerst@w3.org>\n",
            "cc": "public-i18n-geo@w3.org\n"
        },
        {
            "body": "Dear Richard and all,This is to inform you that I'm attending the Tech Plenary in Cannes andI'm very happy to join the Group.I'm sorry, I didn't register for the meeting yet. I hope it won'tdisrurb too much.Looking forward to meeting you all there.regards, NajibRichard Ishida wrote:>If you are planning to attend the GEO meeting at the Tech Plenary, please go to>>http://www.w3.org/2002/09/wbs/35125/tp2004/>>and register asap for the meeting.>>>>Currently registered attendees and observers are:>>===================>>Attendance for the Internationalization GEO (Guidelines, Education & Outreach) Task Force meeting>>Registered as WG participant:>>    * Richard Ishida <ishida@w3.org> (W3C/ERCIM) : attending monday>    * Martin D??rst <duerst@w3.org> (W3C/Keio) : attending monday>>The following people have requested observer status; if you are a chair of this group and said that observers were accepted at the Chair discretion, you need to let them know if they are accepted or not.>>    * Ann Bassetti <ann.bassetti@boeing.com> (Boeing Company) : attending monday>    * Ivan Herman <ivan@w3.org> (Center for Mathematics and Computer Science (CWI)) : attending monday>    * Nicolas Duboc <nduboc@ilog.fr> (ILOG, S.A.) : attending monda>>======================>>>>============>Richard Ishida>W3C>>contact info: http://www.w3.org/People/Ishida/>>http://www.w3.org/International/>http://www.w3.org/International/geo/>>>>>--Najib TOUNSI (mailto:tounsi@w3.org)Bureau W3C au Maroc (http://www.w3c.org.ma/)Ecole Mohammadia d'Ingenieurs, BP 765 Agdal-RABAT Maroc (Morocco)Phone : +212 (0) 37 68 71 74  Fax : +212 (0) 37 77 88 53Mobile: +212 (0) 61 22 00 30",
            "docno": "lists-016-6471104",
            "received": "Fri Feb 27 12:55:21 2004",
            "isoreceived": "20040227175521",
            "sent": "Fri, 27 Feb 2004 17:53:16 +0100",
            "isosent": "20040227165316",
            "name": "Najib Tounsi",
            "email": "ntounsi@emi.ac.ma",
            "subject": "Re: Please register for the GEO meeting",
            "id": "403F75FC.2010001@emi.ac.ma",
            "charset": "UTF8",
            "inreplyto": "000f01c3f856$b59f0780$6501a8c0&#64;w3cishida",
            "expires": "1",
            "to": " Richard Ishida<ishida@w3.org>\n",
            "cc": " GEO<public-i18n-geo@w3.org>, Coralie Mercier<coralie@w3.org>\n"
        },
        {
            "body": "Martin Duerst wrote:>> At 15:32 04/03/18 +0000, Richard Ishida wrote:>>> Folks,>>>> I'd like to encourage the use of IRC during our teleconferences.>>>> Why: it provides a secondary communication channel that can be>> useful, and is particularly useful for sharing URIs.  It is also>> useful for managing the call (who's on, dropping people with>> problems, muting, etc.)>>>> You'll need to have an IRC client on your PC.  Examples for Windows>> include:>> mIRC    http://www.mirc.com/get.html>> Trillian  http://www.ceruleanstudios.com/downloads/>> Martin, you had one I can't remember the name of.>>> http://www.xchat.org/, the nice thing is that it does UTF-8,So I can speak Arabic?;-)> and works on multiple platforms.>> Regards,    Martin.>>>> The IRC channel we'll use is: #i18n on irc.w3.org:6665>>>> If you have questions, please write to the list. Let's discuss>> briefly next Wednesday.>>>> Cheers,>> RI>>>>>>>> ============>> Richard Ishida>> W3C>>>> contact info: http://www.w3.org/People/Ishida/>>>> http://www.w3.org/International/>> http://www.w3.org/International/geo/>--Najib TOUNSI (mailto:tounsi@w3.org)Bureau W3C au Maroc (http://www.emi.ac.ma/W3C/)Ecole Mohammadia d'Ingenieurs, BP 765 Agdal-RABAT Maroc (Morocco)Phone : +212 (0) 37 68 71 74  Fax : +212 (0) 37 77 88 53Mobile: +212 (0) 61 22 00 30",
            "docno": "lists-016-7252860",
            "received": "Thu Mar 18 14:54:03 2004",
            "isoreceived": "20040318195403",
            "sent": "Thu, 18 Mar 2004 19:57:52 +0000",
            "isosent": "20040318195752",
            "name": "Najib Tounsi",
            "email": "ntounsi@emi.ac.ma",
            "subject": "Re: IRC for telecons",
            "id": "4059FF40.4090403@emi.ac.ma",
            "charset": "ISO-88591",
            "inreplyto": "4.2.0.58.J.20040318110115.0566c170&#64;localhost",
            "expires": "1",
            "to": " Martin Duerst<duerst@w3.org>\n",
            "cc": " Richard Ishida<ishida@w3.org>, GEO<public-i18n-geo@w3.org>\n"
        },
        {
            "body": "No problem for me. We are UK time here.Richard Ishida wrote:>Here are some possibilities for meeting times after 4 april.  Please state options that would NOT work for you.  (This is going to be very complicated, given our world-wide distribution, especially now that Martin is in Japan, so please try to be flexible :)>>>WCEC UKWeurJapanAustralia>>[1]1pm4pm9pm10pm5am6am>[2]2pm5pm10pm11pm6am7am>>[3]6am11am2pm3pm10pm11pm>[4]7am10am3pm4pm11pm12midnight>>>>============>Richard Ishida>W3C>>contact info: http://www.w3.org/People/Ishida/>>http://www.w3.org/International/>http://www.w3.org/International/geo/>>>>>--Najib TOUNSI (mailto:tounsi@w3.org)Bureau W3C au Maroc (http://www.emi.ac.ma/W3C/)Ecole Mohammadia d'Ingenieurs, BP 765 Agdal-RABAT Maroc (Morocco)Phone : +212 (0) 37 68 71 74  Fax : +212 (0) 37 77 88 53Mobile: +212 (0) 61 22 00 30",
            "docno": "lists-016-7191311",
            "received": "Thu Mar 18 07:29:07 2004",
            "isoreceived": "20040318122907",
            "sent": "Thu, 18 Mar 2004 12:32:51 +0000",
            "isosent": "20040318123251",
            "name": "Najib Tounsi",
            "email": "ntounsi@emi.ac.ma",
            "subject": "Re: Meeting times",
            "id": "405996F3.3080504@emi.ac.ma",
            "charset": "usascii",
            "inreplyto": "008501c40c50$9c8c3d90$6501a8c0&#64;w3cishida",
            "expires": "1",
            "to": " Richard Ishida<ishida@w3.org>\n",
            "cc": " GEO<public-i18n-geo@w3.org>\n"
        },
        {
            "body": "Thanks for spotting that.  Let me try again:http://www.w3.org/International/tutorials/tutorial-lang.html> -----Original Message-----> From: public-i18n-geo-request@w3.org> [mailto:public-i18n-geo-request@w3.org] On Behalf Of Najib Tounsi> Sent: 10 March 2004 17:49> To: Richard Ishida> Cc: GEO> Subject: Re: New version of language tutorial>>>> Richard Ishida wrote:>> >Chaps,> >> >I just uploaded a new version of the language tutorial at> >http://localhost/International/tutorials/tutorial-lang.html> >>> s/localhost/www.w3.org/ :-)>> >after working on it for some time today.> >> >This incorporates comments made during the Tech Plen, but> the comments> >led me to reread RFC 3066 and substantially restructure the section> >about \"Specifying language attribute values\".> >> >RI> >> >============> >Richard Ishida> >W3C> >> >contact info: http://www.w3.org/People/Ishida/> >> >http://www.w3.org/International/> >http://www.w3.org/International/geo/> >> >> >> >> >>>",
            "docno": "lists-016-7036856",
            "received": "Wed Mar 10 14:09:11 2004",
            "isoreceived": "20040310190911",
            "sent": "Wed, 10 Mar 2004 19:09:10 0000",
            "isosent": "20040310190910",
            "name": "Richard Ishida",
            "email": "shida@w3.org",
            "subject": "RE: New version of language tutorial",
            "id": "014001c406d3$2b66a5b0$1902010a@w3cishida",
            "charset": "usascii",
            "inreplyto": "404F552A.2040205&#64;emi.ac.ma",
            "expires": "1",
            "to": "\"'Najib Tounsi'\"<ntounsi@emi.ac.ma>\n",
            "cc": "\"'GEO'\"<public-i18n-geo@w3.org>\n"
        },
        {
            "body": "Richard Ishida wrote:>FYI. Some good news :)>>I sent out a pointer to our planned article \"Serving XHTML\"[1] on a>team-only horizontal list as a heads up.  Karl Dubost made this comment ->reproduced here with his permission.  Karl is co-chair of the W3C QA WG.>>\"Very cool stuff and very cool designed. It's pleasant to see things>like this happening. When you are ready, we should announce it on>public-evangelist.\">>>RI>>[1] http://www.w3.org/International/articles/serving-xhtml/>>>>I've found this paper about DOCTYPEs.http://www.alistapart.com/articles/doctype/May be  to be linked to from your article?( It also contains link to translations in many other languages.)NT--Najib TOUNSI (mailto:tounsi@w3.org)Bureau W3C au Maroc (http://www.w3c.org.ma/)Ecole Mohammadia d'Ingenieurs, BP 765 Agdal-RABAT Maroc (Morocco)Phone : +212 (0) 37 68 71 74  Fax : +212 (0) 37 77 88 53Mobile: +212 (0) 61 22 00 30",
            "docno": "lists-016-7341621",
            "received": "Mon Mar 22 14:11:37 2004",
            "isoreceived": "20040322191137",
            "sent": "Mon, 22 Mar 2004 19:14:50 +0000",
            "isosent": "20040322191450",
            "name": "Najib Tounsi",
            "email": "ntounsi@emi.ac.ma",
            "subject": "Re: FW: New i18n stuff",
            "id": "405F3B2A.5040504@emi.ac.ma",
            "charset": "ISO-88591",
            "inreplyto": "001501c40b55$936fcd40$3b02000a&#64;w3cishida",
            "expires": "1",
            "to": " Richard Ishida<ishida@w3.org>\n",
            "cc": " GEO<public-i18n-geo@w3.org>\n"
        },
        {
            "body": "OK - no teleconf. I could do IRC too, but maybe without agenda, work on stuff from GEO plan instead?Deborah-----Original Message-----From: public-i18n-geo-request@w3.org on behalf of Najib TounsiSent: Tue 13/04/2004 09:16Subject: Re: Teleconference this weekApparently no GEO teleconf this week. I think we haven't planned one.Anyway, I am ready to participate (on IRC).Najib.Martin Duerst wrote:>> Can somebody who knows tell me whether the GEO teleconference> will take place this week or not? Richard is on vacation, and> won't participate, but I have not found any record (e.g. in> the mail archives) of whether the teleconf takes place or not.>> Regards,     Martin.>>>--Najib TOUNSI (mailto:tounsi@w3.org)Bureau W3C au Maroc (http://www.w3c.org.ma/)Ecole Mohammadia d'Ingenieurs, BP 765 Agdal-RABAT Maroc (Morocco)Phone : +212 (0) 37 68 71 74  Fax : +212 (0) 37 77 88 53Mobile: +212 (0) 61 22 00 30BBCi at http://www.bbc.co.uk/This e-mail (and any attachments) is confidential and may containpersonal views which are not the views of the BBC unless specificallystated.If you have received it in error, please delete it from your system.Do not use, copy or disclose the information in any way nor act inreliance on it and notify the sender immediately. Please note that theBBC monitors e-mails sent or received.Further communication will signify your consent to this.",
            "docno": "lists-016-5730263",
            "received": "Wed Apr 14 07:23:30 2004",
            "isoreceived": "20040414112330",
            "sent": "Wed, 14 Apr 2004 12:23:18 +0100",
            "isosent": "20040414112318",
            "name": "Deborah Cawkwell",
            "email": "deborah.cawkwell@bbc.co.uk",
            "subject": "RE: Teleconference this week",
            "id": "418B7E44473AC34488C9E730D09FF3CF027F8B7C@bbcxue204.national.core.bbc.co.uk",
            "charset": "utf8",
            "inreplyto": "Teleconference this week",
            "expires": "1",
            "to": " Martin Duerst \n",
            "cc": " public-i18n-geo@w3.org \n"
        },
        {
            "body": "Hello Richard,Richard Ishida wrote:>Folks,>>I finally got the style guide for i18n faqs, tutorials, articles, etc to the point where it's worth publishing (needs a little more work).  You can find it at:>>http://www.w3.org/International/style/article-styleguide.html>>You can find the latest template file at:>>http://www.w3.org/International/style/_template.html>>It would be even inetresting to have a template to generate FAQs, as inhttp://www.w3.org/new-doc-from-template?location=%2FQA%2FTips%2F&template=%2Fafs%2Fw3.org%2Fpub%2FWWW%2FQA%2FTips%2FTemplates%2FTipTemplate.html&submit=Continue...linked from http://www.w3.org/QA/Tips/#process (item 2)It might be necessary to make hypothesis on the text size etc...I can try to do it in Perl/PHP/C (prefer PHP). Are therepreferences/restrictions from W3C?Najib>In the template you can search for the string \"___\" to find some of the items that need to be input / changed (as a kind of double check).>>hth,>RI>>>============>Richard Ishida>W3C>>contact info:>http://www.w3.org/People/Ishida/>>W3C Internationalization:>http://www.w3.org/International/>>>>>>--Najib TOUNSI (mailto:tounsi@w3.org)Bureau W3C au Maroc (http://www.w3c.org.ma/)Ecole Mohammadia d'Ingenieurs, BP 765 Agdal-RABAT Maroc (Morocco)Phone : +212 (0) 37 68 71 74  Fax : +212 (0) 37 77 88 53Mobile: +212 (0) 61 22 00 30",
            "docno": "lists-016-7666826",
            "received": "Thu May  6 14:46:55 2004",
            "isoreceived": "20040506184655",
            "sent": "Thu, 06 May 2004 18:50:35 +0000",
            "isosent": "20040506185035",
            "name": "Najib Tounsi",
            "email": "ntounsi@emi.ac.ma",
            "subject": "Re: Work on style guide",
            "id": "409A88FB.8050205@emi.ac.ma",
            "charset": "UTF8",
            "inreplyto": "E1BLSQi-0006Bf-Q1&#64;drnick.w3.org",
            "expires": "1",
            "to": " Richard Ishida<ishida@w3.org>\n",
            "cc": " GEO<public-i18n-geo@w3.org>\n"
        },
        {
            "body": "Thanks for this, Najib.  I was aware of that article, but it is quite old soI didn't add it.  I did however, just add some more links to the article:<a href=\"http://www.w3.org/QA/2002/04/valid-dtd-list.html\">List of validDTDs you can use in your document</a>And<ahref=\"http://www.webstandards.org/learn/reference/prolog_problems.html\">whether [xml prologs] will be an issue for you</a>Btw, note that Karl sent out my www-international announcement to thepublic-evangelist@w3.org list.Cheers,RI> -----Original Message-----> From: public-i18n-geo-request@w3.org> [mailto:public-i18n-geo-request@w3.org] On Behalf Of Najib Tounsi> Sent: 22 March 2004 19:15> To: Richard Ishida> Cc: GEO> Subject: Re: FW: New i18n stuff>>>> Richard Ishida wrote:>> >FYI. Some good news :)> >> >I sent out a pointer to our planned article \"Serving XHTML\"[1] on a> >team-only horizontal list as a heads up.  Karl Dubost made> this comment> >- reproduced here with his permission.  Karl is co-chair of> the W3C QA> >WG.> >> >\"Very cool stuff and very cool designed. It's pleasant to see things> >like this happening. When you are ready, we should announce it on> >public-evangelist.\"> >> >> >RI> >> >[1] http://www.w3.org/International/articles/serving-xhtml/> >> >> >> >> I've found this paper about DOCTYPEs.> http://www.alistapart.com/articles/doctype/> May be  to be> linked to from your article?> ( It also contains link to translations in many other languages.)>> NT>> --> Najib TOUNSI (mailto:tounsi@w3.org)> Bureau W3C au Maroc (http://www.w3c.org.ma/)> Ecole Mohammadia d'Ingenieurs, BP 765 Agdal-RABAT Maroc> (Morocco) Phone : +212 (0) 37 68 71 74  Fax : +212 (0) 37 77 88 53> Mobile: +212 (0) 61 22 00 30>",
            "docno": "lists-016-7349940",
            "received": "Tue Mar 23 08:26:13 2004",
            "isoreceived": "20040323132613",
            "sent": "Tue, 23 Mar 2004 13:26:12 0000",
            "isosent": "20040323132612",
            "name": "Richard Ishida",
            "email": "shida@w3.org",
            "subject": "RE: FW: New i18n stuff",
            "id": "001401c410da$6a466610$6501a8c0@w3cishida",
            "charset": "iso-88591",
            "inreplyto": "405F3B2A.5040504&#64;emi.ac.ma",
            "expires": "1",
            "to": "\"'Najib Tounsi'\"<ntounsi@emi.ac.ma>\n",
            "cc": "\"'GEO'\"<public-i18n-geo@w3.org>\n"
        },
        {
            "body": "> All,>> Apologies for not clarifying that there was no meeting last week.  I was> planning to send a note out over the weekend, before leaving for> vacation, but fell sick.Hope you're feeling better.>> There is a meeting this week.  Please feel free to suggest agenda items.Appology I'am in Paris. Could'nt participate this weekNajib>> RI>> Richard Ishida> W3C",
            "docno": "lists-016-5777878",
            "received": "Tue Apr 20 03:37:47 2004",
            "isoreceived": "20040420073747",
            "sent": "Tue, 20 Apr 2004 07:40:00 GMT",
            "isosent": "20040420074000",
            "name": "Tounsi Najib",
            "email": "ntounsi@emi.ac.ma",
            "subject": "RE: Teleconference this week",
            "id": "200404200740.HAA0000007349@mailhost.emi.ac.ma",
            "inreplyto": "Teleconference this week",
            "expires": "1",
            "to": "ishida@w3.org,public-i18n-geo@w3.org\n"
        },
        {
            "body": "Dear Richard,I've tried to translate http://www.w3.org/International/Overview.html,and started with an automatic translation as a draft (by www.ajeeb.com)to finalize it then. I discovered that months were not correctlytranslated. Indeed, they are writenApr for AprilMar for Mar...Some time also, we find it writen \"mar\", \"apr\" all lowercase and withouta dot mark at the end.I think that it must be stated somewhere that in date format, it is agood thing  to avoid month abreviations and to write  explicitely(January, February ...). At least for automatic translator, which noware used very often on the Web.By the way, inhttp://www.w3.org/TR/i18n-html-tech/#ri20030510.103018444, it is said:\"The date02/03/04may be March 4th, 2002 (in Japan,...), 2nd of March, 2004 (in Europe)and February 3rd, 2004 (in the USA). It would be better to write this assomething like02 mar 2004\"I suggest to say: \"... It would be better to write this as somethinglike 02 mar 2004 or, preferably, 02 March 2004\"or something like that.Regards,Najib--Najib TOUNSI (mailto:tounsi@w3.org)Bureau W3C au Maroc (http://www.w3c.org.ma/)Ecole Mohammadia d'Ingenieurs, BP 765 Agdal-RABAT Maroc (Morocco)Phone : +212 (0) 37 68 71 74  Fax : +212 (0) 37 77 88 53Mobile: +212 (0) 61 22 00 30",
            "docno": "lists-016-5748807",
            "received": "Sat Apr 17 14:46:24 2004",
            "isoreceived": "20040417184624",
            "sent": "Sat, 17 Apr 2004 18:49:36 +0000",
            "isosent": "20040417184936",
            "name": "Najib Tounsi",
            "email": "ntounsi@emi.ac.ma",
            "subject": "Date format",
            "id": "40817C40.7040908@emi.ac.ma",
            "charset": "ISO-88591",
            "expires": "1",
            "to": " Richard Ishida<ishida@w3.org>\n",
            "cc": " GEO<public-i18n-geo@w3.org>, Ivan Herman<ivan@w3.org>\n"
        },
        {
            "body": "Richard Ishida wrote:>Folks,>>I'd like to encourage the use of IRC during our teleconferences.>>It is even my only chanel to join you for the moment.  Yesterday I tried#I18N and #GEO (it exists?) but didn't meet anybody. I've seen Martinwas on #I18N, but I disconnected rapidly.  Untill now, wednesday was notpossible for me at 19 PM UK. But from now on, it will be OK.Looking forward to joinning you next Wednesday.Regards, Najib>Why: it provides a secondary communication channel that can be useful, and is particularly useful for sharing URIs.  It is also useful for managing the call (who's on, dropping people with problems, muting, etc.)>>You'll need to have an IRC client on your PC.  Examples for Windows include:>mIRChttp://www.mirc.com/get.html>Trillian  http://www.ceruleanstudios.com/downloads/>Martin, you had one I can't remember the name of.>>The IRC channel we'll use is: #i18n on irc.w3.org:6665>>If you have questions, please write to the list. Let's discuss briefly next Wednesday.>>Cheers,>RI>>>>============>Richard Ishida>W3C>>contact info: http://www.w3.org/People/Ishida/>>http://www.w3.org/International/>http://www.w3.org/International/geo/>>>>>--Najib TOUNSI (mailto:tounsi@w3.org)Bureau W3C au Maroc (http://www.emi.ac.ma/W3C/)Ecole Mohammadia d'Ingenieurs, BP 765 Agdal-RABAT Maroc (Morocco)Phone : +212 (0) 37 68 71 74  Fax : +212 (0) 37 77 88 53Mobile: +212 (0) 61 22 00 30",
            "docno": "lists-016-7244078",
            "received": "Thu Mar 18 14:51:41 2004",
            "isoreceived": "20040318195141",
            "sent": "Thu, 18 Mar 2004 19:55:20 +0000",
            "isosent": "20040318195520",
            "name": "Najib Tounsi",
            "email": "ntounsi@emi.ac.ma",
            "subject": "Re: IRC for telecons",
            "id": "4059FEA8.2030201@emi.ac.ma",
            "charset": "UTF8",
            "inreplyto": "006601c40cfe$465c0a00$3b02000a&#64;w3cishida",
            "expires": "1",
            "to": " Richard Ishida<ishida@w3.org>\n",
            "cc": " GEO<public-i18n-geo@w3.org>\n"
        },
        {
            "body": "Could terms like BDO, LRE, PDF, LRM, ZWNJ also be there? May lead to alot of terms...A criteria could only be subjective. One criteria might be: terms thatare directly related to I18N and that a \"Western\" Web expert/developperis normally not supposed to know. As a consequence, HTTP Header and suchthings don't fit into this criteria.In the glossary,  XML is spelled eXtended Markup Language. It is notExtended Markup Language?NajibTex Texin wrote:>I added Richard's list of terms to the glossary, although I haven't added>definitions.>>http://www.i18nguy.com/markup/i18n-glossary.html>>I am not sure about terms like \"quirks mode\".>Also, if define terms like HTTP Header and XML declaration, we will be defining>lots of terms from many many specs.>>We need a criteria for what is included or not.>I wonder if we need a search index rather than a glossary, so people can easily>find where things are defined or discussed rather than a glossary for some of>the items.>>lets discuss.>>--Najib TOUNSI (mailto:tounsi@w3.org)Bureau W3C au Maroc (http://www.w3c.org.ma/)Ecole Mohammadia d'Ingenieurs, BP 765 Agdal-RABAT Maroc (Morocco)Phone : +212 (0) 37 68 71 74  Fax : +212 (0) 37 77 88 53Mobile: +212 (0) 61 22 00 30",
            "docno": "lists-016-7455819",
            "received": "Thu Mar 25 07:20:54 2004",
            "isoreceived": "20040325122054",
            "sent": "Thu, 25 Mar 2004 12:23:56 +0000",
            "isosent": "20040325122356",
            "name": "Najib Tounsi",
            "email": "ntounsi@emi.ac.ma",
            "subject": "Re: glossary",
            "id": "4062CF5C.6030809@emi.ac.ma",
            "charset": "ISO-88591",
            "inreplyto": "4061DBB8.C3C48A43&#64;XenCraft.com",
            "expires": "1",
            "to": " Tex Texin<tex@XenCraft.com>\n",
            "cc": " GEO<public-i18n-geo@w3.org>\n"
        },
        {
            "body": "Richard Ishida wrote:>Those of you struggling with IRC access due to firewalls may want to try this new approach.  I did a test and it seems to work quite well.>>It works for me. I use ChatZilla (on MacOs X). I simply typeirc://irc.w3.org:6665/#i18n>After specifying your preferred nick and realname, type in #i18n as the Channel.>>Feel free to try this out any time (like now ;).  I'm always on that channel if my PC is connected to IRC, so I can chat with you to test it works.>>RI>>>>>>Date: Wed, 02 Jun 2004 16:49:06 -0400>>To: chairs@w3.org>>From: Alan Kotok <kotok@w3.org>>>Subject: IRC via the Web>>X-Archived-At:>>http://www.w3.org/mid/6.0.0.22.2.20040602164545.02b34010@localhost>>>>>>>>>>For those people who have difficulty with firewalls or dedicated IRC>>clients, we have a Web-based IRC client which connects to our public>>IRC server.  This client is only available to those with Member access.>>It can be found at>>>>http://www.w3.org/2001/01/cgi-irc>>>>Alan>>-->>Alan Kotok, W3C Associate Chair         mailto:kotok@w3.org>>World Wide Web Consortium                 http://www.w3.org>>MIT Computer Science and Artificial Intelligence Laboratory>>32 Vassar Street,  Room 32-G526,  Cambridge,  MA 02139  USA>>Voice: +1-617-258-5728                 Fax: +1-617-258-5999>>>>>>>>>--Najib TOUNSI (mailto:tounsi@w3.org)Bureau W3C au Maroc (http://www.w3c.org.ma/)Ecole Mohammadia d'Ingenieurs, BP 765 Agdal-RABAT Maroc (Morocco)Phone : +212 (0) 37 68 71 74  Fax : +212 (0) 37 77 88 53Mobile: +212 (0) 61 22 00 30",
            "docno": "lists-016-6905415",
            "received": "Fri Jun  4 15:33:53 2004",
            "isoreceived": "20040604193353",
            "sent": "Fri, 04 Jun 2004 19:37:56 +0000",
            "isosent": "20040604193756",
            "name": "Najib Tounsi",
            "email": "ntounsi@emi.ac.ma",
            "subject": "Re: IRC via the Web",
            "id": "40C0CF94.4050805@emi.ac.ma",
            "charset": "usascii",
            "inreplyto": "20040604121459.CE3B14F01B&#64;homer.w3.org",
            "expires": "1",
            "to": " Richard Ishida<ishida@w3.org>\n",
            "cc": " GEO<public-i18n-geo@w3.org>\n"
        },
        {
            "body": "Hi Richard and all,At first glance  remarks...Richard Ishida wrote:>Folks,>>I have put together a first draft of a new FAQ that we should discuss in our meeting tomorrow.>>http://www.w3.org/International/questions/qa-http-and-lang.html>>The questions is \"Should I use HTTP Content-Language or a meta element to declare the language of my XHTML document?\">>Following on and arising from those thoughts I have worked on a new set of techniques for the language WD.  See below.  Please send your comments, and if we have time, lets also discuss this tomorrow. These ideas break some new ground, and will also need to be reviewed by Core and others.>>>>CURRENT VERSION OF OUTLINE>>Specifying the overall language of a document>???Always declare the language of the page as a whole in the html tag.>???For HTML use the lang attribute only, for XHTML 1.0 served as text/html use the lang and xml:lang attributes, and for XHTML served as XML use the xml:lang attribute only.>???Do not use the meta tag to declare the language of a document.>???Do not declare the language of a document in the body tag.>>Identifying in-document language changes>???Use the lang and/or xml:lang attributes around text to indicate any changes in language.>???For HTML use the lang attribute only, for XHTML 1.0 served as text/html use the lang and xml:lang attributes, and for XHTML served as XML use the xml:lang attribute only.>>>>NEW VERSION OF OUTLINE>>Declaring the language of content>???Unless there are more than one primary languages,>I see a contradiction in this expression. For me, \"primary\" means firstof all or first choice. So there couldn't be more than one.  I suggestto define the term \"primary language\", e.g.   the choice of one (main)language among  what might be called (candidate languages).  Assumingthat the uniqueness of THE language of a page has a meaning.>always declare the primary language of the page in the html tag.>???If there are more than one primary languages, try to keep content in each primary language in a separate block, and always declare the language in the tags that define those blocks.>???For HTML use the lang attribute only, for XHTML 1.0 served as text/html use the lang and xml:lang attributes, and for XHTML served as XML use the xml:lang attribute only.>???Do not use a meta tag or HTTP header to declare the language of content.>???Do not declare the language of the page in the body tag.>>It is not true. But this might seem to contradict the 2 points above\"declare the language in the tags that define those blocks\".>???Use the lang and/or xml:lang attributes around text to indicate any changes in language.>>Identifying the language of the audience>???Consider using a meta tag or HTTP Content-Language header to indicate the language of the intended audience for a page.>???If there are more than one primary languages, use a meta tag or HTTP Content-Language header to list the languages of the intended audience.>>What is (will be) the status of meta tags? Are they used like a comment?\"see\" you on IRC.Regards, Najib>>Other stuff to express in the detail:>What's the difference between audience and content declaration, and why use different approaches.>Acknowledge that there's no good solution for the <title> element or other stuff in <head> for documents with multiple primary languages.>>>RI>>>============>Richard Ishida>W3C>>contact info:>http://www.w3.org/People/Ishida/>>W3C Internationalization:>http://www.w3.org/International/>>>>>>--Najib TOUNSI (mailto:tounsi@w3.org)Bureau W3C au Maroc (http://www.w3c.org.ma/)Ecole Mohammadia d'Ingenieurs, BP 765 Agdal-RABAT Maroc (Morocco)Phone : +212 (0) 37 68 71 74  Fax : +212 (0) 37 77 88 53Mobile: +212 (0) 61 22 00 30",
            "docno": "lists-016-6955868",
            "received": "Wed Jun  9 08:32:43 2004",
            "isoreceived": "20040609123243",
            "sent": "Wed, 09 Jun 2004 12:35:26 +0000",
            "isosent": "20040609123526",
            "name": "Najib Tounsi",
            "email": "ntounsi@emi.ac.ma",
            "subject": "Re: Meeting preread: Language declarations",
            "id": "40C7040E.5000108@emi.ac.ma",
            "charset": "UTF8",
            "inreplyto": "20040608184006.B2DDB4EFF4&#64;homer.w3.org",
            "expires": "1",
            "to": " Richard Ishida<ishida@w3.org>\n",
            "cc": " GEO<public-i18n-geo@w3.org>\n"
        },
        {
            "body": "> In the glossary,  XML is spelled eXtended Markup Language. It is not> Extended Markup Language?>> Najib>Actually the word 'extended'should read 'extensible'.  Bad mistake for a w3cglossary, that ;-)RI",
            "docno": "lists-016-7464197",
            "received": "Thu Mar 25 07:32:16 2004",
            "isoreceived": "20040325123216",
            "sent": "Thu, 25 Mar 2004 12:32:14 0000",
            "isosent": "20040325123214",
            "name": "Richard Ishida",
            "email": "shida@w3.org",
            "subject": "RE: glossary",
            "id": "000a01c41265$34e22810$3b02000a@w3cishida",
            "charset": "iso-88591",
            "inreplyto": "4062CF5C.6030809&#64;emi.ac.ma",
            "expires": "1",
            "to": "\"'Najib Tounsi'\"<ntounsi@emi.ac.ma>,\"'Tex Texin'\"<tex@XenCraft.com>\n",
            "cc": "\"'GEO'\"<public-i18n-geo@w3.org>\n"
        },
        {
            "body": "At 15:13 +0100 23/10/03, Richard Ishida wrote:>All,>>I have mentioned once or twice my idea of creating a set of 'articles'>on i18n topics to accompany the guidelines and faqs.  This was given>additional impetus when I looked at the Netscape DevEdge site>http://devedge.netscape.com/viewsource/ a little while back.  My current>plan is to slowly convert the longer items in the Hints & Tips section>of our site http://www.w3.org/International/resources.html#hints to>either faqs or articles linked to by a new page.   I have mocked up such>a page at>>http://www.w3.org/International/articles.htmlThe following links don't seem to link the appropriate pages.Internationalized Resource Identifiers (IRIs)(links to FAQ: Two-letter or three-letter language codes)Dates and time(links to FAQ: Styling using the lang attribute)Writing Systems Tutorial(links to FAQ: Bidi space loss)Or Have I missed something?Regards, Najib>>to show the idea.>>I see the articles as less focussed and slightly longer than a typical>FAQ, but they should still be written to a specific brief and remain>concise.  I think this is an ideal way to point to additional material>that supports the guidelines, eg. the background info on inline bidi.>>Note that I have added links to a number of articles from my own site>just to add bulk here.  We should consider whether it is appropriate to>incorporate them for real in our list of articles.>>I think we need to discuss the following:>>A. Should we limit contributions to the GEO group participants?  For>example, Kat Momoi wrote a very good article for DevEdge on IDN>http://devedge.netscape.com/viewsource/2003/idn/>>B. Where should articles be located? - for example, if we do include the>articles of mine that I've put on the mockup page, I'd prefer to do it>as an automatically updated copy (that uses whatever style we decide on>for our articles) and continue to serve my articles on my own site too.>I don't think we should simply link to locations outside the W3C site.>>C. What level of review should be required for such articles.  I believe>the articles should be carefully reviewed by the group, just like FAQs>or guidelines, so that we can claim that they are authoritative.  We>should not simply include stuff that people have written that 'contains>some useful bits'.>>D. Should this be open to submissions from other parts of the i18n WG>(eg. Core or WS), rather than just GEO contributors.  My feeling is that>yes it should be.  Do we want to review that before publication though?>>Comments and suggestions?>>RI>>>============>Richard Ishida>W3C>>contact info: http://www.w3.org/People/Ishida/>>http://www.w3.org/International/>http://www.w3.org/International/geo/>>See the W3C Internationalization FAQ page>http://www.w3.org/International/questions.html--Najib TOUNSI (mailto:tounsi@w3.org)W3C Office in Morocco (http://www.w3c.org.ma)Ecole Mohammadia d'Ing?nieurs, BP 765 Agdal-RABAT Maroc (Morocco)Phone: +212 (0) 37 68 71 74  Fax : +212 (0) 37 77 88 53Mobile: +212 (0) 61 22 00 30",
            "docno": "lists-016-3848900",
            "received": "Sun Nov 16 07:05:53 2003",
            "isoreceived": "20031116120553",
            "sent": "Sun, 16 Nov 2003 11:48:48 +0000",
            "isosent": "20031116114848",
            "name": "Najib Tounsi",
            "email": "ntounsi@emi.ac.ma",
            "subject": "Re: Articles",
            "id": "a05111b01bbdd11ab0686@[10.3.1.6]",
            "charset": "iso-88591",
            "inreplyto": "001901c3996f$cf3b85b0$6501a8c0&#64;w3c40upc3ma3j2",
            "expires": "1",
            "to": "<ishida@w3.org>,<public-i18n-geo@w3.org>\n"
        }
    ]
}