{
    "id": "candidate-0684",
    "name": "Rob Shearer",
    "gender": "MALE",
    "email": "rob.shearer@networkinference.com",
    "mails": [
        {
            "body": "Slight IT problems with finding somewhere I can put up a web page forthe f2f meeting; this should be remedied within the next couple of days.In the meantime:The Data Access Working Group's second face to face meeting will takeplace on the 14th and 15th of July, 2004, in Carlsbad, California. Thevenue has not been finalized, but will be near to the Network Inferenceoffice at 5900 Laplace Court:http://www.mapquest.com/maps/map.adp?country=US&countryid=250&addtohistory=&searchtab=address&searchtype=address&address=5900+La+Place+Court&city=Carlsbad&state=CA&zipcode=92008&search=++Search++The expected schedule is from 9AM to 5PM on both days. All DAWG membersare invited to a dinner hosted by Network Inference on the evening ofthe 14th (venue to be determined).The primary contact for logistics will be Rob Shearer, however theNetwork Inference office maven Lyndi Sinclair should be available if Robis dead or otherwise unavailable:Rob Shearerrob.shearer@networkinference.com+1-760-476-0650 ext. 666Lyndi Sinclairlyndi.sinclair@networkinference.com+1-760-476-0650 ext. 100TravelLocal airports, in decreasing convenience to NI's Carlsbad office:Palomar Airport, Carlsbad, CAAirport Code: CLX -http://www.co.san-diego.ca.us/dpw/airports/mcpal.htmWalking distance to Network Inference office.Flights only to/from Phoenix via America West Airlines and LAX viaUnited.San Diego International AirportAirport Code: SAN - http://www.san.org/35 miles from NI office.John Wayne AirportAirport Code: SNA - http://www.ocair.com/58 miles from NI office.Long Beach AirportAirport Code: LGB - http://www.longbeach.gov/airport/77 miles from NI office.Los Angeles International AirportAirport Code: LAX - http://www.lawa.org/lax/laxframe.html97 miles from NI office.AccomodationLocal hotels include:Residence Inn by Marriott-.8 miles away from NI office2000 Faraday Ave.Carlsbad, CA 92008(760) 431-9999http://marriott.com/property/propertyPage.mi?marshaCode=SANCBThis is the closest hotel to the office, within easy walking distance.A group rate of around $118/night might be doable.Ramada Suites Carlsbad - 3 miles away from NI office751 Macadamia Dr.Carlsbad, CA 92009(760) 438-2285http://www.ramada.com/Ramada/control/Booking/property_info?propertyId=01067&brandInfo=RAThis was my home for my first month in Carlsbad. Rates are around$80/night.Inns of America - 3 miles away from NI office5010 Avenida EncinasCarlsbad, CA 92008(760) 929-8219http://www.innsofamerica.com/San-Diego-Cannon.htmlHilton Garden Inn - 3.2 miles away from NI office6450 Carlsbad Blvd.Carlsbad, CA 92008(760) 476-0800www.hiltongardeninn.comThe Courtyard by Marriott - 1.0 mile away from NI office5835 Owens Ave.Carlsbad, CA 92008http://marriott.com/property/propertyPage.mi?marshaCode=SANCS",
            "docno": "lists-020-13888679",
            "received": "Mon Jun  7 01:12:44 2004",
            "isoreceived": "20040607051244",
            "sent": "Sun, 6 Jun 2004 22:10:58 -0700",
            "isosent": "20040607051058",
            "name": "Rob Shearer",
            "email": "Rob.Shearer@networkinference.com",
            "subject": "DAWG f2f July 14-15",
            "id": "CFE388CECDDB1E43AB1F60136BEB49730280CE@rome.ad.networkinference.com",
            "charset": "us-ascii",
            "expires": "-1",
            "to": "<public-rdf-dawg@w3.org>\n",
            "cc": "\"Lyndi Sinclair\"<Lyndi.Sinclair@networkinference.com>\n"
        }
    ]
}