{
    "id": "candidate-0553",
    "name": "Lofton Henderson",
    "gender": "MALE",
    "email": "lofton@rockynet.com",
    "mails": [
        {
            "body": "At 03:06 PM 5/6/2002 -0600, Lofton Henderson wrote:>One comment in the thread was interesting -- the startup hurdle of>switching to xmlspec suggests the utility of a half-way step, such as some>class definitions for XHTML authoring.Our specs are already in xmlspec. That is not an issue for us.Jonathan",
            "docno": "lists-030-11690597",
            "received": "Mon May  6 17:35:42 2002",
            "isoreceived": "20020506213542",
            "sent": "Mon, 06 May 2002 14:35:39 -0700",
            "isosent": "20020506213539",
            "name": "Jonathan Robie",
            "email": "jonathan.robie@datadirect-technologies.com",
            "subject": "Re: Testable assertion tagging for W3C specifications",
            "id": "5.1.0.14.0.20020506143512.0171cc68@ncmail.datadirect-technologies.com",
            "charset": "us-ascii",
            "inreplyto": "5.1.0.14.2.20020506144730.03128460&#64;rockynet.com",
            "expires": "-1",
            "to": " Lofton Henderson<lofton@rockynet.com>,scott_boag@us.ibm.com\n",
            "cc": "spec-prod@w3.org,w3c-query-editors@w3.org,www-qa@w3.org\n"
        },
        {
            "body": "The problem withhttp://www.w3.org/2000/xp/Group/2/03/11/soap-1.2-conformance.html is thatit copies the text from the specification.  And possibly ratherarbitrarily.  What I was looking from was markup in the original documentwhere a document like this could point to, rather than copy the textdirectly.  And also provide a link back into the original text (which oftenmust be read in context).So I think having a separate test/conformance document is a good (verygood), but somewhat orthogonal, thought.-scott|---------+-------------------------------------------->|         |           Jonathan Robie                   ||         |           <jonathan.robie@datadirect-techno||         |           logies.com>                      ||         |           Sent by: spec-prod-request@w3.org||         |                                            ||         |                                            ||         |           05/07/2002 09:14 AM              ||         |                                            ||---------+-------------------------------------------->>----------------------------------------------------------------------------------------------||                                                                                              ||       To:       \"Paul Cotton\" <pcotton@microsoft.com>, \"Lofton Henderson\"                    ||        <lofton@rockynet.com>, <scott_boag@us.ibm.com>                                        ||       cc:       <spec-prod@w3.org>, <w3c-query-editors@w3.org>, <www-qa@w3.org>              ||       Subject:  RE: Testable assertion tagging for W3C specifications                        |>----------------------------------------------------------------------------------------------|At 10:37 PM 5/6/2002 -0400, Paul Cotton wrote:>Another technique is to have a separate test/conformance document that>points directly into a technical specification or quotes test from the>normative document.  For example, see the SOAP 1.2 test/conformance>document [1].>>[1] http://www.w3.org/2000/xp/Group/2/03/11/soap-1.2-conformance.htmlI like this. This allows someone else to work on the assertions withouthaving to share the source of the document.Also, I think the assertions in this document helped me understand what youare trying to accomplish. I think this is a good thing to do - particularlyif it leads to the development of a test suite.My instinct is to use a separate document, not to embed markup in thesource document, to allow work to be shared more equitably. Currently, onlyDon and I really edit the source fo the XQuery language document.Jonathan",
            "docno": "lists-030-11786508",
            "received": "Tue May  7 11:22:06 2002",
            "isoreceived": "20020507152206",
            "sent": "Tue, 7 May 2002 11:13:39 -0400",
            "isosent": "20020507151339",
            "name": "scott_boag@us.ibm.com",
            "email": "scott_boag@us.ibm.com",
            "subject": "RE: Testable assertion tagging for W3C specifications",
            "id": "OF2B1D7C61.25B0227B-ON85256BB2.0053305A@lotus.com",
            "charset": "us-ascii",
            "inreplyto": "Testable assertion tagging for W3C specifications",
            "expires": "-1",
            "to": " Jonathan Robie<jonathan.robie@datadirect-technologies.com>\n",
            "cc": "spec-prod@w3.org,w3c-query-editors@w3.org,www-qa@w3.org\n"
        },
        {
            "body": "Please use this version,[2] http://www.w3.org/QA/WG/2002/framework-20020506/qaframe-spec.htmlinstead of Dimitris' reference.  Mostly editorial improvements on the pathto publication, but significant ones there.  Note that these are not stablereferences, as they are editor's working copies!  (Okay, having pointed toit, we can leave it as is for a while.)-Lofton.At 11:00 PM 5/6/2002 +0200, Dimitris Dimitriadis wrote:>Scott,>>Being an editor of the Specification Guidelines document in the QA>activity, where I advocate this, I'm happy to see that more people are>thinking about these things. In the document (see>http://www.w3.org/QA/WG/2002/04/qaframe-spec-0429.html for the latest>draft), you'll find similar ideas that definitely need to be worked on. I>look forward to your input and will provide comments on your work.>>best,>>/Dimitris>>>>On Monday, May 6, 2002, at 07:29 , scott_boag@us.ibm.com wrote:>>>A colleague and I have been talking about how to do more precise testing of>>W3C specifications, and how the specification markup might help.>>>>GOALS:>>    Allow an external document (test case, erratum, email, etc.) to point>>    directly at a \"testable\" normative sentence in a Recommendation.>>    Encourage document editors to view some of the sentences as \"test>>    assertions\" and to write them in a style that conveys precisely what>>    they declare.>>    Explore possibilities for machine processing of testable sentences in>>    the future.>>    Link error assertions to error catalogues (see the work that Mike Kay is>>    doing with the XSLT document: (>>    http://www.w3.org/TR/xslt20/#error-summary)).>>    Provide a tagging scheme for testing of grammatical statements, such as>>    the ad-hoc one employed in the XPath/XQuery specifications.>>    Possibly provide markup also for discretionary behavior.>>>>So our proposal is to add a tagging structure to>>http://www.w3.org/XML/1998/06/xmlspec-report.htm,>>http://www.w3.org/XML/1998/06/xmlspec.dtd, that allows editors to achieve>>the above goals.>>>>Test cases will nearly always have to cite more than one testable sentence>>and/or production, unless the Rec is issued with test assertions in a>>separate appendix. We should experiment with enhanced tagging to see how it>>influences sentence structure. Some complex sentences with multiple \"or\">>parts crossing each other may get restructured just to make citing them>>more precise. Consider this sentence from part 16.4 of XSLT 1.0: \"Thus, it>>is an error to disable output escaping for an xsl:value-of or xsl:text>>element that is used to generate the string-value of a comment, processing>>instruction or attribute node; it is also an error to convert a result tree>>fragment to a number or a string if the result tree fragment contains a>>text node for which escaping was disabled.\" That one sentence has 8-10>>testable assertions.>>>>So far, we are not proposing concrete details.  First we wanted to see what>>people thought of the idea, if anyone has experimented with something like>>this so far, and whether or not this would be worth a concrete proposal.>>>>-scott>>>>>>>",
            "docno": "lists-030-11677952",
            "received": "Mon May  6 17:35:34 2002",
            "isoreceived": "20020506213534",
            "sent": "Mon, 06 May 2002 15:34:20 -0600",
            "isosent": "20020506213420",
            "name": "Lofton Henderson",
            "email": "ofton@rockynet.com",
            "subject": "Re: Testable assertion tagging for W3C specifications",
            "id": "5.1.0.14.2.20020506153035.03127a00@rockynet.com",
            "charset": "us-ascii",
            "inreplyto": "4FADD1C5-6134-11D6-BBD0-000393556882&#64;ontologicon.com",
            "expires": "-1",
            "to": " Dimitris Dimitriadis<dimitris@ontologicon.com>,scott_boag@us.ibm.com\n",
            "cc": "spec-prod@w3.org,w3c-query-editors@w3.org,www-qa@w3.org\n"
        },
        {
            "body": "Lofton Henderson wrote:>> Hi,>> Thanks for the opportunity to join the conformance/testing discussion> yesterday.>> I had a look at the minutes, and there is one minor nit whose correction> may help prevent confusion.  It is written:>> \"LH: For both XSLT WG and ...\">> We're not talking about the W3C WG here.  It is actually the OASIS> XSLT/Xpath Conformance TC,>> http://www.oasis-open.org/committees/xslt/.Thank you Lofton, for attending. I have correctedthe minutes and included the link to the Oasis TC work.- Ian--Ian Jacobs (ij@w3.org)   http://www.w3.org/People/JacobsTel:                     +1 718 260-9447",
            "docno": "lists-085-14572208",
            "received": "Wed Oct 24 14:13:33 2001",
            "isoreceived": "20011024181333",
            "sent": "Wed, 24 Oct 2001 14:11:53 -0400",
            "isosent": "20011024181153",
            "name": "Ian B. Jacobs",
            "email": "j@w3.org",
            "subject": "Re: minutes of 22-23 f2f meeting",
            "id": "3BD70469.314590A1@w3.org",
            "charset": "us-ascii",
            "inreplyto": "4.3.2.7.2.20011024095839.02b85af0&#64;terminal.rockynet.com",
            "expires": "-1",
            "to": " Lofton Henderson<lofton@rockynet.com>\n",
            "cc": "w3c-wai-ua@w3.org\n"
        },
        {
            "body": ">Resent-Date: Thu, 5 Sep 2002 12:21:33 -0400 (EDT)>X-Sender: lofton@rockynet.com>X-Mailer: QUALCOMM Windows Eudora Version 5.1>Date: Thu, 05 Sep 2002 10:21:47 -0600>To: chairs@w3.org>From: Lofton Henderson <lofton@rockynet.com>>Cc: dominique Haza?l-Massieux <dom@w3.org>,>         dimitris Dimitriadis <dimitris@ontologicon.com>>Subject: document technologies survey>Resent-From: chairs@w3.org>X-Mailing-List: <chairs@w3.org> archive/latest/2108>X-Loop: chairs@w3.org>Sender: chairs-request@w3.org>Resent-Sender: chairs-request@w3.org>List-Id: <chairs.w3.org>>List-Help: <http://www.w3.org/Mail/>>List-Unsubscribe: <mailto:chairs-request@w3.org?subject=unsubscribe>>X-MailScanner: Found to be clean>>Chairs,>>The QAWG needs your help in completing a survey of document technologies>currently in use by W3C's editors. Please pass this along to your project>editors, and urge them to take 5 minutes (estimated) to fill in the>questionnaire below.>>Backgound: We have had a lively email thread about structured grammars -->e.g., an enhancement of \"XMLspec\", or XHTML customized with class>attributes -- to enhance the testability of specifications and facilitate>the building of associated test materials.  This is also a theme in \"QA>Framework: Specification Guidelines\". This survey is a first step to>determine whether there is a set of common tools and techniques that might>help authors, and that might warrant further QAWG attention (including a>possible prototype project).>>Please reply by: 1 October (a week before our next face-to-face meeting).>Please reply to:  dimitris@ontologicon.com, dom@w3.org>>Thanks in advance for your help. We will collate the results and>distribute them to participants.  To protect your privacy and email>addresses, we will keep the raw results only in member-only space (/QA/Group/).>>========== Begin Questionnaire ==========>>1. In authoring your specifications, do you use (1 choice) as format for>_authoring_ (not publishing):>[] XMLspec or variety thereof>[] XHTML>[] HTML>[] (X)HTML + div using classes to identify particular content and structure>[] Other, indicate:>>2. If you're not using XMLspec, has your group considered it?>[] Yes, please indicate why you rejected it:>[] No, please indicate why:>>3. If you're using XMLspec, is it the current distribution (v2.1 or v2.2),>or a modified version?>[] Plain>[] Modified>>If modified, please indicate the nature and rationale of the change. []>>4. How do you produce your published specifications?>[] Lead editor assembles document editor parts from the editors, producing>a master document>[] Submit parts of document, producing the master document via script or>similar solution>[] Other (please indicate) []>>5. How big a part of the editor's workload is it to stay close to a>particular markup, if used, during the ongoing effort?>[] Less than 5%>[] 5-10%>[] 10-20%>[] More than 20%>[] Please indicate the amount of hours it takes to overcome the startup>phase, ie. how long it (generally) takes for editors to start using the>content structured agreed on by the WG (hours).>>========== End Questionnaire ==========>>References:>[1] http://lists.w3.org/Archives/Public/www-qa/2002May/0000.html>[2] http://www.w3.org/TR/2002/WD-qaframe-spec-20020826/Contents>>Regards,>Lofton.>(QAWG co-chair)",
            "docno": "lists-051-11748067",
            "received": "Thu Sep  5 12:35:47 2002",
            "isoreceived": "20020905163547",
            "sent": "Thu, 05 Sep 2002 17:33:31 +0100",
            "isosent": "20020905163331",
            "name": "Brian McBride",
            "email": "bwm@hplb.hpl.hp.com",
            "subject": "Fwd: to eds: document technologies survey",
            "id": "5.1.0.14.0.20020905173308.04d89668@0-mail-1.hpl.hp.com",
            "charset": "iso-8859-1",
            "expires": "-1",
            "to": " RDF Core<w3c-rdfcore-wg@w3.org>\n"
        },
        {
            "body": "At 12:21 PM 10/24/01 -0500, Jon Gunderson wrote:>Thanks for the clarification.  From a functional stand point is there any>problem borrowing some of their work for our purposes?I don't think so.  We (I'm a member of the TC) are about to make a publicrelease of all of the materials (**including much better documentation**),for the purpose of starting to build the XSLT test suite from availablecontributions.It has also been a goal, since fairly early in the designs, to \"genericize\"the XSLT procedures enough so that they would be widely useful (beyondXSLT).  Finally, I think there is the intention to submit it work to W3C(QA) when it is in proper shape.  Already, Kirill Gavrylyuk(TC member from Microsoft) is presenting the \"Infoset-ize\" parts at thefirst QAWG/IG f2f in Brussels.Regards,-Lofton.p.s.  As a courtesy, I intend to email the TC and inform them of my ad-hocspeaking on the TC work.  I'll invite any comments about others borrowingthe work. -LH.*******************Lofton Henderson1919 Fourteenth St., #604Boulder, CO   80302Phone:  303-449-8728Email:  lofton@rockynet.com*******************",
            "docno": "lists-085-14579993",
            "received": "Wed Oct 24 16:06:18 2001",
            "isoreceived": "20011024200618",
            "sent": "Wed, 24 Oct 2001 14:05:41 -0600",
            "isosent": "20011024200541",
            "name": "Lofton Henderson",
            "email": "ofton@rockynet.com",
            "subject": "Re: minutes of 22-23 f2f meeting",
            "id": "4.3.2.7.2.20011024135503.02c737e0@terminal.rockynet.com",
            "charset": "us-ascii",
            "inreplyto": "Pine.GSO.4.31.0110241220330.6578-100000&#64;staff1.cso.uiuc.ed u",
            "expires": "-1",
            "to": " Jon Gunderson<jongund@uiuc.edu>\n",
            "cc": "\"Ian B. Jacobs\"<ij@w3.org>,<w3c-wai-ua@w3.org>\n"
        },
        {
            "body": "Hi :I am having troubles with the BE tests when running from behinda firewall with the crimson parser...It seems that crimson does not understand the ID in many/all of theBE tests, which is------------- Begin Included Message -------------<!DOCTYPE svg PUBLIC \"-//W3C//DTD SVG 20000303 Stylable//EN\" ^M\"http://www.w3.org/TR/2000/03/WD-SVG-20000303/DTD/svg-20000303-stylable.dtd\">^------------- End Included Message -------------In order to run behind a firewall I have to hack the doctype tosomething like<!DOCTYPE svg PUBLIC \"-//W3C//DTD SVG 20000802//EN\"\"http://www.w3.org/TR/2000/CR-SVG-20000802/DTD/svg-20000802.dtd\">I thought you'd like to know... it would be nice if the DOCTYPE in the BE testswere one of those which crimson and xerces understood without trying tocontact the w3c server, since it can be quite messy/tedious to set up theHTTP proxy for Java2...Thanks,Bill------Bill HanemanIreland Desktop EngineeringSun Microsystems Ireland Ltd.",
            "docno": "lists-030-14633181",
            "received": "Wed Nov  1 12:33:42 2000",
            "isoreceived": "20001101173342",
            "sent": "Wed, 1 Nov 2000 17:23:36 +0000 (GMT)",
            "isosent": "20001101172336",
            "name": "Bill Haneman",
            "email": "Bill.Haneman@ireland.sun.com",
            "subject": "DOCTYPE troubles when behind firewalls",
            "id": "200011011723.RAA29642@ireserver.Ireland.Sun.COM",
            "charset": "us-ascii",
            "expires": "-1",
            "to": "svg-testsuite-comments@w3.org,lofton@rockynet.com\n"
        },
        {
            "body": "Hi Dan,Thanks for your clarifications.Lest it be lost amidst the details, the main point I wanted to make was:  Ilike the proposal early in this thread, to consolidate the variousdocuments and clarify the normative level of the merged bits.  There is awealth of good stuff here, in the 2-3 places.Further, the procedures are more sensible (IMO) than, for example, the ISOrules (under which I worked a lot).  One thing I did like about the ISOapproach, however, was the \"ISO Directives Part 3\" --  a bible for ISOeditors -- which had everything in one place that you'd ever need to knowto be an ISO editor.That said, here's a question about a detail, that also illustrates why Ilike the proposal...Regarding http://www.w3.org/Guide/Reports, and my wondering about whetherits references from pubrules were normative, you saidAt 08:29 AM 3/11/02 -0600, Dan Connolly wrote:>[...]>no. It says \"should\", not \"must\".To quote from pubrules:  \"Editors and Team contacts should consult How toWrite a W3C Technical Report for detailed guidance.\"  (Note that \"should\"is not in boldface, as are all other occurrences of the RFC2119 keywords inpubrules.)This does seem to imply that one doesn't have to pay attention to all ofthe details of Reports/Style Guide.  But then further down it says, forexample,\"The Webmaster must have confirmation from the Team contact that:1.The status section is novel and complete per the guidelines (perApril 1999 Chairs meeting)\"where \"guidelines\" is a link to Reports#status (containing lots ofbold-face \"must\").  So the way I would read this is that at least theReports#status stuff is normative (the same #status stuff is in Manual ofStyle, the apparent successor to \"Reports\").I think this could all be simplified by merging the pieces together, withclear indication of normative/informative status of the various bits.Regards,-Lofton.",
            "docno": "lists-030-12330131",
            "received": "Wed Mar 13 12:37:23 2002",
            "isoreceived": "20020313173723",
            "sent": "Wed, 13 Mar 2002 10:38:59 -0700",
            "isosent": "20020313173859",
            "name": "Lofton Henderson",
            "email": "ofton@rockynet.com",
            "subject": "Re: Spec Guidelines",
            "id": "5.1.0.14.2.20020312130532.03a48700@rockynet.com",
            "charset": "us-ascii",
            "inreplyto": "1015856958.5227.124.camel&#64;dirk",
            "expires": "-1",
            "to": " Dan Connolly<connolly@w3.org>\n",
            "cc": " Martin Duerst<duerst@w3.org>,spec-prod@w3.org,www-qa-wg@w3.org\n"
        },
        {
            "body": "I completely agree with Scott's sentiments here, as well as with Charles'in the previous message of this thread.  Because testability ofspecifications should be a priority issue, and not a afterthought, the QAWGis taking up this aspect of the QA Framework now.In mid-May, we expect to publish 4 WD members of the Framework family plustwo checklists (see the overview table at [1]).  Amongst these workingdrafts will be the first public Working Draft (FPWD) of \"SpecificationGuidelines\" and its companion checklist.  You can see a preview of these(Editor's drafts) at [2], [3].The topic of spec anatomy (grammars for authoring) is addressed in theIntroduction, and in Guidelines 12 and 13.  Discretionary behaviors werementioned in this thread, and we address those in Guideline 8.  This isjust the FPWD now, but we (QA) view this as the start of a major project --both the development and progression of this specification, and work onactual techniques (specific markup).One comment in the thread was interesting -- the startup hurdle ofswitching to xmlspec suggests the utility of a half-way step, such as someclass definitions for XHTML authoring.By the way, these techniques -- markup to enhance testablility, location oftest assertions, and even direct generation of test suties -- are notspeculative.  They're in use now.  An example that we have looked at inQAWG is DOM.Regards,Lofton.[1] http://www.w3.org/QA/WG/#docs[2] http://www.w3.org/QA/WG/2002/framework-20020506/qaframe-spec.html[3] http://www.w3.org/QA/WG/2002/framework-20020506/qaframe-spec-checklist.htmlAt 03:45 PM 5/6/2002 -0400, scott_boag@us.ibm.com wrote:> > This sounds like it might force a particular writing style and constrain> > the sentence structures used by editors.>>Maybe.>> > I am concerned about anything that would increase the work load or the> > constraints on editors.>>Personally I think that testability of a specification should be a priority>issue.  Yes, it might increase work load in the short term.>>On the other hand, it might decrease workload in a way.  Too often we think>of the specification as prose.  What it really must be is a series of>testable statements.  Let someone else write a tutorial.  By thinking of>specifications as a kind of legal document, you may reduce the overall>amount of verbiage, and thus reduce the text and the number of errors that>can creep in.>>But this is just some arguable speculation.  Really, hell if I know.  I do>know that it's always a good idea to engineer with testing in mind.  Too>often testing and verification is left as an afterthought.>>-scott>>>>>|---------+-------------------------------------------->>|         |           Jonathan Robie                   |>|         |           <jonathan.robie@datadirect-techno|>|         |           logies.com>                      |>|         |                                            |>|         |           05/06/2002 03:10 PM              |>|         |                                            |>|---------+-------------------------------------------->>>  >----------------------------------------------------------------------------------------------|>   |>                         |>   |       To:       scott_boag@us.ibm.com, spec-prod@w3.org,> w3c-query-editors@w3.org            |>   |       cc:       www-qa@w3.org>                         |>   |       Subject:  Re: Testable assertion tagging for W3C> specifications                        |>>  >----------------------------------------------------------------------------------------------|>>>>>At 01:29 PM 5/6/2002 -0400, scott_boag@us.ibm.com wrote:>> >    Encourage document editors to view some of the sentences as \"test> >    assertions\" and to write them in a style that conveys precisely what> >    they declare.> >    Explore possibilities for machine processing of testable sentences in> >    the future.>>This sounds like it might force a particular writing style and constrain>the sentence structures used by editors. Am I reading too much into this?>>I am concerned about anything that would increase the work load or the>constraints on editors. We've got an enormous amount of work to do as it>is.>>Jonathan",
            "docno": "lists-030-11633389",
            "received": "Mon May  6 17:07:25 2002",
            "isoreceived": "20020506210725",
            "sent": "Mon, 06 May 2002 15:06:09 -0600",
            "isosent": "20020506210609",
            "name": "Lofton Henderson",
            "email": "ofton@rockynet.com",
            "subject": "Re: Testable assertion tagging for W3C specifications",
            "id": "5.1.0.14.2.20020506144730.03128460@rockynet.com",
            "charset": "us-ascii",
            "inreplyto": "OF8578304B.B4458B2A-ON85256BB1.006B1266&#64;lotus.com",
            "expires": "-1",
            "to": "scott_boag@us.ibm.com, Jonathan Robie<jonathan.robie@datadirect-technologies.com>\n",
            "cc": "spec-prod@w3.org,w3c-query-editors@w3.org,www-qa@w3.org\n"
        },
        {
            "body": "Thanks,I just want every thing understood up front.JonOn Wed, 24 Oct 2001, Lofton Henderson wrote:> At 12:21 PM 10/24/01 -0500, Jon Gunderson wrote:> >Thanks for the clarification.  From a functional stand point is there any> >problem borrowing some of their work for our purposes?>> I don't think so.  We (I'm a member of the TC) are about to make a public> release of all of the materials (**including much better documentation**),> for the purpose of starting to build the XSLT test suite from available> contributions.>> It has also been a goal, since fairly early in the designs, to \"genericize\"> the XSLT procedures enough so that they would be widely useful (beyond> XSLT).  Finally, I think there is the intention to submit it work to W3C> (QA) when it is in proper shape.  Already, Kirill Gavrylyuk> (TC member from Microsoft) is presenting the \"Infoset-ize\" parts at the> first QAWG/IG f2f in Brussels.>> Regards,> -Lofton.>> p.s.  As a courtesy, I intend to email the TC and inform them of my ad-hoc> speaking on the TC work.  I'll invite any comments about others borrowing> the work. -LH.>>> *******************> Lofton Henderson> 1919 Fourteenth St., #604> Boulder, CO   80302>> Phone:  303-449-8728> Email:  lofton@rockynet.com> *******************>",
            "docno": "lists-085-14589331",
            "received": "Wed Oct 24 18:04:49 2001",
            "isoreceived": "20011024220449",
            "sent": "Wed, 24 Oct 2001 17:04:45 -0500 (CDT)",
            "isosent": "20011024220445",
            "name": "Jon Gunderson",
            "email": "jongund@uiuc.edu",
            "subject": "Re: minutes of 22-23 f2f meeting",
            "id": "Pine.GSO.4.31.0110241704190.28363-100000@staff1.cso.uiuc.edu",
            "charset": "US-ASCII",
            "inreplyto": "4.3.2.7.2.20011024135503.02c737e0&#64;terminal.rockynet.com",
            "expires": "-1",
            "to": " Lofton Henderson<lofton@rockynet.com>\n",
            "cc": "\"Ian B. Jacobs\"<ij@w3.org>,<w3c-wai-ua@w3.org>\n"
        },
        {
            "body": "Hello TAG,At TP2004, one of the presentations referred to some material in WebArchabout extensibility [1].  Karl Dubost started a Wiki topic about it [2],because QA also deals with extensibility in the QA Framework (QAF) [3].In [1] and [3], TAG and QA might have slightly different concepts behindsimilar terminology, and/or might be implying slightly differentadvice.  Even though the QAF is being radically revised and trimmed down,it seems clear now that extensibility is one of the topics that will almostcertainly survive in a new, leaner Specification Guidelines.At this point, QAWG would like to suggest some liaison or further detaileddiscussion during the revision of our respective documents, with a viewtowards making our respective extensibility-related content consistent.  Wecould participate in a joint teleconference, or QAWG could prepare adetailed look at the respective extensibility bits, or both.Please advise, what TAG thinks would be the best next steps.Regards,-Lofton.[1] http://www.w3.org/TR/2003/WD-webarch-20031209/#ext-version[2] http://lists.w3.org/Archives/Public/www-qa/2004Mar/0004.html[3] http://www.w3.org/TR/qaframe-spec/guidelines-chapter#Gd-extensions",
            "docno": "lists-024-3761599",
            "received": "Mon Mar 15 17:52:46 2004",
            "isoreceived": "20040315225246",
            "sent": "Mon, 15 Mar 2004 15:56:23 -0700",
            "isosent": "20040315225623",
            "name": "Lofton Henderson",
            "email": "ofton@rockynet.com",
            "subject": "WebArch comment from QA WG",
            "id": "5.1.0.14.2.20040315153748.04076dd0@rockynet.com",
            "charset": "us-ascii",
            "expires": "-1",
            "to": "public-webarch-comments@w3.org\n",
            "cc": "www-qa-wg@w3.org\n"
        },
        {
            "body": "From: Lofton Henderson <lofton@rockynet.com>Subject: per-Framework glossary sectionsX-Archived-At:http://www.w3.org/mid/5.1.0.14.2.20030102173426.01f00ec0@rockynet.com...  When I was first working with UAAG (and other WAI documents), I cameback to the glossary sections repeatedly -- they were an invaluable aid tocomprehending the document.Al",
            "docno": "lists-091-15131654",
            "received": "Fri Jan  3 13:58:35 2003",
            "isoreceived": "20030103185835",
            "sent": "Fri, 03 Jan 2003 13:57:57 -0500",
            "isosent": "20030103185757",
            "name": "Al Gilman",
            "email": "sgilman@iamdigex.net",
            "subject": "a vote for the WAI glossaries",
            "id": "5.1.0.14.2.20030103135615.02329340@pop.iamdigex.net",
            "charset": "us-ascii",
            "expires": "-1",
            "to": "wai-xtech@w3.org\n"
        },
        {
            "body": "Bill Haneman wrote:>> Hi :>> I am having troubles with the BE tests when running from behind> a firewall with the crimson parser...What is the crimson parser, and which SVG viewer were you using?> It seems that crimson does not understand the ID in many/all of the> BE tests, which is>> ------------- Begin Included Message ------------->> <!DOCTYPE svg PUBLIC \"-//W3C//DTD SVG 20000303 Stylable//EN\" ^M>   \"http://www.w3.org/TR/2000/03/WD-SVG-20000303/DTD/svg-20000303-stylable.dtd\">^>> ------------- End Included Message ------------->> In order to run behind a firewall I have to hack the doctype to> something like> <!DOCTYPE svg PUBLIC \"-//W3C//DTD SVG 20000802//EN\">   \"http://www.w3.org/TR/2000/CR-SVG-20000802/DTD/svg-20000802.dtd\">Since those are identical constructs but merely reference differentversions (on the same website, outside your firewall), it seems that yourSVG viewer has cached one but not the other.> I thought you'd like to know... it would be nice if the DOCTYPE in the BE tests> were one of those which crimson and xerces understood without trying to> contact the w3c server, since it can be quite messy/tedious to set up the> HTTP proxy for Java2...Is there any documentation on which DTDs the crimson parser already knowsabout?The DOCTYPE for the test suite is in any case being updated to the latestone, so hopefully you will not have the same problem in future.--Chris",
            "docno": "lists-030-14651811",
            "received": "Thu Nov  2 17:35:37 2000",
            "isoreceived": "20001102223537",
            "sent": "Thu, 02 Nov 2000 23:31:16 +0100",
            "isosent": "20001102223116",
            "name": "Chris Lilley",
            "email": "chris@w3.org",
            "subject": "Re: DOCTYPE troubles when behind firewalls",
            "id": "3A01EB34.EFD1C37B@w3.org",
            "charset": "us-ascii",
            "inreplyto": "200011011723.RAA29642&#64;ireserver.Ireland.Sun.COM",
            "expires": "-1",
            "to": " Bill Haneman<Bill.Haneman@ireland.sun.com>\n",
            "cc": "svg-testsuite-comments@w3.org,lofton@rockynet.com\n"
        },
        {
            "body": "Lofton Henderson wrote:> I know Karl has proposed (previous message in this thread) that the> test-driven development of OWL specifications means, by definition, that> you pass the checkpoint we're talking about.>> Without addressing at that view, I'd like to look at this from a> different angle, starting with a clarification.  Again, these are my own> views, as the QAWG has not yet taken up the question(s) you raise.  (But> will do so in a near-future telecon.)>> At 09:07 PM 1/6/04 +0000, Jeremy Carroll wrote:>>> [...]>> Test GL:>> >> [[>> >> Checkpoint 1.3. Analyze the structure of the specification, partition>> >> it as appropriate, and determine and document the testing approach to>> >> be used for the test suite as a whole and for each partition.>> >> [Priority 1]>> >> ]]>>>> This checkpoint defines method - the testing approach is determined as>> a result of analysing the specification.>> That might not be what the QAWG intends but that is what the current>> WD and editors draft both say.>>> We have been trying to move away from defining the method or process,> which was prevalent in the earliest drafts.  Instead, we are trying to> state the requirements in terms of testable characteristics of the test> suite (TS).>> Note that the normative content of CP1.3 is not in the statement quoted> above, but rather it is contained in the Conformance Requirements section:>>     \"The scope, goal, and purpose of the test suite as a whole, and>     where appropriate of each logical 'partition' of the test suite, and>     the mapping between such partitions and sections of the> specification, must be identified and documented\">> [Note.  This WG-only draft is raw, and \"must\" should be read as \"MUST\"> -- i.e., that's a normative must above.]That's much better - I still disagree with it :), but that seems more amatter of opinion.I would not object to such text. (I might have misunderstood the editor'sdraft division between normative and informative)>> So we've improved the ConfReqs -- the only normative part of the> checkpoint -- so they can now be read as testable conditions on a> conforming conformance test suite.  [We should continue to align the> CPs' statements, so they don't misleadingly suggest \"process\", and we> should fiddle with the wording of the Rationale, for same reason.]>> You then said...>>> (So while the checkpoint above could be written more declaratively e.g.>> \"There should be a systematic relationship between the organization of>> the test suite and the sections of the specification\", this would>> still have been a problem for RDF Core, in my view. Such a change,>> while an improvement, does not go far enough to get my support).>>> This is getting close to the ConfReqs for CP1.3, which are the normative> parts of the checkpoint.  Except notice that CP1.3 ConfReqs only> requires that the relationship be documented, whatever it is, whereas> your proposed rewording seems to require a systematic relationship.> (Since you said, \"still a problem\", I'm assuming that you're thinking> that we intend to require that the structures be parallel, isomorphic,> or something like that.  IMO, CP1.3 does not require that, but> encourages its consideration by requiring documentation.)>> IMO, for the OWL TS to pass CP1.3 would be trivial, if indeed it doesn't> already pass (as Karl claims) -- it would be a small addition (not even> necessarily Normative), to the OWL TS document.  Maybe it's even already> there?  (I read the document, but don't remember all the details).>I agree it would have been low cost for both SW WGs to have conformed withthat text, as long as 'partition' is understood as high-level partitionrather than low-level. (I think that's the intent - later text seems to gofor the detailed relationship between tests and test assertions).In fact \"each *high-level* logical 'partition'\" might be appropriate text,with informative examples of high-level.I look forward to the next WD of the test work.Jeremy",
            "docno": "lists-053-15915411",
            "received": "Wed Jan  7 10:10:22 2004",
            "isoreceived": "20040107151022",
            "sent": "Wed, 07 Jan 2004 15:03:39 +0000",
            "isosent": "20040107150339",
            "name": "Jeremy Carroll",
            "email": "jjc@hplb.hpl.hp.com",
            "subject": "Re: RDF Core test driven development and QA Test Doc",
            "id": "3FFC1FCB.5060406@hplb.hpl.hp.com",
            "charset": "us-ascii",
            "inreplyto": "5.1.0.14.2.20040107071845.02285190&#64;localhost",
            "expires": "-1",
            "to": " Lofton Henderson<lofton@rockynet.com>\n",
            "cc": " Jeremy Carroll<jjc@hpl.hp.com>,w3c-rdfcore-wg@w3.org,www-qa-wg@w3.org,sandro@w3.org\n"
        },
        {
            "body": "On Fri, 2002-03-08 at 10:09, Lofton Henderson wrote:> At 03:22 PM 3/8/02 +0900, Martin Duerst wrote:> >I'm not sure I agree. Pubrules are hard and fast rules;> >if you don't follow them, publication is rejected. It> >should be kept as short as possible.>> Pubrules makes also reference to \"How to Write a W3C Technical Report\",>> http://www.w3.org/Guide/Reports>> which is considerably lengthier than pubrules itself.It's also obsolete:Most of this document is now in the W3C Manual of Style indevelopment on spec-prod. --SusanL, 17 November 2001>  It seems that the> reference is normative -- \"Editors and Team contacts should consult 'How to> Write a W3C Technical Report' for detailed guidance.\" -- i.e., you have to> do the stuff in \"../Reports\".  Is that correct?no. It says \"should\", not \"must\".--Dan Connolly, W3C http://www.w3.org/People/Connolly/",
            "docno": "lists-030-12304683",
            "received": "Mon Mar 11 09:29:17 2002",
            "isoreceived": "20020311142917",
            "sent": "11 Mar 2002 08:29:17 -0600",
            "isosent": "20020311142917",
            "name": "Dan Connolly",
            "email": "connolly@w3.org",
            "subject": "Re: Spec Guidelines",
            "id": "1015856958.5227.124.camel@dirk",
            "inreplyto": "5.1.0.14.2.20020308085012.01dc9d50&#64;rockynet.com",
            "expires": "-1",
            "to": " Lofton Henderson<lofton@rockynet.com>\n",
            "cc": " Martin Duerst<duerst@w3.org>, Dominique Hazael-Massieux<dom@w3.org>, Daniel Dardailler<danield@w3.org>,spec-prod@w3.org,www-qa-wg@w3.org\n"
        },
        {
            "body": "At 09:34 AM 1/7/2004 -0500, Lynne Rosenthal wrote:>Brian>>Thanks for butting in - your clarification helps a lot.   IMO, the intent>of the checkpoint is as you state:>>[[>>Checkpoint 1.3. The testing approach to be used is documented.>>>>NOTE:  A single uniform testing approach may not be appropriate for all>>aspects of a specification.  The testing approach may define different>>approaches for different aspects, for example, different approaches may>>be used for testing document syntax and for testing document>>processing.  The structure of a specification may give useful clues to>>the different kinds of tests that would be useful.>>[Priority 1]>>]]>>We just didn't do a good job at writing it.Also, please see my just-sent comments -- the normative \"ConformanceRequirements\" better reflect our current thinking, than the non-normativeCP statement.>We appreciate your comments as well as Jeremy's - Please keep in mind that>the TestGL is still under development - many changes are being made.This indeed is the source of a lot of our debate -- our current draft onlypartially reflects resolved issues from recent meetings and telecons.  (Anew draft due in the next week or two.)Cheers,-Lofton.",
            "docno": "lists-053-15906253",
            "received": "Wed Jan  7 09:51:40 2004",
            "isoreceived": "20040107145140",
            "sent": "Wed, 07 Jan 2004 07:51:20 -0700",
            "isosent": "20040107145120",
            "name": "Lofton Henderson",
            "email": "ofton@rockynet.com",
            "subject": "Re: RDF Core test driven development and QA Test Doc",
            "id": "5.1.0.14.2.20040107074658.03f352f0@localhost",
            "charset": "us-ascii",
            "inreplyto": "5.1.0.14.2.20040107085400.01dcb788&#64;mailserver.nist.gov",
            "expires": "-1",
            "to": "w3c-rdfcore-wg@w3.org,www-qa-wg@w3.org,sandro@w3.org\n"
        },
        {
            "body": "Ian,Excellent.  I'll try to get back with more detailed comments, but at firstglance, it looks like a really good example of some QA guidelines that wewill be documenting.Do you mind if we refer to it as an example, e.g., from draft frameworkdocuments?-LoftonAt 10:39 PM 10/31/2001 -0500, Ian B. Jacobs wrote:>Hello,>>I've published a document entitled:>>   \"Notes on discretionary behavior in>    User Agent Accessibility Guidelines 1.0\" [1]>>This is a prose description of just about every>optional requirement I could find in UAAG 1.0,>as well as some other characteristics of UAAG 1.0>requirements (e.g., permitted exceptions).>>This prose description should be turned into a machine-readable>description that will be used to allow testers to create a>specific version of a test suite based on which requirements>they do or don't satisfy.>>Your comments welcome,>>    -Ian>>[1] http://www.w3.org/WAI/UA/2001/10/ts>>-->Ian Jacobs (ij@w3.org)   http://www.w3.org/People/Jacobs>Tel:                     +1 718 260-9447",
            "docno": "lists-085-14628093",
            "received": "Thu Nov  1 10:00:41 2001",
            "isoreceived": "20011101150041",
            "sent": "Thu, 01 Nov 2001 08:00:22 -0700",
            "isosent": "20011101150022",
            "name": "Lofton Henderson",
            "email": "ofton@rockynet.com",
            "subject": "Re: Notes on discretionary behavior in User Agent   Accessibility Guidelines   1.0",
            "id": "4.3.2.7.2.20011101075559.03d33ec0@rockynet.com",
            "charset": "us-ascii",
            "inreplyto": "3BE0C3EA.93987D79&#64;w3.org",
            "expires": "-1",
            "to": "\"Ian B. Jacobs\"<ij@w3.org>\n",
            "cc": "www-qa@w3.org,w3c-wai-ua@w3.org\n"
        },
        {
            "body": "----- Original Message -----From: \"Jonathan Robie\" <jonathan.robie@datadirect-technologies.com><lofton@rockynet.com>; <scott_boag@us.ibm.com>Sent: Tuesday, May 07, 2002 9:14 AMSubject: RE: Testable assertion tagging for W3C specifications> At 10:37 PM 5/6/2002 -0400, Paul Cotton wrote:> >Another technique is to have a separate test/conformance document that> >points directly into a technical specification or quotes test from the> >normative document.  For example, see the SOAP 1.2 test/conformance> >document [1].> >> >[1] http://www.w3.org/2000/xp/Group/2/03/11/soap-1.2-conformance.html>> I like this. This allows someone else to work on the assertions without> having to share the source of the document.>> Also, I think the assertions in this document helped me understand whatyou> are trying to accomplish. I think this is a good thing to do -particularly> if it leads to the development of a test suite.>Yes, I like this approach as well.  When we develop test suites here atNIST, weuse something similar.  We develop a set of assertions that point directlyback tothe spec.  We then use the assertions to develop our tests.  It would beuseful tohave this information defined within the working group -- it doesn't matterwhetherit is inline in the spec or as a separate component.  What's important isthat the WGagrees that the assertions cover the functionality defined in the spec.This approach leadsto the following:1) Distinct set of testable assertions which leads to concrete tests.2) Review of the spec for testability.3) Errors and ambiguities can be reported back to the spec authors.The only relatively minor problem we have had in the past is that quiteoften there are alarge number of assertions.  It is difficult to find folks who are willingto reviewthese assertions.  It never fails, there are a handful of problems, probablyless than 5% thatlead to problems in the tests themselves.  These problems ultimately workthemselvesout as implementers begin using the tests and report back issues.An upside to this approach that we'd like to investigate further is if theassertions canbe defined in a way that can be machine processed, then we might be able toautomatesome of the test-generation.  We've used a variation of this approach toautomaticallygenerate tests for xsl-fo, and we've also defined tests in XML for DOM andusedXSLT to transform the tests to machine specific bindings.  In anothereffort, we generated testsfor XML Schema Datatypes by supplementing the schema for schemas withadditionaltagged information and feeding this info to a test generator.--MaryMary BradyNIST, Web Technologiesmbrady@nist.gov",
            "docno": "lists-030-11799632",
            "received": "Tue May  7 12:10:47 2002",
            "isoreceived": "20020507161047",
            "sent": "Tue, 7 May 2002 12:08:09 -0400",
            "isosent": "20020507160809",
            "name": "Mary Brady",
            "email": "brady@nist.gov",
            "subject": "Re: Testable assertion tagging for W3C specifications",
            "id": "002b01c1f5e1$619843a0$293b0681@sdct.nist.gov",
            "charset": "iso-8859-1",
            "inreplyto": "5.1.0.14.0.20020507061036.028bb378&#64;ncmail.datadirect-technologies.com",
            "expires": "-1",
            "to": " \"Paul Cotton\" <pcotton@microsoft.com>; \"Lofton Henderson\"\n",
            "cc": " <spec-prod@w3.org>; <w3c-query-editors@w3.org>; <www-qa@w3.org>\n"
        },
        {
            "body": "I know Karl has proposed (previous message in this thread) that thetest-driven development of OWL specifications means, by definition, thatyou pass the checkpoint we're talking about.Without addressing at that view, I'd like to look at this from a differentangle, starting with a clarification.  Again, these are my own views, asthe QAWG has not yet taken up the question(s) you raise.  (But will do soin a near-future telecon.)At 09:07 PM 1/6/04 +0000, Jeremy Carroll wrote:>[...]>Test GL:> >> [[> >> Checkpoint 1.3. Analyze the structure of the specification, partition> >> it as appropriate, and determine and document the testing approach to> >> be used for the test suite as a whole and for each partition.> >> [Priority 1]> >> ]]>>This checkpoint defines method - the testing approach is determined as a>result of analysing the specification.>That might not be what the QAWG intends but that is what the current WD>and editors draft both say.We have been trying to move away from defining the method or process, whichwas prevalent in the earliest drafts.  Instead, we are trying to state therequirements in terms of testable characteristics of the test suite (TS).Note that the normative content of CP1.3 is not in the statement quotedabove, but rather it is contained in the Conformance Requirements section:\"The scope, goal, and purpose of the test suite as a whole, and whereappropriate of each logical 'partition' of the test suite, and the mappingbetween such partitions and sections of the specification, must be[Note.  This WG-only draft is raw, and \"must\" should be read as \"MUST\" --i.e., that's a normative must above.]So we've improved the ConfReqs -- the only normative part of the checkpoint-- so they can now be read as testable conditions on a conformingconformance test suite.  [We should continue to align the CPs' statements,so they don't misleadingly suggest \"process\", and we should fiddle with thewording of the Rationale, for same reason.]You then said...>(So while the checkpoint above could be written more declaratively e.g.>\"There should be a systematic relationship between the organization of the>test suite and the sections of the specification\", this would still have>been a problem for RDF Core, in my view. Such a change, while an>improvement, does not go far enough to get my support).This is getting close to the ConfReqs for CP1.3, which are the normativeparts of the checkpoint.  Except notice that CP1.3 ConfReqs only requiresthat the relationship be documented, whatever it is, whereas your proposedrewording seems to require a systematic relationship.  (Since you said,\"still a problem\", I'm assuming that you're thinking that we intend torequire that the structures be parallel, isomorphic, or something likethat.  IMO, CP1.3 does not require that, but encourages its considerationby requiring documentation.)IMO, for the OWL TS to pass CP1.3 would be trivial, if indeed it doesn'talready pass (as Karl claims) -- it would be a small addition (not evennecessarily Normative), to the OWL TS document.  Maybe it's even alreadythere?  (I read the document, but don't remember all the details).In other words, while we think about such questions as whether the OWL TSis within scope of various QAF requirements, there is nothing about thetest-driven development process that would preclude simple passing of CP1.3.Notice also that I used \"conformance test suite\" above.  This plays intoyour later comment:>[...]>I tend to agree with Lofton's suggestion that the OWL and RDF TS are not>TS as envisaged by the QAF.It is my own view that \"Conformance TS\" is intended everywhere in QAF wheresimply \"TS\" is used (or almost everywhere).  This has been my own workingassumption all along.  The OWL TS document says, \"the OWL TS is not aconformance TS\".I know that some others in QAWG also have the same working assumption, that\"TS\" is synonymous with \"Conformance TS\".  It is strongly suggested inplaces in the QAF, e.g., in QAF Introduction.  If this were to turn out tobe the QAWG consensus (stay tuned about that), then the following might bemore a simple editorial issue (clarification of original intent) than asubstantive problem...>This problem is made worse by>>http://www.w3.org/TR/2003/CR-qaframe-ops-20030922/guidelines-chapter#Ck-TM-plans-in-charter>[[>for any Test Materials that it plans to produce or adopt, the WG MUST>define its commitment level to QA Framework: Test Guidelines -- A, AA, or AAA.>]]We (QAWG) plan to look at these questions soon.-Lofton.[1]",
            "docno": "lists-053-15892831",
            "received": "Wed Jan  7 09:46:17 2004",
            "isoreceived": "20040107144617",
            "sent": "Wed, 07 Jan 2004 07:45:55 -0700",
            "isosent": "20040107144555",
            "name": "Lofton Henderson",
            "email": "ofton@rockynet.com",
            "subject": "Re: RDF Core test driven development and QA Test Doc",
            "id": "entified and documented",
            "charset": "us-ascii",
            "inreplyto": "RDF Core test driven development and QA Test Doc",
            "expires": "-1",
            "to": " Jeremy Carroll<jjc@hpl.hp.com>\n",
            "cc": "w3c-rdfcore-wg@w3.org,www-qa-wg@w3.org,sandro@w3.org\n"
        },
        {
            "body": "One quick clarification (other comments may follow later)...At 10:39 PM 1/3/2004 +0100, Jeremy Carroll wrote:>Hi Brian>>concerning:>>Jeremy:> > >> > > In as much as the Test Guidelines and the QAF prohibit> > >  and/or obstruct this> > > behaviour>>Brian:> > Raised eyebrows!  This document is restrictive?  It is saying that a WG> > is not allowed to do something, rather than advising on good practice?>> From>>http://www.w3.org/TR/2003/WD-qaframe-test-20030516/#scope>[[>The scope of this specification is [...snip...]>]]This last-published WD is now badly out of date.  It does not incorporatethe results of two f2f meetings and some telecons.  The QAWG's currentthinking is reflected in the editors draft (linked from the Table of Seven[1] on QAWG home page):http://www.w3.org/QA/WG/2003/10/TestGL-20031020.htmlUnfortunately, the prose in the intro sections is not fleshed out in thiseditors draft.  However, notice in \"Concepts\" how some types of tests/testsuites are enumerated.  The QAWG has decided that the applicability of theguidelines and checkpoints for TestGL 1.0 will be limited to:  conformancetest suites.  \"Concepts\" will discuss other sorts of test suites, andmethodologies and uses for test cases.I don't think OWL pretends to have a conformance test suite.  It was partlyin response to your earlier comments that we made these refinements andrestrictions on applicability.We have no intention to \"prohibit and/or obstruct\" what you are doing.  Inmy view, what you are doing is outside of the scope of the normativecontent of TestGL 1.0.  (This is my view, and I'd invite other QAWGparticipants to comment.)Regards,-Lofton.P.S.  We are pushing to publish again soon, but that effort has beendiluted in the last few months by the effort around moving other parts ofQAF to CR.  Your message indicates that we should prioritize publishing anupdated WD.[1] http://www.w3.org/QA/WG/#docs",
            "docno": "lists-053-15788372",
            "received": "Sat Jan  3 19:16:49 2004",
            "isoreceived": "20040104001649",
            "sent": "Sat, 03 Jan 2004 17:08:17 -0700",
            "isosent": "20040104000817",
            "name": "Lofton Henderson",
            "email": "ofton@rockynet.com",
            "subject": "Re: RDF Core test driven development and QA Test Doc",
            "id": "5.1.0.14.2.20040103165035.03b28190@localhost",
            "charset": "us-ascii",
            "inreplyto": "200401032239.34221.jjc&#64;hpl.hp.com",
            "expires": "-1",
            "to": " Jeremy Carroll<jjc@hpl.hp.com>\n",
            "cc": "www-qa-wg@w3.org,w3c-rdfcore-wg@w3.org,sandro@w3.org\n"
        },
        {
            "body": "The message cannot be represented in 7-bit ASCII encoding and has been sent as a binary attachment.application/octet-stream attachment: message.zip",
            "docno": "lists-024-14448792",
            "received": "Wed Jan 28 17:04:21 2004",
            "isoreceived": "20040128220421",
            "sent": "Wed, 28 Jan 2004 16:04:20 -0500",
            "isosent": "20040128210420",
            "name": "lofton@rockynet.com",
            "email": "ofton@rockynet.com",
            "subject": "Hello",
            "id": "20040128220420.54F45A0AE7@frink.w3.org",
            "charset": "Windows-1252",
            "expires": "-1",
            "to": "public-ws-chor-comments@w3.org\n"
        },
        {
            "body": "At 10:37 PM 5/6/2002 -0400, Paul Cotton wrote:>Another technique is to have a separate test/conformance document that>points directly into a technical specification or quotes test from the>normative document.  For example, see the SOAP 1.2 test/conformance>document [1].>>[1] http://www.w3.org/2000/xp/Group/2/03/11/soap-1.2-conformance.htmlI like this. This allows someone else to work on the assertions withouthaving to share the source of the document.Also, I think the assertions in this document helped me understand what youare trying to accomplish. I think this is a good thing to do - particularlyif it leads to the development of a test suite.My instinct is to use a separate document, not to embed markup in thesource document, to allow work to be shared more equitably. Currently, onlyDon and I really edit the source fo the XQuery language document.Jonathan",
            "docno": "lists-030-11761346",
            "received": "Tue May  7 09:14:17 2002",
            "isoreceived": "20020507131417",
            "sent": "Tue, 07 May 2002 06:14:13 -0700",
            "isosent": "20020507131413",
            "name": "Jonathan Robie",
            "email": "jonathan.robie@datadirect-technologies.com",
            "subject": "RE: Testable assertion tagging for W3C specifications",
            "id": "5.1.0.14.0.20020507061036.028bb378@ncmail.datadirect-technologies.com",
            "charset": "us-ascii",
            "inreplyto": "E7AC4500EAB7A442ABA7521D18814397032F94CE&#64;tor-msg-01.northa merica.corp.microsoft.com",
            "expires": "-1",
            "to": "\"Paul Cotton\"<pcotton@microsoft.com>,\"Lofton Henderson\"<lofton@rockynet.com>,<scott_boag@us.ibm.com>\n",
            "cc": "<spec-prod@w3.org>,<w3c-query-editors@w3.org>,<www-qa@w3.org>\n"
        },
        {
            "body": "At 03:22 PM 3/8/02 +0900, Martin Duerst wrote:>I'm not sure I agree. Pubrules are hard and fast rules;>if you don't follow them, publication is rejected. It>should be kept as short as possible.Pubrules makes also reference to \"How to Write a W3C Technical Report\",http://www.w3.org/Guide/Reportswhich is considerably lengthier than pubrules itself.  It seems that thereference is normative -- \"Editors and Team contacts should consult 'How toWrite a W3C Technical Report' for detailed guidance.\" -- i.e., you have todo the stuff in \"../Reports\".  Is that correct?>The style guide is on a different level. It tries to help>editors, and contains many things that may be obvious to>people who are used to technical writing, and many things>that one could also do another way, and where it is good>to have some help, but if somebody has good reasons, they>should be able to do things somewhat differently. The>style guide is already long, and can get longer.It does do all of those things -- presenting lots of helpful information toeditors -- but it also gathers together (subsumes?) the stuff in\"../Reports\" and also (I think) much of pubrules.  In doing so, it gets ridof all of the \"@@\" incompletions, such as \"@@Not sure what this section isabout...\" and \"@@In development@@\" (in ../Reports), and is generally a morepolished document.So that is where the duplication is.  For my own (novice W3C editor) taste,the style guide is a nice reference for \"one stop shopping\" on editorial,pubrules, and style questions.  As Dom has pointed out, pubrules (and\"../Reports) is the definitive normative source.  But that doesn't mean wecouldn't evolve the style guide so that it had normative and informativesections, where the normative sections eventually replaced pubrules+Reports.Regards,-Lofton.>Regards,   Martin.>>At 09:56 02/03/01 -0500, Dominique Hazael-Massieux wrote:>>On Fri, Mar 01, 2002, Daniel Dardailler wrote:>> > I don't think it's a good idea to have both>> >   http://www.w3.org/Guide/pubrules>> > as a subset of>> >   http://www.w3.org/2001/06/manual/>> >>> > This duplication will lead to confusion.>> >>> > I think we should only carry forward the second one, the Manual of>> > Style, using a checkpoint layout with priorities 1, 2, 3 (much like>> > the WAI guidelines), and assign P1 to pubrules checkpoints, with a>> > policy enforcing level A.>>>>That looks a  very reasonnable proposal. We'll have to think about the>>process part of such a merge, since pubrules are a quite sensible>>subject (changes must be approved by the team, announced to the chairs).>>>>Dom>>-->>Dominique Haza$BuM(B-Massieux - http://www.w3.org/People/Dom/>>W3C's Webmaster>>mailto:dom@w3.org>",
            "docno": "lists-030-12293219",
            "received": "Fri Mar  8 11:07:43 2002",
            "isoreceived": "20020308160743",
            "sent": "Fri, 08 Mar 2002 09:09:20 -0700",
            "isosent": "20020308160920",
            "name": "Lofton Henderson",
            "email": "ofton@rockynet.com",
            "subject": "Re: Spec Guidelines",
            "id": "5.1.0.14.2.20020308085012.01dc9d50@rockynet.com",
            "charset": "us-ascii",
            "inreplyto": "4.2.0.58.J.20020308151919.026e9a20&#64;localhost",
            "expires": "-1",
            "to": " Martin Duerst<duerst@w3.org>, Dominique Hazael-Massieux<dom@w3.org>, Daniel Dardailler<danield@w3.org>\n",
            "cc": "spec-prod@w3.org,www-qa-wg@w3.org\n"
        },
        {
            "body": "Hello Bill,Thanks for your feedback...At 05:23 PM 11/1/00 +0000, Bill Haneman wrote:>I am having troubles with the BE tests when running from behind>a firewall with the crimson parser...>>It seems that crimson does not understand the ID in many/all of the>BE tests, which is>>------------- Begin Included Message ------------->><!DOCTYPE svg PUBLIC \"-//W3C//DTD SVG 20000303 Stylable//EN\" ^M>>\"http://www.w3.org/TR/2000/03/WD-SVG-20000303/DTD/svg-20000303-stylable.dtd\">^>>------------- End Included Message ------------->>In order to run behind a firewall I have to hack the doctype to>something like><!DOCTYPE svg PUBLIC \"-//W3C//DTD SVG 20000802//EN\">   \"http://www.w3.org/TR/2000/CR-SVG-20000802/DTD/svg-20000802.dtd\">>We always use the second form now.  In fact, after the next (pending)public SVG spec release, we will update the test suite, and the DOCTYPESwill be identical to the 2nd form except for 20000802 changed to 2000mmdd(mm and dd correctly designating the month and day of the document release).As I'm sure you are aware, any BE tests with the 20000303 form and datehave been superseded and replaced by newer versions, with the 20000802 formand date.  (I.e., 20000303 test versions should not be used now, unless youhave historical interest in the evolution of the SVG spec and test suite).>I thought you'd like to know...Yes, thanks.>it would be nice if the DOCTYPE in the BE tests>were one of those which crimson and xerces understood without trying to>contact the w3c server, since it can be quite messy/tedious to set up the>HTTP proxy for Java2...Be on the lookout for announcement of a new public spec release, andprobably not long thereafter, a new public release of the test suite.  Ifthere are still any problems, please let us know.Regards,Lofton*******************Lofton Henderson1919 Fourteenth St., #604Boulder, CO   80302Phone:  303-449-8728Email:  lofton@rockynet.com*******************",
            "docno": "lists-030-14641639",
            "received": "Wed Nov  1 13:36:51 2000",
            "isoreceived": "20001101183651",
            "sent": "Wed, 01 Nov 2000 11:38:47 -0700",
            "isosent": "20001101183847",
            "name": "Lofton Henderson",
            "email": "ofton@rockynet.com",
            "subject": "Re: DOCTYPE troubles when behind firewalls",
            "id": "4.3.2.7.2.20001101113035.02d33720@terminal.rockynet.com",
            "charset": "us-ascii",
            "inreplyto": "200011011723.RAA29642&#64;ireserver.Ireland.Sun.COM",
            "expires": "-1",
            "to": " Bill Haneman<Bill.Haneman@ireland.sun.com>\n",
            "cc": "svg-testsuite-comments@w3.org\n"
        },
        {
            "body": "Hi,Thanks for the opportunity to join the conformance/testing discussionyesterday.I had a look at the minutes, and there is one minor nit whose correctionmay help prevent confusion.  It is written:\"LH: For both XSLT WG and ...\"We're not talking about the W3C WG here.  It is actually the OASISXSLT/Xpath Conformance TC,http://www.oasis-open.org/committees/xslt/.Regards,-Lofton.",
            "docno": "lists-085-14555563",
            "received": "Wed Oct 24 12:10:05 2001",
            "isoreceived": "20011024161005",
            "sent": "Wed, 24 Oct 2001 10:10:03 -0600",
            "isosent": "20011024161003",
            "name": "Lofton Henderson",
            "email": "ofton@rockynet.com",
            "subject": "Re: minutes of 22-23 f2f meeting",
            "id": "4.3.2.7.2.20011024095839.02b85af0@terminal.rockynet.com",
            "charset": "us-ascii",
            "inreplyto": "minutes of 22-23 f2f meeting",
            "expires": "-1",
            "to": "\"Ian B. Jacobs\"<ij@w3.org>\n",
            "cc": "w3c-wai-ua@w3.org\n"
        },
        {
            "body": "Dimitris,There is a lot in this thread, and I think at the least that QAWG needs to\"mine\" the thread for specific issues (points of contention from pastmessages) that we should state as SpecGuide issues, and then resolve.I also believe that some of the goals that Scott originally stated areimmediately realizable, and possibly without too much added burden on speceditors.  The obvious realization is in xmlspec, but we should alsoconsider a less ambitious class-based markup scheme using XHTML (which ifproperly designed, could automatically be transformed [e.g., XSLT] later toxmlspec).To recap, I include Scott's goals with your replies, then your \"Road ahead\"proposal.  First the goals...At 10:48 PM 5/10/02 +0200, Dimitris Dimitriadis wrote:>[...]>General outline (in reply to Scott's original posting, parts of which are>pasted, my comments prefixed by [dd]):>>--->GOALS:>    Allow an external document (test case, erratum, email, etc.) to point>    directly at a \"testable\" normative sentence in a Recommendation.>>[dd] This would clearly simplify the task of, if we look at tests, knowing>which part in particualr is being tested, but requires structure and>issues tracking. This in turn implies that it may need to be an intra-W3C>\"standard\".>>    Encourage document editors to view some of the sentences as \"test>    assertions\" and to write them in a style that conveys precisely what>    they declare.>>[dd] Any disambiguation is welcome. However, there are issues with, as I>see it:>>1. Forcing specification authors to write in a particular markup (which>could be worth it, given the complexity they need to bea ble to master to>begin with to author a spec)>2. Different WG's will certainly have their own views on how the xmlspe,>for example, should be extended.>>    Explore possibilities for machine processing of testable sentences in>    the future.>>[dd] This is already being done in an embryo-stage way, more on how we>generate the DOM Test Suite markup language below. We have had positive>responses from this approach, as it treats the specification (the XML>version, actually) more normatively than just serving to produce the human>readable HTML output.>>    Link error assertions to error catalogues (see the work that Mike Kay is>    doing with the XSLT document: (>><http://www.w3.org/TR/xslt20/#error-summary>http://www.w3.org/TR/xslt20/#error-summary)).>>    Provide a tagging scheme for testing of grammatical statements, such as>    the ad-hoc one employed in the XPath/XQuery specifications.>    Possibly provide markup also for discretionary behavior.>>[dd] In general, I think the cost/benefit analysis woul end up with the>follwing (The QA activity, of course, tries to emphasize the benefits, and>for this and other reasons it is important that people out there raise>their voice at an early stage)>[...snip details...]And now to your proposed way forward...>Road ahead:>>1. We should find out how many use xmlspec, or anything like it, now. Here>group chairs could help greatly.>2. We should play around with the idea of creating an extension to xmlspec>(or write it from the beginning) to represent semantics and intended>behaviours (again, please include me in the loop)>3. Any interested party should read the QA Specification Guidelines>document, comments are very much appreciated.>4. The topic of whether the HTML version found on the web or the>(generated) XML  version is the normative one should perhaps be made>again, as following the idea that originating this thread will certainly>mean that the XML version takes precedence over any other version (when it>comes to specification interpretation)>5. Find a relevant forum for discussing this. the QA IG list has been>proposed, and I think it may be the right place for it, at least for now.It looks sensible to me.  I would add an item, to try to untangle thenumerous intermingled issues in this thread and enumerate a set of discreteissues (for the QAWG Issues List).Are you proposing to launch such a project, i.e., to initiate the firststeps?-Lofton.",
            "docno": "lists-030-11886053",
            "received": "Fri May 24 19:02:50 2002",
            "isoreceived": "20020524230250",
            "sent": "Fri, 24 May 2002 11:15:50 -0600",
            "isosent": "20020524171550",
            "name": "Lofton Henderson",
            "email": "ofton@rockynet.com",
            "subject": "Re: Testable assertion tagging for W3C specifications",
            "id": "5.1.0.14.2.20020524100932.0430d370@rockynet.com",
            "charset": "us-ascii",
            "inreplyto": "4E68E033-6457-11D6-9439-000393556882&#64;ontologicon.com",
            "expires": "-1",
            "to": " Dimitris Dimitriadis<dimitris@ontologicon.com>,scott_boag@us.ibm.com\n",
            "cc": "spec-prod@w3.org,w3c-query-editors@w3.org,www-qa@w3.org\n"
        },
        {
            "body": "-----BEGIN PGP SIGNED MESSAGE-----Hash: SHA1[ Message CCed to qa-dev ]Lofton Henderson <lofton@rockynet.com> wrote:>Let's see, I was at the end of a chain of several people, and used>jigedit to post this with Web Commander.  If it were somehow possible to>get a validation notification at time of posting (by Web Comm'dr, or>other tools), then that would relieve me of having to remember every>time, \"oh yeah, has anyone validated it yet?\".  It is that extra,>voluntary step in the workflow that is problematic.Hmmm. There seems to be two obvious solutions to this; enforce Validation ineither Web Commander[0] or the remote server at PUT time.I'm not sufficiently familiar with the setup at either end here to evaluatethe feasability of the two. Initially I'd say that since this is anenforcement of a publishing policy it belongs in the server and not the client(i.e. the \"authoring\" end), but that may run into practical problems with e.g.the round-robin setup or similar?Otherwise the obvious way to go about it would be a server plugin(module/filter for Apache) that enforces Valid content in PUT.If that is deemed infeasible, perhaps we could prevail on Henrik to add a POSTto validator.w3.org to Web Commander.[0] - I assume it's <http://www.w3.org/WinCom/> we're talking about here?- --My mom is a professional botanist, or, as her spousal equivalent describedit, they'll be out hiking in the woods, she'll see a plant off by the sideof the trail, run up to it, bend down, and start talking Latin at it.-- Steve VanDevender-----BEGIN PGP SIGNATURE-----Version: PGP SDK 3.0.2iQA/AwUBPtmql6PyPrIkdfXsEQJ6BgCfXjEOvcf7oWdCkR6NxobQyputqeQAoNPdCSJZKeJ+Nir1AHYeHm9n1qrG=ggIF-----END PGP SIGNATURE-----",
            "docno": "lists-017-12321531",
            "received": "Sun Jun  1 03:26:41 2003",
            "isoreceived": "20030601072641",
            "sent": "Sun,  1 Jun 2003 09:26:16 +0200",
            "isosent": "20030601072616",
            "name": "Terje Bless",
            "email": "nk@pobox.com",
            "subject": "Re: Dogfood... (was: MathML 2.0, second edition)",
            "id": "f02000001-102654E6F794940211D7B4BB0030657B83E8@[193.157.66.23]",
            "charset": "USASCII",
            "inreplyto": "5.1.0.14.2.20030530112241.02e24270&#64;rockynet.com",
            "expires": "1",
            "to": " W3C QA IG<www-qa@w3.org>\n",
            "cc": " Lofton Henderson<lofton@rockynet.com>, QA Dev<public-qa-dev@w3.org>\n"
        },
        {
            "body": "We already do some things to ensure consistency and correctness in ourdocuments.We use xmlspec, which gives us consistency in markup and formattingconventions. We use conventions for our markup that allow us to do queriesthat extract the queries from the use cases or the XQuery spec, so that wecan run them through a parser or test them against an implementation (thisdoes require some manual intervention). We generate a parser from the samemarkup that generates the productions for the grammar in our documents. Wehave a Formal Semantics document. All of these things result in realeffort, but we have decided that the quality gains associated with themjustify the effort.Can someone do a mockup of how automatic tagging of assertions would beused, the level of correctness that could be guaranteed from this approach,the extent to which this constrains editors in describing features, etc? Sofar, I have not heard anything concrete enough to let me assess thecost/benefit. I don't know the cost, and I don't know the benefit.Jonathan",
            "docno": "lists-030-11728674",
            "received": "Mon May  6 18:03:03 2002",
            "isoreceived": "20020506220303",
            "sent": "Mon, 06 May 2002 15:03:01 -0700",
            "isosent": "20020506220301",
            "name": "Jonathan Robie",
            "email": "jonathan.robie@datadirect-technologies.com",
            "subject": "Re: Testable assertion tagging for W3C specifications",
            "id": "5.1.0.14.0.20020506145710.0171cc68@ncmail.datadirect-technologies.com",
            "charset": "us-ascii",
            "inreplyto": "5.1.0.14.0.20020506143512.0171cc68&#64;ncmail.datadirect-techn ologies.com",
            "expires": "-1",
            "to": " Lofton Henderson<lofton@rockynet.com>,scott_boag@us.ibm.com\n",
            "cc": "spec-prod@w3.org,w3c-query-editors@w3.org,www-qa@w3.org\n"
        },
        {
            "body": "-----BEGIN PGP SIGNED MESSAGE-----Hash: SHA1[ Message CCed to qa-dev ]Lofton Henderson <lofton@rockynet.com> wrote:>Let's see, I was at the end of a chain of several people, and used>jigedit to post this with Web Commander.  If it were somehow possible to>get a validation notification at time of posting (by Web Comm'dr, or>other tools), then that would relieve me of having to remember every>time, \"oh yeah, has anyone validated it yet?\".  It is that extra,>voluntary step in the workflow that is problematic.Hmmm. There seems to be two obvious solutions to this; enforce Validation ineither Web Commander[0] or the remote server at PUT time.I'm not sufficiently familiar with the setup at either end here to evaluatethe feasability of the two. Initially I'd say that since this is anenforcement of a publishing policy it belongs in the server and not the client(i.e. the \"authoring\" end), but that may run into practical problems with e.g.the round-robin setup or similar?Otherwise the obvious way to go about it would be a server plugin(module/filter for Apache) that enforces Valid content in PUT.If that is deemed infeasible, perhaps we could prevail on Henrik to add a POSTto validator.w3.org to Web Commander.[0] - I assume it's <http://www.w3.org/WinCom/> we're talking about here?- --My mom is a professional botanist, or, as her spousal equivalent describedit, they'll be out hiking in the woods, she'll see a plant off by the sideof the trail, run up to it, bend down, and start talking Latin at it.-- Steve VanDevender-----BEGIN PGP SIGNATURE-----Version: PGP SDK 3.0.2iQA/AwUBPtmql6PyPrIkdfXsEQJ6BgCfXjEOvcf7oWdCkR6NxobQyputqeQAoNPdCSJZKeJ+Nir1AHYeHm9n1qrG=ggIF-----END PGP SIGNATURE-----",
            "docno": "lists-017-12312134",
            "received": "Sun Jun  1 03:26:41 2003",
            "isoreceived": "20030601072641",
            "sent": "Sun,  1 Jun 2003 09:26:16 +0200",
            "isosent": "20030601072616",
            "name": "Terje Bless",
            "email": "nk@pobox.com",
            "subject": "Re: Dogfood... (was: MathML 2.0, second edition)",
            "id": "1059641529.IAA22192@phantom.w3.org",
            "charset": "USASCII",
            "inreplyto": "5.1.0.14.2.20030530112241.02e24270&#64;rockynet.com",
            "expires": "1",
            "to": " W3C QA IG<www-qa@w3.org>\n",
            "cc": " Lofton Henderson<lofton@rockynet.com>, QA Dev<public-qa-dev@w3.org>\n"
        },
        {
            "body": "On Wed, 2002-03-13 at 11:38, Lofton Henderson wrote:[...]> Regarding http://www.w3.org/Guide/Reports[...]> \"The Webmaster must have confirmation from the Team contact that:>          1.The status section is novel and complete per the guidelines (per> April 1999 Chairs meeting)\">> where \"guidelines\" is a link to Reports#status (containing lots of> bold-face \"must\").  So the way I would read this is that at least the> Reports#status stuff is normative (the same #status stuff is in Manual of> Style, the apparent successor to \"Reports\").Yup... good catch.> I think this could all be simplified by merging the pieces together, with> clear indication of normative/informative status of the various bits.I still don't prefer that approach, but I agree it's not right as is.Hmm...--Dan Connolly, W3C http://www.w3.org/People/Connolly/",
            "docno": "lists-030-12418399",
            "received": "Wed Mar 20 17:31:23 2002",
            "isoreceived": "20020320223123",
            "sent": "20 Mar 2002 16:31:50 -0600",
            "isosent": "20020320223150",
            "name": "Dan Connolly",
            "email": "connolly@w3.org",
            "subject": "Re: Spec Guidelines",
            "id": "1016663511.26207.9.camel@dirk",
            "inreplyto": "5.1.0.14.2.20020312130532.03a48700&#64;rockynet.com",
            "expires": "-1",
            "to": " Lofton Henderson<lofton@rockynet.com>\n",
            "cc": " Martin Duerst<duerst@w3.org>,spec-prod@w3.org,www-qa-wg@w3.org\n"
        },
        {
            "body": "Lofton Henderson wrote:>> Ian,>> Excellent.  I'll try to get back with more detailed comments, but at first> glance, it looks like a really good example of some QA guidelines that we> will be documenting.Good!> Do you mind if we refer to it as an example, e.g., from draft framework> documents?Not at all. I look forward to comments and help on getting itinto machine-readable form.Thank you,- Ian--Ian Jacobs (ij@w3.org)   http://www.w3.org/People/JacobsTel:                     +1 718 260-9447",
            "docno": "lists-085-14638088",
            "received": "Thu Nov  1 10:04:50 2001",
            "isoreceived": "20011101150450",
            "sent": "Thu, 01 Nov 2001 10:02:11 -0500",
            "isosent": "20011101150211",
            "name": "Ian B. Jacobs",
            "email": "j@w3.org",
            "subject": "Re: Notes on discretionary behavior in User Agent   Accessibility   Guidelines   1.0",
            "id": "3BE163F3.DA32FFE@w3.org",
            "charset": "us-ascii",
            "inreplyto": "4.3.2.7.2.20011101075559.03d33ec0&#64;rockynet.com",
            "expires": "-1",
            "to": " Lofton Henderson<lofton@rockynet.com>\n",
            "cc": "www-qa@w3.org,w3c-wai-ua@w3.org\n"
        },
        {
            "body": "fyi, Tim Boland NIST>X-Sieve: CMU Sieve 2.2>X-Original-To: www-qa@listhub.w3.org>Delivered-To: www-qa@listhub.w3.org>X-Sender: lofton@rockynet.com>X-Mailer: QUALCOMM Windows Eudora Version 5.1>Date: Mon, 15 Mar 2004 17:01:33 -0700>To: www-qa@w3.org>From: Lofton Henderson <lofton@rockynet.com>>Subject: redesign of QA Framework>X-Archived-At:>http://www.w3.org/mid/5.1.0.14.2.20040315161542.027982b0@rockynet.com>Resent-From: www-qa@w3.org>X-Mailing-List: <www-qa@w3.org> archive/latest/1408>X-Loop: www-qa@w3.org>Sender: www-qa-request@w3.org>Resent-Sender: www-qa-request@w3.org>List-Id: <www-qa.w3.org>>List-Help: <http://www.w3.org/Mail/>>List-Unsubscribe: <mailto:www-qa-request@w3.org?subject=unsubscribe>>Resent-Date: Mon, 15 Mar 2004 18:58:40 -0500 (EST)>X-MailScanner:>X-MailScanner-SpamScore: s>X-MailScanner-From: www-qa-request@w3.org>>QA Interest Group -->>At our QAWG/IG face-to-face [1] during the Tech Plenary 2004, we have>decided on a complete remodeling of the QA Framework (QAF).  This follows>our trial implementation experiences during CR, as well as comments and>feedback from Working Groups and individuals.>>We have decided to go Lite and to redesign the whole QA Framework:>>* Ops Guidelines (combined with Introduction) will become a useful \"QA>Handbook\", to help chairs and staff contacts manage and organize their>WGs' quality practices.>* Spec Guidelines will have a diet and become lighter: Spec GL Lite [2]>* Test Guidelines will have a diet too and become lighter as well: Test GL>Lite [3]>>Our goals in this redesign are to:>>- reduce the size, complexity, and perceived burden on scarce resources of>the WGs;>- make QAF more useful and usable by including lots more practical tools>and examples;>- make the language simpler and clearer;>- synchronize the (Lite) QAF components at a common stage of usability and>maturity.>>The QAF documents will go back at the WD stage.  For this next phase, we>will use the QA wiki [4] as a participation tool for other WGs or external>people to participate and suggest tools or needs.  We hope this will give>more ongoing review and feedback, between our publishing milestones.>>In retrospect, the theoretical work that we have developed around the QAF>in the past two years has nailed down a lot of important issues.   It>should provide a solid foundation for the new, lighter-weight QAF.  The>challenge now is to combine the best of that into \"A Kinder, Gentler QA>Framework\", as it was described [5] at Technical Plenary.>>Regards,>-Lofton>(for QAWG)>>[1] http://www.w3.org/QA/2004/03/f2f>[2] http://lists.w3.org/Archives/Public/www-qa-wg/2004Mar/0028>[3] http://lists.w3.org/Archives/Public/www-qa-wg/2004Mar/0015>[4] http://esw.w3.org/topic/QaFramework>[5] http://www.w3.org/2004/Talks/tp2004-test-pc/",
            "docno": "lists-060-6695132",
            "received": "Tue Mar 16 09:03:24 2004",
            "isoreceived": "20040316140324",
            "sent": "Tue, 16 Mar 2004 09:02:12 -0500",
            "isosent": "20040316140212",
            "name": "Tim Boland",
            "email": "frederick.boland@nist.gov",
            "subject": "Fwd: redesign of QA Framework",
            "id": "5.1.1.5.2.20040316090156.00afdbc8@mailserver.nist.gov",
            "charset": "us-ascii",
            "expires": "-1",
            "to": "w3c-wai-au@w3.org\n"
        },
        {
            "body": "fyi, Tim Boland NIST>X-Sieve: CMU Sieve 2.2>X-Original-To: www-qa@listhub.w3.org>Delivered-To: www-qa@listhub.w3.org>X-Sender: lofton@rockynet.com>X-Mailer: QUALCOMM Windows Eudora Version 5.1>Date: Mon, 15 Mar 2004 17:01:33 -0700>To: www-qa@w3.org>From: Lofton Henderson <lofton@rockynet.com>>Subject: redesign of QA Framework>X-Archived-At:>http://www.w3.org/mid/5.1.0.14.2.20040315161542.027982b0@rockynet.com>Resent-From: www-qa@w3.org>X-Mailing-List: <www-qa@w3.org> archive/latest/1408>X-Loop: www-qa@w3.org>Sender: www-qa-request@w3.org>Resent-Sender: www-qa-request@w3.org>List-Id: <www-qa.w3.org>>List-Help: <http://www.w3.org/Mail/>>List-Unsubscribe: <mailto:www-qa-request@w3.org?subject=unsubscribe>>Resent-Date: Mon, 15 Mar 2004 18:58:40 -0500 (EST)>X-MailScanner:>X-MailScanner-SpamScore: s>X-MailScanner-From: www-qa-request@w3.org>>QA Interest Group -->>At our QAWG/IG face-to-face [1] during the Tech Plenary 2004, we have>decided on a complete remodeling of the QA Framework (QAF).  This follows>our trial implementation experiences during CR, as well as comments and>feedback from Working Groups and individuals.>>We have decided to go Lite and to redesign the whole QA Framework:>>* Ops Guidelines (combined with Introduction) will become a useful \"QA>Handbook\", to help chairs and staff contacts manage and organize their>WGs' quality practices.>* Spec Guidelines will have a diet and become lighter: Spec GL Lite [2]>* Test Guidelines will have a diet too and become lighter as well: Test GL>Lite [3]>>Our goals in this redesign are to:>>- reduce the size, complexity, and perceived burden on scarce resources of>the WGs;>- make QAF more useful and usable by including lots more practical tools>and examples;>- make the language simpler and clearer;>- synchronize the (Lite) QAF components at a common stage of usability and>maturity.>>The QAF documents will go back at the WD stage.  For this next phase, we>will use the QA wiki [4] as a participation tool for other WGs or external>people to participate and suggest tools or needs.  We hope this will give>more ongoing review and feedback, between our publishing milestones.>>In retrospect, the theoretical work that we have developed around the QAF>in the past two years has nailed down a lot of important issues.   It>should provide a solid foundation for the new, lighter-weight QAF.  The>challenge now is to combine the best of that into \"A Kinder, Gentler QA>Framework\", as it was described [5] at Technical Plenary.>>Regards,>-Lofton>(for QAWG)>>[1] http://www.w3.org/QA/2004/03/f2f>[2] http://lists.w3.org/Archives/Public/www-qa-wg/2004Mar/0028>[3] http://lists.w3.org/Archives/Public/www-qa-wg/2004Mar/0015>[4] http://esw.w3.org/topic/QaFramework>[5] http://www.w3.org/2004/Talks/tp2004-test-pc/",
            "docno": "lists-072-9171492",
            "received": "Tue Mar 16 09:06:43 2004",
            "isoreceived": "20040316140643",
            "sent": "Tue, 16 Mar 2004 09:02:37 -0500",
            "isosent": "20040316140237",
            "name": "Tim Boland",
            "email": "frederick.boland@nist.gov",
            "subject": "Fwd: redesign of QA Framework",
            "id": "5.1.1.5.2.20040316090220.00afda30@mailserver.nist.gov",
            "charset": "us-ascii",
            "expires": "-1",
            "to": "w3c-wai-gl@w3.org\n"
        },
        {
            "body": "Thanks for the clarification.  From a functional stand point is there anyproblem borrowing some of their work for our purposes?Thanks,jonOn Wed, 24 Oct 2001, Lofton Henderson wrote:> Hi,>> Thanks for the opportunity to join the conformance/testing discussion> yesterday.>> I had a look at the minutes, and there is one minor nit whose correction> may help prevent confusion.  It is written:>> \"LH: For both XSLT WG and ...\">> We're not talking about the W3C WG here.  It is actually the OASIS> XSLT/Xpath Conformance TC,>> http://www.oasis-open.org/committees/xslt/.>> Regards,> -Lofton.>>>",
            "docno": "lists-085-14563715",
            "received": "Wed Oct 24 13:21:31 2001",
            "isoreceived": "20011024172131",
            "sent": "Wed, 24 Oct 2001 12:21:23 -0500 (CDT)",
            "isosent": "20011024172123",
            "name": "Jon Gunderson",
            "email": "jongund@uiuc.edu",
            "subject": "Re: minutes of 22-23 f2f meeting",
            "id": "Pine.GSO.4.31.0110241220330.6578-100000@staff1.cso.uiuc.edu",
            "charset": "US-ASCII",
            "inreplyto": "4.3.2.7.2.20011024095839.02b85af0&#64;terminal.rockynet.com",
            "expires": "-1",
            "to": " Lofton Henderson<lofton@rockynet.com>\n",
            "cc": "\"Ian B. Jacobs\"<ij@w3.org>,<w3c-wai-ua@w3.org>\n"
        },
        {
            "body": ">I don't know the cost, and I don't know the benefit.Another technique is to have a separate test/conformance document thatpoints directly into a technical specification or quotes test from thenormative document.  For example, see the SOAP 1.2 test/conformancedocument [1].[1] http://www.w3.org/2000/xp/Group/2/03/11/soap-1.2-conformance.htmlPaul Cotton, Microsoft Canada17 Eleanor Drive, Nepean, Ontario K2E 6A3Tel: (613) 225-5445 Fax: (425) 936-7329<mailto:pcotton@microsoft.com>> -----Original Message-----> From: Jonathan Robie[mailto:jonathan.robie@datadirect-technologies.com]> Sent: Monday, May 06, 2002 6:03 PM> To: Lofton Henderson; scott_boag@us.ibm.com> Cc: spec-prod@w3.org; w3c-query-editors@w3.org; www-qa@w3.org> Subject: Re: Testable assertion tagging for W3C specifications>> We already do some things to ensure consistency and correctness in our> documents.>> We use xmlspec, which gives us consistency in markup and formatting> conventions. We use conventions for our markup that allow us to doqueries> that extract the queries from the use cases or the XQuery spec, sothat we> can run them through a parser or test them against an implementation(this> does require some manual intervention). We generate a parser from thesame> markup that generates the productions for the grammar in ourdocuments. We> have a Formal Semantics document. All of these things result in real> effort, but we have decided that the quality gains associated withthem> justify the effort.>> Can someone do a mockup of how automatic tagging of assertions wouldbe> used, the level of correctness that could be guaranteed from this> approach,> the extent to which this constrains editors in describing features,etc?> So> far, I have not heard anything concrete enough to let me assess the> cost/benefit. I don't know the cost, and I don't know the benefit.>> Jonathan",
            "docno": "lists-030-11738704",
            "received": "Mon May  6 22:38:29 2002",
            "isoreceived": "20020507023829",
            "sent": "Mon, 6 May 2002 22:37:55 -0400",
            "isosent": "20020507023755",
            "name": "Paul Cotton",
            "email": "pcotton@microsoft.com",
            "subject": "RE: Testable assertion tagging for W3C specifications",
            "id": "E7AC4500EAB7A442ABA7521D18814397032F94CE@tor-msg-01.northamerica.corp.microsoft.com",
            "charset": "us-ascii",
            "inreplyto": "Testable assertion tagging for W3C specifications",
            "expires": "-1",
            "to": "\"Jonathan Robie\"<jonathan.robie@datadirect-technologies.com>,\"Lofton Henderson\"<lofton@rockynet.com>,<scott_boag@us.ibm.com>\n",
            "cc": "<spec-prod@w3.org>,<w3c-query-editors@w3.org>,<www-qa@w3.org>\n"
        }
    ]
}