{
    "id": "candidate-0569",
    "name": "Gottfried Zimmermann",
    "gender": "MALE",
    "email": "gzimmermann@acm.org",
    "mails": [
        {
            "body": "The 7th European Conference for the Advancement of Assistive Technology(AAATE 2003) was Aug 31 - Sep 3 this year in Dublin.  There was one sessionon AAC which had interesting links to the semantic web and also to Lisa'swhitepaper on natural language usage, so i thought it's worth sharing someof the content with you.  Sorry it took me so long to get back with this toyou.Particularly there were two interesting presentations:(1) Improving Access to the Internet Within the AAC CommunityDavid Poulson, Colette NicolleLoughborough UniversityUKThe EU WWAAC (World Wide Augmentative and Alternative Communication) project(www.wwaac.org) is contributing to the development of WCAG 2.0.  They havean adapted Web browser that supports symbol and verbal languagerepresentations.  They are also working on \"concept coding\", a mechanism totransfer semantic codes that can be represented in symbol alphabets.  Anabstract of the paper is available athttp://www.atireland.ie/aaate/php/article.php?article=141&event=48.(2) People using Graphic Symbol based Augmentative and AlternativeCommunication and the Internet: Guidelines and Tools for Supporting SymbolConversation in Web Browsing and EmailLundalv, M. Lysley, A. Clarke,M.DART, SwedenConcept coding tools are existing that facilitate email exchange between anEnglish PCS user and a Swedish Bliss user, for example.  Works with verballanguages too, if using a constraint vocabulary that is analogous to thesymbol sets.  The Concept Coding Framework (CCF) aims to link existingconcept coding tools to Web based semantic approaches.  It will start withlinking AAC vocabularies, and the \"Voice of America\" (VOA) Special EnglishWord Book (1500 words), to Kaon WordNet using RDF.  XPointer technology willbe used to tag any word of a given document.  Information on the VOA SpecialEnglish and its Word Book can be found athttp://www.voanews.com/specialenglish/.  An abstract of the AAATE 2003 paperis available athttp://www.atireland.ie/aaate/php/article.php?article=62&event=48.Gottfried___________________________________________________Dr. Gottfried ZimmermannICT Accessibility ArchitectAccess Technologies Group, Germanyhttp://www.accesstechnologiesgroup.comPhone +49 7121 790806___________________________________________________",
            "docno": "lists-091-15618544",
            "received": "Wed Oct 29 13:46:56 2003",
            "isoreceived": "20031029184656",
            "sent": "Wed, 29 Oct 2003 19:46:52 +0100",
            "isosent": "20031029184652",
            "name": "Gottfried Zimmermann",
            "email": "gzimmermann@acm.org",
            "subject": "Concept coding projects at AAATE 2003 session",
            "id": "001501c39e4d$0542cc40$c700a8c0@ThinkPadR40",
            "charset": "US-ASCII",
            "expires": "-1",
            "to": "<wai-xtech@w3.org>\n"
        }
    ]
}