{
    "id": "candidate-0627",
    "name": "Duncan Johnston-Watt",
    "gender": "MALE",
    "email": "duncan@enigmatec.net",
    "mails": [
        {
            "body": "Not sure that this is Choreography as we know it. Also not sure what\"multiple points of contact\" really means.Any ideas? Is this yet more marketecture?CheersSteve TBegin forwarded message:> From: \"Michael Paull\" <michael@enigmatec.net>> Date: Wed Sep 17, 2003  9:47:35  am Europe/London> To: \"'Duncan Johnston Watt'\" <duncan@enigmatec.net>, \"'Steve> Ross-Talbot'\" <steve@enigmatec.net>> Subject: fyi>>>> ?>>>> ?>>>> ?>> ?>> ?>text/html attachment: storedtext/html attachment: storedtext/html attachment: storedtext/ignore attachment: SecurityCheck.txt",
            "docno": "lists-026-9376525",
            "received": "Wed Sep 17 12:02:58 2003",
            "isoreceived": "20030917160258",
            "sent": "Wed, 17 Sep 2003 17:02:32 +0100",
            "isosent": "20030917160232",
            "name": "Steve Ross-Talbot",
            "email": "steve@enigmatec.net",
            "subject": "Fwd: fyi",
            "id": "58CC725A-E928-11D7-A828-000393D13C9A@enigmatec.net",
            "charset": "US-ASCII",
            "expires": "-1",
            "to": "public-ws-chor@w3.org\n"
        },
        {
            "body": "http://www.bbc.co.uk/radio4/science/thematerialworld.shtmlWell done Jim!Caught you in my car on the way home.CheersSteve T",
            "docno": "lists-026-10425228",
            "received": "Thu Apr 29 12:58:50 2004",
            "isoreceived": "20040429165850",
            "sent": "Thu, 29 Apr 2004 18:00:50 +0100",
            "isosent": "20040429170050",
            "name": "Steve Ross-Talbot",
            "email": "steve@enigmatec.net",
            "subject": "Jim's 30 Radio 4 thingy on the Semantic Web",
            "id": "C4561B31-99FE-11D8-9B97-000393D13C9A@enigmatec.net",
            "charset": "US-ASCII",
            "expires": "-1",
            "cc": " Duncan Johnston-Watt<duncan@enigmatec.net>,\"G.R. Wagner\"<G.R.Wagner@tm.tue.nl>, Harold Boley<boley@informatik.uni-kl.de>, WS-Choreography List<public-ws-chor@w3.org>, Said Tabet<stabet@comcast.net>\n",
            "to": " Janet Daly<janet@w3.org>, Jim Hendler<hendler@cs.umd.edu>\n"
        }
    ]
}