{
    "id": "candidate-0573",
    "name": "Donald Deutsch",
    "gender": "MALE",
    "email": "donald.deutsch@oracle.com",
    "mails": [
        {
            "body": "I, Donald R. Deutsch, AC Representative for Oracle Corporation herebyapprove Ken Kipnes participation in the WAI Web Content Guidelines WorkingGroup.========================Request to JoinTo join the WAI Web Content Guidelines Working Group, send the informationrequested below to<mailto:gv@trace.wisc.edu>gv@trace.wisc.<mailto:gv@trace.wisc.edu>edu,<mailto:jasonw@ariel.ucs.unimelb.edu.au>jasonw@ariel.ucs.unimelb.edu<mailto:jasonw@ariel.ucs.unimelb.edu.au>.auand <mailto:wendy@w3.org>wendy<mailto:wendy@w3.org>@w3.org, and cc<mailto:w3c-wai-gl@w3.org>w3c-wai-gl<mailto:w3c-wai-gl@w3.org>@w3.org. Ifyou work for a W3C Member organization, cc your your AC Rep as well. Usethe subject \"Request to Join\".Given Name:  KenFamily Name:  KipnesEmailAddress:<mailto:Ken.Kipnes@oracle.com>Ken.Kipnes<mailto:Ken.Kipnes@oracle.com>@oracle.<mailto:Ken.Kipnes@oracle.com>comEmployer / Organization: OracleIndicate whether your organization is a W3C Member: Yes (AC Rep: Don Deutsch)Area of interest: (Non W3C members please state area of expertise)[ ] develop Web content on a regular basis,[X ] work with people with disabilities who use the Web,[ ] have a disability and regularly use the Web,[ X] instruct people on developing [Accessible] Web content,[ X]or have general usability, development, or accessibility knowledge[ X] I have read the WC Guidelines Working Group Charter and agree to theparticipation criteria therein (please indicate the revision date of thecharter, e.g., 2000/01/21). 2000/11/27<http://www.w3.org/WAI/GL/new-charter-2000.html>http://www.w3.org/WAI/GL/new-charter-2000.htmlIntellectual Property Rights (check one):[ X] To the best of my knowledge, I believe my organization does not haveany IPR claims regarding guidelines for the accessibility of Web content.[ ] To the best of my knowledge, I believe my organization has thefollowing IPR claims regarding guidelines for the accessibility of Webcontent. (Please specify)============================================================Dr. Donald R. Deutsch, Vice President    PHONE (650)506-2275Standards Strategy and Architecture        FAX (650)506-7218Oracle Corporation                        CELL (650)303-7096500 Oracle Parkway, 5op3                  HOME (650)726-9562Redwood Shores, CA 94065 USA       donald.deutsch@oracle.com============================================================",
            "docno": "lists-070-10328302",
            "received": "Fri Nov  1 20:05:53 2002",
            "isoreceived": "20021102010553",
            "sent": "Fri, 01 Nov 2002 20:16:23 -0500",
            "isosent": "20021102011623",
            "name": "by way of Wendy A Chisholm",
            "email": "donald.deutsch@oracle.com",
            "subject": "Request to Join",
            "id": "5.1.0.14.2.20021101201543.02438920@localhost",
            "charset": "us-ascii",
            "expires": "-1",
            "to": "w3c-wai-gl@w3.org\n"
        },
        {
            "body": "I, Donald R. Deutsch, AC Representative for Oracle Corporation herebyapprove Ken Kipnes participation in the WAI Web Content Guidelines WorkingGroup.========================Request to JoinTo join the WAI Web Content Guidelines Working Group, send the informationrequested below to<mailto:gv@trace.wisc.edu>gv@trace.wisc.<mailto:gv@trace.wisc.edu>edu,<mailto:jasonw@ariel.ucs.unimelb.edu.au>jasonw@ariel.ucs.unimelb.edu<mailto:jasonw@ariel.ucs.unimelb.edu.au>.au and<mailto:wendy@w3.org>wendy<mailto:wendy@w3.org>@w3.org, and cc<mailto:w3c-wai-gl@w3.org>w3c-wai-gl<mailto:w3c-wai-gl@w3.org>@w3.org. Ifyou work for a W3C Member organization, cc your your AC Rep as well. Usethe subject \"Request to Join\".Given Name:  KenFamily Name:  KipnesEmailAddress:<mailto:Ken.Kipnes@oracle.com>Ken.Kipnes<mailto:Ken.Kipnes@oracle.com>@oracle.comOffice Telephone Number: (603)897-3123Employer / Organization: OracleIndicate whether your organization is a W3C Member: Yes (AC Rep: Don Deutsch)Area of interest: (Non W3C members please state area of expertise)[ ] develop Web content on a regular basis,[X ] work with people with disabilities who use the Web,[ ] have a disability and regularly use the Web,[ X] instruct people on developing [Accessible] Web content,[ X]or have general usability, development, or accessibility knowledge[ X] I have read the WC Guidelines Working Group Charter and agree to theparticipation criteria therein (please indicate the revision date of thecharter, e.g., 2000/01/21). 2000/11/27<http://www.w3.org/WAI/GL/new-charter-2000.html>http://www.w3.org/WAI/GL/new-charter-2000.<http://www.w3.org/WAI/GL/new-charter-2000.html>htmlIntellectual Property Rights (check one):[ X] To the best of my knowledge, I believe my organization does not haveany IPR claims regarding guidelines for the accessibility of Web content.[ ] To the best of my knowledge, I believe my organization has thefollowing IPR claims regarding guidelines for the accessibility of Webcontent. (Please specify)============================================================Dr. Donald R. Deutsch, Vice President    PHONE (650)506-2275Standards Strategy and Architecture        FAX (650)506-7218Oracle Corporation                        CELL (650)303-7096500 Oracle Parkway, 5op3                  HOME (650)726-9562Redwood Shores, CA 94065 USA       donald.deutsch@oracle.com============================================================",
            "docno": "lists-070-9963082",
            "received": "Wed Oct 30 22:30:49 2002",
            "isoreceived": "20021031033049",
            "sent": "Wed, 30 Oct 2002 19:26:07 -0800",
            "isosent": "20021031032607",
            "name": "Don Deutsch",
            "email": "donald.deutsch@oracle.com",
            "subject": "Request to Join",
            "id": "4.2.0.58.20021030192212.01e18f00@gmmail.oraclecorp.com",
            "charset": "us-ascii",
            "expires": "-1",
            "to": "<gv@trace.wisc.edu>,<jasonw@ariel.ucs.unimelb.edu.au>,<wendy@w3.org>\n",
            "cc": "\"Don Deutsch\"<donald.deutsch@oracle.com>,<w3c-wai-gl@w3.org>,\"ken@work\"<ken.kipnes@oracle.com>,\"Connie Myers\"<connie.myers@oracle.com>,\"Roy   Swonger\"<Roy.Swonger@oracle.com>,\"Edna Elle\"<edna.elle@oracle.com>\n"
        }
    ]
}