{
    "id": "candidate-0550",
    "name": "Angel Diaz",
    "gender": "MALE",
    "email": "aldiaz@us.ibm.com",
    "mails": [
        {
            "body": "Dear Chairs,On behalf of the User Agent Guidelines Working Group [1], I ampleased to announce the publication of the \"User AgentAccessibility Guidelines 1.0\" Last Call Working Draft.The document address is:http://www.w3.org/TR/1999/WD-WAI-USERAGENT-19991105The Last Call review period will end 1 December 1999. Pleasesend review comments before that date to w3c-wai-ua@w3.org (archivesavailable at [2]).At their 3 November 1999 teleconference [3], the User Agent GuidelinesWorking Group decided to move the UA Guidelines to Last Call. Bymoving to last call, the Working Group asserts that ithas met the requirement of its charter [7] \"to complete thedevelopment of user agent accessibility guidelines addressingaccessibility of graphical, voice, and text browsers, multimediaplayers, and third-party assistive technologies which work inconjunction with browsers and multimedia players.\"The Working Group has also published a \"Techniques Document\" thatexplains different ways to satisfy the requirements of the Guidelines.Comments on this document are also welcome, although it is notin Last Call. The Working Group does not anticipate movingthe Techniques Document to Recommendation. When and if theGuidelines become a Recommendation, the Techniques Document willbecome a W3C Note. The Techniques Document published at thesame time as the Last Call Guidelines is:http://www.w3.org/TR/1999/WD-WAI-USERAGENT-TECHS-19991105The list of changes to the Guidelines [8] and the WG's issueslist [9] are available on the Web.QUESTIONS AND ISSUESIn your review, please consider the following questions and issues:1) Do you understand the Guidelines and Checkpoints or do they needclarification?2) Do you find the documents (Guidelines and Techniques) themselvesusable? Can you find what you are looking for?3) Two checkpoints [numbers here] require user agents to makeavailable to users information about the current inputconfiguration (e.g., keyboard input). These checkpointshave been assigned different priorities: Priority 1 foruser-specified configuration and Priority 2 forauthor-specified configuration (e.g., access keys). The WorkingGroup did not reach consensus on whether these two checkpointsshould be merged into a single checkpoint, and what the priorityof such a checkpoint would be.4) Checkpoint 6.1 (Priority 1) asks user agents to implement theaccessibility features of supported specifications.In the Authoring Tool Guidelines Proposed Recommendation,checkpoints that refer tocontent accessibility do so by \"Relative Priority\". This means thatthe priority of the checkpoint in the UAGL depends on how muchyou wish to conform to the Web Content Accessibility Guidelines[6]. There has been a suggestion to make 6.1 a checkpoint witha Relative Priority rather than Priority 1. The Working Groupdid not reach consensus on whether the burden of doing so(complicating the priority definition) outweighed the benefitof consistency among the three sets of Guidelines. Also, it isnot clear that a Priority 3 requirement in WCAG would always bea Priority 3 requirement in UAGL (i.e., it may be more importantto implement   a feature than for the author to supply it).Comments on the proposal to make 6.1 a Relative Prioritycheckpoint are welcome.DEPENDENCIES AND REVIEWThe Working Group thanks all who have contributed to theGuidelines and Techniques document. The Working Group alsothanks in advance those people who have committedto reviewing [4] the Last Call Working Draft:1.Jim Fruchterman2.Doug Geoffray3.Ben Wiess4.T.V. Raman5.Fraser Shein6.Bryan Campbell7.Peter Korn8.Lakespur Roca9.Earl Johnson10.Mike Paciello11.Janina Sajka12.Liam Quinn13.Eric Freese14.George Madaus15.John Gardner16.Gregg Vanderheiden17.Markku T. Hakkinen18.Geoff Freed19.Patrick Sheehan20.Richard Primack21.H?kon Wium Lie22.Chuck HitchcockAll Group Chairs are also invited to send their comments tothe above address.The Working Group has identified dependencies with the following W3CWorking Groups and requests review from them. Even if reviewis not possible, we request that the Chairs listed belowannounce their review intentions to w3c-wai-ua (a public mailing list).1) WAI Protocols & Formats WGCo-Chairs: Al Gilman and Daniel DardaillerUAWG provides input on accessibility requirements with regard toW3C technologies for which PFWG manages dependencies.2) WAI Web Content Accessibility Guidelines WGCo-Chairs: Chuck Letourneau and Gregg Vanderheiden (Trace)UAWG ensures that the \"until user agent\" clauses inWCAG are addressed by user agents.3) WAI Authoring Tool Guidelines WGChair: Jutta Treviranus (U of Toronto)UAWG coordinates on common component of user interfaceaccessibility.4) WAI Education & Outreach WGChair: Judy Brewer (W3C)EOWG will assist in promoting awareness and implementation ofUser Agent Accessibility Guidelines.5) CSS/FP WGChair: Chris Lilley (W3C)UAWG will provide input on accessibility requirements in CSS.6) DOM WGChair: Lauren Wood (Softquad)UAWG will provide input on accessibility requirements for DOM.7) HTML WGChair: Steven Pemberton (CWI)UAWG will provide input on potential improvementsto XHTML accessibility features.8) Mobile Access IGChair: Tatsuya Hagino (W3C)UAWG and Mobile Access IG will coordinate to ensure consistentapproaches on guidelines development and on CC/PP.9) MathML WGCo-Chairs: Patrick Ion (AMS) and Angel Diaz (IBM)UAWG will provide input on accessibility requirements for MathML.10) SYMM WGChair: Thierry Michel (W3C)UAWG will provide input on accessibility requirements in SMIL.11) Voice Browser WGChair: Tomasz Imielinski (Rutgers U)UAWG will provide input on accessibility requirements inVoice Browsing.Thank you,- Ian Jacobs[1] http://www.w3.org/WAI/UA/[2] http://lists.w3.org/Archives/Public/w3c-wai-ua/[3] http://lists.w3.org/Archives/Public/w3c-wai-ua/1999OctDec/0244.html[4] http://www.w3.org/WAI/UA/1999/10/reviewers-last-call[5] http://www.w3.org/TR/1999/PR-WAI-AUTOOLS-19991026[6] http://www.w3.org/TR/WAI-WEBCONTENT[7] http://www.w3.org/WAI/UA/wai-ua-charter[8] http://www.w3.org/WAI/UA/wai-ua-wd-changes.html[9] http://cmos-eng.rehab.uiuc.edu/ua-issues/issues-linear.html--Ian Jacobs (jacobs@w3.org)   http://www.w3.org/People/JacobsTel/Fax:                     +1 212 684-1814Cell:                        +1 917 450-8783",
            "docno": "lists-075-3056239",
            "received": "Fri Nov  5 19:22:32 1999",
            "isoreceived": "19991106002232",
            "sent": "Fri, 05 Nov 1999 19:21:11 -0500",
            "isosent": "19991106002111",
            "name": "Ian Jacobs",
            "email": "j@w3.org",
            "subject": "Last Call review of User Agent Accessibility Guidelines 1.0",
            "id": "38237477.360A8261@w3.org",
            "charset": "iso-8859-1",
            "expires": "-1",
            "to": "chairs@w3.org,w3c-wai-ua@w3.org,w3c-wai-cg@w3.org,w3c-wai-ig@w3.org,jim@arkenstone.org,geoffray@gwmicro.com,bweiss@aisquared.co,tvraman@us.ibm.com,Fraser_shein@msn.com,bryany@pathcom.com,Peter.Korn@Eng.Sun.COM,lake@netscape.com,Earl.Johnson@Eng.Sun.COM,paciello@pop.ma.ultranet.com,janina@afb.net,liam@htmlhelp.com,efreese@datafoundry.com,madaus@real.com,john.gardner@orst.edu,gv@trace.wisc.edu,dd@w3.org,jbrewer@w3.org,hakkinen@prodworks.com,geoff_freed@wgbh.org,pat.sheehan@mail.va.gov,richardp@akamail.com,howcome@opera.com,chitchcock@cast.org,cwilso@MICROSOFT.com,Barrys@conversa.com,chong99@concentric.net,pyoung@ix.netcom.com,cs@ics.forth.gr,acantor@interlog.com,jdix@loc.gov,ralph@fsc.fujitsu.com,Bill.Smith@Eng.Sun.COM,kweide@tezcat.com,buttles@wsb.champlain.edu,burke@ucla.edu,kford@teleport.com,timichel@w3.org,hagino@w3.org,lboyer@us.ibm.com,steven.pemberton@cwi.nl,imielins@cs.rutgers.edu,ion@math.ams.org,aldiaz@us.ibm.com,steve_anderson@dragonsys.com,mzajicek@brookes.ac.uk,jutta.treviranus@utoronto.ca,clilley@w3.org,lauren@softquad.com,w3c-@w3.org,asgilman@access.digex.net,cpl@starlingweb.com\n"
        },
        {
            "body": "WAI EOWG:Reminder: the Web Content Accessibility Guidelines are in Last Call, whichcloses soon.At our meeting this Friday March 12, I would like to discuss and close onWAI EOWG feedback to the Guidelines Working Group.Please review the document at<http://www.w3.org/TR/1999/WD-WAI-PAGEAUTH-19990226/> thoroughly, from ourperspective as an education/outreach group, before the EOWG call, and beprepared to discuss it as an agenda item at this Friday's meeting.Better yet, someone could start some discussion on the list in advance...?Thanks,Judy>Date: Mon, 01 Mar 1999 11:11:42 -0500>To: w3c-wai-eo>From: Judy Brewer <jbrewer@w3.org>>Subject: LAST CALL: Web Content Accessibility Guidelines>>To: WAI Education & Outreach Working Group>>LAST CALL: Web Content Accessibility Guidelines>>Please note that the Web Content Accessibility Guidelines have now entered\"Last Call\" status. Within W3C, \"Last Call\" status signifies a final reviewperiod before Proposed Recommendation. Assuming no critical issues emergeduring Last Call, the document then goes to W3C Member organizations forreview regarding whether or not it can become a W3C Recommendation.>>Much of EOWG's work is based on the Web Content Accessibility Guidelines.Even if you have used some part of the Guidelines over the past severalmonths, please take this opportunity to review them comprehensively, and toforward your comments to <w3c-wai-gl@w3.org> as described in the \"LastCall\" message below.>>Last Call closes on March 19, 1999. Last Call comments received after thisdate will not be able to be incorporated.>>Regards,>>Judy>>LAST CALL MESSAGE FOLLOWS>>From: Ian Jacobs <ij@w3.org>>Organization: W3C - World Wide Web Consortium>X-Mailer: Mozilla 4.08 [en] (X11; I; Linux 2.0.36 i586)>To: misha.wolf@reuters.com, aldiaz@us.ibm.com, steven.pemberton@cwi.nl,>        hagino@w3.org, jutta.treviranus@utoronto.ca, jongund@uiuc.edu,>        hoschka@w3.org, clilley@w3.org, chisholm@trace.wisc.edu,>        po@trace.wisc.edu, cpl@starlingweb.com>CC: dd@w3.org, jbrewer@w3.org, chairs@w3.org, w3t-nerd@w3.org,>        w3c-wai-cg@w3.org, ij@w3.org>Subject: Last Call for Web Content Accessibility Guidelines>>* Document to review:>      [1] http://www.w3.org/TR/1999/WD-WAI-PAGEAUTH-19990226/> * Last call ends:   March 19, 1999> * Send comments to: w3c-wai-gl@w3.org>>With this call for review, the W3C \"Web Content Accessibility>Guidelines\">[1] enters the \"last call\" period.>>This document, formerly entitled \"WAI Page Author Guidelines,\">is part of a series of accessibility guidelines>published by the W3C Web Accessibility Initiative. The series also>includes the \"User Agent Accessibility Guidelines\" and the \"Authoring>Tool Accessibility Guidelines.\">>Until March 19, 1999, the Web Accessibility Initiative (WAI) Interest>Group, Chairs of W3C Working Groups, and interested parties are>invited to review this document and send suggestions and comments to>w3c-wai-gl@w3.org. Comments and responses to them will be archived [2]>for public reference. Comments that you wish to keep private to W3C>Members may be sent to w3c-wai-cg@w3.org.>>To ensure that dependencies with other W3C Working Groups have been>addressed, we urge the following Working Group Chairs to review the>document before the end of the last call period:>>  Judy Brewer, Chair WAI IG>  Angel Diaz, Chairs Math WG>  Jon Gunderson, Chair WAI User Agent WG>  Tatsuya Hagino, Chair Mobile WG>  Philipp Hoschka, Chair SYMM WG>  Chris Lilley, Chair CSS & FP WG>  Steven Pemberton, Chair HTML WG>  Jutta Treviranus, Chair WAI Authoring Tool WG>  Misha Wolf, Chair I18N WG>>Once the last call period has ended, all comments have been evaluated,>and the W3C Director has reviewed the document, the Working Group>anticipates that the Guidelines will become a Proposed Recommendation.>>  * Background>>The Web Content Accessibility Guidelines explain to Web content>developers how to make their pages more accessible to people with>disabilities. Following these guidelines will also make pages more>useful to people using a broad range of devices (desktop browsers,>voice browsers, mobile phones, automobile-based PC's, etc.)  and to>search engines. Tools that create Web content (HTML editors, document>conversion tools, tools that generate Web content from databases)>should generate content that is consistent with these guidelines.>>The Guidelines have been organized as follows:>>    1) There are sixteen \"guidelines\" (principles>       of accessible design, not prioritized).>>    2) Each guideline specifies one or more>       prioritized \"checkpoints\" that explain>       how authors can satisfy the guideline.>>    3) An appendix document [3] lists all the checkpoints in the>       Guidelines, organized by subject and priority level.>>This version of the Guidelines includes a conformance statement that>explains how documents or processes may claim conformance to the>Guidelines.>>The Guidelines are accompanied by another document, entitled>\"Techniques for Web Content Accessibility Guidelines.\" The Techniques>Document explains in detail how authors may implement the checkpoints>enumerated in the Guidelines. Please note that the non-normative>Techniques Document, which continues to evolve, is not entering last>call (although comments about techniques are still welcome).>>The Guidelines have been produced by the W3C WAI Page Author>Guidelines Working Group [4] as part of the WAI Web Accessibility>Initiative [5].>>Sincerely,>>Chuck Letourneau, Co-chair>Gregg Vanderheiden, Co-chair>Wendy Chisholm, Editor>Ian Jacobs, Editor>>[1] http://www.w3.org/TR/1999/WD-WAI-PAGEAUTH-19990226/>[2] http://lists.w3.org/Archives/Public/w3c-wai-gl/>[3] http://www.w3.org/TR/1999/WD-WAI-PAGEAUTH-19990226/full-checklist>[4] http://www.w3.org/WAI/GL>[5] http://www.w3.org/WAI/>----------Judy Brewer    jbrewer@w3.org    +1.617.258.9741    http://www.w3.org/WAIDirector, Web Accessibility Initiative (WAI) International Program OfficeWorld Wide Web Consortium (W3C)MIT/LCS Room NE43-355, 545 Technology Square, Cambridge, MA,  02139,  USA",
            "docno": "lists-061-3636458",
            "received": "Wed Mar 10 15:28:35 1999",
            "isoreceived": "19990310202835",
            "sent": "Wed, 10 Mar 1999 15:27:21 -0500",
            "isosent": "19990310202721",
            "name": "Judy Brewer",
            "email": "jbrewer@w3.org",
            "subject": "fwd: LAST CALL: Web Content Accessibility Guidelines",
            "id": "3.0.5.32.19990310152721.00a8dca0@localhost",
            "charset": "us-ascii",
            "expires": "-1",
            "to": "w3c-wai-eo@w3.org\n"
        },
        {
            "body": "LAST CALL: Web Content Accessibility GuidelinesPlease note that the Web Content Accessibility Guidelines have now entered\"Last Call\" status. Within W3C, \"Last Call\" status signifies a final reviewperiod before Proposed Recommendation. Assuming no critical issues emergeduring Last Call, the document then goes to W3C Member organizations forreview regarding whether or not it can become a W3C Recommendation.Much of EOWG's work is based on the Web Content Accessibility Guidelines.Even if you have used some part of the Guidelines over the past severalmonths, please take this opportunity to review them comprehensively, and toforward your comments to <w3c-wai-gl@w3.org> as described in the \"LastCall\" message below.Last Call closes on March 19, 1999. Last Call comments received after thisdate will not be able to be incorporated.Regards,JudyLAST CALL MESSAGE FOLLOWSFrom: Ian Jacobs <ij@w3.org>Organization: W3C - World Wide Web ConsortiumX-Mailer: Mozilla 4.08 [en] (X11; I; Linux 2.0.36 i586)hagino@w3.org, jutta.treviranus@utoronto.ca, jongund@uiuc.edu,hoschka@w3.org, clilley@w3.org, chisholm@trace.wisc.edu,po@trace.wisc.edu, cpl@starlingweb.comw3c-wai-cg@w3.org, ij@w3.orgSubject: Last Call for Web Content Accessibility Guidelines* Document to review:[1] http://www.w3.org/TR/1999/WD-WAI-PAGEAUTH-19990226/* Last call ends:   March 19, 1999* Send comments to: w3c-wai-gl@w3.orgWith this call for review, the W3C \"Web Content AccessibilityGuidelines\"[1] enters the \"last call\" period.This document, formerly entitled \"WAI Page Author Guidelines,\"is part of a series of accessibility guidelinespublished by the W3C Web Accessibility Initiative. The series alsoincludes the \"User Agent Accessibility Guidelines\" and the \"AuthoringTool Accessibility Guidelines.\"Until March 19, 1999, the Web Accessibility Initiative (WAI) InterestGroup, Chairs of W3C Working Groups, and interested parties areinvited to review this document and send suggestions and comments tow3c-wai-gl@w3.org. Comments and responses to them will be archived [2]for public reference. Comments that you wish to keep private to W3CMembers may be sent to w3c-wai-cg@w3.org.To ensure that dependencies with other W3C Working Groups have beenaddressed, we urge the following Working Group Chairs to review thedocument before the end of the last call period:Judy Brewer, Chair WAI IGAngel Diaz, Chairs Math WGJon Gunderson, Chair WAI User Agent WGTatsuya Hagino, Chair Mobile WGPhilipp Hoschka, Chair SYMM WGChris Lilley, Chair CSS & FP WGSteven Pemberton, Chair HTML WGJutta Treviranus, Chair WAI Authoring Tool WGMisha Wolf, Chair I18N WGOnce the last call period has ended, all comments have been evaluated,and the W3C Director has reviewed the document, the Working Groupanticipates that the Guidelines will become a Proposed Recommendation.* BackgroundThe Web Content Accessibility Guidelines explain to Web contentdevelopers how to make their pages more accessible to people withdisabilities. Following these guidelines will also make pages moreuseful to people using a broad range of devices (desktop browsers,voice browsers, mobile phones, automobile-based PC's, etc.)  and tosearch engines. Tools that create Web content (HTML editors, documentconversion tools, tools that generate Web content from databases)should generate content that is consistent with these guidelines.The Guidelines have been organized as follows:1) There are sixteen \"guidelines\" (principlesof accessible design, not prioritized).2) Each guideline specifies one or moreprioritized \"checkpoints\" that explainhow authors can satisfy the guideline.3) An appendix document [3] lists all the checkpoints in theGuidelines, organized by subject and priority level.This version of the Guidelines includes a conformance statement thatexplains how documents or processes may claim conformance to theGuidelines.The Guidelines are accompanied by another document, entitled\"Techniques for Web Content Accessibility Guidelines.\" The TechniquesDocument explains in detail how authors may implement the checkpointsenumerated in the Guidelines. Please note that the non-normativeTechniques Document, which continues to evolve, is not entering lastcall (although comments about techniques are still welcome).The Guidelines have been produced by the W3C WAI Page AuthorGuidelines Working Group [4] as part of the WAI Web AccessibilityInitiative [5].Sincerely,Chuck Letourneau, Co-chairGregg Vanderheiden, Co-chairWendy Chisholm, EditorIan Jacobs, Editor[1] http://www.w3.org/TR/1999/WD-WAI-PAGEAUTH-19990226/[2] http://lists.w3.org/Archives/Public/w3c-wai-gl/[3] http://www.w3.org/TR/1999/WD-WAI-PAGEAUTH-19990226/full-checklist[4] http://www.w3.org/WAI/GL[5] http://www.w3.org/WAI/----------Judy Brewer    jbrewer@w3.org    +1.617.258.9741    http://www.w3.org/WAIDirector, Web Accessibility Initiative (WAI) International Program OfficeWorld Wide Web Consortium (W3C)MIT/LCS Room NE43-355, 545 Technology Square, Cambridge, MA,  02139,  USA",
            "docno": "lists-061-3444535",
            "received": "Mon Mar  1 13:48:55 1999",
            "isoreceived": "19990301184855",
            "sent": "Mon, 01 Mar 1999 11:11:42 -0500",
            "isosent": "19990301161142",
            "name": "Judy Brewer",
            "email": "jbrewer@w3.org",
            "subject": "LAST CALL: Web Content Accessibility Guidelines",
            "id": "3.0.5.32.19990301111142.01072a00@localhost",
            "charset": "us-ascii",
            "expires": "-1",
            "to": " misha.wolf@reuters.com, aldiaz@us.ibm.com, steven.pemberton@cwi.nl,\n",
            "cc": " dd@w3.org, jbrewer@w3.org, chairs@w3.org, w3t-nerd@w3.org,\n"
        },
        {
            "body": "The Authoring Tools spec athttp://www.w3.org/TR/1999/WAI-AUTOOLS-19990903has entered last call review.  Authoring tools overlap what we're doing here.Please take a look and send comments to this list (wai-er-ig).  I'llsummarize and pass them on to AU.Len----------------- original request follows ----------------------->Date: Fri, 3 Sep 1999 18:22:25 -0400 (EDT)>From: Charles McCathieNevile <charles@w3.org>>To: Chris Lilley <clilley@w3.org>, lauren@softquad.com,>        Daniel Dardailler <dd@w3.org>, Al Gilman <asgilman@access.digex.net>,>        ion@math.ams.org, Gregg Vanderheiden <po@trace.wisc.edu>,>        Chuck Letourneau <cpl@starlingweb.com>, vatton@w3.org,>        jongund@uiuc.edu, kasday@acm.org, Martin Duerst <duerst@w3.org>,>        misha.wolf@reuters.com, Arnaud Le Hors <lehors@w3.org>,>        aldiaz@us.ibm.com, Dave Raggett <dsr@w3.org>,steven.pemberton@cwi.nl,>        ph@w3.org, Judy Brewer <jbrewer@w3.org>,>        Dan Brickley <Daniel.Brickley@bristol.ac.uk>>cc: chairs@w3.org, Jutta Treviranus <jutta.treviranus@utoronto.ca>>Subject: status and chairs announcement (fwd)>>The Authoring Tool Accessibility Guidelines specification has now enteredlast>call.>>title    : Authoring Tool Accessibility Guidelines>editor(s): J Treviranus, J Richards, I Jacobs, C McCathieNevile>date     : 3 September 1999>address  : http://www.w3.org/TR/1999/WAI-AUTOOLS-19990903>>Last call ends 4 October 1999. Please send review comments to the>archived mailing list w3c-wai-au@w3.org.>>The Authoring Tool Guidelines Working group has signed off on the Working>Draft and approved it for forwarding to last call. The decision of the>working group is documented in the AU WG 1999/09/01 meeting Minutes. Further>information and pointers to the relevant archives can be found at>http://www.w3.org/WAI/AU>>The dependencies and the reviewers who have agreed to check them are as>follows:>>        CSS - Chris Lilley>>        WAI PF - Daniel Dardailler, Al Gilman>>        DOM - Lauren Wood>>        Amaya - Irene Vatton>>        RDF IG - Dan Brickley>>        SVG - Chris>>        WAI ER - Len Kasday>>        WAI UA - Jon Gunderson>>        WAI IG - Judy Brewer>>        SMIL - Philipp Hschka>>        WAI GL - Gregg Vanderheiden>>Charles McCathieNevile (staff contact) for Jutta Treviranus (chair)>>>>>-------Leonard R. Kasday, Ph.D.Universal Design Engineer, Institute on Disabilities/UAP, andAdjunct Professor, Electrical EngineeringTemple UniversityRitter Hall Annex, Room 423, Philadelphia, PA 19122kasday@acm.org(215) 204-2247 (voice)(800) 750-7428 (TTY)",
            "docno": "lists-063-9256410",
            "received": "Sun Sep  5 10:01:54 1999",
            "isoreceived": "19990905140154",
            "sent": "Sun, 05 Sep 1999 10:05:05 -0400",
            "isosent": "19990905140505",
            "name": "Leonard R. Kasday",
            "email": "kasday@acm.org",
            "subject": "Authoring tools review",
            "id": "3.0.32.19990905100500.0154b0e0@pop3.concentric.net",
            "charset": "us-ascii",
            "expires": "-1",
            "to": "w3c-wai-er-ig@w3.org\n"
        },
        {
            "body": "LAST CALL: Web Content Accessibility GuidelinesThe Web Content Accessibility Guidelines have now entered \"Last Call\"status. Within W3C, \"Last Call\" status signifies a final review periodbefore Proposed Recommendation. Assuming no critical issues emerge duringLast Call, the document then goes to W3C Member organizations for reviewregarding whether or not it can become a W3C Recommendation.Many of you may have looked at or used the Web Content AccessibilityGuidelines over the past several months. Since this is your lastopportunity to comment, we urge you to do a comprehensive review of theWorking Draft, and to forward your comments to <w3c-wai-gl@w3.org> asdescribed in the \"Last Call\" message below.Last Call closes on March 19, 1999. The Working Group will not be able toincorporate Last Call comments received after this date.You may forward this message to other organizations that have an interestin the Web Content Accessibility Guidelines. If you do so please cc<jbrewer@w3.org> on the forwards. Comments from external organizationsshould be sent to <w3c-wai-gl@w3.org> (public) or <w3c-wai-cg@w3.org>(private) as in the message below.Regards,JudyLAST CALL MESSAGE FOLLOWSFrom: Ian Jacobs <ij@w3.org>Organization: W3C - World Wide Web ConsortiumX-Mailer: Mozilla 4.08 [en] (X11; I; Linux 2.0.36 i586)hagino@w3.org, jutta.treviranus@utoronto.ca, jongund@uiuc.edu,hoschka@w3.org, clilley@w3.org, chisholm@trace.wisc.edu,po@trace.wisc.edu, cpl@starlingweb.comw3c-wai-cg@w3.org, ij@w3.orgSubject: Last Call for Web Content Accessibility Guidelines* Document to review:[1] http://www.w3.org/TR/1999/WD-WAI-PAGEAUTH-19990226/* Last call ends:   March 19, 1999* Send comments to: w3c-wai-gl@w3.orgWith this call for review, the W3C \"Web Content AccessibilityGuidelines\"[1] enters the \"last call\" period.This document, formerly entitled \"WAI Page Author Guidelines,\"is part of a series of accessibility guidelinespublished by the W3C Web Accessibility Initiative. The series alsoincludes the \"User Agent Accessibility Guidelines\" and the \"AuthoringTool Accessibility Guidelines.\"Until March 19, 1999, the Web Accessibility Initiative (WAI) InterestGroup, Chairs of W3C Working Groups, and interested parties areinvited to review this document and send suggestions and comments tow3c-wai-gl@w3.org. Comments and responses to them will be archived [2]for public reference. Comments that you wish to keep private to W3CMembers may be sent to w3c-wai-cg@w3.org.To ensure that dependencies with other W3C Working Groups have beenaddressed, we urge the following Working Group Chairs to review thedocument before the end of the last call period:Judy Brewer, Chair WAI IGAngel Diaz, Chairs Math WGJon Gunderson, Chair WAI User Agent WGTatsuya Hagino, Chair Mobile WGPhilipp Hoschka, Chair SYMM WGChris Lilley, Chair CSS & FP WGSteven Pemberton, Chair HTML WGJutta Treviranus, Chair WAI Authoring Tool WGMisha Wolf, Chair I18N WGOnce the last call period has ended, all comments have been evaluated,and the W3C Director has reviewed the document, the Working Groupanticipates that the Guidelines will become a Proposed Recommendation.* BackgroundThe Web Content Accessibility Guidelines explain to Web contentdevelopers how to make their pages more accessible to people withdisabilities. Following these guidelines will also make pages moreuseful to people using a broad range of devices (desktop browsers,voice browsers, mobile phones, automobile-based PC's, etc.)  and tosearch engines. Tools that create Web content (HTML editors, documentconversion tools, tools that generate Web content from databases)should generate content that is consistent with these guidelines.The Guidelines have been organized as follows:1) There are sixteen \"guidelines\" (principlesof accessible design, not prioritized).2) Each guideline specifies one or moreprioritized \"checkpoints\" that explainhow authors can satisfy the guideline.3) An appendix document [3] lists all the checkpoints in theGuidelines, organized by subject and priority level.This version of the Guidelines includes a conformance statement thatexplains how documents or processes may claim conformance to theGuidelines.The Guidelines are accompanied by another document, entitled\"Techniques for Web Content Accessibility Guidelines.\" The TechniquesDocument explains in detail how authors may implement the checkpointsenumerated in the Guidelines. Please note that the non-normativeTechniques Document, which continues to evolve, is not entering lastcall (although comments about techniques are still welcome).The Guidelines have been produced by the W3C WAI Page AuthorGuidelines Working Group [4] as part of the WAI Web AccessibilityInitiative [5].Sincerely,Chuck Letourneau, Co-chairGregg Vanderheiden, Co-chairWendy Chisholm, EditorIan Jacobs, Editor[1] http://www.w3.org/TR/1999/WD-WAI-PAGEAUTH-19990226/[2] http://lists.w3.org/Archives/Public/w3c-wai-gl/[3] http://www.w3.org/TR/1999/WD-WAI-PAGEAUTH-19990226/full-checklist[4] http://www.w3.org/WAI/GL[5] http://www.w3.org/WAI/_________________________________________________________________________Judy Brewer    jbrewer@w3.org    +1.617.258.9741    http://www.w3.org/WAIDirector,Web Accessibility Initiative(WAI), World Wide Web Consortium(W3C)WAI Interest Group home page: http://www.w3.org/WAI/IGPrevious WAI IG Updates: http://www.w3.org/WAI/IG/Overview.html#UpdatesUnsubscribe? Send \"unsubscribe\" subject line: w3c-wai-ig-request@w3.orgQuestions? http://www.w3.org/WAI/IG/Overview.html#Uselist or wai@w3.org",
            "docno": "lists-074-11772995",
            "received": "Mon Mar  1 13:48:56 1999",
            "isoreceived": "19990301184856",
            "sent": "Mon, 01 Mar 1999 11:38:33 -0500",
            "isosent": "19990301163833",
            "name": "Judy Brewer",
            "email": "jbrewer@w3.org",
            "subject": "LAST CALL: Web Content Accessibility Guidelines",
            "id": "3.0.5.32.19990301113833.01074db0@localhost",
            "charset": "us-ascii",
            "expires": "-1",
            "to": " misha.wolf@reuters.com, aldiaz@us.ibm.com, steven.pemberton@cwi.nl,\n",
            "cc": " dd@w3.org, jbrewer@w3.org, chairs@w3.org, w3t-nerd@w3.org,\n"
        }
    ]
}