{
    "id": "candidate-0535",
    "name": "Luca Padovani",
    "gender": "MALE",
    "email": "lpadovan@cs.unibo.it",
    "mails": [
        {
            "body": "The DOM test suite (http://www.w3.org/DOM/Test) uses the XML interfacedescriptions to translate tests from an XML test language to Java andECMAScript.  Others have modified these translations to support otherbindingsOn Jan 19, 2004, at 4:17 AM, Luca Padovani wrote:>> Hello,>> along with the DOM specification is a set of .xml files with a complete> description of the DOM interfaces. I guess these files have been used> for the generation of IDL and Java interfaces as well as the actual> documentation. As I've used these files for generating (with XSLT)> actual _code_ (not only interfaces) for binding a DOM implementation> written in one language to a different language, I was wondering if> anyone else has tried the same approach and, if so, for which> languages.>> Regards,> -- luca>",
            "docno": "lists-105-2103823",
            "received": "Mon Jan 19 10:32:00 2004",
            "isoreceived": "20040119153200",
            "sent": "Mon, 19 Jan 2004 09:31:46 -0600",
            "isosent": "20040119153146",
            "name": "Curt Arnold",
            "email": "carnold@houston.rr.com",
            "subject": "Re: XML description of DOM interfaces",
            "id": "978CBB58-4A94-11D8-80E3-000393B97126@houston.rr.com",
            "charset": "US-ASCII",
            "inreplyto": "1074507470.927.5.camel&#64;giraffe",
            "expires": "-1",
            "cc": "www-dom@w3.org\n",
            "to": " Luca Padovani<lpadovan@cs.unibo.it>\n"
        },
        {
            "body": "Hi,On Wed, 2003-12-03 at 19:34, Chris Moschini wrote:> for( i = 0; i < len; i++ ) {>   if( node.childNodes.length == 0 )>     last = node.appendChild( list[ i ] );>   else>     node.insertBefore( list[ i ], last );> }what aboutfor( i = 0; i < len; i++ )node.insertBefore(list[i], node.firstChild());?ok there are two method calls instead of only one but I think this isacceptable (and inserting at the beginning of the list is IMHO lesscommon than appending)-- luca",
            "docno": "lists-105-1053374",
            "received": "Wed Dec  3 14:29:21 2003",
            "isoreceived": "20031203192921",
            "sent": "Wed, 03 Dec 2003 20:24:32 +0100",
            "isosent": "20031203192432",
            "name": "Luca Padovani",
            "email": "padovan@cs.unibo.it",
            "subject": "Re: node.insertBefore( child )",
            "id": "1070479472.30798.5.camel@giraffe",
            "inreplyto": "1070476477.7b6a6c80cmoschini&#64;myrealbox.com",
            "expires": "-1",
            "to": " Chris Moschini<cmoschini@myrealbox.com>\n",
            "cc": "www-dom@w3.org\n"
        },
        {
            "body": "Hi Elda,On Fri, 2003-03-07 at 09:26, Elda Rossi wrote:> And, if not, do you think it's possible to use some libraries designed> for C language?> Is it available a C binding to DOM?In the Linux environment we use Gdome2 (http://gdome2.cs.unibo.it) whichprovides a C DOM API. On top of Gdome2, several bindings for otherprogramming languages have been provided (C++, Ocaml, Perl, Ruby, andpossibly others I'm not aware of). The interesting thing is that all thebindings can be generated automatically.For the C++ and Ocaml bindings, we create the code automatically withXSLT stylesheets starting from the XML version of the DOM spec (seehttp://gmetadom.sourceforge.net). Only a very limited number of classesmust be hand-coded.I assume it is possible to do something similar for Fortran as well,although the details on how to do it will likely vary from compiler tocompiler.Yours,-- Luca",
            "docno": "lists-104-14746281",
            "received": "Tue Mar 25 01:39:18 2003",
            "isoreceived": "20030325063918",
            "sent": "25 Mar 2003 07:39:56 +0100",
            "isosent": "20030325063956",
            "name": "Luca Padovani",
            "email": "padovan@cs.unibo.it",
            "subject": "Re: DOM binding for FORTRAN ?",
            "id": "1048574396.615.6.camel@localhost",
            "inreplyto": "3E6857BB.E0480DDD&#64;cineca.it",
            "expires": "-1",
            "to": " Elda Rossi<Elda.Rossi@cineca.it>\n",
            "cc": "www-dom@w3.org\n"
        },
        {
            "body": "Hello,along with the DOM specification is a set of .xml files with a completedescription of the DOM interfaces. I guess these files have been usedfor the generation of IDL and Java interfaces as well as the actualdocumentation. As I've used these files for generating (with XSLT)actual _code_ (not only interfaces) for binding a DOM implementationwritten in one language to a different language, I was wondering ifanyone else has tried the same approach and, if so, for which languages.Regards,-- luca",
            "docno": "lists-105-2096800",
            "received": "Mon Jan 19 05:17:45 2004",
            "isoreceived": "20040119101745",
            "sent": "Mon, 19 Jan 2004 11:17:51 +0100",
            "isosent": "20040119101751",
            "name": "Luca Padovani",
            "email": "padovan@cs.unibo.it",
            "subject": "XML description of DOM interfaces",
            "id": "1074507470.927.5.camel@giraffe",
            "expires": "-1",
            "to": "www-dom@w3.org\n"
        }
    ]
}