{
    "id": "candidate-0668",
    "name": "Yoshio Fukushige",
    "gender": "MALE",
    "email": "fukushige.yoshio@jp.panasonic.com",
    "mails": [
        {
            "body": "Dear all,It was very nice meeting you in the ftf meeting.But I have to apologize you for my old e-mail address (fuku@trl.mei.co.jp)being printed on my business card.My current e-mail address is fukushige.yoshio@jp.panasonic.com .So please send emails to the latter address.The former is still available for a month or so, but it will be obsoleteafter that.Some of you may know I also have fuku@w3.org as the e-mail address, but inthe DAWG context,I prefer fukushige.yoshio@jp.panasonic.com in order to clarify that myparticipation is from Matsushita.Sorry for possible confusion.Best regards,Yoshio Fukushige",
            "docno": "lists-020-10488065",
            "received": "Tue Apr 27 20:10:19 2004",
            "isoreceived": "20040428001019",
            "sent": "Tue, 27 Apr 2004 06:34:41 -0400 (EDT)",
            "isosent": "20040427103441",
            "name": "Yoshio Fukushige",
            "email": "Fukushige.Yoshio@jp.panasonic.com",
            "subject": "orrection of Yoshio's e-mail address",
            "id": "005901c42bea$18e32ee0$1a48b4db@delldell",
            "charset": "iso-2022-jp",
            "expires": "-1",
            "to": "<public-rdf-dawg@w3.org>\n",
            "cc": "\"fuku(w3c)\"<fuku@w3.org>,\"Yoshio FUKUSHIGE\"<fukushige.yoshio@jp.panasonic.com>\n"
        },
        {
            "body": "On Mon, May 24, 2004 at 04:51:40PM -0400, Yoshio Fukushige wrote:>> (1) A wrong reference to the linked documentGot it, thanks.> Didn't we have a glossary of the terms in the document in earlier versions?> Where has it gone?We only ever had a glossary in HTML comments in the present doc. Ithought it was time to move those terms into a separate document,which I'm not quite ready to check into CVS yet. But soon.> I think we should have one.Agreed.> (3) Less phrase patterns in the Requirements?> If no difference, less divergence will cause less ambiguity, I think.The \"It must be possible...\" is vague as between whether therequirement pertains to the query language, to the data accessprotocol, to both, or to some other thing. In some cases the form ofthe requirement which we approved pertains specifically to the querylanguage or to the data access protocol.I'm not going to harmonize *these* differences away; however, I thinksome precision can be gained here, and I've made those changes thatseemed to me appropriate.> We should either cut off \" , as well as other parts that may need to be> replaced at the same time\"  or add such item into the example code.Hmm, I'm not terribly worried by this, but I have edited it a bit.> (6) on 2.4 Monitoring News Events (Personal Information Management)>>  + to change [[[ to record every television show about that news story> automaticaly using the Electronic Program Guides (EPGs)]]]>     into [[[ to record every television show that could feature the news> story using Electronic Programme Guides (EPGs) and make an abridged version> by extracting the very spots featuring it, using more detailed RDF> description of the programme]]]I don't really understand your suggested text; what's the point of themodal form (\"*could feature the news story\")?> + (and even) to make \"a particular news story\" a concrete expression like> \"Ichiro\"Do you mean the baseball player Ichiro?> (7) on 2.5 Avoiding Traffic Jams(Transportation)>> It would be  more natural to suppose a car navigation system to do the work> described in the use case, instead of the cellular phone.Well, yeah, sorta-kinda. But the earlier version of this UC which didjust that was deemed to be too blue-sky by some. Or at least that wasthe impression I got. But now we learned that Acura is doing somethinga bit like this in its new version of the RL lux sedan. I may wellchange the UC after this draft, but I'm gonna hold off for now tillthere's more information.Thanks, Yoshio, for all the comments. I don't know when the W3C's CVSwill be working again, but I'll check these changes in ASAP. (And, tothink, I just wrote a piece last week trying to convince the Atomfolks to jump to the W3C based, in part, on *superior support andWG-resources* -- ouch! :>)Best,Kendall Clark",
            "docno": "lists-020-13165304",
            "received": "Mon May 24 21:38:05 2004",
            "isoreceived": "20040525013805",
            "sent": "Mon, 24 May 2004 21:36:34 -0400",
            "isosent": "20040525013634",
            "name": "Kendall Clark",
            "email": "kendall@monkeyfist.com",
            "subject": "Re: a request for help",
            "id": "20040525013634.GA28165@monkeyfist.com",
            "charset": "us-ascii",
            "inreplyto": "005901c441d0$ea805b20$68051e80&#64;IRONGEAR",
            "expires": "-1",
            "to": " Yoshio Fukushige<fukushige.yoshio@jp.panasonic.com>\n",
            "cc": "public-rdf-dawg@w3.org\n"
        },
        {
            "body": "On Tue, May 25, 2004 at 09:43:43AM -0400, Yoshio Fukushige wrote:> > Do you mean the baseball player Ichiro?>> Yes. But Matsui is preferred?Concrete detail is good (well, \"fun\" at least). I'll make some change here.> I don't have a car navigation system, but car navigation systems these days> have function to communicate> through the internet. So it is no blue-sky, I think.> # Is it only in Japan?In my experience, most nav systems in US cars *don't* have 'netconnections. They typically store all their map data on a set of DVDs(8gb or so, total), often in the trunk. They have GPS, of course, butnot 'net, AFAIK.But an Acura model will soon have that for US market. Definitely notblue-sky.Kendall",
            "docno": "lists-020-13321043",
            "received": "Tue May 25 09:51:16 2004",
            "isoreceived": "20040525135116",
            "sent": "Tue, 25 May 2004 09:47:24 -0400",
            "isosent": "20040525134724",
            "name": "Kendall Clark",
            "email": "kendall@monkeyfist.com",
            "subject": "Re: a request for help",
            "id": "20040525134724.GB696@monkeyfist.com",
            "charset": "us-ascii",
            "inreplyto": "004c01c4425e$4c69aed0$68051e80&#64;IRONGEAR",
            "expires": "-1",
            "to": " Yoshio Fukushige<fukushige.yoshio@jp.panasonic.com>\n",
            "cc": "kendall@monkeyfist.com,public-rdf-dawg@w3.org\n"
        },
        {
            "body": "Hello all,The followings are  some of the points I noticed.# I'll post some of the rest in the form of a reply to other's messages.(1) A wrong reference to the linked documentThe document which is linked from the first link in the section 5: (RelatedTechnologies and Standards) isNOT \" RDF Query and Rules Framework\", BUT \"RDF Query Survey.\"It IS the document which surveys the existing languages and the label \"RDFQuery and Rules Framework\" should be corrected.The \"RDF Query and Rules Framework\" is a document that surveys the issues tobe considered in RDF Query and Rules,which is located in http://www.w3.org/2001/11/13-RDF-Query-Rules/terms.BTW, I find the document (= RDF Query and Rules Framework)  quite useful andsuggestive, while in our disccusion it has seldom been referred.I'm afraid it's a little bit too late, but don't we have to go through thedocument, I mean, check if the issues in the document should be in therequirements or design objects?(2) Glossary?Didn't we have a glossary of the terms in the document in earlier versions?Where has it gone?I think we should have one.(3) Less phrase patterns in the Requirements?What's the difference among the followings?+ The query language must include the capability to...+ It must be possible for queries to ...+ The query language must make it possible to...+ The query language or portocol must be able to ...If no difference, less divergence will cause less ambiguity, I think.(4)  on 2.1 Finding an Email AddressReaders should very naturally wonder what would happen  if there are two ormore matches.So, if we agree with what would happen, we'd better mention the case.(5) on 2.2 Finding Information about Motorcycle Parts[[[ dependent parts that must be be replaced at the same time, as well asother parts that may need to be replaced at the same time.]]]Which are those in the example code?Are they all the ones that should be replaced?We should either cut off \" , as well as other parts that may need to bereplaced at the same time\"  or add such item into the example code.(6) on 2.4 Monitoring News Events (Personal Information Management)It could be better+ to change the (sub)title to (Multimedia)+ to change [[[ to record every television show about that news storyautomaticaly using the Electronic Program Guides (EPGs)]]]into [[[ to record every television show that could feature the newsstory using Electronic Programme Guides (EPGs) and make an abridged versionby extracting the very spots featuring it, using more detailed RDFdescription of the programme]]]+ (and even) to make \"a particular news story\" a concrete expression like\"Ichiro\"(7) on 2.5 Avoiding Traffic Jams(Transportation)It would be  more natural to suppose a car navigation system to do the workdescribed in the use case, instead of the cellular phone.Best regards,Yoshio Fukushige",
            "docno": "lists-020-13144585",
            "received": "Mon May 24 16:51:05 2004",
            "isoreceived": "20040524205105",
            "sent": "Mon, 24 May 2004 16:51:40 -0400",
            "isosent": "20040524205140",
            "name": "Yoshio Fukushige",
            "email": "fukushige.yoshio@jp.panasonic.com",
            "subject": "Re: a request for help",
            "id": "005901c441d0$ea805b20$68051e80@IRONGEAR",
            "charset": "iso-8859-1",
            "inreplyto": "20040524122927.GA23471&#64;monkeyfist.com",
            "expires": "-1",
            "to": "<kendall@monkeyfist.com>,<public-rdf-dawg@w3.org>\n"
        },
        {
            "body": "Hello, allI'm very sorry, but today I feel very sick, so let me send regrets fortoday's teleconference.Best,Yoshio Fukushigefukushige.yoshio@jp.panasonic.com",
            "docno": "lists-020-13623895",
            "received": "Tue Jun  1 10:38:37 2004",
            "isoreceived": "20040601143837",
            "sent": "Tue, 1 Jun 2004 23:37:59 +0900",
            "isosent": "20040601143759",
            "name": "Yoshio Fukushige",
            "email": "Fukushige.Yoshio@jp.panasonic.com",
            "subject": "Regrets",
            "id": "000c01c447e6$09950db0$2748b4db@delldell",
            "charset": "iso-2022-jp",
            "inreplyto": "1086023785.6686.3.camel&#64;dirk",
            "expires": "-1",
            "to": "\"Dan Connolly\"<connolly@w3.org>,\"RDF Data Access Working Group\"<public-rdf-dawg@w3.org>\n"
        },
        {
            "body": "Dear all,My name is Yoshio Fukushige, a new member of the RDFDAWG.Per tradition, let me introduce myself.I work for Matsushita Electric Industrial Co., Ltd.[1], which might be bestknown to you for its Panasonic brand name.The Matsushita group is a most comprehensive worldwide electric andelectronic product manufacturerwhose products range from electronic components to consumer electronicproducts,home appliances, factory automation equipment, information andcommunications equipment,and housing-related products.I am a researcher engineer in Matsushita and belong to the Network SystemsDevelopment Center, which is based in Tokyo, Japan.My main research area is Natural Language Processing(NLP), and I am anex-member of the EDR[2] project,a national project of Japan to build a large-scale electronic dictionariesfor NLP applications, such as machine translation.Other than the EDR activity, I've been developing technologies for documentretrieval systems.I am interested in stochastic/probabilistic knowledge representation andknowledge processing these couple of years,especially in inference using Bayesian Networks. I also have been interestedin employing the fruits of linguisticsinto language processing, especially those come from the Generative Grammar,or the Principle and Parameters approachto say it more precisely. I hold a Bachelor of Engineering from theUniversity of Tokyo.To that extent, I hope to consider the extensibility mechanism,  from thelinguistic and AI point of view,for the future treatment of rule/logic/trust issues and graph aggregation.While having the mindset above, as a member from Matsushita,I also expect this WG to provide (at least) a simple (version of) dataaccess protocol that could be processed onhome appliances that has limited computational resources.I hope to provide home appliances the ability to help users with an easy andrich access to the services and informationon the internet (semantic web) and the ability to best fit themselves to theuser's environment in an autonomous way(a kind of ubiquitous computing).At the end of my self-introduction, I'd like to tell you my relationshipwith W3C.I've been a W3C fellow[3] from Matsushita since Feb. 2004, belonging to theTechnical and Society domain,but my participation to this WG is from Matsushita and NOT from the W3CTeam.So I prefer fukushige.yoshio@jp.panasonic.com  as my email address here,instead of fuku@w3.orgI'm looking forward to seeing you soon at the face-to-face meeting.Best regards,Yoshio Fukushige[1] http://panasonic.co.jp/global/[2] http://www.iijnet.or.jp/edr/ (now maintenanced by CRLhttp://www2.crl.go.jp/kk/e416/EDR/)[3] http://www.w3.org/People/all#fuku",
            "docno": "lists-020-10028030",
            "received": "Fri Apr 16 08:58:35 2004",
            "isoreceived": "20040416125835",
            "sent": "Fri, 16 Apr 2004 05:01:57 -0400 (EDT)",
            "isosent": "20040416090157",
            "name": "Yoshio Fukushige",
            "email": "fukushige.yoshio@jp.panasonic.com",
            "subject": "Introduction Yoshio Fukushige / Matsushita Electric Industrial",
            "id": "003b01c42391$6288f770$f1e41b85@steelball",
            "charset": "iso-2022-jp",
            "expires": "-1",
            "to": "<public-rdf-dawg@w3.org>\n",
            "cc": "<fukushige.yoshio@jp.panasonic.com>\n"
        },
        {
            "body": "Good morning, Kendall,Thanks for your consideration to my comments.> > (6) on 2.4 Monitoring News Events (Personal Information Management)> >> >  + to change [[[ to record every television show about that news story> > automaticaly using the Electronic Program Guides (EPGs)]]]> >     into [[[ to record every television show that could feature the news> > story using Electronic Programme Guides (EPGs) and make an abridgedversion> > by extracting the very spots featuring it, using more detailed RDF> > description of the programme]]]> > + (and even) to make \"a particular news story\" a concrete expressionlike> > \"Ichiro\">> Do you mean the baseball player Ichiro?Yes. But Matsui is preferred?> I don't really understand your suggested text; what's the point of the> modal form (\"*could feature the news story\")?Well, ... if the user is intrested in the baseball player Ichiro, therecorder shouldrecord every sports news featuring baseball.(making it to those featuring the team Ichiro belongs would be better, butI don't know the team name ;)EPGs may not describe wheter Ichiro is featured or not, 'cause they arebroadcast BEFORE the game.So it would be safer to record all the sports news once, and check thedescription (meta data)boradcast with the programme to see if Ichiro is really featurede in theprogramme or not.> > (7) on 2.5 Avoiding Traffic Jams(Transportation)> >> > It would be  more natural to suppose a car navigation system to do thework> > described in the use case, instead of the cellular phone.>> Well, yeah, sorta-kinda. But the earlier version of this UC which did> just that was deemed to be too blue-sky by some. Or at least that was> the impression I got. But now we learned that Acura is doing something> a bit like this in its new version of the RL lux sedan. I may well> change the UC after this draft, but I'm gonna hold off for now till> there's more information.I don't have a car navigation system, but car navigation systems these dayshave function to communicatethrough the internet. So it is no blue-sky, I think.# Is it only in Japan?Best regards,Yoshio Fukushige",
            "docno": "lists-020-13311478",
            "received": "Tue May 25 09:43:00 2004",
            "isoreceived": "20040525134300",
            "sent": "Tue, 25 May 2004 09:43:43 -0400",
            "isosent": "20040525134343",
            "name": "Yoshio Fukushige",
            "email": "fukushige.yoshio@jp.panasonic.com",
            "subject": "Re: a request for help",
            "id": "004c01c4425e$4c69aed0$68051e80@IRONGEAR",
            "charset": "iso-8859-1",
            "inreplyto": "20040525013634.GA28165&#64;monkeyfist.com",
            "expires": "-1",
            "to": "<kendall@monkeyfist.com>\n",
            "cc": "<public-rdf-dawg@w3.org>\n"
        }
    ]
}