{
    "id": "candidate-0699",
    "name": "Andrea Asperti",
    "gender": "MALE",
    "email": "asperti@cs.unibo.it",
    "mails": [
        {
            "body": "Mary,I'm trying to (a) review some of the XML Query stuff,and (b) research the state-of-the-art in representingformal knowledge in the web.e.g. I see you writing these rules ala:G |- Exp : tG |- @Name[Exp]: @Name[t]fromhttp://lists.w3.org/Archives/Member/w3c-archive/2001Jan/att-0016/01-xmlquery-algebra.htmlHow did you produce that document? I suspect it's convertedfrom latex; can I look at the source? Is there somepopular latex package used for inference rules?I'm having trouble parsing it; i.e. figuring out theimplicit operators and precedence in the notation.(I haven't read the spec very carefully... I wouldn'tbe surprised if there's enough information in there,if I were to read it carfully.)I was hoping that these rules were really written formally;i.e. in such a way that I could do certain checks on themby machine. For example, in translating Wadler's formalizationof XPath to larch a while ago, I found a bug in his paper.http://www.w3.org/XML/9711theory/XPathWadlerhttp://www.w3.org/XML/9711theory/XPathWadler.lslhttp://www.w3.org/XML/9711theory/XPathWadler.htmlhttp://www.w3.org/XML/9711theory/But some of the query rules seem to have \"...\" andother informal notation in them; e.g./////We write |- Query1 ... Queryn if the sequence of query items Query1 ...Queryn is well typed.G |- environment (Query1),..., environment(Queryn)G |- Query1      ...      G |-QuerynQuery1... Queryn\\\\\\\\\\Matt Fuchs and I were chatting in the hall at XML 2000, andthe idea of using MathML to produce these specs came up.I was intrigued by the idea, and I've been noodling onit ever since.Recently, I found some folks using MathML to work withproof checking systems; I am digging around their sourcecode, but I haven't figured out exactly how they representinference rules, axioms, theorems and such.HELM http://www.cs.unibo.it/~asperti/HELM/home.htmlAmaya supports presentation MathML... I wonder if it'sgot enough stuff to edit specs like the query algebraspec.Oops... gotta go to a teleconference... sorry if this doesn'tmake any sense...p.s. spec-prod is a public mailing list; seehttp://lists.w3.org/Archives/Public/spec-prod/--Dan Connolly, W3C http://www.w3.org/People/Connolly/",
            "docno": "lists-030-9549369",
            "received": "Mon Feb 12 13:01:16 2001",
            "isoreceived": "20010212180116",
            "sent": "Mon, 12 Feb 2001 12:00:53 -0600",
            "isosent": "20010212180053",
            "name": "Dan Connolly",
            "email": "connolly@w3.org",
            "subject": "inference rule markup?",
            "id": "3A8824D5.2CEE0F09@w3.org",
            "charset": "us-ascii",
            "expires": "-1",
            "to": "mff@research.att.com,spec-prod@w3.org\n",
            "cc": "\"Philip Wadler (Avaya)\"<wadler@avaya.com>,\"Fuchs, Matthew\"<matthew.fuchs@commerceone.com>,asperti@cs.unibo.it,schena@cs.unibo.it\n"
        }
    ]
}