{
    "id": "candidate-0625",
    "name": "Peter Furniss",
    "gender": "MALE",
    "email": "peter.furniss@choreology.com",
    "mails": [
        {
            "body": "Assaf Arkin sent:> Ricky Ho wrote:>> >> > There are a couple of issues ....> >> > Lets say in the following process> >> > <process>> >   <sequence>> >     ....> >     <receive/>> >     ....> >     <reply/>> >     ....> >     <receive/>> >     ....> >     <reply/>> >     ....> >   </sequence>> > </process>> >> > 1) Lets say the first <receive> pass in a transaction context.  What> > is the \"scope of work\" ?  Between the first request and> first reply ?> > or everything after the first receive ?>> That depends on how you define the importing of the context.Agreed (assuming I interpret \"importing\" as you meant).And obviously something known to both parties has got say what thepresence of a context on a particular message means. That might beaffected by the type of the message, by other \"headers\" on it, or be inthe choreography definition, I suppose.  It could even be inside themessage - and in that case it might not apply to all the message - itwould seem quite rational, if using BTP or WS-T BA (which allow choiceamong participants of one transaction) to have a message that was<request-for-quote><item><transaction-context id=104>... 1000 nuts ..</item><item><transaction-context id=105>... 1000 bolts ..</item></request-for-quote>though that's not the same case Ricky raised.For the sequence case, unless the first message is explicitly defined asbeing the first of a conversation, and that definition says that acontext on it is implicit to the rest of the conversation, I'd kind ofassume that each message has it's own context. Of course, these couldalways be the same context, meaning each of them are part of the sametransaction.> If you define the scope as the entire sequence then it will> start with> the first receive but it will end all the work after the last> activity> has occurred (i.e. after the second reply). The sender is not just> waiting for a reply, the sender is also waiting to later on either> receive a completed, exited, or failed message indicating that all> further work done after the reply has completed/failed.>> If the scope is for a single activity than only that activity is> performed, but again after the reply is sent you still need to send> completed/exited/failed which you could potentially piggyback on the> reply message (though not allowed in WS-TX currently).>>> > 2) Lets say after receiving the first <reply>, the caller want to> > commit the transaction.  What scope of work has been> committed ?  Does> > the caller wait for this whole process to be completed before the> > caller's transaction can commit successfully ?>> If we are talking BA then there are two modes: either you tell the> process when all work has been completed so it can wrap up> things on its> side and send a completed/exited message, or you wait for it> to tell you> when it completes and then wait for all others to tell you they> completed. In case of aborting, you would just tell working scopes to> cancel and completed scopes to compensate.There's also the option (in BA and BTP) that the receiver registersmultiple participants, one for each receive (or, indeed, more than one).If the context declares that the decision will be atomic (i.e. the samefor all participants), then how many participants there are, and how thework is partitioned among them is a concern only of the receiver.> The important thing here is that you should say what you mean> and mean> what you say. If what you meant is that no work could be completed> unless you received two requests, then that's what should happen. If> someone tries to commit before you completed all the work you> consider> this to be an inconsistent state and vote to rollback. This> means that> you will never do part of the work - either all or nothing.Shouldn't the receiver/participant trust the \"someone\" to mean what theysay too ? If they said commit in relation to the context they sent, thenthey want a commitment on what they've asked for so far. If the receivercan do that to be internally consistent, it should vote commit. It's upto the other end to decide what the totatlity is.> If what you meant is that only some work needs to be done and> the rest> is optional, you should write it as such, perhaps by using an> event handler.don't see why.> > 3) If instead the caller want to cancel the transaction.> How does the> > process cancel its work ?  Where is the compensation> handler defined ?>> Since you haven't yet completed the sequence you can't compensate for> it. Instead you get a terminate fault and handle it. However,> since you> already did some activities you may have nested scopes with their own> compensation handlers which you would invoke from the event> handler of> the sequence.what you do to undo things is surely implementation detail - of noconcern to the top-end, and not needing to be distinguished in thecoordination protocol (contra ws-t). \"cancel\", \"compensate\" and\"rollback\" all mean \"make it not so\". The receiver must know its ownstate and work out how to revert, to the best of its ability.>> > 4) What if the second <receive> pass in a different context ?  (the> > only way to prevent this happening is to use the context> itself as the> > correlation set)>> Good question.if it was sent in a different context, it was meant in a differentcontext (as Arkin says, you must mean what you say). If the receivercan't do the work separately, (and the requestor doesn't shortly confirmthe first transaction), then this use isn't going to work. But generallyit would be quite reasonable to do things step by step, confirming eachone. And, depending what this is, it could be just as reasonable to senda sequence then confirm the effects of 1, 3 and 6 but cancel 2,4 and 5.(or as the requestor pleases).> In EJB if you have a session bean and you call it twice in> two different> transactions then the access would be serialized or you would get an> error. I don't exactly remember which case is true, but you won't get> two invocations from two transactions for the same bean if one> transaction has not completed yet.>> So I would tend to believe that the rule should be that all incoming> messages should either be part of the same scope, part of a> child scope> (if that activity is defined as part of a child scope), or not> associated with any scope. But it can't be part of a different scope> unless it observes a parent-child relationship.Parent-child would be common, but again, if the application+coordinationprotocol combination allows the sender to communicate a different wish,it is possible to obey it.> > Lets say I'm an airline company.  I don't want to reserve> the seat for> > a lengthy period and later cancel it when the passenger change his> > mind.  So my strategy is to only book the seat when the customer> > commits its purchase.  After that, I don't refund (so not> > compensatable from the passenger's perspective).> > The original state of the seat is \"available\".  When the passenger> > invoke my \"TicketBookingService\", the seat is marked> > \"potentially-booked\".  When the transaction commit> successfully, the> > seat status to be \"booked\".  After that, it is non-compensatable.> >> > How do I achieve this if I only have the CompensationHandler ?excellent example - you are getting pushed out of shape by a protocolthat thinks it knows how the world always works, and this bit doesn't.The general case isperform provisional work such that you can later:make it not so, if so instructedmake it finally so, if so instucted(slot in as many synonyms for provisional, make it not so, make it so asyou please)so, I agree, you need at least two \"handlers\". Whether these are definedas mainstream and exception, or both as event handlers is mostly amatter of how the language works, I think.Peter------------------------------------------Peter FurnissChief Scientist, Choreology LtdCohesions 1.0 (TM)Business transaction management software for application coordinationweb: http://www.choreology.comphone:  +44 20 7670 1679direct: +44 20 7670 1783mobile: +44 7951 53616813 Austin Friars, London EC2N 2JX",
            "docno": "lists-026-3647998",
            "received": "Thu May 22 08:57:13 2003",
            "isoreceived": "20030522125713",
            "sent": "Thu, 22 May 2003 13:56:58 +0100",
            "isosent": "20030522125658",
            "name": "Furniss, Peter",
            "email": ":  peter.furniss@choreology.com",
            "subject": "RE: Co-ordination protocol and BPEL",
            "id": "221369570DEDF346AE42821041345E89194D88@exchange1.corp.choreology.com",
            "charset": "us-ascii",
            "inreplyto": "Co-ordination protocol and BPEL",
            "expires": "-1",
            "to": "\"Assaf Arkin\"<arkin@intalio.com>,\"Ricky Ho\"<riho@cisco.com>\n",
            "cc": "<public-ws-chor@w3.org>\n"
        },
        {
            "body": "Assaf Arkin sent:> For atomic transactions you don't need prepare or commit, you are> working at a higher level than the code and all that needs to be> prepared or committed should be done by the engine for you.That assumes the participant side implementation treats atomictransactions by delegating all resource operations to transaction-awareRMs. That's certainly possible, but doesn't seem to be essential.>                                                             For BA> transactions you don't have prepare or commit, every response is an> indication that all previous steps have been completed (prepared and> committed). You do need a way to cancel, but this can be done> by a fault> handler (the terminate fault). And you do need a way to> compensate and> this is done by a compensation handler.It's a major bug in the current WS-T that it exposes, in the inter-partyprotocol, how the participant handles its resources and delivers on its\"promise\" to obey a subsequent cancel. That seems inappropriate to thisworld of \"loosely coupled\" systems. Obviously, in some cases, thecontract between the systems may cover the degree of exposure of theintermediate results, and in what circumstances faults might occur (WS-TBA cannot communicate a failure of committed, closed transaction becauseit is locked to a perform, compensate approach). But that's detail onthe fundamental, common to any coordination pattern, that all theplayers have to make their final state dependent on a single decision(strictly, all but one, since the decider can be a resource-holder).Peter------------------------------------------Peter FurnissChief Scientist, Choreology LtdCohesions 1.0 (TM)Business transaction management software for application coordinationweb: http://www.choreology.comphone:  +44 20 7670 1679direct: +44 20 7670 1783mobile: +44 7951 53616813 Austin Friars, London EC2N 2JX",
            "docno": "lists-026-3637004",
            "received": "Thu May 22 08:57:12 2003",
            "isoreceived": "20030522125712",
            "sent": "Thu, 22 May 2003 13:56:57 +0100",
            "isosent": "20030522125657",
            "name": "Furniss, Peter",
            "email": ":  peter.furniss@choreology.com",
            "subject": "RE: Co-ordination protocol and BPEL",
            "id": "221369570DEDF346AE42821041345E89194D87@exchange1.corp.choreology.com",
            "charset": "us-ascii",
            "inreplyto": "Co-ordination protocol and BPEL",
            "expires": "-1",
            "to": "\"Assaf Arkin\"<arkin@intalio.com>,\"Ricky Ho\"<riho@cisco.com>\n",
            "cc": "\"Mark Little\"<mark.little@arjuna.com>,<public-ws-chor@w3.org>\n"
        },
        {
            "body": "Furniss, Peter wrote:>For the sequence case, unless the first message is explicitly defined as>being the first of a conversation, and that definition says that a>context on it is implicit to the rest of the conversation, I'd kind of>assume that each message has it's own context. Of course, these could>always be the same context, meaning each of them are part of the same>transaction.>>There's a difference between programming languages and processlanguages. In a programming language you may end up getting dirty withthe details, you want the maximum amount of flexibility to do the mostcomplicated things. In the process language you are trying to simplifythe work of writing these definitions and you don't need to get into thedetails.Writing process definitions in Java is very expensive because it's alower level language, and you would rather use more suitable and easierto work with languages to get that done. Writing low-level components issomething best done in Java, C#, VB or similar languages. There needs tobe a clear division here. Sure, we could make the process language ascapable as Java, but then what have we brough to the table: anotherlanguage that is as complex as Java, just written using XML?What we're trying to do is not rob anyone of the capability to createreally complicated systems, only let them simplify the work by dividingthe labor between languages that are suited for dealing with theprocesses and languages that are able to deal with the nitty grittydetails. So if you do not do funky things you would write them as Javacomponents, if you need to specify activity flows you would write themas BPEL processes, and if you need both you'll write a process and a setof components and use them together.The process language doesn't entirely rob you of capabilities, it's justbased on the assumption that you mean what you say and you say what youmean. If you meant for multiple activities to be part of the samecontext, you write them as part of some scope, and if you ment for themto be in separate contexts you write them in separate scopes. That savesyou the problem of writing a lot of activities and a lot ofscope-handling logic to go along with it. If nothing else, it's moredeclarative.>>There's also the option (in BA and BTP) that the receiver registers>multiple participants, one for each receive (or, indeed, more than one).>If the context declares that the decision will be atomic (i.e. the same>for all participants), then how many participants there are, and how the>work is partitioned among them is a concern only of the receiver.>>Whether you register all the participants with the original context orinterpose is an implementation detail, and a process engine can do itany way it wants. The specification as I read it is generic enough tolet the process engine decide how to do it. BPEL should be \"looselycoupled\" as well, in the sense that it should let the process engine doit the way it feels right and not specify it in the process definitionitself.>>The important thing here is that you should say what you mean>>and mean>>what you say. If what you meant is that no work could be completed>>unless you received two requests, then that's what should happen. If>>someone tries to commit before you completed all the work you>>consider>>this to be an inconsistent state and vote to rollback. This>>means that>>you will never do part of the work - either all or nothing.>>>>>>Shouldn't the receiver/participant trust the \"someone\" to mean what they>say too ? If they said commit in relation to the context they sent, then>they want a commitment on what they've asked for so far. If the receiver>can do that to be internally consistent, it should vote commit. It's up>to the other end to decide what the totatlity is.>In this case the process definition says: I need to do A followed by Bin order to complete the transaction. The process engine interprets itliterally to mean, just doing A is not enough, the transaction has notreached a consistent state. So if someone asks to commit prematurely,the process engine must conclude that at this point (after A) the stateis not consistent/coherent and so should not be stored and rollsback.Think of the case where the process definition says \"register a flight\"then \"submit payment\" to get it booked. If both activities are done thenthe flight is booked. But if someone registers a flight, then has thepower to coordinate a commit without submitting payment, what would theprocess engine do? It's obvious to the process engine that both stepshave not been completed, and the right course of action is to rollbackthe transaction.If the intent was the the second step is optional, then the processshould have been rewritten to make the second step optional.>what you do to undo things is surely implementation detail - of no>concern to the top-end, and not needing to be distinguished in the>coordination protocol (contra ws-t). \"cancel\", \"compensate\" and>\"rollback\" all mean \"make it not so\". The receiver must know its own>state and work out how to revert, to the best of its ability.>>In my opinion there is one coordination protocol that always works, andthe WS-TX/BA expresses that protocol. You can use it for any type oftransaction.However, when you are doing short lived transactions that can benefitfrom resource locking to simplify rollback, and are fully cancellable,you can get better performance if you choose to use 2PC with your RMs.This is the only place where you would use 2PC to get betterperformance, delaying updates until the 2PC phase rather than doingupdates and then compensating for them.So the 2PC protocol has very specific use in very specific type oftransactions where it gives you better throughput, but is not applicableall over the place.>>Parent-child would be common, but again, if the application+coordination>protocol combination allows the sender to communicate a different wish,>it is possible to obey it.>>It is also possible to write the process according to thatspecification. Process languages tend to be declarative, and again thisgoes back to say what you mean and mean what you say. If you ment thatthings should be done in some other way - write it so. Don't write a lotof case handling logic, but declare it properly up front.>>>Lets say I'm an airline company.  I don't want to reserve>>>>>>>>the seat for>>>>>>>a lengthy period and later cancel it when the passenger change his>>>mind.  So my strategy is to only book the seat when the customer>>>commits its purchase.  After that, I don't refund (so not>>>compensatable from the passenger's perspective).>>>The original state of the seat is \"available\".  When the passenger>>>invoke my \"TicketBookingService\", the seat is marked>>>\"potentially-booked\".  When the transaction commit>>>>>>>>successfully, the>>>>>>>seat status to be \"booked\".  After that, it is non-compensatable.>>>>>>How do I achieve this if I only have the CompensationHandler ?>>>>>>>>excellent example - you are getting pushed out of shape by a protocol>that thinks it knows how the world always works, and this bit doesn't.>>Let's not confuse the protocol with the language. Ricky's questionrelates to the language which doesn't even have to use this protocol.The language would let you use compensation handler without necessarilyhaving compensation request (e.g. when handling a fault). On the otherhand the protocol may ask for compensation which could easily be aseparate process definition (not a compensation handler) if youprogrammed the engine accordingly. These are two separate things thathappen to work together, but can also be used separately.arkin>The general case is>perform provisional work such that you can later:>>make it not so, if so instructed>make it finally so, if so instucted>>(slot in as many synonyms for provisional, make it not so, make it so as>you please)>>so, I agree, you need at least two \"handlers\". Whether these are defined>as mainstream and exception, or both as event handlers is mostly a>matter of how the language works, I think.>>>>Peter>>------------------------------------------>Peter Furniss>Chief Scientist, Choreology Ltd>>   Cohesions 1.0 (TM)>   Business transaction management software for application coordination>>web: http://www.choreology.com>email:  peter.furniss@choreology.com>phone:  +44 20 7670 1679>direct: +44 20 7670 1783>mobile: +44 7951 536168>13 Austin Friars, London EC2N 2JX>>--\"Those who can, do; those who can't, make screenshots\"----------------------------------------------------------------------Assaf Arkin                                          arkin@intalio.comIntalio Inc.                                           www.intalio.comThe Business Process Management Company                 (650) 577 4700This message is intended only for the use of the Addressee andmay contain information that is PRIVILEGED and CONFIDENTIAL.If you are not the intended recipient, dissemination of thiscommunication is prohibited. If you have received this communicationin error, please erase all copies of the message and its attachmentsand notify us immediately.",
            "docno": "lists-026-3835429",
            "received": "Thu May 22 15:55:04 2003",
            "isoreceived": "20030522195504",
            "sent": "Thu, 22 May 2003 11:48:38 -0700",
            "isosent": "20030522184838",
            "name": "Assaf Arkin",
            "email": "rkin@intalio.com",
            "subject": "Re: Co-ordination protocol and BPEL",
            "id": "3ECD1B86.5060404@intalio.com",
            "charset": "us-ascii",
            "inreplyto": "221369570DEDF346AE42821041345E89194D88&#64;exchange1.corp.choreology.com",
            "expires": "-1",
            "to": "\"Furniss, Peter\"<Peter.Furniss@choreology.com>\n",
            "cc": " Ricky Ho<riho@cisco.com>,public-ws-chor@w3.org\n"
        },
        {
            "body": "catching up ...Ricky Ho sent:>>BPEL integration with WS-Tx>======================>I'd like to see something like the following in BPEL>><process>>    ....>    <sequence>>        .....>        <receive newScope=\"true\" ....>>            <scope>>                <PrepareHandler> ... </PrepareHandler>>                <CancelHandler> ... </CancelHandler>>                <CommitHandler> ... </CommitHandler>>                <CompensationHandler> ... </CompensationHandler>>           </scope>>        </receive>>        .....>    </sequence>></process>>>Thoughts ??That latter looks remarkably like the Participant framework we have (injava) in Choreology Cohesions - proof perhaps that BPEL is just aprogramming language :-). Some piece of behaviour in reaction to anapplication message is defined (do there need to be immediate forwardoperations in the <receive> element ?), and the reactions to thepotential future stimuli are also defined and associated with it.Peter------------------------------------------Peter FurnissChief Scientist, Choreology LtdCohesions 1.0 (TM)Business transaction management software for application coordinationweb: http://www.choreology.comphone:  +44 20 7670 1679direct: +44 20 7670 1783mobile: +44 7951 53616813 Austin Friars, London EC2N 2JX",
            "docno": "lists-026-3665714",
            "received": "Thu May 22 08:57:08 2003",
            "isoreceived": "20030522125708",
            "sent": "Thu, 22 May 2003 13:56:57 +0100",
            "isosent": "20030522125657",
            "name": "Furniss, Peter",
            "email": ":  peter.furniss@choreology.com",
            "subject": "RE: Co-ordination protocol and BPEL",
            "id": "221369570DEDF346AE42821041345E89194D86@exchange1.corp.choreology.com",
            "charset": "us-ascii",
            "inreplyto": "Co-ordination protocol and BPEL",
            "expires": "-1",
            "to": "\"Ricky Ho\"<riho@cisco.com>,\"Mark Little\"<mark.little@arjuna.com>,<public-ws-chor@w3.org>\n"
        },
        {
            "body": "Arkin,I'm afraid I don't follow some of this.  You seem to be saying somethingmore extreme than I would : that if a communication between components(loosely termed) is not in practice mapped to a WSDL-ablerepresentation, then it cannot be referenced in the choreographydescription of either components' other interactions. That could betaken as defining what a choreography description is - (and is for) -that it covers a community whose members behaviour is sufficientlycompletely described such that whole communities process can be studiedand determined. Obviously, to do that, the interactions and therelationships between the interactions have to be reduced to a commonform.But there is also description that defines an interaction by its effectsin semantic and contractual terms, regardless of how the other legs aredone. That was just applicable in the older world - the inter-partycontracts may not have been written down in the same way,  but youusually know what it means to you to invoke a (remote) method on acolleague's object, even if you have no idea how they are working it.Even more with EDI, you would know what you asked and not have thefoggiest what was going to interpret it.If Choreography is limited to expressing its semantics in terms of otherWS messages, it would seem to be rather limited. Somehow it has to climbout of the arena and express real-world intent.An alternative test: is choreography useful for a scenario where thereare only two services talking to each other - both connected into theirown business systems (for any interpretation of \"business\"), but with noother WS interactions.(this may be based on misunderstanding of your message - I especiallydidn't follow the bit about buyer and seller proxy - do you mean thatthis is a bi-lateral case ?)Peter-----Original Message-----From: Assaf Arkin [mailto:arkin@intalio.com]Sent: 17 March 2003 02:40Subject: RE: General Choreography and Bi-lateral Choreography-----Original Message-----From: public-ws-chor-request@w3.org[mailto:public-ws-chor-request@w3.org]On Behalf Of Furniss, PeterSent: Sunday, March 16, 2003 4:45 PMSubject: RE: General Choreography and Bi-lateral ChoreographyI agree with the view that concentrating on the bilateral case will behelpful.One test against the utility of \"general\" choreography is to considerthe case where some of the communication is not web-services(effectively, not usefully represented in wsdl).  Take the use caseRicky started with , of buyer - seller -shipper.  If the seller-shippercommuncations were by phone/fax, or legacy edifact, the buyer-seller andbuyer-shipper conversations could well be exactly the same.  So theChoreography description as known and used by the buyer need not (andindeed should not) be dependent on how the other two talk to each other.Most ERP vendors will tell you this is a non-issue. While they supportphone, fax and other forms of non-IP communication, that information isfed into the system manually and therefore there is a representation ofthe information exchange irrelevant of the protocol used. In fact, inone of the scenarios we have been dealing with part of the informationis exchanged by fax. But form that point on it either vanishes into thinair and neither buyer nor seller can use it, or it is fed into a systemwhich can track it, in which case it becomes part of the choreographyand a message described by WSDL. The fact that a lot of information iscarried over non-IP protocols seems to orthogonal to the fact that anycomputer system dealing with that information can in fact describe it asa message exchange.They will also tell you it's a non-issue because most of the problemsthey are trying to solve are not of the buyer-seller-shipper partnervariety, but more of the buyer-seller-shipper components/gatewayinteraction, so the choreography is defined in terms of buyer proxytalking to seller proxy, where one can be represented by the ERP andanother by an EDI gateway. I know of at least one big manufacturer whoviews their partner relationships in exactly that way.There's kind of a mental shift here. In the CORBA/DCOM/EDI world, if itwasn't travelling over the wire in that one and only protocol then itcould not be described. If you used IIOP but it was travelling over EDIit was invisible to you, and vice versa.On the other hand with Web services, if you can proxy it, transform it,scan it, or type it in, you can describe it. You don't need to talk toyour partner using HTTP, you can have someone feed the information to aWS proxy HTML form, and you can define that WS proxy as representing theinteraction with that partner. Which says a lot about the revolutionaryapproach of Web services*arkin* Needless to say if you were ever thinking of enabling road warriors toconduct business online having just a PDA and base Internet link, oreven a Web-enabled phone, that's the way to do it.Even the linkage between the conversations involving a single party israther limited. Much of it is kind of \"typed reference\" to anotherservice - if the buyer tells the seller the address of the buyers wsthat will be used by the shipper, then, if we have good bilateralchoreography descriptions, that passed address (uri) might be typed bythe appropriate description. And there is likely some data field passedas well, so the buyer knows which incoming shipment corresponds to whichorder. But again, that's fairly weak linkage.one further comment inline-----Original Message-----From: Ricky Ho [mailto:riho@cisco.com]Sent: 16 March 2003 08:20Subject: General Choreography and Bi-lateral ChoreographyDavid,I agree with everything you say.  However, I want to elaborate my viewon multi-party choreography.Most real life B2B scenario are multi-party interaction.  But\"multi-party interaction\" is NOT equivalent to \"multi-partychoreography\".  For example, a company (or \"domain of control\") can havean orchestration that span multiple \"bi-lateral\" choreographies.  Inother words, \"multi-party interaction\" can be realized by multiple\"bi-lateral\" choreographies linked together by orchestration.  The onlything lost is the sequence dependencies between message exchanges withinchoreographies is NOT captured externally.I honestly don't think bi-lateral choreography is sufficient to capturearbitrary public protocol sequence.  For example, the well-known 2-phasecommit protocol cannot be specified using bi-lateral choreography.  So Iagree with you that in a generic sense \"choreography\" should NOT berestricted to 2 parties.prf: on the 2-phase commit comment: I'm not sure if you mean*bi-lateral\" isn't sufficient, or \"choreography\" isn't sufficient. As Isaid before, I think treating 2-pc as an example \"application protocol\"- i.e. the subject for a choreography description - can be veryinstructive.2-pc can certainly be defined, precisely and fully, involving only twoparties. This was done in the OSI Commitment, Concurrency Recovery (CCR)spec [ in fact, because standards politics meant it wasn't allowed tohave normative multi-party text, but also was required to have normativesemantic definition], and is also (I hope) complete in the BTPspecification of the \"outcome\" protocol (the superior:inferior bit).There are implications for what is going on with other parts of thetransaction tree, but the fundamental protocol is in fact two-party. (mydiagram with the 3 dumbells and the box, on about my 4th slide was meantto show this, but I fear may not have explained it well] (I mention CCRand BTP because I know them - there may be other specs of similarnature)What you do need, beyond the simple message exchange rules, arestatements of the implied semantics of the messages. This is mostcertainly part of the contract definition between the parties, and westrongly believe any useful choreography specification needs to haveways of stating the contractual implications (at least thesoftware-contractual implications) of the messages.Peter------------------------------------------Peter FurnissChief Scientist, Choreology LtdCohesions 1.0 (TM)Business transaction management software for application coordinationweb: http://www.choreology.com <http://www.choreology.com/>phone:  +44 20 7670 1679direct: +44 20 7670 1783mobile: +44 7951 53616813 Austin Friars, London EC2N 2JX",
            "docno": "lists-025-14570703",
            "received": "Mon Mar 17 07:28:34 2003",
            "isoreceived": "20030317122834",
            "sent": "Mon, 17 Mar 2003 12:28:19 -0000",
            "isosent": "20030317122819",
            "name": "Furniss, Peter",
            "email": ":  peter.furniss@choreology.com",
            "subject": "RE: General Choreography and Bi-lateral Choreography",
            "id": "221369570DEDF346AE42821041345E890E82BB@exchange1.corp.choreology.com",
            "charset": "us-ascii",
            "inreplyto": "General Choreography and Bi-lateral Choreography",
            "expires": "-1",
            "to": " Burdett, David; public-ws-chor@w3.org\n"
        },
        {
            "body": "Message-----Original Message-----From: public-ws-chor-request@w3.org[mailto:public-ws-chor-request@w3.org]On Behalf Of Furniss, PeterSent: Sunday, March 16, 2003 4:45 PMTo: Ricky Ho; public-ws-chor@w3.orgSubject: RE: General Choreography and Bi-lateral ChoreographyI agree with the view that concentrating on the bilateral case will behelpful.One test against the utility of \"general\" choreography is to consider thecase where some of the communication is not web-services (effectively, notusefully represented in wsdl).  Take the use case Ricky started with , ofbuyer - seller -shipper.  If the seller-shipper communcations were byphone/fax, or legacy edifact, the buyer-seller and buyer-shipperconversations could well be exactly the same.  So the Choreographydescription as known and used by the buyer need not (and indeed should not)be dependent on how the other two talk to each other.Most ERP vendors will tell you this is a non-issue. While they supportphone, fax and other forms of non-IP communication, that information is fedinto the system manually and therefore there is a representation of theinformation exchange irrelevant of the protocol used. In fact, in one of thescenarios we have been dealing with part of the information is exchanged byfax. But form that point on it either vanishes into thin air and neitherbuyer nor seller can use it, or it is fed into a system which can track it,in which case it becomes part of the choreography and a message described byWSDL. The fact that a lot of information is carried over non-IP protocolsseems to orthogonal to the fact that any computer system dealing with thatinformation can in fact describe it as a message exchange.They will also tell you it's a non-issue because most of the problems theyare trying to solve are not of the buyer-seller-shipper partner variety, butmore of the buyer-seller-shipper components/gateway interaction, so thechoreography is defined in terms of buyer proxy talking to seller proxy,where one can be represented by the ERP and another by an EDI gateway. Iknow of at least one big manufacturer who views their partner relationshipsin exactly that way.There's kind of a mental shift here. In the CORBA/DCOM/EDI world, if itwasn't travelling over the wire in that one and only protocol then it couldnot be described. If you used IIOP but it was travelling over EDI it wasinvisible to you, and vice versa.On the other hand with Web services, if you can proxy it, transform it,scan it, or type it in, you can describe it. You don't need to talk to yourpartner using HTTP, you can have someone feed the information to a WS proxyHTML form, and you can define that WS proxy as representing the interactionwith that partner. Which says a lot about the revolutionary approach of Webservices*arkin* Needless to say if you were ever thinking of enabling road warriors toconduct business online having just a PDA and base Internet link, or even aWeb-enabled phone, that's the way to do it.Even the linkage between the conversations involving a single party israther limited. Much of it is kind of \"typed reference\" to another service -if the buyer tells the seller the address of the buyers ws that will be usedby the shipper, then, if we have good bilateral choreography descriptions,that passed address (uri) might be typed by the appropriate description. Andthere is likely some data field passed as well, so the buyer knows whichincoming shipment corresponds to which order. But again, that's fairly weaklinkage.one further comment inline-----Original Message-----From: Ricky Ho [mailto:riho@cisco.com]Sent: 16 March 2003 08:20To: Burdett, David; public-ws-chor@w3.orgSubject: General Choreography and Bi-lateral ChoreographyDavid,I agree with everything you say.  However, I want to elaborate my viewon multi-party choreography.Most real life B2B scenario are multi-party interaction.  But\"multi-party interaction\" is NOT equivalent to \"multi-party choreography\".For example, a company (or \"domain of control\") can have an orchestrationthat span multiple \"bi-lateral\" choreographies.  In other words,\"multi-party interaction\" can be realized by multiple \"bi-lateral\"choreographies linked together by orchestration.  The only thing lost is thesequence dependencies between message exchanges within choreographies is NOTcaptured externally.I honestly don't think bi-lateral choreography is sufficient to capturearbitrary public protocol sequence.  For example, the well-known 2-phasecommit protocol cannot be specified using bi-lateral choreography.  So Iagree with you that in a generic sense \"choreography\" should NOT berestricted to 2 parties.prf: on the 2-phase commit comment: I'm not sure if you mean*bi-lateral\" isn't sufficient, or \"choreography\" isn't sufficient. As I saidbefore, I think treating 2-pc as an example \"application protocol\" - i.e.the subject for a choreography description - can be very instructive.2-pc can certainly be defined, precisely and fully, involving only twoparties. This was done in the OSI Commitment, Concurrency Recovery (CCR)spec [ in fact, because standards politics meant it wasn't allowed to havenormative multi-party text, but also was required to have normative semanticdefinition], and is also (I hope) complete in the BTP specification of the\"outcome\" protocol (the superior:inferior bit). There are implications forwhat is going on with other parts of the transaction tree, but thefundamental protocol is in fact two-party. (my diagram with the 3 dumbellsand the box, on about my 4th slide was meant to show this, but I fear maynot have explained it well] (I mention CCR and BTP because I know them -there may be other specs of similar nature)What you do need, beyond the simple message exchange rules, arestatements of the implied semantics of the messages. This is most certainlypart of the contract definition between the parties, and we strongly believeany useful choreography specification needs to have ways of stating thecontractual implications (at least the software-contractual implications) ofthe messages.Peter------------------------------------------Peter FurnissChief Scientist, Choreology LtdCohesions 1.0 (TM)Business transaction management software for application coordinationweb: http://www.choreology.comemail:  peter.furniss@choreology.comphone:  +44 20 7670 1679direct: +44 20 7670 1783mobile: +44 7951 53616813 Austin Friars, London EC2N 2JX",
            "docno": "lists-025-14522483",
            "received": "Sun Mar 16 21:40:51 2003",
            "isoreceived": "20030317024051",
            "sent": "Sun, 16 Mar 2003 18:39:53 -0800",
            "isosent": "20030317023953",
            "name": "Assaf Arkin",
            "email": "rkin@intalio.com",
            "subject": "RE: General Choreography and Bi-lateral Choreography",
            "id": "IGEJLEPAJBPHKACOOKHNCEJIDFAA.arkin@intalio.com",
            "charset": "us-ascii",
            "inreplyto": "221369570DEDF346AE42821041345E890E82A9&#64;exchange1.corp.choreology.com",
            "expires": "-1",
            "to": "\"Furniss, Peter\"<Peter.Furniss@choreology.com>,\"Ricky Ho\"<riho@cisco.com>,<public-ws-chor@w3.org>\n"
        },
        {
            "body": "I agree with the view that concentrating on the bilateral case will behelpful.One test against the utility of \"general\" choreography is to considerthe case where some of the communication is not web-services(effectively, not usefully represented in wsdl).  Take the use caseRicky started with , of buyer - seller -shipper.  If the seller-shippercommuncations were by phone/fax, or legacy edifact, the buyer-seller andbuyer-shipper conversations could well be exactly the same.  So theChoreography description as known and used by the buyer need not (andindeed should not) be dependent on how the other two talk to each other.Even the linkage between the conversations involving a single party israther limited. Much of it is kind of \"typed reference\" to anotherservice - if the buyer tells the seller the address of the buyers wsthat will be used by the shipper, then, if we have good bilateralchoreography descriptions, that passed address (uri) might be typed bythe appropriate description. And there is likely some data field passedas well, so the buyer knows which incoming shipment corresponds to whichorder. But again, that's fairly weak linkage.one further comment inline-----Original Message-----From: Ricky Ho [mailto:riho@cisco.com]Sent: 16 March 2003 08:20Subject: General Choreography and Bi-lateral ChoreographyDavid,I agree with everything you say.  However, I want to elaborate my viewon multi-party choreography.Most real life B2B scenario are multi-party interaction.  But\"multi-party interaction\" is NOT equivalent to \"multi-partychoreography\".  For example, a company (or \"domain of control\") can havean orchestration that span multiple \"bi-lateral\" choreographies.  Inother words, \"multi-party interaction\" can be realized by multiple\"bi-lateral\" choreographies linked together by orchestration.  The onlything lost is the sequence dependencies between message exchanges withinchoreographies is NOT captured externally.I honestly don't think bi-lateral choreography is sufficient to capturearbitrary public protocol sequence.  For example, the well-known 2-phasecommit protocol cannot be specified using bi-lateral choreography.  So Iagree with you that in a generic sense \"choreography\" should NOT berestricted to 2 parties.prf: on the 2-phase commit comment: I'm not sure if you mean*bi-lateral\" isn't sufficient, or \"choreography\" isn't sufficient. As Isaid before, I think treating 2-pc as an example \"application protocol\"- i.e. the subject for a choreography description - can be veryinstructive.2-pc can certainly be defined, precisely and fully, involving only twoparties. This was done in the OSI Commitment, Concurrency Recovery (CCR)spec [ in fact, because standards politics meant it wasn't allowed tohave normative multi-party text, but also was required to have normativesemantic definition], and is also (I hope) complete in the BTPspecification of the \"outcome\" protocol (the superior:inferior bit).There are implications for what is going on with other parts of thetransaction tree, but the fundamental protocol is in fact two-party. (mydiagram with the 3 dumbells and the box, on about my 4th slide was meantto show this, but I fear may not have explained it well] (I mention CCRand BTP because I know them - there may be other specs of similarnature)What you do need, beyond the simple message exchange rules, arestatements of the implied semantics of the messages. This is mostcertainly part of the contract definition between the parties, and westrongly believe any useful choreography specification needs to haveways of stating the contractual implications (at least thesoftware-contractual implications) of the messages.Peter------------------------------------------Peter FurnissChief Scientist, Choreology LtdCohesions 1.0 (TM)Business transaction management software for application coordinationweb: http://www.choreology.com <http://www.choreology.com/>phone:  +44 20 7670 1679direct: +44 20 7670 1783mobile: +44 7951 53616813 Austin Friars, London EC2N 2JX",
            "docno": "lists-025-14508945",
            "received": "Sun Mar 16 19:45:29 2003",
            "isoreceived": "20030317004529",
            "sent": "Mon, 17 Mar 2003 00:45:18 -0000",
            "isosent": "20030317004518",
            "name": "Furniss, Peter",
            "email": ":  peter.furniss@choreology.com",
            "subject": "RE: General Choreography and Bi-lateral Choreography",
            "id": "221369570DEDF346AE42821041345E890E82A9@exchange1.corp.choreology.com",
            "charset": "us-ascii",
            "inreplyto": "General Choreography and Bi-lateral Choreography",
            "expires": "-1",
            "to": " Burdett, David; public-ws-chor@w3.org\n"
        },
        {
            "body": "> Mark Little's message distinguished a \"two-phase coordination protocol\"> case from a \"lightweight correlation\" case. I don't believe these are> genuinely different - in implementation, they are just alternative> partitionings of the same work and, in message exchange/protocol terms,> OASIS BTP was specifically designed to do both. (WS-T isn't currently> quite as flexible)They are different precisely the manner I outlined (though perhaps didn'tgive enough text): the latter case does not require a separate coordinatoras its functionality may very well already be built into the business logic.We are working with companies that do not need a separate coordinator (ortransaction) service whether that is based on BTP or WS-T: they have spentmany years on developing in-house management systems that do this for themand do it very well (and in the presence of failures).>> Taking the \"correlation\" pattern:>> > application                                                    service> > start business relationship> > place order--------------correlation id--------->> > <-----------------------------------------------order placed> >                    (can be undone later, with some guarantees)> > do some other work> > confirm order-----------correlation id---------->> > <-----------------------------------------------order confirmed> >   order will be fulfilled>> That's exactly the pattern of the BTP \"one-shot\", where the prepared> signal is piggy-backed on the order placed message. Using a coordination> protocol avoids having to re-invent in the application protocol the> collision, recovery and error cases and allows the implementations on> each side to take advantage of features of the coordination> implementations. Of course, you *can* do it for yourself, (if you're on> this list), you'll probably get it right. But you will find you are> re-specifying and reimplementing something that already exists.I think it is very short-sighted to believe that existing implementations ofworkflow systems (as an example) will be changed to use some separatecoordination service, whatever its basis/history. Obviously newly createdapplications may very well not want to reinvent the wheel if that wheel isalready out there and works (but it may not be).The starting point is the context, that is the core. Everything else buildsupon this.> Actually, I'm especially intrigued that Mark doesn't count that as being> \"two-phase\".You are correct and wrong: firstly this is a two-phase approach; secondly Idid not say it wasn't two-phase in my original email!> There's obviously a double exchange, and it's clear the> service passes through a \"doubt phase\", where it's waiting on the> leftside to confirm (or presumably, cancel) the order. To me, that's> two-phase - there's a request for work to be performed contingent on a> later yes/no, then the yes/no. Whether there's an explicit prepare> signal, or whether the coordinator could be separated (or, as here, is> integrated on the left-side) are particulars that don't affect the> principal.Again, correct. However, in this case it's two-phase, but there aresituations where it isn't and BTP (since I'm assuming you're pushing that)isn't appropriate.Mark.>>> Peter>> ------------------------------------------> Peter Furniss> Chief Scientist, Choreology Ltd>>    Cohesions 1.0 (TM)>    Business transaction management software for application coordination>> web: http://www.choreology.com> email:  peter.furniss@choreology.com> phone:  +44 20 7670 1679> direct: +44 20 7670 1783> mobile: +44 7951 536168> 13 Austin Friars, London EC2N 2JX>> > -----Original Message-----> > From: Mark Little [mailto:mark.little@arjuna.com]> > Sent: 20 May 2003 10:29> > To: Bob Haugen; public-ws-chor@w3.org; Ricky Ho> > Subject: Re: Global view requires transactions (RE: Use Cases )> >> >> >> > > > I think the \"shared state\" in this context means \"shared> > visibility\"> > > rather> > > > than \"transactional update\".  In other words, it is OK to have one> > > role> > > > just update its state unilaterally and communicate that result to> > > relevant> > > > partners.  Of course for certain business-specific process, the> > > > state change may need co-ordination among partners (e.g. how do I> > > > know my PO> > > has> > > > been accepted).> > >> > > Those are exactly the kinds of state changes I have in> > mind. A PO is> > > an offer to buy. Acceptance forms a contract. State changes to a> > > contract need to be agreed upon by all parties to the> > contract.  Call> > > it what you will: transaction, coordination, synchronization,> > > agreement... it's too common and critical to code adhoc every time.> > >> > > Shared visibility would be true for a REST model> > > where all partners could GET a representation> > > of the current state of all shared resources.> > >> > > Otherwise, all you got is messages over the wire> > > and maybe an agreed state chart.> > >> > > The business transaction models I cited arose> > > from those situations:  contracts between partners,> > > agreed or standardized state chart, state changes effected> > > by message exchange in a set pattern.> > >> > > They're related to but not the same as private> > > local transactions.> > >> > > I'm not advocating a particular solution in this message.> > Just raising> > > the issue.> >> > Actually, what you need first and foremost is context to> > correlate messages. What the messages say (\"can you fulfill> > the order\") implicitly requires some form of correlation (in> > this example, with the aforementioned \"order\"). Coordination,> > whether it is done by some stand-alone coordinator technology> > (e.g., WS-C or BTP) or as a more natural part of the business> > interactions, utilises that correlation information.> >> > What I mean by the latter style of interaction is that, with> > a correlation id I don't need to have a \"coordinator\" and> > related \"participants\" (things that are coordinated) that are> > outside of the application; I can keep my application and> > services and structure the interactions to talk in terms of> > this correlation id.> >> > For example, in a \"transactional\" interaction with a separate> > coordinator (whether as a separate service or co-located with> > the user doesn't matter for this discussion), I'd typically> > get (assuming a two-phase protocol):> >> > application                    coordinator                service> > participant> > start tx------------------->> > <-------------------------get context> > place order----------------with context--------->> >> > enlist------------->> >> > <----------------------------------------enlist> > some other work> > commit tx----------------->> >> > prepare-------------------------------->> >> > <------------------------------------OK> >> > commit-------------------------------->> >> > <------------------------------------OK> > <--------------------------committed> > order will be fulfilled> >> > whereas if I have a correlation id I may use a more> > lightweight approach in some situations:> >> > application                                                    service> > start business relationship> > place order--------------correlation id--------->> > <-----------------------------------------------order placed> > (can be undone later, with some guarantees) do some other> > work confirm order-----------correlation id---------->> > <-----------------------------------------------order> > confirmed order will be fulfilled> >> > In this particular case, how \"service\" agrees to tentatively> > place the order and under what constraints is a business> > level decision and may well be exposed to the application> > through some bind-time metrics.> >> > Now this is not to say that coordination as presented> > previously isn't required. It is (and with transactions).> > What I'm trying to illustrate is that all> > business-to-business interactions don't necessitate a> > coordinator (or transactions). The context is the fundamental> > issue (correlation above is just a context).> >> > Now, if you think coordination is being done in an ad hoc> > manner, consider context! As an example, both WS-C and BTP> > have their own notion of context. At least WS-C doesn't tie> > it to two-phase as BTP does, so there is a little more leeway> > in what type of coordination protocol you can implement using WS-C.> >> > Mark.> >> >>",
            "docno": "lists-026-3675465",
            "received": "Thu May 22 09:12:00 2003",
            "isoreceived": "20030522131200",
            "sent": "Thu, 22 May 2003 14:11:36 +0100",
            "isosent": "20030522131136",
            "name": "Mark Little",
            "email": "rk.little@arjuna.com",
            "subject": "Re: Global view requires transactions (RE: Use Cases )",
            "id": "001301c32063$acae2190$b596f080@exhp",
            "charset": "iso-8859-1",
            "inreplyto": "221369570DEDF346AE42821041345E89194D85&#64;exchange1.corp.choreology.com",
            "expires": "-1",
            "to": "\"Furniss, Peter\"<Peter.Furniss@choreology.com>,\"Bob Haugen\"<rhaugen@speakeasy.net>,<public-ws-chor@w3.org>,\"Ricky Ho\"<riho@cisco.com>\n"
        },
        {
            "body": "Furniss, Peter wrote:>Assaf Arkin sent:>>>>>For atomic transactions you don't need prepare or commit, you are>>working at a higher level than the code and all that needs to be>>prepared or committed should be done by the engine for you.>>>>>>That assumes the participant side implementation treats atomic>transactions by delegating all resource operations to transaction-aware>RMs. That's certainly possible, but doesn't seem to be essential.>>If you are working with a low level programming language like Java youmay need to do things at the end of the transaction. You will need a wayto know about an intent to commit before it happens and know about theoutcome after it completed, akin to afterCompletion/beforeCompletion.For example, to cache data and only store it at the end, to set thestatus of a session object, to do optimistic locking, etc. WS-TX has theproper flow to let you do that for atomic transactions.If you are working with a high level programming language like BPEL,which is not intended to replace Java, you don't do these low leveloperations. The BPEL engine can do caching, optimistic locking, etcbecause it receives the signals it needs to do that. But what you arewriting depends on a smart engine taking care of these things, not ondoing work at that level of detail.We do not have a single use case where people would like to have highlevel process definitions which are best addressed by languages likeBPEL or BPML, and at the same time want to do low-level things thatrequire access to these signals. When it gets down to nitty grittydetails they tend to prefer to work with languages like Java.>>>>>                                                            For BA>>transactions you don't have prepare or commit, every response is an>>indication that all previous steps have been completed (prepared and>>committed). You do need a way to cancel, but this can be done>>by a fault>>handler (the terminate fault). And you do need a way to>>compensate and>>this is done by a compensation handler.>>>>>>It's a major bug in the current WS-T that it exposes, in the inter-party>protocol, how the participant handles its resources and delivers on its>\"promise\" to obey a subsequent cancel. That seems inappropriate to this>world of \"loosely coupled\" systems. Obviously, in some cases, the>contract between the systems may cover the degree of exposure of the>intermediate results, and in what circumstances faults might occur (WS-T>BA cannot communicate a failure of committed, closed transaction because>it is locked to a perform, compensate approach). But that's detail on>the fundamental, common to any coordination pattern, that all the>players have to make their final state dependent on a single decision>(strictly, all but one, since the decider can be a resource-holder).>>I disagree.In asynchronous messaging you know that any response you get is acommitment to the previous steps taken. There are a lot of differentways to implement this. It may include persisting at the end of everystep, or just logging all events and replying them at the end, orcreating an end-state in some temporary place and pushing it at the end.I've seen many different models to implement it, and all of them seemconsistent with the specification so it is loosely coupled in the sensethat it does not propose any single model, and I doubt if all thevendors implementing this spec do it exactly the same way.But since we are talking about interactions that cannot be rolledbackbut only compensated, the 2PC flow doesn't work with most of thesesystems. The flow that does work is based on either asking to cancel orcompensate work, and responding not with a vote but with the outcome,which can be compensated if required.arkin>Peter>>------------------------------------------>Peter Furniss>Chief Scientist, Choreology Ltd>>   Cohesions 1.0 (TM)>   Business transaction management software for application coordination>>web: http://www.choreology.com>email:  peter.furniss@choreology.com>phone:  +44 20 7670 1679>direct: +44 20 7670 1783>mobile: +44 7951 536168>13 Austin Friars, London EC2N 2JX>>",
            "docno": "lists-026-3861768",
            "received": "Thu May 22 15:55:10 2003",
            "isoreceived": "20030522195510",
            "sent": "Thu, 22 May 2003 11:20:20 -0700",
            "isosent": "20030522182020",
            "name": "Assaf Arkin",
            "email": "rkin@intalio.com",
            "subject": "Re: Co-ordination protocol and BPEL",
            "id": "3ECD14E4.6030304@intalio.com",
            "charset": "us-ascii",
            "inreplyto": "221369570DEDF346AE42821041345E89194D87&#64;exchange1.corp.choreology.com",
            "expires": "-1",
            "to": "\"Furniss, Peter\"<Peter.Furniss@choreology.com>\n",
            "cc": " Ricky Ho<riho@cisco.com>, Mark Little<mark.little@arjuna.com>,public-ws-chor@w3.org\n"
        },
        {
            "body": "The slides I presented at the WS-Choreography meeting on Thursday, aspdf.Peter------------------------------------------Peter FurnissChief Scientist, Choreology LtdCohesions 1.0 (TM)Business transaction management software for application coordinationweb: http://www.choreology.comphone:  +44 20 7670 1679direct: +44 20 7670 1783mobile: +44 7951 53616813 Austin Friars, London EC2N 2JXapplication/octet-stream attachment: 2003-03-13_Choreology_WSChoreography.pdf",
            "docno": "lists-099-5994125",
            "received": "Fri Mar 14 03:13:55 2003",
            "isoreceived": "20030314081355",
            "sent": "Fri, 14 Mar 2003 08:11:03 -0000",
            "isosent": "20030314081103",
            "name": "Furniss, Peter",
            "email": ":  peter.furniss@choreology.com",
            "subject": "Choreology input to WS-Choreography ftf",
            "id": "221369570DEDF346AE42821041345E890E8278@exchange1.corp.choreology.com",
            "charset": "us-ascii",
            "expires": "-1",
            "to": "<www-archive@w3.org>\n"
        },
        {
            "body": "MessageWe have four separate issues.1. Do we need a model to define a conceptual relation between tradingpartners that is not grounded in WS specifically?I would say yes.2. Do we need to do that in the WS Choreography working group?I don't see why. There are other groups that are better equipped to dealwith this issue, e.g. ebXML is doing a lot of work around UMM and have astack the focuses on trading partners. I don't see the benefit of having twoopen groups do overlapping work. In fact, does anyone think there is a validneed for replicating the work done by the ebXML groups?3. Are all form of communication between partners going to be of the SOAPover Internet?I would we are moving in that direction but it will never happen. There willalways be manual forms of communication, especially for those businessesthat want to deal with small entities like consumers. There are things thatyou would like to do offline, and I can give a good example for why myinsurance company allows me to manage my policy, change it, make payments,etc online but requires a phone call to cancel the policy. It has nothing todo with technology or partner agreements: it has to do with business sense.4. Is that an issue?Not in practice, because what we see out there are tools that are wellequipped to deal with other forms of communication yet by virtue of trackingthem represent them through a Web service interface. So even though in thisparticular case of my insurance company there is a step that is done notusing Web services technology, in fact there is a WSDL representation ofthat communication which is used to build a choreography.When you go out and try to get buyers and sellers to talk to each otherusing SOAP over TCP you find that this approach works well but by definitionwill always exclude some group of buyers or some group of sellers. And asper the example above it may have nothing to do with techonology as much asbusiness sense.But when, like us, you go and try to define choreographies between buyer andseller you find out that all that information is in fact captured by WSDLinterfaces. How do you represent the user intent using WSDL? What I tell myinsurance company on the phone is captured down in their system, and theirsystem exposes a message exchange on my behalf (the proxy approach), whichis part of the choreography between the all center (representing me buyer)and the back-end system (representing seller).A year ago I had the same opinion and doubts as you, but after going intoaccounts like these and worrying about the limitation of an approach thatcould only describe automated forms of interaction, I learned that inpractice this is not a problem we stumble upon.arkin-----Original Message-----From: Furniss, Peter [mailto:Peter.Furniss@choreology.com]Sent: Monday, March 17, 2003 4:28 AMTo: Assaf Arkin; public-ws-chor@w3.orgSubject: RE: General Choreography and Bi-lateral ChoreographyArkin,I'm afraid I don't follow some of this.  You seem to be saying somethingmore extreme than I would : that if a communication between components(loosely termed) is not in practice mapped to a WSDL-able representation,then it cannot be referenced in the choreography description of eithercomponents' other interactions. That could be taken as defining what achoreography description is - (and is for) - that it covers a communitywhose members behaviour is sufficiently completely described such that wholecommunities process can be studied and determined. Obviously, to do that,the interactions and the relationships between the interactions have to bereduced to a common form.But there is also description that defines an interaction by its effectsin semantic and contractual terms, regardless of how the other legs aredone. That was just applicable in the older world - the inter-partycontracts may not have been written down in the same way,  but you usuallyknow what it means to you to invoke a (remote) method on a colleague'sobject, even if you have no idea how they are working it. Even more withEDI, you would know what you asked and not have the foggiest what was goingto interpret it.If Choreography is limited to expressing its semantics in terms of otherWS messages, it would seem to be rather limited. Somehow it has to climb outof the arena and express real-world intent.An alternative test: is choreography useful for a scenario where there areonly two services talking to each other - both connected into their ownbusiness systems (for any interpretation of \"business\"), but with no otherWS interactions.(this may be based on misunderstanding of your message - I especiallydidn't follow the bit about buyer and seller proxy - do you mean that thisis a bi-lateral case ?)Peter-----Original Message-----From: Assaf Arkin [mailto:arkin@intalio.com]Sent: 17 March 2003 02:40To: Furniss, Peter; Ricky Ho; public-ws-chor@w3.orgSubject: RE: General Choreography and Bi-lateral Choreography-----Original Message-----From: public-ws-chor-request@w3.org[mailto:public-ws-chor-request@w3.org]On Behalf Of Furniss, PeterSent: Sunday, March 16, 2003 4:45 PMTo: Ricky Ho; public-ws-chor@w3.orgSubject: RE: General Choreography and Bi-lateral ChoreographyI agree with the view that concentrating on the bilateral case will behelpful.One test against the utility of \"general\" choreography is to considerthe case where some of the communication is not web-services (effectively,not usefully represented in wsdl).  Take the use case Ricky started with ,of buyer - seller -shipper.  If the seller-shipper communcations were byphone/fax, or legacy edifact, the buyer-seller and buyer-shipperconversations could well be exactly the same.  So the Choreographydescription as known and used by the buyer need not (and indeed should not)be dependent on how the other two talk to each other.Most ERP vendors will tell you this is a non-issue. While they supportphone, fax and other forms of non-IP communication, that information is fedinto the system manually and therefore there is a representation of theinformation exchange irrelevant of the protocol used. In fact, in one of thescenarios we have been dealing with part of the information is exchanged byfax. But form that point on it either vanishes into thin air and neitherbuyer nor seller can use it, or it is fed into a system which can track it,in which case it becomes part of the choreography and a message described byWSDL. The fact that a lot of information is carried over non-IP protocolsseems to orthogonal to the fact that any computer system dealing with thatinformation can in fact describe it as a message exchange.They will also tell you it's a non-issue because most of the problemsthey are trying to solve are not of the buyer-seller-shipper partnervariety, but more of the buyer-seller-shipper components/gatewayinteraction, so the choreography is defined in terms of buyer proxy talkingto seller proxy, where one can be represented by the ERP and another by anEDI gateway. I know of at least one big manufacturer who views their partnerrelationships in exactly that way.There's kind of a mental shift here. In the CORBA/DCOM/EDI world, ifit wasn't travelling over the wire in that one and only protocol then itcould not be described. If you used IIOP but it was travelling over EDI itwas invisible to you, and vice versa.On the other hand with Web services, if you can proxy it, transformit, scan it, or type it in, you can describe it. You don't need to talk toyour partner using HTTP, you can have someone feed the information to a WSproxy HTML form, and you can define that WS proxy as representing theinteraction with that partner. Which says a lot about the revolutionaryapproach of Web services*arkin* Needless to say if you were ever thinking of enabling road warriorsto conduct business online having just a PDA and base Internet link, or evena Web-enabled phone, that's the way to do it.Even the linkage between the conversations involving a single party israther limited. Much of it is kind of \"typed reference\" to another service -if the buyer tells the seller the address of the buyers ws that will be usedby the shipper, then, if we have good bilateral choreography descriptions,that passed address (uri) might be typed by the appropriate description. Andthere is likely some data field passed as well, so the buyer knows whichincoming shipment corresponds to which order. But again, that's fairly weaklinkage.one further comment inline-----Original Message-----From: Ricky Ho [mailto:riho@cisco.com]Sent: 16 March 2003 08:20To: Burdett, David; public-ws-chor@w3.orgSubject: General Choreography and Bi-lateral ChoreographyDavid,I agree with everything you say.  However, I want to elaborate myview on multi-party choreography.Most real life B2B scenario are multi-party interaction.  But\"multi-party interaction\" is NOT equivalent to \"multi-party choreography\".For example, a company (or \"domain of control\") can have an orchestrationthat span multiple \"bi-lateral\" choreographies.  In other words,\"multi-party interaction\" can be realized by multiple \"bi-lateral\"choreographies linked together by orchestration.  The only thing lost is thesequence dependencies between message exchanges within choreographies is NOTcaptured externally.I honestly don't think bi-lateral choreography is sufficient tocapture arbitrary public protocol sequence.  For example, the well-known2-phase commit protocol cannot be specified using bi-lateral choreography.So I agree with you that in a generic sense \"choreography\" should NOT berestricted to 2 parties.prf: on the 2-phase commit comment: I'm not sure if you mean*bi-lateral\" isn't sufficient, or \"choreography\" isn't sufficient. As I saidbefore, I think treating 2-pc as an example \"application protocol\" - i.e.the subject for a choreography description - can be very instructive.2-pc can certainly be defined, precisely and fully, involving onlytwo parties. This was done in the OSI Commitment, Concurrency Recovery (CCR)spec [ in fact, because standards politics meant it wasn't allowed to havenormative multi-party text, but also was required to have normative semanticdefinition], and is also (I hope) complete in the BTP specification of the\"outcome\" protocol (the superior:inferior bit). There are implications forwhat is going on with other parts of the transaction tree, but thefundamental protocol is in fact two-party. (my diagram with the 3 dumbellsand the box, on about my 4th slide was meant to show this, but I fear maynot have explained it well] (I mention CCR and BTP because I know them -there may be other specs of similar nature)What you do need, beyond the simple message exchange rules, arestatements of the implied semantics of the messages. This is most certainlypart of the contract definition between the parties, and we strongly believeany useful choreography specification needs to have ways of stating thecontractual implications (at least the software-contractual implications) ofthe messages.Peter------------------------------------------Peter FurnissChief Scientist, Choreology LtdCohesions 1.0 (TM)Business transaction management software for applicationcoordinationweb: http://www.choreology.comemail:  peter.furniss@choreology.comphone:  +44 20 7670 1679direct: +44 20 7670 1783mobile: +44 7951 53616813 Austin Friars, London EC2N 2JX",
            "docno": "lists-025-14736656",
            "received": "Mon Mar 17 15:13:25 2003",
            "isoreceived": "20030317201325",
            "sent": "Mon, 17 Mar 2003 12:12:28 -0800",
            "isosent": "20030317201228",
            "name": "Assaf Arkin",
            "email": "rkin@intalio.com",
            "subject": "RE: General Choreography and Bi-lateral Choreography",
            "id": "IGEJLEPAJBPHKACOOKHNAEKEDFAA.arkin@intalio.com",
            "charset": "us-ascii",
            "inreplyto": "221369570DEDF346AE42821041345E890E82BB&#64;exchange1.corp.choreology.com",
            "expires": "-1",
            "to": "\"Furniss, Peter\"<Peter.Furniss@choreology.com>,<public-ws-chor@w3.org>\n"
        },
        {
            "body": "> > For atomic transactions you don't need prepare or commit, you are> > working at a higher level than the code and all that needs to be> > prepared or committed should be done by the engine for you.>> That assumes the participant side implementation treats atomic> transactions by delegating all resource operations to transaction-aware> RMs. That's certainly possible, but doesn't seem to be essential.It's not essential, but should be supported.>> >                                                             For BA> > transactions you don't have prepare or commit, every response is an> > indication that all previous steps have been completed (prepared and> > committed). You do need a way to cancel, but this can be done> > by a fault> > handler (the terminate fault). And you do need a way to> > compensate and> > this is done by a compensation handler.>> It's a major bug in the current WS-T that it exposes, in the inter-party> protocol, how the participant handles its resources and delivers on its> \"promise\" to obey a subsequent cancel.Is it appropriate to give pros and cons of one transaction protocol overanother? When I mentioned WS-C and BTP I meant only that WS-C allowsdifferent coordination protocols (multi-phase) to be plugged in whereas BTPis tied to two-phase. That was not a statement of pros or cons, merely fact.If we go down your route then we could get bogged down in \"my protocol isbetter than yours\" and I don't think we should. Let's keep this at anabstract level.Mark.> That seems inappropriate to this> world of \"loosely coupled\" systems. Obviously, in some cases, the> contract between the systems may cover the degree of exposure of the> intermediate results, and in what circumstances faults might occur (WS-T> BA cannot communicate a failure of committed, closed transaction because> it is locked to a perform, compensate approach). But that's detail on> the fundamental, common to any coordination pattern, that all the> players have to make their final state dependent on a single decision> (strictly, all but one, since the decider can be a resource-holder).>> Peter>> ------------------------------------------> Peter Furniss> Chief Scientist, Choreology Ltd>>    Cohesions 1.0 (TM)>    Business transaction management software for application coordination>> web: http://www.choreology.com> email:  peter.furniss@choreology.com> phone:  +44 20 7670 1679> direct: +44 20 7670 1783> mobile: +44 7951 536168> 13 Austin Friars, London EC2N 2JX>>",
            "docno": "lists-026-3694154",
            "received": "Thu May 22 09:15:20 2003",
            "isoreceived": "20030522131520",
            "sent": "Thu, 22 May 2003 14:14:49 +0100",
            "isosent": "20030522131449",
            "name": "Mark Little",
            "email": "rk.little@arjuna.com",
            "subject": "Re: Co-ordination protocol and BPEL",
            "id": "001d01c32064$1fb43cb0$b596f080@exhp",
            "charset": "iso-8859-1",
            "inreplyto": "221369570DEDF346AE42821041345E89194D87&#64;exchange1.corp.choreology.com",
            "expires": "-1",
            "to": "\"Furniss, Peter\"<Peter.Furniss@choreology.com>,\"Assaf Arkin\"<arkin@intalio.com>,\"Ricky Ho\"<riho@cisco.com>\n",
            "cc": "<public-ws-chor@w3.org>\n"
        },
        {
            "body": "Mark Little's message distinguished a \"two-phase coordination protocol\"case from a \"lightweight correlation\" case. I don't believe these aregenuinely different - in implementation, they are just alternativepartitionings of the same work and, in message exchange/protocol terms,OASIS BTP was specifically designed to do both. (WS-T isn't currentlyquite as flexible)Taking the \"correlation\" pattern:> application                                                    service> start business relationship> place order--------------correlation id--------->> <-----------------------------------------------order placed>                    (can be undone later, with some guarantees)> do some other work> confirm order-----------correlation id---------->> <-----------------------------------------------order confirmed>   order will be fulfilledThat's exactly the pattern of the BTP \"one-shot\", where the preparedsignal is piggy-backed on the order placed message. Using a coordinationprotocol avoids having to re-invent in the application protocol thecollision, recovery and error cases and allows the implementations oneach side to take advantage of features of the coordinationimplementations. Of course, you *can* do it for yourself, (if you're onthis list), you'll probably get it right. But you will find you arere-specifying and reimplementing something that already exists.Actually, I'm especially intrigued that Mark doesn't count that as being\"two-phase\". There's obviously a double exchange, and it's clear theservice passes through a \"doubt phase\", where it's waiting on theleftside to confirm (or presumably, cancel) the order. To me, that'stwo-phase - there's a request for work to be performed contingent on alater yes/no, then the yes/no. Whether there's an explicit preparesignal, or whether the coordinator could be separated (or, as here, isintegrated on the left-side) are particulars that don't affect theprincipal.Peter------------------------------------------Peter FurnissChief Scientist, Choreology LtdCohesions 1.0 (TM)Business transaction management software for application coordinationweb: http://www.choreology.comphone:  +44 20 7670 1679direct: +44 20 7670 1783mobile: +44 7951 53616813 Austin Friars, London EC2N 2JX> -----Original Message-----> From: Mark Little [mailto:mark.little@arjuna.com]> Sent: 20 May 2003 10:29> To: Bob Haugen; public-ws-chor@w3.org; Ricky Ho> Subject: Re: Global view requires transactions (RE: Use Cases )>>>> > > I think the \"shared state\" in this context means \"shared> visibility\"> > rather> > > than \"transactional update\".  In other words, it is OK to have one> > role> > > just update its state unilaterally and communicate that result to> > relevant> > > partners.  Of course for certain business-specific process, the> > > state change may need co-ordination among partners (e.g. how do I> > > know my PO> > has> > > been accepted).> >> > Those are exactly the kinds of state changes I have in> mind. A PO is> > an offer to buy. Acceptance forms a contract. State changes to a> > contract need to be agreed upon by all parties to the> contract.  Call> > it what you will: transaction, coordination, synchronization,> > agreement... it's too common and critical to code adhoc every time.> >> > Shared visibility would be true for a REST model> > where all partners could GET a representation> > of the current state of all shared resources.> >> > Otherwise, all you got is messages over the wire> > and maybe an agreed state chart.> >> > The business transaction models I cited arose> > from those situations:  contracts between partners,> > agreed or standardized state chart, state changes effected> > by message exchange in a set pattern.> >> > They're related to but not the same as private> > local transactions.> >> > I'm not advocating a particular solution in this message.> Just raising> > the issue.>> Actually, what you need first and foremost is context to> correlate messages. What the messages say (\"can you fulfill> the order\") implicitly requires some form of correlation (in> this example, with the aforementioned \"order\"). Coordination,> whether it is done by some stand-alone coordinator technology> (e.g., WS-C or BTP) or as a more natural part of the business> interactions, utilises that correlation information.>> What I mean by the latter style of interaction is that, with> a correlation id I don't need to have a \"coordinator\" and> related \"participants\" (things that are coordinated) that are> outside of the application; I can keep my application and> services and structure the interactions to talk in terms of> this correlation id.>> For example, in a \"transactional\" interaction with a separate> coordinator (whether as a separate service or co-located with> the user doesn't matter for this discussion), I'd typically> get (assuming a two-phase protocol):>> application                    coordinator                service> participant> start tx------------------->> <-------------------------get context> place order----------------with context--------->>> enlist------------->>> <----------------------------------------enlist> some other work> commit tx----------------->>> prepare-------------------------------->>> <------------------------------------OK>> commit-------------------------------->>> <------------------------------------OK> <--------------------------committed> order will be fulfilled>> whereas if I have a correlation id I may use a more> lightweight approach in some situations:>> application                                                    service> start business relationship> place order--------------correlation id--------->> <-----------------------------------------------order placed> (can be undone later, with some guarantees) do some other> work confirm order-----------correlation id---------->> <-----------------------------------------------order> confirmed order will be fulfilled>> In this particular case, how \"service\" agrees to tentatively> place the order and under what constraints is a business> level decision and may well be exposed to the application> through some bind-time metrics.>> Now this is not to say that coordination as presented> previously isn't required. It is (and with transactions).> What I'm trying to illustrate is that all> business-to-business interactions don't necessitate a> coordinator (or transactions). The context is the fundamental> issue (correlation above is just a context).>> Now, if you think coordination is being done in an ad hoc> manner, consider context! As an example, both WS-C and BTP> have their own notion of context. At least WS-C doesn't tie> it to two-phase as BTP does, so there is a little more leeway> in what type of coordination protocol you can implement using WS-C.>> Mark.>>",
            "docno": "lists-026-3619455",
            "received": "Thu May 22 08:57:07 2003",
            "isoreceived": "20030522125707",
            "sent": "Thu, 22 May 2003 13:56:56 +0100",
            "isosent": "20030522125656",
            "name": "Furniss, Peter",
            "email": ":  peter.furniss@choreology.com",
            "subject": "RE: Global view requires transactions (RE: Use Cases )",
            "id": "221369570DEDF346AE42821041345E89194D85@exchange1.corp.choreology.com",
            "charset": "us-ascii",
            "inreplyto": "Global view requires transactions (RE: Use Cases )",
            "expires": "-1",
            "to": "\"Mark Little\"<mark.little@arjuna.com>,\"Bob Haugen\"<rhaugen@speakeasy.net>,<public-ws-chor@w3.org>,\"Ricky Ho\"<riho@cisco.com>\n"
        }
    ]
}