{
    "id": "candidate-0575",
    "name": "Eduardo Gutentag",
    "gender": "MALE",
    "email": "eduardo.gutentag@sun.com",
    "mails": [
        {
            "body": "As of today, trying to access member areas from within Sun resultsin being asked for id and password, which most Sun employees donot have. Is this a new policy? Is this an error on the part ofw3c? Please explain.Thanks!--Eduardo Gutentag               |         e-mail: eduardo.gutentag@Sun.COMXML Technology Center          |         Phone:  (510) 986-3651Sun Microsystems Inc.          |",
            "docno": "lists-028-8343620",
            "received": "Tue Apr 23 21:12:20 2002",
            "isoreceived": "20020424011220",
            "sent": "Tue, 23 Apr 2002 18:13:12 -0700",
            "isosent": "20020424011312",
            "name": "Eduardo Gutentag",
            "email": "duardo.gutentag@sun.com",
            "subject": "URGENT: problems accessing member areas in w3.org from within Sun",
            "id": "3CC606A8.130E1119@sun.com",
            "charset": "us-ascii",
            "expires": "-1",
            "to": "site-comments@w3.org,web-human@w3.org,janet@w3.org\n"
        }
    ]
}