{
    "id": "candidate-0598",
    "name": "Steve Bratt",
    "gender": "MALE",
    "email": "steve@w3.org",
    "mails": [
        {
            "body": "> I would also be grateful if you could note down briefly> -what interests you in the GEO meeting,> -what you are hoping to take away from the meeting, and> -what days/times you are intended to attend.Apologies. I meant to add \"and send your note to me at ishida@w3.org\".Thanks.RI============Richard IshidaW3Ctel: +44 1753 480 292http://www.w3.org/International/http://www.w3.org/People/Ishida/> -----Original Message-----> From: Richard Ishida [mailto:ishida@w3.org]> Sent: 20 February 2003 15:08> To: 'Steve Bratt'; 'Karl Dubost'; 'Ivan Herman'; 'Olivier> Thereaux'; 'Marie-Claire Forgue'; lojek@gmx.net;> charles@w3.org; Yin-Leng.Husband@hp.com; Gerald.edgar@boeing.com> Cc: Richard Ishida; public-i18n-geo@w3.org> Subject: Your attendance at the GEO FTF at the Technical Plenary>>> Dear FTF observers,>> Thankyou for your interest in observing the GEO face to face> meeting at the Technical Plenary in Boston.  We look forward> to seeing you there.>> So as not to slow down the discussion, I would be grateful if> you would read the following documents before arriving:> -http://www.w3.org/International/geo/framework/> -http://www.w3.org/International/geo/html-tech/> -> http://www.w3.org/International/geo/upload/2003/02/html-authoring-ch.htmlI would also be grateful if you could note down briefly-what interests you in the GEO meeting,-what you are hoping to take away from the meeting, and-what days/times you are intended to attend.You can find a first cut at the agenda athttp://www.w3.org/International/geo/2003/02/ftf-agenda-200303.htmlMany thanks,Richard============Richard IshidaW3Ctel: +44 1753 480 292http://www.w3.org/International/ http://www.w3.org/People/Ishida/",
            "docno": "lists-015-16744162",
            "received": "Thu Feb 20 10:12:49 2003",
            "isoreceived": "20030220151249",
            "sent": "Thu, 20 Feb 2003 15:11:47 0000",
            "isosent": "20030220151147",
            "name": "Richard Ishida",
            "email": "shida@w3.org",
            "subject": "RE: Your attendance at the GEO FTF at the Technical Plenary",
            "id": "002201c2d8f2$642d97b0$d901000a@w3c40upc3ma3j2",
            "charset": "usascii",
            "inreplyto": "002101c2d8f1$e7900ad0$d901000a&#64;w3c40upc3ma3j2",
            "expires": "1",
            "to": "<ishida@w3.org>,\"'Steve Bratt'\"<steve@w3.org>,\"'Karl Dubost'\"<karl@w3.org>,\"'Ivan Herman'\"<ivan@w3.org>,\"'Olivier Thereaux'\"<ot@w3.org>,\"'Marie-Claire Forgue'\"<mcf@w3.org>,<lojek@gmx.net>,<charles@w3.org>,<Yin-Leng.Husband@hp.com>,<Gerald.edgar@boeing.com>\n",
            "cc": "<public-i18n-geo@w3.org>\n"
        },
        {
            "body": "Dear Amaya Team,Ralph and I independently hit some problems related to cutting or copyingand pasting things into Amaya.  I am using Windows 2000 and running Amaya6.2.1. I select and put something into the buffer from any other outsideapplication (Eudora, IE, etc.).2. I attempt to paste it into a document openned in Amaya,.3. Amaya pastes the last thing I had copied or pasted from within Amaya,and ignores the thing selected from the outside application.4. One exception:  If I copy a URI (for example) and try to paste it intothe Save As form (for example), this seems to work.This is an important bug, since I copy and paste things into Amaya frequently.ThanksSteve--Steven R Bratt, Chief Operating Officer       mailto:steve@w3.orgWorld Wide Web Consortium                      http://www.w3.orgMIT Laboratory for Computer Science, 200 Technology Square, Room NE43-352Cambridge, MA 02139, USA     Voice: +1-617-253-7697     Fax: +1-617-258-5999",
            "docno": "lists-095-15006041",
            "received": "Mon Jul 15 16:36:18 2002",
            "isoreceived": "20020715203618",
            "sent": "Mon, 15 Jul 2002 16:37:11 -0400",
            "isosent": "20020715203711",
            "name": "Steve Bratt",
            "email": "steve@w3.org",
            "subject": "Problems copying/cutting and pasting into Amaya",
            "id": "5.1.0.14.2.20020715162805.031b3d60@localhost",
            "charset": "us-ascii",
            "expires": "-1",
            "to": "www-amaya@w3.org\n",
            "cc": "swick@w3.org, irene Vatton<Irene.Vatton@inrialpes.fr>\n"
        },
        {
            "body": "text/html attachment: stored",
            "docno": "lists-032-15598933",
            "received": "Tue Nov  5 17:32:44 2002",
            "isoreceived": "20021105223244",
            "sent": "Wed, 06 Nov 2002 06:15:25 -0800",
            "isosent": "20021106141525",
            "name": "1hktd13281m54@netscape.net",
            "email": "1hktd13281m54@netscape.net",
            "subject": "Concerned8                                                              8442uXLj2-949JKUT1145UdHb4-475Nq-30",
            "id": "002e07e82e7e$8577c4c6$0ea08dc1@usmber",
            "charset": "iso-8859-1",
            "expires": "-1",
            "to": "<simon@w3.org>\n",
            "cc": "<site-comments@w3.org>,<smil-editors@w3.org>,<speaking@w3.org>,<spec-prod@w3.org>,<stephane@w3.org>,<steve@w3.org>,<steven@w3.org>,<susan@w3.org>,<svg-comments@w3.org>,<svg-testsuite-comments@w3.org>,<tag@w3.org>,<talk@w3.org>,<ted@w3.org>,<tmichel@w3.org>,<tpregister@w3.org>,<vatton@w3.org>,<vhardy@w3.org>,<vincent.quint@w3.org>\n"
        },
        {
            "body": "At 09:48 AM 2/4/2003 +0100, Irene Vatton wrote:>    http://www.w3.org/Amaya/Distribution/amaya-WinNT-7.2a.exe>    http://www.w3.org/Amaya/Distribution/amaya-WinGL-7.2a.exe>    http://www.w3.org/Amaya/Distribution/amaya-Win98-7.2a.exe>>    ftp://ftp.w3.org/pub/amaya/amaya-WinNT-7.2a.exe>    ftp://ftp.w3.org/pub/amaya/amaya-WinGL-7.2a.exe>    ftp://ftp.w3.org/pub/amaya/amaya-Win98-7.2a.exesb> Do I need to reinstall for Windows 2000?>The page http://www.w3.org/AmayaUser/BinDist.html refers now these>new packages.sb> Got 404 from above link>      Irene.>----->Ir?ne Vatton                     INRIA Rh?ne-Alpes>INRIA                               ZIRST>e-mail: Irene.Vatton@inria.fr       655 avenue de l'Europe>Tel.: +33 4 76 61 53 61             Montbonnot>Fax:  +33 4 76 61 52 07             38334 Saint Ismier Cedex - France--Steven R Bratt, Chief Operating Officer       mailto:steve@w3.orgWorld Wide Web Consortium                      http://www.w3.orgMIT Laboratory for Computer Science, 200 Technology Square, Room NE43-352Cambridge, MA 02139, USA     Voice: +1-617-253-7697     Fax: +1-617-258-5999",
            "docno": "lists-096-6557468",
            "received": "Tue Feb  4 11:05:44 2003",
            "isoreceived": "20030204160544",
            "sent": "Tue, 04 Feb 2003 11:06:41 -0500",
            "isosent": "20030204160641",
            "name": "Steve Bratt",
            "email": "steve@w3.org",
            "subject": "Re: Announcement] New Amaya 7.2a.exe files",
            "id": "5.1.1.6.2.20030204110550.0331f5d8@localhost",
            "charset": "iso-8859-1",
            "inreplyto": "20030204094802.71c6360c.irene.vatton&#64;inrialpes.fr",
            "expires": "-1",
            "to": " Irene Vatton<irene.vatton@inrialpes.fr>,www-amaya@w3.org\n"
        },
        {
            "body": "Hello Steve,Thanks for your report. This is indeed a bug on the new Windows version.I'm looking at it.Regards,  Laurent> Dear Amaya Team,>> Ralph and I independently hit some problems related to cutting or copying> and pasting things into Amaya.  I am using Windows 2000 and running Amaya> 6.2.>> 1. I select and put something into the buffer from any other outside> application (Eudora, IE, etc.).>> 2. I attempt to paste it into a document openned in Amaya,.>> 3. Amaya pastes the last thing I had copied or pasted from within Amaya,> and ignores the thing selected from the outside application.>> 4. One exception:  If I copy a URI (for example) and try to paste it into> the Save As form (for example), this seems to work.>> This is an important bug, since I copy and paste things into Amaya frequently.>> Thanks>> Steve>> --> Steven R Bratt, Chief Operating Officer       mailto:steve@w3.org> World Wide Web Consortium                      http://www.w3.org> MIT Laboratory for Computer Science, 200 Technology Square, Room NE43-352> Cambridge, MA 02139, USA     Voice: +1-617-253-7697     Fax: +1-617-258-5999>>>",
            "docno": "lists-095-15094863",
            "received": "Wed Jul 17 06:45:00 2002",
            "isoreceived": "20020717104500",
            "sent": "Wed, 17 Jul 2002 12:44:56 +0200",
            "isosent": "20020717104456",
            "name": "Laurent Carcone",
            "email": "Laurent.Carcone@inrialpes.fr",
            "subject": "Re: Problems copying/cutting and pasting into Amaya",
            "id": "20020717104456.B9FE36F92@tux.inrialpes.fr",
            "charset": "us-ascii",
            "inreplyto": "5.1.0.14.2.20020715162805.031b3d60&#64;localhost",
            "expires": "-1",
            "to": " Steve Bratt<steve@w3.org>\n",
            "cc": "www-amaya@w3.org\n"
        },
        {
            "body": "-------- Original Message --------Subject: 2004 Tech Plenary Day (3 Mar) Agenda Now AvailableResent-Date: Tue, 10 Feb 2004 15:07:48 -0500 (EST)Resent-From: chairs@w3.orgDate: Tue, 10 Feb 2004 14:53:05 -0500From: Steve Bratt <steve@w3.org>References: <5.1.1.6.2.20030211163728.0352aad0@localhost>Dear Chairs (and please forward this mail to your Group members),The Program Committee (TPPC) has finalized the Agenda topics for theTechnical Plenary Day on 3 March in Cannes-Mandelieu, France...http://www.w3.org/2004/03/TechPlenAgenda.htmlBased on input from many of you, the TPPC has built an Agenda that we hopewill be interesting, educational, unifying and inspiring to the broad rangeof interests that will be represented in the audience.  Topics include:* Architecture of the World Wide Web and Hot TAG Topics* Lightening Tech Talks* Adventures with Mixed Markup Language Documents* Making Test Suites Work for Working Groups* Can I Really Get Good Web Access Without a PC and a Big Screen?* Querying the WebThe 2004 Tech Plenary meetings week will be a full and excitingevent.  Please remember that registration closes on 20 February.  Forfurther information on the week's activities, please see the main meetingsweek page...http://www.w3.org/2003/08/allgroupoverview.htmlHoping to see you all again soon in France ...Steve,for the TPPC--Steven R Bratt, Chief Operating Officer     mailto:steve@w3.orgWorld Wide Web Consortium   http://www.w3.orgMIT Computer Science and Artificial Intelligence Laboratory200 Technology Square, Room NE43-352Cambridge, MA 02139, USA / Voice: +1.617.253.7697 / Fax: +1.617.258.5999",
            "docno": "lists-053-15346502",
            "received": "Wed Feb 11 04:57:36 2004",
            "isoreceived": "20040211095736",
            "sent": "Wed, 11 Feb 2004 09:55:27 +0000",
            "isosent": "20040211095527",
            "name": "Brian McBride",
            "email": "bwm@hplb.hpl.hp.com",
            "subject": "[Fwd: 2004 Tech Plenary Day (3 Mar) Agenda Now Available]",
            "id": "4029FC0F.4080705@hplb.hpl.hp.com",
            "charset": "us-ascii",
            "expires": "-1",
            "to": " chairs@w3.org\n",
            "cc": " member-techplenary@w3.org, w3t@w3.org\n"
        },
        {
            "body": "On Fri, 06 Dec 2002 13:36:15 -0500Steve Bratt <steve@w3.org> wrote:> Dear Amaya Team,>> I am having problems with cutting and pasting in the Open (URI) field on> Amaya.    For example, doing a ctrl-C in the field pastes some old, copied> string into the field, instead of copying the new one.  Other times, it> seems that doing a ctrl-C delects the first character in the string.  There> are other, related symptoms as well.>> I am using Amaya 7.0 on Windows 2000.>> Thanks,>> SteveThis problem is now fixed in the CVS base.We plan to publish a release 7.1 this week. This release will include a set of recent bug fixes.--Irene.",
            "docno": "lists-096-1140842",
            "received": "Mon Dec  9 09:57:37 2002",
            "isoreceived": "20021209145737",
            "sent": "Mon, 9 Dec 2002 15:57:34 +0100",
            "isosent": "20021209145734",
            "name": "Irene Vatton",
            "email": "rene.vatton@inrialpes.fr",
            "subject": "Re: Problem copying text from Open field",
            "id": "20021209155734.3f5a5ba5.irene.vatton@inrialpes.fr",
            "charset": "US-ASCII",
            "inreplyto": "5.1.1.6.2.20021206133110.02dd2f88&#64;localhost",
            "expires": "-1",
            "to": " Steve Bratt<steve@w3.org>\n",
            "cc": "www-amaya@w3.org\n"
        },
        {
            "body": "On Fri, 2003-11-07 at 15:18, Steve Bratt wrote:[...]> >     http://www.w3.org/2003/11/18-sb-COO-Summary.htmlGood stuff... I suggest switching the 1st and 2nd paras.The 2nd para is a much more interesting lead:---The membership, team and community of W3C are designing the technologiesto enable the next generation of the Web, including the foundationalspecifications and guidelines that enable greater automation across theWeb, supporting a broader range of devices and modes of interaction, andserving an increasingly large and more inclusive base of global users.We continue to show a strong commitment to ensure that W3CRecommendations are developed openly and available globally, with clearlicensing terms.This Management Report highlights the most important activities andaccomplishments of the World Wide Web Consortium (W3C) during the sixmonths since last May's meeting of the Advisory Committee (AC), andcritical plans for the coming year beyond the 18 and 19 November 2003 ACmeeting in Shin Yokohama, Kanagawa, Japan.Some of the highlights documented in this report include:-----Dan Connolly, W3C http://www.w3.org/People/Connolly/office: tel:+1-617-395-0241 (new VoIP phone Mar 2003)mobile: tel:+1-816-616-6576mobile: mailto:connolly+pager@w3.org",
            "docno": "lists-099-7387417",
            "received": "Fri Nov  7 17:11:23 2003",
            "isoreceived": "20031107221123",
            "sent": "Fri, 07 Nov 2003 16:11:22 -0600",
            "isosent": "20031107221122",
            "name": "Dan Connolly",
            "email": "connolly@w3.org",
            "subject": "Re: Fwd: Management Report Rough Draft",
            "id": "1068243082.1600.826.camel@dirk.dm93.org",
            "inreplyto": "6.0.0.22.2.20031107161610.04a17d80&#64;localhost",
            "expires": "-1",
            "to": " Steve Bratt<steve@w3.org>\n",
            "cc": "www-archive@w3.org\n"
        },
        {
            "body": "Philippe,I agree the wording of that grant should be improved as you suggested. Ihope that the W3C will soon be reviewing an harmonizing the differentgrants of license.On Wednesday 27 March 2002 11:17, Philippe Le Hegaret wrote:> The current Grant Of License for Contributions under the W3C Software> License states the following:> [[> The Contributor vouches that she/he has all rights necessary to> contribute the Materials in a way that does not violate copyright,> patent, and trademark rights; contractual obligations, or libel> regulations.> ]]> http://www.w3.org/2002/01/DOMConformanceTS-Process-20020115#ownership>> Some companies are not willing to do a full patent search in their> portfolio before submitting tests to the W3C. This is perfectly> understandable when you see the costs of doing such a search. The> current word should imho relaxed a little bit or we'll run the risk of> excluding tests submission from some companies.> Here is a proposal to change the current wording:> [[> The Contributor states to the best of his/her knowledge that use of> his/her contribution would not infringe any of his/her patent rights or> third party patent rights.> ]]>> (The Contributor can be also a company, not only an individual. I think> the current wording takes this fact into account.)>> Philippe--Joseph Reagle Jr.                 http://www.w3.org/People/Reagle/W3C Policy Analyst                mailto:reagle@w3.orgIETF/W3C XML-Signature Co-Chair   http://www.w3.org/Signature/W3C XML Encryption Chair          http://www.w3.org/Encryption/2001/",
            "docno": "lists-101-10737754",
            "received": "Wed Mar 27 11:47:43 2002",
            "isoreceived": "20020327164743",
            "sent": "Wed, 27 Mar 2002 11:47:32 -0500",
            "isosent": "20020327164732",
            "name": "Joseph Reagle",
            "email": "reagle@w3.org",
            "subject": "Re: Grant of License issue",
            "id": "200203271647.LAA21625@tux.w3.org",
            "charset": "iso-8859-1",
            "inreplyto": "1017245825.21509.61.camel&#64;jfouffa",
            "expires": "-1",
            "to": " Philippe Le Hegaret<plh@w3.org>,www-dom-ts@w3.org\n",
            "cc": "\"Byer, David J.\"<BYER@tht.com>,steve@w3.org\n"
        },
        {
            "body": "-------- Original Message --------Subject: Request for PR for XML 1.1Resent-Date: Mon, 13 Oct 2003 12:39:40 -0400 (EDT)Resent-From: chairs@w3.orgDate: Mon, 13 Oct 2003 11:39:03 -0500From: Paul Grosso <pgrosso@arbortext.com><jcowan@reutershealth.com>The XML Core WG requests publication of the following document as a W3CProposed Recommendation:http://www.w3.org/XML/Group/2003/10/PR-xml11-20031010/Overview.htmlA review version with diffs noted is athttp://www.w3.org/XML/Group/2003/10/PR-xml11-20031010/PR-xml11-20031010-review.htmlThe URL cited above is for the most recent Member-only version of thespecification, dated 10 October 2003.The Extensible Markup Language (XML) 1.1 specification was published as aCandidate Recommendation on 10 October 2002. The list of issues that wereraised and discussed can be found at (member-only):http://www.w3.org/XML/Group/2003/03/xml11-doc/xml11-cr-comments.htmlAnd a document containing the comments received from other WGs and thepublic as well as the WG's final disposition of those comments may be foundat:http://www.w3.org/XML/2003/06/xml11-cr-doc.htmlIn general, the XML Core WG has not received any replies from commenterssaying that our responses were inadequate. We did receive several repliessaying our answers were fine. And the document being sent to PR contains thechanges that were made to accommodate these comments.However, the XML Core WG wants to highlight the fact that our CR request athttp://lists.w3.org/Archives/Member/chairs/2002JulSep/0128.html said:<quote>The removal of direct representation of control characters in the range#x7F-#x9F represents a change in well-formedness. That is, well-formedXML 1.0 documents which contain these characters do not becomewell-formed XML 1.1 documents simply by changing their version number.Occurrences of control characters must also be converted to numericcharacter references.As a criterion for exiting CR, the XML Core WG will collect evidencesubstantiating (or contradicting) our opinion that:1) converting characters in the #x7F-#x9F range to numericcharacter references while updating XML 1.0 documents to XML 1.1 doesnot represent a significant obstacle to adoption of XML 1.1;2) there are no significant scenarios where converting charactersin the #x7F-#x9F range to numeric character references is impractical orimpossible;3) that the benefits of this change to the proper detection ofcharacter encoding represent a significant improvement ininteroperability.</quote>This is reflected by Issue Tobin-01 in our Issues doc athttp://www.w3.org/XML/Group/2003/03/xml11-doc/xml11-cr-comments.html#issue-Tobin-01<quote>Summary: Is requiring the escaping of C1 control characters worth it?After much discussion spanning many telcons, we continue to have WG memberswith strong views on both sides of the issue. During our May 28telcon[http://lists.w3.org/Archives/Member/w3c-xml-core-wg/2003AprJun/0182.html] (member only), we took a vote in which we had 4 members for, 4 against,and 4 abstentions.The chair declared UNRESOLVABLE LACK of CONSENSUS. We therefore close theissue in favor of the status quo, but will highlight this issue in our PRrequest.Resolution:After much discussion spanning many telcons, we continue to have WG memberswith strong views on both sides of the issue. During our May 28 telcon, wetook a vote in which we had 4 members for, 4 against, and 4 abstentions. Thechair declared UNRESOLVABLE LACK of CONSENSUS. We therefore close the issuein favor of the status quo, but will highlight this issue in our PR request.</quote>The WG's decision to request publication as a Proposed Recommendationwas taken during a teleconference on 8 October 2003, minutes may befound at:http://lists.w3.org/Archives/Member/w3c-xml-core-wg/2003OctDec/0034EXITING CRThe main purposes of the CR period was to gain feedback based onimplementation experience. The XML Core WG set a goal of having at least 2successful implementations of the specification. As of today, we know of atleast 4 implementations.However, the XML Core WG wants to highlight the lack of support for thecharacter normalization checking feature. Only one non-commercialimplementation of this feature has been developed and, while it demonstratesthe feasibility of the implementation, it does not demonstrate support fromvendors and does not satisfy our CR exit criteria. The XML Core WG howeverdecided to leave it in the specification because it is an optional featureand was included at the request of the I18N WG.See the implementation report at:http://www.w3.org/XML/2002/09/xml11-implementationSCHEDULEWe propose that the PR period for XML 1.1 to last for eight weeks frompublication.REQUIREMENTS OF TRANSITIONThe XML Core WG approved publication during our telcon of 2003 Oct 8:http://lists.w3.org/Archives/Member/w3c-xml-core-wg/2003OctDec/0034Changes to the document are highlighted by the review version athttp://www.w3.org/XML/Group/2003/10/PR-xml11-20031010/PR-xml11-20031010-review.htmlThe WG believes it has addressed all of the requirements in the RD athttp://www.w3.org/TR/xml-blueberry-reqEvidence that issues have been addressed can be seenin our Disposition of Comments document athttp://www.w3.org/XML/2003/06/xml11-cr-doc.htmlAn Implementation report is athttp://www.w3.org/XML/2002/09/xml11-implementationOur IPR disclosure page is athttp://www.w3.org/2002/08/xmlcore-IPR-statementsPROPOSED PR ABSTRACT AND STATUS SECTIONSAbstract--------The Extensible Markup Language (XML) is a subset of SGML that is completelydescribed in this document. Its goal is to enable generic SGML to beserved,HTML. XML has been designed for ease of implementation and forinteroperability with both SGML and HTML.Status of this document-----------------------This section describes the status of this document at the time of itspublication. Other documents may supersede this document. A list of currentW3C publications and the latest revision of this technical report can befound in the W3C technical reports index at http://www.w3.org/TR/.This document is a Proposed Recommendation of the W3C. This document isbased on the feedback from implementers on the XML 1.0 CandidateRecommendation dated 15 October 2002, and the XML Core Working Groupbelieves that the specification is now stable and ready for the AdvisoryCommittee review.Publication as a Proposed Recommendation does not imply endorsement by theW3C Membership. This is a draft document and may be updated, replaced orobsoleted by other documents at any time. It is inappropriate to cite thisdocument as other than work in progress.Please send comments on this Proposed Recommendation towww-xml-blueberry-comments@w3.org (public archives  are available). W3CAdvisory Committee Representatives may also send comments, visible only tothe Team or to the Membership, through the form available in the Call forReview. The review period extends to four weeks after the approval of PR.[Publication Team: please change this to a hard date before finalpublication.] Reviewers are encouraged to read the XHTML with color-codedrevision indicators; this version highlights each substantive changeseparating XML 1.1 from XML 1.0.This document specifies a syntax created by subsetting an existing, widelyused international text processing standard (Standard Generalized MarkupLanguage, ISO 8879:1986(E) as amended and corrected) for use on the WorldWide Web. It is a product of the W3C XML Activity, details of which can befound at http://www.w3.org/XML. The English version of thisspecification isthe only normative version. However, for translations of this document, seehttp://www.w3.org/2003/03/Translations/byTechnology?technology=xml11. Alistof current W3C Recommendations and other technical documents can befound athttp://www.w3.org/TR.Documentation of intellectual property possibly relevant to thisrecommendation may be found at the Working Group's public IPR disclosurepage.An implementation report for XML 1.1 is available athttp://www.w3.org/XML/2002/09/xml11-implementation.html.Please report errors in this document to xml-editor@w3.org; archives areavailable. The errata list for this third edition is available athttp://www.w3.org/XML/xml-V11-1e-errata.A Test Suite is maintained to help assessing conformance to thisspecification.Paul Grosso and Arnaud Le Hors, chairs of the XML Core WG.",
            "docno": "lists-053-10766618",
            "received": ", and processed on the Web in the way that is now possible with",
            "isoreceived": "20031014101944",
            "sent": "Tue, 14 Oct 2003 11:19:06 +0100",
            "isosent": "20031014101906",
            "name": "Brian McBride",
            "email": "bwm@hplb.hpl.hp.com",
            "subject": "[Fwd: Request for PR for XML 1.1]",
            "id": "3F8BCD9A.2060805@hplb.hpl.hp.com",
            "charset": "us-ascii",
            "expires": "-1",
            "to": " timbl@w3.org, Steve Bratt <steve@w3.org>, w3c-xml-cg <w3c-xml-cg@w3.org>\n",
            "cc": " chairs@w3.org, webreq@w3.org, w3t-comm@w3.org,        John Cowan \n"
        },
        {
            "body": "text/html attachment: stored",
            "docno": "lists-033-6132334",
            "received": "Sat Sep  7 02:58:53 2002",
            "isoreceived": "20020907065853",
            "sent": "Sat, 07 Sep 2002 07:56:46 -0100",
            "isosent": "20020907085646",
            "name": "directshopping@yahoo.com",
            "email": "directshopping@yahoo.com",
            "subject": "A Stimulating Sensual Lubricant For Women",
            "id": "011b77a32e1c$8586b0a6$0ac54de0@lqomai",
            "charset": "iso-8859-1",
            "expires": "-1",
            "to": "<josiane@w3.org>\n",
            "cc": "<kahan@w3.org>,<kotok@w3.org>,<laurent@w3.org>,<lesch@w3.org>,<marisol@w3.org>,<simon@w3.org>,<site-comments@w3.org>,<site-policy@w3.org>,<speaking@w3.org>,<spec-prod@w3.org>,<steve@w3.org>,<steven@w3.org>,<susan@w3.org>,<svg-comments@w3.org>,<svg-testsuite-comments@w3.org>,<swick@w3.org>,<ted@w3.org>,<timbl@w3.org>,<tmichel@w3.org>,<uri@w3.org>,<vatton@w3.org>,<veillard@w3.org>,<vhardy@w3.org>,<w3c-announce@w3.org>,<w3c-announce-request@w3.org>,<w3c-dist-auth@w3.org>,<w3c-html-wg@w3.org>,<w3c-ietf-xmldsig@w3.org>,<w3c-ietf-xmldsig-request@w3.org>,<w3c-math-wg@w3.org>,<w3c-mobile-ig@w3.org>,<w3c-ql@w3.org>,<w3c-translators@w3.org>,<w3c-translators-request@w3.org>,<w3c-wai-au@w3.org>,<w3c-wai-er-ig@w3.org>,<w3c-wai-gl@w3.org>,<w3c-wai-ig@w3.org>,<w3c-wai-ua@w3.org>,<w3c-wai-wcag-review@w3.org>\n"
        },
        {
            "body": "Hi,The bug fix will be available in the next release 6.3 planned for earlySeptember.---Irene> Same problem with Windows NT4.>> Juan Lanus> TECNOAOL> Argentina>>>>>> Steve Bratt wrote:> >> > Laurent,> >> > Thanks...  Looking foward to the fix.> >> > Good luck.> >> > Steve> >> > At 06:44 AM 7/17/2002, Laurent Carcone wrote:> >> >> Hello Steve,> >>> >> Thanks for your report. This is indeed a bug on the new Windows version.> >> I'm looking at it.> >>> >> Regards,  Laurent> >>> >>> >> > Dear Amaya Team,> >> >> >> > Ralph and I independently hit some problems related to cutting or> >> copying> >> > and pasting things into Amaya.  I am using Windows 2000 and running> >> Amaya> >> > 6.2.> >> >> >> > 1. I select and put something into the buffer from any other outside> >> > application (Eudora, IE, etc.).> >> >> >> > 2. I attempt to paste it into a document openned in Amaya,.> >> >> >> > 3. Amaya pastes the last thing I had copied or pasted from within> >> Amaya,> >> > and ignores the thing selected from the outside application.> >> >> >> > 4. One exception:  If I copy a URI (for example) and try to paste it> >> into> >> > the Save As form (for example), this seems to work.> >> >> >> > This is an important bug, since I copy and paste things into Amaya> >> frequently.> >> >> >> > Thanks> >> >> >> > Steve> >> >> >> > --> >> > Steven R Bratt, Chief Operating Officer       mailto:steve@w3.org> >> > World Wide Web Consortium                      http://www.w3.org> >> > MIT Laboratory for Computer Science, 200 Technology Square, Room> >> NE43-352> >> > Cambridge, MA 02139, USA     Voice: +1-617-253-7697     Fax:> >> +1-617-258-5999> >> >> >> >> >> >> >> >>>>>",
            "docno": "lists-095-15999017",
            "received": "Thu Aug 29 03:13:30 2002",
            "isoreceived": "20020829071330",
            "sent": "Thu, 29 Aug 2002 09:13:25 +0200",
            "isosent": "20020829071325",
            "name": "Irene Vatton",
            "email": "Irene.Vatton@inrialpes.fr",
            "subject": "Re: Problems copying/cutting and pasting into Amaya",
            "id": "20020829071325.B9C46C@maiaina.inrialpes.fr",
            "charset": "us-ascii",
            "inreplyto": "jlanus&#64;netscape.net",
            "expires": "-1",
            "to": " Juan Lanus<jlanus@netscape.net>\n",
            "cc": "www-amaya@w3.org,Irene.Vatton@inrialpes.fr\n"
        },
        {
            "body": ">Resent-Date: Fri, 25 Oct 2002 18:12:50 -0400 (EDT)>X-Sender: steve@localhost>X-Mailer: QUALCOMM Windows Eudora Version 5.1.1>Date: Fri, 25 Oct 2002 18:13:57 -0400>To: chairs@w3.org, w3t@w3.org>From: Steve Bratt <steve@w3.org>>Cc: member-techplenary@w3.org>Subject: Your Ideas Sought for the Mar 2003 Technical Plenary>Resent-From: member-techplenary@w3.org>X-Mailing-List: <member-techplenary@w3.org> archive/latest/46>X-Loop: member-techplenary@w3.org>Sender: member-techplenary-request@w3.org>Resent-Sender: member-techplenary-request@w3.org>List-Id: <member-techplenary.w3.org>>List-Help: <http://www.w3.org/Mail/>>List-Unsubscribe:><mailto:member-techplenary-request@w3.org?subject=unsubscribe>>X-MailScanner: Found to be clean>>>Dear Chairs and Team,>>As you know, the World Wide Web Consortium's All-Group Meeting will take>place from 3 through 7 March 2003 at the Royal Sonesta Hotel in Cambridge,>Massachusetts, USA ...>     http://www.w3.org/2002/10/allgroupoverview.html>>The Program Committee* solicits your ideas for topics for the Technical>Plenary, to be held on Wednesday 5 March 2003.  Please provide your input>by 9 November 2002 to the Tech Plenary list ...>     mailto:member-techplenary@w3.org>>There are many fascinating and critical technical challenges to face as we>\"lead the Web to its full potential\".  Tell us which topics you feel would>make this 3rd annual event an:>   -     intensely interesting,>   -     educational,>   -     inspiring, and>   -     unifying>experience for the diverse group of participants from across the W3C's>broad range of Working and Interest Groups.>>For those who have not attended a previous Tech Plenary, the feedback on>the  programs has been as diverse as their participants:    Good>idea.  Fun. Too much process.  Not technical enough.  Too technical.  Of>interest to too narrow a group.  Too general. Too much blood (or>argument).  More blood! ..... You might want to check out  the agenda from>the February 2002 TP ...>     http://www.w3.org/2001/07/Plenary/Agenda.html>>The format for the 2003 event is also open for your>input:  Presentations.  Demonstrations.  Panel discussions.>Debates.  Audience participation.  Etc.  We want to engage the thoughts of>and encourage active participation from as many of the attendees as possible.>>What would you like to see?>>We look forward to your suggestions for agenda topics and formats. We will>carefully consider all input, and publish an agenda in January 2003.>>Thanks in advance.>>Steve>For the Technical Plenary Program Committee*>>>* Program Committee for the 2003 W3C Technical Plenary:  Paul Cotton,>Microsoft; Debbie Dahl, Conversational Technologies; Donald Eastlake,>Motorola; Al Gilman, Protocols & Formats WG; Patrick Ion, University of>Michigan and Mathematical Reviews; Brian McBride, HP; Noah Mendelsohn,>IBM,; David Orchard, BEA; Steven Pemberton, W3C; Janet Daly, W3C, Steve>Bratt, W3C (Chair)>>-->Steven R Bratt, Chief Operating Officer       mailto:steve@w3.org>World Wide Web Consortium                      http://www.w3.org>MIT Laboratory for Computer Science, 200 Technology Square, Room NE43-352>Cambridge, MA 02139, USA     Voice: +1-617-253-7697     Fax: +1-617-258-5999",
            "docno": "lists-051-10060504",
            "received": "Thu Oct 31 03:38:38 2002",
            "isoreceived": "20021031083838",
            "sent": "Thu, 31 Oct 2002 08:41:13 +0000",
            "isosent": "20021031084113",
            "name": "Brian McBride",
            "email": "bwm@hplb.hpl.hp.com",
            "subject": "Fwd: Your Ideas Sought for the Mar 2003 Technical Plenary",
            "id": "5.1.0.14.0.20021031084101.02732088@0-mail-1.hpl.hp.com",
            "charset": "us-ascii",
            "expires": "-1",
            "to": " RDF Core<w3c-rdfcore-wg@w3.org>\n"
        },
        {
            "body": "A big Russian company may be become your representative in the Ural-Siberian region of  Russia.See the inclosure.text/html attachment: Dear_manager2.html",
            "docno": "lists-032-3416463",
            "received": "Tue Jun 11 06:50:47 2002",
            "isoreceived": "20020611105047",
            "sent": "Tue, 11 Jun 2002 16:50:33 +0600",
            "isosent": "20020611105033",
            "name": "??????????",
            "email": "copolimer@r66.ru",
            "subject": "The offer about possible cooperation",
            "id": "002101c21135$fe2b88c0$790000c0@menedger",
            "charset": "koi8-r",
            "expires": "-1",
            "to": "<s.jarvis@westminster.ac.uk>,<saeko@w3.org>,<sagarwal@mit.edu>,<saian@cityu.edu.hk>,<said@inrets.fr>,<sales@invision.net>,<saman@lcs.mit.edu>,<samira.cuny@bristol.ac.uk>,<sb@foo.org>,<sb@stilo.com>,<Scholarships@psac.com>,<schwarte@iwb.uni-stuttgart.de>,<sculpture@pamelastakermatson.com>,<sdaitch@mit.edu>,<secretary_SIGWEB@acm.org>,<selectrates@aol.com>,<seltsame@mit.edu>,<seth@graphics.lcs.mit.edu>,<sgml-internet@ebt.com>,<sgp@lcs.mit.edu>,<Shahnaz.Holder@man.ac.uk>,<shayes@microsoft.com>,<Sheila.Rowbotham@man.ac.uk>,<shireen@cag.lcs.mit.edu>,<Shivaram.Mysore@sun.com>,<shr-america@shr-america.com>,<sidd@membrane.com>,<Simon.Bulmer@man.ac.uk>,<simon.murray@aut.ac.nz>,<simonech@logicapiu.it>,<sintek@dfki.uni-kl.de>,<sir.annuaire@inria.fr>,<site-policy@w3.org>,<sjd@ebt.com>,<skippy@mit.edu>,<sls@n-partners.com>,<smcclurg@mtholyoke.edu>,<sofya@theory.lcs.mit.edu>,<spec-prod@w3.org>,<speh@polygon.math.cornell.edu>,<sp-prog@jclark.com>,<sp-prog-request@jclark.com>,<sraman@mit.edu>,<staffdir@man.ac.uk>,<staffing@essex.ac.uk>,<stamoua@psac.com>,<stanf@mit.edu>,<stanleyt@mit.edu>,<stanrost@lcs.mit.edu>,<StantonJ@ncr.disa.mil>,<stefan.roberts@man.ac.uk>,<stefan@db.stanford.edu>,<stephen.farrell@baltimore.ie>,<StephenB@stilo.com>,<steve.potter@man.ac.uk>,<steve@w3.org>,<stirlingsmith@email.msn.com>,<stonebraker@lcs.mit.edu>,<strik@server.inse.kiae.ru>,<strong@zurich.ai.mit.edu>,<strumpen@theory.lcs.mit.edu>,<su@essex.ac.uk>,<suh@mit.edu>,<sumner@graphics.lcs.mit.edu>,<sun@medg.lcs.mit.edu>,<support@wrox.com>,<susan.butterworth@man.ac.uk>,<susan@smp-services.com>,<susan@w3.org>,<svg-developers@yahoogroups.com>,<svg-testsuite-comments@w3.org>,<swang@glenfiddich.lcs.mit.edu>,<swick@w3.org>,<symposia@inria.fr>,<szhou@quark.com>,<tag@w3.org>,<taghdiri@mit.edu>,<tantekc@microsoft.com>,<tany@phoenix-c.or.jp>,<tdanford@mit.edu>,<tech@dwyer-inst.com>,<teejae@mit.edu>,<teevan@ai.mit.edu>,<Terry.King@man.ac.uk>,<texier@lcpc.fr>,<thies@mit.edu>,<thomas.deweese@kodak.com>,<Thomas.Uebel@man.ac.uk>,<thouis@graphics.lcs.mit.edu>,<Till.Krullmann@iname.com>,<tim.cornell@man.ac.uk>,<timothy.thompson@kodak.com>,<tkotwal@mit.edu>,<tmichel@w3.org>,<tom.mullin@man.ac.uk>,<Tony.Carew@umist.ac.uk>,<TroyS@visio.com>,<tsugawa.s@aist.go.jp>,<tuann@microsoft.com>,<tzhang@ma.man.ac.uk>\n"
        },
        {
            "body": "Laurent,Thanks...  Looking foward to the fix.Good luck.SteveAt 06:44 AM 7/17/2002, Laurent Carcone wrote:>Hello Steve,>>Thanks for your report. This is indeed a bug on the new Windows version.>I'm looking at it.>>Regards,  Laurent>>> > Dear Amaya Team,> >> > Ralph and I independently hit some problems related to cutting or copying> > and pasting things into Amaya.  I am using Windows 2000 and running Amaya> > 6.2.> >> > 1. I select and put something into the buffer from any other outside> > application (Eudora, IE, etc.).> >> > 2. I attempt to paste it into a document openned in Amaya,.> >> > 3. Amaya pastes the last thing I had copied or pasted from within Amaya,> > and ignores the thing selected from the outside application.> >> > 4. One exception:  If I copy a URI (for example) and try to paste it into> > the Save As form (for example), this seems to work.> >> > This is an important bug, since I copy and paste things into Amaya> frequently.> >> > Thanks> >> > Steve> >> > --> > Steven R Bratt, Chief Operating Officer       mailto:steve@w3.org> > World Wide Web Consortium                      http://www.w3.org> > MIT Laboratory for Computer Science, 200 Technology Square, Room NE43-352> > Cambridge, MA 02139, USA     Voice: +1-617-253-7697     Fax:> +1-617-258-5999> >> >> >--Steven R Bratt, Chief Operating Officer       mailto:steve@w3.orgWorld Wide Web Consortium                      http://www.w3.orgMIT Laboratory for Computer Science, 200 Technology Square, Room NE43-352Cambridge, MA 02139, USA     Voice: +1-617-253-7697     Fax: +1-617-258-5999",
            "docno": "lists-095-15111605",
            "received": "Wed Jul 17 16:28:25 2002",
            "isoreceived": "20020717202825",
            "sent": "Wed, 17 Jul 2002 16:29:20 -0400",
            "isosent": "20020717202920",
            "name": "Steve Bratt",
            "email": "steve@w3.org",
            "subject": "Re: Problems copying/cutting and pasting into Amaya",
            "id": "5.1.0.14.2.20020717162903.03361058@localhost",
            "charset": "us-ascii",
            "inreplyto": "20020717104456.B9FE36F92&#64;tux.inrialpes.fr",
            "expires": "-1",
            "to": "Laurent.Carcone@inrialpes.fr\n",
            "cc": "www-amaya@w3.org\n"
        },
        {
            "body": "Begin forwarded message:> From: Yukiko Ogura <ogura@itscj.ipsj.or.jp>> Date: December 22, 2003 2:08:02 EST> To: timbl@w3.org> Cc: bormans@imec.be, leonardo@chiariglione.org,> niels.rump@rightscom.com, steve@w3.org> Subject: Liaison Statement to W3C (SC 29 N 5743)> Reply-To: ogura@itscj.ipsj.or.jp>> Dear  Mr. Berners-Lee,>> In accordance with Resolution 7.1.1 taken at the 67th> ISO/IEC JTC 1/SC 29/WG 11 meeting,  2003-12-08/12,> Hawaii, USA, I'm please to send the following liaison statement.>> SC 29 N 5743 [SC 29/WG 11 N 6124] :> Liaison Statement from SC 29/WG 11 to W3C> on Lightweight Scene Representation>> If you have any questions, please do not> hesitate to contact me.>> Thank you for your cooperation.>> Best regards,> Yukiko Ogura> ===============================================> Yukiko Ogura> Secretary, ISO/IEC JTC 1/SC 29> IPSJ/ITSCJ Room 308-3 Kikai-Shinko-Kaikan Bldg> 3-5-8 Shiba-koen Minato-ku Tokyo 105-0011 Japan> Tel: +81-3-3431-2808  Fax: +81-3-3431-6493> E-mail: ogura@itscj.ipsj.or.jp> ===============================================application/zip attachment: 29n5743.zip",
            "docno": "lists-099-1585525",
            "received": "Mon Dec 22 07:06:59 2003",
            "isoreceived": "20031222120659",
            "sent": "Mon, 22 Dec 2003 07:06:48 -0500",
            "isosent": "20031222120648",
            "name": "Tim Berners-Lee",
            "email": "timbl@w3.org",
            "subject": "Fwd: Liaison Statement to W3C (SC 29 N 5743)",
            "id": "520FEFA6-3477-11D8-96F5-000A9580D8C0@w3.org",
            "charset": "US-ASCII",
            "expires": "-1",
            "to": " Public W3C<www-archive@w3.org>\n"
        },
        {
            "body": "FYII don't plan on preparing formal RDFCore comments.Brian>Resent-Date: Tue, 6 May 2003 09:42:01 -0400 (EDT)>Date: Tue, 6 May 2003 09:40:49 -0400>X-MS-Has-Attach:>X-MS-TNEF-Correlator:>Thread-Topic: Last Call for XQuery/XPath documents>Thread-Index: AcL+Is9Gi9gQi6b7SoiWSOxxlNHdAQVsZkSw>From: \"Paul Cotton\" <pcotton@microsoft.com>>To: <cmsmcq@acm.org>, \"Paul Grosso\" <pgrosso@arbortext.com>,>         \"Ray Whitmer\" <rayw@netscape.com>, <ishida@w3.org>,>         <Steven.Pemberton@cwi.nl>>Cc: <chairs@w3.org>, \"Sharon Adler\" <sca@us.ibm.com>,>         \"Janet Daly\" <janet@w3.org>, \"Steve Bratt\" <steve@w3.org>>X-OriginalArrivalTime: 06 May 2003 13:41:49.0630 (UTC)>FILETIME=[3EA26DE0:01C313D5]>X-MIME-Autoconverted: from quoted-printable to 8bit by frink.w3.org id>h46DfwvD028051>Subject: Last Call for XQuery/XPath documents>X-Archived-At:>http://www.w3.org/mid/E7AC4500EAB7A442ABA7521D1881439706324CDA@tor-msg-01.northamerica.corp.microsoft.com>Resent-From: chairs@w3.org>X-Mailing-List: <chairs@w3.org> archive/latest/2479>X-Loop: chairs@w3.org>Sender: chairs-request@w3.org>Resent-Sender: chairs-request@w3.org>List-Id: <chairs.w3.org>>List-Help: <http://www.w3.org/Mail/>>List-Unsubscribe: <mailto:chairs-request@w3.org?subject=unsubscribe>>X-MailScanner: Found to be clean>>>Chairs of XML Schema, XML Core, DOM, I18N and XForms WGs>>The XML Query and XSL WGs have commenced a Last Call on the following>documents with their publication on May 5:>>a) XQuery 1.0 and XPath 2.0 Data Model>    http://www.w3.org/TR/2003/WD-xpath-datamodel-20030502/>>b) XQuery 1.0 and XPath 2.0 Functions and Operators>    http://www.w3.org/TR/2003/WD-xpath-functions-20030502/>>The Last Call period for the above two documents will extend through>June 30.>>We look forward to your feedback on these documents.>>/paulc>>Paul Cotton, Microsoft Canada>17 Eleanor Drive, Nepean, Ontario K2E 6A3>Tel: (613) 225-5445 Fax: (425) 936-7329>mailto:pcotton@microsoft.com",
            "docno": "lists-053-5611145",
            "received": "Wed May  7 04:24:21 2003",
            "isoreceived": "20030507082421",
            "sent": "Wed, 07 May 2003 09:24:58 +0100",
            "isosent": "20030507082458",
            "name": "Brian McBride",
            "email": "bwm@hplb.hpl.hp.com",
            "subject": "Fwd: Last Call for XQuery/XPath documents",
            "id": "5.1.0.14.0.20030507092430.026b06e0@localhost",
            "charset": "us-ascii",
            "expires": "-1",
            "to": " RDF Core<w3c-rdfcore-wg@w3.org>\n"
        },
        {
            "body": "Dear FTF observers,Thankyou for your interest in observing the GEO face to face meeting atthe Technical Plenary in Boston.  We look forward to seeing you there.So as not to slow down the discussion, I would be grateful if you wouldread the following documents before arriving:-http://www.w3.org/International/geo/framework/-http://www.w3.org/International/geo/html-tech/-http://www.w3.org/International/geo/upload/2003/02/html-authoring-ch.htmlI would also be grateful if you could note down briefly-what interests you in the GEO meeting,-what you are hoping to take away from the meeting, and-what days/times you are intended to attend.You can find a first cut at the agenda athttp://www.w3.org/International/geo/2003/02/ftf-agenda-200303.htmlMany thanks,Richard============Richard IshidaW3Ctel: +44 1753 480 292http://www.w3.org/International/http://www.w3.org/People/Ishida/",
            "docno": "lists-015-16732499",
            "received": "Thu Feb 20 10:09:25 2003",
            "isoreceived": "20030220150925",
            "sent": "Thu, 20 Feb 2003 15:08:17 0000",
            "isosent": "20030220150817",
            "name": "Richard Ishida",
            "email": "shida@w3.org",
            "subject": "Your attendance at the GEO FTF at the Technical Plenary",
            "id": "002101c2d8f1$e7900ad0$d901000a@w3c40upc3ma3j2",
            "charset": "usascii",
            "expires": "1",
            "to": "\"'Steve Bratt'\"<steve@w3.org>,\"'Karl Dubost'\"<karl@w3.org>,\"'Ivan Herman'\"<ivan@w3.org>,\"'Olivier Thereaux'\"<ot@w3.org>,\"'Marie-Claire Forgue'\"<mcf@w3.org>,<lojek@gmx.net>,<charles@w3.org>,<Yin-Leng.Husband@hp.com>,<Gerald.edgar@boeing.com>\n",
            "cc": "\"Richard Ishida\"<ishida@w3.org>,<public-i18n-geo@w3.org>\n"
        },
        {
            "body": "Same problem with Windows NT4.Juan LanusTECNOAOLArgentinaSteve Bratt wrote:>> Laurent,>> Thanks...  Looking foward to the fix.>> Good luck.>> Steve>> At 06:44 AM 7/17/2002, Laurent Carcone wrote:>>> Hello Steve,>>>> Thanks for your report. This is indeed a bug on the new Windows version.>> I'm looking at it.>>>> Regards,  Laurent>>>>>> > Dear Amaya Team,>> >>> > Ralph and I independently hit some problems related to cutting or>> copying>> > and pasting things into Amaya.  I am using Windows 2000 and running>> Amaya>> > 6.2.>> >>> > 1. I select and put something into the buffer from any other outside>> > application (Eudora, IE, etc.).>> >>> > 2. I attempt to paste it into a document openned in Amaya,.>> >>> > 3. Amaya pastes the last thing I had copied or pasted from within>> Amaya,>> > and ignores the thing selected from the outside application.>> >>> > 4. One exception:  If I copy a URI (for example) and try to paste it>> into>> > the Save As form (for example), this seems to work.>> >>> > This is an important bug, since I copy and paste things into Amaya>> frequently.>> >>> > Thanks>> >>> > Steve>> >>> > -->> > Steven R Bratt, Chief Operating Officer       mailto:steve@w3.org>> > World Wide Web Consortium                      http://www.w3.org>> > MIT Laboratory for Computer Science, 200 Technology Square, Room>> NE43-352>> > Cambridge, MA 02139, USA     Voice: +1-617-253-7697     Fax:>> +1-617-258-5999>> >>> >>> >>>",
            "docno": "lists-095-15729986",
            "received": "Wed Aug 21 03:21:16 2002",
            "isoreceived": "20020821072116",
            "sent": "Tue, 20 Aug 2002 15:37:13 -0400 (EDT)",
            "isosent": "20020820193713",
            "name": "Juan Lanus",
            "email": "jlanus@netscape.net",
            "subject": "Re: Problems copying/cutting and pasting into Amaya",
            "id": "3D629A6D.60304@netscape.net",
            "charset": "us-ascii",
            "inreplyto": "5.1.0.14.2.20020717162903.03361058&#64;localhost",
            "expires": "-1",
            "to": "www-amaya@w3.org\n"
        },
        {
            "body": "Thanks for this, Amaya team.Note that the link from ... the WinXP http download entry in the tablegoes to here ...http://www.w3.org/Amaya/Distribution/amaya-WinXP-8.5.exe... but the file cannot be found.  Instead, I get ...Multiple ChoicesThe document name you requested(/Amaya/Distribution/amaya-WinXP-8.5.exe) could not be found on thisserver. However, we found documents with names similar to the one yourequested.Available documents:/Amaya/Distribution/amaya-WinXP-8.1b.exe (common basename)/Amaya/Distribution/amaya-WinXP-8.2-pre.exe (common basename)/Amaya/Distribution/amaya-WinXP-8.2.exe (common basename)/Amaya/Distribution/amaya-WinXP-8.2+.exe (common basename)/Amaya/Distribution/amaya-WinXP-8.3-.exe (common basename)/Amaya/Distribution/amaya-WinXP-8.3.exe (common basename)/Amaya/Distribution/amaya-WinXP-8.4.exe (common basename)Please consider informing the owner of the referring page about thebroken link.SteveIrene Vatton wrote:>> The Amaya team is proud to announce the Amaya 8.5 release> that fixes annoying bugs reported in the previous release.>>   Binaries (Linux, Windows NT/2000/XP), Debian and RPM>   packages are available at:>             http://www.w3.org/Amaya/User/BinDist.html>> For more details about changes see>     http://www.w3.org/Amaya/User/New.html>>      Irene.> -----> Ir?ne Vatton                     INRIA Rh?ne-Alpes> INRIA                               ZIRST> e-mail: Irene.Vatton@inria.fr       655 avenue de l'Europe> Tel.: +33 4 76 61 53 61             Montbonnot> Fax:  +33 4 76 61 52 07             38334 Saint Ismier Cedex - France--Steven R Bratt, Chief Operating Officer     mailto:steve@w3.orgWorld Wide Web Consortium   http://www.w3.org/MIT Computer Science and Artificial Intelligence LaboratoryThe Stata Center / Building 32-G522 / 32 Vassar StreetCambridge, MA 02139, USA / Voice: +1.617.253.7697 / Fax: +1.617.258.5999",
            "docno": "lists-096-12840899",
            "received": "Tue Apr 27 16:52:00 2004",
            "isoreceived": "20040427205200",
            "sent": "Tue, 27 Apr 2004 16:52:03 -0400",
            "isosent": "20040427205203",
            "name": "Steve Bratt",
            "email": "steve@w3.org",
            "subject": "Re: [Announcement] Amaya 8.5",
            "id": "408EC7F3.5020102@w3.org",
            "charset": "ISO-8859-1",
            "inreplyto": "20040427183433.5874c1f0.irene.vatton&#64;inrialpes.fr",
            "expires": "-1",
            "to": " Irene Vatton<irene.vatton@inrialpes.fr>\n",
            "cc": "www-amaya@w3.org\n"
        },
        {
            "body": "Dear Amaya Team,I am having problems with cutting and pasting in the Open (URI) field onAmaya.    For example, doing a ctrl-C in the field pastes some old, copiedstring into the field, instead of copying the new one.  Other times, itseems that doing a ctrl-C delects the first character in the string.  Thereare other, related symptoms as well.I am using Amaya 7.0 on Windows 2000.Thanks,Steve--Steven R Bratt, Chief Operating Officer       mailto:steve@w3.orgWorld Wide Web Consortium                      http://www.w3.orgMIT Laboratory for Computer Science, 200 Technology Square, Room NE43-352Cambridge, MA 02139, USA     Voice: +1-617-253-7697     Fax: +1-617-258-5999",
            "docno": "lists-096-1085936",
            "received": "Fri Dec  6 13:35:01 2002",
            "isoreceived": "20021206183501",
            "sent": "Fri, 06 Dec 2002 13:36:15 -0500",
            "isosent": "20021206183615",
            "name": "Steve Bratt",
            "email": "steve@w3.org",
            "subject": "Problem copying text from Open field",
            "id": "5.1.1.6.2.20021206133110.02dd2f88@localhost",
            "charset": "us-ascii",
            "expires": "-1",
            "to": "www-amaya@w3.org\n",
            "cc": " irene Vatton<irene.vatton@inrialpes.fr>\n"
        },
        {
            "body": "Yes, for me too. And is bizarre because the copy and paste works with themouse but not with ctrl+c and ctrl+vBest regards,Emmanuelle----- Original Message -----From: \"Steve Bratt\" <steve@w3.org>Sent: Friday, December 06, 2002 7:36 PMSubject: Problem copying text from Open field|| Dear Amaya Team,|| I am having problems with cutting and pasting in the Open (URI) field on| Amaya.    For example, doing a ctrl-C in the field pastes some old, copied| string into the field, instead of copying the new one.  Other times, it| seems that doing a ctrl-C delects the first character in the string.There| are other, related symptoms as well.|| I am using Amaya 7.0 on Windows 2000.|| Thanks,|| Steve|||| --| Steven R Bratt, Chief Operating Officer       mailto:steve@w3.org| World Wide Web Consortium                      http://www.w3.org| MIT Laboratory for Computer Science, 200 Technology Square, Room NE43-352| Cambridge, MA 02139, USA     Voice: +1-617-253-7697     Fax:+1-617-258-5999|",
            "docno": "lists-096-1102172",
            "received": "Fri Dec  6 17:14:53 2002",
            "isoreceived": "20021206221453",
            "sent": "Fri, 6 Dec 2002 23:08:07 +0100",
            "isosent": "20021206220807",
            "name": "Emmanuelle Guti?rrez y Restrepo",
            "email": "nuelle@sidar.org",
            "subject": "Re: Problem copying text from Open field",
            "id": "00ee01c29d73$f98666d0$734225d5@emmanuelle1",
            "charset": "iso-8859-1",
            "inreplyto": "5.1.1.6.2.20021206133110.02dd2f88&#64;localhost",
            "expires": "-1",
            "to": " <www-amaya@w3.org>\n",
            "cc": " \"irene Vatton\" <irene.vatton@inrialpes.fr>\n"
        },
        {
            "body": "Dear Yukiko Ogura,Thank you for your mail.     I am glad that MPEG is planning  to beclosely compatible with W3C specs such as SVG.   Chris Lilley (Ccd) isthe w3C team contact for the SVG working group.I have taken the liberty of putting the enclosures on the web andconverting them where necessary to standard format.  (We have rule thatstandard formats be used for our work.)http://www.w3.org/2003/12/29n5743/29n5743c.htmhttp://www.w3.org/2003/12/29n5743/29n57431-conv.htmlYou ask for the W3C, presumably the SVG Working Group, to review aCall for Proposal.  I could not find the call, though.  There was onlyone attachment, a zip file.Tim Berners-LeeDirector, W3COn Dec 22, 2003, at 2:08, Yukiko Ogura wrote:> Dear  Mr. Berners-Lee,>> In accordance with Resolution 7.1.1 taken at the 67th> ISO/IEC JTC 1/SC 29/WG 11 meeting,  2003-12-08/12,> Hawaii, USA, I'm please to send the following liaison statement.>> SC 29 N 5743 [SC 29/WG 11 N 6124] :> Liaison Statement from SC 29/WG 11 to W3C> on Lightweight Scene Representation>> If you have any questions, please do not> hesitate to contact me.>> Thank you for your cooperation.>> Best regards,> Yukiko Ogura> ===============================================> Yukiko Ogura> Secretary, ISO/IEC JTC 1/SC 29> IPSJ/ITSCJ Room 308-3 Kikai-Shinko-Kaikan Bldg> 3-5-8 Shiba-koen Minato-ku Tokyo 105-0011 Japan> Tel: +81-3-3431-2808  Fax: +81-3-3431-6493> E-mail: ogura@itscj.ipsj.or.jp> ===============================================> <29n5743.zip>Which contained a file the gist of which was:> INTERNATIONAL ORGANISATION FOR STANDARDISATION> ORGANISATION INTERNATIONALE DE NORMALISATION>> ISO/IEC JTC1/SC29/WG11>> CODING OF MOVING PICTURES AND ASSOCIATED AUDIO INFORMATION>> ISO/IEC/JTC1/SC29/WG11/N6124>> Hawaii, USA, December 2003>>>>>> Source: Convenor>> Title: Liaison Statement to W3C>>>>>> We are pleased to inform you that MPEG (ISO/IEC JCT 1/SC 29/WG 11) is> starting a new activity on Lightweight Scene Representation. This> activity targets compression and streaming of vector graphics as well> as aggregation of compressed vector graphics with audio and video> data. You will find attached the Draft Call for Proposal on this> project.>>>> Since this activity relates to the work done in your SVG group, and> that MPEG intends to achieve as much as possible compatibility with> your SVG specification, we are interested in initiating a liaison with> you on this topic. As a first step, we would be interested in getting> your feed-back on our Call for Proposal, which will be finalized in> our Munich meeting (15th to 19th March).",
            "docno": "lists-099-1595433",
            "received": "Mon Dec 22 14:54:54 2003",
            "isoreceived": "20031222195454",
            "sent": "Mon, 22 Dec 2003 14:54:40 -0500",
            "isosent": "20031222195440",
            "name": "Tim Berners-Lee",
            "email": "timbl@w3.org",
            "subject": "Lightweight Scene Representation  MPEG-SVG Liaison   Was: Liaison Statement to W3C (SC 29 N 5743)",
            "id": "ADBAA766-34B8-11D8-96F5-000A9580D8C0@w3.org",
            "charset": "US-ASCII",
            "inreplyto": "20031222160218.F3A3.OGURA&#64;itscj.ipsj.or.jp",
            "expires": "-1",
            "cc": " Steve Bratt<steve@w3.org>,leonardo@chiariglione.org, Chris Lilley<chris@w3.org>,bormans@imec.be, Public W3C<www-archive@w3.org>,niels.rump@rightscom.com\n",
            "to": "gura@itscj.ipsj.or.jp\n"
        },
        {
            "body": "-------- Original Message --------Subject: Request for PR of Namespaces in XML 1.1Resent-Date: Mon, 13 Oct 2003 12:39:34 -0400 (EDT)Resent-From: chairs@w3.orgDate: Mon, 13 Oct 2003 11:38:52 -0500From: Paul Grosso <pgrosso@arbortext.com><richard@cogsci.ed.ac.uk>The XML Core WG requests publication of the following document as a W3CProposed Recommendation:http://www.w3.org/XML/Group/2003/05/PR-xml-names11/The URL cited above is for the most recent Member-only version of thespecification, dated 10 October 2003.The Namespaces in XML 1.1 specification was published as a CandidateRecommendation on 18 December 2002. A document containing the commentsof those comments may be found at:http://www.w3.org/XML/2003/06/ns11-cr-doc.htmlThe XML Core WG has not received any replies from commenters saying that ourresponses were inadequate. We did receive several replies saying our answerswere fine.The document being sent to PR contains the changes that were made toaccommodate these comments.The WG's decision to request publication as a Proposed Recommendationwas taken during a teleconference on 8 October 2003, minutes may befound at:http://lists.w3.org/Archives/Member/w3c-xml-core-wg/2003OctDec/0034EXITING CRThe main purposes of the CR period was to gain feedback based onimplementation experience. The XML Core WG set a goal of having at least 2successful implementations of the specification. As of today, we know of atleast 3 implementations. See the implementation report at:http://www.w3.org/XML/2002/12/xml-names11-implementationSCHEDULEWe propose that the PR period for Namespaces in XML 1.1 to last foreight weeks from publication.REQUIREMENTS OF TRANSITIONThe XML Core WG approved publication during our telcon of 2003 Oct 8:http://lists.w3.org/Archives/Member/w3c-xml-core-wg/2003OctDec/0034Changes to the document are outlined in Appendices C and D of the document.The WG believes it has addressed all of the requirements in the RD athttp://www.w3.org/TR/2002/WD-xml-names11-req-20020403/Evidence that issues have been addressed can be seenin our Disposition of Comments document athttp://www.w3.org/XML/2003/06/ns11-cr-doc.htmlAn Implementation report is athttp://www.w3.org/XML/2002/12/xml-names11-implementationOur IPR disclosure page is athttp://www.w3.org/2002/08/xmlcore-IPR-statementsPROPOSED PR ABSTRACT AND STATUS SECTIONSAbstract--------XML namespaces provide a simple method for qualifying element and attributeStatus of this document-----------------------This section describes the status of this document at the time of itspublication. Other documents may supersede this document. A list of currentW3C publications and the latest revision of this technical report can befound in the W3C technical reports index at http://www.w3.org/TR/.This document, Namespaces in XML 1.1, is a Proposed Recommendation of theW3C. This document has been produced by the W3C XML Core Working Group aspart of the XML Activity.W3C Advisory Committee Representatives are invited to send formal reviewcomments by following the instructions in the Call for Review. Through aform available from the Call for Review, Advisory Committee representativesshould send comments to the Team-only list xml-namespaces11-review@w3.orguntil 30 November 2003. Through the form, Advisory Committeerepresentativesmay also make their comments visible to the Membership (onw3c-ac-forum@w3.org for discussion or w3c-archive@w3.org). The public isinvited to send comments to the public mailing list xml-names-editor@w3.org(archived at http://lists.w3.org/Archives/Public/xml-names-editor/). Afterthe review the Director will announce the document's disposition. Thisannouncement should not be expected sooner than 14 days after the end ofthereview.This document is based upon the Namespaces in XML 1.1 CandidateRecommendation of 18 December 2002 and feedback received during the reviewperiod (see the Disposition of Comments document). The XML Core WorkingGroup believes that this specification addresses its Requirements and allLast Call and Candidate Recommendation issues. Known implementations aredocumented in the Namespaces 1.1 implementation report. A test suite isalsoavailable.Documentation of intellectual property possibly relevant to thisRecommendation may be found at the Working Group's public IPR disclosurepage.Publication as a Proposed Recommendation does not imply endorsement by theW3C Membership. This is a draft document and may be updated, replaced orobsoleted by other documents at any time. It is inappropriate to cite thisdocument as other than work in progress.Paul Grosso and Arnaud Le Hors, chairs of the XML Core WG.",
            "docno": "lists-053-10785622",
            "received": "from other WGs and the public as well as the WG's final disposition",
            "isoreceived": "20031014101955",
            "sent": "Tue, 14 Oct 2003 11:19:19 +0100",
            "isosent": "20031014101919",
            "name": "spaces identified by IRI references.",
            "email": "bwm@hplb.hpl.hp.com",
            "subject": "[Fwd: Request for PR of Namespaces in XML 1.1]",
            "id": "3F8BCDA7.5000100@hplb.hpl.hp.com",
            "charset": "us-ascii",
            "expires": "-1",
            "to": " timbl@w3.org, Steve Bratt <steve@w3.org>, w3c-xml-cg <w3c-xml-cg@w3.org>\n",
            "cc": " chairs@w3.org, webreq@w3.org, w3t-comm@w3.org,        Richard Tobin \n"
        },
        {
            "body": ">>>Friend of a Friend file generated from ...>     http://www.ldodds.com/foaf/foaf-a-matic.html--Steven R Bratt, Chief Operating Officer       mailto:steve@w3.orgWorld Wide Web Consortium                      http://www.w3.orgMIT Laboratory for Computer Science, 200 Technology Square, Room NE43-352Cambridge, MA 02139, USA     Voice: +1-617-253-7697     Fax: +1-617-258-5999text/plain attachment: stevenrbratt.rdf",
            "docno": "lists-099-7205534",
            "received": "Mon May 26 10:49:03 2003",
            "isoreceived": "20030526144903",
            "sent": "Mon, 26 May 2003 10:47:59 -0400",
            "isosent": "20030526144759",
            "name": "Steve Bratt",
            "email": "steve@w3.org",
            "subject": "Experiment: Steve Bratt FOAF description",
            "id": "5.2.1.1.2.20030526104009.03d392f8@localhost",
            "charset": "us-ascii",
            "expires": "-1",
            "to": "www-archive@w3.org\n"
        },
        {
            "body": ">Resent-Date: Tue, 11 Feb 2003 17:11:23 -0500 (EST)>X-Sender: steve@localhost>X-Mailer: QUALCOMM Windows Eudora Version 5.1.1>Date: Tue, 11 Feb 2003 17:12:46 -0500>To: chairs@w3.org>From: Steve Bratt <steve@w3.org>>Cc: member-techplenary@w3.org, w3t@w3.org>Subject: 2003 Tech Plenary Agenda Now Available>X-Archived-At:>http://www.w3.org/mid/5.1.1.6.2.20030211163728.0352aad0@localhost>Resent-From: member-techplenary@w3.org>X-Mailing-List: <member-techplenary@w3.org> archive/latest/143>X-Loop: member-techplenary@w3.org>Sender: member-techplenary-request@w3.org>Resent-Sender: member-techplenary-request@w3.org>List-Id: <member-techplenary.w3.org>>List-Help: <http://www.w3.org/Mail/>>List-Unsubscribe:><mailto:member-techplenary-request@w3.org?subject=unsubscribe>>X-MailScanner: Found to be clean>>>Dear Chairs (and please pass this to your Group members),>>The Program Committee (TPPC) has finalized the Agenda topics for the>Technical Plenary on 5 March in Cambridge...>     http://www.w3.org/2003/03/TechPlenAgenda.html>>Based in part on your input, the TPPC has built an Agenda that we hope>will be interesting, educational, unifying and inspiring to the broad>range of interests that will be represented in the audience.  Topics include:>>* Why Are We Here?>* The Impact of Modality Diversity: What does Anyone, Anywhere, Anytime,>Any Device Access to the Web Really Mean?>* W3C Glossary: Schema and Tools for Interoperability and Common Understanding>* Integrating our Products>* The Evolving Web Architecture>* One Web or Four?>* Tech Town Hall>>Please return to the Agenda page in a week, when it will be updated to>include descriptions, participants and moderators for each Session.>>The 2003 Tech Plenary meetings week is shaping up to be the biggest (and>best, we hope) ever.  Already, we have a record number of Groups booked to>meet, and a record number of people registered to attend.  Please remember>that attendance registration closed on 26 February.  For further>information on the week's activities, please see the main meetings week page...>     http://www.w3.org/2002/10/allgroupoverview.html>>Best Regards,>>Steve,>for the TPPC>>-->Steven R Bratt, Chief Operating Officer       mailto:steve@w3.org>World Wide Web Consortium                      http://www.w3.org>MIT Laboratory for Computer Science, 200 Technology Square, Room NE43-352>Cambridge, MA 02139, USA     Voice: +1-617-253-7697     Fax: +1-617-258-5999",
            "docno": "lists-052-7900592",
            "received": "Wed Feb 12 04:50:02 2003",
            "isoreceived": "20030212095002",
            "sent": "Wed, 12 Feb 2003 09:51:12 +0000",
            "isosent": "20030212095112",
            "name": "Brian McBride",
            "email": "bwm@hplb.hpl.hp.com",
            "subject": "Fwd: 2003 Tech Plenary Agenda Now Available",
            "id": "5.1.0.14.0.20030212095106.07452a08@localhost",
            "charset": "us-ascii",
            "expires": "-1",
            "to": " RDF Core<w3c-rdfcore-wg@w3.org>\n"
        }
    ]
}