{
    "id": "candidate-0519",
    "name": "Andreas Schade",
    "gender": "MALE",
    "email": "san@zurich.ibm.com",
    "mails": [
        {
            "body": "Folks,Our UCP website http://www.zurich.ibm.com/ucp is now publicly available!UCP is a CCPP/UAProf processing engine developed at the IBM ZurichResearch Laboratory for provisioning of profile information toapplications and Web servers through the standard JSR-188 API. The UCPprocessor supports the aggregation of capability and preferenceinformation from a variety of input sources including, for instance,HTTP request from the client device to the server or quasi-static profileand preference information as configured by the user during Web portalenrollment.Via the link Demos > Profile Validator, the website also provides aprofile validation service for CCPP profiles in XML RDF serializationformat. The UCP Validator takes as input a CC/PP profile and validates thesyntax of the profile w.r.t. the profile vocabularies. The user can submitthe profile document to be checked in (a) via a file selection dialog, (b)by specifying the URL of the profile resource, (c) by cut and paste of thecontents of the profile document, or (d) by selecting a predefined profilefrom the UAProf repository on w3development.de. The submitted profiles mayuse multiple vocabularies. The set of vocabularies configured for thevalidator can be viewed via the link Demos > Profile Vocabularies. Thevalidator generates a detailed list of reports about the profile examined,highlights all detected problems, and categorizes them as errors andwarnings. For certain error types the UCP processor applies somecorrection heuristics that may fix the error. This is also reported. Theprofile information that is extracted as a result of the profile parsingand error correction may also be viewed.We have made the observation that a number of CCPP/UAProf profilesavailable on the internet are syntactically or semantically incorrect. Wehope that the UCP validation service helps improve the quality ofpublished profile information. Any feedback, comments or critics, isappreciated.With kind regards,Andreas Schade, Reto HermannnIBM Zurich Research Laboratory",
            "docno": "lists-100-4951405",
            "received": "Wed Nov  5 05:34:12 2003",
            "isoreceived": "20031105103412",
            "sent": "Wed, 5 Nov 2003 11:31:21 +0100",
            "isosent": "20031105103121",
            "name": "Andreas Schade",
            "email": "san@zurich.ibm.com",
            "subject": "UCP website and profile validator available",
            "id": "OFEE8B1C86.215E8A32-ONC1256DD5.0036C13D-C1256DD5.0039CC95@ch.ibm.com",
            "charset": "US-ASCII",
            "expires": "-1",
            "to": "JSR-188-EG@JCP.ORG\n",
            "cc": "PP/UAProf-compatible delivery context information as transported in an \n"
        }
    ]
}