{
    "id": "candidate-0376",
    "name": "Becky Gibson",
    "gender": "FEMALE",
    "email": "gibsonb@us.ibm.com",
    "mails": [
        {
            "body": "SorryYou missed my question.The question wasn't 'why do we need the cop/locator'  but rather - how doesthis change the role of the techniques gateway?I like the cop/locator --  maybe the gateway doc needs to be rethought andrepurposed.OR - maybe the gateway is the paper form and the cop/locator is the paralleldynamic mechanism.ORMaybe we break the gateway into two pieces1 - the tech independent techniques2- a gateway/locatorAnd then the cop/locator becomes an \"interactive gateway/locator\"OR..Gregg-- ------------------------------Gregg C Vanderheiden Ph.D.Professor - Ind. Engr. & BioMed Engr.Director - Trace R & D CenterUniversity of Wisconsin-Madison_____From: w3c-wai-gl-request@w3.org [mailto:w3c-wai-gl-request@w3.org] On BehalfOf DoyleSent: Monday, May 24, 2004 1:26 PMSubject: Re: [TECH] use cases diagrammedPersonally, I like the mock-up and realize that it's a first approach towardbringing all the doucments together in a more usable fashion.  Now, whetherwe call it Traffic Cop and I realize from others this may not be a good term- whatever.  We need to make going form one location in our guidelines toother associated materials as easy for individuals as possible.I liked David's format and flow - it's user friendly and makes sense rightfrom the strart.  Thank you for all the hard work, David.Doyle Burnett----- Original Message -----From: David MacDonald <mailto:befree@magma.ca>Sent: Monday, May 24, 2004 8:12 AMSubject: RE: [TECH] use cases diagrammedHi Gregg>> \"If we use the 'traffic cop/locator' as the link from guidelines totechniques.  what is the purpose of the  techniques gateway ?-------------------------Wendy has been working with Shawn from the Authoring Tools Working Group.Shawn is in charge of the WAI web site revision. She has extensiveexperience in usability and she conducted usability studies of WAIdocuments. Several of Shawn's key findings include the following:1) People become disoriented when they are thrust into the middle of aseparate document. (i.e., bouncing from a guideline in the Guidelinesdocument to the middle of a long techniques or techniques gateway document)2) Users want a quick effective way to find technology specific techniquesthat apply to guidelines (without being thrust into the middle of thosetechniques documents)In preparing for our work, I interviewed 25 Government webmasters who dependon WCAG. I also interviewed Frances Grenier of the Kansas State UniversityAccessibility Centre. She is on the State wide accessibility committee forthe Kansas State Government & University web sites. Frances has heard dozensof comments from web masters who depend upon WCAG. The primary complaintthat Shawn, Frances and myself have found is that it is difficult for usersto find their way through all the WCAG documents. They don't want to belinked to the middle of a big long technical document. They want to quicklychose from all of the technology specific methods available to meet aguideline and see what they have chosen.The Locator/Cop is an attempt to meet the needs of our users who are outthere working with these documents every day and also to meet the needs ofusers who do not have an intimate knowledge of the documents and theirinterrelationships such as us on the committee.Before the locator/cop, the \"Techniques Gateway\" was slated to take on 2different functions:1) to provide technology independent techniques (such as \"how to write agood caption\")2) to direct the user to technology dependant documents to meet guidelinesIt has become apparent to some people on the Techniques committee that thesetwo functions work against each other. If we are to provide quick, simpleaccess to technology specific techniques then we need to provide a simplemenu where users can choose the technology they want to fulfill a guidelinerather than sending them to the middle of a long Technology Independentdocument and then force them to fish around for links to technologydependant documents.Before the cop, in order to go from a guideline to a technique the userwould have to link to the middle of the Techniques Gateway document,violating Shawn's usability findings. We would be forcing the user to wadethrough technology independent techniques to find a HTML or CSS technique tofulfill a guideline.  Once they did find a link to the technology specifictechnique in the Techniques Gateway document they would be sent into themiddle of a 3rd or 4th document (technical documents) disorienting themfurther. Users have told us this is confusing.In order to overcome these issues, the technical committee has beendiscussing separating the two functions of the Techniques Gateway.1) The locator/cop is the Navigation part of the Techniques Gateway.2) The Technology Independent Techniques document would contain thetechnology independent principles such as \"how to write a good caption\".Wendy has informed us that it would be easy to generate a page via XSLT thatwould present(1) the guideline,(2) the success criteria(3) the technology specific technique(4) technology independent techniques (from the techniques gateway document)could also be included on this page.This way the user would have everything they want for a particular guidelineon one page. This page would also contain a link so that the user can enterthe Technique Specific Guidelines document if they choose.In the guidelines document after each success criteria there would be 2links:[Checklists]   [Techniques]If the user selected the [Techniques] link, they could be brought to a pagesuch as this:http://www.eramp.com/david/traffic_cop_from_guidelines_techniques_menu.htmAnother option is here:http://www.eramp.com/david/traffic_cop_from_guidelines_checkbox.htmI hope I have explained this well. Any other committee members are welcometo add their comments.A mock up and further discussion is here: www.eramp.com/david<http://www.eramp.com/david>RegardsDavid MacDonald---------------------------------------------.Access empowers people..barriers disable them.<http://www.eramp.com/> www.eramp.com_____From: Gregg Vanderheiden [mailto:gv@trace.wisc.edu]Sent: Saturday, May 22, 2004 5:06 PMSubject: RE: [TECH] use cases diagrammedHmmmI we use your 'traffic cop/locator' as the link from  guidelines totechniques.  what is the purpose of the  techniques gateway ?Gregg-- ------------------------------Gregg C Vanderheiden Ph.D.Professor - Ind. Engr. & BioMed Engr.Director - Trace R & D CenterUniversity of Wisconsin-Madison_____From: w3c-wai-gl-request@w3.org [mailto:w3c-wai-gl-request@w3.org] On BehalfOf David MacDonaldSent: Saturday, May 22, 2004 8:20 AMSubject: RE: [TECH] use cases diagrammedGregg says:>>>1)       In the guidelines themselves, I think it would be nice to havethe links, but have the big long sentences would make it unduly long. Howabout if after every >>>item in the guidelines, we just simply have 2one-word links. Perhaps they could be in square brackets to set them off butthey would be in the same line as >>>the guidelines so they wouldn't use upan extra vertical line of space. For example:>>>[Checklist] [Techniques]I like that.>>>2)       Traffic cop really does cause people problems and also soundslike Bobby, which is not let that function would be>>>I don't have a good final suggestion but some ideas to get us thinking.>>>-          Locator>>>-          Technique Locator>>>-          CustomizerYeah, I knew early on that the name \"Traffic Cop\" wasn't a keeper. I wasjust thinking of it as a code name until we had a better name. But I lovethe concept and basic design of the \"whatever we call it.\"--------------------------------------------------------------------------------------->>>>On the second illustration where you show the two flow pads off of theguidelines, the first box is the guidelines and the last box at the bottomis either the >>>techniques or the checklists. Between them are two boxeswhich have a description but not a name. Aren't these really the techniquesgateway document and the >>>checklist gateway document? If they are, wemight just label those boxes on the diagram with those names and then putthe function in parenthesis underneath them.I was going to call these two boxes \"mini cops\" but thought I better leavethem unnamed for obvious reasons.I wasn't thinking of those boxes as the current \"Technique Gateway\" documentwhich currently contain the \"Technology Independent Techniques\". I wasthinking of them as what you call above a \"Locator\" .  The way into theTechniques from the Guidelines (the left middle box) would be something likethis www.eramp.com/david/traffic_cop_from_guidelines.htm  The way into theChecklists from the Guidelines (the right middle box of the 2nd diagram)would be something like thiswww.eramp.com/david/traffic_cop_from_guidelines_checkbox.htmPerhaps on one of our Thursday calls I should explain these use cases thathave grown out our Wed Techniques calls.CheersDavid MacDonaldA mock up and further discussion is here: www.eramp.com/david<http://www.eramp.com/david>CheersDavid MacDonald---------------------------------------------.Access empowers people..barriers disable them.<http://www.eramp.com/> www.eramp.com-----Original Message-----From: w3c-wai-gl-request@w3.org [mailto:w3c-wai-gl-request@w3.org] On BehalfOf David MacDonaldSent: Friday, May 21, 2004 10:23 AMSubject: RE: [TECH] use cases diagrammedHi BeckyI made the adjustment for Use Case persona Andy's printing from theChecklist (not the Techniques).I've posted these use cases to<http://www.eramp.com/david/becky_use_cases.htm>www.eramp.com/david/becky_use_cases.htm     <http://<http://www.eramp.com/david/becky_use_cases.htm>www.eramp.com/david/becky_use_cases.htm>The models for the Traffic Cop and navigation paths through the documentsare at www.eramp.com/david/    <http:// www.eramp.com/david/>I also made a temporary Checklist gateway that will serve as a placeholderuntil I understand all the checklists and how the will look and worktogether. It is here. Use Case persona Jessica would have sent this URL.http://www.eramp.com/david/checklist_window.htmCheersDavid MacDonald---------------------------------------------.Access empowers people..barriers disable them.<http://www.eramp.com/> www.eramp.com_____From: Becky_Gibson@notesdev.ibm.com [mailto:Becky_Gibson@notesdev.ibm.com]Sent: Friday, May 21, 2004 10:16 AMSubject: Re: [TECH] use cases diagrammedThanks very much to David for wading through my use cases and creating thedrawings!  I think his diagram in the posting from<http://lists.w3.org/Archives/Public/w3c-wai-gl/2004AprJun/0333.html>http://lists.w3.org/Archives/Public/w3c-wai-gl/2004AprJun/0333.html captureseverything that these use cases require - I just needed to create a \"realworld\" scenario to wrap my head around them better!   I also don't fullyunderstand the checklists and how they will be organized.  I liked hisexample at  <http://www.eramp.com/david/benshtmlchecklist.htm>http://www.eramp.com/david/benshtmlchecklist.htm.  I also envision one pagethat is able to encapsulate the entire checklist for a specific technologybut that may be too complicated.I agree that it is probably too complicated to add all the checklist linksto the traffic cop but it would be a good idea to add a link to thechecklist gateway from there.  I would like to see a link to the checklistgateway in the cell/row  for each guideline.  It seems like overkill sinceit will be the same link in each cell but a person may enter the traffic copin the middle and not find a checklist gateway link at the top or bottom ofthe page.     Also, do you think it makes sense to add a link to thechecklist from the success criteria page?  This will allow direct access toa checklist with just one hop from the traffic cop.   That may be toocomplicated to maintain, though, but I think it would be helpful.In the Jessica example you have:1) The first link she sends is here:<http://www.eramp.com/david/traffic_cop_from_guidelines_checklists.htm>http://www.eramp.com/david/traffic_cop_from_guidelines_checklists.htmThis actually takes you to a checklist gateway for a particularly guideline.I was envisioning a Checklist Gateway that is not guideline specific andallows you to select a technology.  I then assumed that Andy would pick theHTML or CSS set of checklists.  But, this gets back to how the checklistsare organized - is it possible to have all of the checklist for onetechnology in the same document?  One other minor nit in the diagram is thatI expected Andy to print an HTML checklist.  You have the printing from thetechniques (which is also a good idea) branch.  I just wanted to includeprinting so we would think about it when we designed the checklist page.thanks,-beckyBecky GibsonWeb Accessibility ArchitectIBM Emerging Internet Technologies5 Technology Park DriveWestford, MA 01886Voice: 978 399-6101; t/l 333-6101Email:  <mailto:gibsonb@us.ibm.com> gibsonb@us.ibm.com\"David MacDonald\" <befree@magma.ca>Sent by: w3c-wai-gl-request@w3.org05/20/2004 10:14 AMTo<w3c-wai-gl@w3.org>Subject[TECH] use cases diagrammedMy action item was to make drawings and comments on Becky's use cases.  Mydrawings are simple box diagrams so that \"lay people\" can easily understandthem. They are based on UML principles but not strict UML (to avoid visualjargon that might not be understood by all and inaccessible). I've postedthese use cases to  <http://www.eramp.com/david/becky_use_cases.htm>www.eramp.com/david/becky_use_cases.htm.The models for the Traffic Cop and navigation through the documents is at<http://www.eramp.com/david/default.htm> www.eramp.com/david/default.htmWendy has asked me to send these links to the list for review by anyone whowishes.CheersDavid MacDonald---------------------------------------------.Access empowers people..barriers disable them.<http://www.eramp.com/> www.eramp.com",
            "docno": "lists-072-3410937",
            "received": "Tue May 25 15:25:25 2004",
            "isoreceived": "20040525192525",
            "sent": "Tue, 25 May 2004 14:25:17 -0500",
            "isosent": "20040525192517",
            "name": "Gregg Vanderheiden",
            "email": "gv@trace.wisc.edu",
            "subject": "RE: [TECH] use cases diagrammed",
            "id": "auto-000047066859@spamarrest.com",
            "charset": "us-ascii",
            "inreplyto": "001401c441bc$839d55c0$04000005&#64;madyburnett",
            "expires": "-1",
            "to": " w3c-wai-gl@w3.org\n",
            "cc": "\n"
        },
        {
            "body": "I took an action item at the 12, May 2004, Techniques Teleconference tocome up with a few more use cases for navigating the WCAG documents.  Iused the personas created by Tom Croucher (http://lists.w3.org/Archives/Public/w3c-wai-gl/2003JulSep/0497.html) tocreate the following scenarios.  I have summarized the path through thedocuments at the end of each use case.  Many of these use cases map toscenarios that have already been proposed by David MacDonald and others(see http://lists.w3.org/Archives/Public/w3c-wai-gl/2004AprJun/0305.htmland http://lists.w3.org/Archives/Public/w3c-wai-gl/2004AprJun/0333.html ).Some illustrate fairly specific linking between each guideline andspecific techniques or checklist items which may prove too difficult toimplement.  The goal was to try and provide some more specific use casesto help evaluate the navigation.food for thought,-beckyMary is in her first year of college and is living away from home for thefirst time.  She is continually frustrated trying to use the University'sweb site to schedule lab time for her Chemistry class. The lab times arenot fixed and she needs to schedule lab time each week.   In order to dothis via the Scheduling web site she needs to navigate through a table ofopen lab times and select her first, second, and third choices for theweek.  Mary has difficulty using a mouse and finds it difficult to selectthe checkboxes next to the open lab times using the keyboard.    Often shehas to get her roommate to help her which is very frustrating. Mary wouldlike to complain to the University about this problem but wants tounderstand the issues better.  One of her classmates told her about theW3C and WAI so she decided to investigate.  From www.w3c.org/WAI,  Marysees Web Content Accessibility Guidelines and begins reading thatdocument. Mary doesn't know much about specific web technologies but sheuses the web everyday and finds the Guidelines enlightening.   She isparticularly interested in  Guideline 2.1, Make all functionality operablevia a keyboard or a keyboard interface. Itcertainly seems like the lab scheduling web site is lacking in thisrespect.  She sees a link for Techniques and clicks on it. This takes herto a page that contains information about implementing this guideline invarious technologies.  She copies this link and includes it in her emailto the campus web master complaining about the lack of keyboardaccessibility in the  lab scheduling page.  Her sister Jessica is a lawyerso Mary cc's her on the letter as well, maybe if the university doesn'trespond, her sister can exert a little pressure.Start at GuidelinesFrom a specific Guideline select link to techniques specific to thatguideline   (Techniques Repository)-------------------------Jessica is a lawyer at a large industrial company.  Her sister,  Mary,  isa freshman at the State University.  Mary recently sent an email  to theuniversity complaining that she is unable to navigate the university website using a keyboard and cc'ed Jessica.  This made Jessica start thinkingabout her own company's web site -  she wants to know if it  meetsaccessibility guidelines to avoid any possible lawsuits. Her sister'sletter mentioned that the W3C has a set of accessibility guidelines.  Sheopens the W3C site in her browser and navigates to WAI and then finds theWeb Content Accessibility Guidelines.  Jessica doesn't really care whatthe guidelines are, she just wants to know how to determine if the companyweb site complies.   She scans the Guidelines document contents and clickson the link for \"Compliance checklists\".  This brings her to a new pagethat lists checklists for different technologies.  Jessica has no ideawhat technology the company website uses. She cuts and pastes the linkinto an email to the corporate web site owner with a note that says,\"Please review and complete the appropriate checklists for our company website and return to me\". Jessica returns back to the WCAG Guidelinesdocument and searches for information about marking her web site asconforming.  She follows a link on the contents page that brings her to apage explaining the \"Conformance Requirements\" and saves a  reference tothis link for use when her web site owner returns the completedchecklist(s) to her.Start at WCAG GuidelinesNavigate to checklistNavigate to conformance requirements-------------------------Andy is in charge of his company's web site.  He codes mostly in HTML andCSS.  He has been asked by one of the company lawyers to review the website for accessibility compliance.  She sent him a URL to a checklist heis to complete for the site.  Andy isn't happy about taking time out from\"real\" work to review the website.  He thinks about assigning this  taskto someone else but decides he should probably understand this\"accessibility stuff\".  He follows the link and is taken to a checklistpage that list different technologies.  Since the company site is mostlyHTML he follows that link to the WCAG HTML checklist.  He doesn'tunderstand the checklist item, \"there is no content that could causephotosensitive epileptic seizures.\"  So he clicks on a link on the pagethat takes him to Guideline 2.3 - Allow users to avoid content that couldcause photosensitive epileptic seizures.  He reads the guideline to fullyunderstand it, determines that this is not an issue for  his site and thenreturns to the checklist.  The checklist has an entry, \"User errors areflagged and it is easy for the user to correct them\".  His site does havea form with some required fields so he decides to investigate further. Heclicks on the techniques link to find out how to implement this item andis taken to a Techniques \"home\" page for this  checklist item.  He selectsthe HTML techniques link for Guideline 2.5,  Help users avoid mistakes andmake it easy to correct them. He wonders if he could implement this usingCSS rather than pure HTML.  He returns back to the Techniques \"home\" pageand selects CSS and reviews that techniques document.  Andy  returns tothe Techniques for Guideline 2.3 home page, returns from there to thechecklist, home page, selects the HTML specific checklist again, prints itout, manually marks  the appropriate answer for each checklist item andwalks the form back to the lawyer.Start at ChecklistsSelect technology specific checklistFrom technology specific checklist, link to Guideline for that checklistitemFrom Technology specific checklist item, link to techniques RepositorySelect the appropriate technology. From technology specific technique,link back to Techniques repository for that specific guideline and selecta different technologyFrom a technology specific technique, navigate back to the checklist orguidelines.(question:  If Andy is looking at the HTML specific checklist should he beimmediately taken to to the HTML technique for that checklist item (ratherthan a page that has links for each technology)?  If so, how would he getto another Technology specifc technique for that checkist item? )-------------------------Marc has been charged with redesigning a large company's web site.  Marcis a graphics designer for a small web design company and this is hisfirst \"corporate\" client. He looks forward to  using his graphic designskills to create an exciting web site for what he believes is a boringcorporate customer.  The corporate customer insists that the web site befully accessible  and meet WCAG 2.0.  Mark heads out to the W3C site tofind out what that means.  Marc hopes to create a very flashy web sitethat he expects will include some SVG and possibly flash, He designs the\"ideal\" site but knows he will have to negotiate with the actual siteimplementers who have to use current technologies to make his ideas cometo life. He isn't quite sure where to start - from the WCAG home page Marcnotices a link to a WCAG Navigation (Traffic cop) document.  This documentlists each guideline and has links to provide more detailed informationand implementation techniques in different technologies. He beginesreading through the table of guidelines.   He isn't quite sure heunderstands Guideline 1.4,  In visual presentations, make it easy todistinguish foreground words and images from the background. He clicks onthe link to the HTML specific techniques for this guideline.  Afterreturning, he also clicks on the link for SVG specific information.  Healso  doesn't understand   Guideline 3.2, Organize content consistentlyfrom \"page to page\" and make interactive components behave in predictableways.  Is this accessibility compliance going to ruin his cool new ideafor page navigation?  How can he tell whether his  design meets this ruleor not?  He clicks on the success criteria for this item.  That helps buthe wants to know if there is a pass / fail for meeting this requirement?He returns to the Traffic cop page and sees a link to \"ComplianceChecklists\" He clicks on that and is taken  to the \"checklists\" home page.He can view the checklist by technology or by guideline, he selects \"ByGuideline\" and than scrolls to Guideline 1.4.  Then he clicks on the linkfor specific technologies that might be used to implement his site, HTML,CSS, SVG, etc.   Marc feels that he has a reasonable idea about how tomake his site accessible, he returns to the Guidelines home page,bookmarks it and gets started creating some story boards for the new site.Start at Traffic copFrom the Traffic cop Select link to techniques specific to  a particularguidelineselect link to technology specific techniqueFrom Traffic cop, link to success criteria for a specific guidelineFrom Traffic copy link to Checklists documentFrom Checklist document, Select a particular Guideline and review thechecklist items for that guidelineselect a technology specific checklist item(s) for that guideline---------------Becky GibsonWeb Accessibility ArchitectIBM Emerging Internet Technologies5 Technology Park DriveWestford, MA 01886Voice: 978 399-6101; t/l 333-6101Email: gibsonb@us.ibm.comBecky GibsonWeb Accessibility ArchitectIBM Emerging Internet Technologies5 Technology Park DriveWestford, MA 01886Voice: 978 399-6101; t/l 333-6101Email: gibsonb@us.ibm.com",
            "docno": "lists-072-3074819",
            "received": "Wed May 19 06:38:03 2004",
            "isoreceived": "20040519103803",
            "sent": "Wed, 19 May 2004 06:37:24 -0400",
            "isosent": "20040519103724",
            "name": "Becky_Gibson@notesdev.ibm.com",
            "email": "Becky_Gibson@notesdev.ibm.com",
            "subject": "[TECH] Additional Use cases for navigating WCAG Documents",
            "id": "OF1F52464C.C5CB0D42-ON85256E99.003A463F-85256E99.003AA0FF@notesdev.ibm.com",
            "charset": "US-ASCII",
            "expires": "-1",
            "to": "w3c-wai-gl@w3.org\n"
        },
        {
            "body": "Hi David,Thanks for all the work on this.A couple suggestions on this general topic:1)       In the guidelines themselves, I think it would be nice to have thelinks, but have the big long sentences would make it unduly long. How aboutif after every item in the guidelines, we just simply have 2 one-word links.Perhaps they could be in square brackets to set them off but they would bein the same line as the guidelines so they wouldn't use up an extra verticalline of space. For example:[Checklist] [Techniques]2)       Traffic cop really does cause people problems and also sounds likeBobby, which is not let that function would beI don't have a good final suggestion but some ideas to get us thinking.-          Locator-          Technique Locator-          Customizer3)       On the second illustration where you show the two flow pads off ofthe guidelines, the first box is the guidelines and the last box at thebottom is either the techniques or the checklists. Between them are twoboxes which have a description but not a name. Aren't these really thetechniques gateway document and the checklist gateway document? If they are,we might just label those boxes on the diagram with those names and then putthe function in parenthesis underneath them.Gregg------------------------Gregg C Vanderheiden Ph.D.Professor - Depts of Ind. Engr. & BioMed Engr.Director - Trace R & D CenterUniversity of Wisconsin-Madison< <http://trace.wisc.edu/> http://trace.wisc.edu/> FAX 608/262-8848For a list of our list discussions http://trace.wisc.edu/lists/-----Original Message-----From: w3c-wai-gl-request@w3.org [mailto:w3c-wai-gl-request@w3.org] On BehalfOf David MacDonaldSent: Friday, May 21, 2004 10:23 AMSubject: RE: [TECH] use cases diagrammedHi BeckyI made the adjustment for Use Case persona Andy's printing from theChecklist (not the Techniques).I've posted these use cases to<http://www.eramp.com/david/becky_use_cases.htm>www.eramp.com/david/becky_use_cases.htm     <http://<http://www.eramp.com/david/becky_use_cases.htm>www.eramp.com/david/becky_use_cases.htm>The models for the Traffic Cop and navigation paths through the documentsare at www.eramp.com/david/    <http:// www.eramp.com/david/>I also made a temporary Checklist gateway that will serve as a placeholderuntil I understand all the checklists and how the will look and worktogether. It is here. Use Case persona Jessica would have sent this URL.http://www.eramp.com/david/checklist_window.htmCheersDavid MacDonald---------------------------------------------.Access empowers people..barriers disable them.<http://www.eramp.com/> www.eramp.com_____From: Becky_Gibson@notesdev.ibm.com [mailto:Becky_Gibson@notesdev.ibm.com]Sent: Friday, May 21, 2004 10:16 AMSubject: Re: [TECH] use cases diagrammedThanks very much to David for wading through my use cases and creating thedrawings!  I think his diagram in the posting from<http://lists.w3.org/Archives/Public/w3c-wai-gl/2004AprJun/0333.html>http://lists.w3.org/Archives/Public/w3c-wai-gl/2004AprJun/0333.html captureseverything that these use cases require - I just needed to create a \"realworld\" scenario to wrap my head around them better!   I also don't fullyunderstand the checklists and how they will be organized.  I liked hisexample at  <http://www.eramp.com/david/benshtmlchecklist.htm>http://www.eramp.com/david/benshtmlchecklist.htm.  I also envision one pagethat is able to encapsulate the entire checklist for a specific technologybut that may be too complicated.I agree that it is probably too complicated to add all the checklist linksto the traffic cop but it would be a good idea to add a link to thechecklist gateway from there.  I would like to see a link to the checklistgateway in the cell/row  for each guideline.  It seems like overkill sinceit will be the same link in each cell but a person may enter the traffic copin the middle and not find a checklist gateway link at the top or bottom ofthe page.     Also, do you think it makes sense to add a link to thechecklist from the success criteria page?  This will allow direct access toa checklist with just one hop from the traffic cop.   That may be toocomplicated to maintain, though, but I think it would be helpful.In the Jessica example you have:1) The first link she sends is here:<http://www.eramp.com/david/traffic_cop_from_guidelines_checklists.htm>http://www.eramp.com/david/traffic_cop_from_guidelines_checklists.htmThis actually takes you to a checklist gateway for a particularly guideline.I was envisioning a Checklist Gateway that is not guideline specific andallows you to select a technology.  I then assumed that Andy would pick theHTML or CSS set of checklists.  But, this gets back to how the checklistsare organized - is it possible to have all of the checklist for onetechnology in the same document?  One other minor nit in the diagram is thatI expected Andy to print an HTML checklist.  You have the printing from thetechniques (which is also a good idea) branch.  I just wanted to includeprinting so we would think about it when we designed the checklist page.thanks,-beckyBecky GibsonWeb Accessibility ArchitectIBM Emerging Internet Technologies5 Technology Park DriveWestford, MA 01886Voice: 978 399-6101; t/l 333-6101Email:  <mailto:gibsonb@us.ibm.com> gibsonb@us.ibm.com\"David MacDonald\" <befree@magma.ca>Sent by: w3c-wai-gl-request@w3.org05/20/2004 10:14 AMTo<w3c-wai-gl@w3.org>Subject[TECH] use cases diagrammedMy action item was to make drawings and comments on Becky's use cases.  Mydrawings are simple box diagrams so that \"lay people\" can easily understandthem. They are based on UML principles but not strict UML (to avoid visualjargon that might not be understood by all and inaccessible). I've postedthese use cases to  <http://www.eramp.com/david/becky_use_cases.htm>www.eramp.com/david/becky_use_cases.htm.The models for the Traffic Cop and navigation through the documents is at<http://www.eramp.com/david/default.htm> www.eramp.com/david/default.htmWendy has asked me to send these links to the list for review by anyone whowishes.CheersDavid MacDonald---------------------------------------------.Access empowers people..barriers disable them.<http://www.eramp.com/> www.eramp.com",
            "docno": "lists-072-3291365",
            "received": "Fri May 21 16:31:12 2004",
            "isoreceived": "20040521203112",
            "sent": "Fri, 21 May 2004 15:30:21 -0500",
            "isosent": "20040521203021",
            "name": "Gregg Vanderheiden..",
            "email": "gv@trace.wisc.edu",
            "subject": "RE: [TECH] use cases diagrammed",
            "id": "6386001D5831D411BA2200104B978B860B1FBF@TRACENT",
            "charset": "us-ascii",
            "inreplyto": "6586001D5831D411BA2200104B978B86AC0C&#64;TRACENT",
            "expires": "-1",
            "to": " w3c-wai-gl@w3.org\n",
            "cc": "\n"
        },
        {
            "body": "Hi BeckyI made the adjustment for Use Case persona Andy's printing from theChecklist (not the Techniques).I've posted these use cases to<http://www.eramp.com/david/becky_use_cases.htm>www.eramp.com/david/becky_use_cases.htm     <http://<http://www.eramp.com/david/becky_use_cases.htm>www.eramp.com/david/becky_use_cases.htm>The models for the Traffic Cop and navigation paths through the documentsare at www.eramp.com/david/    <http:// www.eramp.com/david/>I also made a temporary Checklist gateway that will serve as a placeholderuntil I understand all the checklists and how the will look and worktogether. It is here. Use Case persona Jessica would have sent this URL.http://www.eramp.com/david/checklist_window.htmCheersDavid MacDonald---------------------------------------------.Access empowers people..barriers disable them.<http://www.eramp.com/> www.eramp.com_____From: Becky_Gibson@notesdev.ibm.com [mailto:Becky_Gibson@notesdev.ibm.com]Sent: Friday, May 21, 2004 10:16 AMSubject: Re: [TECH] use cases diagrammedThanks very much to David for wading through my use cases and creating thedrawings!  I think his diagram in the posting from<http://lists.w3.org/Archives/Public/w3c-wai-gl/2004AprJun/0333.html>http://lists.w3.org/Archives/Public/w3c-wai-gl/2004AprJun/0333.html captureseverything that these use cases require - I just needed to create a \"realworld\" scenario to wrap my head around them better!   I also don't fullyunderstand the checklists and how they will be organized.  I liked hisexample at  <http://www.eramp.com/david/benshtmlchecklist.htm>http://www.eramp.com/david/benshtmlchecklist.htm.  I also envision one pagethat is able to encapsulate the entire checklist for a specific technologybut that may be too complicated.I agree that it is probably too complicated to add all the checklist linksto the traffic cop but it would be a good idea to add a link to thechecklist gateway from there.  I would like to see a link to the checklistgateway in the cell/row  for each guideline.  It seems like overkill sinceit will be the same link in each cell but a person may enter the traffic copin the middle and not find a checklist gateway link at the top or bottom ofthe page.     Also, do you think it makes sense to add a link to thechecklist from the success criteria page?  This will allow direct access toa checklist with just one hop from the traffic cop.   That may be toocomplicated to maintain, though, but I think it would be helpful.In the Jessica example you have:1) The first link she sends is here:<http://www.eramp.com/david/traffic_cop_from_guidelines_checklists.htm>http://www.eramp.com/david/traffic_cop_from_guidelines_checklists.htmThis actually takes you to a checklist gateway for a particularly guideline.I was envisioning a Checklist Gateway that is not guideline specific andallows you to select a technology.  I then assumed that Andy would pick theHTML or CSS set of checklists.  But, this gets back to how the checklistsare organized - is it possible to have all of the checklist for onetechnology in the same document?  One other minor nit in the diagram is thatI expected Andy to print an HTML checklist.  You have the printing from thetechniques (which is also a good idea) branch.  I just wanted to includeprinting so we would think about it when we designed the checklist page.thanks,-beckyBecky GibsonWeb Accessibility ArchitectIBM Emerging Internet Technologies5 Technology Park DriveWestford, MA 01886Voice: 978 399-6101; t/l 333-6101Email:  <mailto:gibsonb@us.ibm.com> gibsonb@us.ibm.com\"David MacDonald\" <befree@magma.ca>Sent by: w3c-wai-gl-request@w3.org05/20/2004 10:14 AMTo<w3c-wai-gl@w3.org>Subject[TECH] use cases diagrammedMy action item was to make drawings and comments on Becky's use cases.  Mydrawings are simple box diagrams so that \"lay people\" can easily understandthem. They are based on UML principles but not strict UML (to avoid visualjargon that might not be understood by all and inaccessible). I've postedthese use cases to  <http://www.eramp.com/david/becky_use_cases.htm>www.eramp.com/david/becky_use_cases.htm.The models for the Traffic Cop and navigation through the documents is at<http://www.eramp.com/david/default.htm> www.eramp.com/david/default.htmWendy has asked me to send these links to the list for review by anyone whowishes.CheersDavid MacDonald---------------------------------------------.Access empowers people..barriers disable them.<http://www.eramp.com/> www.eramp.com",
            "docno": "lists-072-3276527",
            "received": "Fri May 21 11:23:22 2004",
            "isoreceived": "20040521152322",
            "sent": "Fri, 21 May 2004 11:23:23 -0400",
            "isosent": "20040521152323",
            "name": "David MacDonald",
            "email": "befree@magma.ca",
            "subject": "RE: [TECH] use cases diagrammed",
            "id": "200405211523.i4LFNCQO004297@mail4.magma.ca",
            "charset": "us-ascii",
            "inreplyto": "OFF3F46411.C1665ADA-ON85256E9B.004E364D-85256E9B.004EA1E8&#64;notesdev.ibm.com",
            "expires": "-1",
            "to": " w3c-wai-gl@w3.org\n",
            "cc": "\n"
        },
        {
            "body": "Thanks very much to David for wading through my use cases and creating thedrawings!  I think his diagram in the posting fromhttp://lists.w3.org/Archives/Public/w3c-wai-gl/2004AprJun/0333.htmlcaptures  everything that these use cases require - I just needed tocreate a \"real world\" scenario to wrap my head around them better!   Ialso don't fully understand the checklists and how they will be organized.I liked his example at http://www.eramp.com/david/benshtmlchecklist.htm.I also envision one page that is able to encapsulate the entire checklistfor a specific technology but that may be too complicated.I agree that it is probably too complicated to add all the checklist linksto the traffic cop but it would be a good idea to add a link to thechecklist gateway from there.  I would like to see a link to the checklistgateway in the cell/row  for each guideline.  It seems like overkill sinceit will be the same link in each cell but a person may enter the trafficcop in the middle and not find a checklist gateway link at the top orbottom of the page.     Also, do you think it makes sense to add a link tothe checklist from the success criteria page?  This will allow directaccess to a checklist with just one hop from the traffic cop.   That maybe too complicated to maintain, though, but I think it would be helpful.In the Jessica example you have:1) The first link she sends is here:http://www.eramp.com/david/traffic_cop_from_guidelines_checklists.htmThis actually takes you to a checklist gateway for a particularlyguideline.  I was envisioning a Checklist Gateway that is not guidelinespecific and allows you to select a technology.  I then assumed that Andywould pick the HTML or CSS set of checklists.  But, this gets back to howthe checklists are organized - is it possible to have all of the checklistfor one technology in the same document?  One other minor nit in thediagram is that I expected Andy to print an HTML checklist.  You have theprinting from the techniques (which is also a good idea) branch.  I justwanted to include printing so we would think about it when we designed thechecklist page.thanks,-beckyBecky GibsonWeb Accessibility ArchitectIBM Emerging Internet Technologies5 Technology Park DriveWestford, MA 01886Voice: 978 399-6101; t/l 333-6101Email: gibsonb@us.ibm.com\"David MacDonald\" <befree@magma.ca>Sent by: w3c-wai-gl-request@w3.org05/20/2004 10:14 AMTo<w3c-wai-gl@w3.org>Subject[TECH] use cases diagrammedMy action item was to make drawings and comments on Becky?s use cases.  Mydrawings are simple box diagrams so that ?lay people? can easilyunderstand them. They are based on UML principles but not strict UML (toavoid visual jargon that might not be understood by all and inaccessible).I?ve posted these use cases to www.eramp.com/david/becky_use_cases.htm.The models for the Traffic Cop and navigation through the documents is atwww.eramp.com/david/default.htmWendy has asked me to send these links to the list for review by anyonewho wishes.CheersDavid MacDonald---------------------------------------------?Access empowers people??barriers disable them?www.eramp.com",
            "docno": "lists-072-3263923",
            "received": "Fri May 21 10:24:44 2004",
            "isoreceived": "20040521142444",
            "sent": "Fri, 21 May 2004 10:16:17 -0400",
            "isosent": "20040521141617",
            "name": "Becky_Gibson@notesdev.ibm.com",
            "email": "Becky_Gibson@notesdev.ibm.com",
            "subject": "Re: [TECH] use cases diagrammed",
            "id": "OFF3F46411.C1665ADA-ON85256E9B.004E364D-85256E9B.004EA1E8@notesdev.ibm.com",
            "charset": "ISO-8859-1",
            "inreplyto": "200405201414.i4KEE4jk011559&#64;mail2.magma.ca",
            "expires": "-1",
            "to": "w3c-wai-gl@w3.org\n",
            "cc": "\n"
        },
        {
            "body": "Gregg says:>>>1)       In the guidelines themselves, I think it would be nice to havethe links, but have the big long sentences would make it unduly long. Howabout if after every >>>item in the guidelines, we just simply have 2one-word links. Perhaps they could be in square brackets to set them off butthey would be in the same line as >>>the guidelines so they wouldn't use upan extra vertical line of space. For example:>>>[Checklist] [Techniques]I like that.>>>2)       Traffic cop really does cause people problems and also soundslike Bobby, which is not let that function would be>>>I don't have a good final suggestion but some ideas to get us thinking.>>>-          Locator>>>-          Technique Locator>>>-          CustomizerYeah, I knew early on that the name \"Traffic Cop\" wasn't a keeper. I wasjust thinking of it as a code name until we had a better name. But I lovethe concept and basic design of the \"whatever we call it.\"--------------------------------------------------------------------------------------->>>>On the second illustration where you show the two flow pads off of theguidelines, the first box is the guidelines and the last box at the bottomis either the >>>techniques or the checklists. Between them are two boxeswhich have a description but not a name. Aren't these really the techniquesgateway document and the >>>checklist gateway document? If they are, wemight just label those boxes on the diagram with those names and then putthe function in parenthesis underneath them.I was going to call these two boxes \"mini cops\" but thought I better leavethem unnamed for obvious reasons.I wasn't thinking of those boxes as the current \"Technique Gateway\" documentwhich currently contain the \"Technology Independent Techniques\". I wasthinking of them as what you call above a \"Locator\" .  The way into theTechniques from the Guidelines (the left middle box) would be something likethis www.eramp.com/david/traffic_cop_from_guidelines.htm  The way into theChecklists from the Guidelines (the right middle box of the 2nd diagram)would be something like thiswww.eramp.com/david/traffic_cop_from_guidelines_checkbox.htmPerhaps on one of our Thursday calls I should explain these use cases thathave grown out our Wed Techniques calls.CheersDavid MacDonaldFor those who are wondering, the \"Traffic Cop\" (or technique locator) ismodeled at www.eramp.com/david  <http://www.eramp.com/david>CheersDavid MacDonald-----Original Message-----From: w3c-wai-gl-request@w3.org [mailto:w3c-wai-gl-request@w3.org] On BehalfOf David MacDonaldSent: Friday, May 21, 2004 10:23 AMSubject: RE: [TECH] use cases diagrammedHi BeckyI made the adjustment for Use Case persona Andy's printing from theChecklist (not the Techniques).I've posted these use cases to<http://www.eramp.com/david/becky_use_cases.htm>www.eramp.com/david/becky_use_cases.htm     <http://<http://www.eramp.com/david/becky_use_cases.htm>www.eramp.com/david/becky_use_cases.htm>The models for the Traffic Cop and navigation paths through the documentsare at www.eramp.com/david/    <http:// www.eramp.com/david/>I also made a temporary Checklist gateway that will serve as a placeholderuntil I understand all the checklists and how the will look and worktogether. It is here. Use Case persona Jessica would have sent this URL.http://www.eramp.com/david/checklist_window.htmCheersDavid MacDonald---------------------------------------------.Access empowers people..barriers disable them.<http://www.eramp.com/> www.eramp.com_____From: Becky_Gibson@notesdev.ibm.com [mailto:Becky_Gibson@notesdev.ibm.com]Sent: Friday, May 21, 2004 10:16 AMSubject: Re: [TECH] use cases diagrammedThanks very much to David for wading through my use cases and creating thedrawings!  I think his diagram in the posting from<http://lists.w3.org/Archives/Public/w3c-wai-gl/2004AprJun/0333.html>http://lists.w3.org/Archives/Public/w3c-wai-gl/2004AprJun/0333.html captureseverything that these use cases require - I just needed to create a \"realworld\" scenario to wrap my head around them better!   I also don't fullyunderstand the checklists and how they will be organized.  I liked hisexample at  <http://www.eramp.com/david/benshtmlchecklist.htm>http://www.eramp.com/david/benshtmlchecklist.htm.  I also envision one pagethat is able to encapsulate the entire checklist for a specific technologybut that may be too complicated.I agree that it is probably too complicated to add all the checklist linksto the traffic cop but it would be a good idea to add a link to thechecklist gateway from there.  I would like to see a link to the checklistgateway in the cell/row  for each guideline.  It seems like overkill sinceit will be the same link in each cell but a person may enter the traffic copin the middle and not find a checklist gateway link at the top or bottom ofthe page.     Also, do you think it makes sense to add a link to thechecklist from the success criteria page?  This will allow direct access toa checklist with just one hop from the traffic cop.   That may be toocomplicated to maintain, though, but I think it would be helpful.In the Jessica example you have:1) The first link she sends is here:<http://www.eramp.com/david/traffic_cop_from_guidelines_checklists.htm>http://www.eramp.com/david/traffic_cop_from_guidelines_checklists.htmThis actually takes you to a checklist gateway for a particularly guideline.I was envisioning a Checklist Gateway that is not guideline specific andallows you to select a technology.  I then assumed that Andy would pick theHTML or CSS set of checklists.  But, this gets back to how the checklistsare organized - is it possible to have all of the checklist for onetechnology in the same document?  One other minor nit in the diagram is thatI expected Andy to print an HTML checklist.  You have the printing from thetechniques (which is also a good idea) branch.  I just wanted to includeprinting so we would think about it when we designed the checklist page.thanks,-beckyBecky GibsonWeb Accessibility ArchitectIBM Emerging Internet Technologies5 Technology Park DriveWestford, MA 01886Voice: 978 399-6101; t/l 333-6101Email:  <mailto:gibsonb@us.ibm.com> gibsonb@us.ibm.com\"David MacDonald\" <befree@magma.ca>Sent by: w3c-wai-gl-request@w3.org05/20/2004 10:14 AMTo<w3c-wai-gl@w3.org>Subject[TECH] use cases diagrammedMy action item was to make drawings and comments on Becky's use cases.  Mydrawings are simple box diagrams so that \"lay people\" can easily understandthem. They are based on UML principles but not strict UML (to avoid visualjargon that might not be understood by all and inaccessible). I've postedthese use cases to  <http://www.eramp.com/david/becky_use_cases.htm>www.eramp.com/david/becky_use_cases.htm.The models for the Traffic Cop and navigation through the documents is at<http://www.eramp.com/david/default.htm> www.eramp.com/david/default.htmWendy has asked me to send these links to the list for review by anyone whowishes.CheersDavid MacDonald---------------------------------------------.Access empowers people..barriers disable them.<http://www.eramp.com/> www.eramp.com",
            "docno": "lists-072-3309756",
            "received": "Sat May 22 09:21:33 2004",
            "isoreceived": "20040522132133",
            "sent": "Sat, 22 May 2004 09:20:27 -0400",
            "isosent": "20040522132027",
            "name": "David MacDonald",
            "email": "befree@magma.ca",
            "subject": "RE: [TECH] use cases diagrammed",
            "id": "200405221320.i4MDKEg3005783@mail2.magma.ca",
            "charset": "us-ascii",
            "inreplyto": "6386001D5831D411BA2200104B978B860B1FBF&#64;TRACENT",
            "expires": "-1",
            "to": " w3c-wai-gl@w3.org\n",
            "cc": "\n"
        },
        {
            "body": "Personally, I like the mock-up and realize that it's a first approach toward bringing all the doucments together in a more usable fashion.  Now, whether we call it Traffic Cop and I realize from others this may not be a good term - whatever.  We need to make going form one location in our guidelines to other associated materials as easy for individuals as possible.I liked David's format and flow - it's user friendly and makes sense right from the strart.  Thank you for all the hard work, David.Doyle Burnett----- Original Message -----From: David MacDonaldTo: w3c-wai-gl@w3.orgSent: Monday, May 24, 2004 8:12 AMSubject: RE: [TECH] use cases diagrammedHi Gregg>> \"If we use the 'traffic cop/locator' as the link from guidelines to techniques.  what is the purpose of the  techniques gateway ?-------------------------Wendy has been working with Shawn from the Authoring Tools Working Group. Shawn is in charge of the WAI web site revision. She has extensive experience in usability and she conducted usability studies of WAI documents. Several of Shawn's key findings include the following:1)       People become disoriented when they are thrust into the middle of a separate document. (i.e., bouncing from a guideline in the Guidelines document to the middle of a long techniques or techniques gateway document)2)       Users want a quick effective way to find technology specific techniques that apply to guidelines (without being thrust into the middle of those techniques documents)In preparing for our work, I interviewed 25 Government webmasters who depend on WCAG. I also interviewed Frances Grenier of the Kansas State University Accessibility Centre. She is on the State wide accessibility committee for the Kansas State Government & University web sites. Frances has heard dozens of comments from web masters who depend upon WCAG. The primary complaint that Shawn, Frances and myself have found is that it is difficult for users to find their way through all the WCAG documents. They don't want to be linked to the middle of a big long technical document. They want to quickly chose from all of the technology specific methods available to meet a guideline and see what they have chosen.The Locator/Cop is an attempt to meet the needs of our users who are out there working with these documents every day and also to meet the needs of users who do not have an intimate knowledge of the documents and their interrelationships such as us on the committee.Before the locator/cop, the \"Techniques Gateway\" was slated to take on 2 different functions:1)       to provide technology independent techniques (such as \"how to write a good caption\")2)       to direct the user to technology dependant documents to meet guidelinesIt has become apparent to some people on the Techniques committee that these two functions work against each other. If we are to provide quick, simple access to technology specific techniques then we need to provide a simple menu where users can choose the technology they want to fulfill a guideline rather than sending them to the middle of a long Technology Independent document and then force them to fish around for links to technology dependant documents.Before the cop, in order to go from a guideline to a technique the user would have to link to the middle of the Techniques Gateway document, violating Shawn's usability findings. We would be forcing the user to wade through technology independent techniques to find a HTML or CSS technique to fulfill a guideline.  Once they did find a link to the technology specific technique in the Techniques Gateway document they would be sent into the middle of a 3rd or 4th document (technical documents) disorienting them further. Users have told us this is confusing.In order to overcome these issues, the technical committee has been discussing separating the two functions of the Techniques Gateway.1)       The locator/cop is the Navigation part of the Techniques Gateway.2)       The Technology Independent Techniques document would contain the technology independent principles such as \"how to write a good caption\".Wendy has informed us that it would be easy to generate a page via XSLT that would present(1) the guideline,(2) the success criteria(3) the technology specific technique(4) technology independent techniques (from the techniques gateway document) could also be included on this page.This way the user would have everything they want for a particular guideline on one page. This page would also contain a link so that the user can enter the Technique Specific Guidelines document if they choose.In the guidelines document after each success criteria there would be 2 links:[Checklists]   [Techniques]If the user selected the [Techniques] link, they could be brought to a page such as this:http://www.eramp.com/david/traffic_cop_from_guidelines_techniques_menu.htmAnother option is here:http://www.eramp.com/david/traffic_cop_from_guidelines_checkbox.htmI hope I have explained this well. Any other committee members are welcome to add their comments.A mock up and further discussion is here: www.eramp.com/david  <http://www.eramp.com/david>RegardsDavid MacDonald---------------------------------------------.Access empowers people..barriers disable them.www.eramp.com------------------------------------------------------------------------------From: Gregg Vanderheiden [mailto:gv@trace.wisc.edu]Sent: Saturday, May 22, 2004 5:06 PMTo: 'David MacDonald'; w3c-wai-gl@w3.orgSubject: RE: [TECH] use cases diagrammedHmmmI we use your 'traffic cop/locator' as the link from  guidelines to techniques.  what is the purpose of the  techniques gateway ?Gregg-- ------------------------------Gregg C Vanderheiden Ph.D.Professor - Ind. Engr. & BioMed Engr.Director - Trace R & D CenterUniversity of Wisconsin-Madison------------------------------------------------------------------------------From: w3c-wai-gl-request@w3.org [mailto:w3c-wai-gl-request@w3.org] On Behalf Of David MacDonaldSent: Saturday, May 22, 2004 8:20 AMTo: 'Gregg Vanderheiden..'; w3c-wai-gl@w3.orgSubject: RE: [TECH] use cases diagrammedGregg says:>>>1)       In the guidelines themselves, I think it would be nice to have the links, but have the big long sentences would make it unduly long. How about if after every >>>item in the guidelines, we just simply have 2 one-word links. Perhaps they could be in square brackets to set them off but they would be in the same line as >>>the guidelines so they wouldn't use up an extra vertical line of space. For example:>>>[Checklist] [Techniques]I like that.>>>2)       Traffic cop really does cause people problems and also sounds like Bobby, which is not let that function would be>>>I don't have a good final suggestion but some ideas to get us thinking.>>>-          Locator>>>-          Technique Locator>>>-          CustomizerYeah, I knew early on that the name \"Traffic Cop\" wasn't a keeper. I was just thinking of it as a code name until we had a better name. But I love the concept and basic design of the \"whatever we call it.\"--------------------------------------------------------------------------------------->>>>On the second illustration where you show the two flow pads off of the guidelines, the first box is the guidelines and the last box at the bottom is either the >>>techniques or the checklists. Between them are two boxes which have a description but not a name. Aren't these really the techniques gateway document and the >>>checklist gateway document? If they are, we might just label those boxes on the diagram with those names and then put the function in parenthesis underneath them.I was going to call these two boxes \"mini cops\" but thought I better leave them unnamed for obvious reasons.I wasn't thinking of those boxes as the current \"Technique Gateway\" document which currently contain the \"Technology Independent Techniques\". I was thinking of them as what you call above a \"Locator\" .  The way into the Techniques from the Guidelines (the left middle box) would be something like this www.eramp.com/david/traffic_cop_from_guidelines.htm  The way into the Checklists from the Guidelines (the right middle box of the 2nd diagram) would be something like this www.eramp.com/david/traffic_cop_from_guidelines_checkbox.htmPerhaps on one of our Thursday calls I should explain these use cases that have grown out our Wed Techniques calls.CheersDavid MacDonaldA mock up and further discussion is here: www.eramp.com/david  <http://www.eramp.com/david>CheersDavid MacDonald---------------------------------------------.Access empowers people..barriers disable them.www.eramp.com-----Original Message-----From: w3c-wai-gl-request@w3.org [mailto:w3c-wai-gl-request@w3.org] On Behalf Of David MacDonaldSent: Friday, May 21, 2004 10:23 AMTo: Becky_Gibson@notesdev.ibm.com; w3c-wai-gl@w3.orgSubject: RE: [TECH] use cases diagrammedHi BeckyI made the adjustment for Use Case persona Andy's printing from the Checklist (not the Techniques).I've posted these use cases to www.eramp.com/david/becky_use_cases.htm     <http://www.eramp.com/david/becky_use_cases.htm>The models for the Traffic Cop and navigation paths through the documents are at www.eramp.com/david/    <http:// www.eramp.com/david/>I also made a temporary Checklist gateway that will serve as a placeholder until I understand all the checklists and how the will look and work together. It is here. Use Case persona Jessica would have sent this URL .http://www.eramp.com/david/checklist_window.htmCheersDavid MacDonald---------------------------------------------.Access empowers people..barriers disable them.www.eramp.com------------------------------------------------------------------------------From: Becky_Gibson@notesdev.ibm.com [mailto:Becky_Gibson@notesdev.ibm.com]Sent: Friday, May 21, 2004 10:16 AMTo: w3c-wai-gl@w3.orgCc: David MacDonaldSubject: Re: [TECH] use cases diagrammedThanks very much to David for wading through my use cases and creating the drawings!  I think his diagram in the posting from http://lists.w3.org/Archives/Public/w3c-wai-gl/2004AprJun/0333.html captures  everything that these use cases require - I just needed to create a \"real world\" scenario to wrap my head around them better!   I also don't fully understand the checklists and how they will be organized.  I liked his example at http://www.eramp.com/david/benshtmlchecklist.htm.  I also envision one page that is able to encapsulate the entire checklist for a specific technology but that may be too complicated.I agree that it is probably too complicated to add all the checklist links to the traffic cop but it would be a good idea to add a link to the checklist gateway from there.  I would like to see a link to the checklist gateway in the cell/row  for each guideline.  It seems like overkill since it will be the same link in each cell but a person may enter the traffic cop in the middle and not find a checklist gateway link at the top or bottom of the page.     Also, do you think it makes sense to add a link to the checklist from the success criteria page?  This will allow direct access to a checklist with just one hop from the traffic cop.   That may be too complicated to maintain, though, but I think it would be helpful.In the Jessica example you have:1) The first link she sends is here:http://www.eramp.com/david/traffic_cop_from_guidelines_checklists.htmThis actually takes you to a checklist gateway for a particularly guideline.  I was envisioning a Checklist Gateway that is not guideline specific and allows you to select a technology.  I then assumed that Andy would pick the HTML or CSS set of checklists.  But, this gets back to how the checklists are organized - is it possible to have all of the checklist for one technology in the same document?  One other minor nit in the diagram is that I expected Andy to print an HTML checklist.  You have the printing from the techniques (which is also a good idea) branch.  I just wanted to include printing so we would think about it when we designed the checklist page.thanks,-beckyBecky GibsonWeb Accessibility ArchitectIBM Emerging Internet Technologies5 Technology Park DriveWestford, MA 01886Voice: 978 399-6101; t/l 333-6101Email: gibsonb@us.ibm.com\"David MacDonald\" <befree@magma.ca>Sent by: w3c-wai-gl-request@w3.org05/20/2004 10:14 AMTo<w3c-wai-gl@w3.org>ccSubject[TECH] use cases diagrammedMy action item was to make drawings and comments on Becky's use cases.  My drawings are simple box diagrams so that \"lay people\" can easily understand them. They are based on UML principles but not strict UML (to avoid visual jargon that might not be understood by all and inaccessible). I've posted these use cases to www.eramp.com/david/becky_use_cases.htm.The models for the Traffic Cop and navigation through the documents is at www.eramp.com/david/default.htmWendy has asked me to send these links to the list for review by anyone who wishes.CheersDavid MacDonald---------------------------------------------.Access empowers people..barriers disable them.www.eramp.com",
            "docno": "lists-072-3384794",
            "received": "Tue May 25 02:22:41 2004",
            "isoreceived": "20040525062241",
            "sent": "Mon, 24 May 2004 10:25:38 -0800",
            "isosent": "20040524182538",
            "name": "Doyle",
            "email": "doyleb@alaska.net",
            "subject": "Re: [TECH] use cases diagrammed",
            "id": "001401c441bc$839d55c0$04000005@madyburnett",
            "charset": "iso-8859-1",
            "inreplyto": "200405241612.i4OGCeLY008180&#64;mail3.magma.ca",
            "expires": "-1",
            "to": "<w3c-wai-gl@w3.org>\n"
        },
        {
            "body": "HmmmI we use your 'traffic cop/locator' as the link from  guidelines totechniques.  what is the purpose of the  techniques gateway ?Gregg-- ------------------------------Gregg C Vanderheiden Ph.D.Professor - Ind. Engr. & BioMed Engr.Director - Trace R & D CenterUniversity of Wisconsin-Madison_____From: w3c-wai-gl-request@w3.org [mailto:w3c-wai-gl-request@w3.org] On BehalfOf David MacDonaldSent: Saturday, May 22, 2004 8:20 AMSubject: RE: [TECH] use cases diagrammedGregg says:>>>1)       In the guidelines themselves, I think it would be nice to havethe links, but have the big long sentences would make it unduly long. Howabout if after every >>>item in the guidelines, we just simply have 2one-word links. Perhaps they could be in square brackets to set them off butthey would be in the same line as >>>the guidelines so they wouldn't use upan extra vertical line of space. For example:>>>[Checklist] [Techniques]I like that.>>>2)       Traffic cop really does cause people problems and also soundslike Bobby, which is not let that function would be>>>I don't have a good final suggestion but some ideas to get us thinking.>>>-          Locator>>>-          Technique Locator>>>-          CustomizerYeah, I knew early on that the name \"Traffic Cop\" wasn't a keeper. I wasjust thinking of it as a code name until we had a better name. But I lovethe concept and basic design of the \"whatever we call it.\"--------------------------------------------------------------------------------------->>>>On the second illustration where you show the two flow pads off of theguidelines, the first box is the guidelines and the last box at the bottomis either the >>>techniques or the checklists. Between them are two boxeswhich have a description but not a name. Aren't these really the techniquesgateway document and the >>>checklist gateway document? If they are, wemight just label those boxes on the diagram with those names and then putthe function in parenthesis underneath them.I was going to call these two boxes \"mini cops\" but thought I better leavethem unnamed for obvious reasons.I wasn't thinking of those boxes as the current \"Technique Gateway\" documentwhich currently contain the \"Technology Independent Techniques\". I wasthinking of them as what you call above a \"Locator\" .  The way into theTechniques from the Guidelines (the left middle box) would be something likethis www.eramp.com/david/traffic_cop_from_guidelines.htm  The way into theChecklists from the Guidelines (the right middle box of the 2nd diagram)would be something like thiswww.eramp.com/david/traffic_cop_from_guidelines_checkbox.htmPerhaps on one of our Thursday calls I should explain these use cases thathave grown out our Wed Techniques calls.CheersDavid MacDonaldFor those who are wondering, the \"Traffic Cop\" (or technique locator) ismodeled at www.eramp.com/david  <http://www.eramp.com/david>CheersDavid MacDonald-----Original Message-----From: w3c-wai-gl-request@w3.org [mailto:w3c-wai-gl-request@w3.org] On BehalfOf David MacDonaldSent: Friday, May 21, 2004 10:23 AMSubject: RE: [TECH] use cases diagrammedHi BeckyI made the adjustment for Use Case persona Andy's printing from theChecklist (not the Techniques).I've posted these use cases to<http://www.eramp.com/david/becky_use_cases.htm>www.eramp.com/david/becky_use_cases.htm     <http://<http://www.eramp.com/david/becky_use_cases.htm>www.eramp.com/david/becky_use_cases.htm>The models for the Traffic Cop and navigation paths through the documentsare at www.eramp.com/david/    <http:// www.eramp.com/david/>I also made a temporary Checklist gateway that will serve as a placeholderuntil I understand all the checklists and how the will look and worktogether. It is here. Use Case persona Jessica would have sent this URL.http://www.eramp.com/david/checklist_window.htmCheersDavid MacDonald---------------------------------------------.Access empowers people..barriers disable them.<http://www.eramp.com/> www.eramp.com_____From: Becky_Gibson@notesdev.ibm.com [mailto:Becky_Gibson@notesdev.ibm.com]Sent: Friday, May 21, 2004 10:16 AMSubject: Re: [TECH] use cases diagrammedThanks very much to David for wading through my use cases and creating thedrawings!  I think his diagram in the posting from<http://lists.w3.org/Archives/Public/w3c-wai-gl/2004AprJun/0333.html>http://lists.w3.org/Archives/Public/w3c-wai-gl/2004AprJun/0333.html captureseverything that these use cases require - I just needed to create a \"realworld\" scenario to wrap my head around them better!   I also don't fullyunderstand the checklists and how they will be organized.  I liked hisexample at  <http://www.eramp.com/david/benshtmlchecklist.htm>http://www.eramp.com/david/benshtmlchecklist.htm.  I also envision one pagethat is able to encapsulate the entire checklist for a specific technologybut that may be too complicated.I agree that it is probably too complicated to add all the checklist linksto the traffic cop but it would be a good idea to add a link to thechecklist gateway from there.  I would like to see a link to the checklistgateway in the cell/row  for each guideline.  It seems like overkill sinceit will be the same link in each cell but a person may enter the traffic copin the middle and not find a checklist gateway link at the top or bottom ofthe page.     Also, do you think it makes sense to add a link to thechecklist from the success criteria page?  This will allow direct access toa checklist with just one hop from the traffic cop.   That may be toocomplicated to maintain, though, but I think it would be helpful.In the Jessica example you have:1) The first link she sends is here:<http://www.eramp.com/david/traffic_cop_from_guidelines_checklists.htm>http://www.eramp.com/david/traffic_cop_from_guidelines_checklists.htmThis actually takes you to a checklist gateway for a particularly guideline.I was envisioning a Checklist Gateway that is not guideline specific andallows you to select a technology.  I then assumed that Andy would pick theHTML or CSS set of checklists.  But, this gets back to how the checklistsare organized - is it possible to have all of the checklist for onetechnology in the same document?  One other minor nit in the diagram is thatI expected Andy to print an HTML checklist.  You have the printing from thetechniques (which is also a good idea) branch.  I just wanted to includeprinting so we would think about it when we designed the checklist page.thanks,-beckyBecky GibsonWeb Accessibility ArchitectIBM Emerging Internet Technologies5 Technology Park DriveWestford, MA 01886Voice: 978 399-6101; t/l 333-6101Email:  <mailto:gibsonb@us.ibm.com> gibsonb@us.ibm.com\"David MacDonald\" <befree@magma.ca>Sent by: w3c-wai-gl-request@w3.org05/20/2004 10:14 AMTo<w3c-wai-gl@w3.org>Subject[TECH] use cases diagrammedMy action item was to make drawings and comments on Becky's use cases.  Mydrawings are simple box diagrams so that \"lay people\" can easily understandthem. They are based on UML principles but not strict UML (to avoid visualjargon that might not be understood by all and inaccessible). I've postedthese use cases to  <http://www.eramp.com/david/becky_use_cases.htm>www.eramp.com/david/becky_use_cases.htm.The models for the Traffic Cop and navigation through the documents is at<http://www.eramp.com/david/default.htm> www.eramp.com/david/default.htmWendy has asked me to send these links to the list for review by anyone whowishes.CheersDavid MacDonald---------------------------------------------.Access empowers people..barriers disable them.<http://www.eramp.com/> www.eramp.com",
            "docno": "lists-072-3328748",
            "received": "Sat May 22 17:05:58 2004",
            "isoreceived": "20040522210558",
            "sent": "Sat, 22 May 2004 16:05:48 -0500",
            "isosent": "20040522210548",
            "name": "Gregg Vanderheiden",
            "email": "gv@trace.wisc.edu",
            "subject": "RE: [TECH] use cases diagrammed",
            "id": "auto-000044189227@spamarrest.com",
            "charset": "us-ascii",
            "inreplyto": "200405221320.i4MDKEg3005783&#64;mail2.magma.ca",
            "expires": "-1",
            "to": " w3c-wai-gl@w3.org\n",
            "cc": "\n"
        },
        {
            "body": "Hi Gregg>> \"If we use the 'traffic cop/locator' as the link from guidelines totechniques.  what is the purpose of the  techniques gateway ?-------------------------Wendy has been working with Shawn from the Authoring Tools Working Group.Shawn is in charge of the WAI web site revision. She has extensiveexperience in usability and she conducted usability studies of WAIdocuments. Several of Shawn's key findings include the following:1)       People become disoriented when they are thrust into the middle of aseparate document. (i.e., bouncing from a guideline in the Guidelinesdocument to the middle of a long techniques or techniques gateway document)2)       Users want a quick effective way to find technology specifictechniques that apply to guidelines (without being thrust into the middle ofthose techniques documents)In preparing for our work, I interviewed 25 Government webmasters who dependon WCAG. I also interviewed Frances Grenier of the Kansas State UniversityAccessibility Centre. She is on the State wide accessibility committee forthe Kansas State Government & University web sites. Frances has heard dozensof comments from web masters who depend upon WCAG. The primary complaintthat Shawn, Frances and myself have found is that it is difficult for usersto find their way through all the WCAG documents. They don't want to belinked to the middle of a big long technical document. They want to quicklychose from all of the technology specific methods available to meet aguideline and see what they have chosen.The Locator/Cop is an attempt to meet the needs of our users who are outthere working with these documents every day and also to meet the needs ofusers who do not have an intimate knowledge of the documents and theirinterrelationships such as us on the committee.Before the locator/cop, the \"Techniques Gateway\" was slated to take on 2different functions:1)       to provide technology independent techniques (such as \"how to writea good caption\")2)       to direct the user to technology dependant documents to meetguidelinesIt has become apparent to some people on the Techniques committee that thesetwo functions work against each other. If we are to provide quick, simpleaccess to technology specific techniques then we need to provide a simplemenu where users can choose the technology they want to fulfill a guidelinerather than sending them to the middle of a long Technology Independentdocument and then force them to fish around for links to technologydependant documents.Before the cop, in order to go from a guideline to a technique the userwould have to link to the middle of the Techniques Gateway document,violating Shawn's usability findings. We would be forcing the user to wadethrough technology independent techniques to find a HTML or CSS technique tofulfill a guideline.  Once they did find a link to the technology specifictechnique in the Techniques Gateway document they would be sent into themiddle of a 3rd or 4th document (technical documents) disorienting themfurther. Users have told us this is confusing.In order to overcome these issues, the technical committee has beendiscussing separating the two functions of the Techniques Gateway.1)       The locator/cop is the Navigation part of the Techniques Gateway.2)       The Technology Independent Techniques document would contain thetechnology independent principles such as \"how to write a good caption\".Wendy has informed us that it would be easy to generate a page via XSLT thatwould present(1) the guideline,(2) the success criteria(3) the technology specific technique(4) technology independent techniques (from the techniques gateway document)could also be included on this page.This way the user would have everything they want for a particular guidelineon one page. This page would also contain a link so that the user can enterthe Technique Specific Guidelines document if they choose.In the guidelines document after each success criteria there would be 2links:[Checklists]   [Techniques]If the user selected the [Techniques] link, they could be brought to a pagesuch as this:http://www.eramp.com/david/traffic_cop_from_guidelines_techniques_menu.htmAnother option is here:http://www.eramp.com/david/traffic_cop_from_guidelines_checkbox.htmI hope I have explained this well. Any other committee members are welcometo add their comments.A mock up and further discussion is here: www.eramp.com/david<http://www.eramp.com/david>RegardsDavid MacDonald---------------------------------------------.Access empowers people..barriers disable them.<http://www.eramp.com/> www.eramp.com_____From: Gregg Vanderheiden [mailto:gv@trace.wisc.edu]Sent: Saturday, May 22, 2004 5:06 PMSubject: RE: [TECH] use cases diagrammedHmmmI we use your 'traffic cop/locator' as the link from  guidelines totechniques.  what is the purpose of the  techniques gateway ?Gregg-- ------------------------------Gregg C Vanderheiden Ph.D.Professor - Ind. Engr. & BioMed Engr.Director - Trace R & D CenterUniversity of Wisconsin-Madison_____From: w3c-wai-gl-request@w3.org [mailto:w3c-wai-gl-request@w3.org] On BehalfOf David MacDonaldSent: Saturday, May 22, 2004 8:20 AMSubject: RE: [TECH] use cases diagrammedGregg says:>>>1)       In the guidelines themselves, I think it would be nice to havethe links, but have the big long sentences would make it unduly long. Howabout if after every >>>item in the guidelines, we just simply have 2one-word links. Perhaps they could be in square brackets to set them off butthey would be in the same line as >>>the guidelines so they wouldn't use upan extra vertical line of space. For example:>>>[Checklist] [Techniques]I like that.>>>2)       Traffic cop really does cause people problems and also soundslike Bobby, which is not let that function would be>>>I don't have a good final suggestion but some ideas to get us thinking.>>>-          Locator>>>-          Technique Locator>>>-          CustomizerYeah, I knew early on that the name \"Traffic Cop\" wasn't a keeper. I wasjust thinking of it as a code name until we had a better name. But I lovethe concept and basic design of the \"whatever we call it.\"--------------------------------------------------------------------------------------->>>>On the second illustration where you show the two flow pads off of theguidelines, the first box is the guidelines and the last box at the bottomis either the >>>techniques or the checklists. Between them are two boxeswhich have a description but not a name. Aren't these really the techniquesgateway document and the >>>checklist gateway document? If they are, wemight just label those boxes on the diagram with those names and then putthe function in parenthesis underneath them.I was going to call these two boxes \"mini cops\" but thought I better leavethem unnamed for obvious reasons.I wasn't thinking of those boxes as the current \"Technique Gateway\" documentwhich currently contain the \"Technology Independent Techniques\". I wasthinking of them as what you call above a \"Locator\" .  The way into theTechniques from the Guidelines (the left middle box) would be something likethis www.eramp.com/david/traffic_cop_from_guidelines.htm  The way into theChecklists from the Guidelines (the right middle box of the 2nd diagram)would be something like thiswww.eramp.com/david/traffic_cop_from_guidelines_checkbox.htmPerhaps on one of our Thursday calls I should explain these use cases thathave grown out our Wed Techniques calls.CheersDavid MacDonaldA mock up and further discussion is here: www.eramp.com/david<http://www.eramp.com/david>CheersDavid MacDonald---------------------------------------------.Access empowers people..barriers disable them.<http://www.eramp.com/> www.eramp.com-----Original Message-----From: w3c-wai-gl-request@w3.org [mailto:w3c-wai-gl-request@w3.org] On BehalfOf David MacDonaldSent: Friday, May 21, 2004 10:23 AMSubject: RE: [TECH] use cases diagrammedHi BeckyI made the adjustment for Use Case persona Andy's printing from theChecklist (not the Techniques).I've posted these use cases to<http://www.eramp.com/david/becky_use_cases.htm>www.eramp.com/david/becky_use_cases.htm     <http://<http://www.eramp.com/david/becky_use_cases.htm>www.eramp.com/david/becky_use_cases.htm>The models for the Traffic Cop and navigation paths through the documentsare at www.eramp.com/david/    <http:// www.eramp.com/david/>I also made a temporary Checklist gateway that will serve as a placeholderuntil I understand all the checklists and how the will look and worktogether. It is here. Use Case persona Jessica would have sent this URL.http://www.eramp.com/david/checklist_window.htmCheersDavid MacDonald---------------------------------------------.Access empowers people..barriers disable them.<http://www.eramp.com/> www.eramp.com_____From: Becky_Gibson@notesdev.ibm.com [mailto:Becky_Gibson@notesdev.ibm.com]Sent: Friday, May 21, 2004 10:16 AMSubject: Re: [TECH] use cases diagrammedThanks very much to David for wading through my use cases and creating thedrawings!  I think his diagram in the posting from<http://lists.w3.org/Archives/Public/w3c-wai-gl/2004AprJun/0333.html>http://lists.w3.org/Archives/Public/w3c-wai-gl/2004AprJun/0333.html captureseverything that these use cases require - I just needed to create a \"realworld\" scenario to wrap my head around them better!   I also don't fullyunderstand the checklists and how they will be organized.  I liked hisexample at  <http://www.eramp.com/david/benshtmlchecklist.htm>http://www.eramp.com/david/benshtmlchecklist.htm.  I also envision one pagethat is able to encapsulate the entire checklist for a specific technologybut that may be too complicated.I agree that it is probably too complicated to add all the checklist linksto the traffic cop but it would be a good idea to add a link to thechecklist gateway from there.  I would like to see a link to the checklistgateway in the cell/row  for each guideline.  It seems like overkill sinceit will be the same link in each cell but a person may enter the traffic copin the middle and not find a checklist gateway link at the top or bottom ofthe page.     Also, do you think it makes sense to add a link to thechecklist from the success criteria page?  This will allow direct access toa checklist with just one hop from the traffic cop.   That may be toocomplicated to maintain, though, but I think it would be helpful.In the Jessica example you have:1) The first link she sends is here:<http://www.eramp.com/david/traffic_cop_from_guidelines_checklists.htm>http://www.eramp.com/david/traffic_cop_from_guidelines_checklists.htmThis actually takes you to a checklist gateway for a particularly guideline.I was envisioning a Checklist Gateway that is not guideline specific andallows you to select a technology.  I then assumed that Andy would pick theHTML or CSS set of checklists.  But, this gets back to how the checklistsare organized - is it possible to have all of the checklist for onetechnology in the same document?  One other minor nit in the diagram is thatI expected Andy to print an HTML checklist.  You have the printing from thetechniques (which is also a good idea) branch.  I just wanted to includeprinting so we would think about it when we designed the checklist page.thanks,-beckyBecky GibsonWeb Accessibility ArchitectIBM Emerging Internet Technologies5 Technology Park DriveWestford, MA 01886Voice: 978 399-6101; t/l 333-6101Email:  <mailto:gibsonb@us.ibm.com> gibsonb@us.ibm.com\"David MacDonald\" <befree@magma.ca>Sent by: w3c-wai-gl-request@w3.org05/20/2004 10:14 AMTo<w3c-wai-gl@w3.org>Subject[TECH] use cases diagrammedMy action item was to make drawings and comments on Becky's use cases.  Mydrawings are simple box diagrams so that \"lay people\" can easily understandthem. They are based on UML principles but not strict UML (to avoid visualjargon that might not be understood by all and inaccessible). I've postedthese use cases to  <http://www.eramp.com/david/becky_use_cases.htm>www.eramp.com/david/becky_use_cases.htm.The models for the Traffic Cop and navigation through the documents is at<http://www.eramp.com/david/default.htm> www.eramp.com/david/default.htmWendy has asked me to send these links to the list for review by anyone whowishes.CheersDavid MacDonald---------------------------------------------.Access empowers people..barriers disable them.<http://www.eramp.com/> www.eramp.com",
            "docno": "lists-072-3359061",
            "received": "Mon May 24 12:12:55 2004",
            "isoreceived": "20040524161255",
            "sent": "Mon, 24 May 2004 12:12:41 -0400",
            "isosent": "20040524161241",
            "name": "David MacDonald",
            "email": "befree@magma.ca",
            "subject": "RE: [TECH] use cases diagrammed",
            "id": "200405241612.i4OGCeLY008180@mail3.magma.ca",
            "charset": "US-ASCII",
            "inreplyto": "auto-000044189227&#64;spamarrest.com",
            "expires": "-1",
            "to": " w3c-wai-gl@w3.org\n",
            "cc": "\n"
        }
    ]
}