{
    "id": "candidate-0470",
    "name": "Alain LEGER",
    "gender": "MALE",
    "email": "alain.leger@rd.francetelecom.com",
    "mails": [
        {
            "body": "Dear Friends,I was ready to advocate for equivalent alternate solution for a balanced disturbingFor all of us.Seems to be fairAlain--------------------------------------------Alain LegerDir Prog Sc Knowledge ProcessingFrance Telecom R&De-mail : alain.leger@rd.francetelecom.com--------------------------------------------------Message d'origine-----De : public-swbp-wg-request@w3.org [mailto:public-swbp-wg-request@w3.org] De la part de Jeremy CarrollEnvoy? : mercredi 17 mars 2004 20:21? : Christopher WeltyObjet : Re: ALL: agenda 18 March teleconChristopher Welty wrote:> The decision was to try this time for two months and see how it works.The other possility discussed was to alternate between two times - oneessentially chosen by the West Coasters, the other by the Japanese andAustralians. With that policy europeans and east coasters get toeverything, and the others only to every other meeting.Guus showed us a very helpful link that showed international times ...Jeremy",
            "docno": "lists-021-16597549",
            "received": "Thu Mar 18 07:48:00 2004",
            "isoreceived": "20040318124800",
            "sent": "Thu, 18 Mar 2004 03:17:43 -0500 (EST)",
            "isosent": "20040318081743",
            "name": "LEGER Alain FTRD/DMI/REN",
            "email": "n.leger@francetelecom.com",
            "subject": "RE : ALL: agenda 18 March telecon",
            "id": "B7D1592DFC5137478D0385A9595C4553E97D4D@lanmhs30.rd.francetelecom.fr",
            "charset": "iso-8859-1",
            "expires": "-1",
            "to": "\"Jeremy Carroll\"<jjc@hplb.hpl.hp.com>,\"Christopher Welty\"<welty@us.ibm.com>\n",
            "cc": " : Deborah L. McGuinness; SWBPD list; public-swbp-wg-request@w3.org; Guus Schreiber\n"
        }
    ]
}