{
    "id": "candidate-0374",
    "name": "Bengt Farre",
    "gender": "MALE",
    "email": "Bengt.Farre@androtech.se",
    "mails": [
        {
            "body": "As I understand the way the phrase \"plain language\" is used in the proposalfor 4.1, it's something on the order of a technical term, referring to aspecific body of theory and practice.  So replacing it with \"easilyunderstood\" would be problematic in that regard, as well as in the way Chrissuggests.JohnJohn Slatin, Ph.D.Director, Institute for Technology & LearningUniversity of Texas at AustinFAC 248C, Mail code G9600Austin, TX 78712ph 512-495-4288, f 512-495-4524web http://www.ital.utexas.edu-----Original Message-----From: Chris O'Kennon [mailto:chris@vipnet.org]Sent: Thursday, August 29, 2002 12:39 pmSubject: RE: fancy talk about \"plain language\" [was: RE: Proposed 4.1 wording ...]Except then you get into that gray area of what \"easily understood\" means.Reminds me of a Steven Wright joke where he said he got into an argument inVegas over what he considered an \"odd\" number.Chris O'KennonCommonwealth of Virginia Webmaster/VIPNet Portal Architectwww.myvirginia.org______________________________________\"When people are free to do as they please,they usually imitate each other.\"-----Original Message-----From: Lee Roberts [mailto:leeroberts@roserockdesign.com]Sent: Thursday, August 29, 2002 1:29 PMSubject: RE: fancy talk about \"plain language\" [was: RE: Proposed 4.1wording ...]I was thinking that perhaps instead of \"plain language\" we use \"easilyunderstood language\".  This would remove the connotation that \"it's onlyplain English\".  \"Easily understood language\" would meet the requirements ofany language and is also \"easily\" translated by machine translators.Just my two-cents.Lee-----Original Message-----From: w3c-wai-gl-request@w3.org [mailto:w3c-wai-gl-request@w3.org]OnBehalf Of Al GilmanSent: Thursday, August 29, 2002 8:36 AMSubject: fancy talk about \"plain language\" [was: RE: Proposed 4.1 wording...]At 08:13 AM 2002-08-29, Gregg Vanderheiden wrote:>Hmmmmm>>I think using a term  like  \"plain language\"  to mean more than>language (that is, including structure,  formatting,  illustration and>all other things that can be used to make writing easier to>understand).>>\"plain language\"   may be a term of art in some field,  but I would>think we might chose a term that translates more directly from the>words used to the meaning we intend.I don't think we're going to find anything better.In plain English the term for what we wish to connote is \"plain English.\"This fails the W3C ethical guideline \"insofar as possible avoid theappearance of bias with regard to language and national origin.\"As close to \"plain English\" as we can come in politically correct English is\"plain language.\"  I don't see us coming up with another way of saying thisbriefly which is both- as clear from a base in the most commonly used subset of English- sufficiently language-group neutralAlPS:For a term that applies across media an includes the expository-structurelanguages) as well as language structures, use \"vernacular idiom.\"But this concept, understood that broadly, is exotic.  This broad notiondoes not exist in the vernacular base of commonly understood notions.  ItsOK to use highfalutin' language for this idea, because it is an advancedconcept to begin with.PPS:Hypertext is a medium.  Web portal is a medium.Web Store (Amazon) is a genre, as is \"community hub\" (slashdot).  Idioms forpage organization exist at the level of site similarity group where you dosimilar things there.>Thanks.>>Gregg>>------------------------------------>Gregg Vanderheiden Ph.D.>Ind Engr - Biomed - Trace, Univ of Wis>gv@trace.wisc.edu>>>>>-----Original Message----->From: w3c-wai-gl-request@w3.org [mailto:w3c-wai-gl-request@w3.org] On>Behalf Of Lisa Seeman>Sent: Wednesday, August 21, 2002 4:09 PM>To: 'Avi Arditti'; w3c-wai-gl@w3.org>Cc: Bengt.Farre@androtech.se; 'Lisa Seeman'>Subject: Proposed 4.1 wording for discussion and new proposal>>>I very much liked the simplification of Checkpoint 4.1 to  \"Use plain>language\" I think it implies all the considerations that we had in>wording this checkpoint. If using simpler word has changed the meaning>of the sentence>then you are not using plain language, but rubbish (be it simple>rubbish).>Plain language implies some ((un)common since.>>In terms of the success criteria, the list is still incomplete as we>are aweighting the complete list from Ben, But its layout is>interesting. It does not follow the formulary for success>criteria that we have been working on at all. But does follow the spirit>of>the success criteria so eloquently described by Jason - who I will now>attempt to misquote....>>Level one implies they you have attempted to address these issues, some>what. Level two is were you have taken it to a further level, and level>three is were you have done everything you could do. (sorry Jason, I>just do not have your eloquence)>>Other then that I have (of course) problems with the wording of the>both the list and the success criteria. But the approach is an>interesting one.>>I would make the levels at (this is the new proposal bit) : success>criteria level one: Adopting consistently (Implementing ) a quarter>of the elements listed below,>success criteria  level two: Implementing half elements listed below,>success criteria  level three : Implementing all the elements listed>bellow>( the whole thing) OR a format/extra information that allowed automatic>and>correct conversion to plain language (yup - ILS).>>Then we need only include in the list testable criteria, but with no>concern for appropriateness.>>The beauty of this approach is that on every page you can find 1/4>plain language ideas that work and are suitable, even if any one by>themselves can not be applied across the board. If this is not the>case, then 1/4 is too>high and we make lower - until we get something workable.>>Flexible, robust and enduring...>>All the best,>>Lisa Seeman>>UnBounded Access>>Widen the World Web>>http://www.UBaccess.com>>>>-----Original Message----->From: Avi Arditti [mailto:aardit@voanews.com]>Sent: Tuesday, August 20, 2002 4:28 PM>To: w3c-wai-gl@w3.org>Cc: Bengt.Farre@androtech.se; Lisa Seeman>Subject: Re: Proposed 4.1 wording for discussion>>>Greetings to all,>>I would like to propose some ideas for checkpoint 4.1 in an effort to>revive and narrow the discussion. What I have written incorporates>ideas that Bengt, Lisa (by phone) and I discussed at the Linz f2f. It>also incorporates some wording from the current draft of 2.0. And it>attempts to deal with concerns raised during telecons.>>I await comments and suggestions. As we say in American slang, bring it>on! (But please be judicious with the trash talk.)>>Avi Arditti>Senior News Editor - Web Editor>Voice of America, Special English Branch>Washington, DC 20237 USA>(202) 619-0927 | (202) 619-2543 fax>aardit@voa.gov | www.voaspecialenglish.com | www.plainlanguage.gov",
            "docno": "lists-070-7438267",
            "received": "Thu Aug 29 13:46:22 2002",
            "isoreceived": "20020829174622",
            "sent": "Thu, 29 Aug 2002 12:46:18 -0500",
            "isosent": "20020829174618",
            "name": "john_slatin",
            "email": "jslatin@mail.utexas.edu",
            "subject": "RE: fancy talk about &quot;plain language&quot; [was: RE: Proposed 4.1   wo  rding ...]",
            "id": "oms of genres (such as title-bar at the top, navbar on the left in LTR",
            "inreplyto": "fancy talk about &quot;plain language&quot; [was: RE: Proposed 4.1   wo  rding ...]",
            "expires": "-1",
            "to": " gv@trace.wisc.edu; 'Lisa Seeman'; 'Avi Arditti'; w3c-wai-gl@w3.org\n",
            "cc": " Bengt.Farre@androtech.se\n"
        },
        {
            "body": "Simplistics dictates an erosion of the etherial pundits with the brevity ofnatural language can be written in the simple terms of \"brevity of expertthoughts are more easily understood.\"However, if we simply say \"plain language\" we are leaving out those whoselanguages are not so plain.  I believe Lisa has been dealing with this issuewith the Hebrew language and has pointed out that sometimes \"plain language\"leaves the reader wondering what was actually expressed.Yet, \"easily understood\" removes the concept of \"plain\" while keeping thetext in a realm of understandability.  It also leaves room for the experttext and thoughts to be understood by the apprentice and sometimes thenovice.  That's the reason legal and scientific documents are more oftenwritten in language not so easily understood (or rather, let's not show thenovice how to understand our languages and keep them in the dark).  Thisalso reminds me of the days when the King James Bible was written for theelite to understand and therefore keep it from the common people.Lee-----Original Message-----From: w3c-wai-gl-request@w3.org [mailto:w3c-wai-gl-request@w3.org]OnBehalf Of Chris O'KennonSent: Thursday, August 29, 2002 12:39 PMSubject: RE: fancy talk about \"plain language\" [was: RE: Proposed 4.1 wording ...]Except then you get into that gray area of what \"easily understood\" means.Reminds me of a Steven Wright joke where he said he got into an argument inVegas over what he considered an \"odd\" number.Chris O'KennonCommonwealth of Virginia Webmaster/VIPNet Portal Architectwww.myvirginia.org______________________________________\"When people are free to do as they please,they usually imitate each other.\"-----Original Message-----From: Lee Roberts [mailto:leeroberts@roserockdesign.com]Sent: Thursday, August 29, 2002 1:29 PMSubject: RE: fancy talk about \"plain language\" [was: RE: Proposed 4.1wording ...]I was thinking that perhaps instead of \"plain language\" we use \"easilyunderstood language\".  This would remove the connotation that \"it's onlyplain English\".  \"Easily understood language\" would meet the requirements ofany language and is also \"easily\" translated by machine translators.Just my two-cents.Lee-----Original Message-----From: w3c-wai-gl-request@w3.org [mailto:w3c-wai-gl-request@w3.org]OnBehalf Of Al GilmanSent: Thursday, August 29, 2002 8:36 AMSubject: fancy talk about \"plain language\" [was: RE: Proposed 4.1 wording...]At 08:13 AM 2002-08-29, Gregg Vanderheiden wrote:>Hmmmmm>>I think using a term  like  \"plain language\"  to mean more than>language (that is, including structure,  formatting,  illustration and>all other things that can be used to make writing easier to>understand).>>\"plain language\"   may be a term of art in some field,  but I would>think we might chose a term that translates more directly from the>words used to the meaning we intend.I don't think we're going to find anything better.In plain English the term for what we wish to connote is \"plain English.\"This fails the W3C ethical guideline \"insofar as possible avoid theappearance of bias with regard to language and national origin.\"As close to \"plain English\" as we can come in politically correct English is\"plain language.\"  I don't see us coming up with another way of saying thisbriefly which is both- as clear from a base in the most commonly used subset of English- sufficiently language-group neutralAlPS:For a term that applies across media an includes the expository-structurelanguages) as well as language structures, use \"vernacular idiom.\"But this concept, understood that broadly, is exotic.  This broad notiondoes not exist in the vernacular base of commonly understood notions.  ItsOK to use highfalutin' language for this idea, because it is an advancedconcept to begin with.PPS:Hypertext is a medium.  Web portal is a medium.Web Store (Amazon) is a genre, as is \"community hub\" (slashdot).  Idioms forpage organization exist at the level of site similarity group where you dosimilar things there.>Thanks.>>Gregg>>------------------------------------>Gregg Vanderheiden Ph.D.>Ind Engr - Biomed - Trace, Univ of Wis>gv@trace.wisc.edu>>>>>-----Original Message----->From: w3c-wai-gl-request@w3.org [mailto:w3c-wai-gl-request@w3.org] On>Behalf Of Lisa Seeman>Sent: Wednesday, August 21, 2002 4:09 PM>To: 'Avi Arditti'; w3c-wai-gl@w3.org>Cc: Bengt.Farre@androtech.se; 'Lisa Seeman'>Subject: Proposed 4.1 wording for discussion and new proposal>>>I very much liked the simplification of Checkpoint 4.1 to  \"Use plain>language\" I think it implies all the considerations that we had in>wording this checkpoint. If using simpler word has changed the meaning>of the sentence>then you are not using plain language, but rubbish (be it simple>rubbish).>Plain language implies some ((un)common since.>>In terms of the success criteria, the list is still incomplete as we>are aweighting the complete list from Ben, But its layout is>interesting. It does not follow the formulary for success>criteria that we have been working on at all. But does follow the spirit>of>the success criteria so eloquently described by Jason - who I will now>attempt to misquote....>>Level one implies they you have attempted to address these issues, some>what. Level two is were you have taken it to a further level, and level>three is were you have done everything you could do. (sorry Jason, I>just do not have your eloquence)>>Other then that I have (of course) problems with the wording of the>both the list and the success criteria. But the approach is an>interesting one.>>I would make the levels at (this is the new proposal bit) : success>criteria level one: Adopting consistently (Implementing ) a quarter>of the elements listed below,>success criteria  level two: Implementing half elements listed below,>success criteria  level three : Implementing all the elements listed>bellow>( the whole thing) OR a format/extra information that allowed automatic>and>correct conversion to plain language (yup - ILS).>>Then we need only include in the list testable criteria, but with no>concern for appropriateness.>>The beauty of this approach is that on every page you can find 1/4>plain language ideas that work and are suitable, even if any one by>themselves can not be applied across the board. If this is not the>case, then 1/4 is too>high and we make lower - until we get something workable.>>Flexible, robust and enduring...>>All the best,>>Lisa Seeman>>UnBounded Access>>Widen the World Web>>http://www.UBaccess.com>>>>-----Original Message----->From: Avi Arditti [mailto:aardit@voanews.com]>Sent: Tuesday, August 20, 2002 4:28 PM>To: w3c-wai-gl@w3.org>Cc: Bengt.Farre@androtech.se; Lisa Seeman>Subject: Re: Proposed 4.1 wording for discussion>>>Greetings to all,>>I would like to propose some ideas for checkpoint 4.1 in an effort to>revive and narrow the discussion. What I have written incorporates>ideas that Bengt, Lisa (by phone) and I discussed at the Linz f2f. It>also incorporates some wording from the current draft of 2.0. And it>attempts to deal with concerns raised during telecons.>>I await comments and suggestions. As we say in American slang, bring it>on! (But please be judicious with the trash talk.)>>Avi Arditti>Senior News Editor - Web Editor>Voice of America, Special English Branch>Washington, DC 20237 USA>(202) 619-0927 | (202) 619-2543 fax>aardit@voa.gov | www.voaspecialenglish.com | www.plainlanguage.gov",
            "docno": "lists-070-7460413",
            "received": "Thu Aug 29 13:56:41 2002",
            "isoreceived": "20020829175641",
            "sent": "Thu, 29 Aug 2002 12:55:52 -0500",
            "isosent": "20020829175552",
            "name": "Lee Roberts",
            "email": "roberts@roserockdesign.com",
            "subject": "RE: fancy talk about &quot;plain language&quot; [was: RE: Proposed 4.1   wo rding ...]",
            "id": "oms of genres (such as title-bar at the top, navbar on the left in LTR",
            "charset": "iso-8859-1",
            "inreplyto": "A466B58150DD0F4FB6FE4FDEECB428F17645&#64;iexch1.vipnet.org",
            "expires": "-1",
            "to": " gv@trace.wisc.edu; 'Lisa Seeman'; 'Avi Arditti'; w3c-wai-gl@w3.org\n",
            "cc": " Bengt.Farre@androtech.se\n"
        },
        {
            "body": "Regarding the percentage suggestionIt is not clear that doing 33 % of the items is of much use if youignore the other 66%.   Kind of like making sure that 33% of the doorsof a building are unlocked but I can pick any 33%.    The building canbe completely inaccessible if only the doors at the center are unlocked.Better to have me certify that all the doors that could be unlocked wereunlocked and as many as possible were standing open etc.Thanks.Gregg------------------------------------Gregg Vanderheiden Ph.D.Ind Engr - Biomed - Trace, Univ of Wisgv@trace.wisc.edu-----Original Message-----From: w3c-wai-gl-request@w3.org [mailto:w3c-wai-gl-request@w3.org] OnBehalf Of Lisa SeemanSent: Wednesday, August 21, 2002 11:44 PMSubject: RE: Proposed 4.1 wording for discussion and new proposalLet  me explain why I liked my proposal.One of the problems we came across in setting 4.1 criteria was howwidelyapplicable each criteria is, especially when we have made them testable,which removes  vaigness such as \"aviode\" or \"reduce\".For example: Can we require short words on a disertation? can we require\"providing summaries\" on an ecommerce site or download page.The result was that we alowed a title to suffice as a summary. But acleartitle should be a separate item as it is so often an inadequate Summary.The result is we were left with very few and  inadequate   level onecriteria for 4.1. - a good title and that was about it.By requiring a percentage of items at different levels (what everpercentagewe find works), we can  create criteria more specific and testable - andhave them included in some way at level one. We could word therequirementthat the web author should select the X% of items that they consider themost appropriate and helpful for their content (not just the easiest)It is a practical suggestion, biased on the real concerns of addressing4.1success criteria level. Not a theoretical suggestion.This is a way of allowing more items to be included in  level 1, andPeaplecan choose items that are relevant to their site.All the best,Lisa SeemanUnBounded AccessWiden the World Webhttp://www.UBaccess.com-----Original Message-----From: john_slatin [mailto:john_slatin@forum.utexas.edu]Sent: Wednesday, August 21, 2002 9:32 AMSubject: RE: Proposed 4.1 wording for discussion and new proposalThanks, Lisa.  I apologize for not having provided a rationale.  Heregoes:All of the items that Avi listed can help authors make their work moreunderstandable.  But I don't think they're all equal, so I worry thatmerelycounting them won't be as effective as carefull choosing the ones thataremost likely to have impact for a particular document.So it might be useful to assign certain items in the list to the variousconformance levels.  For example, providing summaries and using bulletedlists instead of long, comma-separated series might be well placed atminimum level, while using grammar and syntax that supporttranslatabilitymight be a level 3 item.JohnJohn Slatin, Ph.D.Director, Institute for Technology & LearningUniversity of Texas at AustinFAC 248C, Mail code G9600Austin, TX 78712ph 512-495-4288, f 512-495-4524web http://www.ital.utexas.edu-----Original Message-----From: Lisa Seeman [mailto:seeman@netvision.net.il]Sent: Wednesday, August 21, 2002 9:07 pmSubject: RE: Proposed 4.1 wording for discussion and new proposal>but it seems too mechanical a solution to be trulyeffective.What does that mean in practice?Whyall the best,LisaJohnJohn Slatin, Ph.D.Director, Institute for Technology & LearningUniversity of Texas at AustinFAC 248C, Mail code G9600Austin, TX 78712ph 512-495-4288, f 512-495-4524web http://www.ital.utexas.edu-----Original Message-----From: Lisa Seeman [mailto:seeman@netvision.net.il]Sent: Wednesday, August 21, 2002 4:09 pmSubject: Proposed 4.1 wording for discussion and new proposalI very much liked the simplification of Checkpoint 4.1 to  \"Use plainlanguage\" I think it implies all the considerations that we had inwordingthis checkpoint. If using simpler word has changed the meaning of thesimplerubbish). Plain language implies some ((un)common since.In terms of the success criteria, the list is still incomplete as we areaweighting the complete list from Ben, But its layout is interesting. Itdoes not follow the formulary for success criteria that we have beenworkingon at all. But does follow the spirit of the success criteria soeloquentlydescribed by Jason - who I will now attempt to misquote....Level one implies they you have attempted to address these issues, somewhat. Level two is were you have taken it to a further level, and levelthree is were you have done everything you could do. (sorry Jason, Ijust donot have your eloquence)Other then that I have (of course) problems with the wording of the boththelist and the success criteria. But the approach is an interesting one.I would make the levels at (this is the new proposal bit) : successcriterialevel one: Adopting consistently (Implementing ) a quarter of theelementslisted below, success criteria  level two: Implementing half elementslistedbelow, success criteria  level three : Implementing all the elementslistedbellow ( the whole thing) OR a format/extra information that allowedautomatic and correct conversion to plain language (yup - ILS).Then we need only include in the list testable criteria, but with noconcernfor appropriateness.The beauty of this approach is that on every page you can find 1/4 plainlanguage ideas that work and are suitable, even if any one by themselvescannot be applied across the board. If this is not the case, then 1/4 istoohigh and we make lower - until we get something workable.Flexible, robust and enduring...All the best,Lisa SeemanUnBounded AccessWiden the World Webhttp://www.UBaccess.com-----Original Message-----From: Avi Arditti [mailto:aardit@voanews.com]Sent: Tuesday, August 20, 2002 4:28 PMSubject: Re: Proposed 4.1 wording for discussionGreetings to all,I would like to propose some ideas for checkpoint 4.1 in an effort toreviveand narrow the discussion. What I have written incorporates ideas thatBengt, Lisa (by phone) and I discussed at the Linz f2f. It alsoincorporatessome wording from the current draft of 2.0. And it attempts to deal withconcerns raised during telecons.I await comments and suggestions. As we say in American slang, bring iton!(But please be judicious with the trash talk.)Avi ArdittiSenior News Editor - Web EditorVoice of America, Special English BranchWashington, DC 20237 USA(202) 619-0927 | (202) 619-2543 faxaardit@voa.gov | www.voaspecialenglish.com | www.plainlanguage.gov",
            "docno": "lists-070-7280726",
            "received": "Wed Aug 28 20:59:51 2002",
            "isoreceived": "20020829005951",
            "sent": "ce then you are not using plain language, but rubbish (be it",
            "isosent": "20020829005646",
            "name": "Gregg Vanderheiden",
            "email": "jslatin@mail.utexas.edu",
            "subject": "RE: Proposed 4.1 wording for discussion and new proposal",
            "id": "001701c24ef6$f38d24b0$b1346880@GV6101",
            "charset": "us-ascii",
            "inreplyto": "002101c2498e$225b7d00$7200000a&#64;patirsrv.patir.com",
            "expires": "-1",
            "to": " w3c-wai-gl@w3.org\n",
            "cc": " Bengt.Farre@androtech.se; Lisa Seeman\n"
        },
        {
            "body": "At 08:13 AM 2002-08-29, Gregg Vanderheiden wrote:>Hmmmmm>>I think using a term  like  \"plain language\"  to mean more than language>(that is, including structure,  formatting,  illustration and all other>things that can be used to make writing easier to understand).>>\"plain language\"   may be a term of art in some field,  but I would>think we might chose a term that translates more directly from the words>used to the meaning we intend.I don't think we're going to find anything better.In plain English the term for what we wish to connote is \"plain English.\"This fails the W3C ethical guideline \"insofar as possible avoid theappearance of bias with regard to language and national origin.\"As close to \"plain English\" as we can come in politically correctEnglish is \"plain language.\"  I don't see us coming up with anotherway of saying this briefly which is both- as clear from a base in the most commonly used subset of English- sufficiently language-group neutralAlPS:For a term that applies across media an includes the expository-structurelanguages) as well as language structures, use \"vernacular idiom.\"But this concept, understood that broadly, is exotic.  This broad notiondoes not exist in the vernacular base of commonly understood notions.  ItsOK to use highfalutin' language for this idea, because it is an advancedconcept to begin with.PPS:Hypertext is a medium.  Web portal is a medium.Web Store (Amazon) is a genre, as is \"community hub\" (slashdot).  Idioms forpage organization exist at the level of site similarity group where you dosimilar things there.>Thanks.>>Gregg>>------------------------------------>Gregg Vanderheiden Ph.D.>Ind Engr - Biomed - Trace, Univ of Wis>gv@trace.wisc.edu>>>>>-----Original Message----->From: w3c-wai-gl-request@w3.org [mailto:w3c-wai-gl-request@w3.org] On>Behalf Of Lisa Seeman>Sent: Wednesday, August 21, 2002 4:09 PM>To: 'Avi Arditti'; w3c-wai-gl@w3.org>Cc: Bengt.Farre@androtech.se; 'Lisa Seeman'>Subject: Proposed 4.1 wording for discussion and new proposal>>>I very much liked the simplification of Checkpoint 4.1 to  \"Use plain>language\">I think it implies all the considerations that we had in wording this>checkpoint. If using simpler word has changed the meaning of the>sentence>then you are not using plain language, but rubbish (be it simple>rubbish).>Plain language implies some ((un)common since.>>In terms of the success criteria, the list is still incomplete as we are>aweighting the complete list from Ben,>But its layout is interesting. It does not follow the formulary for>success>criteria that we have been working on at all. But does follow the spirit>of>the success criteria so eloquently described by Jason - who I will now>attempt to misquote....>>Level one implies they you have attempted to address these issues, some>what. Level two is were you have taken it to a further level, and level>three is were you have done everything you could do. (sorry Jason, I>just do>not have your eloquence)>>Other then that I have (of course) problems with the wording of the both>the>list and the success criteria. But the approach is an interesting one.>>I would make the levels at (this is the new proposal bit) :>success criteria level one: Adopting consistently (Implementing ) a>quarter>of the elements listed below,>success criteria  level two: Implementing half elements listed below,>success criteria  level three : Implementing all the elements listed>bellow>( the whole thing) OR a format/extra information that allowed automatic>and>correct conversion to plain language (yup - ILS).>>Then we need only include in the list testable criteria, but with no>concern>for appropriateness.>>The beauty of this approach is that on every page you can find 1/4 plain>language ideas that work and are suitable, even if any one by themselves>can>not be applied across the board. If this is not the case, then 1/4 is>too>high and we make lower - until we get something workable.>>Flexible, robust and enduring...>>All the best,>>Lisa Seeman>>UnBounded Access>>Widen the World Web>>http://www.UBaccess.com>>>>-----Original Message----->From: Avi Arditti [mailto:aardit@voanews.com]>Sent: Tuesday, August 20, 2002 4:28 PM>To: w3c-wai-gl@w3.org>Cc: Bengt.Farre@androtech.se; Lisa Seeman>Subject: Re: Proposed 4.1 wording for discussion>>>Greetings to all,>>I would like to propose some ideas for checkpoint 4.1 in an effort to>revive and narrow the discussion. What I have written incorporates ideas>that Bengt, Lisa (by phone) and I discussed at the Linz f2f. It also>incorporates some wording from the current draft of 2.0. And it attempts>to deal with concerns raised during telecons.>>I await comments and suggestions. As we say in American slang, bring it>on! (But please be judicious with the trash talk.)>>Avi Arditti>Senior News Editor - Web Editor>Voice of America, Special English Branch>Washington, DC 20237 USA>(202) 619-0927 | (202) 619-2543 fax>aardit@voa.gov | www.voaspecialenglish.com | www.plainlanguage.gov",
            "docno": "lists-070-7380718",
            "received": "Thu Aug 29 09:36:46 2002",
            "isoreceived": "20020829133646",
            "sent": "Thu, 29 Aug 2002 09:35:55 -0400",
            "isosent": "20020829133555",
            "name": "Al Gilman",
            "email": "sgilman@iamdigex.net",
            "subject": "fancy talk about &quot;plain language&quot; [was: RE: Proposed 4.1   wording ...]",
            "id": "oms of genres (such as title-bar at the top, navbar on the left in LTR",
            "charset": "us-ascii",
            "inreplyto": "000101c24f55$8b6ee3f0$b6356880&#64;GV6101",
            "expires": "-1",
            "to": "gv@trace.wisc.edu,\"'Lisa Seeman'\"<seeman@netvision.net.il>,\"'Avi Arditti'\"<aardit@voanews.com>,w3c-wai-gl@w3.org\n",
            "cc": "Bengt.Farre@androtech.se\n"
        },
        {
            "body": "I too like the proposal that Avi has put forward for 4.1, especially becauseit offers such a lucid explanation of plain language and such useful adviceabout how to accomplish it (the list of elements).  List points out that thelist doesn't quite fit the way we've worked with other checkpoints, but Ithink there's a relatively simple solution for that: the list of elementscan go under the \"Advice\" heading we've used elsewhere in 2.0.I disagree with Lisa's suggestion about linking success at the variouslevels to a percentage of the elements listed.  Talking in such terms may beheuristically useful, but it seems too mechanical a solution to be trulyeffective.JohnJohn Slatin, Ph.D.Director, Institute for Technology & LearningUniversity of Texas at AustinFAC 248C, Mail code G9600Austin, TX 78712ph 512-495-4288, f 512-495-4524web http://www.ital.utexas.edu-----Original Message-----From: Lisa Seeman [mailto:seeman@netvision.net.il]Sent: Wednesday, August 21, 2002 4:09 pmSubject: Proposed 4.1 wording for discussion and new proposalI very much liked the simplification of Checkpoint 4.1 to  \"Use plainlanguage\" I think it implies all the considerations that we had in wordingthis checkpoint. If using simpler word has changed the meaning of therubbish). Plain language implies some ((un)common since.In terms of the success criteria, the list is still incomplete as we areaweighting the complete list from Ben, But its layout is interesting. Itdoes not follow the formulary for success criteria that we have been workingon at all. But does follow the spirit of the success criteria so eloquentlydescribed by Jason - who I will now attempt to misquote....Level one implies they you have attempted to address these issues, somewhat. Level two is were you have taken it to a further level, and levelthree is were you have done everything you could do. (sorry Jason, I just donot have your eloquence)Other then that I have (of course) problems with the wording of the both thelist and the success criteria. But the approach is an interesting one.I would make the levels at (this is the new proposal bit) : success criterialevel one: Adopting consistently (Implementing ) a quarter of the elementslisted below, success criteria  level two: Implementing half elements listedbelow, success criteria  level three : Implementing all the elements listedbellow ( the whole thing) OR a format/extra information that allowedautomatic and correct conversion to plain language (yup - ILS).Then we need only include in the list testable criteria, but with no concernfor appropriateness.The beauty of this approach is that on every page you can find 1/4 plainlanguage ideas that work and are suitable, even if any one by themselves cannot be applied across the board. If this is not the case, then 1/4 is toohigh and we make lower - until we get something workable.Flexible, robust and enduring...All the best,Lisa SeemanUnBounded AccessWiden the World Webhttp://www.UBaccess.com-----Original Message-----From: Avi Arditti [mailto:aardit@voanews.com]Sent: Tuesday, August 20, 2002 4:28 PMSubject: Re: Proposed 4.1 wording for discussionGreetings to all,I would like to propose some ideas for checkpoint 4.1 in an effort to reviveand narrow the discussion. What I have written incorporates ideas thatBengt, Lisa (by phone) and I discussed at the Linz f2f. It also incorporatessome wording from the current draft of 2.0. And it attempts to deal withconcerns raised during telecons.I await comments and suggestions. As we say in American slang, bring it on!(But please be judicious with the trash talk.)Avi ArdittiSenior News Editor - Web EditorVoice of America, Special English BranchWashington, DC 20237 USA(202) 619-0927 | (202) 619-2543 faxaardit@voa.gov | www.voaspecialenglish.com | www.plainlanguage.gov",
            "docno": "lists-070-6698430",
            "received": "Wed Aug 21 10:32:15 2002",
            "isoreceived": "20020821143215",
            "sent": "ce then you are not using plain language, but rubbish (be it simple",
            "isosent": "20020821143207",
            "name": "john_slatin",
            "email": "jslatin@mail.utexas.edu",
            "subject": "RE: Proposed 4.1 wording for discussion and new proposal",
            "id": "6AC4E20EED49D411941400D0B77E52F0074B9587@forum.cc.utexas.edu",
            "inreplyto": "Proposed 4.1 wording for discussion and new proposal",
            "expires": "-1",
            "to": " w3c-wai-gl@w3.org\n",
            "cc": " Bengt.Farre@androtech.se; Lisa Seeman\n"
        },
        {
            "body": "I was thinking that perhaps instead of \"plain language\" we use \"easilyunderstood language\".  This would remove the connotation that \"it's onlyplain English\".  \"Easily understood language\" would meet the requirements ofany language and is also \"easily\" translated by machine translators.Just my two-cents.Lee-----Original Message-----From: w3c-wai-gl-request@w3.org [mailto:w3c-wai-gl-request@w3.org]OnBehalf Of Al GilmanSent: Thursday, August 29, 2002 8:36 AMSubject: fancy talk about \"plain language\" [was: RE: Proposed 4.1wording ...]At 08:13 AM 2002-08-29, Gregg Vanderheiden wrote:>Hmmmmm>>I think using a term  like  \"plain language\"  to mean more than language>(that is, including structure,  formatting,  illustration and all other>things that can be used to make writing easier to understand).>>\"plain language\"   may be a term of art in some field,  but I would>think we might chose a term that translates more directly from the words>used to the meaning we intend.I don't think we're going to find anything better.In plain English the term for what we wish to connote is \"plain English.\"This fails the W3C ethical guideline \"insofar as possible avoid theappearance of bias with regard to language and national origin.\"As close to \"plain English\" as we can come in politically correctEnglish is \"plain language.\"  I don't see us coming up with anotherway of saying this briefly which is both- as clear from a base in the most commonly used subset of English- sufficiently language-group neutralAlPS:For a term that applies across media an includes the expository-structurelanguages) as well as language structures, use \"vernacular idiom.\"But this concept, understood that broadly, is exotic.  This broad notiondoes not exist in the vernacular base of commonly understood notions.  ItsOK to use highfalutin' language for this idea, because it is an advancedconcept to begin with.PPS:Hypertext is a medium.  Web portal is a medium.Web Store (Amazon) is a genre, as is \"community hub\" (slashdot).  Idioms forpage organization exist at the level of site similarity group where you dosimilar things there.>Thanks.>>Gregg>>------------------------------------>Gregg Vanderheiden Ph.D.>Ind Engr - Biomed - Trace, Univ of Wis>gv@trace.wisc.edu>>>>>-----Original Message----->From: w3c-wai-gl-request@w3.org [mailto:w3c-wai-gl-request@w3.org] On>Behalf Of Lisa Seeman>Sent: Wednesday, August 21, 2002 4:09 PM>To: 'Avi Arditti'; w3c-wai-gl@w3.org>Cc: Bengt.Farre@androtech.se; 'Lisa Seeman'>Subject: Proposed 4.1 wording for discussion and new proposal>>>I very much liked the simplification of Checkpoint 4.1 to  \"Use plain>language\">I think it implies all the considerations that we had in wording this>checkpoint. If using simpler word has changed the meaning of the>sentence>then you are not using plain language, but rubbish (be it simple>rubbish).>Plain language implies some ((un)common since.>>In terms of the success criteria, the list is still incomplete as we are>aweighting the complete list from Ben,>But its layout is interesting. It does not follow the formulary for>success>criteria that we have been working on at all. But does follow the spirit>of>the success criteria so eloquently described by Jason - who I will now>attempt to misquote....>>Level one implies they you have attempted to address these issues, some>what. Level two is were you have taken it to a further level, and level>three is were you have done everything you could do. (sorry Jason, I>just do>not have your eloquence)>>Other then that I have (of course) problems with the wording of the both>the>list and the success criteria. But the approach is an interesting one.>>I would make the levels at (this is the new proposal bit) :>success criteria level one: Adopting consistently (Implementing ) a>quarter>of the elements listed below,>success criteria  level two: Implementing half elements listed below,>success criteria  level three : Implementing all the elements listed>bellow>( the whole thing) OR a format/extra information that allowed automatic>and>correct conversion to plain language (yup - ILS).>>Then we need only include in the list testable criteria, but with no>concern>for appropriateness.>>The beauty of this approach is that on every page you can find 1/4 plain>language ideas that work and are suitable, even if any one by themselves>can>not be applied across the board. If this is not the case, then 1/4 is>too>high and we make lower - until we get something workable.>>Flexible, robust and enduring...>>All the best,>>Lisa Seeman>>UnBounded Access>>Widen the World Web>>http://www.UBaccess.com>>>>-----Original Message----->From: Avi Arditti [mailto:aardit@voanews.com]>Sent: Tuesday, August 20, 2002 4:28 PM>To: w3c-wai-gl@w3.org>Cc: Bengt.Farre@androtech.se; Lisa Seeman>Subject: Re: Proposed 4.1 wording for discussion>>>Greetings to all,>>I would like to propose some ideas for checkpoint 4.1 in an effort to>revive and narrow the discussion. What I have written incorporates ideas>that Bengt, Lisa (by phone) and I discussed at the Linz f2f. It also>incorporates some wording from the current draft of 2.0. And it attempts>to deal with concerns raised during telecons.>>I await comments and suggestions. As we say in American slang, bring it>on! (But please be judicious with the trash talk.)>>Avi Arditti>Senior News Editor - Web Editor>Voice of America, Special English Branch>Washington, DC 20237 USA>(202) 619-0927 | (202) 619-2543 fax>aardit@voa.gov | www.voaspecialenglish.com | www.plainlanguage.gov",
            "docno": "lists-070-7398940",
            "received": "Thu Aug 29 13:29:39 2002",
            "isoreceived": "20020829172939",
            "sent": "Thu, 29 Aug 2002 12:29:14 -0500",
            "isosent": "20020829172914",
            "name": "Lee Roberts",
            "email": "roberts@roserockdesign.com",
            "subject": "RE: fancy talk about &quot;plain language&quot; [was: RE: Proposed 4.1   wording ...]",
            "id": "oms of genres (such as title-bar at the top, navbar on the left in LTR",
            "charset": "Windows-1252",
            "inreplyto": "5.1.0.14.2.20020829090735.02098b70&#64;pop.iamdigex.net",
            "expires": "-1",
            "to": " gv@trace.wisc.edu; 'Lisa Seeman'; 'Avi Arditti'; w3c-wai-gl@w3.org\n",
            "cc": " Bengt.Farre@androtech.se\n"
        },
        {
            "body": "Bengt FarreWWAAC Consortiumwww.wwaac.orgSweden",
            "docno": "lists-069-15730717",
            "received": "Wed Jun 26 08:22:25 2002",
            "isoreceived": "20020626122225",
            "sent": "Wed, 26 Jun 2002 14:21:07 +0200",
            "isosent": "20020626122107",
            "name": "Bengt.Farre@androtech.se",
            "email": "Bengt.Farre@androtech.se",
            "subject": "Regrets for Thursday",
            "id": "3D19B1B3.469367E4@androtech.se",
            "charset": "us-ascii",
            "expires": "-1",
            "to": "\"w3c-wai-gl@w3.org\"<w3c-wai-gl@w3.org>\n"
        },
        {
            "body": "Comments on W3C ?Web Content Accessibility Guidelines 2.0Working Draft 22 August 2002Some General PointsDifficult to comment in detail as the technology specific checklistsalso need to be developed.No specific mention is made of the possible value of creating pageabstracts and summaries to help those who have limited capacity forreading large amounts of text. Checkpoint 4.3 covers the annotation of?complex, abbreviated or unfamiliar information with summaries anddefinitions?, but this is not the same as using abstracts and summariesas a matter of course for all web pages. This could be particularlyuseful for symbol users or those with poor reading skills. Note: this isalso related to the whole issue of providing meta content for pages thatcan be accessed if required, i.e. keywords, titles, abstracts.There could be more content on facilitating navigation throughhyperlinks. Mention is made of ensuring labels are meaningful, but theremay be other advice that could be useful e.g. numbers of links on pages,navigating hyperlinks, and how to refer to internal and external links.Could be worth looking at Microsoft?s Accessibility Guidelines as wellto see what else might be useful. The framework covering designprinciples may be particularly useful. The issue of multiple windows andhow to control them may be worth considering in the section onNavigation (guideline 3). Also issue of the use of frames?The Overview of Design Principles is very clear and useful.Specific CommentsPage 7- User NeedsFirst bullet point is slightly confusing. Better as? Someone who cannothear will require auditory presented information transformed into avisual form?Second point- Slightly misleading as relatively few blind people readBraille, better as ?Someone who cannot see or hear may want to readthrough Braille?..?Also final point better as ?Someone who does not read or see wellmay????.?Page 10-Success CriteriaWording of this section is unwieldy and difficult to follow.Page 14- Success CriteriaCould be useful to define what is meant by ?seriously interfere?Page 15- Example 2Missing value- assumed to be 20db for consistency.?Disambiguation? is a bit ambiguous!Page 15- Success CriteriaIs a definition of Unicode needed here?Page 17-Success CriteriaCould be made clearer i.e. user agents and event handlers may be tootechnical for some readers. Checkpoint 2.1 is particularly difficult tofollow.Page 18- ExamplesThe illustrated benefit is probably not such a good example as speechinput is only appropriate in a limited number of cases. A better examplewould be that keyboard mapping for functions allows specialist switchinput devices to work with the applicationsPage 20- Benefits?Distractibility problems? could be reworded to say ?individuals who areeasily distracted?.Page 21- NavigationCould be useful to have something about navigation through tables andframes?Page 21- Providing StructureCould be useful to include top loading of page content here as well.i.e. putting most important information or summaries of content at thetop of pages.Page 23- Success CriteriaDifficult to follow could be reworded?Page 25- Navigation mechanismsCould also mention use of ?breadcrumb trails? to assist site navigation.I.e. providing information on pages to show the individual where theyhave come from in the structure of the site.Page 27- Consistent and Predictable ResponsesCould be worth adding something about consistent labelling of controlsand functions performed in different parts of the application.  Eventhough this would most probably fit under the ?Operable? Guideline, itis still also relevant here. Point is not clearly made.Page 29- ExamplesNot very clear from wording, this should be expanded as well.Page 31- UnderstandableThe issue of top loading page content could also be raised again here.The WWAAC project is working on specific success criteria and advisoryrecommendations for making the content understandable for people withcommunication or cognitive impairments.Page 35- Complex InformationWhat is meant by ?several layers??Page 36- Reviewer noteIf I understand this point correctly, well formed code (followingprotocols) is important for accessibility as it can make it easier foralternative browsers to decode web content. For example,  I believe thisone of the arguments for xhtml to be used instead of html.",
            "docno": "lists-070-9780910",
            "received": "Thu Oct 24 15:48:00 2002",
            "isoreceived": "20021024194800",
            "sent": "Thu, 24 Oct 2002 21:44:02 +0200",
            "isosent": "20021024194402",
            "name": "Bengt.Farre@androtech.se",
            "email": "Bengt.Farre@androtech.se",
            "subject": "Reposting of RE: Request for Review: WCAG 2.0 Working Draft in a   readable format",
            "id": "3DB84D82.67E8AB68@androtech.se",
            "charset": "iso-8859-1",
            "expires": "-1",
            "to": "\"w3c-wai-gl@w3.org\"<w3c-wai-gl@w3.org>\n"
        },
        {
            "body": "HmmmmmI think using a term  like  \"plain language\"  to mean more than language(that is, including structure,  formatting,  illustration and all otherthings that can be used to make writing easier to understand).\"plain language\"   may be a term of art in some field,  but I wouldthink we might chose a term that translates more directly from the wordsused to the meaning we intend.Thanks.Gregg------------------------------------Gregg Vanderheiden Ph.D.Ind Engr - Biomed - Trace, Univ of Wisgv@trace.wisc.edu-----Original Message-----From: w3c-wai-gl-request@w3.org [mailto:w3c-wai-gl-request@w3.org] OnBehalf Of Lisa SeemanSent: Wednesday, August 21, 2002 4:09 PMSubject: Proposed 4.1 wording for discussion and new proposalI very much liked the simplification of Checkpoint 4.1 to  \"Use plainlanguage\"I think it implies all the considerations that we had in wording thischeckpoint. If using simpler word has changed the meaning of thethen you are not using plain language, but rubbish (be it simplerubbish).Plain language implies some ((un)common since.In terms of the success criteria, the list is still incomplete as we areaweighting the complete list from Ben,But its layout is interesting. It does not follow the formulary forsuccesscriteria that we have been working on at all. But does follow the spiritofthe success criteria so eloquently described by Jason - who I will nowattempt to misquote....Level one implies they you have attempted to address these issues, somewhat. Level two is were you have taken it to a further level, and levelthree is were you have done everything you could do. (sorry Jason, Ijust donot have your eloquence)Other then that I have (of course) problems with the wording of the boththelist and the success criteria. But the approach is an interesting one.I would make the levels at (this is the new proposal bit) :success criteria level one: Adopting consistently (Implementing ) aquarterof the elements listed below,success criteria  level two: Implementing half elements listed below,success criteria  level three : Implementing all the elements listedbellow( the whole thing) OR a format/extra information that allowed automaticandcorrect conversion to plain language (yup - ILS).Then we need only include in the list testable criteria, but with noconcernfor appropriateness.The beauty of this approach is that on every page you can find 1/4 plainlanguage ideas that work and are suitable, even if any one by themselvescannot be applied across the board. If this is not the case, then 1/4 istoohigh and we make lower - until we get something workable.Flexible, robust and enduring...All the best,Lisa SeemanUnBounded AccessWiden the World Webhttp://www.UBaccess.com-----Original Message-----From: Avi Arditti [mailto:aardit@voanews.com]Sent: Tuesday, August 20, 2002 4:28 PMSubject: Re: Proposed 4.1 wording for discussionGreetings to all,I would like to propose some ideas for checkpoint 4.1 in an effort torevive and narrow the discussion. What I have written incorporates ideasthat Bengt, Lisa (by phone) and I discussed at the Linz f2f. It alsoincorporates some wording from the current draft of 2.0. And it attemptsto deal with concerns raised during telecons.I await comments and suggestions. As we say in American slang, bring iton! (But please be judicious with the trash talk.)Avi ArdittiSenior News Editor - Web EditorVoice of America, Special English BranchWashington, DC 20237 USA(202) 619-0927 | (202) 619-2543 faxaardit@voa.gov | www.voaspecialenglish.com | www.plainlanguage.gov",
            "docno": "lists-070-7366049",
            "received": "Thu Aug 29 08:16:22 2002",
            "isoreceived": "20020829121622",
            "sent": "ce",
            "isosent": "20020829121350",
            "name": "Gregg Vanderheiden",
            "email": "gv@trace.wisc.edu",
            "subject": "RE: Proposed 4.1 wording for discussion and new proposal",
            "id": "000101c24f55$8b6ee3f0$b6356880@GV6101",
            "charset": "us-ascii",
            "inreplyto": "005901c24957$00461310$7200000a&#64;patirsrv.patir.com",
            "expires": "-1",
            "to": " w3c-wai-gl@w3.org\n",
            "cc": " Bengt.Farre@androtech.se; Lisa Seeman\n"
        },
        {
            "body": "Except then you get into that gray area of what \"easily understood\" means.Reminds me of a Steven Wright joke where he said he got into an argument inVegas over what he considered an \"odd\" number.Chris O'KennonCommonwealth of Virginia Webmaster/VIPNet Portal Architectwww.myvirginia.org______________________________________\"When people are free to do as they please,they usually imitate each other.\"-----Original Message-----From: Lee Roberts [mailto:leeroberts@roserockdesign.com]Sent: Thursday, August 29, 2002 1:29 PMSubject: RE: fancy talk about \"plain language\" [was: RE: Proposed 4.1wording ...]I was thinking that perhaps instead of \"plain language\" we use \"easilyunderstood language\".  This would remove the connotation that \"it's onlyplain English\".  \"Easily understood language\" would meet the requirements ofany language and is also \"easily\" translated by machine translators.Just my two-cents.Lee-----Original Message-----From: w3c-wai-gl-request@w3.org [mailto:w3c-wai-gl-request@w3.org]OnBehalf Of Al GilmanSent: Thursday, August 29, 2002 8:36 AMSubject: fancy talk about \"plain language\" [was: RE: Proposed 4.1 wording...]At 08:13 AM 2002-08-29, Gregg Vanderheiden wrote:>Hmmmmm>>I think using a term  like  \"plain language\"  to mean more than>language (that is, including structure,  formatting,  illustration and>all other things that can be used to make writing easier to>understand).>>\"plain language\"   may be a term of art in some field,  but I would>think we might chose a term that translates more directly from the>words used to the meaning we intend.I don't think we're going to find anything better.In plain English the term for what we wish to connote is \"plain English.\"This fails the W3C ethical guideline \"insofar as possible avoid theappearance of bias with regard to language and national origin.\"As close to \"plain English\" as we can come in politically correct English is\"plain language.\"  I don't see us coming up with another way of saying thisbriefly which is both- as clear from a base in the most commonly used subset of English- sufficiently language-group neutralAlPS:For a term that applies across media an includes the expository-structurelanguages) as well as language structures, use \"vernacular idiom.\"But this concept, understood that broadly, is exotic.  This broad notiondoes not exist in the vernacular base of commonly understood notions.  ItsOK to use highfalutin' language for this idea, because it is an advancedconcept to begin with.PPS:Hypertext is a medium.  Web portal is a medium.Web Store (Amazon) is a genre, as is \"community hub\" (slashdot).  Idioms forpage organization exist at the level of site similarity group where you dosimilar things there.>Thanks.>>Gregg>>------------------------------------>Gregg Vanderheiden Ph.D.>Ind Engr - Biomed - Trace, Univ of Wis>gv@trace.wisc.edu>>>>>-----Original Message----->From: w3c-wai-gl-request@w3.org [mailto:w3c-wai-gl-request@w3.org] On>Behalf Of Lisa Seeman>Sent: Wednesday, August 21, 2002 4:09 PM>To: 'Avi Arditti'; w3c-wai-gl@w3.org>Cc: Bengt.Farre@androtech.se; 'Lisa Seeman'>Subject: Proposed 4.1 wording for discussion and new proposal>>>I very much liked the simplification of Checkpoint 4.1 to  \"Use plain>language\" I think it implies all the considerations that we had in>wording this checkpoint. If using simpler word has changed the meaning>of the sentence>then you are not using plain language, but rubbish (be it simple>rubbish).>Plain language implies some ((un)common since.>>In terms of the success criteria, the list is still incomplete as we>are aweighting the complete list from Ben, But its layout is>interesting. It does not follow the formulary for success>criteria that we have been working on at all. But does follow the spirit>of>the success criteria so eloquently described by Jason - who I will now>attempt to misquote....>>Level one implies they you have attempted to address these issues, some>what. Level two is were you have taken it to a further level, and level>three is were you have done everything you could do. (sorry Jason, I>just do not have your eloquence)>>Other then that I have (of course) problems with the wording of the>both the list and the success criteria. But the approach is an>interesting one.>>I would make the levels at (this is the new proposal bit) : success>criteria level one: Adopting consistently (Implementing ) a quarter>of the elements listed below,>success criteria  level two: Implementing half elements listed below,>success criteria  level three : Implementing all the elements listed>bellow>( the whole thing) OR a format/extra information that allowed automatic>and>correct conversion to plain language (yup - ILS).>>Then we need only include in the list testable criteria, but with no>concern for appropriateness.>>The beauty of this approach is that on every page you can find 1/4>plain language ideas that work and are suitable, even if any one by>themselves can not be applied across the board. If this is not the>case, then 1/4 is too>high and we make lower - until we get something workable.>>Flexible, robust and enduring...>>All the best,>>Lisa Seeman>>UnBounded Access>>Widen the World Web>>http://www.UBaccess.com>>>>-----Original Message----->From: Avi Arditti [mailto:aardit@voanews.com]>Sent: Tuesday, August 20, 2002 4:28 PM>To: w3c-wai-gl@w3.org>Cc: Bengt.Farre@androtech.se; Lisa Seeman>Subject: Re: Proposed 4.1 wording for discussion>>>Greetings to all,>>I would like to propose some ideas for checkpoint 4.1 in an effort to>revive and narrow the discussion. What I have written incorporates>ideas that Bengt, Lisa (by phone) and I discussed at the Linz f2f. It>also incorporates some wording from the current draft of 2.0. And it>attempts to deal with concerns raised during telecons.>>I await comments and suggestions. As we say in American slang, bring it>on! (But please be judicious with the trash talk.)>>Avi Arditti>Senior News Editor - Web Editor>Voice of America, Special English Branch>Washington, DC 20237 USA>(202) 619-0927 | (202) 619-2543 fax>aardit@voa.gov | www.voaspecialenglish.com | www.plainlanguage.gov",
            "docno": "lists-070-7417827",
            "received": "Thu Aug 29 13:38:20 2002",
            "isoreceived": "20020829173820",
            "sent": "Thu, 29 Aug 2002 13:38:34 -0400",
            "isosent": "20020829173834",
            "name": "Chris O'Kennon",
            "email": "chris@vipnet.org",
            "subject": "RE: fancy talk about &quot;plain language&quot; [was: RE: Proposed 4.1   wo rding ...]",
            "id": "oms of genres (such as title-bar at the top, navbar on the left in LTR",
            "inreplyto": "fancy talk about &quot;plain language&quot; [was: RE: Proposed 4.1   wo rding ...]",
            "expires": "-1",
            "to": " gv@trace.wisc.edu; 'Lisa Seeman'; 'Avi Arditti'; w3c-wai-gl@w3.org\n",
            "cc": " Bengt.Farre@androtech.se\n"
        },
        {
            "body": "I very much liked the simplification of Checkpoint 4.1 to  \"Use plainlanguage\"I think it implies all the considerations that we had in wording thischeckpoint. If using simpler word has changed the meaning of the sentencethen you are not using plain language, but rubbish (be it simple rubbish).Plain language implies some ((un)common since.In terms of the success criteria, the list is still incomplete as we areaweighting the complete list from Ben,But its layout is interesting. It does not follow the formulary for successcriteria that we have been working on at all. But does follow the spirit ofthe success criteria so eloquently described by Jason - who I will nowattempt to misquote....Level one implies they you have attempted to address these issues, somewhat. Level two is were you have taken it to a further level, and levelthree is were you have done everything you could do. (sorry Jason, I just donot have your eloquence)Other then that I have (of course) problems with the wording of the both thelist and the success criteria. But the approach is an interesting one.I would make the levels at (this is the new proposal bit) :success criteria level one: Adopting consistently (Implementing ) a quarterof the elements listed below,success criteria  level two: Implementing half elements listed below,success criteria  level three : Implementing all the elements listed bellow( the whole thing) OR a format/extra information that allowed automatic andcorrect conversion to plain language (yup - ILS).Then we need only include in the list testable criteria, but with no concernfor appropriateness.The beauty of this approach is that on every page you can find 1/4 plainlanguage ideas that work and are suitable, even if any one by themselves cannot be applied across the board. If this is not the case, then 1/4 is toohigh and we make lower - until we get something workable.Flexible, robust and enduring...All the best,Lisa SeemanUnBounded AccessWiden the World Webhttp://www.UBaccess.com-----Original Message-----From: Avi Arditti [mailto:aardit@voanews.com]Sent: Tuesday, August 20, 2002 4:28 PMSubject: Re: Proposed 4.1 wording for discussionGreetings to all,I would like to propose some ideas for checkpoint 4.1 in an effort torevive and narrow the discussion. What I have written incorporates ideasthat Bengt, Lisa (by phone) and I discussed at the Linz f2f. It alsoincorporates some wording from the current draft of 2.0. And it attemptsto deal with concerns raised during telecons.I await comments and suggestions. As we say in American slang, bring iton! (But please be judicious with the trash talk.)Avi ArdittiSenior News Editor - Web EditorVoice of America, Special English BranchWashington, DC 20237 USA(202) 619-0927 | (202) 619-2543 faxaardit@voa.gov | www.voaspecialenglish.com | www.plainlanguage.gov",
            "docno": "lists-070-6660320",
            "received": "Wed Aug 21 07:09:07 2002",
            "isoreceived": "20020821110907",
            "sent": "Wed, 21 Aug 2002 14:09:09 -0700",
            "isosent": "20020821210909",
            "name": "Lisa Seeman",
            "email": "seeman@netvision.net.il",
            "subject": "Proposed 4.1 wording for discussion and new proposal",
            "id": "005901c24957$00461310$7200000a@patirsrv.patir.com",
            "charset": "US-ASCII",
            "inreplyto": "3D62D07D.A173D2&#64;voanews.com",
            "expires": "-1",
            "to": " w3c-wai-gl@w3.org\n",
            "cc": " Bengt.Farre@androtech.se; Lisa Seeman\n"
        },
        {
            "body": "Let  me explain why I liked my proposal.One of the problems we came across in setting 4.1 criteria was how widelyapplicable each criteria is, especially when we have made them testable,which removes  vaigness such as \"aviode\" or \"reduce\".For example: Can we require short words on a disertation? can we require\"providing summaries\" on an ecommerce site or download page.The result was that we alowed a title to suffice as a summary. But a cleartitle should be a separate item as it is so often an inadequate Summary.The result is we were left with very few and  inadequate   level onecriteria for 4.1. - a good title and that was about it.By requiring a percentage of items at different levels (what ever percentagewe find works), we can  create criteria more specific and testable - andhave them included in some way at level one. We could word the requirementthat the web author should select the X% of items that they consider themost appropriate and helpful for their content (not just the easiest)It is a practical suggestion, biased on the real concerns of addressing 4.1success criteria level. Not a theoretical suggestion.This is a way of allowing more items to be included in  level 1, and Peaplecan choose items that are relevant to their site.All the best,Lisa SeemanUnBounded AccessWiden the World Webhttp://www.UBaccess.com-----Original Message-----From: john_slatin [mailto:john_slatin@forum.utexas.edu]Sent: Wednesday, August 21, 2002 9:32 AMSubject: RE: Proposed 4.1 wording for discussion and new proposalThanks, Lisa.  I apologize for not having provided a rationale.  Here goes:All of the items that Avi listed can help authors make their work moreunderstandable.  But I don't think they're all equal, so I worry that merelycounting them won't be as effective as carefull choosing the ones that aremost likely to have impact for a particular document.So it might be useful to assign certain items in the list to the variousconformance levels.  For example, providing summaries and using bulletedlists instead of long, comma-separated series might be well placed atminimum level, while using grammar and syntax that support translatabilitymight be a level 3 item.JohnJohn Slatin, Ph.D.Director, Institute for Technology & LearningUniversity of Texas at AustinFAC 248C, Mail code G9600Austin, TX 78712ph 512-495-4288, f 512-495-4524web http://www.ital.utexas.edu-----Original Message-----From: Lisa Seeman [mailto:seeman@netvision.net.il]Sent: Wednesday, August 21, 2002 9:07 pmSubject: RE: Proposed 4.1 wording for discussion and new proposal>but it seems too mechanical a solution to be trulyeffective.What does that mean in practice?Whyall the best,LisaJohnJohn Slatin, Ph.D.Director, Institute for Technology & LearningUniversity of Texas at AustinFAC 248C, Mail code G9600Austin, TX 78712ph 512-495-4288, f 512-495-4524web http://www.ital.utexas.edu-----Original Message-----From: Lisa Seeman [mailto:seeman@netvision.net.il]Sent: Wednesday, August 21, 2002 4:09 pmSubject: Proposed 4.1 wording for discussion and new proposalI very much liked the simplification of Checkpoint 4.1 to  \"Use plainlanguage\" I think it implies all the considerations that we had in wordingthis checkpoint. If using simpler word has changed the meaning of therubbish). Plain language implies some ((un)common since.In terms of the success criteria, the list is still incomplete as we areaweighting the complete list from Ben, But its layout is interesting. Itdoes not follow the formulary for success criteria that we have been workingon at all. But does follow the spirit of the success criteria so eloquentlydescribed by Jason - who I will now attempt to misquote....Level one implies they you have attempted to address these issues, somewhat. Level two is were you have taken it to a further level, and levelthree is were you have done everything you could do. (sorry Jason, I just donot have your eloquence)Other then that I have (of course) problems with the wording of the both thelist and the success criteria. But the approach is an interesting one.I would make the levels at (this is the new proposal bit) : success criterialevel one: Adopting consistently (Implementing ) a quarter of the elementslisted below, success criteria  level two: Implementing half elements listedbelow, success criteria  level three : Implementing all the elements listedbellow ( the whole thing) OR a format/extra information that allowedautomatic and correct conversion to plain language (yup - ILS).Then we need only include in the list testable criteria, but with no concernfor appropriateness.The beauty of this approach is that on every page you can find 1/4 plainlanguage ideas that work and are suitable, even if any one by themselves cannot be applied across the board. If this is not the case, then 1/4 is toohigh and we make lower - until we get something workable.Flexible, robust and enduring...All the best,Lisa SeemanUnBounded AccessWiden the World Webhttp://www.UBaccess.com-----Original Message-----From: Avi Arditti [mailto:aardit@voanews.com]Sent: Tuesday, August 20, 2002 4:28 PMSubject: Re: Proposed 4.1 wording for discussionGreetings to all,I would like to propose some ideas for checkpoint 4.1 in an effort to reviveand narrow the discussion. What I have written incorporates ideas thatBengt, Lisa (by phone) and I discussed at the Linz f2f. It also incorporatessome wording from the current draft of 2.0. And it attempts to deal withconcerns raised during telecons.I await comments and suggestions. As we say in American slang, bring it on!(But please be judicious with the trash talk.)Avi ArdittiSenior News Editor - Web EditorVoice of America, Special English BranchWashington, DC 20237 USA(202) 619-0927 | (202) 619-2543 faxaardit@voa.gov | www.voaspecialenglish.com | www.plainlanguage.gov",
            "docno": "lists-070-6726151",
            "received": "Wed Aug 21 13:43:51 2002",
            "isoreceived": "20020821174351",
            "sent": "ce then you are not using plain language, but rubbish (be it simple",
            "isosent": "20020822034348",
            "name": "Lisa Seeman",
            "email": "jslatin@mail.utexas.edu",
            "subject": "RE: Proposed 4.1 wording for discussion and new proposal",
            "id": "002101c2498e$225b7d00$7200000a@patirsrv.patir.com",
            "charset": "iso-8859-1",
            "inreplyto": "6AC4E20EED49D411941400D0B77E52F0074B9594&#64;forum.cc.utexas.edu",
            "expires": "-1",
            "to": " w3c-wai-gl@w3.org\n",
            "cc": " Bengt.Farre@androtech.se; Lisa Seeman\n"
        },
        {
            "body": "Dear Wendy,I am attaching some comments on WCAG 2.0 (put together by my colleague DavidPoulson with also some input from myself) which I hope the working groupwill be useful.  The WWAAC project is working on specific success criteriaand advisory recommendations for making the content understandable forpeople with communication or cognitive impairments, and I hope we can giveyou more input at a later date.Best wishes from a very wet and windy Loughborough,ColetteColette NicolleResearch FellowErgonomics and Safety Research Institute (ESRI)Loughborough UniversityHolywell BuildingHolywell WayLoughborough, LeicestershireLE11 3UZDirect Dial: +44 (0)1509 283369Email: c.a.nicolle@lboro.ac.ukhttp://www.lboro.ac.uk/esri/> -----Original Message-----> From: Wendy A Chisholm [mailto:wendy@w3.org]> Sent: 21 September 2002 02:27> To: Colette Nicolle; Doeko Hekstra; Bengt Farre> Subject: Request for Review: WCAG 2.0 Working Draft>>> Dear Colette, Doeko, and Bengt,>> I'm sure Bengt has informed you of the latest working draft,> but I wanted> to pass along a form letter to encourage review and response by the> WWAAC.  I enjoyed our meeting this summer and look forward to future> discussions.>> The Web Content Accessibility Guidelines Working Group (WCAG> WG) at W3C has> recently published an updated Working Draft of \"Web Content> Accessibility> Guidelines 2.0\" (WCAG 2.0). It is available at:>          http://www.w3.org/TR/2002/WD-WCAG20-20020822/>> We'd be very interested to know your thoughts on this draft.> Some of the> questions you might want to comment on include:>>          1.  In general, is this WCAG 2.0 Working Draft easy to> understand?  Please identify sections or phrases that are> difficult to> understand.  Please suggest alternative wording for us to consider.>>          2.  The priority structure of this WCAG 2.0 Working> Draft differs> from WCAG 1.0.   Is this structure easy to understand?  Would> it be effective?\">>          3.  If your site already uses WCAG 1.0, do you think> it would be> difficult to migrate from WCAG 1.0 to WCAG 2.0? What would make it> easier?  Please note that supporting documents, such as> technology-specific> techniques documents, are not yet available.>> Please send your comments by October 18, 2002, to:>          w3c-wai-gl@w3.org> The archive for that mailing list is available at:>          http://lists.w3.org/Archives/Public/w3c-wai-gl/>> There is also a \"Requirements for WCAG 2.0\" document on which you are> invited to comment. The Requirements document explains the> changes that the> Working Group is trying to make in WCAG 2.0 based on feedback> from WCAG> 1.0, including improving the usability, understandability, and> applicability of the guidelines. It is available at:>        http://www.w3.org/TR/wcag2-req/>> While we expect WCAG 2.0 to go through several additional> drafts, comments> at this stage of development of the document are likely to> have more impact> on the document. Additional information on the Working Group> is available at:>          http://www.w3.org/WAI/GL/>> When sending comments, please:>          - State the issue as clearly and simply as possible.>          - Provide links to specific examples or references.>          - Suggest solutions if possible.>          - Remember that we welcome volunteers to help with the work.>> When waiting for responses to comments:>         - Track your issue in the open issues list>         - Follow up on the mailing list if you don't find> your issue in the> open issues list.>          http://www.w3.org/WAI/GL/wcag20-issues.html>> Please let me know if you have any questions. Many thanks in> advance for> your comments,>>   - Wendy Chisholm, W3C>     Team Contact for the WCAG WG>> --> wendy a chisholm> world wide web consortium> web accessibility initiative> seattle, wa usa> /--> --> wendy a chisholm> world wide web consortium> web accessibility initiative> seattle, wa usa> /-->application/msword attachment: Comments_on_W3C.doc",
            "docno": "lists-070-9280349",
            "received": "Tue Oct 15 11:24:29 2002",
            "isoreceived": "20021015152429",
            "sent": "Tue, 15 Oct 2002 16:24:17 +0100",
            "isosent": "20021015152417",
            "name": "Colette Nicolle",
            "email": "c.a.nicolle@lboro.ac.uk",
            "subject": "RE: Request for Review: WCAG 2.0 Working Draft",
            "id": "C163AF115A71D511B3ED00508BE94A214C1BB8@maverick.lut.ac.uk",
            "inreplyto": "Request for Review: WCAG 2.0 Working Draft",
            "expires": "-1",
            "to": "\"'w3c-wai-gl@w3.org'\"<w3c-wai-gl@w3.org>\n",
            "cc": " Tuomo Riihimaki<tuomo.riihimaki@modemo.fi>, Aleid Hekstra<edpc@handicom.nl>, Andrew Lysley<lysley@ace-centre.org.uk>, Bengt Farre<Bengt.Farre@androtech.se>, Doeko Hekstra<doeko@handicom.nl>, Eva Holmqvist<eva.holmqvist@vgregion.se>, Henk Klunder<henk@handicom.nl>, Lars Nordberg<larsnordberg@dof.se>, Mats Lundalv<mats.lundalv@vgregion.se>, Michele<michelle@modemo.fi>, Mieke<mieke@handicom.nl>, Mike Clarke<mclarke@sergentclarke.freeserve.co.uk>, Mike Clarke<clarke@ace-centre.org.uk>, Palle Madsen<palle.madsen@it.dk>, Sheri Hunnicutt<sheri@speech.kth.se>, Tina Magnuson<tina@speech.kth.se>, David Poulson<d.f.poulson@lboro.ac.uk>, Colette Nicolle<c.a.nicolle@lboro.ac.uk>\n"
        }
    ]
}