{
    "id": "candidate-0371",
    "name": "Tom Croucher",
    "gender": "MALE",
    "email": "tom.croucher@sunderland.ac.uk",
    "mails": [
        {
            "body": "Regrets.John\"Good design is accessible design.\"Please note our new name and URL!John Slatin, Ph.D.Director, Accessibility InstituteUniversity of Texas at AustinFAC 248C1 University Station G9600Austin, TX 78712ph 512-495-4288, f 512-495-4524web http://www.utexas.edu/research/accessibility/-----Original Message-----From: w3c-wai-gl-request@w3.org [mailto:w3c-wai-gl-request@w3.org] OnBehalf Of Tom CroucherSent: Wednesday, April 28, 2004 5:32 amSubject: Regrets: 28/04Something urgent just came up and I may not be able to make the calltoday.Regards,Tom",
            "docno": "lists-072-0023389",
            "received": "Wed Apr 28 09:22:31 2004",
            "isoreceived": "20040428132231",
            "sent": "Wed, 28 Apr 2004 08:21:06 -0500",
            "isosent": "20040428132106",
            "name": "John M Slatin",
            "email": "jslatin@mail.utexas.edu",
            "subject": "RE: Regrets: 28/04",
            "id": "C46A1118E0262B47BD5C202DA2490D1A0183AEE4@MAIL02.austin.utexas.edu",
            "charset": "us-ascii",
            "inreplyto": "Regrets: 28/04",
            "expires": "-1",
            "to": " w3c-wai-gl@w3.org\n"
        },
        {
            "body": "> Roberto C:> Well, let's try not to make this process too complicated, and to make> everyone understand that we're building it up to give developers much> more> possibilities to get WCAG conformance. We should be able to present it> as an> opportunity rather than a bureaucratic constraint.Indeed, however it is necessary to ensure as much as possible people areusing good solid techniques. The idea behind this proposal is that thecomparitively few accessibility experts will provide and validate thetechniques used by the masses. This gives us the best of both worlds,techniques that have been through QA but without causing individualdevelopers to jump through hoops.Obviously we don't want to make the QA methodology too hard either, but itdoes need to be rigerous to have any merit.Tom",
            "docno": "lists-072-9298579",
            "received": "Wed Mar 17 18:19:41 2004",
            "isoreceived": "20040317231941",
            "sent": "Wed, 17 Mar 2004 23:15:20 +0000",
            "isosent": "20040317231520",
            "name": "Tom Croucher",
            "email": "tom.croucher@sunderland.ac.uk",
            "subject": "Re: R: Proposal for WCAG conformance mechanism.",
            "id": "opr4037uqmdodsfl@eris.icet.co.uk",
            "charset": "iso-8859-1",
            "inreplyto": "404709D80032DB5C&#64;eta.mail.fw",
            "expires": "-1",
            "to": " Roberto Castaldo<r.castaldo@iol.it>,\"w3c-wai-gl@w3.org\"<w3c-wai-gl@w3.org>\n"
        },
        {
            "body": "Sorry I'll be travelling to our projects final reviewAndy Judson.> -----Original Message-----> From: Tom Croucher [mailto:tom.croucher@sunderland.ac.uk]> Sent: 09 June 2004 11:07> To: w3c-wai-gl@w3.org> Subject: Regrets 09/06>>>> Sorry I am meeting Yvette, I might be back in time for the last hour.>> --> Tom Croucher> Human Computer Systems Group, University of Sunderland /> Codeworks NITRO> http://www.codeworksnitro.net>",
            "docno": "lists-072-4605489",
            "received": "Wed Jun  9 08:38:57 2004",
            "isoreceived": "20040609123857",
            "sent": "Wed, 9 Jun 2004 13:39:38 +0100 ",
            "isosent": "20040609123938",
            "name": "judson",
            "email": "judson@computing.dundee.ac.uk",
            "subject": "RE: Regrets 09/06",
            "id": "31C6D68FA597D411B04D00E02965883B02566FA3@mailhost",
            "inreplyto": "Regrets 09/06",
            "expires": "-1",
            "to": "\"'w3c-wai-gl@w3.org'\"<w3c-wai-gl@w3.org>\n"
        },
        {
            "body": "Not forget its one of my action items and I have been working on it with aPhd Student. Al also suggested Industry Canada at the f2f at the TP, whichwas well recieved there.I will try to hurry it up. However we need something formal enough to notjust do what is regular with personae (and indeed what we have for thedeveloper personae) which is have main types, but something complete.These are going to be used for validation of our performance andfullfilment of the needs of PwDs. That is why it is taking some time.Tom",
            "docno": "lists-072-9291513",
            "received": "Wed Mar 17 18:14:23 2004",
            "isoreceived": "20040317231423",
            "sent": "Wed, 17 Mar 2004 23:10:02 +0000",
            "isosent": "20040317231002",
            "name": "Tom Croucher",
            "email": "tom.croucher@sunderland.ac.uk",
            "subject": "Re: Personae",
            "id": "opr403y0uqdodsfl@eris.icet.co.uk",
            "charset": "iso-8859-1",
            "inreplyto": "Personae",
            "expires": "-1",
            "to": "w3c-wai-gl@w3.org\n"
        },
        {
            "body": "Jens said:> well, of course there are things to be considered when using JavaScript.> Unfortunately, I'm somewhat disposed, but you should at least regard that> you don't generate markup via JS (a fact several 'natural persons' and> 'corporate bodies' often disobey) since that markup's just not present using> any UA not capable (anymore) of JS, of course not.I don't entirely agree with this. I view JavaScript as a means to provideconvenience rather than exclusive function. However one of the mostaccessible ways I know to do it is have JavaScript generate the elementswhich are providing that functionality. For example if you have a buttonwhich links to javascript.this.print(); then if it is also generated withJavaScript only the people able to use it will have it included in theircontent. In this way I think it is extremely valid to provide redundant ormore convenient functionality which is also provided by some other server oruser agent function.Tom",
            "docno": "lists-071-16569704",
            "received": "Thu Apr 22 10:58:05 2004",
            "isoreceived": "20040422145805",
            "sent": "Thu, 22 Apr 2004 15:57:24 +0100",
            "isosent": "20040422145724",
            "name": "Tom Croucher",
            "email": "tom.croucher@sunderland.ac.uk",
            "subject": "Re: javascript accessibility",
            "id": "BCAD9BE4.4960%tom.croucher@sunderland.ac.uk",
            "charset": "US-ASCII",
            "inreplyto": "javascript accessibility",
            "expires": "-1",
            "to": "w3c-wai-gl@w3.org\n"
        },
        {
            "body": "Sorry I am meeting Yvette, I might be back in time for the last hour.--Tom CroucherHuman Computer Systems Group, University of Sunderland / Codeworks NITROhttp://www.codeworksnitro.net",
            "docno": "lists-072-4598664",
            "received": "Wed Jun  9 06:06:36 2004",
            "isoreceived": "20040609100636",
            "sent": "Wed, 09 Jun 2004 11:06:03 +0100",
            "isosent": "20040609100603",
            "name": "Tom Croucher",
            "email": "tom.croucher@sunderland.ac.uk",
            "subject": "Regrets 09/06",
            "id": "BCEC9F9B.55D4%tom.croucher@sunderland.ac.uk",
            "charset": "US-ASCII",
            "expires": "-1",
            "to": "w3c-wai-gl@w3.org\n"
        },
        {
            "body": "Hi Everyone,Sorry for the length of this text, but this has been a bit of a hard conceptto express.Tom---This is a proposal developed by Tom Croucher and Michael Cooper to provide anormative mechanism for ensuring compliance with the WCAG without arequirement for us to provide normative techniques documents. We suggestinstead a normative process for verifying techniques that have been applied.The problem we face is that the ability to claim conformance to the WCAGwill be important to many consumers. Since WCAG 2 is technology-agnostic,there is no direct way for many of the guidelines that one can achieveconformance except via implementation in a specific technology. This hasraised the issue that particular technology implementation techniques forWCAG need to be considered sufficient for conformance. One mechanism thathas been proposed is that Checklists of technology-specific techniques benormative.In discussion with the Techniques Task Force, we consider normativechecklists highly undesirable. The checklists are closely tied to thetechniques themselves. The techniques should not be normative for a fewreasons:* we would require authors to apply only the techniques we happen to haveconsidered and could preclude other viable ways of conforming to WCAG;* we would have to go through a more stringent process to update techniques,dramatically increasing the likelihood that the techniques will fall behindthe level of current technology, which is one of the things thetechnology-agnostic structure of WCAG was designed to avoid;* we would preclude WCAG conformance for any technology for which we havenot provided techniques, whether as a result of lack of resources or becausethe technology is not an open standard.However, we are aware that the techniques as currently conceived areintended to fulfill some normative requirements of WCAG. For instance, thedetermination of the testability of a guideline is likely to be made throughour ability to create techniques for the guideline, and test files for thetechniques against which demonstrations of our testability requirements canbe made (including an acceptable degree of inter-rater reliability). Weintend that the techniques we create will fulfill these requirements (inspite of not being normative). The challenge is to provide a way to ensurethat people using techniques not created by us will have the same assuranceof WCAG conformance.The proposal is to make a normative conformance requirement that web sitesuse only techniques that have demonstrable proof that they have followed asufficiently rigorous QA process to ensure that they do, in fact, meet theWCAG requirement. This is, in practice, asking web sites to show that theycan prove all the techniques used for the accessibility of their contenthave been tested with due diligence. This, of course, does not precludechecking that all content can be proved to be accessible under the successcriteria of the main set of guidelines, it merely adds a more manageableapproach to checking conformance.This proposal would require the guidelines to provide a skeleton model of aQA process for technique development. This would likely be drawn from themethods already in use for validating the techniques and techniquesdocuments. This skeleton model would then be used as a basis for QAmethodologies used to validate techniques used in conformance claims. Sitesclaiming WCAG conformance would be expected to be able to prove on demandthat their techniques have been tested and determined to meet ourinter-rater reliability requirements. This process would not impose anyspecific additional requirements on the nature of conforming content and wedo not propose to require there be a statement on the site indicating theyhave followed this process. But if the site claims WCAG conformance and thatis challenged, documentation of the testing process would need to beprovided. Of course, sites that choose simply to use our own techniquescould simply refer to documentation we would provide as part of ourtechniques development process.This proposal is certainly not complete, and there are known challenges (#1:is it really ok to make a normative requirement for a process, not astate?). But it does seem that it provides a way out of the extremelyundesirable alternative of making techniques and checklists normative.",
            "docno": "lists-072-9190811",
            "received": "Wed Mar 17 09:57:34 2004",
            "isoreceived": "20040317145734",
            "sent": "Wed, 17 Mar 2004 14:57:02 +0000",
            "isosent": "20040317145702",
            "name": "Tom Croucher",
            "email": "tom.croucher@sunderland.ac.uk",
            "subject": "Proposal for WCAG conformance mechanism.",
            "id": "BC7E17BE.426A%tom.croucher@sunderland.ac.uk",
            "charset": "US-ASCII",
            "expires": "-1",
            "to": "w3c-wai-gl@w3.org\n"
        },
        {
            "body": "On the whole, Sidar agrees that the results are important todetermining conformance, and that it is beyond the capability of theWCAG group to exhaustively list every possible technique for achievingthose results.I think the approach being taken by EuroAccessibility to make itclearer whether or not conformance has been achieved to WCAG 1.0 seemsa good model to continue with. Essentially it breaks down checkpointsinto more specific questions, which may or may not apply depending onthe technology used, the content in question, etc. Identifying therequirements first at a general level, and then at a more detailedlevel, and testing that these different levels actually match, seemsthe work of the WCAG group.I'm not convinced that some QA process can be adequately specified toensure that something meets a set of requirements unless that set ofrequirements is clearly detailed enough to test them directly.Beyond this, I repeat the position of the Sidar group studying WCAG2 inspanish, that until the working group has identified the requirementson content it is not ready to consider assigning priorities toparticular requirements, and I add that WCAG should not be overlyconcerned about particular conformance schemes, until that point.cheersChaalsOn 18 Mar 2004, at 01:57, Tom Croucher wrote:> This is a proposal developed by Tom Croucher and Michael Cooper to> provide a> normative mechanism for ensuring compliance with the WCAG without a> requirement for us to provide normative techniques documents. We> suggest> instead a normative process for verifying techniques that have been> applied.--Charles McCathieNevile                          Fundaci?n Sidarcharles@sidar.org                                http://www.sidar.org",
            "docno": "lists-072-9599471",
            "received": "Mon Mar 22 19:56:56 2004",
            "isoreceived": "20040323005656",
            "sent": "Tue, 23 Mar 2004 11:54:09 +1100",
            "isosent": "20040323005409",
            "name": "Charles McCathieNevile",
            "email": "charles@sidar.org",
            "subject": "Re: Proposal for WCAG conformance mechanism.",
            "id": "97F1572C-7C64-11D8-8D42-000A958826AA@sidar.org",
            "charset": "ISO-8859-1",
            "inreplyto": "BC7E17BE.426A%tom.croucher&#64;sunderland.ac.uk",
            "expires": "-1",
            "cc": "w3c-wai-gl@w3.org\n",
            "to": " Tom Croucher<tom.croucher@sunderland.ac.uk>\n"
        },
        {
            "body": ">> Agreed> You don't want a comprehensive set of personae.  Too many.>Gregg>> No. By definition we're not trying for maximum inclusion; personae are> models. We merely need a reasonable cross-section of WCAG 2.0 target> groups. Personae are an adjunct to other methods of usability testing and> are not the sole such method. If you leave a certain category out of> personae, you can test for usability for that category elsewhere.>>  Joe Clark  |  joeclark@joeclark.orgSorry Gents,That is usually the model for personae, but in this case I disagree. Ithink we should treat personae like use cases in this instance. A personaedoes not actually have to be an actual abstract person a generaliseddemongraphic can act as the personae. I think we just need to be aware ofall the possible problems PwDs have, and we need to be checking that weare either fulfilling them or not and justifying both cases. This might becontroversial. However I think it is the most honest way to address the QAissue. How can we be sure we have actually addressed PwDs' needs unless wehave formally specified them for comparison with what the guidelinesaddress?Tom",
            "docno": "lists-072-9529629",
            "received": "Fri Mar 19 10:34:01 2004",
            "isoreceived": "20040319153401",
            "sent": "Fri, 19 Mar 2004 15:29:34 +0000",
            "isosent": "20040319152934",
            "name": "Tom Croucher",
            "email": "tom.croucher@sunderland.ac.uk",
            "subject": "RE: Personae",
            "id": "opr437zkp1dodsfl@eris.icet.co.uk",
            "charset": "iso-8859-1",
            "inreplyto": "Personae",
            "expires": "-1",
            "to": "w3c-wai-gl@w3.org\n"
        },
        {
            "body": "On 23/4/04 9:24 am, \"Jens Meiert\" <jens.meiert@erde3.com> wrote:>> I don't entirely agree with this. I view JavaScript as a>> means to provide convenience rather than exclusive function.>> It's not convenient to write out parts of a document if they are crucial but> not present for UAs being not capable of or not using JS. It's bad coding> style, too.>I agree that writing actual content with JS is a heinous crime, but as atool to provide a convenience I think it is most valid. I meant of courseconvenience to the user in terms of the sophistication of the site widgets.>> However one of the most accessible ways I know to do it is>> have JavaScript generate the elements which are providing>> that functionality.>> It's a difference whether you /generate/ them (elements) or whether you> /hide/ them until a specific event occurs (e.g., via CSS). The latter is> more elegant (though not inevitably good), so I disagree. (My conclusion is> a bit global, but generally applies.)>It depends on the context, I am writing a script for the techniquessubmission form which will hide elements which in a drop down menu accordingto a selection from a previous menu. However in the mark-up all the itemsexist for all users because everyone needs to see them, with JS enabled ornot.However if you have some functionality which JS can do without a pagereload, then I think it is reasonable to use that (such as saving usingWebDav to talk to the server in a browser WYSIWYG editor). As long as, ofcourse, the functionality is still available to all users via a servermechanism.>> For example if you have a button which links to>> javascript.this.print(); then if it is also generated with>> JavaScript only the people able to use it will have it>> included in their content.>> Well, if you use JS to offer functionality only available with JS, it might> be okay (if you really limit your scripting efforts to this specific action> and don't 'generate' all buttons with JS, for example). By the way, this> example 'limps' since you seem to copy browser functionality.>I think it is more than okay, I think it is extremely important to not showusers navigation or page controls they can't use. As for a limping example,I think my point was any JS used on a page should be duplicate, either fromthe browser or the server.>> In this way I think it is>> extremely valid to provide redundant or more convenient>> functionality which is also provided by some other server>> or user agent function.>> I disagree. It might be pretty convenient if you can print a document> pressing one of fifty buttons available in a document, but hence, what do> you print? (I exaggerate, I know.) -- And 'valid' are many approaches in Web> development (though not most right now), but that doesn't mean they are> useful or reasonable.>Implying that using JS is the same as bad UI design is silly. Having an iconwhich simplifies people's model of site interactions (such as the verycommon action of printing) is a good thing, at least if it is used site wide(I work with content management systems).You can create bad usability (and are probably more likely to in some areas)with the minimal available tools in plain HTML. An example being overly longline lengths for reading without using max-width in CSS. Adding widgets andfeatures which makes sites rich in interaction is not a bad thing, it justneeds to be done properly.Regards,Tom CroucherResearch AssistantUniversity of Sunderland",
            "docno": "lists-071-16621128",
            "received": "Fri Apr 23 07:39:14 2004",
            "isoreceived": "20040423113914",
            "sent": "Fri, 23 Apr 2004 12:37:38 +0100",
            "isosent": "20040423113738",
            "name": "Tom Croucher",
            "email": "tom.croucher@sunderland.ac.uk",
            "subject": "Re: javascript accessibility",
            "id": "BCAEBE92.497C%tom.croucher@sunderland.ac.uk",
            "charset": "US-ASCII",
            "inreplyto": "31794.1082708665&#64;www51.gmx.net",
            "expires": "-1",
            "to": " Jens Meiert<jens.meiert@erde3.com>\n",
            "cc": "w3c-wai-gl@w3.org\n"
        },
        {
            "body": "Tom and Michael,Thanks. This is an interesting proposal.You identified one issue:>...there are known challenges (#1:>is it really ok to make a normative requirement for a process, not a>state?).Are there other issues that you are aware of?I like the idea of looking at the design process rather than just lookingat the outcome.   However, I'm having a hard time imagining how we wouldimplement it. So, help me out:1. Do you think it should be a new guideline or success criterion or partof our conformance scheme or something else?2. Would the \"skeleton model of a QA process for technique development\" bein the guidelines or in the techniques gateway or in technology-specificsor elsewhere? If in the guidelines, would it be a (using the currentconformance scheme) level 1, level 2 or level 3 requirement?3. Could you provide examples of statements that might be used to make anormative requirement for a process?4. What are examples of statements that would be in a \"skeleton model of aQA process for technique development?\"5. How would we test the process that we define to ensure that following itcreates content that conforms to the success criteria?6. Is a normative WCAG evaluation process the answer to the needs ofauthoring tool/development environment/cms developers trying to implementATAG?7. How would policy makers react to a normative evaluation process?8. Previously, we've thought about creating decision trees instead of or inaddition to technology-specifics checklists.  Is this proposal similar butnot technology-specific?Thanks,--wendy--wendy a chisholmworld wide web consortiumweb accessibility initiativehttp://www.w3.org/WAI//--",
            "docno": "lists-072-9404926",
            "received": "Thu Mar 18 20:59:40 2004",
            "isoreceived": "20040319015940",
            "sent": "Thu, 18 Mar 2004 20:59:34 -0500",
            "isosent": "20040319015934",
            "name": "Wendy A Chisholm",
            "email": "wendy@w3.org",
            "subject": "Re: Proposal for WCAG conformance mechanism.",
            "id": "5.2.0.9.2.20040318204010.01b3d2c0@localhost",
            "charset": "us-ascii",
            "inreplyto": "BC7E17BE.426A%tom.croucher&#64;sunderland.ac.uk",
            "expires": "-1",
            "to": " Tom Croucher<tom.croucher@sunderland.ac.uk>,w3c-wai-gl@w3.org,michaelc@watchfire.com\n"
        },
        {
            "body": "Something urgent just came up and I may not be able to make the call today.Regards,Tom",
            "docno": "lists-072-0000000",
            "received": "Wed Apr 28 06:33:08 2004",
            "isoreceived": "20040428103308",
            "sent": "Wed, 28 Apr 2004 11:32:28 +0100",
            "isosent": "20040428103228",
            "name": "Tom Croucher",
            "email": "tom.croucher@sunderland.ac.uk",
            "subject": "Regrets: 28/04",
            "id": "BCB546CC.4A08%tom.croucher@sunderland.ac.uk",
            "charset": "US-ASCII",
            "expires": "-1",
            "to": "w3c-wai-gl@w3.org\n"
        },
        {
            "body": "Thanks to Jason for spotting the lack of attachments, please find them here.Tomtext/plain attachment: proposal.htmlapplication/octet-stream attachment: E2E_template.htm",
            "docno": "lists-071-16510469",
            "received": "Thu Apr 22 04:16:51 2004",
            "isoreceived": "20040422081651",
            "sent": "Thu, 22 Apr 2004 09:14:37 +0100",
            "isosent": "20040422081437",
            "name": "Tom Croucher",
            "email": "tom.croucher@sunderland.ac.uk",
            "subject": "RE: 'End to End' Proposal",
            "id": "BCAD3D81.4949%tom.croucher@sunderland.ac.uk",
            "charset": "US-ASCII",
            "inreplyto": "'End to End' Proposal",
            "expires": "-1",
            "to": "w3c-wai-gl@w3.org\n"
        },
        {
            "body": "> I don't entirely agree with this. I view JavaScript as a> means to provide convenience rather than exclusive function.It's not convenient to write out parts of a document if they are crucial butnot present for UAs being not capable of or not using JS. It's bad codingstyle, too.> However one of the most accessible ways I know to do it is> have JavaScript generate the elements which are providing> that functionality.It's a difference whether you /generate/ them (elements) or whether you/hide/ them until a specific event occurs (e.g., via CSS). The latter ismore elegant (though not inevitably good), so I disagree. (My conclusion isa bit global, but generally applies.)> For example if you have a button which links to> javascript.this.print(); then if it is also generated with> JavaScript only the people able to use it will have it> included in their content.Well, if you use JS to offer functionality only available with JS, it mightbe okay (if you really limit your scripting efforts to this specific actionand don't 'generate' all buttons with JS, for example). By the way, thisexample 'limps' since you seem to copy browser functionality.> In this way I think it is> extremely valid to provide redundant or more convenient> functionality which is also provided by some other server> or user agent function.I disagree. It might be pretty convenient if you can print a documentpressing one of fifty buttons available in a document, but hence, what doyou print? (I exaggerate, I know.) -- And 'valid' are many approaches in Webdevelopment (though not most right now), but that doesn't mean they areuseful or reasonable.Best regards,Jens.--Jens MeiertInterface Architect (IxD)http://meiert.com/",
            "docno": "lists-071-16612186",
            "received": "Fri Apr 23 04:26:43 2004",
            "isoreceived": "20040423082643",
            "sent": "Fri, 23 Apr 2004 10:24:25 +0200 (MEST)",
            "isosent": "20040423082425",
            "name": "Jens Meiert",
            "email": "jens.meiert@erde3.com",
            "subject": "Re: javascript accessibility",
            "id": "31794.1082708665@www51.gmx.net",
            "charset": "us-ascii",
            "inreplyto": "BCAD9BE4.4960%tom.croucher&#64;sunderland.ac.uk",
            "expires": "-1",
            "to": " Tom Croucher<tom.croucher@sunderland.ac.uk>\n",
            "cc": "w3c-wai-gl@w3.org\n"
        }
    ]
}