{
    "id": "candidate-0499",
    "name": "Scott Hayman",
    "gender": "MALE",
    "email": "shayman@rim.com",
    "mails": [
        {
            "body": "> From: public-webapps-cdf-discuss-request@w3.org> [mailto:public-webapps-cdf-discuss-request@w3.org] On Behalf> Of Leigh.Klotz@pahv.xerox.com> Sent: Tuesday, June 01, 2004 5:06 PM> These are draft minutes.  Please report corrections.Just a spelling mistake in my name - it should be Scott Hayman.Otherwise, great job on the minutes.ThanksScott--Scott HaymanResearch In Motion Ltd.mailto:shayman@rim.comtel:+1 905-629-4746 x4333This transmission (including any attachments) may contain confidentialinformation, privileged material (including material protected by theattorney-client or other applicable privileges), or constitutenon-public information. Any use of this information by anyone other thanthe intended recipient is prohibited. If you have received thistransmission in error, please immediately reply to the sender and deletethis information from your system. Use, dissemination, distribution, orreproduction of this transmission by unintended recipients is notauthorized and may be unlawful.",
            "docno": "lists-023-14435473",
            "received": "Mon Jun  7 09:04:21 2004",
            "isoreceived": "20040607130421",
            "sent": "Mon, 7 Jun 2004 09:01:28 -0400",
            "isosent": "20040607130128",
            "name": "Scott Hayman",
            "email": "shayman@rim.com",
            "subject": "RE: Draft minutes 2004 Jun 01 morning",
            "id": "F88DB8752C2F644E91BE66DC3ACFF480046F6A1E@XCL01YYZ.rim.net",
            "charset": "us-ascii",
            "inreplyto": "Draft minutes 2004 Jun 01 morning",
            "expires": "-1",
            "to": "<Leigh.Klotz@pahv.xerox.com>,<public-webapps-cdf-discuss@w3.org>\n"
        }
    ]
}