{
    "id": "candidate-0362",
    "name": "Igor Sedukhin",
    "gender": "MALE",
    "email": "igor.sedukhin@ca.com",
    "mails": [
        {
            "body": "<<Security Requirements in an SOA.mht>>  <<Security Requirements in an SOA (HTM&PNG).zip>>-- Igor Sedukhin .. (igor.sedukhin@ca.com)-- (631) 342-4325 .. 1 CA Plaza, Islandia, NY 11788application/octet-stream attachment: Security Requirements in an SOA.mhtapplication/x-zip-compressed attachment: Security Requirements in an SOA (HTM&PNG).zip",
            "docno": "lists-099-6592625",
            "received": "Fri Mar 28 12:46:20 2003",
            "isoreceived": "20030328174620",
            "sent": "Fri, 28 Mar 2003 12:46:18 -0500",
            "isosent": "20030328174618",
            "name": "Sedukhin, Igor",
            "email": "Igor.Sedukhin@ca.com",
            "subject": "CA's positioning for WS security architecture",
            "id": "87527035FDD42A428221FA578D4A9A5B026C91F0@usilms24.ca.com",
            "charset": "utf-8",
            "expires": "-1",
            "to": "<www-archive@w3.org>\n"
        },
        {
            "body": "Document is attached-- Igor Sedukhin .. (igor.sedukhin@ca.com)-- (631) 342-4325 .. 1 CA Plaza, Islandia, NY 11788application/x-zip-compressed attachment: WS Managemenent Architecture Concepts.zip",
            "docno": "lists-098-13386480",
            "received": "Tue Oct 29 18:37:13 2002",
            "isoreceived": "20021029233713",
            "sent": "Thu, 26 Sep 2002 13:04:35 -0400",
            "isosent": "20020926170435",
            "name": "Sedukhin, Igor",
            "email": "Igor.Sedukhin@ca.com",
            "subject": "[MTF] WS Management Architecture Conceprs &#64; 26 Sep 2002",
            "id": "87527035FDD42A428221FA578D4A9A5B86391F@usilms24.ca.com",
            "charset": "us-ascii",
            "expires": "-1",
            "to": "<www-archive@w3.org>\n"
        }
    ]
}