{
    "id": "candidate-0497",
    "name": "Vincent Hardy",
    "gender": "MALE",
    "email": "vincent.hardy@sun.com",
    "mails": [
        {
            "body": "Curt, Dimitri, Philippe,Thanks for your answers. I think the situation is:a. You do have a notion of test adapter for the java tests and thisshould ease the integration into Batik's test infrastructure.b. The tests currently rely on JAXP and Batik is not using JAXP.We'll wait until Philippe has the two alternate methods in placeto do the integration into the Batik test suite. In the meanwhile,we'll have a look at the adapters, as Curt suggested.Cheers,V.Philippe Le Hegaret wrote:>> Curt Arnold wrote:> > Philippe Le Hegaret was looking at testing Batik using the existing> > JUnit/Avalon adapters by using the DOM 3 Load/Save interfaces.>> Batik doesn't support the JAXP API and this is currently required to run> the DOM Test Suite. I'm working on improving the bootstrapping problem> in the DOM Test Suite in order to support DOM Level 3 LS, JAXP, and do> the loading ourself. Batik doesn't support DOM Level 3 LS (yet?) so will> rely on the third solution in order to run the tests.> Loading the Document ourself requires to have a SAX2 parser but we can include> the xerces parser in the distribution. Once this loader is ok, I'll change> the DOMTestCase load method to remove its dependency with JAXP and will change> accordingly the framework bootstraps. Hopefully, I should have something stable> before the end of next week.>> Philippe",
            "docno": "lists-101-3481893",
            "received": "Thu Nov 29 03:13:48 2001",
            "isoreceived": "20011129081348",
            "sent": "Thu, 29 Nov 2001 09:15:16 +0100",
            "isosent": "20011129081516",
            "name": "Vincent Hardy",
            "email": "vincent.hardy@sun.com",
            "subject": "Re: Integrating the DOM test suite in the Batik test infrastructure",
            "id": "3C05EE94.DB7C7676@sun.com",
            "charset": "us-ascii",
            "inreplyto": "3C050FEF.FCC5AE43&#64;w3.org",
            "expires": "-1",
            "to": " Philippe Le Hegaret<plh@w3.org>\n",
            "cc": " Curt Arnold<carnold@houston.rr.com>,www-dom-ts@w3.org\n"
        },
        {
            "body": "Curt Arnold wrote:> Philippe Le Hegaret was looking at testing Batik using the existing> JUnit/Avalon adapters by using the DOM 3 Load/Save interfaces.Batik doesn't support the JAXP API and this is currently required to runthe DOM Test Suite. I'm working on improving the bootstrapping problemin the DOM Test Suite in order to support DOM Level 3 LS, JAXP, and dothe loading ourself. Batik doesn't support DOM Level 3 LS (yet?) so willrely on the third solution in order to run the tests.Loading the Document ourself requires to have a SAX2 parser but we can includethe xerces parser in the distribution. Once this loader is ok, I'll changethe DOMTestCase load method to remove its dependency with JAXP and will changeaccordingly the framework bootstraps. Hopefully, I should have something stablebefore the end of next week.Philippe",
            "docno": "lists-101-3472932",
            "received": "Wed Nov 28 11:24:47 2001",
            "isoreceived": "20011128162447",
            "sent": "Wed, 28 Nov 2001 11:25:19 -0500",
            "isosent": "20011128162519",
            "name": "Philippe Le Hegaret",
            "email": "plh@w3.org",
            "subject": "Re: Integrating the DOM test suite in the Batik test infrastructure",
            "id": "3C050FEF.FCC5AE43@w3.org",
            "charset": "us-ascii",
            "inreplyto": "002601c17825$b5dfca30$7600a8c0&#64;CurtMicron",
            "expires": "-1",
            "to": " Curt Arnold<carnold@houston.rr.com>\n",
            "cc": " Vincent Hardy<vincent.hardy@sun.com>,www-dom-ts@w3.org\n"
        },
        {
            "body": "VincentThanks for your interest in the DOM TS.As I wrote the readme.txt which is a description of the build and runprocess of the TS, please forward any comments you have on it since itis under review before being published.A first stop for you to get a picture of how hard/difficult it will beis to visit http://www.w3.org/DOM/Test where you have sufficientinformation to begin with.I look forward to your comments./Dimitris Dimitriadis, DOM WG represenative to the DOM TSOn Wednesday, November 28, 2001, at 04:59  PM, Curt Arnold wrote:>> ----- Original Message -----> From: \"Vincent Hardy\" <vincent.hardy@sun.com>> To: <carnold@houston.rr.com>> Sent: Wednesday, November 28, 2001 9:38 AM> Subject: Integrating the DOM test suite in the Batik test infrastructure>>>> Curt,>>>> We talked a while back about Batik and its DOM implementation. As you>> may know, we have our own test infrastructure into which I would like>> to integrate the DOM level 1 and DOM level 2 tests you have created in>> the DOM WG test effort.>> Actually, the tests were primarily created by NIST.  I created most of> the> implementation.>>>>>> However, I have poked around:>>>> http://dev.w3.org/cvsweb/2001/DOM-Test-Suite/>>>> and looked at your ReadMe.txt and I am not too sure what I am up to...>> I didn't write and haven't read the readme.txt (it is pretty new) and> open> for comments.>>> It seems that your tools currently generate tests for JUnits a some>> other frameworks. Could you tell me if this was done by writing>> adaptors for these frameworks (but in the end you are running the>> same tests) or if you have different stylesheets>> for each framework?>> There are distinct stylesheets for different bindings.  For example,> there> are distinct stylesheets for Java and ECMAScript (and hopefully Python,> C++,> C#, etc).  The Java tests are written to use an interface that> abstracts the> functions required from the test framework.  The produced jar's can> current> be run using either JUnit or Avalon testlet by matching the test jar> with an> adapter jar (either junit-run.jar or avalon-run.jar).  Probably the most> appropriate approach would be to create a similar adapter for your> regard> tool.  Look at the sources in either DOM-Test-Suite/java/junit or> DOM-Test/java/avalon and hopefully it will be moderately obvious.>>>>> I'd like to scope how difficult/easy it is going to be to integrate>> your test suite into our regard (regression guard) tool.>>>> Hopefully with an appropriate adapter classes you can use the standard> distribution .jars to test the Java implementation.>> Philippe Le Hegaret was looking at testing Batik using the existing> JUnit/Avalon adapters by using the DOM 3 Load/Save interfaces.>> I would also love to see a SVG/ECMAScript test suite.  I was thinking> that> you could build a grid for a particular test suite and the squares would> turn green or red as the tests progress and hovering over a test would> put> any messages in a text box at the bottom of the page.>>> Thanks in advance for your advice.>> Vincent Hardy.>",
            "docno": "lists-101-3460506",
            "received": "Wed Nov 28 11:24:39 2001",
            "isoreceived": "20011128162439",
            "sent": "Wed, 28 Nov 2001 17:22:01 +0100",
            "isosent": "20011128162201",
            "name": "Dimitris Dimitriadis",
            "email": "dimitris@ontologicon.com",
            "subject": "Re: Integrating the DOM test suite in the Batik test infrastructure",
            "id": "200111281621.fASGLEl13167@mail.24-7webhosting.com",
            "charset": "us-ascii",
            "inreplyto": "002601c17825$b5dfca30$7600a8c0&#64;CurtMicron",
            "expires": "-1",
            "cc": "<www-dom-ts@w3.org>,\"Curt Arnold\"<carnold@houston.rr.com>\n",
            "to": "\"Vincent Hardy\"<vincent.hardy@sun.com>\n"
        },
        {
            "body": "----- Original Message -----From: \"Vincent Hardy\" <vincent.hardy@sun.com>Sent: Wednesday, November 28, 2001 9:38 AMSubject: Integrating the DOM test suite in the Batik test infrastructure> Curt,>> We talked a while back about Batik and its DOM implementation. As you> may know, we have our own test infrastructure into which I would like> to integrate the DOM level 1 and DOM level 2 tests you have created in> the DOM WG test effort.Actually, the tests were primarily created by NIST.  I created most of theimplementation.>> However, I have poked around:>> http://dev.w3.org/cvsweb/2001/DOM-Test-Suite/>> and looked at your ReadMe.txt and I am not too sure what I am up to...I didn't write and haven't read the readme.txt (it is pretty new) and openfor comments.> It seems that your tools currently generate tests for JUnits a some> other frameworks. Could you tell me if this was done by writing> adaptors for these frameworks (but in the end you are running the> same tests) or if you have different stylesheets> for each framework?There are distinct stylesheets for different bindings.  For example, thereare distinct stylesheets for Java and ECMAScript (and hopefully Python, C++,C#, etc).  The Java tests are written to use an interface that abstracts thefunctions required from the test framework.  The produced jar's can currentbe run using either JUnit or Avalon testlet by matching the test jar with anadapter jar (either junit-run.jar or avalon-run.jar).  Probably the mostappropriate approach would be to create a similar adapter for your regardtool.  Look at the sources in either DOM-Test-Suite/java/junit orDOM-Test/java/avalon and hopefully it will be moderately obvious.>> I'd like to scope how difficult/easy it is going to be to integrate> your test suite into our regard (regression guard) tool.>Hopefully with an appropriate adapter classes you can use the standarddistribution .jars to test the Java implementation.Philippe Le Hegaret was looking at testing Batik using the existingJUnit/Avalon adapters by using the DOM 3 Load/Save interfaces.I would also love to see a SVG/ECMAScript test suite.  I was thinking thatyou could build a grid for a particular test suite and the squares wouldturn green or red as the tests progress and hovering over a test would putany messages in a text box at the bottom of the page.> Thanks in advance for your advice.> Vincent Hardy.",
            "docno": "lists-101-3439620",
            "received": "Wed Nov 28 11:01:28 2001",
            "isoreceived": "20011128160128",
            "sent": "Wed, 28 Nov 2001 09:59:45 -0600",
            "isosent": "20011128155945",
            "name": "Curt Arnold",
            "email": "carnold@houston.rr.com",
            "subject": "Re: Integrating the DOM test suite in the Batik test infrastructure",
            "id": "002601c17825$b5dfca30$7600a8c0@CurtMicron",
            "charset": "iso-8859-1",
            "inreplyto": "3C05050C.8D8F350C&#64;sun.com",
            "expires": "-1",
            "to": " <carnold@houston.rr.com>\n",
            "cc": "<www-dom-ts@w3.org>\n"
        }
    ]
}