{
    "id": "candidate-0261",
    "name": "Xan Gregg",
    "gender": "MALE",
    "email": "xan.gregg@jmp.com",
    "mails": [
        {
            "body": "Hello Xan,At Tue, 14 Oct 2003 13:12:58 -0700,Susan Lesch wrote:> [forwarding to the W3C Systems Team]>> At 12:09 -0400 10/13/03, Xan Gregg wrote:> >There seems to be an incompatibility between the W3C mail list> >archives and MS Outlook 2002/2003.  Others have noted it, and I> >expounded on the problem some a month ago [1].  I've been told that> >the Outlook 2002 messages do have the correct soft line breaks when> >they leave the corporate mail gateway, so I'm not so sure that is> >the problem.> >This is becoming a bigger and bigger problem for W3C communications.> >Can someone figure out that the problem really is?  Something in> >Outlook 2002/2003 output?  Or at W3C mail receiver?  Or at an> >intermediate server?  Is there a better place to ask this question?\"soft line break\" means \"a non-significant line break in the encodedtext (RFC2045)\" of quoted-printable encoding. So our archive systemremoved them and combined lines.To solve problem, could you please check the value of \"Automaticallywrap text\"? It should be smaller than 76 (70 is safe for deepquotation), or should be enough large (100, for example) and should beline-broken manually within 76 characters.> >Thanks,> >xan> >> >[1] http://lists.w3.org/Archives/Public/site-comments/2003Sep/0047.html>>> --> Susan Lesch           http://www.w3.org/People/Lesch/> mailto:lesch@w3.org               tel:+1.858.483.4819> World Wide Web Consortium (W3C)    http://www.w3.org/Thanks,--Daigo Matsubara / W3C Systems Team / mailto:daigo@w3.org",
            "docno": "lists-029-0231463",
            "received": "Fri Oct 17 10:41:40 2003",
            "isoreceived": "20031017144140",
            "sent": "Fri, 17 Oct 2003 23:41:17 +0900",
            "isosent": "20031017144117",
            "name": "Daigo Matsubara",
            "email": "daigo@w3.org",
            "subject": "[closed] Re: Mail Archives vs. Outlook",
            "id": "nm8y8vkvsdu.wl@natto.w3.mag.keio.ac.jp",
            "charset": "US-ASCII",
            "inreplyto": "05111b0ebbb20929c803&#64;[192.168.123.158]",
            "expires": "-1",
            "to": " Susan Lesch<lesch@w3.org>\n",
            "cc": " Xan Gregg<xan.gregg@jmp.com>,site-comments@w3.org\n"
        },
        {
            "body": "This is a response to the following comment on XSLT 2.0 from the SchemaWorking Grouphttp://lists.w3.org/Archives/Public/public-qt-comments/2004Feb/0253.html(our reference: issue qt-2004Feb0253-01)The comment concerns the reference in the XSLT specification to the Theschema datatypes namespace http://www.w3.org/2001/XMLSchema-datatypesThe XSL WG accepts the comment gratefully and has decided to remove allreference to this namespace from the specification.Michael Kayfor the XSL Working Group",
            "docno": "lists-019-12603748",
            "received": "Fri Apr 30 18:54:25 2004",
            "isoreceived": "20040430225425",
            "sent": "Fri, 30 Apr 2004 23:54:17 +0100",
            "isosent": "20040430225417",
            "name": "Michael Kay",
            "email": "hk@mhk.me.uk",
            "subject": "[XSLT2.0] XML Schema WG Comment 1/2 [datatypes namespace]",
            "id": "20040430225425.C997FA0880@frink.w3.org",
            "charset": "US-ASCII",
            "expires": "-1",
            "to": "<public-qt-comments@w3.org>\n",
            "cc": "<xan.gregg@jmp.com>\n"
        },
        {
            "body": "From XML Schema comments, section 2.8:>>     In particular, some members of the XML Schema WG were surprised>> to see>>     that your algorithm escapes the percent sign in some cases but not>>     others; this does not seem to be a feature of the algorithm given>> by>>     XML Linking and by the Character Model.From Ashok:> ...A little later RFC 2396 says>> \" Because the percent \"%\" character always has the reserved purpose of>    being the escape indicator, it must be escaped as \"%25\" in order to>    be used as data within a URI.\">> Our reading of this rule is that the % must be escaped unless it is> the start of an escape sequence %HH.>> This reading of 2396 was the basis of the rule in the F&O which says>> \".... The PERCENT SIGN \"%\" character itself is escaped only if it is> not followed by two hexadecimal digits (that is, 0-9, a-f and A-F).\"I think the group's concern about percent was that the algorithm treatsall occurrences of %HH as pre-escaped characters which means that somestrings containing percent cannot be escaped by fn:escape-uri().Consider the two resource names:10%GOOD.HTML10%BAD.HTMLfn:escape-uri() will change the former to \"10%25GOOD.HTML\", but thelatter will remain unchanged and won't work when fed to some unescapingprocessor.  This is a pretty unlikely case, and maybe the F&Ointentionally does not handle it, preferring to assume that theincoming string to the escape-uri function is already escaped to somedegree. (Maybe the F&O function should be called\"fn:escape-uri-further\".)As I understand it, both the XML Linking specification and RFC 2396would have the percent converted to \"%25\" in both names of my example.xan",
            "docno": "lists-019-7205654",
            "received": "Wed Oct  8 10:15:26 2003",
            "isoreceived": "20031008141526",
            "sent": "Wed, 8 Oct 2003 10:14:27 -0400",
            "isosent": "20031008141427",
            "name": "Xan Gregg",
            "email": "xan.gregg@jmp.com",
            "subject": "Re: XML Schema WG comments on Functions and Operators",
            "id": "B9DF84E0-F999-11D7-A579-000393BB384C@jmp.com",
            "charset": "US-ASCII",
            "inreplyto": "EDB607C8AC991F40BE646533A1A673E846C6E9&#64;RED-MSG-42.redmond.corp.microsoft.com",
            "expires": "-1",
            "cc": "\"C. M. Sperberg-McQueen\"<cmsmcq@acm.org>,<public-qt-comments@w3.org>,\"Kay, Michael\"<Michael.Kay@softwareag.com>,\"W3C XML Schema IG\"<w3c-xml-schema-ig@w3.org>\n",
            "to": "\"Ashok Malhotra\"<ashokma@microsoft.com>\n"
        },
        {
            "body": "Thank you for your comment http://lists.w3.org/Archives/Public/public-qt-comments/2004Feb/0361.html.  This is a good suggestion and the WGs decided to adopt it.The WGs also agreed to add appropriate references as requested in your note http://lists.w3.org/Archives/Public/public-qt-comments/2004Feb/0358.htmlMany thanks, Ashok",
            "docno": "lists-020-9549854",
            "received": "Thu May 27 17:33:51 2004",
            "isoreceived": "20040527213351",
            "sent": "Thu, 27 May 2004 17:33:50 -0400 (EDT)",
            "isosent": "20040527213350",
            "name": "Ashok Malhotra",
            "email": "shokmalhotra@alum.mit.edu",
            "subject": "[F&amp;O] XSCH-FO-007 Casting numerics and inconsistency",
            "id": "1347446.1085693630070.JavaMail.jeff@brunch.mit.edu",
            "expires": "-1",
            "to": " Xan Gregg<xan.gregg@jmp.com>\n",
            "cc": "public-qt-comments@w3.org,w3c-xml-schema-ig@w3.org\n"
        },
        {
            "body": "Thank you for your comments.  We have taken these, and other, commentson casting and construction into account and revised the wording.  Wehope you will find these changes satisfactory.All the best, Ashok-----Original Message-----From: public-qt-comments-request@w3.org[mailto:public-qt-comments-request@w3.org] On Behalf Of Xan GreggSent: Sunday, February 15, 2004 7:21 AMSubject: [F&O] XSCH-FO-008 Casting and constructor fidelityDear Colleagues,This comment pertains to the 25 December 2003 internal WD of XQuery 1.0and XPath 2.0 Functions and Operators, as provided to our WG [1].[1]http://lists.w3.org/Archives/Member/w3c-xml-schema-wg/2004Feb/0000.htmlXan Gregg, on behalf of the XML Schema Working Group----------------------------------------------------XSCH-FO-008 Casting and constructor fidelity (5.1, 17.6)We are confused regarding the definitions of casting and constructionand how they appeal to each other and to XML Schema.  Accordingly, wehave the following largely-editorial suggestions:1) add more detail about the raising of errors during construction. Theonly error indication we see is:If the value passed to a constructor is illegal for thedatatype to be constructed, an error is raised [invalidvalue for constructor].It's not clear to us if this also applies if the value is a string,which is otherwise discussed in the paragraph following the citedstatement.2) in 5.1 and elsewhere where schema validation is appealed to, itshould be clear that the result is a value in the value spacecorresponding to  the input lexical form.3) in 17.6 \"validated as a lexical value of the target type\" should bebrought better into line with 5.1 and Schema Datatypes (\"lexical form\"preferred and consistent whitespace handling suggested).4) 17.6 and 17.8 appear to both handle casting from string to float.Does one take precedence or is one meant to be redundant?",
            "docno": "lists-020-8067161",
            "received": "Wed Mar 24 12:18:47 2004",
            "isoreceived": "20040324171847",
            "sent": "Wed, 24 Mar 2004 09:11:22 -0800",
            "isosent": "20040324171122",
            "name": "Ashok Malhotra",
            "email": "shokma@microsoft.com",
            "subject": "RE: [F&amp;O] XSCH-FO-008 Casting and constructor fidelity",
            "id": "EDB607C8AC991F40BE646533A1A673E8019B7EAA@RED-MSG-42.redmond.corp.microsoft.com",
            "charset": "US-ASCII",
            "inreplyto": "[F&amp;O] XSCH-FO-008 Casting and constructor fidelity",
            "expires": "-1",
            "to": " public-qt-comments@w3.org\n"
        },
        {
            "body": "The XML Schema WG is satisfied with your response.  Thank you.Xan Greggon behalf of the XML Schema WGOn Apr 30, 2004, at 6:54 PM, Michael Kay wrote:> This is a response to the following comment on XSLT 2.0 from the Schema> Working Group>> http://lists.w3.org/Archives/Public/public-qt-comments/2004Feb/> 0253.html>> (our reference: issue qt-2004Feb0253-01)>> The comment concerns the reference in the XSLT specification to the The> schema datatypes namespace http://www.w3.org/2001/XMLSchema-datatypes>> The XSL WG accepts the comment gratefully and has decided to remove all> reference to this namespace from the specification.>> Michael Kay> for the XSL Working Group",
            "docno": "lists-020-9215559",
            "received": "Fri May 21 12:34:49 2004",
            "isoreceived": "20040521163449",
            "sent": "Fri, 21 May 2004 12:35:04 -0400",
            "isosent": "20040521163504",
            "name": "Xan Gregg",
            "email": "xan.gregg@jmp.com",
            "subject": "Re: [XSLT2.0] XML Schema WG Comment 1/2 [datatypes namespace]",
            "id": "D030EFF5-AB44-11D8-8AEC-000393BB384C@jmp.com",
            "charset": "US-ASCII",
            "inreplyto": "MERC99gOZ2L37022WE1001252c4&#64;merc99.na.sas.com",
            "expires": "-1",
            "cc": "<public-qt-comments@w3.org>\n",
            "to": "\"Michael Kay\"<mhk@mhk.me.uk>\n"
        },
        {
            "body": "Thanks!  Fixed!All the best, Ashok-----Original Message-----From: public-qt-comments-request@w3.org[mailto:public-qt-comments-request@w3.org] On Behalf Of Xan GreggSent: Sunday, February 15, 2004 7:21 AMSubject: [F&O] XSCH-FO-009 EditorialDear Colleagues,This comment pertains to the 25 December 2003 internal WD of XQuery 1.0and XPath 2.0 Functions and Operators, as provided to our WG [1]. We donot expect a response for this purely editorial comment.[1]http://lists.w3.org/Archives/Member/w3c-xml-schema-wg/2004Feb/0000.htmlXan Gregg, on behalf of the XML Schema Working Group----------------------------------------------------XSCH-FO-009 EditorialMisspelled: \"follwed\" in 1.6.Spurious full stop at beginning of sentence \".If\" in 9.4.13.",
            "docno": "lists-019-16540255",
            "received": "Wed Feb 25 17:56:29 2004",
            "isoreceived": "20040225225629",
            "sent": "Wed, 25 Feb 2004 14:56:26 -0800",
            "isosent": "20040225225626",
            "name": "Ashok Malhotra",
            "email": "shokma@microsoft.com",
            "subject": "RE: [F&amp;O] XSCH-FO-009 Editorial",
            "id": "EDB607C8AC991F40BE646533A1A673E80160DF2B@RED-MSG-42.redmond.corp.microsoft.com",
            "charset": "us-ascii",
            "inreplyto": "[F&amp;O] XSCH-FO-009 Editorial",
            "expires": "-1",
            "to": " public-qt-comments@w3.org\n"
        },
        {
            "body": "RFC 2396 saysImplementers should be careful not toescape or unescape the same string more than once, since unescapingan already unescaped string might lead to misinterpreting a percentdata character as another escaped character, or vice versa in thecase of escaping an already escaped string.The rule we have included is designed to implement this guidance as best wecan. There is no answer that will suit everyone here, because the design ofthe escape mechanism is frankly lousy. I think it's important thatescape-uri() should be convergent in the sense that when applied to its ownoutput it has no effect. RFC 2396 waffles about the problems, but we have tomake a decision one way or the other, and I think the way we have defined itwill cause less trouble than if we defined it the other way.XML Linking doesn't have this problem because it only allows you to escape awannabe-URI once.Michael Kay> -----Original Message-----> From: Xan Gregg [mailto:xan.gregg@jmp.com]> Sent: 08 October 2003 15:14> To: Ashok Malhotra> Cc: C. M. Sperberg-McQueen; public-qt-comments@w3.org; Kay,> Michael; W3C XML Schema IG> Subject: Re: XML Schema WG comments on Functions and Operators>>>  From XML Schema comments, section 2.8:> >>     In particular, some members of the XML Schema WG were surprised> >> to see> >>     that your algorithm escapes the percent sign in some> cases but not> >>     others; this does not seem to be a feature of the> algorithm given> >> by> >>     XML Linking and by the Character Model.>>  From Ashok:> > ...A little later RFC 2396 says> >> > \" Because the percent \"%\" character always has the reserved> purpose of> >    being the escape indicator, it must be escaped as \"%25\"> in order to> >    be used as data within a URI.\"> >> > Our reading of this rule is that the % must be escaped unless it is> > the start of an escape sequence %HH.> >> > This reading of 2396 was the basis of the rule in the F&O which says> >> > \".... The PERCENT SIGN \"%\" character itself is escaped only if it is> > not followed by two hexadecimal digits (that is, 0-9, a-f and A-F).\">> I think the group's concern about percent was that the> algorithm treats> all occurrences of %HH as pre-escaped characters which means> that some> strings containing percent cannot be escaped by fn:escape-uri().> Consider the two resource names:>>     10%GOOD.HTML>     10%BAD.HTML>> fn:escape-uri() will change the former to \"10%25GOOD.HTML\", but the> latter will remain unchanged and won't work when fed to some> unescaping> processor.  This is a pretty unlikely case, and maybe the F&O> intentionally does not handle it, preferring to assume that the> incoming string to the escape-uri function is already escaped to some> degree. (Maybe the F&O function should be called> \"fn:escape-uri-further\".)>> As I understand it, both the XML Linking specification and RFC 2396> would have the percent converted to \"%25\" in both names of my example.>> xan>",
            "docno": "lists-019-7239774",
            "received": "Wed Oct  8 19:24:46 2003",
            "isoreceived": "20031008232446",
            "sent": "Thu, 9 Oct 2003 01:21:37 +0200 ",
            "isosent": "20031008232137",
            "name": "Kay, Michael",
            "email": "Michael.Kay@softwareag.com",
            "subject": "RE: XML Schema WG comments on Functions and Operators",
            "id": "DFF2AC9E3583D511A21F0008C7E62106073DD19F@daemsg02.software-ag.de",
            "inreplyto": "XML Schema WG comments on Functions and Operators",
            "expires": "-1",
            "to": " Xan Gregg<xan.gregg@jmp.com>, Ashok Malhotra<ashokma@microsoft.com>\n",
            "cc": "\"C. M. Sperberg-McQueen\"<cmsmcq@acm.org>,public-qt-comments@w3.org,\"Kay, Michael\"<Michael.Kay@softwareag.com>, W3C XML Schema IG<w3c-xml-schema-ig@w3.org>\n"
        },
        {
            "body": "Thank you for your comment.  The wording between the F&O and the DM hasbeen aligned.All the best, Ashok-----Original Message-----From: public-qt-comments-request@w3.org[mailto:public-qt-comments-request@w3.org] On Behalf Of Xan GreggSent: Sunday, February 15, 2004 7:20 AMSubject: [F&O] XSCH-FO-002 Datetime without a timezoneDear Colleagues,This comment pertains to the 25 December 2003 internal WD of XQuery 1.0and XPath 2.0 Functions and Operators, as provided to our WG [1].[1]http://lists.w3.org/Archives/Member/w3c-xml-schema-wg/2004Feb/0000.htmlXan Gregg, on behalf of the XML Schema Working Group----------------------------------------------------XSCH-FO-002 Datetime without a timezoneFrom section 1.6 \"xs:dateTime, xs:date and xs:time values\"xs:dateTime, xs:date and xs:time values are represented in theSection 4.3.1 Mapping PSVI Additions to TypesDM as tuples: axs:dateTime, xs:date or xs:time value without a timezone and atimezone represented as a xdt:dayTimeDuration value.The above doesn't quite agree with the relevant section of DM or withyour examples, in which the first member of the tuple does have atimezone which must be Z.",
            "docno": "lists-020-8121338",
            "received": "Wed Mar 24 17:01:15 2004",
            "isoreceived": "20040324220115",
            "sent": "Wed, 24 Mar 2004 10:23:39 -0800",
            "isosent": "20040324182339",
            "name": "Ashok Malhotra",
            "email": "shokma@microsoft.com",
            "subject": "RE: [F&amp;O] XSCH-FO-002 Datetime without a timezone",
            "id": "EDB607C8AC991F40BE646533A1A673E8019B8004@RED-MSG-42.redmond.corp.microsoft.com",
            "charset": "US-ASCII",
            "inreplyto": "[F&amp;O] XSCH-FO-002 Datetime without a timezone",
            "expires": "-1",
            "to": " public-qt-comments@w3.org\n"
        },
        {
            "body": "Hi Xan:I agree that the %good, %bad is a problem but, rereading the Linkingspec I found that it does not escape the % sign at all.  Fromhttp://www.w3.org/TR/2001/REC-xlink-20010627/#link-locators\"Some characters are disallowed in URI references, even if they areallowed in XML; the disallowed characters include all non-ASCIIcharacters, plus the excluded characters listed in Section 2.4 of [IETFRFC 2396], except for the number sign (#) and percent sign (%) and thesquare bracket characters re-allowed in [IETF RFC 2732]. Disallowedcharacters must be escaped as follows:\"So, the Linking spec removes % from the list of disallowed charactersand so does not escape it.All the best, Ashok> -----Original Message-----> From: Xan Gregg [mailto:xan.gregg@jmp.com]> Sent: Wednesday, October 08, 2003 7:14 AM> To: Ashok Malhotra> Cc: C. M. Sperberg-McQueen; public-qt-comments@w3.org; Kay, Michael;W3C> XML Schema IG> Subject: Re: XML Schema WG comments on Functions and Operators>>  From XML Schema comments, section 2.8:> >>     In particular, some members of the XML Schema WG were surprised> >> to see> >>     that your algorithm escapes the percent sign in some cases butnot> >>     others; this does not seem to be a feature of the algorithmgiven> >> by> >>     XML Linking and by the Character Model.>>  From Ashok:> > ...A little later RFC 2396 says> >> > \" Because the percent \"%\" character always has the reserved purposeof> >    being the escape indicator, it must be escaped as \"%25\" in orderto> >    be used as data within a URI.\"> >> > Our reading of this rule is that the % must be escaped unless it is> > the start of an escape sequence %HH.> >> > This reading of 2396 was the basis of the rule in the F&O which says> >> > \".... The PERCENT SIGN \"%\" character itself is escaped only if it is> > not followed by two hexadecimal digits (that is, 0-9, a-f and A-F).\">> I think the group's concern about percent was that the algorithmtreats> all occurrences of %HH as pre-escaped characters which means that some> strings containing percent cannot be escaped by fn:escape-uri().> Consider the two resource names:>>     10%GOOD.HTML>     10%BAD.HTML>> fn:escape-uri() will change the former to \"10%25GOOD.HTML\", but the> latter will remain unchanged and won't work when fed to someunescaping> processor.  This is a pretty unlikely case, and maybe the F&O> intentionally does not handle it, preferring to assume that the> incoming string to the escape-uri function is already escaped to some> degree. (Maybe the F&O function should be called> \"fn:escape-uri-further\".)>> As I understand it, both the XML Linking specification and RFC 2396> would have the percent converted to \"%25\" in both names of my example.>> xan>",
            "docno": "lists-019-7975348",
            "received": "Fri Oct 17 08:20:42 2003",
            "isoreceived": "20031017122042",
            "sent": "Fri, 17 Oct 2003 05:20:42 -0700",
            "isosent": "20031017122042",
            "name": "Ashok Malhotra",
            "email": "shokma@microsoft.com",
            "subject": "RE: XML Schema WG comments on Functions and Operators",
            "id": "EDB607C8AC991F40BE646533A1A673E85FCCBA@RED-MSG-42.redmond.corp.microsoft.com",
            "charset": "us-ascii",
            "inreplyto": "XML Schema WG comments on Functions and Operators",
            "expires": "-1",
            "to": "\"Xan Gregg\"<xan.gregg@jmp.com>\n",
            "cc": "\"C. M. Sperberg-McQueen\"<cmsmcq@acm.org>,<public-qt-comments@w3.org>,\"Kay, Michael\"<Michael.Kay@softwareag.com>,\"W3C XML Schema IG\"<w3c-xml-schema-ig@w3.org>\n"
        },
        {
            "body": "[forwarding to the W3C Systems Team]At 12:09 -0400 10/13/03, Xan Gregg wrote:>There seems to be an incompatibility between the W3C mail list>archives and MS Outlook 2002/2003.  Others have noted it, and I>expounded on the problem some a month ago [1].  I've been told that>the Outlook 2002 messages do have the correct soft line breaks when>they leave the corporate mail gateway, so I'm not so sure that is>the problem.>>This is becoming a bigger and bigger problem for W3C communications.>Can someone figure out that the problem really is?  Something in>Outlook 2002/2003 output?  Or at W3C mail receiver?  Or at an>intermediate server?  Is there a better place to ask this question?>>Thanks,>xan>>[1] http://lists.w3.org/Archives/Public/site-comments/2003Sep/0047.html--Susan Lesch           http://www.w3.org/People/Lesch/mailto:lesch@w3.org               tel:+1.858.483.4819World Wide Web Consortium (W3C)    http://www.w3.org/",
            "docno": "lists-029-0177477",
            "received": "Tue Oct 14 16:15:07 2003",
            "isoreceived": "20031014201507",
            "sent": "Tue, 14 Oct 2003 13:12:58 -0700",
            "isosent": "20031014201258",
            "name": "Susan Lesch",
            "email": "sch@w3.org",
            "subject": "Re: Mail Archives vs. Outlook",
            "id": "p05111b0ebbb20929c803@[192.168.123.158]",
            "charset": "us-ascii",
            "inreplyto": "9BABDFD6-FD97-11D7-A579-000393BB384C&#64;jmp.com",
            "expires": "-1",
            "to": " Xan Gregg<xan.gregg@jmp.com>,site-comments@w3.org\n"
        },
        {
            "body": "> Susan got it right. It's much more annoying for people to have their> message be reformatted than to scroll. The problem doesn't come from> the pre, but from broken mail clients that allow to have lines bigger> than 78 characters.Jose, Susan,Can you elaborate on that a little?  So we can know what we (and ourmail clients) are doing wrong and can avoid the problem in the future?I noticed the problem happens on messages from me when I use Outlook2002, but not Outlook 2000 or Mac Mail.  Looking at the messages,Outlook 2002 and 2000 both claim to be doing quoted-printable, and bothare wrapping lines at 78 characters or less, but 2002 messages have an\"=\" at the end of each paragraph while 2000 (and other clients I'veobserved) use \"=\" or \"=20\" for soft breaks within a paragraph.  So anOutlook 2000 paragraph looks like (hoping the \"=\" doesn't get lost):1 .................78This is a wrapped =paragraph sent =from Outlook 2000.(Don't remember if there is a final \"=\" or not.)An Outlook 2002 paragraph looks like:1 .................78This is a wrappedparagraph sentfrom Outlook 2002.=My raw message viewer doesn't let me distinguish line endings, so I'mnot sure about CRLF vs CR vs LF.Oddly, if a sysadmin looks at my message at the SMTP gateway, the 2002message looks like the 2000 message (it has \"=\" at the end of eachline), so I'm still investigating.Thanks for any information.xan",
            "docno": "lists-029-1004339",
            "received": "Sat Sep 13 10:26:23 2003",
            "isoreceived": "20030913142623",
            "sent": "Sat, 13 Sep 2003 10:26:15 -0400",
            "isosent": "20030913142615",
            "name": "Xan Gregg",
            "email": "xan.gregg@jmp.com",
            "subject": "Re: PRE element in list archives",
            "id": "3B6F0F9D-E5F6-11D7-B81E-003065FB861A@jmp.com",
            "charset": "US-ASCII",
            "inreplyto": "PRE element in list archives",
            "expires": "-1",
            "to": "site-comments@w3.org, Susan Lesch<lesch@w3.org>, Jose Kahan<jose.kahan@w3.org>\n"
        },
        {
            "body": "In your note http://lists.w3.org/Archives/Public/public-qt-comments/2004Feb/0357.htmlyou recommended that the rules for casting xs:float and xs:double to xs:string use the XML Schemacanonical forms for these datatypes.The Schema WG decided on these canonical forms in Cannes and the QT WGs adopted them with one exception: numbersbetween 0.000001 (one millionth) and less than 1000000 (one million) are converted using decimal notation instead of scientific notation.All the best, Ashok",
            "docno": "lists-020-9557667",
            "received": "Thu May 27 17:56:14 2004",
            "isoreceived": "20040527215614",
            "sent": "Thu, 27 May 2004 17:53:24 -0400 (EDT)",
            "isosent": "20040527215324",
            "name": "Ashok Malhotra",
            "email": "shokmalhotra@alum.mit.edu",
            "subject": "[F&amp;O] XSCH-FO-005 Casting xs:double and xs:float to xs:string",
            "id": "3283299.1085694804515.JavaMail.jeff@brunch.mit.edu",
            "expires": "-1",
            "to": " Xan Gregg<xan.gregg@jmp.com>\n",
            "cc": "public-qt-comments@w3.org,w3c-xml-schema-ig@w3.org\n"
        },
        {
            "body": "Fixed, thanks!All the best, Ashok-----Original Message-----From: public-qt-comments-request@w3.org[mailto:public-qt-comments-request@w3.org] On Behalf Of Xan GreggSent: Sunday, February 15, 2004 7:19 AMSubject: [F&O] XSCH-FO-001 Tabular type hierarchy errorsDear Colleagues,This comment pertains to the 25 December 2003 internal WD of XQuery 1.0and XPath 2.0 Functions and Operators, as provided to our WG [1].[1]http://lists.w3.org/Archives/Member/w3c-xml-schema-wg/2004Feb/0000.htmlXan Gregg, on behalf of the XML Schema Working Group----------------------------------------------------XSCH-FO-001 Tabular type hierarchy errors (1.4)The tabular form of the type hierarchy contains the following errors:- positiveInteger is omitted- short and byte have the wrong parent type- unsignedInt, unsignedShort, and unsignedByte have the wrong parenttype",
            "docno": "lists-019-16559145",
            "received": "Wed Feb 25 18:09:25 2004",
            "isoreceived": "20040225230925",
            "sent": "Wed, 25 Feb 2004 15:09:21 -0800",
            "isosent": "20040225230921",
            "name": "Ashok Malhotra",
            "email": "shokma@microsoft.com",
            "subject": "RE: [F&amp;O] XSCH-FO-001 Tabular type hierarchy errors",
            "id": "EDB607C8AC991F40BE646533A1A673E80160DF69@RED-MSG-42.redmond.corp.microsoft.com",
            "charset": "us-ascii",
            "inreplyto": "[F&amp;O] XSCH-FO-001 Tabular type hierarchy errors",
            "expires": "-1",
            "to": " public-qt-comments@w3.org\n"
        },
        {
            "body": "Dear colleagues:This note completes our comments on XSLT 2.0 WD, 2003-05-02.Xan Gregg, on behalf of the XML Schema WG-------------------------------------19.2 Validationhttp://www.w3.org/TR/xslt20/#validation\"The value strip indicates that the new node and each of thecontained nodes will have the type annotation xs:anyType if itis an element, or xdt:untypedAtomic if it is an attribute.\"We are reviewing xdt:untypedAtomic along with the rest of the DataModel, so we only note that pending further review, we wonder whyxs:anySimpleType would not fill the above role for attributes.\"The value strict indicates that type annotations areestablished by performing strict schema validity assessmenton the element or attribute created by this instruction,according to the rules defined in [XML Schema] (Part 1,section 5.2 \"Assessing Schema-Validity\", validation method 3).\"We believe that here and in the corresponding text for \"lax\", you aremisinterpreting section 5.2 of XML Schema Part 1.  The strict/laxchoice is actually determined \"depending on whether or not the elementinformation and the schema determine either an element declaration (byWe suggest you refer directly to the Schema-Validity Assessment rulesfor element and attributes instead of section 5.2.  That would alsoavoid the problem that section 5.2 only deals with elements and complextypes as starting points.See 3.2.4 ... Validation Rule:  Attribute Locally Validhttp://www.w3.org/TR/xmlschema-1/#cvc-attributeSee 3.3.4 ... Validation Rule:  Element Locally Valid (Type)http://www.w3.org/TR/xmlschema-1/#cvc-type\"In effect this means that the element or attribute beingvalidated must be declared using a top-level declaration in therelevant schema, and must conform to its declaration. ... Therelevant schema is found by firstly searching the schemas thathave been imported using xsl:import-schema declarations in thestylesheet, and any schemas that have been implicitly importedusing implementation-defined mechanisms. If this does not locatea schema containing a top-level definition of the element orattribute being validated, then the validation process may alsolocate schema components using any of the mechanisms describedin [XML Schema] ...For example, ... implicitly from knowledgeof the namespace ... or ... using the xsi:schemaLocationattribute of elements within the tree.\"The mention of \"searching the schemas that have been imported\" seems tocontradict the earlier description of imports being treated like onegiant schema.  We suggest you define a term for the combined importschema and using that term in this section.\"The full schema validation process is invoked, except thatidentity  constraints, as defined in section 3.11 of[XML Schema] Part 1, are ignored.\"We suggest you also ignore other document-wide validations supportedby XML Schema, such as ID/IDREF, ENTITY, and ENTITIES validation.",
            "docno": "lists-019-9533466",
            "received": "Thu Sep 11 20:14:30 2003",
            "isoreceived": "20030912001430",
            "sent": "Thu, 11 Sep 2003 20:14:30 -0400",
            "isosent": "20030912001430",
            "name": ") or a type definition (via xsi:type) or not.",
            "email": "xan.gregg@jmp.com",
            "subject": "XSLT Comments from XML Schema, part 2 (of 2)",
            "id": "146DF86D-E4B6-11D7-B81E-003065FB861A@jmp.com",
            "charset": "US-ASCII",
            "expires": "-1",
            "to": "public-qt-comments@w3.org\n"
        },
        {
            "body": "There seems to be an incompatibility between the W3C mail list archivesand MS Outlook 2002/2003.  Others have noted it, and I expounded on theproblem some a month ago [1].  I've been told that the Outlook 2002messages do have the correct soft line breaks when they leave thecorporate mail gateway, so I'm not so sure that is the problem.This is becoming a bigger and bigger problem for W3C communications.Can someone figure out that the problem really is?  Something inOutlook 2002/2003 output?  Or at W3C mail receiver?  Or at anintermediate server?  Is there a better place to ask this question?Thanks,xan[1] http://lists.w3.org/Archives/Public/site-comments/2003Sep/0047.html",
            "docno": "lists-029-0145721",
            "received": "Mon Oct 13 12:11:59 2003",
            "isoreceived": "20031013161159",
            "sent": "Mon, 13 Oct 2003 12:09:22 -0400",
            "isosent": "20031013160922",
            "name": "Xan Gregg",
            "email": "xan.gregg@jmp.com",
            "subject": "Mail Archives vs. Outlook",
            "id": "9BABDFD6-FD97-11D7-A579-000393BB384C@jmp.com",
            "charset": "US-ASCII",
            "expires": "-1",
            "to": "site-comments@w3.org\n"
        },
        {
            "body": "Dear colleagues:The XML Schema Working Group congratulates the XSL WorkingGroup on their progress, and in particular on the 2 May 2003 WorkingDraft of \"XSL Transformations (XSLT) Version 2.0\"(http://www.w3.org/TR/2003/WD-xslt20-20030502/).Below are our comments so far on XSLT 2.0.  We are still reviewingother aspects of your Draft, such as validation, and expect to havemore comments for you.Xan Gregg, on behalf of the XML Schema WG-------------------------------------2.8 Stylesheets and Schemashttp://www.w3.org/TR/xslt20/#d0e1456The bulleted list at the end of this section contains the followingtext:\"If validation of a result tree fails (strictly speaking, if theoutcome of the validity assessment is invalid), then thetransformation fails, but if it succeeds, the element and attributenodes of the tree will be annotated with the names of theschema-defined types to which these nodes conform.\"We realize this is the introduction and some degree of imprecision isnecessary, but we suggest that the phrase \"if it succeeds\" be a littlemore precise.   In particular, how does it relate to the validityassessment of \"notKnown\"?  Perhaps replacing \"if it succeeds\" with\"otherwise\" will meet your intent.3.10 Importing Schema Componentshttp://www.w3.org/TR/xslt20/#import-schemaWe appreciate your use of an import mechanism that parallels the importin XML Schema.  The Schema WG has recently worked through some of thesubtleties of import, and we suggest you update your text to reflectthe following points:1) A schema may contain components from multiple namespaces.2) Importing a schema only allows those top-level components that arein the specified namespace to be used by the importing document.3) A schema does not have a namespace; only a schema document has a4) XML Schema does not define the behavior of importing a schema forwhich there is not a schema document.5) An XML Schema processor may decide to do nothing in response to animport, and it is not an error unless some component of the importedschema is ever referenced in the importing document.\"The xsl:import-schema declaration is used to identify schemacomponents (that is, the names of type definitions and elementand attribute declarations) which need to be available statically,that is, before any source document is available. \"We suggest you avoid treating components and their names as the samethings.\"After discarding any xsl:import-schema declarations under theabove rule, the effect of the remaining xsl:import-schemadeclarations is the same as the effect of importing a singlehypothetical schema that consists entirely of xs:import elementscorresponding one-for-one with the xsl:import-schema declarationsin the stylesheet, ...\"Not quite true because of the above points.  Note that the behavior ofa schema processor, presented with the schema document you describe, isnon-deterministic.\"Conflicts (multiple definitions of the same name) are handled asdefined in [XML Schema], assuming that all the imported definitionsare assembled into one schema using the process described above.\"We suggest a general rule saying 'All errors which conformant schemaprocessing produces during this process are reflected as static XSLTerrors'.  This will cover the prose quoted above as well as many othercases. Note that there are other obscure ways (besides name collisions)in which two valid schemas can be invalid when combined.  For example,\"action-at-a-distance\" features like substitution groups and wildcardscan cause UPA violations.\"[ERR024] It is a static error if the processor is not able to locateaschema using the namespace and/or schema-location attributes , or ifthe document that it locates is neither a valid XML Schema nor anyother resource that the implementation can process.[ERR025] It is a static error if both the namespace and theschema-location attributes are specified, and the schema that islocated is not a schema for the specified namespace.[ERR026] It is a static error if the schema-location attribute isomitted, and the namespace attribute identifies a namespace whoseschema is not known to the XSLT processor.\"In these error descriptions and in the above \"importing a singlehypothetical schema\", we suggest you make the proper distinctionbetween schema and schema document.",
            "docno": "lists-019-9482731",
            "received": "Thu Sep 11 08:58:33 2003",
            "isoreceived": "20030911125833",
            "sent": "Thu, 11 Sep 2003 08:57:44 -0400",
            "isosent": "20030911125744",
            "name": "space (via the targetNamespace attribute).",
            "email": "xan.gregg@jmp.com",
            "subject": "XSLT Comments from XML Schema, part 1",
            "id": "892ACC4E-E457-11D7-A579-000393BB384C@jmp.com",
            "charset": "US-ASCII",
            "expires": "-1",
            "to": "public-qt-comments@w3.org\n"
        }
    ]
}