{
    "id": "candidate-0251",
    "name": "Dave Peterson",
    "gender": "MALE",
    "email": "davep@iit.edu",
    "mails": [
        {
            "body": "Dave,Thank you for responding.[...]Two points should be made:o    The descriptions of the relations on the value spaces of Schemadatatypes are normative for schema processing but are advisoryfor other applications.I'm not really asking about *processing*.  Schema defines the valuespaces of its primitive datatypes to be sets.  We need to know what arein those sets.I guess there is another way to ask the question.  Given:S = the value space of xsd:stringU = the value space of xsd:anyURIL = the set of RDF plain literals that have no lang tag, i.e.the setof sequences of UNICODE charactersIs S intersection U empty?Is S intersection L empty?Brian[1]http://www.w3.org/2001/sw/RDFCore/TR/WD-rdf-concepts-20030117/#section-Graph-Literal",
            "docno": "lists-052-15556473",
            "received": "Thu Jul 24 13:25:32 2003",
            "isoreceived": "20030724172532",
            "sent": "24 Jul 2003 18:24:06 +0100",
            "isosent": "20030724172406",
            "name": "Brian McBride",
            "email": "bwm@hplb.hpl.hp.com",
            "subject": "Re: REPEAT: RDF Plain Literals and xsd:string",
            "id": "1059067445.2327.144.camel@dhcp-91-136.hpl.hp.com",
            "inreplyto": "REPEAT: RDF Plain Literals and xsd:string",
            "expires": "-1",
            "to": "davep@iit.edu\n",
            "cc": "w3c-xml-schema-ig@w3.org,cmsmcq@acm.org, Pat Hayes<phayes@ai.uwf.edu>\n"
        },
        {
            "body": "First responseBrian-----Forwarded Message-----From: Dave Peterson <davep@iit.edu>Subject: Re: REPEAT: RDF Plain Literals and xsd:stringDate: 24 Jul 2003 09:39:01 -0400At 2:02 PM +0100 030724, Brian McBride wrote:>RDFCore is being asked whether RDF plain literals [*] and xsd:string>denote the same thing.  Intuitively it seems that they ought, but we>held of stating this because we have been a little confused about how to>interpret the XML Schema datatypes specification.>>For example, whilst the value space of xsd:string is defined to be a>sequence of characters, and the value spaceof xsd:anyURI is defined to>be the set of URI references, which are defined by RFC 2396 to be>sequences of characters, it has been stated that the value spaces of>xsd:anyURI and xsd:string are disjoint.Two points should be made:oThe descriptions of the relations on the value spaces of Schemadatatypes are normative for schema processing but are advisoryfor other applications.oThe WG is aware that some of our primitive datatypes havevalues that could reasonably be identified with values fromother primitive datatypes.  For 1.0, at least, we chose tomake those values (artificially?) unequal *for schemaprocessing purposes*.  This decision gets occasional discussion;some would like to change it.  The WG hasn't yet thought outall the ramifications of such a change.Personally, I see nothing wrong if other applications choose totreat such values as identical.  I *hope* that the WG will decideto make such a change for schema processing, but there are manynumeric datatypes for which the corresponding ramifications aremore complicated, and it may take awhile to get them sorted out.--Dave PetersonSGMLWorks!, for IDEAlliancedavep@iit.edu",
            "docno": "lists-052-15476573",
            "received": "Thu Jul 24 10:14:20 2003",
            "isoreceived": "20030724141420",
            "sent": "24 Jul 2003 15:10:55 +0100",
            "isosent": "20030724141055",
            "name": "Brian McBride",
            "email": "bwm@hplb.hpl.hp.com",
            "subject": "[Fwd: Re: REPEAT: RDF Plain Literals and xsd:string]",
            "id": "1059055855.2327.82.camel@dhcp-91-136.hpl.hp.com",
            "expires": "-1",
            "to": " Brian McBride <bwm@hplb.hpl.hp.com>, w3c-xml-schema-ig@w3.org, cmsmcq@acm.org\n",
            "cc": " Pat Hayes <phayes@ai.uwf.edu>\n"
        },
        {
            "body": "At 6:25 AM -0700 030921, Ashok Malhotra wrote:>This comment is Section 3.4 of>>http://lists.w3.org/Archives/Public/public-qt-comments/2003Jul/0120.html.>>The comment suggests that the term \"more specific\" (in reference to a>type) should be replaced by \"derived\". This change would not be correct.>>The term \"more specific\" is used exactly once, in Section 2.2.3.2>(Dynamic Evaluation Phase), and repeated in the Glossary.I couldn't find it in the Glossary.  Where should I be looking?--Dave PetersonSGMLWorks!, for IDEAlliancedavep@iit.edu",
            "docno": "lists-019-9942863",
            "received": "Sun Sep 21 22:00:49 2003",
            "isoreceived": "20030922020049",
            "sent": "Sun, 21 Sep 2003 22:00:46 -0400",
            "isosent": "20030922020046",
            "name": "Dave Peterson",
            "email": "davep@iit.edu",
            "subject": "Re: Response to a comment by the XML Schema WG on the XQuery  document  (SC-8)",
            "id": "a05210602bb9407cbf1b5@[192.168.0.2]",
            "charset": "us-ascii",
            "inreplyto": "E5B814702B65CB4DA51644580E4853FB0AB92CF6&#64;red-msg-12.redmond.corp.microso ft.com",
            "expires": "-1",
            "to": " Ashok Malhotra<ashokma@microsoft.com>,public-qt-comments@w3.org\n",
            "cc": "w3c-xml-schema-ig@w3c.org\n"
        }
    ]
}