{
    "id": "candidate-0433",
    "name": "Fabien Gandon",
    "gender": "MALE",
    "email": "Fabien.Gandon@sophia.inria.fr",
    "mails": [
        {
            "body": "Hello,My name is Fabien Gandon and I am working in the ACACIA lab of INRIA(France). After attending the plenary session in Cannes I initiated theadministrative process to join the SWBP(D) working group and get theopportunity to contribute some of the experience of my Lab.ACACIA is a 12-year old lab with a background in Knowledge Engineeringusing Conceptual Graphs for applications in Corporate Memory Management.Ontology-based knowledge modeling has been at the heart of our work forsome time now as well as other aspects of working with formalizedknowledge (graph-based algorithms, multiple points of view, ontologylearning, distributed knowledge base management, interfaces andergonomics, etc.). Back in 1999 we started bridging the world ofconceptual graphs and RDF/S by building a platform which handles RDFGraphs by translating them into Conceptual Graphs. The result is calledCORESE, a light-weight semantic web search engine based on theprojection operator defined in Conceptual Graphs.Through a number of projects and the process of industrialization of ourprototype we experienced some of the assets and drawbacks, interests andpitfalls of the semantic web frameworks. Since the main raison d'??tre ofthe SWBP WG is to \"provide hands-on support for developers of SemanticWeb applications\" we decided this was a WG we could contribute to.My personal background (though quite short compared to manyu of you) isin ontology engineering, multi-agent architecture for semanticintrawebs, context-awareness and privacy enforcement in mobile accessesto web services.To make it short I am more of a practitioner than a theorist and I aminterested in the following the tasks forces: \"world-view\", \"demos andtools\", \"ontology engineering\".I would like involved in making public and discussing: tested designrationales and their documentation; repositories of demos, tools, onlineinteractive tutorials, etc.; open FAQs and WIKIs, presenting anddiscussing typical examples, known alternative options to recurrentproblems, pitfalls, tradeoffs, work around, etc.I looking forward to working with you,Fabien.--\"As soon as you tolerate something, it becomesbearable, and before long it will become common.\"-- Israel Zangwill.____________|__ _ |_  http://www-sop.inria.fr/acacia/personnel/Fabien.Gandon/|  (_||_) INRIA Sophia Antipolis - ph# (33)(0)4 92 38 77 88",
            "docno": "lists-021-13163501",
            "received": "Thu Apr  1 13:05:58 2004",
            "isoreceived": "20040401180558",
            "sent": "Thu, 01 Apr 2004 20:04:22 +0200",
            "isosent": "20040401180422",
            "name": "Fabien Gandon",
            "email": "Fabien.Gandon@sophia.inria.fr",
            "subject": "Introduction",
            "id": "406C59A6.5010000@sophia.inria.fr",
            "charset": "UTF-8",
            "expires": "-1",
            "to": "public-swbp-wg@w3.org\n"
        },
        {
            "body": "Hello,I would like to extend my previous message [1] on n-ary relations, withanother remark/option.Instead of using sub-properties to reify the roles of the n-ary propertyone could also use them to bear an additional qualification.For instance, to say that a person (John) has a temperature on 38 degreeCelsius and increasing, one could also use the following representation:ex:hasATemperatureOfrdf:type             rdf:Propertyex:hasADecreasingTemperatureOfrdfs:subPropertyOf   ex:hasATemperatureOfex:hasAnIncreasingTemperatureOfrdfs:subPropertyOf   ex:hasATemperatureOfex:hasAStableTemperatureOfrdfs:subPropertyOf   ex:hasATemperatureOf#Johnex:hasAnIncreasingTemperatureOf  \"38D.C.\"Fabien[1] http://lists.w3.org/Archives/Public/public-swbp-wg/2004May/0128.html--\"A speech belongs half to the speaker and halfto the listener.\" -- Michel E. de Montaigne.____________|__ _ |_  http://www-sop.inria.fr/acacia/personnel/Fabien.Gandon/|  (_||_) INRIA Sophia Antipolis - ph# (33)(0)4 92 38 77 88",
            "docno": "lists-022-1945476",
            "received": "Mon Jun  7 13:18:32 2004",
            "isoreceived": "20040607171832",
            "sent": "Mon, 07 Jun 2004 19:17:30 +0200",
            "isosent": "20040607171730",
            "name": "Fabien Gandon",
            "email": "Fabien.Gandon@sophia.inria.fr",
            "subject": "Re: [OEP] Draft of a note on n-ary relations",
            "id": "40C4A32A.509@sophia.inria.fr",
            "charset": "us-ascii",
            "inreplyto": "2D6449AB-ABAA-11D8-8043-000A958B5C28&#64;smi.stanford.edu",
            "expires": "-1",
            "to": "public-swbp-wg@w3.org\n"
        },
        {
            "body": "AllThere is a demo of the new Protege-OWL-CO0-ODE tools and Matthew Horridge and Nick Drummond will be there, but I shall not be able to attendRegardsAlanFabien Gandon wrote:> Hello,>> Guus and Oscar already sent me an e-mail to confirm they will be at ESWS> and would be interested in a face-to-face meeting.>>         Anyone else?>> Best regards>> Fabien> --> \"The difference between the right word and the>   almost right word is the difference between>   lightning and the lightning bug.\">                                  -- Mark Twain.>   ____________> |__ _ |_  http://www-sop.inria.fr/acacia/personnel/Fabien.Gandon/> |  (_||_) INRIA Sophia Antipolis - ph# (33)(0)4 92 38 77 88--Alan L RectorProfessor of Medical InformaticsDepartment of Computer ScienceUniversity of ManchesterManchester M13 9PL, UKTEL: +44-161-275-6188/6149/7183FAX: +44-161-275-6236/6204Room: 2.88a, Kilburn Buildingweb: www.cs.man.ac.uk/migwww.opengalen.orgwww.clinical-escience.org",
            "docno": "lists-022-3005755",
            "received": "Thu May  6 18:24:10 2004",
            "isoreceived": "20040506222410",
            "sent": "Thu, 06 May 2004 20:25:03 +0100",
            "isosent": "20040506192503",
            "name": "Alan Rector",
            "email": ": rector@cs.man.ac.uk",
            "subject": "Re: [ALL] F2F meeting at ESWS / OntoWeb / KnowledgeWeb in Crete",
            "id": "409A910F.B7579F59@cs.man.ac.uk",
            "charset": "us-ascii",
            "inreplyto": "40913BA8.6050708&#64;sophia.inria.fr",
            "expires": "-1",
            "to": "Fabien.Gandon@sophia.inria.fr\n",
            "cc": "public-swbp-wg@w3.org, Matthew Horridge<mhorridge@cs.man.ac.uk>, nick drummond<ndrummond@cs.man.ac.uk>\n"
        },
        {
            "body": "Uschold, Michael F wrote:> For those of us that expect to attend WWW> in New York city in May, there is an chance to have an F2F.If several of us are going to ESWS, we could also take thisopportunity to have an F2F there too.Fab.--\"Fear is that little darkroom where negatives are developed.\"-- Michael Pritchard.____________|__ _ |_  http://www-sop.inria.fr/acacia/personnel/Fabien.Gandon/|  (_||_) INRIA Sophia Antipolis - ph# (33)(0)4 92 38 77 88",
            "docno": "lists-021-14044934",
            "received": "Thu Apr 15 12:55:37 2004",
            "isoreceived": "20040415165537",
            "sent": "Thu, 15 Apr 2004 18:54:59 +0200",
            "isosent": "20040415165459",
            "name": "Fabien Gandon",
            "email": "Fabien.Gandon@sophia.inria.fr",
            "subject": "[ALL] F2F at ESWS in Heraklion",
            "id": "407EBE63.7080206@sophia.inria.fr",
            "charset": "us-ascii",
            "inreplyto": "823043AB1B52784D97754D186877B6CF034F28B7&#64;xch-nw-12.nw.nos.boeing.com",
            "expires": "-1",
            "to": "public-swbp-wg@w3.org\n"
        },
        {
            "body": "me too - in transit from ESWS - apologies.LibbyOn Sat, 8 May 2004, Fabien Gandon wrote:>>> I will be at ESWS / OntoWeb / Knowledge Web.>> Fab.> --> \"When you find yourself on the side of the majority,>   it is time to stop and reconsider.\"  -- Mark Twain.>   ____________> |__ _ |_  http://www-sop.inria.fr/acacia/personnel/Fabien.Gandon/> |  (_||_) INRIA Sophia Antipolis - ph# (33)(0)4 92 38 77 88>>>",
            "docno": "lists-022-3098369",
            "received": "Sat May  8 16:21:43 2004",
            "isoreceived": "20040508202143",
            "sent": "Sat, 8 May 2004 21:16:12 +0100 (BST)",
            "isosent": "20040508201612",
            "name": "Libby Miller",
            "email": "Libby.Miller@bristol.ac.uk",
            "subject": "Re: regrets for the next telecon (May 13th)",
            "id": "Pine.GSO.4.58.0405082115400.14042@mail.ilrt.bris.ac.uk",
            "charset": "US-ASCII",
            "inreplyto": "409D2889.6080308&#64;sophia.inria.fr",
            "expires": "-1",
            "to": " Fabien Gandon<Fabien.Gandon@sophia.inria.fr>\n",
            "cc": "public-swbp-wg@w3.org\n"
        },
        {
            "body": "Hello,Guus and Oscar already sent me an e-mail to confirm they will be at ESWSand would be interested in a face-to-face meeting.Anyone else?Best regardsFabien--\"The difference between the right word and thealmost right word is the difference betweenlightning and the lightning bug.\"-- Mark Twain.____________|__ _ |_  http://www-sop.inria.fr/acacia/personnel/Fabien.Gandon/|  (_||_) INRIA Sophia Antipolis - ph# (33)(0)4 92 38 77 88",
            "docno": "lists-021-15092684",
            "received": "Thu Apr 29 13:46:43 2004",
            "isoreceived": "20040429174643",
            "sent": "Thu, 29 Apr 2004 19:30:16 +0200",
            "isosent": "20040429173016",
            "name": "Fabien Gandon",
            "email": "Fabien.Gandon@sophia.inria.fr",
            "subject": "[ALL] F2F meeting at ESWS / OntoWeb / KnowledgeWeb in Crete",
            "id": "40913BA8.6050708@sophia.inria.fr",
            "charset": "us-ascii",
            "expires": "-1",
            "to": "public-swbp-wg@w3.org\n"
        },
        {
            "body": "Fabien, AllWe clearly need to get the policy on this straight.Natasha has said it better than I can.RegardsAlanFabien Gandon wrote:> Alan Rector a ?crit :> > I think this approach has a serious problem in that> > it assumes that there an only be one temperature (...)>> Alan,>> I completely agree with your remark and my message was confusing.>> In fact, the purpose of this message [2] was not to defend a particular> approach (most of the time I use the option of reifying the instances of> the n-ary relation).> My point really was that, IMO, a maximum of different possible options> should be listed in the design pattern with their pros and cons like I> tried to propose in a previous message [1].>> What I was trying to avoid is to have a reader thinking we did not see> an alternative approach while it was in fact implicitly discarded> because of reasons that seemed obvious to us.> I think all the options we can think of should be listed and discussed,> even briefly, to provide the design rationale that really makes the> design pattern reusable.>> But then again, may be I completely missed the point of this note,>> Fabien>> [1] http://lists.w3.org/Archives/Public/public-swbp-wg/2004May/0128.html> [2] http://lists.w3.org/Archives/Public/public-swbp-wg/2004Jun/0054.html>> --> \"men build too many walls and not enough bridge.\">                                  -- Isaac Newton.>   ____________> |__ _ |_  http://www-sop.inria.fr/acacia/personnel/Fabien.Gandon/> |  (_||_) INRIA Sophia Antipolis - ph# (33)(0)4 92 38 77 88--Alan L RectorProfessor of Medical InformaticsDepartment of Computer ScienceUniversity of ManchesterManchester M13 9PL, UKTEL: +44-161-275-6188/6149/7183FAX: +44-161-275-6236/6204Room: 2.88a, Kilburn Buildingweb: www.cs.man.ac.uk/migwww.opengalen.orgwww.clinical-escience.org",
            "docno": "lists-022-2325641",
            "received": "Fri Jun 11 04:12:42 2004",
            "isoreceived": "20040611081242",
            "sent": "Fri, 11 Jun 2004 07:50:18 +0100",
            "isosent": "20040611065018",
            "name": "Alan Rector",
            "email": ": rector@cs.man.ac.uk",
            "subject": "Re: [OEP] Draft of a note on n-ary relations",
            "id": "40C9562A.349D8319@cs.man.ac.uk",
            "charset": "iso-8859-1",
            "inreplyto": "40C88D68.4070304&#64;sophia.inria.fr",
            "expires": "-1",
            "to": " Fabien Gandon<Fabien.Gandon@sophia.inria.fr>\n",
            "cc": "public-swbp-wg@w3.org\n"
        },
        {
            "body": "Pat Hayes a ?crit :> Yes. I mentioned it only to emphasize that there are many options. I was> thinking of something like the rdf container vocabulary but using> special named subproperties of the original property as the container> membership functions, rather than relating the container itself to the> property, so the overall pattern for three arguments would be>> x P1 a> x P2 b> x P3 c> P1 subProp P> P2 subProp P> p3 subProp PHello,I am trying to catch-up with my e-mails and I really enjoyed reading thedesign pattern on the n-ary relations and the discussions that followed.Since the design patterns should capture an objective design rationalefor choosing one option over another I tried to understand the pros/consof the three proposals so far to represent n-ary relations when all wehave are binary properties:- proposal 1 : the reification of the fact that a n-ary relation holdsby introducing a concept type for this fact and a set of propertiesfor the roles; this first approach encompasses both patterns of theinitial document of Natasha.- proposal 2 : turn one or both arguments into a list of arguments;(compared to the initial patterns of Natasha, it like the firstpattern i.e. one of the individuals in the relationship isdistinguished from others)- proposal 3 : introduce a (dummy) binary property representing then-ary relation and binary sub-properties specialising it for eachrole; (compared to the initial patterns of Natasha, it like the firstpattern i.e. one of the individuals in the relationship isdistinguished from others)I understand that proposal 1 is not \"reifying\" the n-ary relation butthe events of this relation holding. It also transfers part of thehierarchy of properties to the hierarchy of concepts. Any way we arelooking for a hack since there is no direct way to model n-ary relations.I am not completely clear on proposal 2. In particular, can we stillconstrain the roles/signature of the n-ary relation, i.e. can I describea signature like child_of(person, (man, woman)) and can this signaturebe refined in the sub-relations, especially the list part?Also, what happens when we want to model the inverse relations? I don?tsee an easy way to do that since most of the roles are made implicit bythe list structure.Finally, unless I completely missed the point, proposal 3 seems to beonly practical when we are dealing with a functional relation. Indeed,if we haveP1 subPropertyOf PP2 subPropertyOf PP3 subPropertyOf Pandx P1 ax P2 bx P3 c(which represents (P,x,a,b,c) )andx P1 dx P2 ex P3 f(which represents (P,x,d,e,f) )then when once all these triples are loaded we can no longer know if wehad (P,x,a,b,c) or (P,x,d,b,c) or (P,x,a,b,f) or...Still for a functional relation like child_of(person, (man, woman)) thisapproach works and you can also define inverse properties.Fabien--\"We British have so much in common with the Americansexcept, of course, language.\"        -- Oscar Wilde.____________|__ _ |_  http://www-sop.inria.fr/acacia/personnel/Fabien.Gandon/|  (_||_) INRIA Sophia Antipolis - ph# (33)(0)4 92 38 77 88",
            "docno": "lists-022-3978283",
            "received": "Wed May 26 05:29:30 2004",
            "isoreceived": "20040526092930",
            "sent": "Wed, 26 May 2004 11:28:30 +0200",
            "isosent": "20040526092830",
            "name": "Fabien Gandon",
            "email": "Fabien.Gandon@sophia.inria.fr",
            "subject": "Re: [OEP] Draft of a note on n-ary relations",
            "id": "40B4633E.80302@sophia.inria.fr",
            "charset": "windows-1252",
            "inreplyto": "06001f22bcc97df32ea2&#64;[10.0.100.76]",
            "expires": "-1",
            "to": "public-swbp-wg@w3.org\n"
        },
        {
            "body": "> 1) Examples - Need to gather some. They should at least include an Adult classified> by age example, and at least one other exemplifying a floating point range bounded> with non-zero min and max values.Another example could be using angles:ranges: Acute Angle, Obtuse Angle, Full Angle, Reflex Angleexact values: Right Angle, Straight Angledifferent units, etc.Fab.--\"The only way to keep your healthis to eat what you don't want,drink what you don't like,and do what you'd rather not.\"-- Mark Twain.____________|__ _ |_  http://www-sop.inria.fr/acacia/personnel/Fabien.Gandon/|  (_||_) INRIA Sophia Antipolis - ph# (33)(0)4 92 38 77 88",
            "docno": "lists-021-13939531",
            "received": "Thu Apr 15 08:33:12 2004",
            "isoreceived": "20040415123312",
            "sent": "Thu, 15 Apr 2004 14:32:30 +0200",
            "isosent": "20040415123230",
            "name": "Fabien Gandon",
            "email": "Fabien.Gandon@sophia.inria.fr",
            "subject": "Re: [UNITS, OEP] FAQ : Constraints on data values range",
            "id": "407E80DE.1080008@sophia.inria.fr",
            "charset": "us-ascii",
            "inreplyto": "200404142145.RAA03849&#64;clue.msid.cme.nist.gov",
            "expires": "-1",
            "to": "ewallace@cme.nist.gov\n",
            "cc": "public-swbp-wg@w3.org,benoit.doumas@free.fr\n"
        },
        {
            "body": "I will be at ESWS / OntoWeb / Knowledge Web.Fab.--\"When you find yourself on the side of the majority,it is time to stop and reconsider.\"  -- Mark Twain.____________|__ _ |_  http://www-sop.inria.fr/acacia/personnel/Fabien.Gandon/|  (_||_) INRIA Sophia Antipolis - ph# (33)(0)4 92 38 77 88",
            "docno": "lists-022-3081067",
            "received": "Sat May  8 14:36:08 2004",
            "isoreceived": "20040508183608",
            "sent": "Sat, 08 May 2004 20:35:53 +0200",
            "isosent": "20040508183553",
            "name": "Fabien Gandon",
            "email": "Fabien.Gandon@sophia.inria.fr",
            "subject": "regrets for the next telecon (May 13th)",
            "id": "409D2889.6080308@sophia.inria.fr",
            "charset": "us-ascii",
            "expires": "-1",
            "to": "public-swbp-wg@w3.org\n"
        },
        {
            "body": "On Apr 20, 2004, at 5:48 AM, Fabien Gandon wrote:>> Hello,>> Alan Rector wrote:>> What we can say is>>     LionImage rdf:type  (Image and restriction(someValuesFrom>> dc:subject someValuesFrom Lion))>> Actually 'Image' is irrelevant as a resource can be a type of two>> things, so assuming we already know that>>     LionImage rdf:type Image,>> Sorry, you lost me here. I am not sur I understand what you want to> say.> I was expecting \"LionImage rdfs:subClassOf Image\"> Since my understanding was that we were defining the class of the> images of a lion and this class is not an image itself, only its> instances are.I used LionImage in the example to refer to an individual image, ratherthan the class of all images of Lions. It wasn't clear though and I'llmake it clear in the next draft. Sorry!Natasha",
            "docno": "lists-021-14491155",
            "received": "Tue Apr 20 20:53:08 2004",
            "isoreceived": "20040421005308",
            "sent": "Tue, 20 Apr 2004 17:23:48 -0700",
            "isosent": "20040421002348",
            "name": "Natasha Noy",
            "email": "noy@SMI.Stanford.EDU",
            "subject": "Re: [OEP] &quot;Classes as values&quot; first draft",
            "id": "284B9654-932A-11D8-9E88-000A958B5C28@smi.stanford.edu",
            "charset": "US-ASCII",
            "inreplyto": "40851C37.2000101&#64;sophia.inria.fr",
            "expires": "-1",
            "cc": "public-swbp-wg@w3.org\n",
            "to": "Fabien.Gandon@sophia.inria.fr\n"
        },
        {
            "body": "Hello,I spent a few days last week talking with colleagues working in thefield of e-Learning. They are now moving toward Semantic Web frameworksto model and annotate their \"learning objects\". In the course of thediscussion on metadata and curriculum modelling, several good oldproblems resurfaced with some additional stakes due to the SW context.I thought, may be I should reproduce some of them here as examples ofgenuine users' questions at very different levels of details/concerns.I might be \"out of the scope\" here but I believe in grounding the notesissued by this workgroup in real examples, real cases, real scenariosfrom real users, ...1, \"should the ontology represent the 'scientific truth' or the'knowledge level' of the considered curriculum?\"Knowing that the teachers want to share these models over the semanticweb, we faced the problem of making explicit the purpose of the ontologybeing made available.In other words if I am sharing an ontology where whale is a subclass offish because we modelled the current knowledge of the pupils, then anexample of \"good practice\" (IMHO) would be to explain why and how todocument these aspects; may be something in the continuation ofcompetency questions and motivating scenarios. In other words what couldbe a good practice to document ontological commitments and assumptions,so that (re)users are not surprised to see Moby-Dick pop up as an answerto their query on fishes.Also what would be a good practice when linking such an ontology toother ontologies?2, \"when I want to reuse an ontology is it better to integrate it or toreference it?\"What are the drawbacks and advantages of each option? Why should I takethe risk of becoming dependent on an ontology I cannot \"control\"?3, \"how can I reconcile an ontology where possible values for anattribute are modelled as classes (e.g. <ex:very_good/>) with anotherontology where the same values are modelled as individual (e.g.<ex:evaluation rdf:about=\"#very_good\"/>)\"A quick and dirty way we envisaged was to have rules translating backand forth.4, \"I found an annotation but I don't know the ontology. Should Iconsider the namespace URI as a URL and try to find it there? Is therean 'ontology search engine' where I can submit my URI and get the URL ofa copy of the ontology?\"5, \"what URI scheme should I use for instances of students, teachers,people, etc. ?\" ;-)My 2 cents answer was that it does not really matter.6, \"I want to say that this person is doing 'gymnastics' and that thisbook is about gymnastics \" i.e. this is along the lines of the debate on\"classes/instances\" the user needs to be able to instantiate gymnastics(a class of activities) and also to use the intension of the concept asthe subject of a book (a topic).7, \"what exactly is a Resource in RDF/S?\"I boldly answered \"any thing that can have a URI\" and ended-up (myfault) with another question \"then since the output of a service has aURL (the one that triggers the call) what sense is their to annotate achanging resource (the result of the call)\"And we discussed the fact that if one annotates the URL of a(frequently) changing resource then one might consider to say onlythings that are true whatever the content of the resource is (e.g. thisresource is about weather forecast vs. this resource gives the weatherforecast for the 3rd of April) or otherwise timestamp the annotation(e.g. the 1st of April, this resource was giving the weather forecastfor the 3rd of April).etc.Fabien--\"Art is the lie that makes us realize truth.\"-- Picasso Pablo.____________|__ _ |_  http://www-sop.inria.fr/acacia/personnel/Fabien.Gandon/|  (_||_) INRIA Sophia Antipolis - ph# (33)(0)4 92 38 77 88",
            "docno": "lists-021-13237373",
            "received": "Fri Apr  2 09:08:40 2004",
            "isoreceived": "20040402140840",
            "sent": "Fri, 02 Apr 2004 16:07:39 +0200",
            "isosent": "20040402140739",
            "name": "Fabien Gandon",
            "email": "Fabien.Gandon@sophia.inria.fr",
            "subject": "Would these be examples of questions for some best practices FAQ?",
            "id": "406D73AB.8000407@sophia.inria.fr",
            "charset": "us-ascii",
            "expires": "-1",
            "to": "public-swbp-wg@w3.org\n"
        },
        {
            "body": "Hi,Would it be impractical to consider having both syntaxes in thedocuments issued by this working groups?Something like in the test case document of OWL:_______________________________________||  <owl:Class rdf:ID=\"A\">|    <first:ap>|       <owl:Class rdf:ID=\"B\"/>|    </first:ap>|  </owl:Class>|  <owl:AnnotationProperty rdf:ID=\"ap\"/>|_______________________________________|| first:A rdf:type owl:Class .| first:B rdf:type owl:Class .| first:A first:ap first:B .| first:ap rdf:type owl:AnnotationProperty .|_______________________________________Fabien.--\"The best way to steal souls is to divide peoples.\"____________|__ _ |_  http://www-sop.inria.fr/acacia/personnel/Fabien.Gandon/|  (_||_) INRIA Sophia Antipolis - ph# (33)(0)4 92 38 77 88",
            "docno": "lists-021-13208626",
            "received": "Fri Apr  2 08:27:52 2004",
            "isoreceived": "20040402132752",
            "sent": "Fri, 02 Apr 2004 15:25:40 +0200",
            "isosent": "20040402132540",
            "name": "Fabien Gandon",
            "email": "Fabien.Gandon@sophia.inria.fr",
            "subject": "RE: [ALL]  Human-friendly syntax for communicating OWL fragments",
            "id": "406D69D4.9090309@sophia.inria.fr",
            "charset": "us-ascii",
            "inreplyto": "[ALL]  Human-friendly syntax for communicating OWL fragments",
            "expires": "-1",
            "to": "public-swbp-wg@w3.org\n"
        },
        {
            "body": "I have code that does that - what was being asked for was yet another format(based on OWL abstract syntax) for which a very good advert is the work Guuscirculated on WordNet.I don't find any of these ideal.Jeremy> -----Original Message-----> From: public-swbp-wg-request@w3.org> [mailto:public-swbp-wg-request@w3.org]On Behalf Of Fabien Gandon> Sent: 02 April 2004 15:26> To: public-swbp-wg@w3.org> Subject: RE: [ALL] Human-friendly syntax for communicating OWL fragments>>>> Hi,>> Would it be impractical to consider having both syntaxes in the> documents issued by this working groups?> Something like in the test case document of OWL:>>   _______________________________________> |> |  <owl:Class rdf:ID=\"A\">> |    <first:ap>> |       <owl:Class rdf:ID=\"B\"/>> |    </first:ap>> |  </owl:Class>> |  <owl:AnnotationProperty rdf:ID=\"ap\"/>> |_______________________________________> |> | first:A rdf:type owl:Class .> | first:B rdf:type owl:Class .> | first:A first:ap first:B .> | first:ap rdf:type owl:AnnotationProperty .> |_______________________________________>>> Fabien.> --> \"The best way to steal souls is to divide peoples.\">   ____________> |__ _ |_  http://www-sop.inria.fr/acacia/personnel/Fabien.Gandon/> |  (_||_) INRIA Sophia Antipolis - ph# (33)(0)4 92 38 77 88>>",
            "docno": "lists-021-13227294",
            "received": "Fri Apr  2 09:05:51 2004",
            "isoreceived": "20040402140551",
            "sent": "Fri, 2 Apr 2004 15:56:24 +0200",
            "isosent": "20040402135624",
            "name": "Jeremy Carroll",
            "email": "jjc@hplb.hpl.hp.com",
            "subject": "RE: [ALL]  Human-friendly syntax for communicating OWL fragments",
            "id": "BHEGLCKMOHGLGNOKPGHDGEODCCAA.jjc@hpl.hp.com",
            "charset": "us-ascii",
            "inreplyto": "406D69D4.9090309&#64;sophia.inria.fr",
            "expires": "-1",
            "to": "<Fabien.Gandon@sophia.inria.fr>,<public-swbp-wg@w3.org>\n"
        },
        {
            "body": "Michel Leonard Goldstein wrote:> In order to decrease the amount of different property types in my ontology,> I have made all properties that connect something to a paper to be called> \"ofPaper\". They can be disambiguated and queried based on the class of the> \"source\" (domain). This makes special sense for the system I'm building,> because it always starts a search by a class type. On the other hand, the> outgoing properties are named differently for each different class (for> example, for the author of the paper there is a property called \"hasAuthor\",> for the title, \"hasTitle\", and so on).> In this case, the \"ofPaper\" property is the inverse of the \"hasAuthor\"> property, but the symmetric assertion is not valid. If I understood the> defined properties for OWL, there is no defined property that allows me to> represent this unidirectional relationship. In the inverseOf property, there> is a \"vice versa\" attached to the definition. Am I right? If so, why wasn't> this considered interesting enough to be added to the definition?My two cents:If I understand your modelling, you could introduce a parent propertyfor \"hasAuthor\", \"hasTitle\", etc. called for instance \"hasAttribute\" andthis property could be declared to be the inverseOf \"forPaper\". As aresult the implication would be a one way implication for the subproperties of \"hasAttribute\":X hasAuthor Y => X hasAttribute Y => Y forPaper Xwhile you only have:Y forPaper X => X hasAttributeBest,Fabien--\"The process which led from the amoeba to man appearedto philosophers to obviously be progress,though whether the amoeba would agree with this opinionis not known.\"-- Bertrand Russell.____________|__ _ |_  http://www-sop.inria.fr/acacia/personnel/Fabien.Gandon/|  (_||_) INRIA Sophia Antipolis - ph# (33)(0)4 92 38 77 88",
            "docno": "lists-024-13867366",
            "received": "Thu Mar 11 11:42:20 2004",
            "isoreceived": "20040311164220",
            "sent": "Thu, 11 Mar 2004 17:41:48 +0100",
            "isosent": "20040311164148",
            "name": "Fabien Gandon",
            "email": "Fabien.Gandon@sophia.inria.fr",
            "subject": "Re: symmetry of inverseOf",
            "id": "405096CC.40001@sophia.inria.fr",
            "charset": "us-ascii",
            "inreplyto": "0HUF00M8N4LTM4&#64;dexter.okstate.edu",
            "expires": "-1",
            "to": "public-webont-comments@w3.org\n"
        },
        {
            "body": "Alan Rector a ?crit :> I think this approach has a serious problem in that> it assumes that there an only be one temperature (...)Alan,I completely agree with your remark and my message was confusing.In fact, the purpose of this message [2] was not to defend a particularapproach (most of the time I use the option of reifying the instances ofthe n-ary relation).My point really was that, IMO, a maximum of different possible optionsshould be listed in the design pattern with their pros and cons like Itried to propose in a previous message [1].What I was trying to avoid is to have a reader thinking we did not seean alternative approach while it was in fact implicitly discardedbecause of reasons that seemed obvious to us.I think all the options we can think of should be listed and discussed,even briefly, to provide the design rationale that really makes thedesign pattern reusable.But then again, may be I completely missed the point of this note,Fabien[1] http://lists.w3.org/Archives/Public/public-swbp-wg/2004May/0128.html[2] http://lists.w3.org/Archives/Public/public-swbp-wg/2004Jun/0054.html--\"men build too many walls and not enough bridge.\"-- Isaac Newton.____________|__ _ |_  http://www-sop.inria.fr/acacia/personnel/Fabien.Gandon/|  (_||_) INRIA Sophia Antipolis - ph# (33)(0)4 92 38 77 88",
            "docno": "lists-022-2286726",
            "received": "Thu Jun 10 12:34:44 2004",
            "isoreceived": "20040610163444",
            "sent": "Thu, 10 Jun 2004 18:33:44 +0200",
            "isosent": "20040610163344",
            "name": "Fabien Gandon",
            "email": "Fabien.Gandon@sophia.inria.fr",
            "subject": "Re: [OEP] Draft of a note on n-ary relations",
            "id": "40C88D68.4070304@sophia.inria.fr",
            "charset": "ISO-8859-1",
            "inreplyto": "40C88526.481ADD94&#64;cs.man.ac.uk",
            "expires": "-1",
            "to": "public-swbp-wg@w3.org\n"
        },
        {
            "body": "Hello,Alan Rector wrote:> What we can say is>     LionImage rdf:type  (Image and restriction(someValuesFrom dc:subject> someValuesFrom Lion))>> Actually 'Image' is irrelevant as a resource can be a type of two> things, so assuming we already know that>>     LionImage rdf:type Image,Sorry, you lost me here. I am not sur I understand what you want to say.I was expecting \"LionImage rdfs:subClassOf Image\"Since my understanding was that we were defining the class of the imagesof a lion and this class is not an image itself, only its instances are.Fab.--\"Light travels faster than sound. This is why some people appearbright until you hear them speak.\"____________|__ _ |_  http://www-sop.inria.fr/acacia/personnel/Fabien.Gandon/|  (_||_) INRIA Sophia Antipolis - ph# (33)(0)4 92 38 77 88",
            "docno": "lists-021-14445036",
            "received": "Tue Apr 20 08:49:36 2004",
            "isoreceived": "20040420124936",
            "sent": "Tue, 20 Apr 2004 14:48:55 +0200",
            "isosent": "20040420124855",
            "name": "Fabien Gandon",
            "email": "Fabien.Gandon@sophia.inria.fr",
            "subject": "Re: [OEP] &quot;Classes as values&quot; first draft",
            "id": "40851C37.2000101@sophia.inria.fr",
            "charset": "us-ascii",
            "inreplyto": "40844A2E.DD6FE0BA&#64;cs.man.ac.uk",
            "expires": "-1",
            "to": "public-swbp-wg@w3.org\n"
        },
        {
            "body": "FabienToday's telcon reminded me that I had not responded to this.I think this approach has a serious problem in that it assumes that there an only be one temperature attached to one person.  If we were, for example, to extend the relation to include time, then we wouldn't know how to associate the various combinations.In very abbreviated notationPerson    hasTemperature some (TemperatureQualityatTime = 1994-05-05:12-28hasLevel = elevatedhasTrend = decreasingIn this case, assuming that the relation hasTemperature is now not functional but the relations atTime, hasLevel and hasTrend are all functional, we can correctly ascribe a series of temperatures to a single person at different times.The same thing occurs with any case in which the base relation - i.e. the relation that  is being re-represented as a property plus an incoming and several outgoing relations is not functional.In addition, from experience, there are enough troubles keeping track of exploding Property hierarchies without overloading them in this manner :-)In short,  I would be sceptical of this as a general solution although I admit it works in special cases.RegardsAlanFabien Gandon wrote:> Hello,>> I would like to extend my previous message [1] on n-ary relations, with> another remark/option.>> Instead of using sub-properties to reify the roles of the n-ary property> one could also use them to bear an additional qualification.> For instance, to say that a person (John) has a temperature on 38 degree> Celsius and increasing, one could also use the following representation:>> ex:hasATemperatureOf>    rdf:type             rdf:Property>> ex:hasADecreasingTemperatureOf>    rdfs:subPropertyOf   ex:hasATemperatureOf>> ex:hasAnIncreasingTemperatureOf>    rdfs:subPropertyOf   ex:hasATemperatureOf>> ex:hasAStableTemperatureOf>    rdfs:subPropertyOf   ex:hasATemperatureOf>> #John>   ex:hasAnIncreasingTemperatureOf  \"38D.C.\">> Fabien>> [1] http://lists.w3.org/Archives/Public/public-swbp-wg/2004May/0128.html> --> \"A speech belongs half to the speaker and half>   to the listener.\" -- Michel E. de Montaigne.>   ____________> |__ _ |_  http://www-sop.inria.fr/acacia/personnel/Fabien.Gandon/> |  (_||_) INRIA Sophia Antipolis - ph# (33)(0)4 92 38 77 88--Alan L RectorProfessor of Medical InformaticsDepartment of Computer ScienceUniversity of ManchesterManchester M13 9PL, UKTEL: +44-161-275-6188/6149/7183FAX: +44-161-275-6236/6204Room: 2.88a, Kilburn Buildingweb: www.cs.man.ac.uk/migwww.opengalen.orgwww.clinical-escience.org",
            "docno": "lists-022-2275889",
            "received": "Thu Jun 10 11:58:37 2004",
            "isoreceived": "20040610155837",
            "sent": "Thu, 10 Jun 2004 16:58:30 +0100",
            "isosent": "20040610155830",
            "name": "Alan Rector",
            "email": ": rector@cs.man.ac.uk",
            "subject": "Re: [OEP] Draft of a note on n-ary relations",
            "id": "40C88526.481ADD94@cs.man.ac.uk",
            "charset": "us-ascii",
            "inreplyto": "40C4A32A.509&#64;sophia.inria.fr",
            "expires": "-1",
            "to": " Fabien Gandon<Fabien.Gandon@sophia.inria.fr>\n",
            "cc": "public-swbp-wg@w3.org\n"
        },
        {
            "body": "Hello,The INRIA of Sophia Antipolis has just released the list of post-docpositions available. Some of the post-doc positions proposed in theTheme 3 may be of interest to readers of this list. A descriptions inEnglish is available here:http://www-sop.inria.fr/act_recherche/formation/offres_de_post-doc_sur_sophia_en.shtml#theme3Regards,Fabien--|__ _ |_  http://www-sop.inria.fr/acacia/personnel/Fabien.Gandon/|  (_||_) INRIA Sophia Antipolis - ph# (33)(0)4 92 38 77 88",
            "docno": "lists-022-7689346",
            "received": "Fri Feb 13 13:12:30 2004",
            "isoreceived": "20040213181230",
            "sent": "Fri, 13 Feb 2004 19:09:09 +0100",
            "isosent": "20040213180909",
            "name": "Fabien Gandon",
            "email": "Fabien.Gandon@sophia.inria.fr",
            "subject": "Post-Doc positions available at INRIA Sophia Antipolis",
            "id": "402D12C5.2090308@sophia.inria.fr",
            "charset": "us-ascii",
            "expires": "-1",
            "to": " public-sws-ig@w3.org\n"
        },
        {
            "body": "Fabien,This is a very good point and something that we should probably discussas a group. I see two mutually-exclusive arguments for whether or notto include all approaches, including the ones we would generally ruleout, in the OEP note.Argument 1 (pro): Including patterns that we do not recommend but thata reasonable person may come up with is good because it preemptsquestions from readers such as \"Why didn't you do in way X?\" It oftenhelps understand the patterns that we do recommend.  It also shows thatwe did our \"due diligence\" in considering other approaches.Argument 2 (cons): The WG is the \"best practices\" WG, so the patternsthat we produce should be the ones we think are good alternatives insome common set of circumstances. Therefore, including considerationsfor other patterns and then saying that we don't generally recommendthem would dilute the message, in a sense; besides, someone who justwants a simple answer to his question \"how do I do X?\" may not want toread through all the reasons why you should not do it in a particularway.I personally am leaning towards argument 2, argument 1 is often more ofinterest to academics than practitioners (Incidentally, 2 is alsousually  less work :) But I can see the argument going either way.NatashaOn Jun 10, 2004, at 9:33 AM, Fabien Gandon wrote:>> Alan Rector a ?crit :>> I think this approach has a serious problem in that>> it assumes that there an only be one temperature (...)>> Alan,>> I completely agree with your remark and my message was confusing.>> In fact, the purpose of this message [2] was not to defend a> particular approach (most of the time I use the option of reifying the> instances of the n-ary relation).> My point really was that, IMO, a maximum of different possible options> should be listed in the design pattern with their pros and cons like I> tried to propose in a previous message [1].>> What I was trying to avoid is to have a reader thinking we did not see> an alternative approach while it was in fact implicitly discarded> because of reasons that seemed obvious to us.> I think all the options we can think of should be listed and> discussed, even briefly, to provide the design rationale that really> makes the design pattern reusable.>> But then again, may be I completely missed the point of this note,>> Fabien>> [1]> http://lists.w3.org/Archives/Public/public-swbp-wg/2004May/0128.html> [2]> http://lists.w3.org/Archives/Public/public-swbp-wg/2004Jun/0054.html>> --> \"men build too many walls and not enough bridge.\">                                 -- Isaac Newton.>  ____________> |__ _ |_  http://www-sop.inria.fr/acacia/personnel/Fabien.Gandon/> |  (_||_) INRIA Sophia Antipolis - ph# (33)(0)4 92 38 77 88>",
            "docno": "lists-022-2303129",
            "received": "Thu Jun 10 17:44:31 2004",
            "isoreceived": "20040610214431",
            "sent": "Thu, 10 Jun 2004 14:44:26 -0700",
            "isosent": "20040610214426",
            "name": "Natasha Noy",
            "email": "noy@SMI.Stanford.EDU",
            "subject": "Re: [OEP] Draft of a note on n-ary relations",
            "id": "58157000-BB27-11D8-A5C9-000A958B5C28@smi.stanford.edu",
            "charset": "ISO-8859-1",
            "inreplyto": "40C88D68.4070304&#64;sophia.inria.fr",
            "expires": "-1",
            "cc": "public-swbp-wg@w3.org\n",
            "to": " Fabien Gandon<Fabien.Gandon@sophia.inria.fr>\n"
        },
        {
            "body": "My 2 (euro) cents... ;-)AR: \"I think the above indicates that of all the problems we could havestarted for on best practice, 'Classes as Values' is the perhaps mostdifficult and problematic.I agree but IMHO some of these are not directly relevant to \"Classes asValues\" and should really be out of the scope of the design pattern,possibly referenced in a \"see also section\". In particular vii) and ii)AR: \" ii)   'Born Free' a book about a particular lion\"This is a classical case of linking two individuals with no specialproblem as you underline latter in your message.AR: \"vii) That 'John' is credited as the author of the class Lion in aKB (As a statement about John). (...)  NB we don't have a distinctionbetween 'class' and 'concept represented by the class' available to us.The author of the class and the person who first described the speciesare clearly different.\"My opinion is that this is a different problem: this statement is notabout the class but about the statement declaring the class. Therefore Iwould rather expect something like:<rdf:Statement rdf:about=\"#LionDeclaration\"><rdf:subject rdf:resource=\"&example;#Lion\"/><rdf:predicate rdf:resource=\"&rdf;type\"/><rdf:object rdf:resource=\"&rdfs;Class\"/><dc:creator rdf:resource=\"&company_staff;#John\"/></rdf:Statement>AR: \" v)  A reference to the 'Lion Genome' - (plausible for Dog, Cat,etc. and no doubt eventually for Lion)\"Here I think the problem is rather at the inference level: there is abook referencing an object \"Genome\" that belongs to the Specie \"Lion\",then we are missing an inference saying that when a document is about anobject directly attached to a species then the document is about thespecies.AR: \"(...) the semantics of any negated queries (there is no explicitnegation in RDF) will be closed world\"I am by no mean an expert here but my opinion is that the \"not\" operatorshould may be split in two: a \"naf\" operator implementing \"negation asfailure\" i.e. the \"there does not exist a statement saying that...\"(with all the non monotonic problem that comes with it) and the fullnegation operator \"not\" saying that it can be proved that the statementis false for instance if \"Lion\" and \"Whales\" are disjoint classes thenit can be proved that a given instance of lion cannot be a whale.AR: \"(...) A is immediately in OWL-Full, yet neither A nor B expect toperform any inferences using the information in C's ontology.  If therest of A's ontology conforms to the restrictions on OWL-DL, it seemsperverse not to apply OWL:DL semantics and reasoners.\"I think I agree with you here but I am probably misunderstanding your point.I personally don't quite understand the danger in referencing an OWLClass as long as you are not talking about the class (ex: adding to itsdescription) etc. If the reference is only used to qualify an instance(ex: give the subject of a book) then in what respect is it moredangerous than the classical typing relation which also qualifies aninstance with reference to a class?Fabien.--\"Stories are our dreams. And our dreams are our life.\"-- Tim Burton.____________|__ _ |_  http://www-sop.inria.fr/acacia/personnel/Fabien.Gandon/|  (_||_) INRIA Sophia Antipolis - ph# (33)(0)4 92 38 77 88",
            "docno": "lists-021-15050699",
            "received": "Thu Apr 29 13:22:14 2004",
            "isoreceived": "20040429172214",
            "sent": "Thu, 29 Apr 2004 19:20:53 +0200",
            "isosent": "20040429172053",
            "name": "Fabien Gandon",
            "email": "Fabien.Gandon@sophia.inria.fr",
            "subject": "Re: Classes as values",
            "id": "40913975.3020203@sophia.inria.fr",
            "charset": "us-ascii",
            "inreplyto": "408FB71D.8F0407A4&#64;cs.man.ac.uk",
            "expires": "-1",
            "to": "public-swbp-wg@w3.org\n"
        },
        {
            "body": "FabienLonger response in preparationFabien Gandon wrote:> Hello,>> Alan Rector wrote:> > What we can say is> >     LionImage rdf:type  (Image and restriction(someValuesFrom dc:subject> > someValuesFrom Lion))> >> > Actually 'Image' is irrelevant as a resource can be a type of two> > things, so assuming we already know that> >> >     LionImage rdf:type Image,>> Sorry, you lost me here. I am not sur I understand what you want to say.> I was expecting \"LionImage rdfs:subClassOf Image\"> Since my understanding was that we were defining the class of the images> of a lion and this class is not an image itself, only its instances are.Problem in notation./labelling.  I was meant \"LionImage\" to indicate the actual image resource in Natasha's drawings.I should have called it something like \"ThisImageOfALion\" rdf:type (Image and restriction(someValuesFrom xxx:subjectsomeValuesFrom Lion))\".Or given it a proper URI to make the intention clear.Alan>>> Fab.> --> \"Light travels faster than sound. This is why some people appear>   bright until you hear them speak.\">   ____________> |__ _ |_  http://www-sop.inria.fr/acacia/personnel/Fabien.Gandon/> |  (_||_) INRIA Sophia Antipolis - ph# (33)(0)4 92 38 77 88--Alan L RectorProfessor of Medical InformaticsDepartment of Computer ScienceUniversity of ManchesterManchester M13 9PL, UKTEL: +44-161-275-6188/6149/7183FAX: +44-161-275-6236/6204Room: 2.88a, Kilburn Buildingweb: www.cs.man.ac.uk/migwww.opengalen.orgwww.clinical-escience.org",
            "docno": "lists-021-14580488",
            "received": "Thu Apr 22 13:59:03 2004",
            "isoreceived": "20040422175903",
            "sent": "Thu, 22 Apr 2004 18:58:52 +0100",
            "isosent": "20040422175852",
            "name": "Alan Rector",
            "email": ": rector@cs.man.ac.uk",
            "subject": "Re: [OEP] &quot;Classes as values&quot; first draft",
            "id": "408807DC.B60AEE23@cs.man.ac.uk",
            "charset": "us-ascii",
            "inreplyto": "40851C37.2000101&#64;sophia.inria.fr",
            "expires": "-1",
            "to": "Fabien.Gandon@sophia.inria.fr\n",
            "cc": "public-swbp-wg@w3.org\n"
        }
    ]
}