{
    "id": "candidate-0352",
    "name": "Youenn Fablet",
    "gender": "MALE",
    "email": "youenn.fablet@crf.canon.fr",
    "mails": [
        {
            "body": "And not with the xmlp call, which is wednesdays at 11am pst.But I hardly think this is ridiculous.  We each have many differentresponsibilities, and each time a group starts, it's crazy finding the besttime.Dave> -----Original Message-----> From: public-ws-pnf-tf-request@w3.org> [mailto:public-ws-pnf-tf-request@w3.org]On Behalf Of Sanjiva> Weerawarana> Sent: Tuesday, February 11, 2003 9:34 AM> To: public-ws-pnf-tf@w3.org> Subject: Re: PFTF next telcon>>>> This is ridiculous- we'll never find a slot that'll make everyone> happy. I suggest Jonathan picks a set of viable times (e.g., times> that do not overlap with the WS-Desc or WS-Arch calls) and then> we rotate amongst those on a weekly basis. Some times will be not> great for some. Such is life.>> Sanjiva.>> ----- Original Message -----> From: \"David Orchard\" <dorchard@bea.com>> To: \"'Glen Daniels'\" <gdaniels@macromedia.com>;> <public-ws-pnf-tf@w3.org>> Sent: Tuesday, February 11, 2003 11:18 PM> Subject: RE: PFTF next telcon>>> >> > That doesn't work well for me, as the runs right up to the> ws-arch telcon.> > I need at least a half hour for lunch.> >> > 12:30 EST?> >> > Dave> >> > > -----Original Message-----> > > From: public-ws-pnf-tf-request@w3.org> > > [mailto:public-ws-pnf-tf-request@w3.org]On Behalf Of Glen Daniels> > > Sent: Tuesday, February 11, 2003 8:55 AM> > > To: 'public-ws-pnf-tf@w3.org'> > > Subject: RE: PFTF next telcon> > >> > >> > >> > >> > > 1PM EST works for me.> > >> > > > -----Original Message-----> > > > From: Amelia A. Lewis [mailto:alewis@tibco.com]> > > > Sent: Tuesday, February 11, 2003 11:34 AM> > > > To: Sandeep Kumar> > > > Cc: jean-jacques.moreau@crf.canon.fr; gdaniels@macromedia.com;> > > > youenn.fablet@crf.canon.fr; public-ws-pnf-tf@w3.org> > > > Subject: Re: PFTF next telcon> > > >> > > >> > > > On Tue, 11 Feb 2003 08:03:51 -0800> > > > \"Sandeep Kumar\" <sandkuma@cisco.com> wrote:> > > >> > > > >> > > > > Yes, 6:30 am pst is very early for me. Is 9:30 or 10:00 am> > > > PST suitable to> > > > > everyone?> > > > > That is right after WSD meeting.> > > >> > > > It would be *really* nice to have some sort of break between> > > > meetings.  Half an hour would be enough, but it would really> > > > help to be able to stand up and walk around a bit.  So I'm> > > > not thrilled by 9:30 (12:30 EST); would prefer 10:00 (1:00> > > > EST), half an hour after the end of the WSD meeting.> > > >> > > > Amy!> > > > > - sandeep> > > > >> > > > > -----Original Message-----> > > > > From: public-ws-pnf-tf-request@w3.org> > > > > [mailto:public-ws-pnf-tf-request@w3.org]On Behalf Of> > > > Jean-Jacques Moreau> > > > > Sent: Tuesday, February 11, 2003 7:42 AM> > > > > To: Glen Daniels> > > > > Cc: 'FABLET Youenn'; public-ws-pnf-tf@w3.org> > > > > Subject: Re: PFTF next telcon> > > > >> > > > >> > > > >> > > > > Sounds ok to me, although I suspect this might be too> early for> > > > > West Costers.> > > > >> > > > > Jean-Jacques.> > > > >> > > > > Glen Daniels wrote:> > > > > > That time would be OK with me, though I might suggest :> > > > > >> > > > > > a) we take 90 minutes, since we'll presumably be doing> > > work on the> > > > > scenarios and it would be good to get some momentum going> > > > > >> > > > > > b) we augment the teleconference with IRC, so that we can> > > > share syntactic> > > > > examples/proposals without saying \"open-bracket, wsdl colon> > > > feature, uri> > > > > equals quote...\" :)> > > > >> > > > >> > > >> > > >> > > > --> > > > Amelia A. Lewis> > > > Architect, TIBCO/Extensibility, Inc.> > > > alewis@tibco.com> > > >> > >> > >>>",
            "docno": "lists-027-10381557",
            "received": "Tue Feb 11 13:08:16 2003",
            "isoreceived": "20030211180816",
            "sent": "Tue, 11 Feb 2003 10:05:56 -0800",
            "isosent": "20030211180556",
            "name": "David Orchard",
            "email": "dorchard@bea.com",
            "subject": "RE: PFTF next telcon",
            "id": "005901c2d1f8$39459030$b90ba8c0@beasys.com",
            "charset": "iso-8859-1",
            "inreplyto": "00bc01c2d1f3$d1729240$f900a8c0&#64;lankabook2",
            "expires": "-1",
            "to": "<public-ws-pnf-tf@w3.org>\n"
        },
        {
            "body": "Jean-Jacques Moreau wrote:>> From the minutes, I am not entirely sure what conclusion you reached.> Would it be fair to summarize the TF's position as follows? (I> apologize in advance if my summary misrepresent the TF's position.)>> 1) At the interface level, we will use WSDL patterns.>> 2) At the binding level, we will use SOAP MEPs.>> 3) We will not indicate the relationship between the two.>> I'm fine with 1) and 2); I feel we will need to be a little more> explicit about 3). For example, does the choice of a WSDL pattern> restrict the set of possible SOAP MEPs?>> Again, apologies if my characterization of the TF's position was not> accurate.I don't think that we reached a conclusion or a specific stand on (3).Personally, my gut feeling is that the SOAP MEPs will be specificinstances of a particular WSDL pattern and that is how we can establishthe relationships between the two. That is what I tried to convey duringthe concall (but perhaps failed :-)).--umit>>> Jean-Jacques.>> David Booth wrote:>>>       SOAP patterns vs. WSDL patterns.>>>> <*dbooth*> See Youenn's message:>> http://lists.w3.org/Archives/Public/public-ws-desc-meps/2003Jun/0024.html>>>>>> *David:* Any wisdom to share?>>>> *Amy:* In Scottsdale we decided to make WSDL patterns operate at a>> more fundamental conceptual level than SOAP MEPS.>> ... Some discussion whether we should ask SOAP to define their>> patterns in terms of ours.>> ... Decided \"no\". They weren't going to change.>> ... Doesn't change the fact that SOAP patterns are more explicit than>> ours.>> ... No attempt to discriminate on our part between HTTP>> request-response, an HTTP get followed by a SOAP response, and a SOAP>> request-response.>> ... XMLP has defined two of these.>> ... In WSDL we also are dealing with pure HTTP request-response.>> ... I don't see that we have a significant win in distinguishing>> those cases.>> ... Do we need to identify SOAP categories of request-response?>> ... Can we leave this totally to the binding?>>>> *Scribe:* David, Umit: Leave to binding.>>>> *Amy:* There's a certain amount of SOAP r-r that we won't model>> outside the binding.>>>> *Umit:* Does it matter to the client? No.>>>> *Amy:* We don't need to make as many distinctions as SOAP r-r>> patterns, right?>>>> *Scribe:* David, Umit: Sounds like the case.>>>> *David:* Still useful to show correspondence between our patterns and>> XMLPs.>>>> *Amy:* Yes, at some point we end up with a pattern (p3) which maps to>> both SOAP MEPs.>>>> *Umit:* Equivalencies.>>>> *David:* Specializations.>>>> *Umit:* If they map to p3 doesn't that mean two equivalent>> implementations of the pattern?>> ... Actually a concretization of the pattern in three different ways.>> ... When we have a leaf node in our lattice, there may be a specific>> binding that describes that pattern.>>>> *David:* Specific binding is not an actual sequence of messages. A>> sequence of messages conforms to the binding, or not.>> ... If it conforms to the binding, it conforms to the pattern.>>>> *Amy:* Can we say we might need some specialized terminology and move>> on?>>>> *Scribe:* (scribe missing some chunks here)>>>> *Umit:* As long as the client has a specific pattern it adheres to,>> how it relates to XMLP work doesn't matter.>>>> *David:* We will need to identify the link between our specific>> patterns and SOAP's.>>>> <*dbooth*> JM: It would be good of people writing new SOAP specs>> would reference our MEPs.>>--Umit YalcinalpConsulting Member of Technical StaffORACLEPhone: +1 650 607 6154Email: umit.yalcinalp@oracle.com",
            "docno": "lists-027-4942594",
            "received": "Wed Jun 25 12:27:31 2003",
            "isoreceived": "20030625162731",
            "sent": "Wed, 25 Jun 2003 09:25:10 -0700",
            "isosent": "20030625162510",
            "name": "Umit Yalcinalp",
            "email": "umit.yalcinalp@oracle.com",
            "subject": "Re: SOAP pattenrs vs. WSDL patterns (was: Minutes from MEP Task Force   23 June 2003)",
            "id": "3EF9CCE6.7060905@oracle.com",
            "charset": "us-ascii",
            "inreplyto": "3EF99023.1020503&#64;crf.canon.fr",
            "expires": "-1",
            "to": " Jean-Jacques Moreau<jean-jacques.moreau@crf.canon.fr>\n",
            "cc": " David Booth<dbooth@w3.org>,public-ws-desc-meps@w3.org, FABLET Youenn<youenn.fablet@crf.canon.fr>\n"
        },
        {
            "body": "Midnight isn't silly :-)  Though 1:30 am is getting about half an hour toolate :-)What would be a reasonable rotation?  How many slots?Dave> -----Original Message-----> From: public-ws-pnf-tf-request@w3.org> [mailto:public-ws-pnf-tf-request@w3.org]On Behalf Of Sanjiva> Weerawarana> Sent: Tuesday, February 11, 2003 9:09 AM> To: public-ws-pnf-tf@w3.org> Subject: Re: PFTF next telcon>>>> Not as well for me .. that's midnight. Silly time depends on where> you are Dave ;-).>> Anyway, in order to find a slot I am happy to accept 1pm eastern> for an hour. However, I suggest that we consider rotating the times> to distribute the inconvenience. This is standard practice in IBM> where we have regular calls with folks in Japan, China, Europe,> US and everywhere in between.>> Sanjiva.>> ----- Original Message -----> From: \"Glen Daniels\" <gdaniels@macromedia.com>> To: <public-ws-pnf-tf@w3.org>> Sent: Tuesday, February 11, 2003 10:55 PM> Subject: RE: PFTF next telcon>>> >> >> > 1PM EST works for me.> >> > > -----Original Message-----> > > From: Amelia A. Lewis [mailto:alewis@tibco.com]> > > Sent: Tuesday, February 11, 2003 11:34 AM> > > To: Sandeep Kumar> > > Cc: jean-jacques.moreau@crf.canon.fr; gdaniels@macromedia.com;> > > youenn.fablet@crf.canon.fr; public-ws-pnf-tf@w3.org> > > Subject: Re: PFTF next telcon> > >> > >> > > On Tue, 11 Feb 2003 08:03:51 -0800> > > \"Sandeep Kumar\" <sandkuma@cisco.com> wrote:> > >> > > >> > > > Yes, 6:30 am pst is very early for me. Is 9:30 or 10:00 am> > > PST suitable to> > > > everyone?> > > > That is right after WSD meeting.> > >> > > It would be *really* nice to have some sort of break between> > > meetings.  Half an hour would be enough, but it would really> > > help to be able to stand up and walk around a bit.  So I'm> > > not thrilled by 9:30 (12:30 EST); would prefer 10:00 (1:00> > > EST), half an hour after the end of the WSD meeting.> > >> > > Amy!> > > > - sandeep> > > >> > > > -----Original Message-----> > > > From: public-ws-pnf-tf-request@w3.org> > > > [mailto:public-ws-pnf-tf-request@w3.org]On Behalf Of> > > Jean-Jacques Moreau> > > > Sent: Tuesday, February 11, 2003 7:42 AM> > > > To: Glen Daniels> > > > Cc: 'FABLET Youenn'; public-ws-pnf-tf@w3.org> > > > Subject: Re: PFTF next telcon> > > >> > > >> > > >> > > > Sounds ok to me, although I suspect this might be too early for> > > > West Costers.> > > >> > > > Jean-Jacques.> > > >> > > > Glen Daniels wrote:> > > > > That time would be OK with me, though I might suggest :> > > > >> > > > > a) we take 90 minutes, since we'll presumably be> doing work on the> > > > scenarios and it would be good to get some momentum going> > > > >> > > > > b) we augment the teleconference with IRC, so that we can> > > share syntactic> > > > examples/proposals without saying \"open-bracket, wsdl colon> > > feature, uri> > > > equals quote...\" :)> > > >> > > >> > >> > >> > > --> > > Amelia A. Lewis> > > Architect, TIBCO/Extensibility, Inc.> > > alewis@tibco.com> > >>>",
            "docno": "lists-027-10331865",
            "received": "Tue Feb 11 12:31:06 2003",
            "isoreceived": "20030211173106",
            "sent": "Tue, 11 Feb 2003 09:28:28 -0800",
            "isosent": "20030211172828",
            "name": "David Orchard",
            "email": "dorchard@bea.com",
            "subject": "RE: PFTF next telcon",
            "id": "004b01c2d1f2$fdd8cd50$b90ba8c0@beasys.com",
            "charset": "iso-8859-1",
            "inreplyto": "005001c2d1f0$3e4460a0$f900a8c0&#64;lankabook2",
            "expires": "-1",
            "to": "<public-ws-pnf-tf@w3.org>\n"
        },
        {
            "body": "I will be on vacation on the 24/4 and 1/5, and giving a talk atXML Europe 2003 on the 8/5.Regrets for the PFTF for the same 3 weeks.Jean-Jacques.",
            "docno": "lists-027-10005340",
            "received": "Thu Apr 10 04:00:21 2003",
            "isoreceived": "20030410080021",
            "sent": "Thu, 10 Apr 2003 10:00:11 +0200",
            "isosent": "20030410080011",
            "name": "Jean-Jacques Moreau",
            "email": "jean-jacques.moreau@crf.canon.fr",
            "subject": "Regrets telcon 24/4, 1/5, 8/5",
            "id": "3E95248B.4010007@crf.canon.fr",
            "charset": "us-ascii",
            "expires": "-1",
            "to": " WSD Private<w3c-ws-desc@w3.org>,public-ws-pnf-tf@w3.org\n",
            "cc": " FABLET Youenn<youenn.fablet@crf.canon.fr>\n"
        },
        {
            "body": "That time would be OK with me, though I might suggest :a) we take 90 minutes, since we'll presumably be doing work on the scenarios and it would be good to get some momentum goingb) we augment the teleconference with IRC, so that we can share syntactic examples/proposals without saying \"open-bracket, wsdl colon feature, uri equals quote...\" :)--Glen> -----Original Message-----> From: FABLET Youenn [mailto:youenn.fablet@crf.canon.fr]> Sent: Tuesday, February 11, 2003 8:11 AM> To: Jean-Jacques Moreau> Cc: Glen Daniels; public-ws-pnf-tf@w3.org> Subject: Re: PFTF next telcon>>> Now that the mailing list is properly installed, we should> schedule the> meeting...> For this week, would it be fine with everybody to have a> telcon one hour> before the WSD telcon ?>     Youenn>>> Jean-Jacques Moreau wrote:>> >> > Certainly. My expectation was that the joint mailing list would be> > available shortly and that we could forward the message to> that list.> > Ah well... :-(> >> > However, I've just realized that I could easily find out> the address> > for WSArch's private mailing list; so here it goes!> >> > Jean-Jacques.> >> > PS. Steve Lind cannot make Wenesday.> >> > Glen Daniels wrote:> >> >>> >> I could do any of these.  We should really be scheduling this with> >> the arch folks (DaveO, ChrisF, others?) as well...> >>> >> --G> >>> >>> >>> -----Original Message-----> >>> From: Jean-Jacques Moreau> [mailto:jean-jacques.moreau@crf.canon.fr]> >>> Sent: Tuesday, February 04, 2003 3:23 AM> >>> To: WSD Private> >>> Subject: PFTF next telcon> >>>> >>>> >>>> >>> Dear PFTF'ers,> >>>> >>> Here are Youenn and I's availabilities for the next> Properties and> >>> Features Task Force (in *decreasing* order of preference):> >>>> >>> * Wenesday 12/2 8:00 PST/17:00 CET> >>> * Tuesday  11/2 8:00 PST/17:00 CET> >>> * Monday   10/2 8:00 PST/17:00 CET> >>>> >>> Jean-Jacques.> >>>> >>> >>> >>>",
            "docno": "lists-027-10235234",
            "received": "Tue Feb 11 08:25:04 2003",
            "isoreceived": "20030211132504",
            "sent": "Tue, 11 Feb 2003 08:24:18 -0500",
            "isosent": "20030211132418",
            "name": "Glen Daniels",
            "email": "gdaniels@macromedia.com",
            "subject": "RE: PFTF next telcon",
            "id": "CB1FF0A474AEA84EA0206D5B05F6A4CB0254FDBC@S1001EXM02.macromedia.com",
            "charset": "iso-8859-1",
            "inreplyto": "PFTF next telcon",
            "expires": "-1",
            "to": "\"'FABLET Youenn'\"<youenn.fablet@crf.canon.fr>\n",
            "cc": "public-ws-pnf-tf@w3.org\n"
        },
        {
            "body": "Now that the mailing list is properly installed, we should schedule themeeting...For this week, would it be fine with everybody to have a telcon one hourbefore the WSD telcon ?YouennJean-Jacques Moreau wrote:>> Certainly. My expectation was that the joint mailing list would be> available shortly and that we could forward the message to that list.> Ah well... :-(>> However, I've just realized that I could easily find out the address> for WSArch's private mailing list; so here it goes!>> Jean-Jacques.>> PS. Steve Lind cannot make Wenesday.>> Glen Daniels wrote:>>>>> I could do any of these.  We should really be scheduling this with>> the arch folks (DaveO, ChrisF, others?) as well...>>>> --G>>>>>>> -----Original Message----->>> From: Jean-Jacques Moreau [mailto:jean-jacques.moreau@crf.canon.fr]>>> Sent: Tuesday, February 04, 2003 3:23 AM>>> To: WSD Private>>> Subject: PFTF next telcon>>>>>>>>>>>> Dear PFTF'ers,>>>>>> Here are Youenn and I's availabilities for the next Properties and>>> Features Task Force (in *decreasing* order of preference):>>>>>> * Wenesday 12/2 8:00 PST/17:00 CET>>> * Tuesday  11/2 8:00 PST/17:00 CET>>> * Monday   10/2 8:00 PST/17:00 CET>>>>>> Jean-Jacques.>>>>>>>>",
            "docno": "lists-027-10246355",
            "received": "Tue Feb 11 10:10:25 2003",
            "isoreceived": "20030211151025",
            "sent": "Tue, 11 Feb 2003 14:10:40 +0100",
            "isosent": "20030211131040",
            "name": "FABLET Youenn",
            "email": "youenn.fablet@crf.canon.fr",
            "subject": "Re: PFTF next telcon",
            "id": "3E48F650.3020402@crf.canon.fr",
            "charset": "us-ascii",
            "inreplyto": "3E40CB00.9000306&#64;crf.canon.fr",
            "expires": "-1",
            "to": " Jean-Jacques Moreau<jean-jacques.moreau@crf.canon.fr>\n",
            "cc": " Glen Daniels<gdaniels@macromedia.com>,public-ws-pnf-tf@w3.org\n"
        },
        {
            "body": "Sorry.If WSDL supports more than SOAP (as I believe that it does), then wemust support message exchange patterns that they define.  We cannotrestrict the set of available MEPs at the binding level to only thosedefined by SOAP, because WSDL supports binding styles other than SOAP.Amy!On Fri, 27 Jun 2003 14:31:53 +0200\"Jean-Jacques Moreau\" <jean-jacques.moreau@crf.canon.fr> wrote:> I'm lost by the double negative (can't-only). Didn't you mean> something different?>> Jean-Jacques.>> Amy Lewis wrote:>> > We can't mandate SOAP MEPs only at the binding level, if we plan to> > support bindings other than SOAP.  Can we?>>>--Amelia A. LewisArchitect, TIBCO/Extensibility, Inc.alewis@tibco.com",
            "docno": "lists-027-4986915",
            "received": "Fri Jun 27 10:38:43 2003",
            "isoreceived": "20030627143843",
            "sent": "Fri, 27 Jun 2003 10:19:01 -0400",
            "isosent": "20030627141901",
            "name": "Amy Lewis",
            "email": "wis@tibco.com",
            "subject": "Re: SOAP pattenrs vs. WSDL patterns",
            "id": "20030627101901.628f8d17.alewis@tibco.com",
            "charset": "US-ASCII",
            "inreplyto": "3EFC3939.6080709&#64;crf.canon.fr",
            "expires": "-1",
            "to": "\"Jean-Jacques Moreau\"<jean-jacques.moreau@crf.canon.fr>\n",
            "cc": "dbooth@w3.org,public-ws-desc-meps@w3.org,youenn.fablet@crf.canon.fr\n"
        },
        {
            "body": "+1----- Original Message -----From: \"Umit Yalcinalp\" <umit.yalcinalp@oracle.com><dbooth@w3.org>; <public-ws-desc-meps@w3.org>; <youenn.fablet@crf.canon.fr>Sent: Saturday, June 28, 2003 3:04 AMSubject: Re: SOAP pattenrs vs. WSDL patterns>>> Amy Lewis wrote:>> >Sounds all correct to me.  David, Umit?  Anyone else?> >> Sounds correct to me as well.>> >> >I think that possibly we need to state these as requirements, or> >indicate that the logic of the thing imposes these requirements.> >> I agree with Jean-Jacques, too. They are definitely requirements.>> >> >Amy!> >On Fri, 27 Jun 2003 16:49:26 +0200> >\"Jean-Jacques Moreau\" <jean-jacques.moreau@crf.canon.fr> wrote:> >> >> >> >>I'm still somewhat puzzled. (Although I think I agree.)> >>> >>Let me try to paraphrase.> >>> >>WSDL must support more than SOAP. So, at the interface level, we need> >>to use WSDL patterns, not SOAP MEPs. In bindings other than the SOAP> >>binding, we need to support MEPs other than the SOAP MEPs. In the SOAP> >>> >>binding, of course, we need to support SOAP MEPs.> >>> >>The MEPs used in a particular binding must be compatible with the WSDL> >>> >>patterns used in the corresponding interface/operation.> >>> >>Maybe this is more than paraphrasing; maybe the above are> >>requirements.> >>> >>Jean-Jacques.> >>> >>Amy Lewis wrote:> >>> >>> >>> >>>Sorry.> >>>> >>>If WSDL supports more than SOAP (as I believe that it does), then we> >>>must support message exchange patterns that they define.  We cannot> >>>restrict the set of available MEPs at the binding level to only> >>>those defined by SOAP, because WSDL supports binding styles other> >>>than SOAP.> >>>> >>>Amy!> >>>On Fri, 27 Jun 2003 14:31:53 +0200> >>>\"Jean-Jacques Moreau\" <jean-jacques.moreau@crf.canon.fr> wrote:> >>>> >>>> >>>> >>>> >>>>I'm lost by the double negative (can't-only). Didn't you mean> >>>>something different?> >>>>> >>>>Jean-Jacques.> >>>>> >>>>Amy Lewis wrote:> >>>>> >>>>> >>>>> >>>>> >>>>>We can't mandate SOAP MEPs only at the binding level, if we plan to> >>>>>support bindings other than SOAP.  Can we?> >>>>>> >>>>>> >>>>> >>>>> >>>>> >>>> >>>> >>> >>> >> >> >> >>> --> Umit Yalcinalp> Consulting Member of Technical Staff> ORACLE> Phone: +1 650 607 6154> Email: umit.yalcinalp@oracle.com>>>>",
            "docno": "lists-027-5038635",
            "received": "Sun Jun 29 07:03:02 2003",
            "isoreceived": "20030629110302",
            "sent": "Sun, 29 Jun 2003 17:03:02 +0600",
            "isosent": "20030629110302",
            "name": "Sanjiva Weerawarana",
            "email": "sanjiva@watson.ibm.com",
            "subject": "Re: SOAP pattenrs vs. WSDL patterns",
            "id": "043501c33e2e$04b20860$02c8a8c0@lankabook2",
            "charset": "iso-8859-1",
            "inreplyto": "3EFCB15A.3070509&#64;oracle.com",
            "expires": "-1",
            "to": " \"Amy Lewis\" <alewis@tibco.com>\n",
            "cc": " \"Jean-Jacques Moreau\" <jean-jacques.moreau@crf.canon.fr>;\n"
        },
        {
            "body": "Sounds ok to me, although I suspect this might be too early forWest Costers.Jean-Jacques.Glen Daniels wrote:> That time would be OK with me, though I might suggest :>> a) we take 90 minutes, since we'll presumably be doing work on the scenarios and it would be good to get some momentum going>> b) we augment the teleconference with IRC, so that we can share syntactic examples/proposals without saying \"open-bracket, wsdl colon feature, uri equals quote...\" :)",
            "docno": "lists-027-10254725",
            "received": "Tue Feb 11 10:43:20 2003",
            "isoreceived": "20030211154320",
            "sent": "Tue, 11 Feb 2003 16:42:28 +0100",
            "isosent": "20030211154228",
            "name": "Jean-Jacques Moreau",
            "email": "jean-jacques.moreau@crf.canon.fr",
            "subject": "Re: PFTF next telcon",
            "id": "3E4919E4.1070404@crf.canon.fr",
            "charset": "us-ascii",
            "inreplyto": "CB1FF0A474AEA84EA0206D5B05F6A4CB0254FDBC&#64;S1001EXM02.macromedia.com",
            "expires": "-1",
            "to": " Glen Daniels<gdaniels@macromedia.com>\n",
            "cc": "\"'FABLET Youenn'\"<youenn.fablet@crf.canon.fr>,public-ws-pnf-tf@w3.org\n"
        },
        {
            "body": "That doesn't work well for me, as the runs right up to the ws-arch telcon.I need at least a half hour for lunch.12:30 EST?Dave> -----Original Message-----> From: public-ws-pnf-tf-request@w3.org> [mailto:public-ws-pnf-tf-request@w3.org]On Behalf Of Glen Daniels> Sent: Tuesday, February 11, 2003 8:55 AM> To: 'public-ws-pnf-tf@w3.org'> Subject: RE: PFTF next telcon>>>>> 1PM EST works for me.>> > -----Original Message-----> > From: Amelia A. Lewis [mailto:alewis@tibco.com]> > Sent: Tuesday, February 11, 2003 11:34 AM> > To: Sandeep Kumar> > Cc: jean-jacques.moreau@crf.canon.fr; gdaniels@macromedia.com;> > youenn.fablet@crf.canon.fr; public-ws-pnf-tf@w3.org> > Subject: Re: PFTF next telcon> >> >> > On Tue, 11 Feb 2003 08:03:51 -0800> > \"Sandeep Kumar\" <sandkuma@cisco.com> wrote:> >> > >> > > Yes, 6:30 am pst is very early for me. Is 9:30 or 10:00 am> > PST suitable to> > > everyone?> > > That is right after WSD meeting.> >> > It would be *really* nice to have some sort of break between> > meetings.  Half an hour would be enough, but it would really> > help to be able to stand up and walk around a bit.  So I'm> > not thrilled by 9:30 (12:30 EST); would prefer 10:00 (1:00> > EST), half an hour after the end of the WSD meeting.> >> > Amy!> > > - sandeep> > >> > > -----Original Message-----> > > From: public-ws-pnf-tf-request@w3.org> > > [mailto:public-ws-pnf-tf-request@w3.org]On Behalf Of> > Jean-Jacques Moreau> > > Sent: Tuesday, February 11, 2003 7:42 AM> > > To: Glen Daniels> > > Cc: 'FABLET Youenn'; public-ws-pnf-tf@w3.org> > > Subject: Re: PFTF next telcon> > >> > >> > >> > > Sounds ok to me, although I suspect this might be too early for> > > West Costers.> > >> > > Jean-Jacques.> > >> > > Glen Daniels wrote:> > > > That time would be OK with me, though I might suggest :> > > >> > > > a) we take 90 minutes, since we'll presumably be doing> work on the> > > scenarios and it would be good to get some momentum going> > > >> > > > b) we augment the teleconference with IRC, so that we can> > share syntactic> > > examples/proposals without saying \"open-bracket, wsdl colon> > feature, uri> > > equals quote...\" :)> > >> > >> >> >> > --> > Amelia A. Lewis> > Architect, TIBCO/Extensibility, Inc.> > alewis@tibco.com> >>>",
            "docno": "lists-027-10318717",
            "received": "Tue Feb 11 12:21:18 2003",
            "isoreceived": "20030211172118",
            "sent": "Tue, 11 Feb 2003 09:18:58 -0800",
            "isosent": "20030211171858",
            "name": "David Orchard",
            "email": "dorchard@bea.com",
            "subject": "RE: PFTF next telcon",
            "id": "004501c2d1f1$aa771690$b90ba8c0@beasys.com",
            "charset": "iso-8859-1",
            "inreplyto": "CB1FF0A474AEA84EA0206D5B05F6A4CB03304909&#64;S1001EXM02.macromedia.com",
            "expires": "-1",
            "to": "\"'Glen Daniels'\"<gdaniels@macromedia.com>,<public-ws-pnf-tf@w3.org>\n"
        },
        {
            "body": "Amy Lewis wrote:>Sounds all correct to me.  David, Umit?  Anyone else?>Sounds correct to me as well.>>I think that possibly we need to state these as requirements, or>indicate that the logic of the thing imposes these requirements.>I agree with Jean-Jacques, too. They are definitely requirements.>>Amy!>On Fri, 27 Jun 2003 16:49:26 +0200>\"Jean-Jacques Moreau\" <jean-jacques.moreau@crf.canon.fr> wrote:>>>>>I'm still somewhat puzzled. (Although I think I agree.)>>>>Let me try to paraphrase.>>>>WSDL must support more than SOAP. So, at the interface level, we need>>to use WSDL patterns, not SOAP MEPs. In bindings other than the SOAP>>binding, we need to support MEPs other than the SOAP MEPs. In the SOAP>>>>binding, of course, we need to support SOAP MEPs.>>>>The MEPs used in a particular binding must be compatible with the WSDL>>>>patterns used in the corresponding interface/operation.>>>>Maybe this is more than paraphrasing; maybe the above are>>requirements.>>>>Jean-Jacques.>>>>Amy Lewis wrote:>>>>>>>>>Sorry.>>>>>>If WSDL supports more than SOAP (as I believe that it does), then we>>>must support message exchange patterns that they define.  We cannot>>>restrict the set of available MEPs at the binding level to only>>>those defined by SOAP, because WSDL supports binding styles other>>>than SOAP.>>>>>>Amy!>>>On Fri, 27 Jun 2003 14:31:53 +0200>>>\"Jean-Jacques Moreau\" <jean-jacques.moreau@crf.canon.fr> wrote:>>>>>>>>>>>>>>>>I'm lost by the double negative (can't-only). Didn't you mean>>>>something different?>>>>>>>>Jean-Jacques.>>>>>>>>Amy Lewis wrote:>>>>>>>>>>>>>>>>>>>>>We can't mandate SOAP MEPs only at the binding level, if we plan to>>>>>support bindings other than SOAP.  Can we?>>>>>>>>>>>>>>>>>>>>>>>>>>>>>>>>>>>>--Umit YalcinalpConsulting Member of Technical StaffORACLEPhone: +1 650 607 6154Email: umit.yalcinalp@oracle.com",
            "docno": "lists-027-5027245",
            "received": "Fri Jun 27 17:04:39 2003",
            "isoreceived": "20030627210439",
            "sent": "Fri, 27 Jun 2003 14:04:26 -0700",
            "isosent": "20030627210426",
            "name": "Umit Yalcinalp",
            "email": "umit.yalcinalp@oracle.com",
            "subject": "Re: SOAP pattenrs vs. WSDL patterns",
            "id": "3EFCB15A.3070509@oracle.com",
            "charset": "us-ascii",
            "inreplyto": "20030627105445.7862204e.alewis&#64;tibco.com",
            "expires": "-1",
            "to": " Amy Lewis<alewis@tibco.com>\n",
            "cc": " Jean-Jacques Moreau<jean-jacques.moreau@crf.canon.fr>,dbooth@w3.org,public-ws-desc-meps@w3.org,youenn.fablet@crf.canon.fr\n"
        },
        {
            "body": "A bonus would be to have an example of a new SOAP MEP and itscorresponding WSDL counterpart.Jean-Jacques.FABLET Youenn wrote:> It may have already be done within the task force but I would really> like to have in the proposal some words of the similarities/differences> between SOAP mep model and the proposed WSDL mep model and how they can> be linked.",
            "docno": "lists-027-4858397",
            "received": "Thu Jun 19 05:40:57 2003",
            "isoreceived": "20030619094057",
            "sent": "Thu, 19 Jun 2003 11:43:04 +0200",
            "isosent": "20030619094304",
            "name": "Jean-Jacques Moreau",
            "email": "jean-jacques.moreau@crf.canon.fr",
            "subject": "Re: SOAP and WSDL meps ?",
            "id": "3EF185A8.8010703@crf.canon.fr",
            "charset": "us-ascii",
            "inreplyto": "3EF08A32.9000707&#64;crf.canon.fr",
            "expires": "-1",
            "to": " FABLET Youenn<youenn.fablet@crf.canon.fr>\n",
            "cc": "public-ws-desc-meps@w3.org\n"
        },
        {
            "body": "On Tue, 11 Feb 2003 08:03:51 -0800\"Sandeep Kumar\" <sandkuma@cisco.com> wrote:>> Yes, 6:30 am pst is very early for me. Is 9:30 or 10:00 am PST suitable to> everyone?> That is right after WSD meeting.It would be *really* nice to have some sort of break between meetings.  Half an hour would be enough, but it would really help to be able to stand up and walk around a bit.  So I'm not thrilled by 9:30 (12:30 EST); would prefer 10:00 (1:00 EST), half an hour after the end of the WSD meeting.Amy!> - sandeep>> -----Original Message-----> From: public-ws-pnf-tf-request@w3.org> [mailto:public-ws-pnf-tf-request@w3.org]On Behalf Of Jean-Jacques Moreau> Sent: Tuesday, February 11, 2003 7:42 AM> To: Glen Daniels> Cc: 'FABLET Youenn'; public-ws-pnf-tf@w3.org> Subject: Re: PFTF next telcon>>>> Sounds ok to me, although I suspect this might be too early for> West Costers.>> Jean-Jacques.>> Glen Daniels wrote:> > That time would be OK with me, though I might suggest :> >> > a) we take 90 minutes, since we'll presumably be doing work on the> scenarios and it would be good to get some momentum going> >> > b) we augment the teleconference with IRC, so that we can share syntactic> examples/proposals without saying \"open-bracket, wsdl colon feature, uri> equals quote...\" :)>>--Amelia A. LewisArchitect, TIBCO/Extensibility, Inc.alewis@tibco.com",
            "docno": "lists-027-10272259",
            "received": "Tue Feb 11 11:33:41 2003",
            "isoreceived": "20030211163341",
            "sent": "Tue, 11 Feb 2003 11:33:39 -0500",
            "isosent": "20030211163339",
            "name": "Amelia A. Lewis",
            "email": "wis@tibco.com",
            "subject": "Re: PFTF next telcon",
            "id": "20030211113339.777701ba.alewis@tibco.com",
            "charset": "US-ASCII",
            "inreplyto": "GEEIIPGIGJHOLHFLNCJAIEJDDEAA.sandkuma&#64;cisco.com",
            "expires": "-1",
            "to": "\"Sandeep Kumar\"<sandkuma@cisco.com>\n",
            "cc": "jean-jacques.moreau@crf.canon.fr,gdaniels@macromedia.com,youenn.fablet@crf.canon.fr,public-ws-pnf-tf@w3.org\n"
        },
        {
            "body": "I agree (even if the soap mep model is quite extensible and large enoughIMO to cover the 80/20 cases :-).What is also of interest is to allow the maximum compatibility betweenthe soap mep model and the wsdl pattern model.The soap mep framework mixes generic mep information (exactly what awsdl pattern provides) and additional information (state machine,protocol specific data).IMO, someone (the wsdl wg ?) should clarify how wsdl patterns and soapmeps are working together. Guidelines should be provided about how towrite new SOAP meps. These guidelines would promote the idea of defininga SOAP mep through:- reusing an already defined wsdl pattern/ creating a new wsdl pattern- in the new soap mep spec, refer to this wsdl pattern and addadditional information/constraints to be implementableThe benefit is to clearly separate abstract information/concreteinformation in two specs, these two specs being not redundant.It seems difficult to enforce these guidelines for the Soap/response andreq/resp meps but I see benefits for to be created soap meps.The reuse of wsdl patterns to define soap meps add some constrains tothe wsdl pattern model. I only see a few constrains however and quite(?) common sense:- identify each message (or message type for the multicast case)through a uri- identify each mep through a uri- identify each described node (or node type for the multicast case)through a uri- (any other constraint?)The biggest difference between soap meps and wsdl patterns as defined inthe current document might be that wsdl patterns differentiate theservice node from the other nodes of the network while soap does notmake that distinction.Depending on the wsdl pattern description model , this could also besolved nicely.YouennAmy Lewis wrote:>Sorry.>>If WSDL supports more than SOAP (as I believe that it does), then we>must support message exchange patterns that they define.  We cannot>restrict the set of available MEPs at the binding level to only those>defined by SOAP, because WSDL supports binding styles other than SOAP.>>Amy!>On Fri, 27 Jun 2003 14:31:53 +0200>\"Jean-Jacques Moreau\" <jean-jacques.moreau@crf.canon.fr> wrote:>>>>>I'm lost by the double negative (can't-only). Didn't you mean>>something different?>>>>Jean-Jacques.>>>>Amy Lewis wrote:>>>>>>>>>We can't mandate SOAP MEPs only at the binding level, if we plan to>>>support bindings other than SOAP.  Can we?>>>>>>>>>>>>>>>>",
            "docno": "lists-027-5005811",
            "received": "Fri Jun 27 11:27:05 2003",
            "isoreceived": "20030627152705",
            "sent": "Fri, 27 Jun 2003 17:26:36 +0200",
            "isosent": "20030627152636",
            "name": "FABLET Youenn",
            "email": "youenn.fablet@crf.canon.fr",
            "subject": "Re: SOAP pattenrs vs. WSDL patterns",
            "id": "3EFC622C.2010203@crf.canon.fr",
            "charset": "us-ascii",
            "inreplyto": "20030627101901.628f8d17.alewis&#64;tibco.com",
            "expires": "-1",
            "to": " Amy Lewis<alewis@tibco.com>\n",
            "cc": " Jean-Jacques Moreau<jean-jacques.moreau@crf.canon.fr>,dbooth@w3.org,public-ws-desc-meps@w3.org\n"
        },
        {
            "body": "I'm lost by the double negative (can't-only). Didn't you mean somethingdifferent?Jean-Jacques.Amy Lewis wrote:> We can't mandate SOAP MEPs only at the binding level, if we plan to> support bindings other than SOAP.  Can we?",
            "docno": "lists-027-4970636",
            "received": "Fri Jun 27 08:32:30 2003",
            "isoreceived": "20030627123230",
            "sent": "Fri, 27 Jun 2003 14:31:53 +0200",
            "isosent": "20030627123153",
            "name": "Jean-Jacques Moreau",
            "email": "jean-jacques.moreau@crf.canon.fr",
            "subject": "Re: SOAP pattenrs vs. WSDL patterns",
            "id": "3EFC3939.6080709@crf.canon.fr",
            "charset": "us-ascii",
            "inreplyto": "20030625103333.7d5a22f2.alewis&#64;tibco.com",
            "expires": "-1",
            "to": " Amy Lewis<alewis@tibco.com>\n",
            "cc": "dbooth@w3.org,public-ws-desc-meps@w3.org,youenn.fablet@crf.canon.fr\n"
        },
        {
            "body": "Regrets for this telcon, I have another appointment at 5PM CET.YouennGlen Daniels wrote:>Greetings PFTF'ers:>>We'll be having our weekly telcon again tomorrow (Tuesday) at 11AM EST, 8AM PST, 4PM UTC (etc) on Zakim as per [1].>>The agenda is as follows:>>* Sanjiva will be giving us a presentation on the IBM Context proposal [2].>  We'll get the scoop from Sanjiva and discuss ways in which we might blend>  this fruitfully with the Properties pattern.>>* Update on where we'd like to go with the TF, and what's pending in terms>  of writeups and decisions.>>See you there!>>--Glen>>[1] http://www.w3.org/2003/02/14-pftf.html>[2] http://lists.w3.org/Archives/Public/www-ws-desc/2003Jan/0063.html>>>",
            "docno": "lists-027-10069219",
            "received": "Tue Apr 29 03:15:12 2003",
            "isoreceived": "20030429071512",
            "sent": "Tue, 29 Apr 2003 08:25:29 +0200",
            "isosent": "20030429062529",
            "name": "FABLET Youenn",
            "email": "youenn.fablet@crf.canon.fr",
            "subject": "Re: Telcon Agenda, 04/29/03",
            "id": "3EAE1AD9.1060000@crf.canon.fr",
            "charset": "us-ascii",
            "inreplyto": "CB1FF0A474AEA84EA0206D5B05F6A4CB02550027&#64;S1001EXM02.macromedia.com",
            "expires": "-1",
            "to": "\"Properties and Features Task Force (public-ws-pnf-tf@w3.org)\"<public-ws-pnf-tf@w3.org>\n"
        },
        {
            "body": "Let's just rule silly times out.  6:30 am is a silly time.Dave> -----Original Message-----> From: public-ws-pnf-tf-request@w3.org> [mailto:public-ws-pnf-tf-request@w3.org]On Behalf Of Sandeep Kumar> Sent: Tuesday, February 11, 2003 8:04 AM> To: Jean-Jacques Moreau; Glen Daniels> Cc: 'FABLET Youenn'; public-ws-pnf-tf@w3.org> Subject: RE: PFTF next telcon>>>> Yes, 6:30 am pst is very early for me. Is 9:30 or 10:00 am> PST suitable to> everyone?> That is right after WSD meeting.> - sandeep>> -----Original Message-----> From: public-ws-pnf-tf-request@w3.org> [mailto:public-ws-pnf-tf-request@w3.org]On Behalf Of> Jean-Jacques Moreau> Sent: Tuesday, February 11, 2003 7:42 AM> To: Glen Daniels> Cc: 'FABLET Youenn'; public-ws-pnf-tf@w3.org> Subject: Re: PFTF next telcon>>>> Sounds ok to me, although I suspect this might be too early for> West Costers.>> Jean-Jacques.>> Glen Daniels wrote:> > That time would be OK with me, though I might suggest :> >> > a) we take 90 minutes, since we'll presumably be doing work on the> scenarios and it would be good to get some momentum going> >> > b) we augment the teleconference with IRC, so that we can> share syntactic> examples/proposals without saying \"open-bracket, wsdl colon> feature, uri> equals quote...\" :)>>>",
            "docno": "lists-027-10282614",
            "received": "Tue Feb 11 11:42:40 2003",
            "isoreceived": "20030211164240",
            "sent": "Tue, 11 Feb 2003 08:40:20 -0800",
            "isosent": "20030211164020",
            "name": "David Orchard",
            "email": "dorchard@bea.com",
            "subject": "RE: PFTF next telcon",
            "id": "003e01c2d1ec$4488fab0$b90ba8c0@beasys.com",
            "charset": "US-ASCII",
            "inreplyto": "GEEIIPGIGJHOLHFLNCJAIEJDDEAA.sandkuma&#64;cisco.com",
            "expires": "-1",
            "to": "\"'Sandeep Kumar'\"<sandkuma@cisco.com>,\"'Jean-Jacques Moreau'\"<jean-jacques.moreau@crf.canon.fr>,\"'Glen Daniels'\"<gdaniels@macromedia.com>\n",
            "cc": "\"'FABLET Youenn'\"<youenn.fablet@crf.canon.fr>,<public-ws-pnf-tf@w3.org>\n"
        },
        {
            "body": "Right.  There was sentiment that we SHOULD indicate the relationshipbetween WSDL MEPs and SOAP MEPs, and some sentiment that SOAP MEPs might beconcretizations or specializations of WSDL MEPs, but we weren't reallyready to make that determination yet, so the issue was deferred.At 10:33 AM 6/25/2003 -0400, Amy Lewis wrote:>I don't think that we reached a conclusion.  Not this one, at any rate.>>We can't mandate SOAP MEPs only at the binding level, if we plan to>support bindings other than SOAP.  Can we?>>Amy!>On Wed, 25 Jun 2003 14:05:55 +0200>\"Jean-Jacques Moreau\" <jean-jacques.moreau@crf.canon.fr> wrote:>> >> >  From the minutes, I am not entirely sure what conclusion you reached.> >> > Would it be fair to summarize the TF's position as follows? (I> > apologize in advance if my summary misrepresent the TF's position.)> >> > 1) At the interface level, we will use WSDL patterns.> >> > 2) At the binding level, we will use SOAP MEPs.> >> > 3) We will not indicate the relationship between the two.> >> > I'm fine with 1) and 2); I feel we will need to be a little more> > explicit about 3). For example, does the choice of a WSDL pattern> > restrict the set of possible SOAP MEPs?> >> > Again, apologies if my characterization of the TF's position was not> > accurate.> >> > Jean-Jacques.> >> > David Booth wrote:> > >       SOAP patterns vs. WSDL patterns.> > >> > > <*dbooth*> See Youenn's message:> > > http://lists.w3.org/Archives/Public/public-ws-desc-meps/2003Jun/0024.html> > >> > > *David:* Any wisdom to share?> > >> > > *Amy:* In Scottsdale we decided to make WSDL patterns operate at a> > > more fundamental conceptual level than SOAP MEPS.> > > ... Some discussion whether we should ask SOAP to define their> > > patterns in terms of ours.> > > ... Decided \"no\". They weren't going to change.> > > ... Doesn't change the fact that SOAP patterns are more explicit> > > than ours.... No attempt to discriminate on our part between HTTP> > > request-response, an HTTP get followed by a SOAP response, and a> > > SOAP request-response.> > > ... XMLP has defined two of these.> > > ... In WSDL we also are dealing with pure HTTP request-response.> > > ... I don't see that we have a significant win in distinguishing> > > those cases.> > > ... Do we need to identify SOAP categories of request-response?> > > ... Can we leave this totally to the binding?> > >> > > *Scribe:* David, Umit: Leave to binding.> > >> > > *Amy:* There's a certain amount of SOAP r-r that we won't model> > > outside the binding.> > >> > > *Umit:* Does it matter to the client? No.> > >> > > *Amy:* We don't need to make as many distinctions as SOAP r-r> > > patterns, right?> > >> > > *Scribe:* David, Umit: Sounds like the case.> > >> > > *David:* Still useful to show correspondence between our patterns> > > and XMLPs.> > >> > > *Amy:* Yes, at some point we end up with a pattern (p3) which maps> > > to both SOAP MEPs.> > >> > > *Umit:* Equivalencies.> > >> > > *David:* Specializations.> > >> > > *Umit:* If they map to p3 doesn't that mean two equivalent> > > implementations of the pattern?> > > ... Actually a concretization of the pattern in three different> > > ways.... When we have a leaf node in our lattice, there may be a> > > specific binding that describes that pattern.> > >> > > *David:* Specific binding is not an actual sequence of messages. A> > > sequence of messages conforms to the binding, or not.> > > ... If it conforms to the binding, it conforms to the pattern.> > >> > > *Amy:* Can we say we might need some specialized terminology and> > > move on?> > >> > > *Scribe:* (scribe missing some chunks here)> > >> > > *Umit:* As long as the client has a specific pattern it adheres to,> > > how it relates to XMLP work doesn't matter.> > >> > > *David:* We will need to identify the link between our specific> > > patterns and SOAP's.> > >> > > <*dbooth*> JM: It would be good of people writing new SOAP specs> > > would reference our MEPs.> >> >>>>-->Amelia A. Lewis>Architect, TIBCO/Extensibility, Inc.>alewis@tibco.com--David BoothW3C Fellow / Hewlett-PackardTelephone: +1.617.253.1273",
            "docno": "lists-027-4956028",
            "received": "Wed Jun 25 14:05:19 2003",
            "isoreceived": "20030625180519",
            "sent": "Wed, 25 Jun 2003 14:05:03 -0400",
            "isosent": "20030625180503",
            "name": "David Booth",
            "email": "dbooth@w3.org",
            "subject": "Re: SOAP pattenrs vs. WSDL patterns (was: Minutes from MEP   Task Force  23 June 2003)",
            "id": "5.1.0.14.2.20030625140044.025bae40@localhost",
            "charset": "us-ascii",
            "inreplyto": "20030625103333.7d5a22f2.alewis&#64;tibco.com",
            "expires": "-1",
            "to": "\"Amy Lewis\"<alewis@tibco.com>,\"Jean-Jacques Moreau\"<jean-jacques.moreau@crf.canon.fr>\n",
            "cc": "public-ws-desc-meps@w3.org,youenn.fablet@crf.canon.fr\n"
        },
        {
            "body": "I'm still somewhat puzzled. (Although I think I agree.)Let me try to paraphrase.WSDL must support more than SOAP. So, at the interface level, we need touse WSDL patterns, not SOAP MEPs. In bindings other than the SOAPbinding, we need to support MEPs other than the SOAP MEPs. In the SOAPbinding, of course, we need to support SOAP MEPs.The MEPs used in a particular binding must be compatible with the WSDLpatterns used in the corresponding interface/operation.Maybe this is more than paraphrasing; maybe the above are requirements.Jean-Jacques.Amy Lewis wrote:> Sorry.>> If WSDL supports more than SOAP (as I believe that it does), then we> must support message exchange patterns that they define.  We cannot> restrict the set of available MEPs at the binding level to only those> defined by SOAP, because WSDL supports binding styles other than SOAP.>> Amy!> On Fri, 27 Jun 2003 14:31:53 +0200> \"Jean-Jacques Moreau\" <jean-jacques.moreau@crf.canon.fr> wrote:>>>>I'm lost by the double negative (can't-only). Didn't you mean>>something different?>>>>Jean-Jacques.>>>>Amy Lewis wrote:>>>>>>>We can't mandate SOAP MEPs only at the binding level, if we plan to>>>support bindings other than SOAP.  Can we?>>>>>>>>",
            "docno": "lists-027-4996352",
            "received": "Fri Jun 27 10:50:00 2003",
            "isoreceived": "20030627145000",
            "sent": "Fri, 27 Jun 2003 16:49:26 +0200",
            "isosent": "20030627144926",
            "name": "Jean-Jacques Moreau",
            "email": "jean-jacques.moreau@crf.canon.fr",
            "subject": "Re: SOAP pattenrs vs. WSDL patterns",
            "id": "3EFC5976.1070103@crf.canon.fr",
            "charset": "us-ascii",
            "inreplyto": "20030627101901.628f8d17.alewis&#64;tibco.com",
            "expires": "-1",
            "to": " Amy Lewis<alewis@tibco.com>\n",
            "cc": "dbooth@w3.org,public-ws-desc-meps@w3.org,youenn.fablet@crf.canon.fr\n"
        },
        {
            "body": "+1, I have the same feeling. Given that SOAP MEPs are fixed, we may havea little bit of a difficulty in pairing the two, unless our current WSDLpatterns match perfectly.Jean-Jacques.Umit Yalcinalp wrote:> Personally, my gut feeling is that the SOAP MEPs will be specific> instances of a particular WSDL pattern and that is how we can establish> the relationships between the two. That is what I tried to convey during> the concall (but perhaps failed :-)).",
            "docno": "lists-027-4978917",
            "received": "Fri Jun 27 09:00:02 2003",
            "isoreceived": "20030627130002",
            "sent": "Fri, 27 Jun 2003 14:59:54 +0200",
            "isosent": "20030627125954",
            "name": "Jean-Jacques Moreau",
            "email": "jean-jacques.moreau@crf.canon.fr",
            "subject": "Re: SOAP pattenrs vs. WSDL patterns",
            "id": "3EFC3FCA.7010209@crf.canon.fr",
            "charset": "us-ascii",
            "inreplyto": "3EF9CCE6.7060905&#64;oracle.com",
            "expires": "-1",
            "to": " Umit Yalcinalp<umit.yalcinalp@oracle.com>\n",
            "cc": " David Booth<dbooth@w3.org>,public-ws-desc-meps@w3.org, FABLET Youenn<youenn.fablet@crf.canon.fr>\n"
        },
        {
            "body": "From the minutes, I am not entirely sure what conclusion you reached.Would it be fair to summarize the TF's position as follows? (I apologizein advance if my summary misrepresent the TF's position.)1) At the interface level, we will use WSDL patterns.2) At the binding level, we will use SOAP MEPs.3) We will not indicate the relationship between the two.I'm fine with 1) and 2); I feel we will need to be a little moreexplicit about 3). For example, does the choice of a WSDL patternrestrict the set of possible SOAP MEPs?Again, apologies if my characterization of the TF's position was notaccurate.Jean-Jacques.David Booth wrote:>       SOAP patterns vs. WSDL patterns.>> <*dbooth*> See Youenn's message:> http://lists.w3.org/Archives/Public/public-ws-desc-meps/2003Jun/0024.html>> *David:* Any wisdom to share?>> *Amy:* In Scottsdale we decided to make WSDL patterns operate at a more> fundamental conceptual level than SOAP MEPS.> ... Some discussion whether we should ask SOAP to define their patterns> in terms of ours.> ... Decided \"no\". They weren't going to change.> ... Doesn't change the fact that SOAP patterns are more explicit than ours.> ... No attempt to discriminate on our part between HTTP> request-response, an HTTP get followed by a SOAP response, and a SOAP> request-response.> ... XMLP has defined two of these.> ... In WSDL we also are dealing with pure HTTP request-response.> ... I don't see that we have a significant win in distinguishing those> cases.> ... Do we need to identify SOAP categories of request-response?> ... Can we leave this totally to the binding?>> *Scribe:* David, Umit: Leave to binding.>> *Amy:* There's a certain amount of SOAP r-r that we won't model outside> the binding.>> *Umit:* Does it matter to the client? No.>> *Amy:* We don't need to make as many distinctions as SOAP r-r patterns,> right?>> *Scribe:* David, Umit: Sounds like the case.>> *David:* Still useful to show correspondence between our patterns and> XMLPs.>> *Amy:* Yes, at some point we end up with a pattern (p3) which maps to> both SOAP MEPs.>> *Umit:* Equivalencies.>> *David:* Specializations.>> *Umit:* If they map to p3 doesn't that mean two equivalent> implementations of the pattern?> ... Actually a concretization of the pattern in three different ways.> ... When we have a leaf node in our lattice, there may be a specific> binding that describes that pattern.>> *David:* Specific binding is not an actual sequence of messages. A> sequence of messages conforms to the binding, or not.> ... If it conforms to the binding, it conforms to the pattern.>> *Amy:* Can we say we might need some specialized terminology and move on?>> *Scribe:* (scribe missing some chunks here)>> *Umit:* As long as the client has a specific pattern it adheres to, how> it relates to XMLP work doesn't matter.>> *David:* We will need to identify the link between our specific patterns> and SOAP's.>> <*dbooth*> JM: It would be good of people writing new SOAP specs would> reference our MEPs.",
            "docno": "lists-027-4908716",
            "received": "Wed Jun 25 08:06:04 2003",
            "isoreceived": "20030625120604",
            "sent": "Wed, 25 Jun 2003 14:05:55 +0200",
            "isosent": "20030625120555",
            "name": "Jean-Jacques Moreau",
            "email": "jean-jacques.moreau@crf.canon.fr",
            "subject": "SOAP pattenrs vs. WSDL patterns (was: Minutes from MEP Task Force  23 June 2003)",
            "id": "3EF99023.1020503@crf.canon.fr",
            "charset": "us-ascii",
            "inreplyto": "5.1.0.14.2.20030624175206.02592968&#64;localhost",
            "expires": "-1",
            "to": " David Booth<dbooth@w3.org>\n",
            "cc": "public-ws-desc-meps@w3.org, FABLET Youenn<youenn.fablet@crf.canon.fr>\n"
        },
        {
            "body": "Not as well for me .. that's midnight. Silly time depends on whereyou are Dave ;-).Anyway, in order to find a slot I am happy to accept 1pm easternfor an hour. However, I suggest that we consider rotating the timesto distribute the inconvenience. This is standard practice in IBMwhere we have regular calls with folks in Japan, China, Europe,US and everywhere in between.Sanjiva.----- Original Message -----From: \"Glen Daniels\" <gdaniels@macromedia.com>Sent: Tuesday, February 11, 2003 10:55 PMSubject: RE: PFTF next telcon>>> 1PM EST works for me.>> > -----Original Message-----> > From: Amelia A. Lewis [mailto:alewis@tibco.com]> > Sent: Tuesday, February 11, 2003 11:34 AM> > To: Sandeep Kumar> > Cc: jean-jacques.moreau@crf.canon.fr; gdaniels@macromedia.com;> > youenn.fablet@crf.canon.fr; public-ws-pnf-tf@w3.org> > Subject: Re: PFTF next telcon> >> >> > On Tue, 11 Feb 2003 08:03:51 -0800> > \"Sandeep Kumar\" <sandkuma@cisco.com> wrote:> >> > >> > > Yes, 6:30 am pst is very early for me. Is 9:30 or 10:00 am> > PST suitable to> > > everyone?> > > That is right after WSD meeting.> >> > It would be *really* nice to have some sort of break between> > meetings.  Half an hour would be enough, but it would really> > help to be able to stand up and walk around a bit.  So I'm> > not thrilled by 9:30 (12:30 EST); would prefer 10:00 (1:00> > EST), half an hour after the end of the WSD meeting.> >> > Amy!> > > - sandeep> > >> > > -----Original Message-----> > > From: public-ws-pnf-tf-request@w3.org> > > [mailto:public-ws-pnf-tf-request@w3.org]On Behalf Of> > Jean-Jacques Moreau> > > Sent: Tuesday, February 11, 2003 7:42 AM> > > To: Glen Daniels> > > Cc: 'FABLET Youenn'; public-ws-pnf-tf@w3.org> > > Subject: Re: PFTF next telcon> > >> > >> > >> > > Sounds ok to me, although I suspect this might be too early for> > > West Costers.> > >> > > Jean-Jacques.> > >> > > Glen Daniels wrote:> > > > That time would be OK with me, though I might suggest :> > > >> > > > a) we take 90 minutes, since we'll presumably be doing work on the> > > scenarios and it would be good to get some momentum going> > > >> > > > b) we augment the teleconference with IRC, so that we can> > share syntactic> > > examples/proposals without saying \"open-bracket, wsdl colon> > feature, uri> > > equals quote...\" :)> > >> > >> >> >> > --> > Amelia A. Lewis> > Architect, TIBCO/Extensibility, Inc.> > alewis@tibco.com> >",
            "docno": "lists-027-10306014",
            "received": "Tue Feb 11 12:11:44 2003",
            "isoreceived": "20030211171144",
            "sent": "Tue, 11 Feb 2003 23:08:45 +0600",
            "isosent": "20030211170845",
            "name": "Sanjiva Weerawarana",
            "email": "sanjiva@watson.ibm.com",
            "subject": "Re: PFTF next telcon",
            "id": "005001c2d1f0$3e4460a0$f900a8c0@lankabook2",
            "charset": "iso-8859-1",
            "inreplyto": "CB1FF0A474AEA84EA0206D5B05F6A4CB03304909&#64;S1001EXM02.macromedia.com",
            "expires": "-1",
            "to": " <public-ws-pnf-tf@w3.org>\n"
        },
        {
            "body": "I don't think that we reached a conclusion.  Not this one, at any rate.We can't mandate SOAP MEPs only at the binding level, if we plan tosupport bindings other than SOAP.  Can we?Amy!On Wed, 25 Jun 2003 14:05:55 +0200\"Jean-Jacques Moreau\" <jean-jacques.moreau@crf.canon.fr> wrote:>>  From the minutes, I am not entirely sure what conclusion you reached.>> Would it be fair to summarize the TF's position as follows? (I> apologize in advance if my summary misrepresent the TF's position.)>> 1) At the interface level, we will use WSDL patterns.>> 2) At the binding level, we will use SOAP MEPs.>> 3) We will not indicate the relationship between the two.>> I'm fine with 1) and 2); I feel we will need to be a little more> explicit about 3). For example, does the choice of a WSDL pattern> restrict the set of possible SOAP MEPs?>> Again, apologies if my characterization of the TF's position was not> accurate.>> Jean-Jacques.>> David Booth wrote:> >       SOAP patterns vs. WSDL patterns.> >> > <*dbooth*> See Youenn's message:> > http://lists.w3.org/Archives/Public/public-ws-desc-meps/2003Jun/0024.html> >> > *David:* Any wisdom to share?> >> > *Amy:* In Scottsdale we decided to make WSDL patterns operate at a> > more fundamental conceptual level than SOAP MEPS.> > ... Some discussion whether we should ask SOAP to define their> > patterns in terms of ours.> > ... Decided \"no\". They weren't going to change.> > ... Doesn't change the fact that SOAP patterns are more explicit> > than ours.... No attempt to discriminate on our part between HTTP> > request-response, an HTTP get followed by a SOAP response, and a> > SOAP request-response.> > ... XMLP has defined two of these.> > ... In WSDL we also are dealing with pure HTTP request-response.> > ... I don't see that we have a significant win in distinguishing> > those cases.> > ... Do we need to identify SOAP categories of request-response?> > ... Can we leave this totally to the binding?> >> > *Scribe:* David, Umit: Leave to binding.> >> > *Amy:* There's a certain amount of SOAP r-r that we won't model> > outside the binding.> >> > *Umit:* Does it matter to the client? No.> >> > *Amy:* We don't need to make as many distinctions as SOAP r-r> > patterns, right?> >> > *Scribe:* David, Umit: Sounds like the case.> >> > *David:* Still useful to show correspondence between our patterns> > and XMLPs.> >> > *Amy:* Yes, at some point we end up with a pattern (p3) which maps> > to both SOAP MEPs.> >> > *Umit:* Equivalencies.> >> > *David:* Specializations.> >> > *Umit:* If they map to p3 doesn't that mean two equivalent> > implementations of the pattern?> > ... Actually a concretization of the pattern in three different> > ways.... When we have a leaf node in our lattice, there may be a> > specific binding that describes that pattern.> >> > *David:* Specific binding is not an actual sequence of messages. A> > sequence of messages conforms to the binding, or not.> > ... If it conforms to the binding, it conforms to the pattern.> >> > *Amy:* Can we say we might need some specialized terminology and> > move on?> >> > *Scribe:* (scribe missing some chunks here)> >> > *Umit:* As long as the client has a specific pattern it adheres to,> > how it relates to XMLP work doesn't matter.> >> > *David:* We will need to identify the link between our specific> > patterns and SOAP's.> >> > <*dbooth*> JM: It would be good of people writing new SOAP specs> > would reference our MEPs.>>--Amelia A. LewisArchitect, TIBCO/Extensibility, Inc.alewis@tibco.com",
            "docno": "lists-027-4920828",
            "received": "Wed Jun 25 10:32:51 2003",
            "isoreceived": "20030625143251",
            "sent": "Wed, 25 Jun 2003 10:33:33 -0400",
            "isosent": "20030625143333",
            "name": "Amy Lewis",
            "email": "wis@tibco.com",
            "subject": "Re: SOAP pattenrs vs. WSDL patterns (was: Minutes from MEP Task  Force  23 June 2003)",
            "id": "20030625103333.7d5a22f2.alewis@tibco.com",
            "charset": "US-ASCII",
            "inreplyto": "3EF99023.1020503&#64;crf.canon.fr",
            "expires": "-1",
            "to": "\"Jean-Jacques Moreau\"<jean-jacques.moreau@crf.canon.fr>\n",
            "cc": "dbooth@w3.org,public-ws-desc-meps@w3.org,youenn.fablet@crf.canon.fr\n"
        },
        {
            "body": "+1 to Dave for ruling out silly times. On the same basis, I'dgently suggest that we also rule out 19:00+ (CET). Such timeshave had the infortunate effect of causing a bit of anindigestion over the last three years. Besides, they would reallybe unfair on Sanjiva.Dave, you shouldn't assume everyone works from 10:00 to 23:59.Different people have different arrangments; some wakeup earlierthan others, apparently.  ;-)Glen, Fridays don't work well on the other side of the Atlantic.Imagine you were to spend the week-end in Rome; would you stillfancy a Friday 19:00 EST telcon?  ;-)Don, I was unable to meet your deadline, unfortunately. Can Isuggest you post messages earlier in the day so that Europeansare indeed able to respond the same day?Timezones are a sensative issue. I'd expect reasonnable people tomeet at reasonnable times.Jean-Jacques.David Orchard wrote:> Let's just rule silly times out.  6:30 am is a silly time.David Orchard also wrote:> Expect me to become coherent only after 9am PST.and:> Midnight isn't sillyGlen Daniels wrote:> Fridays have worked well in the past.Don Mullen wrote at 19:56 CET:> **Please send by end of day today -- Tuesday**  That way,> I can post tomorrow morning.",
            "docno": "lists-027-10474381",
            "received": "Wed Feb 12 04:22:37 2003",
            "isoreceived": "20030212092237",
            "sent": "Wed, 12 Feb 2003 10:21:51 +0100",
            "isosent": "20030212092151",
            "name": "Jean-Jacques Moreau",
            "email": "jean-jacques.moreau@crf.canon.fr",
            "subject": "Silly times",
            "id": "3E4A122F.9070307@crf.canon.fr",
            "charset": "us-ascii",
            "inreplyto": "003e01c2d1ec$4488fab0$b90ba8c0&#64;beasys.com",
            "expires": "-1",
            "to": "public-ws-pnf-tf@w3.org\n",
            "cc": " Jonathan Marsh<jmarsh@microsoft.com>, Philippe Le Hegaret<plh@w3.org>, FABLET Youenn<youenn.fablet@crf.canon.fr>\n"
        },
        {
            "body": "I just read the mep proposal. and first, both explanations and drawingsare really nice and help understand quickly each pattern. One editorialcomment might be to push all meps belonging to a category in a singlesection (for instance chage p3 in a new p2XXX).It may have already be done within the task force but I would reallylike to have in the proposal some words of the similarities/differencesbetween SOAP mep model and the proposed WSDL mep model and how they canbe linked.As of today,  one can create new meps specs within SOAP. To describe aservice using a new SOAP mep, one may need to write a WSDL mep specdescribing abstractly this new SOAP mep.IMHO, we should avoid redundancy between these two soap mep spec andwsdl mep spec. One possibility is to write a soap mep spec in this way :1) refer to a wsdl mep for its abstract description (messages,cardinality...)2) add some more data like protocol-related  details to enableimplementation of this mep to/for various soap bindingsDo you think that this way of writing specs is valid ?Does the current meps state (soap mep model and proposed wsdl mep model)allow this ?Bye,Youenn",
            "docno": "lists-027-4850658",
            "received": "Wed Jun 18 11:50:45 2003",
            "isoreceived": "20030618155045",
            "sent": "Wed, 18 Jun 2003 17:50:10 +0200",
            "isosent": "20030618155010",
            "name": "FABLET Youenn",
            "email": "youenn.fablet@crf.canon.fr",
            "subject": "SOAP and WSDL meps ?",
            "id": "3EF08A32.9000707@crf.canon.fr",
            "charset": "us-ascii",
            "expires": "-1",
            "to": "public-ws-desc-meps@w3.org\n"
        },
        {
            "body": "This is ridiculous- we'll never find a slot that'll make everyonehappy. I suggest Jonathan picks a set of viable times (e.g., timesthat do not overlap with the WS-Desc or WS-Arch calls) and thenwe rotate amongst those on a weekly basis. Some times will be notgreat for some. Such is life.Sanjiva.----- Original Message -----From: \"David Orchard\" <dorchard@bea.com>Sent: Tuesday, February 11, 2003 11:18 PMSubject: RE: PFTF next telcon>> That doesn't work well for me, as the runs right up to the ws-arch telcon.> I need at least a half hour for lunch.>> 12:30 EST?>> Dave>> > -----Original Message-----> > From: public-ws-pnf-tf-request@w3.org> > [mailto:public-ws-pnf-tf-request@w3.org]On Behalf Of Glen Daniels> > Sent: Tuesday, February 11, 2003 8:55 AM> > To: 'public-ws-pnf-tf@w3.org'> > Subject: RE: PFTF next telcon> >> >> >> >> > 1PM EST works for me.> >> > > -----Original Message-----> > > From: Amelia A. Lewis [mailto:alewis@tibco.com]> > > Sent: Tuesday, February 11, 2003 11:34 AM> > > To: Sandeep Kumar> > > Cc: jean-jacques.moreau@crf.canon.fr; gdaniels@macromedia.com;> > > youenn.fablet@crf.canon.fr; public-ws-pnf-tf@w3.org> > > Subject: Re: PFTF next telcon> > >> > >> > > On Tue, 11 Feb 2003 08:03:51 -0800> > > \"Sandeep Kumar\" <sandkuma@cisco.com> wrote:> > >> > > >> > > > Yes, 6:30 am pst is very early for me. Is 9:30 or 10:00 am> > > PST suitable to> > > > everyone?> > > > That is right after WSD meeting.> > >> > > It would be *really* nice to have some sort of break between> > > meetings.  Half an hour would be enough, but it would really> > > help to be able to stand up and walk around a bit.  So I'm> > > not thrilled by 9:30 (12:30 EST); would prefer 10:00 (1:00> > > EST), half an hour after the end of the WSD meeting.> > >> > > Amy!> > > > - sandeep> > > >> > > > -----Original Message-----> > > > From: public-ws-pnf-tf-request@w3.org> > > > [mailto:public-ws-pnf-tf-request@w3.org]On Behalf Of> > > Jean-Jacques Moreau> > > > Sent: Tuesday, February 11, 2003 7:42 AM> > > > To: Glen Daniels> > > > Cc: 'FABLET Youenn'; public-ws-pnf-tf@w3.org> > > > Subject: Re: PFTF next telcon> > > >> > > >> > > >> > > > Sounds ok to me, although I suspect this might be too early for> > > > West Costers.> > > >> > > > Jean-Jacques.> > > >> > > > Glen Daniels wrote:> > > > > That time would be OK with me, though I might suggest :> > > > >> > > > > a) we take 90 minutes, since we'll presumably be doing> > work on the> > > > scenarios and it would be good to get some momentum going> > > > >> > > > > b) we augment the teleconference with IRC, so that we can> > > share syntactic> > > > examples/proposals without saying \"open-bracket, wsdl colon> > > feature, uri> > > > equals quote...\" :)> > > >> > > >> > >> > >> > > --> > > Amelia A. Lewis> > > Architect, TIBCO/Extensibility, Inc.> > > alewis@tibco.com> > >> >> >",
            "docno": "lists-027-10345839",
            "received": "Tue Feb 11 12:37:16 2003",
            "isoreceived": "20030211173716",
            "sent": "Tue, 11 Feb 2003 23:34:21 +0600",
            "isosent": "20030211173421",
            "name": "Sanjiva Weerawarana",
            "email": "sanjiva@watson.ibm.com",
            "subject": "Re: PFTF next telcon",
            "id": "00bc01c2d1f3$d1729240$f900a8c0@lankabook2",
            "charset": "iso-8859-1",
            "inreplyto": "004501c2d1f1$aa771690$b90ba8c0&#64;beasys.com",
            "expires": "-1",
            "to": " \"'Glen Daniels'\" <gdaniels@macromedia.com>; <public-ws-pnf-tf@w3.org>\n"
        },
        {
            "body": "Sounds all correct to me.  David, Umit?  Anyone else?I think that possibly we need to state these as requirements, orindicate that the logic of the thing imposes these requirements.Amy!On Fri, 27 Jun 2003 16:49:26 +0200\"Jean-Jacques Moreau\" <jean-jacques.moreau@crf.canon.fr> wrote:> I'm still somewhat puzzled. (Although I think I agree.)>> Let me try to paraphrase.>> WSDL must support more than SOAP. So, at the interface level, we need> to use WSDL patterns, not SOAP MEPs. In bindings other than the SOAP> binding, we need to support MEPs other than the SOAP MEPs. In the SOAP>> binding, of course, we need to support SOAP MEPs.>> The MEPs used in a particular binding must be compatible with the WSDL>> patterns used in the corresponding interface/operation.>> Maybe this is more than paraphrasing; maybe the above are> requirements.>> Jean-Jacques.>> Amy Lewis wrote:>> > Sorry.> >> > If WSDL supports more than SOAP (as I believe that it does), then we> > must support message exchange patterns that they define.  We cannot> > restrict the set of available MEPs at the binding level to only> > those defined by SOAP, because WSDL supports binding styles other> > than SOAP.> >> > Amy!> > On Fri, 27 Jun 2003 14:31:53 +0200> > \"Jean-Jacques Moreau\" <jean-jacques.moreau@crf.canon.fr> wrote:> >> >> >>I'm lost by the double negative (can't-only). Didn't you mean> >>something different?> >>> >>Jean-Jacques.> >>> >>Amy Lewis wrote:> >>> >>> >>>We can't mandate SOAP MEPs only at the binding level, if we plan to> >>>support bindings other than SOAP.  Can we?> >>> >>> >>> >> >>>--Amelia A. LewisArchitect, TIBCO/Extensibility, Inc.alewis@tibco.com",
            "docno": "lists-027-5016477",
            "received": "Fri Jun 27 11:27:43 2003",
            "isoreceived": "20030627152743",
            "sent": "Fri, 27 Jun 2003 10:54:45 -0400",
            "isosent": "20030627145445",
            "name": "Amy Lewis",
            "email": "wis@tibco.com",
            "subject": "Re: SOAP pattenrs vs. WSDL patterns",
            "id": "20030627105445.7862204e.alewis@tibco.com",
            "charset": "US-ASCII",
            "inreplyto": "3EFC5976.1070103&#64;crf.canon.fr",
            "expires": "-1",
            "to": "\"Jean-Jacques Moreau\"<jean-jacques.moreau@crf.canon.fr>\n",
            "cc": "dbooth@w3.org,public-ws-desc-meps@w3.org,youenn.fablet@crf.canon.fr\n"
        },
        {
            "body": "Seems Thursday is tight.  How about Wed 11:00 PST instead -- easier for alltime zones?Don-----Original Message-----From: David Orchard [mailto:dorchard@bea.com]Sent: Tuesday, February 11, 2003 12:19 PMSubject: RE: PFTF next telconThat doesn't work well for me, as the runs right up to the ws-arch telcon.I need at least a half hour for lunch.12:30 EST?Dave> -----Original Message-----> From: public-ws-pnf-tf-request@w3.org> [mailto:public-ws-pnf-tf-request@w3.org]On Behalf Of Glen Daniels> Sent: Tuesday, February 11, 2003 8:55 AM> To: 'public-ws-pnf-tf@w3.org'> Subject: RE: PFTF next telcon>> 1PM EST works for me.>> > -----Original Message-----> > From: Amelia A. Lewis [mailto:alewis@tibco.com]> > Sent: Tuesday, February 11, 2003 11:34 AM> > To: Sandeep Kumar> > Cc: jean-jacques.moreau@crf.canon.fr; gdaniels@macromedia.com;> > youenn.fablet@crf.canon.fr; public-ws-pnf-tf@w3.org> > Subject: Re: PFTF next telcon> >> >> > On Tue, 11 Feb 2003 08:03:51 -0800> > \"Sandeep Kumar\" <sandkuma@cisco.com> wrote:> >> > >> > > Yes, 6:30 am pst is very early for me. Is 9:30 or 10:00 am> > PST suitable to> > > everyone?> > > That is right after WSD meeting.> >> > It would be *really* nice to have some sort of break between> > meetings.  Half an hour would be enough, but it would really> > help to be able to stand up and walk around a bit.  So I'm> > not thrilled by 9:30 (12:30 EST); would prefer 10:00 (1:00> > EST), half an hour after the end of the WSD meeting.> >> > Amy!> > > - sandeep> > >> > > -----Original Message-----> > > From: public-ws-pnf-tf-request@w3.org> > > [mailto:public-ws-pnf-tf-request@w3.org]On Behalf Of> > Jean-Jacques Moreau> > > Sent: Tuesday, February 11, 2003 7:42 AM> > > To: Glen Daniels> > > Cc: 'FABLET Youenn'; public-ws-pnf-tf@w3.org> > > Subject: Re: PFTF next telcon> > >> > >> > >> > > Sounds ok to me, although I suspect this might be too early for> > > West Costers.> > >> > > Jean-Jacques.> > >> > > Glen Daniels wrote:> > > > That time would be OK with me, though I might suggest :> > > >> > > > a) we take 90 minutes, since we'll presumably be doing> work on the> > > scenarios and it would be good to get some momentum going> > > >> > > > b) we augment the teleconference with IRC, so that we can> > share syntactic> > > examples/proposals without saying \"open-bracket, wsdl colon> > feature, uri> > > equals quote...\" :)> > >> > >> >> >> > --> > Amelia A. Lewis> > Architect, TIBCO/Extensibility, Inc.> > alewis@tibco.com> >>>",
            "docno": "lists-027-10360201",
            "received": "Tue Feb 11 12:38:29 2003",
            "isoreceived": "20030211173829",
            "sent": "Tue, 11 Feb 2003 12:32:53 -0500",
            "isosent": "20030211173253",
            "name": "Don Mullen",
            "email": "donmullen@tibco.com",
            "subject": "RE: PFTF next telcon",
            "id": "339902DC0E58D411986A00B0D03D843201B24C6C@extmail.rtp.tibco.com",
            "charset": "iso-8859-1",
            "inreplyto": "PFTF next telcon",
            "expires": "-1",
            "to": " 'Glen Daniels'; public-ws-pnf-tf@w3.org\n"
        },
        {
            "body": "Yes, 6:30 am pst is very early for me. Is 9:30 or 10:00 am PST suitable toeveryone?That is right after WSD meeting.- sandeep-----Original Message-----From: public-ws-pnf-tf-request@w3.org[mailto:public-ws-pnf-tf-request@w3.org]On Behalf Of Jean-Jacques MoreauSent: Tuesday, February 11, 2003 7:42 AMSubject: Re: PFTF next telconSounds ok to me, although I suspect this might be too early forWest Costers.Jean-Jacques.Glen Daniels wrote:> That time would be OK with me, though I might suggest :>> a) we take 90 minutes, since we'll presumably be doing work on thescenarios and it would be good to get some momentum going>> b) we augment the teleconference with IRC, so that we can share syntacticexamples/proposals without saying \"open-bracket, wsdl colon feature, uriequals quote...\" :)",
            "docno": "lists-027-10262610",
            "received": "Tue Feb 11 11:08:33 2003",
            "isoreceived": "20030211160833",
            "sent": "Tue, 11 Feb 2003 08:03:51 -0800",
            "isosent": "20030211160351",
            "name": "Sandeep Kumar",
            "email": "sandkuma@cisco.com",
            "subject": "RE: PFTF next telcon",
            "id": "GEEIIPGIGJHOLHFLNCJAIEJDDEAA.sandkuma@cisco.com",
            "charset": "us-ascii",
            "inreplyto": "3E4919E4.1070404&#64;crf.canon.fr",
            "expires": "-1",
            "to": " Glen Daniels\n",
            "cc": " 'FABLET Youenn'; public-ws-pnf-tf@w3.org\n"
        },
        {
            "body": "PFTFers,In order to help us move along, Glen and I have started tocapture[1,2] the scenarios that have been sketched during thefirst PFTF teleconference. No doubt these scenarios need to befurther refined and expanded, but we think they might (at least)provide a usefull starting point for the discussion on Tuesday.Glen & Jean-Jacques.[1]<http://dev.w3.org/cvsweb/~checkout~//2002/ws/desc/wsdl12/wsdl12-pftf-usage-cenarios.html>[2]<http://dev.w3.org/cvsweb/~checkout~//2002/ws/desc/wsdl12/wsdl12-pftf-usage-cenarios.xml>",
            "docno": "lists-027-10504130",
            "received": "Mon Feb 17 11:42:21 2003",
            "isoreceived": "20030217164221",
            "sent": "Mon, 17 Feb 2003 17:41:32 +0100",
            "isosent": "20030217164132",
            "name": "Jean-Jacques Moreau",
            "email": "jean-jacques.moreau@crf.canon.fr",
            "subject": "Initial list of PFTF scenarios",
            "id": "3E5110BC.2050003@crf.canon.fr",
            "charset": "us-ascii",
            "expires": "-1",
            "to": " PFTF<public-ws-pnf-tf@w3.org>\n",
            "cc": " Jonathan Marsh<jmarsh@microsoft.com>, FABLET Youenn<youenn.fablet@crf.canon.fr>\n"
        },
        {
            "body": "1PM EST works for me.> -----Original Message-----> From: Amelia A. Lewis [mailto:alewis@tibco.com]> Sent: Tuesday, February 11, 2003 11:34 AM> To: Sandeep Kumar> Cc: jean-jacques.moreau@crf.canon.fr; gdaniels@macromedia.com;> youenn.fablet@crf.canon.fr; public-ws-pnf-tf@w3.org> Subject: Re: PFTF next telcon>>> On Tue, 11 Feb 2003 08:03:51 -0800> \"Sandeep Kumar\" <sandkuma@cisco.com> wrote:>> >> > Yes, 6:30 am pst is very early for me. Is 9:30 or 10:00 am> PST suitable to> > everyone?> > That is right after WSD meeting.>> It would be *really* nice to have some sort of break between> meetings.  Half an hour would be enough, but it would really> help to be able to stand up and walk around a bit.  So I'm> not thrilled by 9:30 (12:30 EST); would prefer 10:00 (1:00> EST), half an hour after the end of the WSD meeting.>> Amy!> > - sandeep> >> > -----Original Message-----> > From: public-ws-pnf-tf-request@w3.org> > [mailto:public-ws-pnf-tf-request@w3.org]On Behalf Of> Jean-Jacques Moreau> > Sent: Tuesday, February 11, 2003 7:42 AM> > To: Glen Daniels> > Cc: 'FABLET Youenn'; public-ws-pnf-tf@w3.org> > Subject: Re: PFTF next telcon> >> >> >> > Sounds ok to me, although I suspect this might be too early for> > West Costers.> >> > Jean-Jacques.> >> > Glen Daniels wrote:> > > That time would be OK with me, though I might suggest :> > >> > > a) we take 90 minutes, since we'll presumably be doing work on the> > scenarios and it would be good to get some momentum going> > >> > > b) we augment the teleconference with IRC, so that we can> share syntactic> > examples/proposals without saying \"open-bracket, wsdl colon> feature, uri> > equals quote...\" :)> >> >>>> --> Amelia A. Lewis> Architect, TIBCO/Extensibility, Inc.> alewis@tibco.com>",
            "docno": "lists-027-10293523",
            "received": "Tue Feb 11 11:55:57 2003",
            "isoreceived": "20030211165557",
            "sent": "Tue, 11 Feb 2003 11:55:15 -0500",
            "isosent": "20030211165515",
            "name": "Glen Daniels",
            "email": "gdaniels@macromedia.com",
            "subject": "RE: PFTF next telcon",
            "id": "CB1FF0A474AEA84EA0206D5B05F6A4CB03304909@S1001EXM02.macromedia.com",
            "charset": "iso-8859-1",
            "inreplyto": "PFTF next telcon",
            "expires": "-1",
            "to": "\"'public-ws-pnf-tf@w3.org'\"<public-ws-pnf-tf@w3.org>\n"
        }
    ]
}