{
    "id": "candidate-0455",
    "name": "Steve Pepper",
    "gender": "MALE",
    "email": "pepper@ontopia.net",
    "mails": [
        {
            "body": "stylistically this is more formal than I would have made it, but that's nobig deal ...I am not entirely comfortable with the word 'endorsed' used twice - I amnot at all sure that any of our WG Notes constitute endorsement by the W3C.My understanding is that the Rec track process is for that.Suggest the following changes:1) delete sentence[[But this work has never been endorsed by any of relevant standardorganizations (W3C and ISO).]](Or alternatively replace 'endorsed' by 'followed through')2) modify[[endorsed by both W3C and ISO.]]to[[potentially jointly published by both W3C and ISO.]]JeremyBernard Vatant wrote:>> As decided during Cannes meeting, below is a draft message proposal to be> sent by SWBPD WG to the standard body in charge of Topic Maps standard,> namely ISO/IEC JTC1/SC34/WG3.> See http://www.isotopicmaps.org for more information about this WG.>> The message is specific, but my view is that it could be used as a> 'template' for dealing with other groups, organizations or communities,> when we think their work is relevant to the SW, and would like to trigger a> process of collaboration.>>> <draftMessage>>>>From :> whoever@w3.org> on behalf of W3C Semantic Web Best Practices and Deployment WG>> To : ISO/IEC JTC1/SC34/WG3> James David Mason, Chairmxm@y12.doe.gov> Steve Pepper, Convenor  pepper@ontopia.net>> Gentlemen>> The new W3C Working Group 'Semantic Web Best Practices and Deployment' [1]> has put Topic Maps on the list of (many) legacy and technologies that it> would like to be made> interoperable with the Semantic Web infrastructure and languages.> For those technologies, the SWBPD WG purpose is to identify and promote> best practices for interoperability.> The intended process needs to involve participation of qualified experts,> assuming organizations and communities of users have expressed interest in> the Semantic Web initiative.>> Relevant preliminary work has been made in recent years in the TM> community, including various proposals for TM-RDF mapping. But this work> has never been endorsed by any of relevant standard organizations (W3C and> ISO).>> This message is intended to trigger a process in this direction, provided> you agree on :>> - A common declaration of interest in collaboration at the organizational> level, respectively W3C SWBPD and ISO/IEC JTC1/SC34/WG3. ( Consider this> declaration is made from our side through the present message. )>> - Definition of a task force, including people proposed by ISO/IEC> JTC1/SC34/WG3 as invited experts.> This task force would have as first objective to deliver a Technical Note> on best practices for TM-SW interoperability, endorsed by both W3C and ISO.>> We are looking forward for a positive feedback.>> Regards>> ...>> [1] http://www.w3.org/2001/sw/BestPractices/>> </draftMessage>>>> Remarks:>> - A TM-RDF workshop mentioned by DanBri during Cannes meeting> http://www.w3.org/2001/sw/Europe/events/2004-tmrdf/> could it be used as a place to kick-off this process ?>> - The most relevant expert in RDF-TM interoperability is AFAIK Lars Marius> Garshol> See : \"Living with topic maps and RDF\"> http://www.ontopia.net/topicmaps/materials/tmrdf.html>> - Some personal contribution can be found in the paper> \"Ontology-driven topic maps\" I will present next month at XML Europe> http://www.idealliance.org/europe/04/call/xmlpapers/03-03-03.91/.03-03-03.h> tml>> Thanks for your attention>> Bernard Vatant> Senior Consultant> Knowledge Engineering> Mondeca - www.mondeca.com> bernard.vatant@mondeca.com>>>>",
            "docno": "lists-021-16259542",
            "received": "Thu Mar 11 06:51:44 2004",
            "isoreceived": "20040311115144",
            "sent": "Thu, 11 Mar 2004 11:49:31 +0000",
            "isosent": "20040311114931",
            "name": "Jeremy Carroll",
            "email": "jjc@hplb.hpl.hp.com",
            "subject": "Re: TMAP : Action : Draft message to ISO/IEC JTC1/SC34/WG3",
            "id": "4050524B.4080009@hplb.hpl.hp.com",
            "charset": "us-ascii",
            "inreplyto": "GOEIKOOAMJONEFCANOKCAEEIDIAA.bernard.vatant&#64;mondeca.com",
            "expires": "-1",
            "to": " Bernard Vatant<bernard.vatant@mondeca.com>\n",
            "cc": " SWBPD<public-swbp-wg@w3.org>\n"
        },
        {
            "body": "Jeremy> stylistically this is more formal than I would have made it, but> that's no big deal ...Well, I'm also usually far less formal than that, but I thought that wasthe place for being formal, since it was a organization-to-organizationcommunication.> I am not entirely comfortable with the word 'endorsed' used twice - I am> not at all sure that any of our WG Notes constitute endorsement> by the W3C.OK. Forgive the vocabulary flaws of the author : neither nativeenglish-speaker, nor background in legal vocabulary (just checkeddictionary to figure that \"endorse\" had a stronger meaning than I thought)> My understanding is that the Rec track process is for that.>> Suggest the following changes:>> 1) delete sentence>> [[> But this work has never been endorsed by any of relevant standard> organizations (W3C and ISO).> ]]>> (Or alternatively replace 'endorsed' by 'followed through')Agreed, but I would stick to the latter.>> 2) modify> [[>   endorsed by both W3C and ISO.> ]]> to> [[>    potentially jointly published by both W3C and ISO.> ]]Agreed againBernard> Bernard Vatant wrote:>> >> > As decided during Cannes meeting, below is a draft message> proposal to be> > sent by SWBPD WG to the standard body in charge of Topic Maps standard,> > namely ISO/IEC JTC1/SC34/WG3.> > See http://www.isotopicmaps.org for more information about this WG.> >> > The message is specific, but my view is that it could be used as a> > 'template' for dealing with other groups, organizations or communities,> > when we think their work is relevant to the SW, and would like> to trigger a> > process of collaboration.> >> >> > <draftMessage>> >> >>From :> > whoever@w3.org> > on behalf of W3C Semantic Web Best Practices and Deployment WG> >> > To : ISO/IEC JTC1/SC34/WG3> > James David Mason, Chairmxm@y12.doe.gov> > Steve Pepper, Convenor  pepper@ontopia.net> >> > Gentlemen> >> > The new W3C Working Group 'Semantic Web Best Practices and> Deployment' [1]> > has put Topic Maps on the list of (many) legacy and> technologies that it> > would like to be made> > interoperable with the Semantic Web infrastructure and languages.> > For those technologies, the SWBPD WG purpose is to identify and promote> > best practices for interoperability.> > The intended process needs to involve participation of> qualified experts,> > assuming organizations and communities of users have expressed> interest in> > the Semantic Web initiative.> >> > Relevant preliminary work has been made in recent years in the TM> > community, including various proposals for TM-RDF mapping. But> this work> > has never been endorsed by any of relevant standard> organizations (W3C and> > ISO).> >> > This message is intended to trigger a process in this> direction, provided> > you agree on :> >> > - A common declaration of interest in collaboration at the> organizational> > level, respectively W3C SWBPD and ISO/IEC JTC1/SC34/WG3. (> Consider this> > declaration is made from our side through the present message. )> >> > - Definition of a task force, including people proposed by ISO/IEC> > JTC1/SC34/WG3 as invited experts.> > This task force would have as first objective to deliver a> Technical Note> > on best practices for TM-SW interoperability, endorsed by both> W3C and ISO.> >> > We are looking forward for a positive feedback.> >> > Regards> >> > ...> >> > [1] http://www.w3.org/2001/sw/BestPractices/> >> > </draftMessage>> >> >> > Remarks:> >> > - A TM-RDF workshop mentioned by DanBri during Cannes meeting> > http://www.w3.org/2001/sw/Europe/events/2004-tmrdf/> > could it be used as a place to kick-off this process ?> >> > - The most relevant expert in RDF-TM interoperability is AFAIK> Lars Marius> > Garshol> > See : \"Living with topic maps and RDF\"> > http://www.ontopia.net/topicmaps/materials/tmrdf.html> >> > - Some personal contribution can be found in the paper> > \"Ontology-driven topic maps\" I will present next month at XML Europe> >http://www.idealliance.org/europe/04/call/xmlpapers/03-03-03.91/.03-03-03.h> tml>> Thanks for your attention>> Bernard Vatant> Senior Consultant> Knowledge Engineering> Mondeca - www.mondeca.com> bernard.vatant@mondeca.com>>>>",
            "docno": "lists-021-16280561",
            "received": "Thu Mar 11 09:05:05 2004",
            "isoreceived": "20040311140505",
            "sent": "Thu, 11 Mar 2004 15:04:59 +0100",
            "isosent": "20040311140459",
            "name": "Bernard Vatant",
            "email": "bernard.vatant@mondeca.com",
            "subject": "RE: TMAP : Action : Draft message to ISO/IEC JTC1/SC34/WG3",
            "id": "GOEIKOOAMJONEFCANOKCGEENDIAA.bernard.vatant@mondeca.com",
            "charset": "us-ascii",
            "inreplyto": "4050524B.4080009&#64;hplb.hpl.hp.com",
            "expires": "-1",
            "to": "\"SWBPD\"<public-swbp-wg@w3.org>\n"
        },
        {
            "body": "Here is a new version of the draft message, taking into account Jeremy's remarksabout abuse of 'endorsed'. See original message for context.http://lists.w3.org/Archives/Public/public-swbp-wg/2004JanMar/0052.html--------------->From :whoever@w3.orgon behalf of W3C Semantic Web Best Practices and Deployment WGTo : ISO/IEC JTC1/SC34/WG3James David Mason, Chairmxm@y12.doe.govSteve Pepper, Convenor  pepper@ontopia.netGentlemenThe new W3C Working Group 'Semantic Web Best Practices and Deployment' [1]has put Topic Maps on the list of (many) legacy and technologies that itwould like to be made interoperable with the Semantic Web infrastructure and languages.For those technologies, the SWBPD WG purpose is to identify and promotebest practices for interoperability.The intended process needs to involve participation of qualified experts,assuming organizations and communities of users have expressed interest inthe Semantic Web initiative.Relevant preliminary work has been made in recent years in the TMcommunity, including various proposals for TM-RDF mapping, but this workhas not been formally followed-up by any of the relevant standard organizations(W3C and ISO).This message is intended to trigger a process in this direction, providedyou agree on :- A common declaration of interest in collaboration at the organizationallevel, respectively W3C SWBPD and ISO/IEC JTC1/SC34/WG3. ( Consider thisdeclaration is made from SWBPD side through the present message. )- Definition of a task force, including people proposed by ISO/IECJTC1/SC34/WG3 as invited experts.This task force would have as first objective to deliver a Technical Noteon best practices for TM-SW interoperability,potentially jointly published by both W3C and ISO.We are looking forward for a positive feedback.Regards[1] http://www.w3.org/2001/sw/BestPractices/---------------Bernard VatantSenior ConsultantKnowledge EngineeringMondeca - www.mondeca.combernard.vatant@mondeca.com",
            "docno": "lists-021-16520989",
            "received": "Wed Mar 17 16:53:36 2004",
            "isoreceived": "20040317215336",
            "sent": "Wed, 17 Mar 2004 22:53:25 +0100",
            "isosent": "20040317215325",
            "name": "Bernard Vatant",
            "email": "bernard.vatant@mondeca.com",
            "subject": "RE: TMAP : Action : Draft message to ISO/IEC JTC1/SC34/WG3",
            "id": "GOEIKOOAMJONEFCANOKCIECODJAA.bernard.vatant@mondeca.com",
            "charset": "us-ascii",
            "inreplyto": "GOEIKOOAMJONEFCANOKCGEENDIAA.bernard.vatant&#64;mondeca.com",
            "expires": "-1",
            "to": "\"SWBPD\"<public-swbp-wg@w3.org>\n"
        },
        {
            "body": "As decided during Cannes meeting, below is a draft message proposal to beSee http://www.isotopicmaps.org for more information about this WG.The message is specific, but my view is that it could be used as a'template' for dealing with other groups, organizations or communities,when we think their work is relevant to the SW, and would like to trigger aprocess of collaboration.<draftMessage>>From :whoever@w3.orgon behalf of W3C Semantic Web Best Practices and Deployment WGTo : ISO/IEC JTC1/SC34/WG3James David Mason, Chairmxm@y12.doe.govSteve Pepper, Convenor  pepper@ontopia.netGentlemenThe new W3C Working Group 'Semantic Web Best Practices and Deployment' [1]has put Topic Maps on the list of (many) legacy and technologies that itwould like to be madeinteroperable with the Semantic Web infrastructure and languages.For those technologies, the SWBPD WG purpose is to identify and promotebest practices for interoperability.The intended process needs to involve participation of qualified experts,assuming organizations and communities of users have expressed interest inthe Semantic Web initiative.Relevant preliminary work has been made in recent years in the TMcommunity, including various proposals for TM-RDF mapping. But this workhas never been endorsed by any of relevant standard organizations (W3C andISO).This message is intended to trigger a process in this direction, providedyou agree on :- A common declaration of interest in collaboration at the organizationallevel, respectively W3C SWBPD and ISO/IEC JTC1/SC34/WG3. ( Consider thisdeclaration is made from our side through the present message. )- Definition of a task force, including people proposed by ISO/IECJTC1/SC34/WG3 as invited experts.This task force would have as first objective to deliver a Technical Noteon best practices for TM-SW interoperability, endorsed by both W3C and ISO.We are looking forward for a positive feedback.Regards...[1] http://www.w3.org/2001/sw/BestPractices/</draftMessage>Remarks:- A TM-RDF workshop mentioned by DanBri during Cannes meetinghttp://www.w3.org/2001/sw/Europe/events/2004-tmrdf/could it be used as a place to kick-off this process ?- The most relevant expert in RDF-TM interoperability is AFAIK Lars MariusGarsholSee : \"Living with topic maps and RDF\"http://www.ontopia.net/topicmaps/materials/tmrdf.html- Some personal contribution can be found in the paper\"Ontology-driven topic maps\" I will present next month at XML Europehttp://www.idealliance.org/europe/04/call/xmlpapers/03-03-03.91/.03-03-03.htmlThanks for your attentionBernard VatantSenior ConsultantKnowledge EngineeringMondeca - www.mondeca.combernard.vatant@mondeca.com",
            "docno": "lists-021-16232083",
            "received": "Thu Mar 11 06:30:29 2004",
            "isoreceived": "20040311113029",
            "sent": "by SWBPD WG to the standard body in charge of Topic Maps standard,",
            "isosent": "20040311113022",
            "name": "ly ISO/IEC JTC1/SC34/WG3.",
            "email": "bernard.vatant@mondeca.com",
            "subject": "TMAP : Action : Draft message to ISO/IEC JTC1/SC34/WG3",
            "id": "GOEIKOOAMJONEFCANOKCAEEIDIAA.bernard.vatant@mondeca.com",
            "charset": "iso-8859-1",
            "expires": "-1",
            "to": "\"SWBPD\"<public-swbp-wg@w3.org>\n"
        }
    ]
}