{
    "id": "candidate-0255",
    "name": "Kongyi Zhou",
    "gender": "MALE",
    "email": "kongyi.zhou@oracle.com",
    "mails": [
        {
            "body": "On Wed, 2003-07-16 at 00:41, Curt Arnold wrote:> Philippe Le Hegaret wrote:> (http://lists.w3.org/Archives/Public/www-dom-ts/2003Jul/0008.html)> ...>> >They are generated with the W3C DOM test suite tools with two changes:> >> >1. The Core and Validation specs both have a contentType attribute. This> >results in duplicate definitions in dom3.xsd. This issue needs to be> >fixed either in the spec to avoid a possible conflict or dom-to-xsd.xsl> >needs to be modified.  For now, we've manually modified the dom3.xsd as> >a temporary fix.> >> >> The 5 Feb 2003 validation draft has a ElementEditVAL.contentType METHOD> returning an unsigned short.  Changing this to an attribute was accepted> as a last call issue.  I could not find contentType in the 9 June 2003> Core draft.  If there are multiple methods with the same signature> (including parameter names) or multiple attributes with the same value> type the transforms are adequate to handle it.   However, if there is> both a contentType method and contentType method or the signatures> differ then the transforms need to be modified.>> If there a contentType attribute is added to a core interface returning> a MIME type, then I would suggest changing the name of> ElementEditVAL.contentType method to ElementEditVAL.contentModel> attribute or similar.  The test suite could compensate, but I'd> recommend not using the same name if the types are different,We did not add a contentType attribute to a Core interface so I stilldon't understand the error reported by Kongyi (in fact, no changes weremade on Core and LS since their publications since we spent our efforton the Validation and Events drafts). I cc'ied him on this message.Philippe",
            "docno": "lists-104-15015889",
            "received": "Wed Jul 16 09:22:58 2003",
            "isoreceived": "20030716132258",
            "sent": "16 Jul 2003 09:22:26 -0400",
            "isosent": "20030716132226",
            "name": "Philippe Le Hegaret",
            "email": "plh@w3.org",
            "subject": "Re: DOM Level 3 Validation Tests",
            "id": "1058361746.9598.52.camel@chacal",
            "inreplyto": "3F14D769.90807&#64;houston.rr.com",
            "expires": "-1",
            "to": " Curt Arnold<carnold@houston.rr.com>\n",
            "cc": " WWW DOM<www-dom@w3.org>, Kongyi Zhou<kongyi.zhou@oracle.com>\n"
        },
        {
            "body": "Attached is the zip file containing DOM Level 3 Validation tests that Oraclewould like to contribute to the DOM TS framework.Thanks,Kongyi Zhou  -  Oracleapplication/x-zip-compressed attachment: valtests.zip",
            "docno": "lists-100-12119619",
            "received": "Wed Jul  2 13:36:48 2003",
            "isoreceived": "20030702173648",
            "sent": "Tue, 1 Jul 2003 18:20:34 -0700",
            "isosent": "20030702012034",
            "name": "Kongyi Zhou",
            "email": "kongyi.zhou@oracle.com",
            "subject": "DOM 3 Validation tests",
            "id": "001d01c34038$234952e0$55b72382@us.oracle.com",
            "charset": "iso-8859-1",
            "expires": "-1",
            "to": "<www-dom-ts-submission@w3.org>\n"
        }
    ]
}