{
    "id": "candidate-0356",
    "name": "Kevin Liu",
    "gender": "MALE",
    "email": "kevin.liu@sap.com",
    "mails": [
        {
            "body": "Hi Nick, Hi all,I finally got a chance to read the draft again. Attached please find my comments.I am certainly grateful to the great work Nick has put into this draft. As a deliverable of the working group, I feel we still need a lot of editing work to make the spec more precise. In general, the draft reads more like a technical journal paper than a standard specification.  Choreography defines interfaces among different participants, precision and un-ambiguity of the specification is ultimately important. I feel it's really necessary to follow the WSDL2.0 model and rewrite the spec using XML infoset.Best Regards,Kevin-----Original Message-----From: public-ws-chor-request@w3.org [mailto:public-ws-chor-request@w3.org] On Behalf Of Jeff MischkinskySent: Monday, Mar 01, 2004 06:11 AMSubject: Re: pdf - WS Choreography Description Language, Version 1 (Editor's Draft)Hi,Here's the pdf version:http://lists.w3.org/Archives/Public/www-archive/2004Mar/0002.htmlcheers,jeffAt 03:29 AM 3/1/2004, Greg Ritzinger wrote:>The current thinking on the ws-choreography description language can be>found at the following URL:>>http://lists.w3.org/Archives/Public/www-archive/2004Mar/0001.html>>Nick / GregJeff Mischkinsky                      jeff.mischkinsky@oracle.comConsulting Member Technical Staff     +1(650)506-1975Director, Web Services Standards      500 Oracle Parkway M/S 4OP9Oracle Corporation                    Redwood Shores, CA 94065application/msword attachment: cdl_v1_editors_notes.doc",
            "docno": "lists-026-12261435",
            "received": "Tue Mar  2 03:19:26 2004",
            "isoreceived": "20040302081926",
            "sent": "Tue, 2 Mar 2004 09:17:57 +0100 ",
            "isosent": "20040302081757",
            "name": "Liu, Kevin",
            "email": "kevin.liu@sap.com",
            "subject": "RE: pdf - WS Choreography Description Language, Version 1   (Edit or's Draft)",
            "id": "99CA63DD941EDC4EBA897048D9B0061DA95E95@uspalx20a.pal.sap.corp",
            "inreplyto": "df - WS Choreography Description Language, Version 1   (Edit or's Draft)",
            "expires": "-1",
            "to": " public-ws-chor@w3.org\n",
            "cc": "steve@enigmatec.net,martin.chapman@oracle.com,\"'Nickolas Kavantzas'\"<nickolas.kavantzas@oracle.com>,\"'Jeff Mischkinsky'\"<jeff.mischkinsky@oracle.com>\n"
        },
        {
            "body": "To fulfill my action item, I am rephrasing my comments to the CDL draft so they can be recorded as issues:>>Defition of Choreography and CDL----------------------------------The definition of CDL and the definition of Choreography in the requirement document should be synchronized.I like this one better than what's in the requirement document except one thing:Why we are emphasizing \"cross-enterprise\" in the definition? Does a choreography have to be cross-enterprise? Can I define a choreography for departments within my enterprises?I believe the key differentiator of WS-CDL and WSCI is the that CDL treats all participants equal whereas WSCI describe the interaction centered around ONE particular participant.I would suggest we replace the word \"cross-enterprise\" with \"peer-to-peer\" here and in other places in this document except for cases where cross-enterprise collaboration is addressed>>Precision of Specification------------------------------In general, the draft reads more like a technical journal paper than a standard specification. Choreography defines interfaces among different participants, precision and un-ambiguity of the specification is ultimately important.  I feel it's really necessary to follow the WSDL2.0 model, and use a more formal mechanism such as XML infoset>>Collaboration Types---------------------After reading section 2.1, I am still not clear why we need the \"three\" choreography types. What's the business motivation for such grouping? Is it really necessary to introduce some complexity and potential ambiguity in the spec level? For example,-\"abstract\" vs \"concrete\" are quite different grouping criteria than \"portable\".- What's the difference between a \"concrete\" choreography and an \"executable\" process?>>MEP support-------------Section 2.2, bullet for \"interaction\": Why only two MEPs are supported ? Please note WSDL2.0 defines a set of MEP and allow custom MEP to be defined for specific business needs>>Definition of Choreograpy Transaction---------------------------------------Section 2.2 states \"Choreography Transactions describes how to specify what additional Interactions should occur to reverse the effect of an earlier completed choreography.\" is it actually \"composentation\"? Using the term \"transaction\" here may be confusing to many people>>Variable definition---------------------Section 2.4.2 is not clear about what kind of data a \"variable\" as defined here can contain. Should it be limited to info that are relevant to interaction? For example, in a credit approval choreography, while it's necessary to communicate the \"approve\"/\"reject\" decision,  I don't see any reason a choreography should expose data used to make such decision.In addtion, variable definition is another example that different grouping criteria are used. I am very lost in trying to understand  the differences of each kind of variables hereI also note that the definitions are the same for \"information exchange variable\" and \"information variable\".Editorial issues====================>>Editors List:Does this draft still only contain inputs from Oracle? I have been assuming that the WG already has an editing team aiming to converge inputs from Oracle, Commerce One, WSCI, requirement document, etc.>> 4th paragraph of Introduction sectionAs an trivia example of my concern about \"precision\", when is \"current\"?By the time this spec is published, the \"current\" status will be certainly changed.>>figure 1Does the group agree with the diagram? To me. It's at best controversial. For example, I see the following differently-Transactions etc are layers above RM-Security should  be vertically across all layers.-How about manageability?- How about potential layers above choreography?It might be a good idea to include a revised diagram in the primer, but I don't feel comfortable to include it in the specification. Instead of defining our own, we should reference the architectural view from WSA  whenever possible>>section 1.4- Title needs to be updated - not only WSDL is addressed here- Need updates: WSDL2.0.-  Is XPath 2.0 already there?>>Section 3. exampleDoes the choreography have to be centered around one role, in this case, the seller?For example, if the credit checking service needs to interact with a third party credit scoring service to get a FICO score. Can that interaction be added to this choreography?>> WSDL exampleThis is not a  valid WSDL definition.- A WSDL 1.1 or 2.0 definition can only contain 0 or 1 <types> element.- The xsd definitions have to be wrapped by a <schema> element under <types>- There is no <message> element in WSDL2.0>>Section 4I strongly recommend we consolidate section 2 and 4.  I understand section 2 is intended to describe the language in a conceptual level, but in MANY places it's actually tied to particular language elements. Consolidate the \"conceptual\" info into relevant elements will at least make the spec more readable.Hope this fulfill my AI.Best Regards,Kevin-----Original Message-----From: public-ws-chor-request@w3.org [mailto:public-ws-chor-request@w3.org] On Behalf Of Liu, KevinSent: Tuesday, Mar 02, 2004 12:20 AMSubject: RE: pdf - WS Choreography Description Language, Version 1 (Edit or's Draft)Hi Nick, Hi all,I finally got a chance to read the draft again. Attached please find my comments.I am certainly grateful to the great work Nick has put into this draft. As a deliverable of the working group, I feel we still need a lot of editing work to make the spec more precise. In general, the draft reads more like a technical journal paper than a standard specification.  Choreography defines interfaces among different participants, precision and un-ambiguity of the specification is ultimately important. I feel it's really necessary to follow the WSDL2.0 model and rewrite the spec using XML infoset.Best Regards,Kevin-----Original Message-----From: public-ws-chor-request@w3.org [mailto:public-ws-chor-request@w3.org] On Behalf Of Jeff MischkinskySent: Monday, Mar 01, 2004 06:11 AMSubject: Re: pdf - WS Choreography Description Language, Version 1 (Editor's Draft)Hi,Here's the pdf version:http://lists.w3.org/Archives/Public/www-archive/2004Mar/0002.htmlcheers,jeffAt 03:29 AM 3/1/2004, Greg Ritzinger wrote:>The current thinking on the ws-choreography description language can be>found at the following URL:>>http://lists.w3.org/Archives/Public/www-archive/2004Mar/0001.html>>Nick / GregJeff Mischkinsky                      jeff.mischkinsky@oracle.comConsulting Member Technical Staff     +1(650)506-1975Director, Web Services Standards      500 Oracle Parkway M/S 4OP9Oracle Corporation                    Redwood Shores, CA 94065",
            "docno": "lists-026-12397741",
            "received": "Fri Mar 12 20:54:08 2004",
            "isoreceived": "20040313015408",
            "sent": "Sat, 13 Mar 2004 02:53:20 +0100",
            "isosent": "20040313015320",
            "name": "Liu, Kevin",
            "email": "kevin.liu@sap.com",
            "subject": "RE: pdf - WS Choreography Description Language, Version 1   (Edit  or's Draft)",
            "id": "99CA63DD941EDC4EBA897048D9B0061DA95EDD@uspalx20a.pal.sap.corp",
            "inreplyto": "df - WS Choreography Description Language, Version 1   (Edit  or's Draft)",
            "expires": "-1",
            "to": " public-ws-chor@w3.org\n",
            "cc": " steve@enigmatec.net; martin.chapman@oracle.com; 'Nickolas Kavantzas'; 'Jeff Mischkinsky'\n"
        },
        {
            "body": "I will not be able to make it for the week of June 24 due to the conflicts with WS-I PlenaryBest Regards,Kevin-----Original Message-----From: Steve Ross-Talbot [mailto:steve@enigmatec.net]Sent: Tuesday, April 08, 2003 11:39 AMSubject: Fwd: Summary of usecases as best as I could manageDavid,thanks for this.I share it with everyone.CheersSteve TBegin forwarded message:",
            "docno": "lists-024-16195373",
            "received": "Tue Apr  8 16:30:12 2003",
            "isoreceived": "20030408203012",
            "sent": "Tue, 8 Apr 2003 22:29:46 +0200 ",
            "isosent": "20030408202946",
            "name": "Liu, Kevin",
            "email": "kevin.liu@sap.com",
            "subject": "June F2F",
            "id": "99CA63DD941EDC4EBA897048D9B0061D050EE86C@uspalx20a.pal.sap-ag.de",
            "expires": "-1",
            "to": " David Burdett\n",
            "cc": " public-ws-chor@w3.org\n"
        },
        {
            "body": "Please ignore this forwarding if you have already received it.Ivana sent out the message a little while ago, somehow it has not shown in the list yet.Best Regards,Kevin-----Original Message-----From: Trickovic, IvanaSent: Dienstag, 16. September 2003 16:48'ed.peters@webmethods.com'; 'steve@enigmatec.com'Subject: Feedback on the Requirements document (v1.0)Hi all,Below please find comments on the Web Services Choreography Requirements document (version 1.0). Unfortunately I am not able to join the f2f meeting.Kind regards,Ivana TrickovicSAP AG, Germany****************************************************************************************************************************Feedback on the Web Services Choreography Requirements document, Version 1.0General issues:[1]There are many cases where \"choreography language\" would be more appropriate term than \"choreography\". Term \"choreography\" should be understood as specification/definition of a concrete message exchange between two or more roles. For example, the wording of D-CR-010 should be \"A choreography language MAY provide an extensible binding mechanism...\" instead of \"A choreography MAY provide an extensible mechanism...\"Specific issues:[1]D-CR-052: What is meant by \"...manage choreographies and their relationships and the message exchange between them\"? This requirement is too general. It would be useful to distinguish aspects relevant at design time and at run time.[2]D-CR-018: Should the choreography language define a standardized way to recover from catastrophic failure? We should distinguish between a choreography language and standardized choreographies. A choreography language SHOULD provide a means to describe a standardized way to recover from catastrophic failure. But this standardized way (to recover from catastrophic failure) is not part of the language semantics.[3]D-CR-026: What does \"robust exception handling\" mean? What are features/properties of such an exception handling model?[4]D-CR-032: Is there any use case illustrating this requirement? What is meant by \"to manage exceptions between choreographies\"? How does this differ from \"propagation of errors\" (D-CR-005) in case when choreographies are hierarchically structured?[5]D-CR-033: Is there any use case illustrating this requirement? How can I assign an error/exception message to a choreography instance that is not instantiated yet?[6]D-CR-064: This requirement does not belong to section \"Exception Handling\". It could be included in section \"Testing and Validation\".[7]D-CR-029: Any (standard) taxonomy of messages is out of scope of a choreography language.[8]D-CR-067: What is meant by \"... a given service component could be sent at any point in the transaction\"?[9]D-CR-068: Does it mean that fault codes will be limited to the ones specified by the choreography language?[10]D-CR-015: What is meant by \"...the ability to have prose associated with it to enable its behavior to be explained\"? I strongly believe that no additional prose should be allowed for describing/explaining the behavior. The language specification must include all needed semantics. Annotations, etc. could be part of a modeling tool, but not the choreography language.[11]D-CR-044: Is there a use case explaining this requirement?[12]Most of the requirements listed in section 4.10 do not belong there.[13]D-CR-059: \"Negotiation pattern\" is a use case and not a requirement and should be treated as such.[14]What is the difference between D-CR-003 and D-CR-024?[15]D-CR-036: This requirement should distinguish between synchronous and asynchronous calls. In case of synchronous call choreography calls another choreography and waits until it has completed. In case of asynchronous call choreography calls another choreography and proceeds immediately without waiting for the called choreography to complete.[16]For all requirements listed in section 4.11 it would be really useful to provide corresponding use case(s) in order to precisely describe what the requirements are all about. For example, requirement D-CR-042 is talking about \"run time changes that allow the behavior of the actual choreography to vary...\". One question would be: are all possible normal paths defined as design time?",
            "docno": "lists-026-9342311",
            "received": "Tue Sep 16 13:43:02 2003",
            "isoreceived": "20030916174302",
            "sent": "Tue, 16 Sep 2003 19:28:20 +0200",
            "isosent": "20030916172820",
            "name": "Liu, Kevin",
            "email": "kevin.liu@sap.com",
            "subject": "FW: Feedback on the Requirements document (v1.0)",
            "id": "99CA63DD941EDC4EBA897048D9B0061D07619F82@uspalx20a.pal.sap.corp",
            "inreplyto": "Feedback on the Requirements document (v1.0)",
            "expires": "-1",
            "to": " 'public-ws-chor@w3.org'\n",
            "cc": " 'daniel_austin@grainger.com'; 'abbieb@nortelnetworks.com';\n"
        },
        {
            "body": "Sorry for the belated notice, but I will not be able to make the call for today.Best Regards,Kevin",
            "docno": "lists-025-10304544",
            "received": "Tue Jul 22 14:20:14 2003",
            "isoreceived": "20030722182014",
            "sent": "Tue, 22 Jul 2003 20:20:02 +0200",
            "isosent": "20030722182002",
            "name": "Liu, Kevin",
            "email": "kevin.liu@sap.com",
            "subject": "Regrets for today's conference call",
            "id": "99CA63DD941EDC4EBA897048D9B0061D068B4386@uspalx20a.pal.sap.corp",
            "expires": "-1",
            "to": "\"'public-ws-chor@w3.org'\"<public-ws-chor@w3.org>\n",
            "cc": "\"'Martin Chapman'\"<martin.chapman@oracle.com>,\"'Steve Ross-Talbot'\"<steve@enigmatec.net>\n"
        },
        {
            "body": "FYI -http://www.businessweek.com/technology/cnet/stories/992521.htmYou may notice that the \"news\" is already \"old\" - Microsoft's participation was not captured in the article.Best Regards,Kevin",
            "docno": "lists-025-14155999",
            "received": "Fri Mar 14 01:43:08 2003",
            "isoreceived": "20030314064308",
            "sent": "Fri, 14 Mar 2003 07:42:57 +0100",
            "isosent": "20030314064257",
            "name": "Liu, Kevin",
            "email": "kevin.liu@sap.com",
            "subject": "Business Week Online: W3C seeks standards accord",
            "id": "99CA63DD941EDC4EBA897048D9B0061D04AD6436@uspalx20a.pal.sap-ag.de",
            "expires": "-1",
            "to": "\"'public-ws-chor@w3.org'\"<public-ws-chor@w3.org>\n"
        },
        {
            "body": "Will be on vacation.Best Regards,Kevin",
            "docno": "lists-026-5889407",
            "received": "Tue Nov 18 20:02:35 2003",
            "isoreceived": "20031119010235",
            "sent": "Wed, 19 Nov 2003 02:02:18 +0100",
            "isosent": "20031119010218",
            "name": "Liu, Kevin",
            "email": "kevin.liu@sap.com",
            "subject": "Regrets 11/18 to 12/18",
            "id": "99CA63DD941EDC4EBA897048D9B0061DA95D43@uspalx20a.pal.sap.corp",
            "expires": "-1",
            "to": "public-ws-chor@w3.org\n"
        },
        {
            "body": "[1] SAP position paper[2] Slides presented in March 13 WS-Chor F2F---------------------------Best Regards,Canyang Kevin LiuTechnology Architecture Group,SAP Labs3475 Deer Creek RoadPalo Alto, CA 94304(650) 849-5167http://www.saplabs.com/application/octet-stream attachment: SAP_PositionPaper_20030311.docapplication/octet-stream attachment: SAP_Position_on_Web_Services_Choreography.ppt",
            "docno": "lists-099-5915560",
            "received": "Thu Mar 13 16:21:38 2003",
            "isoreceived": "20030313212138",
            "sent": "Thu, 13 Mar 2003 22:21:02 +0100",
            "isosent": "20030313212102",
            "name": "Liu, Kevin",
            "email": "kevin.liu@sap.com",
            "subject": "SAP Position on Web Services Choreography",
            "id": "99CA63DD941EDC4EBA897048D9B0061DA9570A@uspalx20a.pal.sap-ag.de",
            "expires": "-1",
            "to": "\"'www-archive@w3.org'\"<www-archive@w3.org>\n"
        },
        {
            "body": "Hi all,I have posted our position paper and the presentation I gave this morning to the archive list. If interested, you can check it out fromhttp://lists.w3.org/Archives/Public/www-archive/2003Mar/0032.htmlRegards,Kevin",
            "docno": "lists-025-14140417",
            "received": "Thu Mar 13 16:27:09 2003",
            "isoreceived": "20030313212709",
            "sent": "Thu, 13 Mar 2003 22:26:54 +0100",
            "isosent": "20030313212654",
            "name": "Liu, Kevin",
            "email": "kevin.liu@sap.com",
            "subject": "SAP position on Web Services Choreography - materials available",
            "id": "99CA63DD941EDC4EBA897048D9B0061DA9570B@uspalx20a.pal.sap-ag.de",
            "expires": "-1",
            "to": "\"'public-ws-chor@w3.org'\"<public-ws-chor@w3.org>\n"
        },
        {
            "body": "-----Original Message-----From: Karl Best [mailto:karl.best@oasis-open.org]Sent: Wednesday, April 16, 2003 9:13 PMxml-dev@lists.xml.org; wsbpel@lists.oasis-open.orgSubject: [members] OASIS TC Call For Participation: WSBPELA new OASIS technical committee is being formed. The OASIS Web ServicesBusiness Process Execution Language Technical Committee (WSBPEL TC) hasbeen proposed by the members of OASIS listed below.The proposal for a new TC is appended to this message. The proposal,which includes a statement of purpose, list of deliverables, andproposed schedule, will constitute the TC's charter. The TC Processallows these items to be clarified (revised) by the TC members; suchclarifications (revisions), as well as submissions of technology forconsideration by the TC and the beginning of technical discussions, mayoccur no sooner than the TC's first meeting.As specified by the OASIS TC Process, the requirements for becoming amember of the TC are that you must 1) be an employee of an OASIS memberorganization or an Individual member of OASIS; 2) notify the TC chair ofyour intent to participate at least 15 days prior to the first meeting;and 3) attend the first meeting of the TC.For OASIS members, to sign up for the TC using the new OASIScollaborative tools, go to the TC's public page athttp://www.oasis-open.org/committees/wsbpel and click on the button for\"Join This TC\" at the top of the page. You may add yourself to theroster of the TC either as a Prospective Member (if you intend to becomea member of the TC) or an Observer. A notice will automatically be sentto the TC chair, which fulfills requirement #2 above. You must sign upfor membership at least 15 days before the first meeting and must attendthe first meeting of the TC in order to become a member.Note that membership in OASIS TCs is by individual, and not byorganization.For non-OASIS members, a public comment listwsbpel-comment@lists.oasis-open.org is available for the public to makecomments on the work of this TC; the public may subscribe to this listby going to the mail list web page athttp://lists.oasis-open.org/ob/adm.pl.The archives of the TC's private and comment mail lists are visible tothe public at http://lists.oasis-open.org/archives/Further information about this topic may be found on the Cover Pagesunder the topic of \"Business Process Management and Choreography\" athttp://xml.coverpages.org/bpm.html-Karl=================================================================Karl F. BestVice President, OASISoffice  +1 978.667.5115 x206     mobile +1 978.761.1648karl.best@oasis-open.org      http://www.oasis-open.orgProposal for Oasis Web Services Business Process Execution LanguageTechnical CommitteeName of the TC:OASIS Web Services Business Process Execution Language (BPEL)Statement of Purpose:The purpose of the Web Services Business Process Execution Language TCis to continue work on the business process language published in theBusiness Process Execution Language for Web Services (BPEL4WS)specification in August 2002 [1]. Continuing the approach and designused in BPEL4WS, the work of the BPEL TC will focus on specifying thecommon concepts for a business process execution language which form thenecessary technical foundation for multiple usage patterns includingboth the process interface descriptions required for business protocolsand executable process models. It is explicitly not a goal of the TC tospecify bindings to specific hardware/software platforms and othermechanisms required for a complete runtime environment for processimplementation.The Technical Committee will take advantage of the OASIS providedservices for such things as e-mail lists and archives, and also webpages for tracking progress. E-mail archives will be visible to thepublic.Identification of Existing Activities:Many efforts related to business process management and relatedtechnologies are underway throughout the industry. The following workmay be relevant to this Business Process Execution Language TC:* OASIS Universal Description, Discovery and Integration SpecificationTC, http://www.oasis-open.org/committees/uddi-spec/* OASIS Web Services Security TC,http://www.oasis-open.org/committees/wss/* W3C XML Protocol Working Group, http://www.w3.org/2000/xp/Group/* W3C Web Services Description Working Group,http://www.w3.org/2002/ws/desc/* W3C Web Services Choreography Working Group,http://www.w3.org/2002/ws/chor/* BPMI BPML 1.0  www.bpmi.org/specifications.esp* ebXML Business Process Specification Schema v1.01,www.ebxml.org/specs/index.htm* Web Service Choreography Interface (WSCI) 1.0, www.w3.org/TR/wsci/Technical Committee DeliverablesThe TC has the following deliverables:* The specification of the core elements and functionalities of BPEL4WS.* An extension specification for business protocol description* An extension specification for executable process descriptionThe two extension specifications for the usage patterns of businessprotocol description and executable process description are normative,mandatory extensions to the core specification and will include only theessential feature extensions required for the given usage pattern.The scope of the Web Services Business Process Execution LanguageTechnical Committee is the support of process mechanisms in thefollowing areas:a. Sequencing of process activities, especially Web service interactionsb. Correlation of messages and process instances c. Recovery behavior incase of failures and exceptional conditions d. Bilateral Web servicebased relationships between process rolesSpecification work in areas not explicitly listed in the scope above isout-of-scope for this TC but will be considered for future TC charterslayered on the results of this TC. It is the intent of the proposersthat the TC address requested clarifications to this charter; seeking toresolve ambiguities and narrowing the scope of work. Other requestedcharter changes that are not clarifications may be noted and archivedfor possible future work after the conclusion of this TC's lifecycle.Each of the process mechanisms will use implementation and languageneutral XML formats defined in XML Schema [2].The OASIS Web Services Business Process Execution Language TC will:1. Accept contributions as input within the TC's defined scope. BEA,IBM, Microsoft, SAP and Siebel intend to submit the Business ProcessExecution Language for Web Services (BPEL4WS) V1.1 specification [3] atthe first meeting of the TC. This BPEL4WS document is an update to theBPEL4WS specification published by IBM, Microsoft, and BEA on August 9th2002. The revised document is a modularized and updated version of theoriginal specification that clearly identifies the core concepts andrequired extensions for BPEL4WS.2. Produce as output a specification, in one or more documents, for the\"Web Services Business Process Execution Language\", hereafter referredto as the \"resultant specification\". This resultant specification willreflect refinements and corrections that are identified by the TCmembers within the scope of the TC charter. In the interests ofstability, continuity and speed, the committee will not make arbitrarychanges, i.e. scope will be limited to material technologicimprovements. At the TC's option, suggestions for future features,out-of-scope extensions, harmonization with other or broader work andthe like may be noted and archived for possible future work after theconclusion of this TC's lifecycle. The final draft of the resultantspecification will be due within 9 months of the first meeting.3. Identify relevant Web services efforts to assist in leveraging theresultant specification as a part of their specifications or solutions.4. Establish appropriate relationships and coordinate with the chairs ofthe other business process related standards organizations and industrygroups as appropriate, and in accordance with the OASIS Bylaws and TCProcess.5. Oversee ongoing maintenance and errata of the resultantspecification.Language in Which the TC will Conduct BusinessEnglishDate and Time of the First MeetingThe first meeting will be a conference call held on May 16, 2003. Themeeting will start at 7 am and adjourn at 10 am US Pacific time.Meeting Schedule for the First YearThe Web Services Business Process Execution Language TC will hold an inperson meeting on May 28, 2003 and May 29, 2003 in New York City.Following this, the TC will meet via weekly conference call, and willhold quarterly face-to-face meetings on a schedule determined by the WebServices Business Process Execution Language TC members. The meeting andcall sponsors will be determined at the initial meeting.Names, Affiliation, and Electronic Mail Addresses of members who supportthe formation of this TC and are committed to the Meeting Schedule andPurpose:Tony Andrews, Microsoft, TAndrews@microsoft.comEd Anuff, Vignette, Ed.Anuff@vignette.comVenu Banda, E2open, venu.banda@e2open.comTerry Bjornsen, Booz Allen Hamilton, bjornsen_terence@bah.com MikeBlevins, BEA Systems, mblevins@bea.com Subhra Bose, Reuters, Reuters,subhra.bose@reuters.com Francisco Curbera, IBM, curbera@us.ibm.com JonDart, Tibco Software, jdart@tibco.com John Evdemon, Microsoft,jevdemon@microsoft.com Bill Flood, Sybase, bill.flood@sybase.com YuzoFujishima, NEC, fujishima@bc.jp.nec.com Yaron Goland, BEASystems,ygoland@bea.com Kevin Hein, Teamplate, kevin.hein@teamplate.comDiane Jordan, IBM, drj@us.ibm.com Edwin Khodabakchian, Collaxa,edwink@collaxa.com Frank Leymann, IBM, ley1@de.ibm.com Kevin Liu, SAP,kevin.liu@sap.com Sumeet Malhotra, Unisys, Sumeet.Malhotra@unisys.comTodd Martin, Vitria Technology, toddmartin@vitria.com John Parkinson,Cap Gemini Ernst & Young, john.parkinson@cgey.com. Greg Ritzinger,Novell, GRitzinger@novell.com Tony Roby, Accenture,anthony.roby@accenture.com Dieter Roller, IBM, rol@de.ibm.com MichaelRowley, BEA Systems, mrowley@bea.com Waqar Sadiq, EDS,waqar.sadiq@eds.com Dale Skeen, Vitria Technology, skeen@vitria.comDonald Steiner, WebV2, donald.steiner@webv2.com Maciej Szefler,FiveSight Technologies, Inc., mszefler@fivesight.com Satish Thatte,Microsoft, satisht@microsoft.com Gloria Vargas, Reuters,gloria.vargas@reuters.com Stephen White, SeeBeyond Technology,swhite@SeeBeyond.com Sinisa Zimek, SAP, sinisa.zimek@sap.comChairsThe Web Services Business Process Execution Language TC Co-Chairs willbe Diane Jordan, IBM; and John Evdemon, Microsoft.Meeting SponsorsPending input from the TC, IBM will sponsor the first TC conference calland the calls for the first year of the technical committee.  The firstTC meeting will be sponsored by IBM. Subsequent meetings for the firstyear will be sponsored by Microsoft, SAP and BEA.References[1] Business process execution language for Web Services specification,August 2002http://dev2dev.bea.com/techtrack/BPEL4WS.jsphttp://www-106.ibm.com/developerworks/webservices/library/ws-bpel1/http://msdn.microsoft.com/library/default.asp?url=/library/en-us/dnbiz2k2/html/bpel1-0.asp[2] http://www.w3.org/XML/Schema[3] Business process execution language for Web Services specificationV1.1, March 2003http://dev2dev.bea.com/technologies/webservices/BPEL4WS.jsphttp://www-106.ibm.com/developerworks/webservices/library/ws-bpel/http://msdn.microsoft.com/library/default.asp?url=/library/en-us/dnbiz2k2/html/BPEL1-1.asp>http://ifr.sap.com/bpel4ws/http://www.siebel.com/tbd---------------------------------------------------------------------To unsubscribe, e-mail: members-unsubscribe@lists.oasis-open.orgFor additional commands, e-mail: members-help@lists.oasis-open.org",
            "docno": "lists-025-1251237",
            "received": "Thu Apr 17 11:29:07 2003",
            "isoreceived": "20030417152907",
            "sent": "Thu, 17 Apr 2003 08:28:42 -0700",
            "isosent": "20030417152842",
            "name": "Martin Chapman",
            "email": "rtin.chapman@oracle.com",
            "subject": "FW: [members] OASIS TC Call For Participation: WSBPEL",
            "id": "005201c304f6$076c2660$6501a8c0@us.oracle.com",
            "charset": "US-ASCII",
            "inreplyto": "[members] OASIS TC Call For Participation: WSBPEL",
            "expires": "-1",
            "to": " members@lists.oasis-open.org; tc-announce@lists.oasis-open.org;\n"
        },
        {
            "body": "My name is Kevin Liu. I will be representing SAP in this working group, and our alternate representative is Ivana Trickovic. Though my AC rep has already approved my participation and I don't have to go through the introduction process, I found others' introduction very helpful and feel obligated to introduce myself to the group before the first F2F.I am a technology architect at SAP Labs. In the last two years, I have been representing SAP in various web services related working groups, including ebXML CPPA TC, W3C Web Services Description WG, and WS-I Basic Profile WG. My background is in ecommerce applications, especially for financial industry.Web services technology plays a critical role in our product strategy. We have been active contributors to other W3C web services activity working groups, including XMLP, WSD, and WSA. We believe web services choreography is one of the essential next steps to make web services work for large-scale business applications and for integration intra and inter enterprises.I look forward to work with other members in this open forum to build a vendor-neutral choreography standard that represents wide industry consensus and thus have the chance to gain wide industry adoption.I agree to participate per the charter  http://www.w3.org/2003/01/wscwg-charter <http://www.w3.org/2003/01/wscwg-charter>I do not have personal knowledge of any IPR claims held by SAP regarding Web services choreography.---------------------------Best Regards,Canyang Kevin LiuTechnology Architecture Group,SAP Labs3475 Deer Creek RoadPalo Alto, CA 94304(650) 849-5167http://www.saplabs.com/ <http://www.saplabs.com/>",
            "docno": "lists-025-14129424",
            "received": "Thu Mar 13 00:23:54 2003",
            "isoreceived": "20030313052354",
            "sent": "Thu, 13 Mar 2003 06:23:39 +0100",
            "isosent": "20030313052339",
            "name": "Liu, Kevin",
            "email": "kevin.liu@sap.com",
            "subject": "Introduction",
            "id": "99CA63DD941EDC4EBA897048D9B0061D04AD6275@uspalx20a.pal.sap-ag.de",
            "expires": "-1",
            "to": "\"'public-ws-chor@w3.org'\"<public-ws-chor@w3.org>\n",
            "cc": "\"'martin.chapman@oracle.com'\"<martin.chapman@oracle.com>,\"'steve@enigmatec.net'\"<steve@enigmatec.net>,\"'ylafon@w3.org'\"<ylafon@w3.org>,\"'hugo@w3.org'\"<hugo@w3.org>,\"Trickovic, Ivana\"<ivana.trickovic@sap.com>\n"
        }
    ]
}