{
    "id": "candidate-0435",
    "name": "Lars Marius Garshol",
    "gender": "MALE",
    "email": "larsga@ontopia.net",
    "mails": [
        {
            "body": "Lars M. wrote:>The link from>  <URL: http://www.w3.org/TR/ >>to the new XSLT 1.1 working draft points to>  <URL: http://www.w3.org/TR/xslt11/ >>which does not seem to exist.I think this has been fixed.>BTW: If this page (the /TR/ one) could be made available in>structured XML format, that would be a major relief. This is a>page that I suspect lots of people monitor using automated>tools (certainly I do), and XML would make that a lot easier.It is in an xml format: the page uses valid xhtml 1.0(transitional) markup. Did you have another DTD or schema in mind?_ Ian>It would also mean that the W3C took its own medicine as>far as the semantic web is concerned. :-)--Ian Jacobs (jacobs@w3.org)   http://www.w3.org/People/JacobsTel:                         +1 831 457-2842Cell:                        +1 917 450-8783",
            "docno": "lists-028-0589831",
            "received": "Wed Dec 13 11:32:57 2000",
            "isoreceived": "20001213163257",
            "sent": "Wed, 13 Dec 2000 11:32:51 -0500",
            "isosent": "20001213163251",
            "name": "Ian Jacobs",
            "email": "j@w3.org",
            "subject": "Bad link to XSLT 1.1 WD",
            "id": "3A37A4B3.440B34C8@w3.org",
            "charset": "us-ascii",
            "expires": "-1",
            "to": "larsga@ontopia.net\n",
            "cc": "site-comments@w3.org\n"
        }
    ]
}