{
    "id": "candidate-0372",
    "name": "Roberto Ellero",
    "gender": "MALE",
    "email": "rellero@webaccessibile.org",
    "mails": [
        {
            "body": "",
            "docno": "lists-071-16562838",
            "received": "Thu Apr 22 10:13:04 2004",
            "isoreceived": "20040422141304",
            "sent": "Thu, 22 Apr 2004 16:13:45 +0200",
            "isosent": "20040422141345",
            "name": "Roberto Ellero",
            "email": "rellero@webaccessibile.org",
            "subject": "Regrets: Agenda April 22th",
            "id": "002201c42874$08955be0$3a29fea9@P4ithf13N9YYlg",
            "charset": "iso-8859-1",
            "inreplyto": "200404210136.i3L1a0MO018455&#64;jalopy.cae.wisc.edu",
            "expires": "-1",
            "to": "<w3c-wai-gl@w3.org>\n"
        },
        {
            "body": "Yes, checkpoint 3.2 only requires that the document is valid according to apublished DTD or schema - the W3C validator is a useful tool not a definitiveauthority. (It may even have bugs and give incorrect results from time totime...) For that matter there are other validators out there which can beused - Henry Thompson's XML schema validator XSVhttp://www.w3.org/2001/03/webdata/xsv is an example, and there are links tosome other HTML validators on the W3C validator page.cheersChaalsOn Sun, 2 Nov 2003, Roberto Scano - IWA/HWG wrote:>>>----- Original Message ----->From: \"Charles McCathieNevile\" <charles@w3.org>>To: \"Roberto Ellero\" <rellero@webaccessibile.org>>Cc: \"Yvette P. Hoitink\" <y.p.hoitink@heritas.nl>; <w3c-wai-gl@w3.org>>Sent: Sunday, November 02, 2003 2:37 PM>Subject: [techs] Re: HTML techniques - Embedded objects (no blocker)>>>>>You simply need to create a DTD that includes HTML and allows embed to>be>>included - essentially by adding a module for it. If we are going to>propose>>the possiblity of doing this we should create the appropriate DTD and>show>>how to include it in the document...>>For respect of CheckPoint 3.2 WCAG 1.0, *all* the DTD are valid ot only>these ones that are supported by the validator?>http://validator.w3.org/sgml-lib/catalog>>>Charles McCathieNevile  http://www.w3.org/People/Charles  tel: +61 409 134 136SWAD-E http://www.w3.org/2001/sw/Europe         fax(france): +33 4 92 38 78 22Post:   21 Mitchell street, FOOTSCRAY Vic 3011, Australia    orW3C, 2004 Route des Lucioles, 06902 Sophia Antipolis Cedex, France",
            "docno": "lists-071-11677573",
            "received": "Sun Nov  2 08:51:22 2003",
            "isoreceived": "20031102135122",
            "sent": "Sun, 2 Nov 2003 08:50:57 -0500 (EST)",
            "isosent": "20031102135057",
            "name": "Charles McCathieNevile",
            "email": "charles@w3.org",
            "subject": "Re: [techs] Re: HTML techniques - Embedded objects (no blocker)",
            "id": "Pine.LNX.4.55.0311020846360.22329@homer.w3.org",
            "charset": "US-ASCII",
            "inreplyto": "007e01c3a147$28ee1f30$0500a8c0&#64;iwars",
            "expires": "-1",
            "to": " Roberto Scano - IWA/HWG<rscano@iwa-italy.org>\n",
            "cc": " Roberto Ellero<rellero@webaccessibile.org>,\"Yvette P. Hoitink\"<y.p.hoitink@heritas.nl>,w3c-wai-gl@w3.org\n"
        },
        {
            "body": "",
            "docno": "lists-072-3852488",
            "received": "Thu May 27 14:05:56 2004",
            "isoreceived": "20040527180556",
            "sent": "Thu, 27 May 2004 20:06:32 +0200",
            "isosent": "20040527180632",
            "name": "Roberto Ellero",
            "email": "rellero@webaccessibile.org",
            "subject": "Regrets: Agenda - May 27, 2004",
            "id": "001301c44415$59fa62c0$fc06a8c0@P4ithf13N9YYlg",
            "charset": "iso-8859-1",
            "inreplyto": "auto-000047175395&#64;spamarrest.com",
            "expires": "-1",
            "to": "<w3c-wai-gl@w3.org>\n"
        },
        {
            "body": "",
            "docno": "lists-072-9792066",
            "received": "Thu Mar 25 13:49:38 2004",
            "isoreceived": "20040325184938",
            "sent": "Thu, 25 Mar 2004 19:43:40 +0100",
            "isosent": "20040325184340",
            "name": "Roberto Ellero",
            "email": "rellero@webaccessibile.org",
            "subject": "Regrets, teleconference 3-25-04",
            "id": "015b01c41299$19ce8e40$3a29fea9@P4ithf13N9YYlg",
            "charset": "iso-8859-1",
            "inreplyto": "0HV400MIFBN3B2&#64;smtp4.doit.wisc.edu",
            "expires": "-1",
            "to": "<w3c-wai-gl@w3.org>\n"
        },
        {
            "body": "Thanks, Roberto.>I noticed that the complementary colour (directly opposite to each other in>the colour wheel) combination has the highest contrast.>http://www.webwhirlers.com/colors/combining.aspIn my experience, red and green are considered complementary [1,2,3,4].  Inthe resource that you cite red and green don't appear to becomplementary.  Another source names the complementary pairs as [6]: greenand magenta, blue and amber, and blue-green and red.If red and green are complementary, there is at least one exception to thecomplementary rule: don't use green and red together (unless it is ok tomiss the information presented in an overlap of the two colors).What about the other definitions of complementary colors? Is it ok tooverlap red and blue-green? Reading Aries's pamphlet [5] it seems that redon blue-green is OK as long as you use dark red against light blue-greenand don't use light red on dark blue-green.  Joe's book seems to supportthis when he says, \"Don't set green on red or red on green....unless: Theitems have considerable difference in brightness....If the lightnesscontrast is _indisputably_ high, you've solved the problem.\" [7]So, it seems to me that the \"complements rule,\" while short and sweet,doesn't quite stand on its own.  Brightness needs to be part of the equation.--wendy[1] http://www.sanford-artedventures.com/study/g_complementary.html[2] http://www.colormatters.com/colortheory.html[3] http://painting.about.com/library/blcompcolors.htm[4] http://www.artsconnected.org/toolkit/encyc_colorwheel.html[5] http://www.lighthouse.org/color_contrast.htm[6] http://www.gweep.net/~prefect/pubs/iqp/node69.html[7] http://joeclark.org/book/sashay/serialization/Chapter09.html--wendy a chisholmworld wide web consortiumweb accessibility initiativehttp://www.w3.org/WAI//--",
            "docno": "lists-071-8671174",
            "received": "Tue Sep  2 20:47:44 2003",
            "isoreceived": "20030903004744",
            "sent": "Tue, 02 Sep 2003 20:46:57 -0400",
            "isosent": "20030903004657",
            "name": "Wendy A Chisholm",
            "email": "wendy@w3.org",
            "subject": "Re: Equation for determining color &quot;closeness&quot;",
            "id": "5.2.0.9.2.20030902195529.01a73380@localhost",
            "charset": "us-ascii",
            "inreplyto": "002101c36ecc$3ae51020$3a29fea9&#64;K6jt1f6N1cl0f",
            "expires": "-1",
            "to": "\"Roberto Ellero\"<rellero@webaccessibile.org>,<w3c-wai-gl@w3.org>\n"
        },
        {
            "body": "I, Roberto Scano, as AC Representative of International WebmastersAssociation / HTML Writers Guild agree to the request from Mr. RobertoEllero.Sincerely,Roberto ScanoIWA/HWG EMEA CoordinatorW3C Advisory Committee Representative for IWA/HWGInternational Webmasters Association / HTML Writers Guildhttp://www.iwanet.org - http://www.hwg.orgE-Mail: emea@iwanet.org - w3c-rep@iwanet.org------------------------------------------------------------------------- Original Message -----From: \"Roberto Ellero\" <rellero@webaccessibile.org>Sent: Monday, January 06, 2003 8:31 PMSubject: Request to Join> Given Name: Roberto>> Family Name: Ellero>> Email Address: rellero@webaccessibile.org>> Office Telephone Number:  +39 800 18 06 69>> Employer / Organization: International Webmasters Association / HTMLWriters> Guild>> Indicate whether your organization is a W3C Member: YES>> Area of interest: (Non W3C members please state area of expertise)>> [X] develop Web content on a regular basis,>> [X] work with people with disabilities who use the Web,>> [ ] have a disability and regularly use the Web,>> [X] instruct people on developing Web content,>> [X]or have general usability, development, or accessibility knowledge>> [X] I have read the WC Guidelines Working Group Charter and agree to the> participation criteria therein (please indicate the revision date of the> charter, e.g., 2000/01/21). 2000/11/27>> Intellectual Property Rights (check one):>> [X] To the best of my knowledge, I believe my organization does not haveany> IPR claims regarding guidelines for the accessibility of Web content.>> [ ] To the best of my knowledge, I believe my organization has thefollowing> IPR claims regarding guidelines for the accessibility of Web content.> (Please specify)>",
            "docno": "lists-071-1343633",
            "received": "Mon Jan  6 14:39:06 2003",
            "isoreceived": "20030106193906",
            "sent": "Mon, 6 Jan 2003 20:38:02 +0100",
            "isosent": "20030106193802",
            "name": "Roberto Scano - IWA/HWG",
            "email": "rscano@iwa-italy.org",
            "subject": "Re: Request to Join",
            "id": "01a201c2b5bb$3a5117a0$0100a8c0@NBRSIWA",
            "charset": "iso-8859-1",
            "inreplyto": "001301c2b5ba$49237440$c3331997&#64;otlfg4pcnrji06l",
            "expires": "-1",
            "to": " <gv@trace.wisc.edu>; <jasonw@ariel.ucs.unimelb.edu.au>; <wendy@w3.org>\n",
            "cc": " <w3c-wai-gl@w3.org>; \"Roberto Scano - IWA/HWG\" <rscano@iwa-italy.org>\n"
        },
        {
            "body": "",
            "docno": "lists-071-7852653",
            "received": "Fri Aug 22 18:44:40 2003",
            "isoreceived": "20030822224440",
            "sent": "Wed, 20 Aug 2003 11:55:47 +0200",
            "isosent": "20030820095547",
            "name": "Roberto Ellero",
            "email": "rellero@webaccessibile.org",
            "subject": "Regrets, Techniques teleconference 20 August 2003",
            "id": "000e01c36701$3d97e9a0$3a29fea9@K6jt1f6N1cl0f",
            "charset": "iso-8859-1",
            "expires": "-1",
            "to": "<w3c-wai-gl@w3.org>\n"
        },
        {
            "body": "",
            "docno": "lists-071-4214878",
            "received": "Thu Mar  6 16:50:19 2003",
            "isoreceived": "20030306215019",
            "sent": "Thu, 6 Mar 2003 22:49:38 +0100",
            "isosent": "20030306214938",
            "name": "Roberto Ellero",
            "email": "rellero@webaccessibile.org",
            "subject": "",
            "id": "001a01c2e42a$4b926580$3a29fea9@Fgt44ht6PDcr",
            "charset": "iso-8859-1",
            "expires": "-1",
            "to": "<w3c-wai-gl@w3.org>\n"
        },
        {
            "body": "----- Original Message -----From: \"Jason White\" <jasonw@ariel.ucs.unimelb.edu.au>Sent: Wednesday, February 18, 2004 3:46 AMSubject: Agenda>> Thursday 19 February, at 2100 UTC (4 PM US Eastern, 10 PM France, 8 AMFriday Eastern> Australia) on +1-617-761-6200, passcode 9224> irc.w3.org 6665, channel #wai-wcag>> Agenda>> 1. Guideline 3.4:> http://lists.w3.org/Archives/Public/w3c-wai-gl/2004JanMar/0302.html>> 2. Guidelines 3.1-3.3 and 1.4 rewrite:> http://lists.w3.org/Archives/Public/w3c-wai-gl/2004JanMar/0309.html> For details of the issues addressed see> http://lists.w3.org/Archives/Public/w3c-wai-gl/2004JanMar/0309.html>> 3. Brief introductory discussion of guideline 2.3:> http://lists.w3.org/Archives/Public/w3c-wai-gl/2004JanMar/0306.html> Issues addressed:> http://lists.w3.org/Archives/Public/w3c-wai-gl/2004JanMar/0307.html>> 4. Guideline 1.2:> http://lists.w3.org/Archives/Public/w3c-wai-gl/2004JanMar/0281.html>>",
            "docno": "lists-072-6842982",
            "received": "Thu Feb 19 18:00:21 2004",
            "isoreceived": "20040219230021",
            "sent": "Thu, 19 Feb 2004 23:55:25 +0100",
            "isosent": "20040219225525",
            "name": "Roberto Ellero",
            "email": "rellero@webaccessibile.org",
            "subject": "Re: Agenda - Late regrets",
            "id": "009701c3f73b$782be6a0$3a29fea9@P4ithf13N9YYlg",
            "charset": "iso-8859-1",
            "inreplyto": "16434.53767.320135.11040&#64;jdc.local",
            "expires": "-1",
            "to": " \"Web Content Guidelines\" <w3c-wai-gl@w3.org>\n"
        },
        {
            "body": "Regrets",
            "docno": "lists-071-3897833",
            "received": "Thu Feb 20 15:44:40 2003",
            "isoreceived": "20030220204440",
            "sent": "Thu, 20 Feb 2003 21:44:08 +0100",
            "isosent": "20030220204408",
            "name": "Roberto Ellero",
            "email": "rellero@webaccessibile.org",
            "subject": "Re: Agenda, reading, and questions for tomorrow's call (and beyond)",
            "id": "003701c2d920$d50ff990$3a29fea9@Fgt44ht6PDcr",
            "charset": "iso-8859-1",
            "inreplyto": "5.2.0.9.2.20030219194510.02626430&#64;localhost",
            "expires": "-1",
            "to": "<w3c-wai-gl@w3.org>\n"
        },
        {
            "body": "",
            "docno": "lists-071-8690816",
            "received": "Wed Sep  3 05:22:35 2003",
            "isoreceived": "20030903092235",
            "sent": "Wed, 3 Sep 2003 11:19:34 +0200",
            "isosent": "20030903091934",
            "name": "Roberto Ellero",
            "email": "rellero@webaccessibile.org",
            "subject": "Regrets, teleconferences 3-4 September 2003",
            "id": "002d01c371fc$7fdfda60$3a29fea9@K6jt1f6N1cl0f",
            "charset": "iso-8859-1",
            "expires": "-1",
            "to": "<w3c-wai-gl@w3.org>\n"
        },
        {
            "body": "I'm sorry, yesterday 07/23 I was not able to inform of my absence.",
            "docno": "lists-071-6128591",
            "received": "Thu Jul 24 12:31:46 2003",
            "isoreceived": "20030724163146",
            "sent": "Thu, 24 Jul 2003 18:29:17 +0200",
            "isosent": "20030724162917",
            "name": "Roberto Ellero",
            "email": "rellero@webaccessibile.org",
            "subject": "Late regrets",
            "id": "00c101c35200$be67b0d0$3a29fea9@K6jt1f6N1cl0f",
            "charset": "iso-8859-1",
            "expires": "-1",
            "to": "<w3c-wai-gl@w3.org>\n"
        },
        {
            "body": "",
            "docno": "lists-071-0496643",
            "received": "Tue Jun 24 16:22:08 2003",
            "isoreceived": "20030624202208",
            "sent": "Tue, 24 Jun 2003 22:19:48 +0200",
            "isosent": "20030624201948",
            "name": "Roberto Ellero",
            "email": "rellero@webaccessibile.org",
            "subject": "Regrets 25th June teleconference",
            "id": "000901c33a8e$065b2730$3a29fea9@T9hj7Rfw0y1xI",
            "charset": "iso-8859-1",
            "expires": "-1",
            "to": "<w3c-wai-gl@w3.org>\n"
        },
        {
            "body": "",
            "docno": "lists-071-12794698",
            "received": "Wed Nov 12 14:49:34 2003",
            "isoreceived": "20031112194934",
            "sent": "Wed, 12 Nov 2003 20:43:45 +0100",
            "isosent": "20031112194345",
            "name": "Roberto Ellero",
            "email": "rellero@webaccessibile.org",
            "subject": "Late regrets for today, Techniques teleconference",
            "id": "007301c3a955$4b454110$3a29fea9@K6jt1f6N1cl0f",
            "charset": "iso-8859-1",
            "expires": "-1",
            "to": "<w3c-wai-gl@w3.org>\n"
        },
        {
            "body": "",
            "docno": "lists-070-16405396",
            "received": "Thu Jun 12 12:05:42 2003",
            "isoreceived": "20030612160542",
            "sent": "Thu, 12 Jun 2003 18:03:46 +0200",
            "isosent": "20030612160346",
            "name": "Roberto Ellero",
            "email": "rellero@webaccessibile.org",
            "subject": "Regrets for today",
            "id": "002901c330fc$3682cee0$3a29fea9@TkGD6vs0nBs",
            "charset": "iso-8859-1",
            "expires": "-1",
            "to": "<w3c-wai-gl@w3.org>\n"
        },
        {
            "body": "For me there is no problem.As i told to the last conference, i can monitor the IP address and i havedinamic IP that change every connection :)Roberto----- Original Message -----From: \"Roberto Ellero\" <rellero@webaccessibile.org>Sent: Thursday, February 06, 2003 8:53 PMSubject: Online audio streaming for teleconferenceHi,for this teleconference I ask if it's still possible to have online audiostreaming as resourcefully arranged by Roberto Scano with WMP.Next week I'll use Net2Phone :-)Roberto ElleroIWA/HWG",
            "docno": "lists-071-3378910",
            "received": "Thu Feb  6 14:56:45 2003",
            "isoreceived": "20030206195645",
            "sent": "Thu, 6 Feb 2003 20:56:24 +0100",
            "isosent": "20030206195624",
            "name": "Roberto Scano - IWA/HWG",
            "email": "rscano@iwa-italy.org",
            "subject": "Re: Online audio streaming for teleconference",
            "id": "01aa01c2ce19$d93293f0$0100a8c0@NBRSIWA",
            "charset": "iso-8859-1",
            "inreplyto": "001f01c2ce19$6c831770$3a29fea9&#64;rtF6hN9pfCJ4k",
            "expires": "-1",
            "to": " <w3c-wai-gl@w3.org>\n"
        },
        {
            "body": "",
            "docno": "lists-072-4192492",
            "received": "Thu Jun  3 13:42:36 2004",
            "isoreceived": "20040603174236",
            "sent": "Thu, 3 Jun 2004 19:43:09 +0200",
            "isosent": "20040603174309",
            "name": "Roberto Ellero",
            "email": "rellero@webaccessibile.org",
            "subject": "Regrets - Agenda - June 3, 2004",
            "id": "003b01c44992$3e11e6f0$fc06a8c0@P4ithf13N9YYlg",
            "charset": "iso-8859-1",
            "inreplyto": "200406031517.i53FHXE7006188&#64;jalopy.cae.wisc.edu",
            "expires": "-1",
            "to": "<w3c-wai-gl@w3.org>\n"
        },
        {
            "body": "Regrets----- Original Message -----From: \"Michael Cooper\" <michaelc@watchfire.com>Sent: Tuesday, December 16, 2003 7:44 PMSubject: [techs] Techniques Teleconference 17 December 2003>> The Techniques teleconference is scheduled for Wednesday, 10 December from> 15:00 to 16:30 UTC (16:00 to 17:30 Central Europe / 10:00 to 11:30 U.S.> Eastern / 7:00 to 8:30 U.S. Pacific).>> The conference information is:>> +1-617-761-6200> Passcode 92248>> AGENDA>> Note: there are new materials here that you should review prior to the> meeting.>> * Dealing with \"until user agents...\" stuff [1]> * Review Draft QA Test Guidelines [2]> * Review Euroaccessibility Task Force 3 Checklist framework document [3]> * Gateway Techniques [4]>> [1] http://www.w3.org/WAI/Resources/WAI-UA-Support> [2] http://www.w3.org/TR/2003/WD-qaframe-test-20030516/> [3]>http://www.euroaccessibility.org/tf3_doc/EACEvaluationChecklistVersion0a4.ht> m> [4] http://www.w3.org/WAI/GL/WCAG20/WD-WCAG20-TECHS-GATEWAY-20031205.html>> --- Signature --->> Michael Cooper> Accessibility Product Manager, Watchfire> 1 Hines Rd, Kanata, ON  K2K 3C7  Canada> Tel: +1 (613) 599-3888 x4019> Fax: +1 (613) 599-4661> Email: michaelc@watchfire.com> Web: http://www.watchfire.com/>>",
            "docno": "lists-071-15371345",
            "received": "Tue Dec 16 14:30:42 2003",
            "isoreceived": "20031216193042",
            "sent": "Tue, 16 Dec 2003 20:26:23 +0100",
            "isosent": "20031216192623",
            "name": "Roberto Ellero",
            "email": "rellero@webaccessibile.org",
            "subject": "Re: [techs] Techniques Teleconference 17 December 2003 (regrets)",
            "id": "009901c3c40a$7fd61740$8e0110ac@P4ithf13N9YYlg",
            "charset": "iso-8859-1",
            "inreplyto": "D9ABD8212AFB094C855045AD80FB40DD033FB439&#64;1wfmail.watchfire.com",
            "expires": "-1",
            "to": " \"WAI GL (E-mail)\" <w3c-wai-gl@w3.org>\n"
        },
        {
            "body": "It is possible to have both the embed element and validity - this was whatthe modularisation of XHTML was designed to allow.You simply need to create a DTD that includes HTML and allows embed to beincluded - essentially by adding a module for it. If we are going to proposethe possiblity of doing this we should create the appropriate DTD and showhow to include it in the document...Support for object in Internet Explorer isn't that great - it prefers to betold exactly which plugin to use for code, which is a problem for anyone whowants to develop a more accceissble plugin or a specialised one for some kindof content. But it isn't unsupported either - and only really broken forimages.Support for object in browsers goes back to 1998 versions of Explorerand Netscape, and is now pretty standard. It would be good to have some moreclear information about exact levels of support - does anyone have afavourite reference for comprehensive information about what browsers reallysupport?CheersChaalsOn Sat, 1 Nov 2003, Roberto Ellero wrote:>>> If we do want to include techniques for obsolete elements for backwards>> compatibility purposes, this should be made explicit with each technique>> that uses them.>>I agree, and I think that the current example for movies (Flash-only):>>http://www.w3.org/WAI/GL/WCAG20/WD-WCAG20-HTML-TECHS-20031020.html#noembed><embed src=\"moviename.swf\" width=\"100\" height=\"80\">      pluginspage=\"http://example.com/shockwave/download/\" />>  <noembed>>    <img alt=\"Still from Movie\" src=\"moviename.gif\">    width=\"100\" height=\"80\" />>  </noembed>>>may be misleading, as it is available a good solution for swf files, by Drew>McLellan in an article in A List Apart>http://www.alistapart.com/articles/flashsatay/, that in synthesis leads to a>code like this:>><object type=\"application/x-shockwave-flash\" data=\"file.swf\"> width=\"100\" height=\"100\">> <param name=\"movie\" value=\"file.swf\" />> <a href=\"page.htm\"><img src=\"noflash.gif\" width=\"100\" height=\"100\" alt=\"alt>text\" /></a>&nbsp;></object>>>It is valid, and if the browser doesn't play objects with a MIME type of>application/x-shockwave-flash, it will go for the next child element (in the>example img, but may be a text).>>Roberto Ellero>>>>----- Original Message ----->From: \"Yvette P. Hoitink\" <y.p.hoitink@heritas.nl>>To: <w3c-wai-gl@w3.org>>Sent: Friday, October 31, 2003 5:16 PM>Subject: HTML techniques - Embedded objects (no blocker)>>>>>> In the HTML techniques document, there is two techniques for the Embed>> element,  called \"Alt content for embed\":>>><http://www.w3.org/WAI/GL/WCAG20/WD-WCAG20-HTML-TECHS-20031020.html#noembed>>> and Alt text for embed.>>>> However, EMBED is no longer supported in HTML4+. I do not think we should>> give techniques for elements that are no longer in the HTML specification.>> If we do want to include techniques for obsolete elements for backwards>> compatibility purposes, this should be made explicit with each technique>> that uses them.>>>> In the next section below, called \"Embedding multimedia objects\", it does>> mention that you should use EMBED within OBJECT for backward>compatibility,>> however it does not say that EMBED is no longer part of the specification>> and will lead to invalid documents. If I were a casual visitor, I would>> think that OBJECT is the preferred way, but also that EMBED is still>allowed>> which is not the case.>>>> Also, I think we should include some more examples of how to embed a movie>> or sound fragment (for example an AVI or WAV file). I am currently>building>> a website with some movies and sounds, but have had a very hard time>finding>> out how to make this accessible and cross-browser. My added problem was>that>> we create these pages on the fly (server-side), without knowing the actual>> width and height of the movies.>>>> The current example for movies are Flash-only, where there normally is one>> designated plugin. This is contrary to other movies which can use>different>> programs to be played, depending on the user's preferences, operating>> system, browser, etc.>>>> Yvette Hoitink>> CEO Heritas, Enschede, The Netherlands>>>>>Charles McCathieNevile  http://www.w3.org/People/Charles  tel: +61 409 134 136SWAD-E http://www.w3.org/2001/sw/Europe         fax(france): +33 4 92 38 78 22Post:   21 Mitchell street, FOOTSCRAY Vic 3011, Australia    orW3C, 2004 Route des Lucioles, 06902 Sophia Antipolis Cedex, France",
            "docno": "lists-071-11640127",
            "received": "Sun Nov  2 08:38:23 2003",
            "isoreceived": "20031102133823",
            "sent": "Sun, 2 Nov 2003 08:37:57 -0500 (EST)",
            "isosent": "20031102133757",
            "name": "Charles McCathieNevile",
            "email": "charles@w3.org",
            "subject": "[techs] Re: HTML techniques - Embedded objects (no blocker)",
            "id": "Pine.LNX.4.55.0311020832130.22329@homer.w3.org",
            "charset": "US-ASCII",
            "inreplyto": "00dc01c3a05f$683c5eb0$3a29fea9&#64;K6jt1f6N1cl0f",
            "expires": "-1",
            "to": " Roberto Ellero<rellero@webaccessibile.org>\n",
            "cc": "\"Yvette P. Hoitink\"<y.p.hoitink@heritas.nl>,w3c-wai-gl@w3.org\n"
        },
        {
            "body": "",
            "docno": "lists-071-7318662",
            "received": "Thu Aug 14 12:11:03 2003",
            "isoreceived": "20030814161103",
            "sent": "Thu, 14 Aug 2003 18:07:43 +0200",
            "isosent": "20030814160743",
            "name": "Roberto Ellero",
            "email": "rellero@webaccessibile.org",
            "subject": "Regrets, teleconference 14 August",
            "id": "000d01c3627e$4881bfd0$3a29fea9@K6jt1f6N1cl0f",
            "charset": "iso-8859-1",
            "expires": "-1",
            "to": "<w3c-wai-gl@w3.org>\n"
        },
        {
            "body": "",
            "docno": "lists-071-13657238",
            "received": "Wed Dec  3 13:58:46 2003",
            "isoreceived": "20031203185846",
            "sent": "Wed, 3 Dec 2003 19:54:05 +0100",
            "isosent": "20031203185405",
            "name": "Roberto Ellero",
            "email": "rellero@webaccessibile.org",
            "subject": "Late regrets for Techniques teleconference, regrets teleconference 4 december",
            "id": "00a201c3b9ce$d592e000$8e0110ac@K6jt1f6N1cl0f",
            "charset": "iso-8859-1",
            "expires": "-1",
            "to": "<w3c-wai-gl@w3.org>\n"
        },
        {
            "body": "Hi,for this teleconference I ask if it's still possible to have online audiostreaming as resourcefully arranged by Roberto Scano with WMP.Next week I'll use Net2Phone :-)Roberto ElleroIWA/HWG",
            "docno": "lists-071-3371621",
            "received": "Thu Feb  6 14:54:06 2003",
            "isoreceived": "20030206195406",
            "sent": "Thu, 6 Feb 2003 20:53:18 +0100",
            "isosent": "20030206195318",
            "name": "Roberto Ellero",
            "email": "rellero@webaccessibile.org",
            "subject": "Online audio streaming for teleconference",
            "id": "001f01c2ce19$6c831770$3a29fea9@rtF6hN9pfCJ4k",
            "charset": "iso-8859-1",
            "expires": "-1",
            "to": "<w3c-wai-gl@w3.org>\n"
        },
        {
            "body": "I'm sorry, yesterday 09/18 I was not able to inform of my absence.",
            "docno": "lists-071-9770562",
            "received": "Fri Sep 19 10:48:55 2003",
            "isoreceived": "20030919144855",
            "sent": "Fri, 19 Sep 2003 16:44:17 +0200",
            "isosent": "20030919144417",
            "name": "Roberto Ellero",
            "email": "rellero@webaccessibile.org",
            "subject": "Late regrets",
            "id": "000a01c37ebc$82592ea0$3a29fea9@K6jt1f6N1cl0f",
            "charset": "iso-8859-1",
            "expires": "-1",
            "to": "<w3c-wai-gl@w3.org>\n"
        },
        {
            "body": "I'm starting the translation of: http://www.w3.org/TR/WCAG10-CSS-TECHS/  inItalian language.Sincerely,Roberto ElleroIWA/HWG - W3C WCAG Group Member",
            "docno": "lists-058-0318321",
            "received": "Sat Nov 22 08:39:23 2003",
            "isoreceived": "20031122133923",
            "sent": "Sat, 22 Nov 2003 14:22:01 +0100",
            "isosent": "20031122132201",
            "name": "Roberto Ellero",
            "email": "rellero@webaccessibile.org",
            "subject": "WCAG 1.0 CSS Techniques (Italian)",
            "id": "019001c3b0fb$9fcfee30$3a29fea9@K6jt1f6N1cl0f",
            "charset": "iso-8859-1",
            "expires": "-1",
            "to": "<w3c-translators@w3.org>\n"
        },
        {
            "body": "I agree with Wendy's point that brightness needs to be factored in.Arie Arditi says that people with low vision often have color deficitsacross all three dimensions of color (brightness, hue, and saturation).John\"Good design is accessible design.\"Please note our new name and URL!John Slatin, Ph.D.Director, Accessibility InstituteUniversity of Texas at AustinFAC 248C1 University Station G9600Austin, TX 78712ph 512-495-4288, f 512-495-4524web http://www.utexas.edu/research/accessibility/-----Original Message-----From: Wendy A Chisholm [mailto:wendy@w3.org]Sent: Tuesday, September 02, 2003 7:47 pmSubject: Re: Equation for determining color \"closeness\"Thanks, Roberto.>I noticed that the complementary colour (directly opposite to each>other in the colour wheel) combination has the highest contrast.>http://www.webwhirlers.com/colors/combining.aspIn my experience, red and green are considered complementary [1,2,3,4].Inthe resource that you cite red and green don't appear to becomplementary.  Another source names the complementary pairs as [6]:greenand magenta, blue and amber, and blue-green and red.If red and green are complementary, there is at least one exception tothecomplementary rule: don't use green and red together (unless it is ok tomiss the information presented in an overlap of the two colors).What about the other definitions of complementary colors? Is it ok tooverlap red and blue-green? Reading Aries's pamphlet [5] it seems thatredon blue-green is OK as long as you use dark red against light blue-greenand don't use light red on dark blue-green.  Joe's book seems to supportthis when he says, \"Don't set green on red or red on green....unless:Theitems have considerable difference in brightness....If the lightnesscontrast is _indisputably_ high, you've solved the problem.\" [7]So, it seems to me that the \"complements rule,\" while short and sweet,doesn't quite stand on its own.  Brightness needs to be part of theequation.--wendy[1] http://www.sanford-artedventures.com/study/g_complementary.html[2] http://www.colormatters.com/colortheory.html[3] http://painting.about.com/library/blcompcolors.htm[4] http://www.artsconnected.org/toolkit/encyc_colorwheel.html[5] http://www.lighthouse.org/color_contrast.htm[6] http://www.gweep.net/~prefect/pubs/iqp/node69.html[7] http://joeclark.org/book/sashay/serialization/Chapter09.html--wendy a chisholmworld wide web consortiumweb accessibility initiativehttp://www.w3.org/WAI//--",
            "docno": "lists-071-8697402",
            "received": "Wed Sep  3 09:09:41 2003",
            "isoreceived": "20030903130941",
            "sent": "Wed, 3 Sep 2003 08:08:58 -0500",
            "isosent": "20030903130858",
            "name": "John M Slatin",
            "email": "jslatin@mail.utexas.edu",
            "subject": "RE: Equation for determining color &quot;closeness&quot;",
            "id": "B3DC65CD2AA7EF449E554548C6FE1111E0A8B2@MAIL01.austin.utexas.edu",
            "charset": "us-ascii",
            "inreplyto": "Equation for determining color &quot;closeness&quot;",
            "expires": "-1",
            "to": " Roberto Ellero; w3c-wai-gl@w3.org\n"
        },
        {
            "body": "",
            "docno": "lists-071-9516521",
            "received": "Wed Sep 17 01:26:10 2003",
            "isoreceived": "20030917052610",
            "sent": "Wed, 17 Sep 2003 07:21:32 +0200",
            "isosent": "20030917052132",
            "name": "Roberto Ellero",
            "email": "rellero@webaccessibile.org",
            "subject": "Regrets, teleconference 17 September 2003",
            "id": "000b01c37cdb$c42643f0$3a29fea9@K6jt1f6N1cl0f",
            "charset": "iso-8859-1",
            "expires": "-1",
            "to": "<w3c-wai-gl@w3.org>\n"
        },
        {
            "body": "----- Original Message -----From: \"Charles McCathieNevile\" <charles@w3.org>Sent: Sunday, November 02, 2003 2:37 PMSubject: [techs] Re: HTML techniques - Embedded objects (no blocker)>You simply need to create a DTD that includes HTML and allows embed tobe>included - essentially by adding a module for it. If we are going topropose>the possiblity of doing this we should create the appropriate DTD andshow>how to include it in the document...For respect of CheckPoint 3.2 WCAG 1.0, *all* the DTD are valid ot onlythese ones that are supported by the validator?http://validator.w3.org/sgml-lib/catalog",
            "docno": "lists-071-11666877",
            "received": "Sun Nov  2 08:42:54 2003",
            "isoreceived": "20031102134254",
            "sent": "Sun, 2 Nov 2003 14:42:25 +0100",
            "isosent": "20031102134225",
            "name": "Roberto Scano - IWA/HWG",
            "email": "rscano@iwa-italy.org",
            "subject": "Re: [techs] Re: HTML techniques - Embedded objects (no blocker)",
            "id": "007e01c3a147$28ee1f30$0500a8c0@iwars",
            "charset": "iso-8859-1",
            "inreplyto": "Pine.LNX.4.55.0311020832130.22329&#64;homer.w3.org",
            "expires": "-1",
            "to": " \"Roberto Ellero\" <rellero@webaccessibile.org>\n",
            "cc": " \"Yvette P. Hoitink\" <y.p.hoitink@heritas.nl>; <w3c-wai-gl@w3.org>\n"
        },
        {
            "body": "> If we do want to include techniques for obsolete elements for backwards> compatibility purposes, this should be made explicit with each technique> that uses them.I agree, and I think that the current example for movies (Flash-only):http://www.w3.org/WAI/GL/WCAG20/WD-WCAG20-HTML-TECHS-20031020.html#noembed<embed src=\"moviename.swf\" width=\"100\" height=\"80\"pluginspage=\"http://example.com/shockwave/download/\" /><noembed><img alt=\"Still from Movie\" src=\"moviename.gif\"width=\"100\" height=\"80\" /></noembed>may be misleading, as it is available a good solution for swf files, by DrewMcLellan in an article in A List Aparthttp://www.alistapart.com/articles/flashsatay/, that in synthesis leads to acode like this:<object type=\"application/x-shockwave-flash\" data=\"file.swf\"width=\"100\" height=\"100\"><param name=\"movie\" value=\"file.swf\" /><a href=\"page.htm\"><img src=\"noflash.gif\" width=\"100\" height=\"100\" alt=\"alttext\" /></a>&nbsp;</object>It is valid, and if the browser doesn't play objects with a MIME type ofapplication/x-shockwave-flash, it will go for the next child element (in theexample img, but may be a text).Roberto Ellero----- Original Message -----From: \"Yvette P. Hoitink\" <y.p.hoitink@heritas.nl>Sent: Friday, October 31, 2003 5:16 PMSubject: HTML techniques - Embedded objects (no blocker)>> In the HTML techniques document, there is two techniques for the Embed> element,  called \"Alt content for embed\":><http://www.w3.org/WAI/GL/WCAG20/WD-WCAG20-HTML-TECHS-20031020.html#noembed>> and Alt text for embed.>> However, EMBED is no longer supported in HTML4+. I do not think we should> give techniques for elements that are no longer in the HTML specification.> If we do want to include techniques for obsolete elements for backwards> compatibility purposes, this should be made explicit with each technique> that uses them.>> In the next section below, called \"Embedding multimedia objects\", it does> mention that you should use EMBED within OBJECT for backwardcompatibility,> however it does not say that EMBED is no longer part of the specification> and will lead to invalid documents. If I were a casual visitor, I would> think that OBJECT is the preferred way, but also that EMBED is stillallowed> which is not the case.>> Also, I think we should include some more examples of how to embed a movie> or sound fragment (for example an AVI or WAV file). I am currentlybuilding> a website with some movies and sounds, but have had a very hard timefinding> out how to make this accessible and cross-browser. My added problem wasthat> we create these pages on the fly (server-side), without knowing the actual> width and height of the movies.>> The current example for movies are Flash-only, where there normally is one> designated plugin. This is contrary to other movies which can usedifferent> programs to be played, depending on the user's preferences, operating> system, browser, etc.>> Yvette Hoitink> CEO Heritas, Enschede, The Netherlands>>",
            "docno": "lists-071-11601376",
            "received": "Sat Nov  1 05:07:20 2003",
            "isoreceived": "20031101100720",
            "sent": "Sat, 1 Nov 2003 11:03:27 +0100",
            "isosent": "20031101100327",
            "name": "Roberto Ellero",
            "email": "rellero@webaccessibile.org",
            "subject": "Re: HTML techniques - Embedded objects (no blocker)",
            "id": "00dc01c3a05f$683c5eb0$3a29fea9@K6jt1f6N1cl0f",
            "charset": "iso-8859-1",
            "inreplyto": "E1AFbxM-00017R-HF&#64;smtp4.home.nl",
            "expires": "-1",
            "to": " <w3c-wai-gl@w3.org>\n"
        },
        {
            "body": "",
            "docno": "lists-070-16705660",
            "received": "Wed Jun 18 07:08:45 2003",
            "isoreceived": "20030618110845",
            "sent": "Wed, 18 Jun 2003 13:06:52 +0200",
            "isosent": "20030618110652",
            "name": "Roberto Ellero",
            "email": "rellero@webaccessibile.org",
            "subject": "Regrets 18th - 19th June teleconference",
            "id": "000f01c33589$bbf25b40$3a29fea9@T9hj7Rfw0y1xI",
            "charset": "iso-8859-1",
            "expires": "-1",
            "to": "<w3c-wai-gl@w3.org>\n"
        },
        {
            "body": "I found interesting this mensurability of the contrast.I noticed that the complementary colour (directly opposite to each other inthe colour wheel) combination has the highest contrast.http://www.webwhirlers.com/colors/combining.asp\"Split complementary is a colour and the analogous colours to its complementcolor. Using split complementary colours can give you a design with a highdegree of contrast, yet still not as extreme as a real complementary colour.It also results in greater harmony than the use of the directcomplementary.\"http://www.color-wheel-pro.com/color-schemes.html#splitMaybe this site is useful:http://www.4colorvision.com/files/colorcontrperf.htmIt's about contrast performance of the human eye.It is interesting also to notice that even the chromatic contrastsensitivity functions are subjected to a logarithm:http://www.4colorvision.com/files/colorcontrperf.htm#equationsBest regards,Roberto Ellero----- Original Message -----From: \"Wendy A Chisholm\" <wendy@w3.org>Sent: Saturday, August 30, 2003 12:38 AMSubject: Equation for determining color \"closeness\">> On page 93 in Chapter 4 (Creating Accessible Content) of \"Constructing> Accessible Web Sites\" [1], Jim Thatcher writes, \"It is clear that good> contrast occurs when two colors are close to complementary. 'Closeness'can> be calculated as if the R G B colors are points in the three-dimensionalspace:> Distance = ( (R1-R2) ^2 + (G1-G2) ^2 + (B1-B2) ^2) ^1/2> \">> [1] http://www.jimthatcher.com/book.htm>> --> wendy a chisholm> world wide web consortium> web accessibility initiative> http://www.w3.org/WAI/> /-->>",
            "docno": "lists-071-8581833",
            "received": "Sat Aug 30 03:59:44 2003",
            "isoreceived": "20030830075944",
            "sent": "Sat, 30 Aug 2003 09:55:07 +0200",
            "isosent": "20030830075507",
            "name": "Roberto Ellero",
            "email": "rellero@webaccessibile.org",
            "subject": "Re: Equation for determining color &quot;closeness&quot;",
            "id": "002101c36ecc$3ae51020$3a29fea9@K6jt1f6N1cl0f",
            "charset": "iso-8859-1",
            "inreplyto": "5.2.0.9.2.20030829183134.01a0b138&#64;localhost",
            "expires": "-1",
            "to": " <w3c-wai-gl@w3.org>\n"
        }
    ]
}