{
    "id": "candidate-0373",
    "name": "Donald Evans",
    "gender": "MALE",
    "email": "donaldfevans@aol.com",
    "mails": [
        {
            "body": "TEXT/HTML attachment: stored",
            "docno": "lists-072-1181111",
            "received": "Wed May  5 09:34:54 2004",
            "isoreceived": "20040505133454",
            "sent": "Wed, 5 May 2004 09:34:11 -0400",
            "isosent": "20040505133411",
            "name": "Donald F. Evans",
            "email": "donaldfevans@aol.com",
            "subject": "Re: Example: Real-time feed of satellite photos",
            "id": "4098ED53.1070801@aol.com",
            "charset": "us-ascii",
            "inreplyto": "C46A1118E0262B47BD5C202DA2490D1A0183AF38&#64;MAIL02.austin.utexas.edu",
            "expires": "-1",
            "to": "\"WAI WCAG List\"<w3c-wai-gl@w3.org>\n"
        },
        {
            "body": "On Wed, 5 May 2004, Donald F. Evans wrote:>This is similar to the problem I face at AOL.? How does a content aggregator>conform to these standards?Naturally enough, by only publishing content that conforms to them :-)Seriously, the real issue for a content aggregator is how to know whethersomething conforms. Here, EARL is designed to help. The obvious way is byproviding detailed machine-processable conformance statements, so you canmake decisions automatically, based on pre-determined criteria (a bit likePICS is used for content selection, but more powerful for this particularproblem).For example, you may simply publish the information along with references tothe EARL, declaring the conformance status for each piece of content ratherthan the entire content necessarily conforming to a particular level. On thepositive side, this includes noting that some content far exceeds your usualminimum requirement...Or you may decide only to publish stuff that has a minimal conformanceprofile - and this may or may not be restricted to accessibility.  (Forexample, it is easy to rewrite PICS services to RDF, and you might use onetool to then select on several types of criteria, including accessibility).Another feature of EARL is that by design it includes information on who madethe conformance statement, giving you a base to do quality control on yourinformation, by determining whose statements you trust, mistrust, ordistrust.CheersChaals",
            "docno": "lists-072-1215354",
            "received": "Wed May  5 10:39:54 2004",
            "isoreceived": "20040505143954",
            "sent": "Wed, 5 May 2004 10:39:04 -0400 (EDT)",
            "isosent": "20040505143904",
            "name": "Charles McCathieNevile",
            "email": "charles@w3.org",
            "subject": "Aggregators Re: Example: Real-time feed of satellite photos",
            "id": "Pine.LNX.4.55.0405051031420.14126@homer.w3.org",
            "charset": "ISO-8859-1",
            "inreplyto": "4098ED53.1070801&#64;aol.com",
            "expires": "-1",
            "to": "\"Donald F. Evans\"<donaldfevans@aol.com>\n",
            "cc": " WAI WCAG List<w3c-wai-gl@w3.org>\n"
        },
        {
            "body": "RegretsMichael Cooper wrote on 6/1/2004, 4:08 PM:>> The Techniques teleconference is scheduled for Wednesday, 02 June from> 14:00 to 16:00 UTC:>   * 16:00 to 18:00 Central Europe>   * 10:00 to 12:00 North American Eastern>   * 7:00 to 9:00 North American Pacific>   * 0:00 to 2:00 (Thursday) Australian Eastern>> This call has been extended by 1/2 hour and will be a two hour call.>> The conference information is:>> +1-617-761-6200> Passcode 92248> IRC server irc.w3.org port 6665 channel #wai-wcag>>> AGENDA>> * Review Chris's mapping of HTML techniques to Guidelines & Levels [1]> * Review expanded analyses (with ATAG and UAAG incorporated) and> associated> documents and proposals [2], [3]> * Table caption & summary following list discussion of definitions [4]> * Complex tables - headers/id, scope>> [1] http://www.aprompt.ca/docs/WcagToTechs.html> [2] http://lists.w3.org/Archives/Public/w3c-wai-gl/2004AprJun/0457.html> [3] http://lists.w3.org/Archives/Public/w3c-wai-gl/2004AprJun/0469.html> [4] http://lists.w3.org/Archives/Public/w3c-wai-gl/2004AprJun/0500.html>>--Donald F. EvansSenior Product integrity & Performance EngineerThe Studio@AOLphone 703.265.5952 | email: donaldfevans@aol.com",
            "docno": "lists-072-4056437",
            "received": "Wed Jun  2 09:19:26 2004",
            "isoreceived": "20040602131926",
            "sent": "Wed, 2 Jun 2004 09:18:41 -0400",
            "isosent": "20040602131841",
            "name": "Donald F. Evans",
            "email": "donaldfevans@aol.com",
            "subject": "Re: [techs] EXTENDED Techniques Teleconference 02 June 2004",
            "id": "40BDD3B1.9@aol.com",
            "charset": "us-ascii",
            "inreplyto": "D9ABD8212AFB094C855045AD80FB40DD033FB8C2&#64;1wfmail.watchfire.com",
            "expires": "-1",
            "to": "\"WAI GL\"<w3c-wai-gl@w3.org>\n"
        }
    ]
}