{
    "id": "candidate-0453",
    "name": "Jacco van Ossenbruggen",
    "gender": "MALE",
    "email": "Jacco.van.Ossenbruggen@cwi.nl",
    "mails": [
        {
            "body": "\"J.R. van Ossenbruggen\" wrote:>> About the complaints that SMIL 1.0 forces you to split up the text in> many small files:>> Note that in SMIL 1.0, you can have text in the SMIL file by using the> <text src=\"data:...\" /> syntax.  I know this is not ideal when you> edit SMIL by hand: you probably will need some tool to escape the> illegal URI characters (such as spaces etc).In SMIL Boston, it should be possible to say<text href=\"xptr(pointer to elsewhere in the file)\">shouldn't it?--Chris",
            "docno": "lists-066-16756250",
            "received": "Wed Dec 22 06:49:26 1999",
            "isoreceived": "19991222114926",
            "sent": "Wed, 22 Dec 1999 12:46:17 +0100",
            "isosent": "19991222114617",
            "name": "Chris Lilley",
            "email": "chris@w3.org",
            "subject": "Re: Captions for audio clips",
            "id": "3860BA09.E787CBF7@w3.org",
            "charset": "us-ascii",
            "inreplyto": "UTC199912221005.LAA66139.jrvosse&#64;pinas.cwi.nl",
            "expires": "-1",
            "to": "\"J.R. van Ossenbruggen\"<Jacco.van.Ossenbruggen@cwi.nl>\n",
            "cc": " geoff freed<geoff_freed@wgbh.org>, Marja-Riitta Koivunen<marja@w3.org>,w3c-wai-pf@w3.org, Charles McCathieNevile<charles@w3.org>,\"webmaster@dors.sailorsite.net\"<webmaster@dors.sailorsite.net>,\"w3c-wai-gl@w3.org\"<w3c-wai-gl@w3.org>,\"'pjenkins@us.ibm.com'\"<pjenkins@us.ibm.com>,www-smil@w3.org\n"
        },
        {
            "body": "I will not be able to make it either.  Hope to see some of you in NYCnext week,Jacco",
            "docno": "lists-022-3218581",
            "received": "Wed May 12 06:41:14 2004",
            "isoreceived": "20040512104114",
            "sent": "Wed, 12 May 2004 12:39:32 +0200",
            "isosent": "20040512103932",
            "name": "J.R. van Ossenbruggen",
            "email": "Jacco.van.Ossenbruggen@cwi.nl",
            "subject": "Re: regrets for the next telecon (May 13th)",
            "id": "40A1FEE4.1020402@cwi.nl",
            "charset": "us-ascii",
            "inreplyto": "Pine.GSO.4.58.0405082115400.14042&#64;mail.ilrt.bris.ac.uk",
            "expires": "-1",
            "to": "public-swbp-wg@w3.org\n"
        },
        {
            "body": "A minor issue, but most OWL constructs have a rdfs:label property in theRDF schema (OWL Reference. appendix B).  Only AnnotationProperty andOntologyProperty, however, do not have such a label.  This seemsinconsequent and is awkward for RDF tools that use the labels forvisualizing the schema in a GUI.Jacco van Ossenbruggen, CWI Amsterdam",
            "docno": "lists-024-7697614",
            "received": "Thu Dec 18 05:09:28 2003",
            "isoreceived": "20031218100928",
            "sent": "Thu, 18 Dec 2003 11:09:27 +0100",
            "isosent": "20031218100927",
            "name": "J.R. van Ossenbruggen",
            "email": "Jacco.van.Ossenbruggen@cwi.nl",
            "subject": "rdfs:label missing in OWL RDF schema for AnnotationProperty and OntologyProperty",
            "id": "3FE17CD7.6010806@cwi.nl",
            "charset": "us-ascii",
            "expires": "-1",
            "to": "public-webont-comments@w3.org\n"
        },
        {
            "body": "Unable to make it tonight.Regards,Benjamin Nguyen----------------------------------------------------------------This message was sent using IMP, the Internet Messaging Program.",
            "docno": "lists-022-3332452",
            "received": "Thu May 13 06:17:28 2004",
            "isoreceived": "20040513101728",
            "sent": "Thu, 13 May 2004 12:13:40 +0200",
            "isosent": "20040513101340",
            "name": "Benjamin Nguyen",
            "email": "Benjamin.Nguyen@inria.fr",
            "subject": "regrets for the next telecon (May 13th)",
            "id": "1084443220.40a34a540c498@pops-rocq.inria.fr",
            "charset": "ISO-8859-1",
            "inreplyto": "40A1FEE4.1020402&#64;cwi.nl",
            "expires": "-1",
            "to": "\"J.R. van Ossenbruggen\"<Jacco.van.Ossenbruggen@cwi.nl>\n",
            "cc": "public-swbp-wg@w3.org\n"
        },
        {
            "body": "It's true that \"fill\" doesn't really have a default value.If there is no fill attribute, the behavior depends on the context:if there is an explicit duration or end, the value is \"remove\", otherwiseit is \"freeze\" (see section 4.2.4.2, \"determining the effective end ofan element\")did i get that right ? if so, it'll be added to the errataOn 10/11/1998, Jacco van Ossenbruggen <Jacco.van.Ossenbruggen@cwi.nl>  wrote:>Philipp,>>Lloyd noticed an inconsistency between the DTD (defining a default value>'remove') and the rest of the SMIL spec.  Currently, there is no way a>player which is built on top of a validating parser can discriminate>between a \"remove\" which is explicitly specified by the author, or the>default case. I agree with Lloyd and think that the definition of the>fill attribute should be:>><!--=================== Fill Attribute>====================================-->><!ENTITY % fill-attribute \">        fill    (remove|freeze)    #IMPLIED>\">>>Any thoughts?>>Jacco",
            "docno": "lists-029-6964809",
            "received": "Tue Nov 10 09:18:45 1998",
            "isoreceived": "19981110141845",
            "sent": "Tue, 10 Nov 1998 15:18:30 +0100",
            "isosent": "19981110141830",
            "name": "Philipp Hoschka",
            "email": "Philipp.Hoschka@sophia.inria.fr",
            "subject": "Re: default value of fill attribute",
            "id": "199811101418.PAA29513@www45.inria.fr",
            "inreplyto": "364830B1.C810C164&#64;cwi.nl",
            "expires": "-1",
            "to": " Jacco van Ossenbruggen<Jacco.van.Ossenbruggen@cwi.nl>\n",
            "cc": " Lloyd Rutledge<Lloyd.Rutledge@cwi.nl>,smil-editors@w3.org\n"
        },
        {
            "body": "Hi all,I'm not sure what TF this belongs to, but a recurring question peoplehave asked me (and I also found this question popping up in theliterature now and then) is this:\"What is the schema (and/or ontology) for my annotations?\"Alternative formulations of the same or related questions are:\"When do I need an annotation template?\"\"Do I define my template in OWL or in XML Schema?\"\"I know what the output of an ontology editor looks like, but what doesthe output of an annotation tool that uses these ontologies looklike?\"\"How do I drive the GUI dialog in my annoation tool given theontologies I need to use?\"I think these questions really reveal two related problems:1. When people that come from the annotation/meta data angle (e.g. thosewho think SemWeb == annotations/meta data/resource descriptions) lookinto the literature for answers on this question they discover to theirsurprise that many SemWeb papers are about knowledge representation in aWeb context, and do not even discuss how you use this knowledge todescribe you resources.2. When papers do discuss annotations, it is often assumed that theannotations are instances of the underlying ontologies (I'm not anexpert in this field, but this assumption may be inherited from the DLA-box/T-box world view?).  This assumption is often anoversimplification: many applications have their own semantic and syntaxrequirements for the meta data.For example, when annotating a large video, you might want to structurethe annotations syntactically using the shot/scene _structure_ of thevideo (I mean _structure_ with all the associated syntactic hierarchicaland ordering information you get in XML for free and is cumbersome torepresent in RDF triples).In general, you could say that even if the terms used by the annotationsare defined by the underlying ontologies, that in itself doesn't makethe annotations instances of these ontologies.Another example: in Natasha's first simple example, it turns out thateven when you already have an ontology defining animals, and an ontologydefining cross-domain information resource descriptors (such as DublinCore) you often still need some third schema to put the two together,for example a third RDF schema that combines the animal and dc schemasand defines a LionBook as an AnimalBook with dc:subject Lion:<AnimalBook rdf:ID=\"LionBook\"><dc:subject rdf:resource=\"#Lion\"/></AnimalBook>Note that I do not want to get into the \"classes as values\" discussion,I want to discuss \"what do my annotations look like and how do I definethis?\".  For example, in [1] Guus uses the term \"object-descriptiontemplate\" to refer to the structure that defines the annotationtemplate, that is, the placeholders in which the annotator needs to fillin terms, the ontologies that are allowed to be used and the parts ofthose ontologies that contain legal values.  Also note that theresulting annotations might not even be in RDF, but, for example, couldalso be in XML or some other grammar and only _use_ the terms from thevarious relevant ontologies.  In this case, it becomes a question howyou relate the XML instances and/or the XML Schemas involved to theRDF/OWL terminology they use. See, for example, the use of thexx:semantics attribute in [2].I'm wondering to what extent people recognize this problem and whetherit is worthwile to describe possible solutions in a pattern or FAQ.Jacco[1] Guus Schreiber, Inger Blok, Daan Carlier, Wouter van Gent, JairHokstam, and Uri Roos. A mini-experiment in semantic annotation. In I.Horrocks, editor, International Semantic Web Conference, Sardinia, June10-12, 2002, Lecture Notes in Computer Science, Berlin/Heidelberg, 2002.Springer-Verlag. http://www.cs.vu.nl/~guus/papers/Schreiber02b.pdf[2] Jane Hunter. Adding Multimedia to the Semantic Web --- Building anMPEG-7 Ontology. In: International Semantic Web Working Symposium (SWWS)Stanford University, California, USA July 30 - August 1, 2001http://www.semanticweb.org/SWWS/program/full/paper59.pdf",
            "docno": "lists-021-14887319",
            "received": "Wed Apr 28 12:07:38 2004",
            "isoreceived": "20040428160738",
            "sent": "Wed, 28 Apr 2004 18:03:25 +0200",
            "isosent": "20040428160325",
            "name": "J.R. van Ossenbruggen",
            "email": "Jacco.van.Ossenbruggen@cwi.nl",
            "subject": "[Fwd: [OEP,ALL] Potential FAQ: annotation schema problem",
            "id": "408FD5CD.6010803@cwi.nl",
            "charset": "us-ascii",
            "expires": "-1",
            "to": " swbp<public-swbp-wg@w3.org>\n",
            "cc": " Joost Geurts<Joost.Geurts@cwi.nl>, Lynda Hardman<Lynda.Hardman@cwi.nl>\n"
        },
        {
            "body": "> From: J.R. van Ossenbruggen <Jacco.van.Ossenbruggen@cwi.nl>> Date: Thu, 18 Dec 2003 11:09:27 +0100> Message-ID: <3FE17CD7.6010806@cwi.nl>> To: public-webont-comments@w3.org>>> A minor issue, but most OWL constructs have a rdfs:label property in the> RDF schema (OWL Reference. appendix B).  Only AnnotationProperty and> OntologyProperty, however, do not have such a label.  This seems> inconsequent and is awkward for RDF tools that use the labels for> visualizing the schema in a GUI.Jacco,Thanks for spotting this omission. It has been corrected in the mostrecent editor's draft:http://www.cs.vu.nl/~guus/public/owl-ref-recdraft.htmlhttp://www.cs.vu.nl/~guus/public/owl.rdf(temporarily NOT linked from the WebOnt home page).Guus>> Jacco van Ossenbruggen, CWI Amsterdam--Free University Amsterdam, Computer ScienceDe Boelelaan 1081a, 1081 HV Amsterdam, The NetherlandsTel: +31 20 444 7739/7718E-mail: schreiber@cs.vu.nlHome page: http://www.cs.vu.nl/~guus/",
            "docno": "lists-024-13559661",
            "received": "Thu Jan 29 05:11:46 2004",
            "isoreceived": "20040129101146",
            "sent": "Thu, 29 Jan 2004 11:10:11 +0100",
            "isosent": "20040129101011",
            "name": "Guus Schreiber",
            "email": "schreiber@cs.vu.nl",
            "subject": "Re: rdfs:label missing in OWL RDF schema for AnnotationProperty and  OntologyProperty",
            "id": "4018DC03.1050103@cs.vu.nl",
            "charset": "us-ascii",
            "inreplyto": "dfs:label missing in OWL RDF schema for AnnotationProperty and  OntologyProperty",
            "expires": "-1",
            "to": "Jacco.van.Ossenbruggen@cwi.nl\n",
            "cc": "public-webont-comments@w3.org\n"
        },
        {
            "body": ">> It's true that \"fill\" doesn't really have a default value.> If there is no fill attribute, the behavior depends on the context:> if there is an explicit duration or end, the value is \"remove\", otherwise> it is \"freeze\" (see section 4.2.4.2, \"determining the effective end of> an element\")>> did i get that right ? if so, it'll be added to the errataYeah, I think that's right.Can I put up an updated DTD somewhere?Jacco<!ENTITY % fill-attribute \"fill    (remove|freeze)    #IMPLIED\">",
            "docno": "lists-029-6973549",
            "received": "Thu Nov 12 07:39:17 1998",
            "isoreceived": "19981112123917",
            "sent": "Thu, 12 Nov 1998 13:38:57 +0100",
            "isosent": "19981112123857",
            "name": "J.R. van Ossenbruggen",
            "email": "J.R.van.Ossenbruggen@cwi.nl",
            "subject": "Re: default value of fill attribute",
            "id": "UTC199811121238.NAA15441.jrvosse@steenuil.cwi.nl",
            "charset": "us-ascii",
            "inreplyto": "199811101418.PAA29513&#64;www45.inria.fr",
            "expires": "-1",
            "to": " Philipp Hoschka<Philipp.Hoschka@sophia.inria.fr>\n",
            "cc": " Jacco van Ossenbruggen<Jacco.van.Ossenbruggen@cwi.nl>, Lloyd Rutledge<Lloyd.Rutledge@cwi.nl>,smil-editors@w3.org,J.R.van.Ossenbruggen@cwi.nl\n"
        },
        {
            "body": "Charles McCathieNevile wrote:>> Yes, but as far as I know that won't help since you aren't allowed to put the> text somewhere else in the fileIf it exclusively uses the SMIL namespace. Not a problem if it mixes inother namespaces too.> (unless using comments or something, but that> seems much too much of a hack to be a smart answer).I don't believe Xptr can point to a comment. It isn't an element.--Chris",
            "docno": "lists-067-0054168",
            "received": "Thu Dec 23 08:44:33 1999",
            "isoreceived": "19991223134433",
            "sent": "Thu, 23 Dec 1999 14:43:52 +0100",
            "isosent": "19991223134352",
            "name": "Chris Lilley",
            "email": "chris@w3.org",
            "subject": "Re: Captions for audio clips",
            "id": "38622718.1067EF7@w3.org",
            "charset": "us-ascii",
            "inreplyto": "Pine.LNX.4.20.9912220936040.10286-100000&#64;tux.w3.org",
            "expires": "-1",
            "to": " Charles McCathieNevile<charles@w3.org>\n",
            "cc": "\"J.R. van Ossenbruggen\"<Jacco.van.Ossenbruggen@cwi.nl>, geoff freed<geoff_freed@wgbh.org>, Marja-Riitta Koivunen<marja@w3.org>,w3c-wai-pf@w3.org,\"webmaster@dors.sailorsite.net\"<webmaster@dors.sailorsite.net>,\"w3c-wai-gl@w3.org\"<w3c-wai-gl@w3.org>,\"'pjenkins@us.ibm.com'\"<pjenkins@us.ibm.com>,www-smil@w3.org\n"
        },
        {
            "body": "Yes, but as far as I know that won't help since you aren't allowed to put thetext somewhere else in the file (unless using comments or something, but thatseems much too much of a hack to be a smart answer).CharlesOn Wed, 22 Dec 1999, Chris Lilley wrote:\"J.R. van Ossenbruggen\" wrote:>> About the complaints that SMIL 1.0 forces you to split up the text in> many small files:>> Note that in SMIL 1.0, you can have text in the SMIL file by using the> <text src=\"data:...\" /> syntax.  I know this is not ideal when you> edit SMIL by hand: you probably will need some tool to escape the> illegal URI characters (such as spaces etc).In SMIL Boston, it should be possible to say<text href=\"xptr(pointer to elsewhere in the file)\">shouldn't it?--Chris--Charles McCathieNevile    mailto:charles@w3.org    phone: +61 409 134 136W3C Web Accessibility Initiative                    http://www.w3.org/WAI21 Mitchell Street, Footscray, VIC 3011,  Australia (I've moved!)",
            "docno": "lists-066-16766311",
            "received": "Wed Dec 22 09:37:19 1999",
            "isoreceived": "19991222143719",
            "sent": "Wed, 22 Dec 1999 09:37:08 -0500 (EST)",
            "isosent": "19991222143708",
            "name": "Charles McCathieNevile",
            "email": "charles@w3.org",
            "subject": "Re: Captions for audio clips",
            "id": "Pine.LNX.4.20.9912220936040.10286-100000@tux.w3.org",
            "charset": "US-ASCII",
            "inreplyto": "3860BA09.E787CBF7&#64;w3.org",
            "expires": "-1",
            "to": " Chris Lilley<chris@w3.org>\n",
            "cc": "\"J.R. van Ossenbruggen\"<Jacco.van.Ossenbruggen@cwi.nl>, geoff freed<geoff_freed@wgbh.org>, Marja-Riitta Koivunen<marja@w3.org>,w3c-wai-pf@w3.org,\"webmaster@dors.sailorsite.net\"<webmaster@dors.sailorsite.net>,\"w3c-wai-gl@w3.org\"<w3c-wai-gl@w3.org>,\"'pjenkins@us.ibm.com'\"<pjenkins@us.ibm.com>,www-smil@w3.org\n"
        },
        {
            "body": "About the complaints that SMIL 1.0 forces you to split up the text inmany small files:Note that in SMIL 1.0, you can have text in the SMIL file by using the<text src=\"data:...\" /> syntax.  I know this is not ideal when youedit SMIL by hand: you probably will need some tool to escape theillegal URI characters (such as spaces etc).-- Jacco",
            "docno": "lists-066-16746123",
            "received": "Wed Dec 22 05:05:12 1999",
            "isoreceived": "19991222100512",
            "sent": "Wed, 22 Dec 1999 11:05:07 +0100",
            "isosent": "19991222100507",
            "name": "J.R. van Ossenbruggen",
            "email": "Jacco.van.Ossenbruggen@cwi.nl",
            "subject": "Re: Captions for audio clips",
            "id": "UTC199912221005.LAA66139.jrvosse@pinas.cwi.nl",
            "inreplyto": "-1266344830geoff_freed&#64;wgbh.org",
            "expires": "-1",
            "to": " geoff freed<geoff_freed@wgbh.org>\n",
            "cc": "\"Marja-Riitta Koivunen\"<marja@w3.org>,w3c-wai-pf@w3.org, Charles McCathieNevile<charles@w3.org>,\"webmaster@dors.sailorsite.net\"<webmaster@dors.sailorsite.net>,\"w3c-wai-gl@w3.org\"<w3c-wai-gl@w3.org>,\"'pjenkins@us.ibm.com'\"<pjenkins@us.ibm.com>,www-smil@w3.org\n"
        },
        {
            "body": "Hereby some comments on the feature synopsis draft. These aremy personal comments, not necessarily CWI's.While I think the feature synopsis document is a good additionto the more formal documents, I think the synopsis good do betterin making explicit to what class(es) of applications these featuresare aimed at.  This would guide readers in the process of choosingwhat language to use, but also help to convince the membershipof the added value of having these ontolgoy languages (given theamount of discussion at the start of the WG, WebOnt needs to convincethe public of their added value, maybe even more than otherworking groups do).This applies in particular to OWL Lite.  It is a little more thanRDFS, and a little less than full OWL.  Those features thatare added on top of RDFS, why were they added?  And those featuresthat where left out of Lite, but are present in full OWL, why are theychoosen not to be in OWL Lite?  What is the goal of OWL Lite?The current goal is rather vague:The goal of OWL Lite is to provide a language that is viewed bytool builders to be easy enough and useful enough to support.(apart from being vague, this could also suggest that the other languagesare not easy and useful enough to support...)I think the goal has to be more explicit.  Maybe it could reach outto the \"non-AI crowd\" more, and explicitly discuss the OWL Lite featuresin the terms familair to users dealing with metadata (e.g. \"the digitallibrary crowd\"), UML designers (e.g. \"the OO crowd\"), semantic modelers(in the database sense of the term, so those doing (extended) EntityRelationship modeling etc).Explicit statements like \"these and these features are not part of RDFS,but you need them to represent features found in most ER/UML diagrams\"would help.  An example of a typical ER-diagram and a typical UMLdiagram with their OWL-lite serialization would also help.I also would like to see some discussion to practical usage scenario'sfor toolbuilders like:If your tool already support RDFS (+MT) than adding OWL Litesupport will cost you <placeholder for \"little\"> while yourcustomers get <placeholder for \"much\">.In short, after reading the synopsis, readers should have an intuitionabout what language is most suited for their application.Regards,Jacco van Ossenbruggen",
            "docno": "lists-024-4770894",
            "received": "Tue Aug  6 05:57:20 2002",
            "isoreceived": "20020806095720",
            "sent": "Tue, 06 Aug 2002 11:57:18 +0200",
            "isosent": "20020806095718",
            "name": "J.R. van Ossenbruggen",
            "email": "Jacco.van.Ossenbruggen@cwi.nl",
            "subject": "Comments on draft &quot;Feature Synopsis for OWL Lite and OWL&quot;",
            "id": "200208060957.g769vIP32674@gemini.ins.cwi.nl",
            "expires": "-1",
            "to": "public-webont-comments@w3.org\n"
        },
        {
            "body": "Hello all,Since we missed the kick-off in Cannes, I'd like to introduce myself andmy CWI colleague by email.  My name is Jacco van Ossenbruggen, and I'maffiliated with CWI, the Dutch national research center on computerscience and mathematics, Amsterdam.  I've a background in documentengineering and was a member of the W3C SYMM WG during the developmentof SMIL 1.0 and SMIL 2.0.My colleague Frank Nack will serve as my alternate (starting withtomorrow's telecon).  Frank has a background in computational semioticsand got his PhD on automatic generation of humorous film sequences(think of the meta data involved in that project :-).  Frank also servedon the MPEG-7 committee, where he was one of the architects of the DDL(Data Description Language).I hope Frank and I can contribute to this working group in the area ofbest practices for, and deployment of multimedia annotations andintelligent media applications. We also look forward to work with Marcoon the SemWeb/MPEG link.Regards, Jacco van Ossenbruggen",
            "docno": "lists-021-16432565",
            "received": "Wed Mar 17 12:07:05 2004",
            "isoreceived": "20040317170705",
            "sent": "Wed, 17 Mar 2004 18:06:58 +0100",
            "isosent": "20040317170658",
            "name": "J.R. van Ossenbruggen",
            "email": "Jacco.van.Ossenbruggen@cwi.nl",
            "subject": "ALL: Introduction CWI WG members",
            "id": "405885B2.2040202@cwi.nl",
            "charset": "us-ascii",
            "expires": "-1",
            "to": "public-swbp-wg@w3.org,Frank.Nack@cwi.nl\n"
        },
        {
            "body": "Jacco,Thanks for your very useful comments.The gist of your comment is:> While I think the feature synopsis document is a good addition> to the more formal documents, I think the synopsis good do better> in making explicit to what class(es) of applications these features> are aimed at.> [...]> This applies in particular to OWL Lite.I agree. It's a common problem with documents like these that the authorshave internalised so many of these arguments that they (read: we:-) forget towrite them down for the benefit of the readers.Fortunately, you already suggest two concrete ways of improving the document> Maybe it could reach out> to the \"non-AI crowd\" more, and explicitly discuss the OWL Lite features> in the terms familair to users dealing with metadata (e.g. \"the digital> library crowd\"), UML designers (e.g. \"the OO crowd\"), semantic modelers> (in the database sense of the term, so those doing (extended) Entity> Relationship modeling etc).One option that I will explore is to link the definition of OWL Lite with theuse case from our requirements document (see [1]) to achieve what yousuggest.You suggested also:> Explicit statements like \"these and these features are not part of RDFS,> but you need them to represent features found in most ER/UML diagrams\"> would help.  An example of a typical ER-diagram and a typical UML> diagram with their OWL-lite serialization would also help.Work is already ongoing within the WG to use UML as a presentation syntax forOWL (see e.g. [2]). When this has matured, we should add this indeed asmotivation, as you suggest.Thanks again for your useful suggestions,Frank.van.Harmelen@cs.vu.nl              http://www.cs.vu.nl/~frankhDepartment of AI, Faculty of Sciences,  Vrije Universiteit Amsterdamde Boelelaan 1081a, 1081HV Amsterdam, The Netherlandstel (+31)-20-444 7731/7700 fax (+31)-84-221 4294[1] http://www.w3.org/TR/webont-req/#section-use-cases[2] http://lists.w3.org/Archives/Public/www-webont-wg/2002May/0196.html",
            "docno": "lists-024-4851133",
            "received": "Thu Aug  8 10:26:17 2002",
            "isoreceived": "20020808142617",
            "sent": "Thu, 08 Aug 2002 16:26:15 +0200",
            "isosent": "20020808142615",
            "name": "Frank van Harmelen",
            "email": "Frank.van.Harmelen@cs.vu.nl",
            "subject": "Re: Comments on draft &quot;Feature Synopsis for OWL Lite and OWL&quot;",
            "id": "865427268.1028823975@swpc243.cs.vu.nl",
            "charset": "us-ascii",
            "inreplyto": "200208060957.g769vIP32674&#64;gemini.ins.cwi.nl",
            "expires": "-1",
            "to": "\"J.R. van Ossenbruggen\"<Jacco.van.Ossenbruggen@cwi.nl>,public-webont-comments@w3.org\n"
        },
        {
            "body": "I'll try to make it to the teleconf but am confronted with a illdaugther that doesn't want to go asleep :-(Sorry, Jacco",
            "docno": "lists-022-4164473",
            "received": "Thu May 27 13:24:19 2004",
            "isoreceived": "20040527172419",
            "sent": "Thu, 27 May 2004 19:22:41 +0100",
            "isosent": "20040527182241",
            "name": "Jacco van Ossenbruggen",
            "email": "Jacco.van.Ossenbruggen@cwi.nl",
            "subject": "Re: [ALL] agenda 27 May telecon",
            "id": "40B631F1.4010506@cwi.nl",
            "charset": "us-ascii",
            "inreplyto": "40B4BED9.8020601&#64;cs.vu.nl",
            "expires": "-1",
            "to": "public-swbp-wg@w3.org\n"
        }
    ]
}