{
    "id": "candidate-0426",
    "name": "Ben Adida",
    "gender": "MALE",
    "email": "ben@creativecommons.org",
    "mails": [
        {
            "body": "Dear all,[short email, as I'm officially on holiday]Today W3C has announced the new Semantic Web Activity, including theBest Practices Working Group, see:http://www.w3.org/2003/12/swa/swbpd-charterThe public mailing list ispublic-swbp-wg@w3.orgwith an archive at:http://lists.w3.org/Archives/Public/public-swbp-wg/Ralph, could you confirm we should be using this mailing list from now on?Best, GuusGuus Schreiber wrote:> Deal colleagues,>> You have registered as participant for the Tech Plenary kick-off meeting> of the Semantic Web Best Practices and Deployment Working Group (SWBPD).>  Information about the meeting can be found at:>>   http://www.w3.org/2004/03/04-SWBPD>> The agenda will be updated shortly. I've attached the latest update.>> In preparation for this meeting, we would welcome if you could do two> things:> * Check the list of reading material to see if you need to do some> background reading> * Prepare a (very short) \"lightning talk\" of 5 minutes for the morning> session on Thursday. Suggested content: your top-3 priority list for> best practices.>> Looking forward to  see you all in Cannes.>> Guus Schreiber> also on behalf of Ralph Swick>> PS. I will have limited or no connectivity in the period 23-29 Feb, so> please contact Ralph in case of urgent matters. I will arrive in Cannes> Monday lunch time.>>>>> ------------------------------------------------------------------------>>>       Thursday 4 March>> MORNING SESSION>> 9.00 - 9.15> Welcoime by Guus Schreiber (chair) and Ralph Swick (team contact)>> 9.15. - 10.00> Introductory round> (all partocipants)>> 10.00 - 10.30> Wht is expected of this Wprking group? Introduction into some relevant> W3C process issues (see also the reading material).> (Ralph Swick)>> 10.30 - 11.00> Coffee break>> 11.00 - 12.30> Flash talks by participants? Partcipants are asked to prepare a very> short (5 min) talk on their top-three priority list for this BPD Working> Group.> (all)>> 12.30 - 12.45> Creative Commons use of OWL> (Ben Adida)>> 12.45 - 14.00> Lunch break>> AFTERNOON SESSION>> Discussion of the four focus areas described in the charter (see link> below).>> Goal: priority list of short-term (6 months) and longer-term WG gaosl.>> 14.00 - 14.45> Focus 1: Supporting initiatives for publishing ontologies / vocabularies>> 14.45 - 15.30> Focus 2: FAQs and how-to-do-it guidelines>> 15.30 - 16.00> Coffee break>> 16.00 - 16.45> Focus 3: Repository of tools and demo applications>> 16.45 - 17.30> Focus 4: Links to related techniques>>>       Friday 5 March>> MORNING SESSION>> Discussion on short-term task firces:>> 09:00 - 10:30> RDF-XHTML task force. Includes presentation on GRDDL by Dominique> Haza?l-Massieux / Dan Connolly.>> 10.30 - 11.00> Coffee break>> 11.00 - 12.30>>     * Possible task force: Porting Thesaurii to the Semantic Web (45 min)>     * Task force TDB from Thursday afternoon (45 min)>> 12.30 - 14.00> Lunch break>> AFERNOON SESSION>> 14.00 - 15.00> Planning session for:>>     * task forces>     * telecons>     * next f2f>",
            "docno": "lists-021-15669435",
            "received": "Thu Feb 26 11:41:50 2004",
            "isoreceived": "20040226164150",
            "sent": "Thu, 26 Feb 2004 17:29:42 +0100",
            "isosent": "20040226162942",
            "name": "Guus Schreiber",
            "email": "schreiber@cs.vu.nl",
            "subject": "Re: Tech Plenary: agenda Best Practices",
            "id": "403E1EF6.5030609@cs.vu.nl",
            "charset": "ISO-8859-1",
            "inreplyto": "4038D5D8.9010800&#64;cs.vu.nl",
            "expires": "-1",
            "to": " Jim Hendler<hendler@cs.umd.edu>, Dan Brickley<danbri@w3.org>, Patrick Stickler<patrick.stickler@nokia.com>, Jeremy Carroll<jjc@hpl.hp.com>, Brian McBride<bwm@hplb.hpl.hp.com>, Dave Beckett<dave.beckett@bristol.ac.uk>, Jos de Roo<jos.deroo@agfa.com>, Liddy Nevile<liddy@motile.net>, Bernard Vatant<bernard.vatant@mondeca.com>, Mike Uschold<michael.f.uschold@boeing.com>, Christopher Welty<welty@us.ibm.com>, Ben Adida<ben@creativecommons.org>, Oscar Corcho<ocorcho@fi.upm.es>,\"Ralph R. Swick\"<swick@w3.org>\n",
            "cc": " Aldo Gangemi<gangemi@ip.rm.cnr.it>, Nicola Guarino<guarino@loa-cnr.it>, LEGER Alain FTRD/DMI/REN<alain.leger@francetelecom.com>, Deborah McGuinness<dlm@KSL.Stanford.EDU>, Natasha Noy<noy@smi.stanford.edu>, SWBPD<public-swbp-wg@w3.org>\n"
        },
        {
            "body": "Hello Ben,The points you raise are extremely interesting. My general feelingthough is that we have to be careful to ensure we provide genericsolutions.First let me see if I understand the problem. You are saying that thereis some document that has a license defined externally, and you wouldlike to make a connection between the document and the license. InRDF/XHTML this would be expressed as:<html xmlns:cc=\"http://web.resource.org/cc/rels/\"><head><linkrel=\"cc:license\"href=\"http://creativecommons.org/licenses/by-nc/1.0/\"/></head><body /></html>Also, somewhere within the document is a link that users can navigate inorder to read the license:> <a rel=\"http://web.resource.org/cc/rels/license\"> href=\"http://creativecommons.org/licenses/by-nc/1.0/\">> Creative Commons License> </a>You seem to be saying that firstly this feels like unnecessaryduplication. And secondly, it would be more correct to say that \"we havea link, and a property of this link is that it is the license for thisdocument\".Whilst I would sympathise - and in fact would like to solve this - I'mvery keen to do so in a generic way. It is only because you know the'role' that @href is playing on <a> that you can decide you would likeit to express more than just being a link for users to click on. That isdifficult to generalise, though. Say the attribute was the CSS class -what would this mean?:<span rel=\"xx:yy\" class=\"selected\"> ... </span>Would that still be a statement about an attribute, or are we notinterested in non-URI attributes? If we can make statements about thecontents of any attribute, what would it mean if there were twoattributes on <a>? How would you decide which one you are makingstatements about?Of course, the reality is you are probably only interested in links. Butwhatever solution we come up with, we wouldn't want to confine it tojust @href attributes, since there are a lot of other useful situationswhere we might employ what you need. For example, XForms uses @src insome situations:<xforms:model><xforms:instancerel=\"xx:yy\"src=\"http://example.com/intitialData\"/></xforms:model>What I'm wondering therefore, is whether we could extend the RDF/XHTMLsyntax we already have; metadata can already be nested inside the itemsto which it refers:<html xmlns:dc=\"http://purl.org/dc/elements/1.1/\"><head /><body><blockquote id=\"q1\"><link rel=\"dc:source\" resource=\"urn:isbn:0140449132\" /><p>'Rodion Romanovitch! My dear friend! If you go on in this wayyou will go mad, I am positive! Drink, pray, if only a fewdrops!'</p></blockquote></body></html>This seems to fit 'conceptually' with what you are after, although init's current form it doesn't work for you, for two reasons:1. You want to make a statement about \"a/@href\", and not \"a\".2. You want the subject of the statement to be the 'current'document.The second issue looks like it needs solving anyway, and I've alreadybeen looking into it. I'm thinking that all we need to do is retain theuse of @rev in <link>, in much the same way that it is used at themoment. This 'reversal' syntax would be useful in many situations:<table id=\"menu\"><link rev=\"widget:menu\" href=\"#\" /><thead /><tbody /></table>Unfortunately, it's still not quite right for you, since this:<a id=\"lic\" href=\"http://creativecommons.org/licenses/by-nc/1.0/\"><link rev=\"cc:license\" href=\"#\" />Creative Commons License</a>would give us this:<> <http://web.resource.org/cc/rels/license> <#lic> .which is close ... but not close enough!To finish the jigsaw then, there are two ways we could go in addressingproblem 1. One is to say that:any URI attribute on an element can become thesubject (or object, if using @rev) of nestedstatements.At the moment I specifically allow the following structure:<link rel=\"dc:copyright\" href=\"http://example.com/company/BBC/6\"><meta property=\"dc:location\">London</meta></link>but we could make the whole thing more general, and allow this to workwith any URI on the parent element. If we did that, we would probablyhave to say that @id takes precedence though, since we still need to beable to do this:<blockquote id=\"q1\"><link rel=\"dc:source\" resource=\"urn:isbn:0140449132\" /><p>'Rodion Romanovitch! My dear friend! If you go on in this wayyou will go mad, I am positive! Drink, pray, if only a fewdrops!'</p></blockquote>but since in XHTML 2 @href can appear anywhere, we would not want thisreference to suddenly change meaning if the author makes the quote intoa link.The second way is to leave things as they are in RDF/XHTML (with theaddition of @rev) and work out some way of getting the informationassociated with <a> out as triples too. Your syntax would then be eitherthis:<a id=\"lic\" href=\"http://creativecommons.org/licenses/by-nc/1.0/\"><link rev=\"cc:license\" href=\"#\" />Creative Commons License</a>or this:<html xmlns:cc=\"http://web.resource.org/cc/rels/\"><head><linkrel=\"cc:license\"href=\"#lic\"/></head><a id=\"lic\" href=\"http://creativecommons.org/licenses/by-nc/1.0/\">Creative Commons License</a></html>If we could then work out a way to 'expand' all links in the document totriples (and I have two or three ideas), then your triples would looklike this:<> <http://web.resource.org/cc/rels/license> <#lic> .<#lic> <http://www.w3.org/xlink/simple><http://creativecommons.org/licenses/by-nc/1.0/> .(Just using XLink as a place-holder to illustrate the point.)It would then be a simple case of adding some equivalence rules.Before I go any further, from the metadata viewpoint is the latteracceptable? Is the extra level of indirection a problem? Any thoughts orpreferences?Regards,MarkMark BirbeckCEO and CTOx-port.net Ltd.Download our XForms processor fromhttp://www.formsPlayer.com/> -----Original Message-----> From: public-rdf-in-xhtml-tf-request@w3.org> [mailto:public-rdf-in-xhtml-tf-request@w3.org] On Behalf Of Ben Adida> Sent: 19 March 2004 19:00> To: Dan Connolly> Cc: RDF in XHTML task force; public-swbp-wg@w3.org> Subject: Re: customer feedback, please>>>>> Greetings to both the TF and the WG,>>> At Creative Commons, we need a solution for including RDF> statements in HTML chunks (XHTML 1.0/2.0, non-compliant HTML,> etc...). The two solutions presented have some attractive> qualities, but they don't work for CC yet.>> For CC - and I believe for XHTML users in general - an RDF> expression solution should have the following properties:> (1) a chunk of HTML, independent of the HEAD or BODY> tags, can include RDF statements.> (2) whenever possible, RDF statements should be> intimately tied to what a user sees in the visible portions> of the XHTML.>> It seems that (1) is given to us by the XHTML/RDF proposal,> and (2) by the GRDDL proposal, but really we need both for> this stuff to take off.>> So, here's something that would work:>> <!-- Begin Creative Commons License -->> This document is licensed under a> <a rel=\"http://web.resource.org/cc/rels/license\"> href=\"http://creativecommons.org/licenses/by-nc/1.0/\">> Creative Commons License> </a>> <!-- End Creative Commons License -->>> which would be translated to N3 notation as:>> <> <http://web.resource.org/cc/rels/license>> <http://creativecommons.org/licenses/by-nc/1.0/\">>> Using XHTML 2, one could wrap that in a SPAN with a CC> namespace and have a Qname REL attribute like cc:license. Dom> mentioned that this is not recommended by current standards,> but I question why that is: isn't the end goal of this whole> effort to qualify links in the spirit of the web and RDF?>> The really interesting aspect of this approach is that the> relationship is tied to what the user can observe by clicking> through on the link! It's just a qualification of the link,> which fits nicely into the RDF paradigm.>> The document at the rel type URI can include all sorts of> additional information in RDF format, including:> - a link to an XSLT script that would yield RDF/XHTML> (a-la GRDDL)> - a human description of this type of link> - links to any other tools that are relevant> - etc...>> Why can't we do this (or something similar)?>> The GRDDL weakness is that it currently requires a HEAD> profile, which is bad because:> - HTML chunks can't contain CC licenses> - there's only one possible profile for the whole page>> The XHTML/RDF weakness is that it doesn't tie the LINK to the> actual observable link that users click through, which leads> to large headaches in terms of XHTML maintenance over time> (say you choose a new license... are your metadata and> user-observable HTML link still consistent?)>> How can we get these to work together to yield the highly> desirable properties (1) and (2) from above? In other words,> how can we augment the current XHTML standards to enable> current, \"weak links\" to become RDF-strong links?>> -Ben> ben@mit.edu / ben@creativecommons.org>>> On Thu, 2004-03-18 at 11:56, Dan Connolly wrote:> > I'd like to check in with anybody who feels like a customer,> > especially the intersection of this task force with the> Semantic Web> > Best Practices WG.>>>",
            "docno": "lists-022-0376470",
            "received": "Thu Mar 25 07:24:12 2004",
            "isoreceived": "20040325122412",
            "sent": "Thu, 25 Mar 2004 12:23:59 -0000",
            "isosent": "20040325122359",
            "name": "Mark Birbeck",
            "email": "rk.birbeck@x-port.net",
            "subject": "Statements about links in XHTML 2 [was RE: customer feedback, please]",
            "id": "001001c41264$0d2562c0$6b01a8c0@W100",
            "charset": "us-ascii",
            "inreplyto": "1079722806.6110.55.camel&#64;jay.csail.mit.edu",
            "expires": "-1",
            "to": "\"'Ben Adida'\"<ben@mit.edu>\n",
            "cc": "\"'RDF in XHTML task force'\"<public-rdf-in-xhtml-tf@w3.org>,<public-swbp-wg@w3.org>,\"'Dan Connolly'\"<connolly@w3.org>,\"'Steven Pemberton'\"<Steven.Pemberton@cwi.nl>,\"Shane McCarron\"<shane@aptest.com>\n"
        },
        {
            "body": "Mark,I believe we can find a solution which combines1) GRDDL's simple, unified expression of RDF information insidevisible XHTML, and2) RDF/XHTML's consideration of XHTML as a full-fledged mechanism forexpressing RDF statements.Currently, each solution makes RDF a kind of second-class citizenwithin XHTML, (1) by requiring an XSL transform, (2) by ignoring theexisting structure of XHTML as a starting base for RDF statements.You're definitely correct to point out that I am interested in linksabove all. What I'm confused about in your message is:A) the comparison to XForms: XForms seems to already containwell-typed links. Specifically in the example you give,<xforms:instance> defines the type of the @src attribute quite well. Weknow what the @src link means, because it's inside an xforms:instanceelement which effectively types it. Thus, <xforms:instance> seemsqualitatively different from <a>.B) the requirement that the \"rel\" attribute must have proper meaninginside all sorts of other elements: Maybe I'm misusing \"rel\", in whichcase we can certainly use another attribute. If we try to provide anRDF type to the <a> link, do we have to make sure that attribute hasexactly the same meaning (and exists) in all other elements. Is thatthe way it works for all attributes? Must they have meaning insideevery element?In form, GRDDL is a better fit because it's simply trying to add typinginformation to already-existing but weak links. In principle, though,GRDDL assumes that XHTML is a secondary format for expressing RDF andthe first important step is to extract the RDF/XML. That's too bad and,I think, not necessary. There is something very attractive aboutRDF/XHTML in that it makes XHTML just as valid a format for expressingRDF statements as XML or N3. The indirection solution you're proposing,however, would significantly take away from this fantastic aspect ofRDF/XHTML: it would make expressing RDF statements in XHTML a bit of aretrofit, and would effectively send the message \"use RDF in XHTML onlyif you really have to, because RDF/XML is better.\" I don't think it hasto be that way.So, can we get GRDDL's simple unified expression of RDF (visible linksare typed to become RDF links) and RDF/XHTML treatment of XHTML as afirst-class language for expressing RDF statements?I defer to you and other XHTML experts (i'm certainly not one!) to helpmake this fit the XHTML paradigms nicely, of course, I just thoughtthat my overall end-goal wasn't expressed correctly in my last email.Taking into account Nick's comments about GRDDL:- the profile attribute in GRDDL is definitely something that bothersme, especially since it is really only there to give context(namespace?) to rel types in the document. Could this be another reasonto think about fully qualified rel types, or XML namespace ways ofdoing rel types?- which transformations apply? If you consider XHTML to be afirst-class language for expressing RDF statements, then thetransformation is only useful if you want to consume your RDF in pureXML, and that transformation can be defined by a resource associatedwith the RDF type of the rel. With fully qualified rel types (eitherdirectly or through namespace), the transformation is easily identifiedin the XHTML as living at a given URI, which a reasoning program canfollow, where further RDF information (expressed either in XHTML orXML, your choice) can link to resources to help you transform theRDF/XHTML into RDF/XML. No need for a catalog of transforms, justfollow the links.So I guess what I'm saying is that I like GRDDL as a basis, and I wouldlike it even more if it were infused with certain principles ofRDF/XHTML, specifically making XHTML a first-class language forexpressing RDF.-BenOn Mar 25, 2004, at 7:23 AM, Mark Birbeck wrote:>> Hello Ben,>> The points you raise are extremely interesting. My general feeling> though is that we have to be careful to ensure we provide generic> solutions.>> First let me see if I understand the problem. You are saying that there> is some document that has a license defined externally, and you would> like to make a connection between the document and the license. In> RDF/XHTML this would be expressed as:>>   <html xmlns:cc=\"http://web.resource.org/cc/rels/\">>     <head>>       <link>        rel=\"cc:license\">        href=\"http://creativecommons.org/licenses/by-nc/1.0/\">       />>     </head>>     <body />>   </html>>> Also, somewhere within the document is a link that users can navigate> in> order to read the license:>>> <a rel=\"http://web.resource.org/cc/rels/license\">> href=\"http://creativecommons.org/licenses/by-nc/1.0/\">>> Creative Commons License>> </a>>> You seem to be saying that firstly this feels like unnecessary> duplication. And secondly, it would be more correct to say that \"we> have> a link, and a property of this link is that it is the license for this> document\".>> Whilst I would sympathise - and in fact would like to solve this - I'm> very keen to do so in a generic way. It is only because you know the> 'role' that @href is playing on <a> that you can decide you would like> it to express more than just being a link for users to click on. That> is> difficult to generalise, though. Say the attribute was the CSS class -> what would this mean?:>>   <span rel=\"xx:yy\" class=\"selected\"> ... </span>>> Would that still be a statement about an attribute, or are we not> interested in non-URI attributes? If we can make statements about the> contents of any attribute, what would it mean if there were two> attributes on <a>? How would you decide which one you are making> statements about?>> Of course, the reality is you are probably only interested in links.> But> whatever solution we come up with, we wouldn't want to confine it to> just @href attributes, since there are a lot of other useful situations> where we might employ what you need. For example, XForms uses @src in> some situations:>>   <xforms:model>>     <xforms:instance>      rel=\"xx:yy\">      src=\"http://example.com/intitialData\">     />>   </xforms:model>>>> What I'm wondering therefore, is whether we could extend the RDF/XHTML> syntax we already have; metadata can already be nested inside the items> to which it refers:>>   <html xmlns:dc=\"http://purl.org/dc/elements/1.1/\">>     <head />>     <body>>       <blockquote id=\"q1\">>         <link rel=\"dc:source\" resource=\"urn:isbn:0140449132\" />>         <p>>           'Rodion Romanovitch! My dear friend! If you go on in this way>           you will go mad, I am positive! Drink, pray, if only a few> drops!'>         </p>>       </blockquote>>     </body>>   </html>>> This seems to fit 'conceptually' with what you are after, although in> it's current form it doesn't work for you, for two reasons:>> 1. You want to make a statement about \"a/@href\", and not \"a\".> 2. You want the subject of the statement to be the 'current'>    document.>> The second issue looks like it needs solving anyway, and I've already> been looking into it. I'm thinking that all we need to do is retain the> use of @rev in <link>, in much the same way that it is used at the> moment. This 'reversal' syntax would be useful in many situations:>>   <table id=\"menu\">>     <link rev=\"widget:menu\" href=\"#\" />>     <thead />>     <tbody />>   </table>>> Unfortunately, it's still not quite right for you, since this:>>   <a id=\"lic\" href=\"http://creativecommons.org/licenses/by-nc/1.0/\">>     <link rev=\"cc:license\" href=\"#\" />>     Creative Commons License>   </a>>> would give us this:>> <> <http://web.resource.org/cc/rels/license> <#lic> .>> which is close ... but not close enough!>> To finish the jigsaw then, there are two ways we could go in addressing> problem 1. One is to say that:>>   any URI attribute on an element can become the>   subject (or object, if using @rev) of nested>   statements.>> At the moment I specifically allow the following structure:>>   <link rel=\"dc:copyright\" href=\"http://example.com/company/BBC/6\">>     <meta property=\"dc:location\">London</meta>>   </link>>> but we could make the whole thing more general, and allow this to work> with any URI on the parent element. If we did that, we would probably> have to say that @id takes precedence though, since we still need to be> able to do this:>>       <blockquote id=\"q1\">>         <link rel=\"dc:source\" resource=\"urn:isbn:0140449132\" />>         <p>>           'Rodion Romanovitch! My dear friend! If you go on in this way>           you will go mad, I am positive! Drink, pray, if only a few> drops!'>         </p>>       </blockquote>>> but since in XHTML 2 @href can appear anywhere, we would not want this> reference to suddenly change meaning if the author makes the quote into> a link.>> The second way is to leave things as they are in RDF/XHTML (with the> addition of @rev) and work out some way of getting the information> associated with <a> out as triples too. Your syntax would then be> either> this:>>   <a id=\"lic\" href=\"http://creativecommons.org/licenses/by-nc/1.0/\">>     <link rev=\"cc:license\" href=\"#\" />>     Creative Commons License>   </a>>> or this:>>  <html xmlns:cc=\"http://web.resource.org/cc/rels/\">>     <head>>       <link>        rel=\"cc:license\">        href=\"#lic\">       />>     </head>>     <a id=\"lic\" href=\"http://creativecommons.org/licenses/by-nc/1.0/\">>       Creative Commons License>     </a>>   </html>>> If we could then work out a way to 'expand' all links in the document> to> triples (and I have two or three ideas), then your triples would look> like this:>> <> <http://web.resource.org/cc/rels/license> <#lic> .> <#lic> <http://www.w3.org/xlink/simple>> <http://creativecommons.org/licenses/by-nc/1.0/> .>> (Just using XLink as a place-holder to illustrate the point.)>> It would then be a simple case of adding some equivalence rules.>> Before I go any further, from the metadata viewpoint is the latter> acceptable? Is the extra level of indirection a problem? Any thoughts> or> preferences?>> Regards,>> Mark>>> Mark Birbeck> CEO and CTO> x-port.net Ltd.>> Download our XForms processor from> http://www.formsPlayer.com/>>>>> -----Original Message----->> From: public-rdf-in-xhtml-tf-request@w3.org>> [mailto:public-rdf-in-xhtml-tf-request@w3.org] On Behalf Of Ben Adida>> Sent: 19 March 2004 19:00>> To: Dan Connolly>> Cc: RDF in XHTML task force; public-swbp-wg@w3.org>> Subject: Re: customer feedback, please>>>>>>>>>> Greetings to both the TF and the WG,>>>>>> At Creative Commons, we need a solution for including RDF>> statements in HTML chunks (XHTML 1.0/2.0, non-compliant HTML,>> etc...). The two solutions presented have some attractive>> qualities, but they don't work for CC yet.>>>> For CC - and I believe for XHTML users in general - an RDF>> expression solution should have the following properties:>> (1) a chunk of HTML, independent of the HEAD or BODY>> tags, can include RDF statements.>> (2) whenever possible, RDF statements should be>> intimately tied to what a user sees in the visible portions>> of the XHTML.>>>> It seems that (1) is given to us by the XHTML/RDF proposal,>> and (2) by the GRDDL proposal, but really we need both for>> this stuff to take off.>>>> So, here's something that would work:>>>> <!-- Begin Creative Commons License -->>> This document is licensed under a>> <a rel=\"http://web.resource.org/cc/rels/license\">> href=\"http://creativecommons.org/licenses/by-nc/1.0/\">>> Creative Commons License>> </a>>> <!-- End Creative Commons License -->>>>> which would be translated to N3 notation as:>>>> <> <http://web.resource.org/cc/rels/license>>> <http://creativecommons.org/licenses/by-nc/1.0/\">>>>> Using XHTML 2, one could wrap that in a SPAN with a CC>> namespace and have a Qname REL attribute like cc:license. Dom>> mentioned that this is not recommended by current standards,>> but I question why that is: isn't the end goal of this whole>> effort to qualify links in the spirit of the web and RDF?>>>> The really interesting aspect of this approach is that the>> relationship is tied to what the user can observe by clicking>> through on the link! It's just a qualification of the link,>> which fits nicely into the RDF paradigm.>>>> The document at the rel type URI can include all sorts of>> additional information in RDF format, including:>> - a link to an XSLT script that would yield RDF/XHTML>> (a-la GRDDL)>> - a human description of this type of link>> - links to any other tools that are relevant>> - etc...>>>> Why can't we do this (or something similar)?>>>> The GRDDL weakness is that it currently requires a HEAD>> profile, which is bad because:>> - HTML chunks can't contain CC licenses>> - there's only one possible profile for the whole page>>>> The XHTML/RDF weakness is that it doesn't tie the LINK to the>> actual observable link that users click through, which leads>> to large headaches in terms of XHTML maintenance over time>> (say you choose a new license... are your metadata and>> user-observable HTML link still consistent?)>>>> How can we get these to work together to yield the highly>> desirable properties (1) and (2) from above? In other words,>> how can we augment the current XHTML standards to enable>> current, \"weak links\" to become RDF-strong links?>>>> -Ben>> ben@mit.edu / ben@creativecommons.org>>>>>> On Thu, 2004-03-18 at 11:56, Dan Connolly wrote:>>> I'd like to check in with anybody who feels like a customer,>>> especially the intersection of this task force with the>> Semantic Web>>> Best Practices WG.>>>>>>>",
            "docno": "lists-022-1190249",
            "received": "Tue Mar 30 12:51:37 2004",
            "isoreceived": "20040330175137",
            "sent": "Tue, 30 Mar 2004 12:51:15 -0500",
            "isosent": "20040330175115",
            "name": "Ben Adida",
            "email": "ben@mit.edu",
            "subject": "Re: Statements about links in XHTML 2 [was RE: customer feedback, please]",
            "id": "D6F242D9-8272-11D8-9773-0003939247DC@mit.edu",
            "charset": "US-ASCII",
            "inreplyto": "001001c41264$0d2562c0$6b01a8c0&#64;W100",
            "expires": "-1",
            "cc": "\"'Dan Connolly'\"<connolly@w3.org>,\"Shane McCarron\"<shane@aptest.com>,\"'Steven Pemberton'\"<Steven.Pemberton@cwi.nl>,\"'RDF in XHTML task force'\"<public-rdf-in-xhtml-tf@w3.org>,<public-swbp-wg@w3.org>\n",
            "to": "\"Mark Birbeck\"<mark.birbeck@x-port.net>\n"
        },
        {
            "body": "Greetings to both the TF and the WG,At Creative Commons, we need a solution for including RDF statements inHTML chunks (XHTML 1.0/2.0, non-compliant HTML, etc...). The twosolutions presented have some attractive qualities, but they don't workfor CC yet.For CC - and I believe for XHTML users in general - an RDF expressionsolution should have the following properties:(1) a chunk of HTML, independent of the HEAD or BODY tags, can includeRDF statements.(2) whenever possible, RDF statements should be intimately tied to whata user sees in the visible portions of the XHTML.It seems that (1) is given to us by the XHTML/RDF proposal, and (2) bythe GRDDL proposal, but really we need both for this stuff to take off.So, here's something that would work:<!-- Begin Creative Commons License -->This document is licensed under a<a rel=\"http://web.resource.org/cc/rels/license\"href=\"http://creativecommons.org/licenses/by-nc/1.0/\">Creative Commons License</a><!-- End Creative Commons License -->which would be translated to N3 notation as:<> <http://web.resource.org/cc/rels/license><http://creativecommons.org/licenses/by-nc/1.0/\">Using XHTML 2, one could wrap that in a SPAN with a CC namespace andhave a Qname REL attribute like cc:license. Dom mentioned that this isnot recommended by current standards, but I question why that is: isn'tthe end goal of this whole effort to qualify links in the spirit of theweb and RDF?The really interesting aspect of this approach is that the relationshipis tied to what the user can observe by clicking through on the link!It's just a qualification of the link, which fits nicely into the RDFparadigm.The document at the rel type URI can include all sorts of additionalinformation in RDF format, including:- a link to an XSLT script that would yield RDF/XHTML (a-la GRDDL)- a human description of this type of link- links to any other tools that are relevant- etc...Why can't we do this (or something similar)?The GRDDL weakness is that it currently requires a HEAD profile, whichis bad because:- HTML chunks can't contain CC licenses- there's only one possible profile for the whole pageThe XHTML/RDF weakness is that it doesn't tie the LINK to the actualobservable link that users click through, which leads to large headachesin terms of XHTML maintenance over time (say you choose a new license...are your metadata and user-observable HTML link still consistent?)How can we get these to work together to yield the highly desirableproperties (1) and (2) from above? In other words, how can we augmentthe current XHTML standards to enable current, \"weak links\" to becomeRDF-strong links?-Benben@mit.edu / ben@creativecommons.orgOn Thu, 2004-03-18 at 11:56, Dan Connolly wrote:> I'd like to check in with anybody who feels like a customer,> especially the intersection of this task force with the> Semantic Web Best Practices WG.",
            "docno": "lists-021-2851711",
            "received": "Fri Mar 19 14:05:16 2004",
            "isoreceived": "20040319190516",
            "sent": "19 Mar 2004 14:00:06 -0500",
            "isosent": "20040319190006",
            "name": "Ben Adida",
            "email": "ben@mit.edu",
            "subject": "Re: customer feedback, please",
            "id": "1079722806.6110.55.camel@jay.csail.mit.edu",
            "inreplyto": "1079628965.8631.241.camel&#64;dirk",
            "expires": "-1",
            "to": " Dan Connolly<connolly@w3.org>\n",
            "cc": " RDF in XHTML task force<public-rdf-in-xhtml-tf@w3.org>,public-swbp-wg@w3.org\n"
        },
        {
            "body": "Team,Unfortunately, I will not be able to attend tomorrow's conf call due tolast minute personal urgent matters (nothing dramatic, but it isurgent). I will catch up on the minutes.-Ben Adidaben@mit.edu / ben@creativecommons.orgOn Mar 17, 2004, at 11:03 AM, Guus Schreiber wrote:>> AGENDA  Teleconference> W3C Semantic Web Best Practices & Deployment Working Group> 18 March 2004,> 1000 (East US), 0700 (West US). 1500 (UTC/London) midnight (Tokyo)> Duration: 60-90 min>> Bridge: +1.617.761.6200 passcode 7927#> IRC Chat: irc:irc.w3.org (port 6665), #swbp>> Chair: Guus Schreiber> Scribe: Jeremy Carroll>>> 1. ADMINISTRIVIA (10 min)>> Role call> Regrets: Marco Nanni,>> PROPOSED to accept the minutes of the Cannes kickoff ftf:> http://lists.w3.org/Archives/Public/public-swbp-wg/2004JanMar/0067.html>> Agenda amendments>> Proposed date for next telecon.> 1 April 1500 UTC>>> 2. ACTION ITEM REVIEW (5min)>> ACTION: danbri send msg to public-esw-thes letting them know BDP WG is> considering work in thes2rdf area>> ACTION DanB: investigate publication of Turtle as SWIG note>> ACTION ChrisW present his time ontology in the next telecon>> ACTION GuusS asking JimH whether he's wanting to coordinate \"Worldview> Note\" TF> DONE>> ACTION JJC: send to the WG list an example of using www-archive (and> perhaps> some relevant advice)> DONE> http://lists.w3.org/Archives/Public/public-swbp-wg/2004JanMar/0034.html>> ACTION RalphS: add attachment policies to list archive cover page> W3C Guidelines for Email Attachment Formats> http://www.w3.org/2002/03/email_attachment_formats.html>>> ACTION Guus: forward some tips for scribes (from Dan to webont)> DONE: Ralph added link to WG home page>> ACTION DanBri: ask SemWeb CG about constraints and advice re WD, Note,> etc.>> ACTION: Bernard to draft a message to be sent from this WG to ISO> Topic Maps> community for discussion at an upcoming teleconference [6]> DONE> http://lists.w3.org/Archives/Public/public-swbp-wg/2004JanMar/0052.html>>> 3  TASK FORCES>>> 3.1 Task force list (10 min)>> Proposal to create and maintain a WG task-force list, in a similar> spirit as a regylar issue list. To discuss:> - format task-foce description> - list maintenance / editor> - process similar to issue process: proposed, \"opned\" (i.e. strated),>   proposal to close (e.g. WG noet), close/postponed>>> 3.2 Discussion on selected task forces (35 min)>> Demos and applications (ongoing?) [pragmatic examples]> (no coordinator yet)>> World-view note - explain diff owl, rdf, xml etc.> (JimH)>> Porting thesaurii to the Web> (DanBri)>> Ontology Patterns and Engineering> (ChrisW, DebM)> Discussion points suggested by Chris:> - name/acronym> - how to work (ie html, wiki; format for patterns; format for design> issues)>> WordNet ontology conversion support [content]> (AldoG WNET)>> Time Ontology> ACTION ChirsW>> Link to TopicMaps> (BernardV)> See:> http://lists.w3.org/Archives/Public/public-swbp-wg/2004JanMar/> 0052.html>> Tools Page> Education> (OscarC)>>> 3.3 RDF-XHTML task force (20 min)>> [STARTS AT 1600 UTC]> Discussion, if possible with people joining from XHTML WG.>>> 4  AOB (5 min)>> --> Free University Amsterdam, Computer Science> De Boelelaan 1081a, 1081 HV Amsterdam, The Netherlands> Tel: +31 20 444 7739/7718> E-mail: schreiber@cs.vu.nl> Home page: http://www.cs.vu.nl/~guus/>>>",
            "docno": "lists-021-16573366",
            "received": "Thu Mar 18 07:47:14 2004",
            "isoreceived": "20040318124714",
            "sent": "Wed, 17 Mar 2004 12:05:02 -0500 (EST)",
            "isosent": "20040317170502",
            "name": "Ben Adida",
            "email": "ben@mit.edu",
            "subject": "Re: ALL: agenda 18 March telecon",
            "id": "1A1302CA-7834-11D8-B54A-0003939247DC@mit.edu",
            "charset": "US-ASCII",
            "inreplyto": "405876DC.8080604&#64;cs.vu.nl",
            "expires": "-1",
            "cc": " SWBPD list<public-swbp-wg@w3.org>\n",
            "to": " Guus Schreiber<schreiber@cs.vu.nl>\n"
        },
        {
            "body": "Hello Ben,The points you raise are extremely interesting. My general feelingthough is that we have to be careful to ensure we provide genericsolutions.First let me see if I understand the problem. You are saying that thereis some document that has a license defined externally, and you wouldlike to make a connection between the document and the license. InRDF/XHTML this would be expressed as:<html xmlns:cc=\"http://web.resource.org/cc/rels/\"><head><linkrel=\"cc:license\"href=\"http://creativecommons.org/licenses/by-nc/1.0/\"/></head><body /></html>Also, somewhere within the document is a link that users can navigate inorder to read the license:> <a rel=\"http://web.resource.org/cc/rels/license\"> href=\"http://creativecommons.org/licenses/by-nc/1.0/\">> Creative Commons License> </a>You seem to be saying that firstly this feels like unnecessaryduplication. And secondly, it would be more correct to say that \"we havea link, and a property of this link is that it is the license for thisdocument\".Whilst I would sympathise - and in fact would like to solve this - I'mvery keen to do so in a generic way. It is only because you know the'role' that @href is playing on <a> that you can decide you would likeit to express more than just being a link for users to click on. That isdifficult to generalise, though. Say the attribute was the CSS class -what would this mean?:<span rel=\"xx:yy\" class=\"selected\"> ... </span>Would that still be a statement about an attribute, or are we notinterested in non-URI attributes? If we can make statements about thecontents of any attribute, what would it mean if there were twoattributes on <a>? How would you decide which one you are makingstatements about?Of course, the reality is you are probably only interested in links. Butwhatever solution we come up with, we wouldn't want to confine it tojust @href attributes, since there are a lot of other useful situationswhere we might employ what you need. For example, XForms uses @src insome situations:<xforms:model><xforms:instancerel=\"xx:yy\"src=\"http://example.com/intitialData\"/></xforms:model>What I'm wondering therefore, is whether we could extend the RDF/XHTMLsyntax we already have; metadata can already be nested inside the itemsto which it refers:<html xmlns:dc=\"http://purl.org/dc/elements/1.1/\"><head /><body><blockquote id=\"q1\"><link rel=\"dc:source\" resource=\"urn:isbn:0140449132\" /><p>'Rodion Romanovitch! My dear friend! If you go on in this wayyou will go mad, I am positive! Drink, pray, if only a fewdrops!'</p></blockquote></body></html>This seems to fit 'conceptually' with what you are after, although init's current form it doesn't work for you, for two reasons:1. You want to make a statement about \"a/@href\", and not \"a\".2. You want the subject of the statement to be the 'current'document.The second issue looks like it needs solving anyway, and I've alreadybeen looking into it. I'm thinking that all we need to do is retain theuse of @rev in <link>, in much the same way that it is used at themoment. This 'reversal' syntax would be useful in many situations:<table id=\"menu\"><link rev=\"widget:menu\" href=\"#\" /><thead /><tbody /></table>Unfortunately, it's still not quite right for you, since this:<a id=\"lic\" href=\"http://creativecommons.org/licenses/by-nc/1.0/\"><link rev=\"cc:license\" href=\"#\" />Creative Commons License</a>would give us this:<> <http://web.resource.org/cc/rels/license> <#lic> .which is close ... but not close enough!To finish the jigsaw then, there are two ways we could go in addressingproblem 1. One is to say that:any URI attribute on an element can become thesubject (or object, if using @rev) of nestedstatements.At the moment I specifically allow the following structure:<link rel=\"dc:copyright\" href=\"http://example.com/company/BBC/6\"><meta property=\"dc:location\">London</meta></link>but we could make the whole thing more general, and allow this to workwith any URI on the parent element. If we did that, we would probablyhave to say that @id takes precedence though, since we still need to beable to do this:<blockquote id=\"q1\"><link rel=\"dc:source\" resource=\"urn:isbn:0140449132\" /><p>'Rodion Romanovitch! My dear friend! If you go on in this wayyou will go mad, I am positive! Drink, pray, if only a fewdrops!'</p></blockquote>but since in XHTML 2 @href can appear anywhere, we would not want thisreference to suddenly change meaning if the author makes the quote intoa link.The second way is to leave things as they are in RDF/XHTML (with theaddition of @rev) and work out some way of getting the informationassociated with <a> out as triples too. Your syntax would then be eitherthis:<a id=\"lic\" href=\"http://creativecommons.org/licenses/by-nc/1.0/\"><link rev=\"cc:license\" href=\"#\" />Creative Commons License</a>or this:<html xmlns:cc=\"http://web.resource.org/cc/rels/\"><head><linkrel=\"cc:license\"href=\"#lic\"/></head><a id=\"lic\" href=\"http://creativecommons.org/licenses/by-nc/1.0/\">Creative Commons License</a></html>If we could then work out a way to 'expand' all links in the document totriples (and I have two or three ideas), then your triples would looklike this:<> <http://web.resource.org/cc/rels/license> <#lic> .<#lic> <http://www.w3.org/xlink/simple><http://creativecommons.org/licenses/by-nc/1.0/> .(Just using XLink as a place-holder to illustrate the point.)It would then be a simple case of adding some equivalence rules.Before I go any further, from the metadata viewpoint is the latteracceptable? Is the extra level of indirection a problem? Any thoughts orpreferences?Regards,MarkMark BirbeckCEO and CTOx-port.net Ltd.Download our XForms processor fromhttp://www.formsPlayer.com/> -----Original Message-----> From: public-rdf-in-xhtml-tf-request@w3.org> [mailto:public-rdf-in-xhtml-tf-request@w3.org] On Behalf Of Ben Adida> Sent: 19 March 2004 19:00> To: Dan Connolly> Cc: RDF in XHTML task force; public-swbp-wg@w3.org> Subject: Re: customer feedback, please>>>>> Greetings to both the TF and the WG,>>> At Creative Commons, we need a solution for including RDF> statements in HTML chunks (XHTML 1.0/2.0, non-compliant HTML,> etc...). The two solutions presented have some attractive> qualities, but they don't work for CC yet.>> For CC - and I believe for XHTML users in general - an RDF> expression solution should have the following properties:> (1) a chunk of HTML, independent of the HEAD or BODY> tags, can include RDF statements.> (2) whenever possible, RDF statements should be> intimately tied to what a user sees in the visible portions> of the XHTML.>> It seems that (1) is given to us by the XHTML/RDF proposal,> and (2) by the GRDDL proposal, but really we need both for> this stuff to take off.>> So, here's something that would work:>> <!-- Begin Creative Commons License -->> This document is licensed under a> <a rel=\"http://web.resource.org/cc/rels/license\"> href=\"http://creativecommons.org/licenses/by-nc/1.0/\">> Creative Commons License> </a>> <!-- End Creative Commons License -->>> which would be translated to N3 notation as:>> <> <http://web.resource.org/cc/rels/license>> <http://creativecommons.org/licenses/by-nc/1.0/\">>> Using XHTML 2, one could wrap that in a SPAN with a CC> namespace and have a Qname REL attribute like cc:license. Dom> mentioned that this is not recommended by current standards,> but I question why that is: isn't the end goal of this whole> effort to qualify links in the spirit of the web and RDF?>> The really interesting aspect of this approach is that the> relationship is tied to what the user can observe by clicking> through on the link! It's just a qualification of the link,> which fits nicely into the RDF paradigm.>> The document at the rel type URI can include all sorts of> additional information in RDF format, including:> - a link to an XSLT script that would yield RDF/XHTML> (a-la GRDDL)> - a human description of this type of link> - links to any other tools that are relevant> - etc...>> Why can't we do this (or something similar)?>> The GRDDL weakness is that it currently requires a HEAD> profile, which is bad because:> - HTML chunks can't contain CC licenses> - there's only one possible profile for the whole page>> The XHTML/RDF weakness is that it doesn't tie the LINK to the> actual observable link that users click through, which leads> to large headaches in terms of XHTML maintenance over time> (say you choose a new license... are your metadata and> user-observable HTML link still consistent?)>> How can we get these to work together to yield the highly> desirable properties (1) and (2) from above? In other words,> how can we augment the current XHTML standards to enable> current, \"weak links\" to become RDF-strong links?>> -Ben> ben@mit.edu / ben@creativecommons.org>>> On Thu, 2004-03-18 at 11:56, Dan Connolly wrote:> > I'd like to check in with anybody who feels like a customer,> > especially the intersection of this task force with the> Semantic Web> > Best Practices WG.>>>",
            "docno": "lists-021-2863272",
            "received": "Thu Mar 25 07:24:11 2004",
            "isoreceived": "20040325122411",
            "sent": "Thu, 25 Mar 2004 12:23:59 -0000",
            "isosent": "20040325122359",
            "name": "Mark Birbeck",
            "email": "rk.birbeck@x-port.net",
            "subject": "Statements about links in XHTML 2 [was RE: customer feedback, please]",
            "id": "001001c41264$0d2562c0$6b01a8c0@W100",
            "charset": "us-ascii",
            "inreplyto": "1079722806.6110.55.camel&#64;jay.csail.mit.edu",
            "expires": "-1",
            "to": "\"'Ben Adida'\"<ben@mit.edu>\n",
            "cc": "\"'RDF in XHTML task force'\"<public-rdf-in-xhtml-tf@w3.org>,<public-swbp-wg@w3.org>,\"'Dan Connolly'\"<connolly@w3.org>,\"'Steven Pemberton'\"<Steven.Pemberton@cwi.nl>,\"Shane McCarron\"<shane@aptest.com>\n"
        },
        {
            "body": "Mark,I believe we can find a solution which combines1) GRDDL's simple, unified expression of RDF information insidevisible XHTML, and2) RDF/XHTML's consideration of XHTML as a full-fledged mechanism forexpressing RDF statements.Currently, each solution makes RDF a kind of second-class citizenwithin XHTML, (1) by requiring an XSL transform, (2) by ignoring theexisting structure of XHTML as a starting base for RDF statements.You're definitely correct to point out that I am interested in linksabove all. What I'm confused about in your message is:A) the comparison to XForms: XForms seems to already containwell-typed links. Specifically in the example you give,<xforms:instance> defines the type of the @src attribute quite well. Weknow what the @src link means, because it's inside an xforms:instanceelement which effectively types it. Thus, <xforms:instance> seemsqualitatively different from <a>.B) the requirement that the \"rel\" attribute must have proper meaninginside all sorts of other elements: Maybe I'm misusing \"rel\", in whichcase we can certainly use another attribute. If we try to provide anRDF type to the <a> link, do we have to make sure that attribute hasexactly the same meaning (and exists) in all other elements. Is thatthe way it works for all attributes? Must they have meaning insideevery element?In form, GRDDL is a better fit because it's simply trying to add typinginformation to already-existing but weak links. In principle, though,GRDDL assumes that XHTML is a secondary format for expressing RDF andthe first important step is to extract the RDF/XML. That's too bad and,I think, not necessary. There is something very attractive aboutRDF/XHTML in that it makes XHTML just as valid a format for expressingRDF statements as XML or N3. The indirection solution you're proposing,however, would significantly take away from this fantastic aspect ofRDF/XHTML: it would make expressing RDF statements in XHTML a bit of aretrofit, and would effectively send the message \"use RDF in XHTML onlyif you really have to, because RDF/XML is better.\" I don't think it hasto be that way.So, can we get GRDDL's simple unified expression of RDF (visible linksare typed to become RDF links) and RDF/XHTML treatment of XHTML as afirst-class language for expressing RDF statements?I defer to you and other XHTML experts (i'm certainly not one!) to helpmake this fit the XHTML paradigms nicely, of course, I just thoughtthat my overall end-goal wasn't expressed correctly in my last email.Taking into account Nick's comments about GRDDL:- the profile attribute in GRDDL is definitely something that bothersme, especially since it is really only there to give context(namespace?) to rel types in the document. Could this be another reasonto think about fully qualified rel types, or XML namespace ways ofdoing rel types?- which transformations apply? If you consider XHTML to be afirst-class language for expressing RDF statements, then thetransformation is only useful if you want to consume your RDF in pureXML, and that transformation can be defined by a resource associatedwith the RDF type of the rel. With fully qualified rel types (eitherdirectly or through namespace), the transformation is easily identifiedin the XHTML as living at a given URI, which a reasoning program canfollow, where further RDF information (expressed either in XHTML orXML, your choice) can link to resources to help you transform theRDF/XHTML into RDF/XML. No need for a catalog of transforms, justfollow the links.So I guess what I'm saying is that I like GRDDL as a basis, and I wouldlike it even more if it were infused with certain principles ofRDF/XHTML, specifically making XHTML a first-class language forexpressing RDF.-BenOn Mar 25, 2004, at 7:23 AM, Mark Birbeck wrote:>> Hello Ben,>> The points you raise are extremely interesting. My general feeling> though is that we have to be careful to ensure we provide generic> solutions.>> First let me see if I understand the problem. You are saying that there> is some document that has a license defined externally, and you would> like to make a connection between the document and the license. In> RDF/XHTML this would be expressed as:>>   <html xmlns:cc=\"http://web.resource.org/cc/rels/\">>     <head>>       <link>        rel=\"cc:license\">        href=\"http://creativecommons.org/licenses/by-nc/1.0/\">       />>     </head>>     <body />>   </html>>> Also, somewhere within the document is a link that users can navigate> in> order to read the license:>>> <a rel=\"http://web.resource.org/cc/rels/license\">> href=\"http://creativecommons.org/licenses/by-nc/1.0/\">>> Creative Commons License>> </a>>> You seem to be saying that firstly this feels like unnecessary> duplication. And secondly, it would be more correct to say that \"we> have> a link, and a property of this link is that it is the license for this> document\".>> Whilst I would sympathise - and in fact would like to solve this - I'm> very keen to do so in a generic way. It is only because you know the> 'role' that @href is playing on <a> that you can decide you would like> it to express more than just being a link for users to click on. That> is> difficult to generalise, though. Say the attribute was the CSS class -> what would this mean?:>>   <span rel=\"xx:yy\" class=\"selected\"> ... </span>>> Would that still be a statement about an attribute, or are we not> interested in non-URI attributes? If we can make statements about the> contents of any attribute, what would it mean if there were two> attributes on <a>? How would you decide which one you are making> statements about?>> Of course, the reality is you are probably only interested in links.> But> whatever solution we come up with, we wouldn't want to confine it to> just @href attributes, since there are a lot of other useful situations> where we might employ what you need. For example, XForms uses @src in> some situations:>>   <xforms:model>>     <xforms:instance>      rel=\"xx:yy\">      src=\"http://example.com/intitialData\">     />>   </xforms:model>>>> What I'm wondering therefore, is whether we could extend the RDF/XHTML> syntax we already have; metadata can already be nested inside the items> to which it refers:>>   <html xmlns:dc=\"http://purl.org/dc/elements/1.1/\">>     <head />>     <body>>       <blockquote id=\"q1\">>         <link rel=\"dc:source\" resource=\"urn:isbn:0140449132\" />>         <p>>           'Rodion Romanovitch! My dear friend! If you go on in this way>           you will go mad, I am positive! Drink, pray, if only a few> drops!'>         </p>>       </blockquote>>     </body>>   </html>>> This seems to fit 'conceptually' with what you are after, although in> it's current form it doesn't work for you, for two reasons:>> 1. You want to make a statement about \"a/@href\", and not \"a\".> 2. You want the subject of the statement to be the 'current'>    document.>> The second issue looks like it needs solving anyway, and I've already> been looking into it. I'm thinking that all we need to do is retain the> use of @rev in <link>, in much the same way that it is used at the> moment. This 'reversal' syntax would be useful in many situations:>>   <table id=\"menu\">>     <link rev=\"widget:menu\" href=\"#\" />>     <thead />>     <tbody />>   </table>>> Unfortunately, it's still not quite right for you, since this:>>   <a id=\"lic\" href=\"http://creativecommons.org/licenses/by-nc/1.0/\">>     <link rev=\"cc:license\" href=\"#\" />>     Creative Commons License>   </a>>> would give us this:>> <> <http://web.resource.org/cc/rels/license> <#lic> .>> which is close ... but not close enough!>> To finish the jigsaw then, there are two ways we could go in addressing> problem 1. One is to say that:>>   any URI attribute on an element can become the>   subject (or object, if using @rev) of nested>   statements.>> At the moment I specifically allow the following structure:>>   <link rel=\"dc:copyright\" href=\"http://example.com/company/BBC/6\">>     <meta property=\"dc:location\">London</meta>>   </link>>> but we could make the whole thing more general, and allow this to work> with any URI on the parent element. If we did that, we would probably> have to say that @id takes precedence though, since we still need to be> able to do this:>>       <blockquote id=\"q1\">>         <link rel=\"dc:source\" resource=\"urn:isbn:0140449132\" />>         <p>>           'Rodion Romanovitch! My dear friend! If you go on in this way>           you will go mad, I am positive! Drink, pray, if only a few> drops!'>         </p>>       </blockquote>>> but since in XHTML 2 @href can appear anywhere, we would not want this> reference to suddenly change meaning if the author makes the quote into> a link.>> The second way is to leave things as they are in RDF/XHTML (with the> addition of @rev) and work out some way of getting the information> associated with <a> out as triples too. Your syntax would then be> either> this:>>   <a id=\"lic\" href=\"http://creativecommons.org/licenses/by-nc/1.0/\">>     <link rev=\"cc:license\" href=\"#\" />>     Creative Commons License>   </a>>> or this:>>  <html xmlns:cc=\"http://web.resource.org/cc/rels/\">>     <head>>       <link>        rel=\"cc:license\">        href=\"#lic\">       />>     </head>>     <a id=\"lic\" href=\"http://creativecommons.org/licenses/by-nc/1.0/\">>       Creative Commons License>     </a>>   </html>>> If we could then work out a way to 'expand' all links in the document> to> triples (and I have two or three ideas), then your triples would look> like this:>> <> <http://web.resource.org/cc/rels/license> <#lic> .> <#lic> <http://www.w3.org/xlink/simple>> <http://creativecommons.org/licenses/by-nc/1.0/> .>> (Just using XLink as a place-holder to illustrate the point.)>> It would then be a simple case of adding some equivalence rules.>> Before I go any further, from the metadata viewpoint is the latter> acceptable? Is the extra level of indirection a problem? Any thoughts> or> preferences?>> Regards,>> Mark>>> Mark Birbeck> CEO and CTO> x-port.net Ltd.>> Download our XForms processor from> http://www.formsPlayer.com/>>>>> -----Original Message----->> From: public-rdf-in-xhtml-tf-request@w3.org>> [mailto:public-rdf-in-xhtml-tf-request@w3.org] On Behalf Of Ben Adida>> Sent: 19 March 2004 19:00>> To: Dan Connolly>> Cc: RDF in XHTML task force; public-swbp-wg@w3.org>> Subject: Re: customer feedback, please>>>>>>>>>> Greetings to both the TF and the WG,>>>>>> At Creative Commons, we need a solution for including RDF>> statements in HTML chunks (XHTML 1.0/2.0, non-compliant HTML,>> etc...). The two solutions presented have some attractive>> qualities, but they don't work for CC yet.>>>> For CC - and I believe for XHTML users in general - an RDF>> expression solution should have the following properties:>> (1) a chunk of HTML, independent of the HEAD or BODY>> tags, can include RDF statements.>> (2) whenever possible, RDF statements should be>> intimately tied to what a user sees in the visible portions>> of the XHTML.>>>> It seems that (1) is given to us by the XHTML/RDF proposal,>> and (2) by the GRDDL proposal, but really we need both for>> this stuff to take off.>>>> So, here's something that would work:>>>> <!-- Begin Creative Commons License -->>> This document is licensed under a>> <a rel=\"http://web.resource.org/cc/rels/license\">> href=\"http://creativecommons.org/licenses/by-nc/1.0/\">>> Creative Commons License>> </a>>> <!-- End Creative Commons License -->>>>> which would be translated to N3 notation as:>>>> <> <http://web.resource.org/cc/rels/license>>> <http://creativecommons.org/licenses/by-nc/1.0/\">>>>> Using XHTML 2, one could wrap that in a SPAN with a CC>> namespace and have a Qname REL attribute like cc:license. Dom>> mentioned that this is not recommended by current standards,>> but I question why that is: isn't the end goal of this whole>> effort to qualify links in the spirit of the web and RDF?>>>> The really interesting aspect of this approach is that the>> relationship is tied to what the user can observe by clicking>> through on the link! It's just a qualification of the link,>> which fits nicely into the RDF paradigm.>>>> The document at the rel type URI can include all sorts of>> additional information in RDF format, including:>> - a link to an XSLT script that would yield RDF/XHTML>> (a-la GRDDL)>> - a human description of this type of link>> - links to any other tools that are relevant>> - etc...>>>> Why can't we do this (or something similar)?>>>> The GRDDL weakness is that it currently requires a HEAD>> profile, which is bad because:>> - HTML chunks can't contain CC licenses>> - there's only one possible profile for the whole page>>>> The XHTML/RDF weakness is that it doesn't tie the LINK to the>> actual observable link that users click through, which leads>> to large headaches in terms of XHTML maintenance over time>> (say you choose a new license... are your metadata and>> user-observable HTML link still consistent?)>>>> How can we get these to work together to yield the highly>> desirable properties (1) and (2) from above? In other words,>> how can we augment the current XHTML standards to enable>> current, \"weak links\" to become RDF-strong links?>>>> -Ben>> ben@mit.edu / ben@creativecommons.org>>>>>> On Thu, 2004-03-18 at 11:56, Dan Connolly wrote:>>> I'd like to check in with anybody who feels like a customer,>>> especially the intersection of this task force with the>> Semantic Web>>> Best Practices WG.>>>>>>>",
            "docno": "lists-021-2911999",
            "received": "Tue Mar 30 12:51:37 2004",
            "isoreceived": "20040330175137",
            "sent": "Tue, 30 Mar 2004 12:51:15 -0500",
            "isosent": "20040330175115",
            "name": "Ben Adida",
            "email": "ben@mit.edu",
            "subject": "Re: Statements about links in XHTML 2 [was RE: customer feedback, please]",
            "id": "D6F242D9-8272-11D8-9773-0003939247DC@mit.edu",
            "charset": "US-ASCII",
            "inreplyto": "001001c41264$0d2562c0$6b01a8c0&#64;W100",
            "expires": "-1",
            "cc": "\"'Dan Connolly'\"<connolly@w3.org>,\"Shane McCarron\"<shane@aptest.com>,\"'Steven Pemberton'\"<Steven.Pemberton@cwi.nl>,\"'RDF in XHTML task force'\"<public-rdf-in-xhtml-tf@w3.org>,<public-swbp-wg@w3.org>\n",
            "to": "\"Mark Birbeck\"<mark.birbeck@x-port.net>\n"
        },
        {
            "body": "Greetings to both the TF and the WG,At Creative Commons, we need a solution for including RDF statements inHTML chunks (XHTML 1.0/2.0, non-compliant HTML, etc...). The twosolutions presented have some attractive qualities, but they don't workfor CC yet.For CC - and I believe for XHTML users in general - an RDF expressionsolution should have the following properties:(1) a chunk of HTML, independent of the HEAD or BODY tags, can includeRDF statements.(2) whenever possible, RDF statements should be intimately tied to whata user sees in the visible portions of the XHTML.It seems that (1) is given to us by the XHTML/RDF proposal, and (2) bythe GRDDL proposal, but really we need both for this stuff to take off.So, here's something that would work:<!-- Begin Creative Commons License -->This document is licensed under a<a rel=\"http://web.resource.org/cc/rels/license\"href=\"http://creativecommons.org/licenses/by-nc/1.0/\">Creative Commons License</a><!-- End Creative Commons License -->which would be translated to N3 notation as:<> <http://web.resource.org/cc/rels/license><http://creativecommons.org/licenses/by-nc/1.0/\">Using XHTML 2, one could wrap that in a SPAN with a CC namespace andhave a Qname REL attribute like cc:license. Dom mentioned that this isnot recommended by current standards, but I question why that is: isn'tthe end goal of this whole effort to qualify links in the spirit of theweb and RDF?The really interesting aspect of this approach is that the relationshipis tied to what the user can observe by clicking through on the link!It's just a qualification of the link, which fits nicely into the RDFparadigm.The document at the rel type URI can include all sorts of additionalinformation in RDF format, including:- a link to an XSLT script that would yield RDF/XHTML (a-la GRDDL)- a human description of this type of link- links to any other tools that are relevant- etc...Why can't we do this (or something similar)?The GRDDL weakness is that it currently requires a HEAD profile, whichis bad because:- HTML chunks can't contain CC licenses- there's only one possible profile for the whole pageThe XHTML/RDF weakness is that it doesn't tie the LINK to the actualobservable link that users click through, which leads to large headachesin terms of XHTML maintenance over time (say you choose a new license...are your metadata and user-observable HTML link still consistent?)How can we get these to work together to yield the highly desirableproperties (1) and (2) from above? In other words, how can we augmentthe current XHTML standards to enable current, \"weak links\" to becomeRDF-strong links?-Benben@mit.edu / ben@creativecommons.orgOn Thu, 2004-03-18 at 11:56, Dan Connolly wrote:> I'd like to check in with anybody who feels like a customer,> especially the intersection of this task force with the> Semantic Web Best Practices WG.",
            "docno": "lists-021-16759376",
            "received": "Fri Mar 19 14:05:16 2004",
            "isoreceived": "20040319190516",
            "sent": "19 Mar 2004 14:00:06 -0500",
            "isosent": "20040319190006",
            "name": "Ben Adida",
            "email": "ben@mit.edu",
            "subject": "Re: customer feedback, please",
            "id": "1079722806.6110.55.camel@jay.csail.mit.edu",
            "inreplyto": "1079628965.8631.241.camel&#64;dirk",
            "expires": "-1",
            "to": " Dan Connolly<connolly@w3.org>\n",
            "cc": " RDF in XHTML task force<public-rdf-in-xhtml-tf@w3.org>,public-swbp-wg@w3.org\n"
        },
        {
            "body": "----- Forwarded by Jos De_Roo/AMDUS/MOR/Agfa-NV/BE/BAYER on 26/02/200421:12 -----Jos De_RooTo:      Christopher Welty <welty@us.ibm.com>@AGFASMTP24/02/2004 23:18         cc:      \"Ben Adida\" <ben@creativecommons.org>, \"Bernard Vatant\"<bernard.vatant@mondeca.com>, \"Brian McBride\" <bwm@hplb.hpl.hp.com>, \"Dan Brickley\"<danbri@w3.org>, \"Dave Beckett\" <dave.beckett@bristol.ac.uk>, \"Jim Hendler\"<hendler@cs.umd.edu>, \"Jeremy Carroll\" <jjc@hpl.hp.com>, \"Liddy Nevile\"<liddy@motile.net>, \"Mike Uschold\" <michael.f.uschold@boeing.com>, \"Oscar Corcho\"<ocorcho@fi.upm.es>, \"Patrick Stickler\" <patrick.stickler@nokia.com>, \"Guus Schreiber\"<schreiber@cs.vu.nl>, \"Ralph R. Swick\" <swick@w3.org>, connolly@w3.org@internetSubject: RE: Tech Plenary: agenda Best Practices(Document link: Jos De_Roo)[cc'ed DanC]I've been thinking/discussing our 3 points and here they are...[[hands-on support for developers of Semantic Web applicationso repository of test cases using existing standard vocabularies(e.g. healthcare UMLS, OpenGALEN, NCI, ICD9, MeSH, DICOM, HL7, ...)also by using an ontology in which one can say things like\"this is something which is called xyz by that standard/body\"o test results page covering different implementations forthose test manifests and using a test results ontology witha more specific result:output ontologyo X feeds data into Y using controlled vocabularyY performs actions which should be verifiedresults are fed back to X using controlled vocabularye.g. physician order entry]]but we'll think further :)--Jos De Roo, AGFA http://www.agfa.com/w3c/jdroo/Christopher Welty<welty@us.ibm.com        To:       \"Bernard Vatant\" <bernard.vatant@mondeca.com>>                        cc:       \"Ben Adida\" <ben@creativecommons.org>, \"Brian McBride\" <bwm@hplb.hpl.hp.com>,\"Dan Brickley\" <danbri@w3.org>, \"Dave Beckett\" <dave.beckett@bristol.ac.uk>, \"Jim23/02/2004 16:02          Hendler\" <hendler@cs.umd.edu>, \"Jeremy Carroll\" <jjc@hpl.hp.com>, JosDe_Roo/AMDUS/MOR/Agfa-NV/BE/BAYER@AGFA, \"Liddy Nevile\" <liddy@motile.net>, \"MikeUschold\" <michael.f.uschold@boeing.com>, \"Oscar Corcho\" <ocorcho@fi.upm.es>, \"PatrickStickler\" <patrick.stickler@nokia.com>, \"Guus Schreiber\" <schreiber@cs.vu.nl>, \"RalphR. Swick\" <swick@w3.org>Subject:  RE: Tech Plenary: agenda Best PracticesIf you're willing to do it, I think it's a good idea (well known fact that\"brainstorming\" is much better when people have thought about it first).-ChrisDr. Christopher A. Welty, Knowledge Structures GroupIBM Watson Research Center, 19 Skyline Dr., Hawthorne, NY  10532     USAVoice: +1 914.784.7055,  IBM T/L: 863.7055, Fax: +1 914.784.7455Email: welty@watson.ibm.com, Web:http://www.research.ibm.com/people/w/welty/\"Bernard Vatant\"<bernard.vatant@         To:        \"Guus Schreiber\"mondeca.com>     <schreiber@cs.vu.nl>, \"Jim Hendler\"<hendler@cs.umd.edu>, \"Dan Brickley\" <danbri@w3.org>,\"Patrick Stickler\" <patrick.stickler@nokia.com>,02/23/2004 09:17 \"Jeremy Carroll\" <jjc@hpl.hp.com>, \"Brian McBride\"AM               <bwm@hplb.hpl.hp.com>, \"Dave Beckett\"<dave.beckett@bristol.ac.uk>, \"Jos de Roo\"<jos.deroo@agfa.com>, \"Liddy Nevile\"<liddy@motile.net>, \"Mike Uschold\"<michael.f.uschold@boeing.com>, ChristopherWelty/Watson/IBM@IBMUS, \"Ben Adida\"<ben@creativecommons.org>, \"Oscar Corcho\"<ocorcho@fi.upm.es>cc:        \"Ralph R. Swick\" <swick@w3.org>Subject:        RE: Tech Plenary: agenda BestPracticesHello allSome comments on the agenda on practical points.9.15. - 10.00Introductory round (all participants)- Would not it be a good idea for each participant to send beforehand ashort introduction and interest focus by e-mail?BTW will there be any mailing list set for the WG before the F2F?11.00 - 12.30Flash talks by participants? Participants are asked to prepare a very short(5 min) talk on their top-three priority list for this BPD WorkingGroup(all)- Why not have those priorities sent beforehand through e-mail, e.g. alongwith member introduction? We could have a slide show gathering them, sothat each member will just have to comment on one's three bullet points. Ivolunteer to prepare the support, if folks agree on the principle. Wouldsave time and bring clarity IMO.Looking forward to see you in Cannes.Bernard VatantSenior ConsultantKnowledge EngineeringMondeca - www.mondeca.combernard.vatant@mondeca.com",
            "docno": "lists-021-15710890",
            "received": "Thu Feb 26 15:14:10 2004",
            "isoreceived": "20040226201410",
            "sent": "Thu, 26 Feb 2004 21:14:08 +0100",
            "isosent": "20040226201408",
            "name": "Jos De_Roo",
            "email": "jos.deroo@agfa.com",
            "subject": "RE: Tech Plenary: agenda Best Practices",
            "id": "OF8F11B0D4.BF619990-ONC1256E46.006EFFD8-C1256E46.006F2C6C@agfa.be",
            "charset": "us-ascii",
            "inreplyto": "Tech Plenary: agenda Best Practices",
            "expires": "-1",
            "to": "public-swbp-wg@w3.org\n"
        }
    ]
}