{
    "id": "candidate-0368",
    "name": "Alan Chuter",
    "gender": "MALE",
    "email": "achuter@teleservicios.es",
    "mails": [
        {
            "body": "-----Original Message-----From: Alan Chuter [mailto:achuter@teleservicios.com]Sent: Friday, April 25, 2003 6:47 AMSubject: Re: [ WAI Policy page updates ] Spain informationHere are my answers:@@is \"regional governments\" the translation of \"Comunidades Aut?nomas\" ?ifnot, what is? Answer: I don't think people would understand \"Autonomouscommunites\", so yes, \"regional government\" is clearer. Historically manywere independant nations, but people won't understand the difference, Ithink.)@@is there an appropriate?link, for example, to a list of them?Answer: There's one at http://www.igsap.map.es/cia/ccaa/ccaa1.htm@@is Comunidades Aut?nomas listed here because they are responsibleministries, rather than national? or in addition to national? is that animportant distinction?, Comunidades Aut?nomas (regional governments)Answer: Spain has tended to decentralise as lot, so although thelegislation may come from national government, it's often implemented byregional governments. They're equivalent to US states. They haveparliaments and elections; they run the health services, schools, oftenthepolice, too.@@what is the appropriate short reference to the law?@@Answer: The full title is \"Ley 34/2002, de 11 de julio, de servicios delasociedad de la informaci?n y de comercio electr?nico\" (Law 34/2002, of11July, on services in the information society and electronic commerce).\"Ley34/2002\" is the short form.@@is this from a reliabl,e source we can quote instead of having itattributed to ourself, by lack of quote@@Answer: http://www.igsap.map.es/cia/dispo/l34-02.htmSearch for phrase \"Disposici?n adicional quinta.\" I don't know of anauthoritative translation. What I wrote is a summary, not a quote.BTW, hte text should read \"Ministerio de Ciencia y Tecnolog?a\"; it'smissing the letter \"a\" at the end.I think it might be a good idea to put in a link to the Spanishlegisaltionpage at SIDAR:http://www.sidar.org/recur/direc/legis/espa.phpThey have a specialist group, moderated by javier.albouy@sidar.org. Idon'tknow him, or whether he speaks Spanish. Otherwise, there's EmanuelleGuti?rrez, direccion@sidar.org, who does.They have a page with latin American legislation, toohttp://www.sidar.org/recur/direc/legis/index.php...[personal note deleted]...AlanOn Thu, 24 Apr 2003 21:59:20 -0500, Shawn Lawton Henry <shawn@w3.org>wrote:> Hi, Alan,>> I am working on updating the W3C WAI Policy page. Could you review> Spain's listing and answer the specific questions that are indicated> with \"@@\" at:> http://www.w3.org/WAI/drafts/Policy/policy030407.html#Spain>> Thanks for your help!>> Best regards,>> ~Shawn>>>> Shawn Lawton Henry> Web Accessibility Initiative (WAI)> e-mail: shawn@w3.org> phone: +1.617.253.8788> about: http://www.w3.org/People/Shawn/>>>>>--Alan Chuterachuter@teleservicios.es+34 91 121 03 35",
            "docno": "lists-086-16471472",
            "received": "Fri Apr 25 11:31:23 2003",
            "isoreceived": "20030425153123",
            "sent": "Fri, 25 Apr 2003 10:31:22 -0500",
            "isosent": "20030425153122",
            "name": "Shawn Lawton Henry",
            "email": "shawn@w3.org",
            "subject": "FW: [ WAI Policy page updates ] Spain information",
            "id": "000a01c30b3f$b9f2ad00$c582c418@SLHenry",
            "charset": "iso-8859-1",
            "inreplyto": "[ WAI Policy page updates ] Spain information",
            "expires": "-1",
            "to": " Shawn Lawton Henry\n"
        },
        {
            "body": "I'm British and it's the first time I've heard of that meaning. I alwaysunderstood it to mean a word that is coined for single use, and thendiscarded.Alan Chuterachuter@teleservicios.es+34 91 121 03 35On Thu, 24 Apr 2003 15:48:40 +0100, Danks, Richard <richard.danks@c-f.org.uk> wrote:>> If you perform a search of the W3C web site for the word \"nonce\", you'll> find lots of results relating to XML.  However, did you know that in> English> (British) the word nonce means child-molester?>> Information contained in this email plus any attachment is intended for> the use of the addressee only and is confidential, proprietary and may be> privileged. Any dissemination, distribution, copying or use of this> communication without the prior permission of the sender is prohibited.> If you are not the intended recipient you must not copy this message or> attachment or disclose the contents to any other person, but are> requested to telephone or email the sender and delete the message and any> attachment from your system. The contents of this message will not be in> any way binding upon the Community Fund. Opinions, conclusions,> contractual obligations and other information in this message, in so far> as they relate to the official business of the Community Fund, must be> specifically confirmed in writing by the Community Fund.>> This message has been checked for all known viruses by WorldCom delivered> through the MessageLabs Virus Control Centre> For further information visit> http://www.worldcom.com/uk/products/security/virus/>>>",
            "docno": "lists-057-13685510",
            "received": "Thu Apr 24 12:14:25 2003",
            "isoreceived": "20030424161425",
            "sent": "Thu, 24 Apr 2003 17:40:59 +0200",
            "isosent": "20030424154059",
            "name": "Alan Chuter",
            "email": "chuter@teleservicios.com",
            "subject": "Re: The meaning of the word &quot;nonce&quot; in English (British)",
            "id": "oprn44ilzlso27mf@mail.teleservicios.com",
            "charset": "iso-8859-15",
            "inreplyto": "792BDB34F516D51197F70008C7090F390111075E&#64;svh-mail01.c-f.org.uk",
            "expires": "-1",
            "to": "\"Danks, Richard\"<richard.danks@c-f.org.uk>,\"'w3c-translators@w3.org'\"<w3c-translators@w3.org>\n"
        },
        {
            "body": "Here's an additional aspect for inclusion in the Technical Factorsdocument. What follows isn't a draft text, just brainstorming.Using W3C technologies also reduces the effort and cost required in staffretraining.Technologies like HTML, XML have a wide base of experienceddesigners and developers. HTML as it is used today has been stable since1997, XML since 1998. Users who learned HTML in 1997 find that their skillsfrom that period are as valid to day as they were then. Using W3C standardsprotects investment in training, coding and content against changingversions of browsers and plugins. Content marked up using W3C languageswill stand the test of time. Using W3C technologies avoids vendor lock-in.W3C technologies are the result of industry consensus.I think this is an important technical factor. Organisations spend largesums on hiring people to develop Flash, Java Applets and other proprietaryformats.Also, it might seem like a format like SMIL implies an important trainingeffort, as there are few people who know it, but at least once they'velearned it, they can apply the knowledge across different multimediaformats.regards to allAlan Chuterachuter@teleservicios.es+34 91 121 03 35",
            "docno": "lists-062-10319478",
            "received": "Thu May 22 05:14:02 2003",
            "isoreceived": "20030522091402",
            "sent": "Thu, 22 May 2003 11:14:26 +0200",
            "isosent": "20030522091426",
            "name": "Alan Chuter",
            "email": "chuter@teleservicios.com",
            "subject": "New Technical Factor for Business Case",
            "id": "oprpkhacjuso27mf@mail.teleservicios.com",
            "charset": "iso-8859-15",
            "inreplyto": "v03102808baf00ebd427f&#64;[35.10.2.110]",
            "expires": "-1",
            "to": "w3c-wai-eo@w3.org\n"
        },
        {
            "body": "Here are some more ideas:Replace \"manpower\" and \"time\" with \"effort\"The point on validation could mention that validated code is less likely toneed to be tweaked/rewritten for new browsers and versions. It can also betransformed and corrected.In the last point, perhaps \"The latest versions\" isn't necessary, askeeping up with the lates version implies increased maintenance.In the update and redesign point, we could delete \"existing\" or replace itwiht \"standardised\".I'm not clear about how built-in accessibility features reduce sitemaintenance, perhaps this should explained.\"Repackaging\" might be better expressed as \"repurposing\" or \"reuse\".In the last sentence, I think \"access modes\" or \"multimodal access\" and\"devices\" are the words to use.regards to all,Alan Chuterachuter@teleservicios.es+34 91 121 03 35On Wed, 21 May 2003 14:59:28 -0400, Chuck Letourneau <cpl@starlingweb.com>wrote:> Hi Charmane,>> I like the approach you have taken to this section.  Without (I hope)> changing your style I offer the following slight rewordings for> discussion:>> In the second sentence of the introductory paragraph, I would add the> word \"savings\" (but perhaps it is redundant in this context):> \"This efficiency may be reflected in manpower and direct cost savings to> the organization. \">> Bullet 1:>> *  Update and redesign time may be reduced by using an appropriate> existing markup language to style and format text, formulae and images> instead of using difficult to modify bitmaps. (Checkpoint 3.1)>> Perhaps the above change is a bit too jargony, but I think it comes> closer to the original intent of  Checkpoint 3.1.  (In spite of the fact> that there are people out there who think fiddling with bitmaps is much> simpler than debugging CSS.)>> Bullet 2:>> *  Writing documents that follow a published formal grammar and> identifying it by including a DOCTYPE statement will facilitate efficient> debugging with automated validation tools. (Checkpoint 3.2)>> This slight rewording makes the statement clearer (to me, at least).>> Bullet 3: looks fine to me.>> Bullet 4:>> You (and Henk?) ask whether \"mobile\" should modify \"devices\" in the last> bullet. I don't think so, because they might not be mobile.>> You ask if \"repackaged\" should be \"repurposed\".  I have eight English> language dictionaries in my house but not one of them contains> \"repurposed\".  Granted, they're more than 8 years old.  Is \"repurposed\" a> word anywhere other than in W3C circles?  Isn't \"repackaged\" easier to> translate? (And, yes, I'm being hypocritical because I do use> \"repurposed\" all the time... jargon is seductive.)>> I also agree with you that adding that list of W3C technologies is useful> here.>> *  The latest versions of W3C technologies (such as MathML, XHTML, XML,> RDF, SMIL, CSS, XSL, XSLT, and PNG) have accessibility features built in.> Using them facilitates web content repackaging to suit different> displays, browsers, and devices without the need to create additional> reformatted pages. (Checkpoint 11.1)>> Regards,> Chuck Letourneau>> Starling Access Services> \"Access A World Of Possibility\">> At 2003-05-20 13:30, Charmane K. Corcoran wrote:>> Greetings,>>>> Suggested rework of \"Reduce Site Maintenance\" from \"Technical Factors>> for Consideration in a Business Case for Web Accessibility\" at>> <http://www.w3.org/WAI/EO/Drafts/bcase/tech.html>http://www.w3.org/WAI/EO/Drafts/bcase/tech.html>>>>>>>>>>>> I specified the technologies in the last bullet because most people>> won't have a clue what technologies you are talking about.  At least>> this way they have a starting point and search out info on the>> technologies easily.>>>> \"The latest versions of W3C technologies ....have accessibility features>> built in\" came from <http://www.w3.org/TR/WCAG10-CORE-TECHS/#access->> reviewed>http://www.w3.org/TR/WCAG10-CORE-TECHS/#access-reviewed Is this>> accurate?>>>> Like Henk, I wonder about including the word \"mobile\" with devices.  I>> am also wondering about using \"repurposed\" instead of \"repackaged\" in>> the last bullet item.>> _____________________>>>> Reduce Site Maintenance>> Implementing relevant WCAG design techniques may reduce time spent on>> site development and maintenance. This efficiency may be reflected in>> manpower and direct cost to the organization.>>>> *  Update and redesign time may be reduced by using style sheets,>> appropriate existing markup language, or text in place of images.>> (Checkpoint 3.1)>>>> *  Writing documents and identifying the published formal grammar by>> including a DOCTYPE statement will facilitate efficient debugging with>> automated validation tools. (Checkpoint 3.2)>>>> *  Controlling layout and presentation through a style sheet allows>> changes to affect the entire website at once rather than repeating the>> identical change in separate files. (Checkpoint 3.3)>>>> *  The latest versions of W3C technologies (such as MathML, XHTML, XML,>> RDF, SMIL, CSS, XSL, XSLT, and PNG) have accessibility features built>> in.  Using them facilitates web content repackaging to suit different>> displays, browsers, and devices without the need to create additional>> reformatted pages. (Checkpoint 11.1)>>>>>> Charmane K. Corcoran>> Information & Project Principal>> Michigan State University>--",
            "docno": "lists-062-10327597",
            "received": "Thu May 22 05:30:49 2003",
            "isoreceived": "20030522093049",
            "sent": "Thu, 22 May 2003 11:31:31 +0200",
            "isosent": "20030522093131",
            "name": "Alan Chuter",
            "email": "chuter@teleservicios.com",
            "subject": "Re: EDITS: &quot;Reduce Site Maintenance&quot;",
            "id": "oprpkh2tw9so27mf@mail.teleservicios.com",
            "charset": "iso-8859-15",
            "inreplyto": "5.0.0.25.2.20030521134826.00bb4f70&#64;host.igs.net",
            "expires": "-1",
            "to": "w3c-wai-eo@w3.org\n"
        }
    ]
}