{
    "id": "candidate-0454",
    "name": "Jeff Pan",
    "gender": "MALE",
    "email": "pan@cs.man.ac.uk",
    "mails": [
        {
            "body": "On Wed, 2003-06-25 at 02:39, Jeff Z. Pan wrote:> Peter,>> Thank you for your reply.[...]> For the purposes of formal process, I find your response is satisfactory.Great. In preparation for tomorrow's telcon,I'm formally closing this thread.>  I> would, however, be interested in continuing this discussion, which we might> perhaps move to the RDF-logic mailing list?That seems like a good idea.> Regards,> Jeff> --> Jeff Z. Pan  ( http://DL-Web.man.ac.uk/ )> Computer Science Dept., The University of Manchester>>>>> > > I am not sure about this. Usually a URI reference of this form> > > http://any.domainname/anyxsdfile.xsd#sss will be understood to denote a> > > user-defined XML Schema datatype named sss.  Even though it is not a> > > standard way in XML Schema, there is no harm adding that in OWL> > (implicitly> > > require that the datatype sss be derived from one of the built-in OWL> > > datatypes). Or do we want to support more datatypes than XML Schema> > > datatypes, so we don't like the file extension xsd?> >> > Unfortunately, this would be a non-standard access mechanism.  The OWL> > specifications should not depend on this mechanism.  Also, consider what> > would happen if the XSD file had both a top-level datatype and a top-level> > attribute with this name.> >> > > It is good to have more than the built-in datatypes. However, it is not> > > clear to me how this \"private understand\" approach works.> > >> > > [1] http://www-db.research.bell-labs.com/user/pfps/owl/semantics/> >> > One possibility would be to use the above non-standard mechanism for> > user-defined XML Schema datatypes.  Communities could have a private> > understanding to treat URI references into XML Schema documents in this> > manner.--Dan Connolly, W3C http://www.w3.org/People/Connolly/",
            "docno": "lists-024-8103079",
            "received": "Wed Jul  2 13:47:52 2003",
            "isoreceived": "20030702174752",
            "sent": "02 Jul 2003 12:46:42 -0500",
            "isosent": "20030702174642",
            "name": "Dan Connolly",
            "email": "connolly@w3.org",
            "subject": "[closed]: S&amp;AS comments (inc. datatypes)",
            "id": "1057168002.24287.2431.camel@dirk.dm93.org",
            "inreplyto": "003e01c33aed$00106340$6401a8c0&#64;percival",
            "expires": "-1",
            "to": "\"Jeff Z. Pan\"<pan@cs.man.ac.uk>\n",
            "cc": "\"Peter F. Patel-Schneider\"<pfps@research.bell-labs.com>,public-webont-comments@w3.org\n"
        },
        {
            "body": "1. Section 2Section 2 claims that OWL uses some of the facilities of XML Schema, and somebuilt-in XML Schema datatypes can be used in OWL. It is not clear, however,whether the derived datatypes based on the above supported XML Schema datatypescan be used in OWL or not. Reasons for why they can (or can't) be used in OWL areexpected to be explained in section 2 as well.2. Section 3(1) In the definition of the formal syntax, rdf:type is treated as an annotationproperty as follows:ER:VAP U {rdf:type} -> P(R*(R U LVT)),while no explanation is made about why it is treated this way.(2) The description of the elements of VD is a bit confusing, along with thesupported datatype described in section 2. Section 2 says a list of XML Schemadatatypes can be used in OWL, ..., *and* OWL also uses rdfs:Literal and can userdf:XMLLiteral. Section 3.1 says VD contains the URI references of the built-inOWL datatypes and rdfs:Literal. Thus it seems that rdfs:Literal andrdf:XMLLiteral are not built-in OWL datatypes, and rdf:XMLLiteral is not in VD(but can be in D of a datatype theory). Is that right?(3) In the definition of datatype theory, it is not clear that what kinds ofdatatypes can be in the set D. Does it contain only the built-in OWL datatypes,or also their derived datatypes? If it can only consist of built-in OWLdatatypes, the datatype theory is quite limited and seems to me not enough inmany cases.(4) In an abstract OWL interpretation, I think it might be easier to understand,if we present S in the following way:S: VI -> RSA: VI U VC U VD U VDP U VIP U VAP U VO U {owl:DeprecatedClass,owl:DeprecatedProperty} -> R U LVTso that we won't confuse ourselves S(i),the interpretation of an individual URI,and SA(i), some annotation of  an individual URI. Surely S can be furtherextended to plain literals and types literals. I believe separatinginterpretation and annotation is usually a good idea.(5) The expression EC(annotation(p1 o1)) seems to me a bit \"annoying\", partlybecause having annotation in interpretation is strange, partly becauseannotations don't seem to be natural elements of VC or VD.Jeff--Jeff Z. Pan  ( http://DL-Web.man.ac.uk/ )Computer Science Dept., The University of Manchester",
            "docno": "lists-024-6477148",
            "received": "Fri Apr 11 10:16:23 2003",
            "isoreceived": "20030411141623",
            "sent": "Fri, 11 Apr 2003 15:15:21 +0100",
            "isosent": "20030411141521",
            "name": "Jeff Z. Pan",
            "email": "pan@cs.man.ac.uk",
            "subject": "S&amp;AS comments",
            "id": "00ca01c30035$031106a0$6bc65882@cs.man.ac.uk",
            "charset": "iso-8859-1",
            "expires": "-1",
            "to": "<public-webont-comments@w3.org>\n"
        },
        {
            "body": "The file at [1] is an attempt at expressing the EARL schema in thenewly proposed RDFS(FA) metamodelling architecture [2], by Pan andHorrocks.A few comments:-* rdf:Statement and the reification properties are not defined,probably because reification itself is the cause of much debate.Perhaps there would be MStatements and LStatements? EARL (and otherontologies) would use LStatements.* rdfs:Literal is an ltype of LClass in RDFS(FA), but RDF Core havenot decided precisely what a literal is yet, only to say that thereare things which are literals, and things which are literals which arelexical representations of some resource (e.g. [ rdf:value \"abc\" ]).* In defining a new type of property, I could only guess that it is anlsubClassOf LProperty. It seems to make sense that way because we aredefining an ontology here.I wonder how RDFS(FA) will fit in with the Abstract Syntax proposed byJon Borden et al. [3]?[1] http://infomesh.net/2001/07/earl/0.95fa.n3[2]http://img.cs.man.ac.uk/jpan/Zhilin/download/Paper/Pan-Horrocks-rdfsfa-2001.pdf[3] http://www.openhealth.org/RDF/RDFAbstractSyntax--Kindest Regards,Sean B. Palmer@prefix : <http://webns.net/roughterms/> .:Sean :hasHomepage <http://purl.org/net/sbp/> .",
            "docno": "lists-064-10349400",
            "received": "Tue Jul 10 10:40:20 2001",
            "isoreceived": "20010710144020",
            "sent": "Tue, 10 Jul 2001 15:41:26 +0100",
            "isosent": "20010710144126",
            "name": "Sean B. Palmer",
            "email": "sean@mysterylights.com",
            "subject": "EARL In RDFS(FA)",
            "id": "00d101c1094e$6af00b20$62ed93c3@z5n9x1",
            "charset": "iso-8859-1",
            "expires": "-1",
            "to": "<w3c-wai-er-ig@w3.org>\n",
            "cc": "\"Jeff Z. Pan\"<pan@cs.man.ac.uk>,<horrocks@cs.man.ac.uk>\n"
        },
        {
            "body": "Peter,Thanks for your reply to the last call comments. This email containscomments to your reply and the online editor's draft of the S&AS document[1].In section 2.1 of [1],> The other built-in OWL Schema datatypes are problematic for OWL, as^^^^^discussed in the RDF Semantics [RDF MT].Do you mean the other built-in \"XML\" schema (instead of OWL schema)datatypes? And it is not clear to me where in RDF MT can I locate thediscussion about why the datatypes are problematic. It might be easier forthe readers to follow if some more details (e.g. section number in the RDFMT document) are provided.> Because there is no standard way to go from a URI reference to an> XML Schema datatype in an XML Schema, there is no standard way to> use user-defined XML Schema in OWL.I am not sure about this. Usually a URI reference of this formhttp://any.domainname/anyxsdfile.xsd#sss will be understood to denote auser-defined XML Schema datatype named sss.  Even though it is not astandard way in XML Schema, there is no harm adding that in OWL (implicitlyrequire that the datatype sss be derived from one of the built-in OWLdatatypes). Or do we want to support more datatypes than XML Schemadatatypes, so we don't like the file extension xsd?> Sections 2 and 3 have been modified to make rdf:XMLLiteral a built-in OWL> datatype and rdfs:Literal not a built-in OWL datatype.  Data ranges now> include rdfs:Literal as a special case.  VD is then the built-in OWL> datatypes plus rdfs:Literal.  This has no real effect on the semantics.> You can see the revised document at> http://www-db.research.bell-labs.com/user/pfps/owl/Yep, it is clearer now.> > (3) In the definition of datatype theory, it is not clear that whatkinds> > of datatypes can be in the set D. Does it contain only the built-in OWL> > datatypes, or also their derived datatypes? If it can only consist of> > built-in OWL datatypes, the datatype theory is quite limited and seemsto> > me not enough in many cases.>> Datatype theories could include more than the built-in datatypes.However,> there would have to be a private understanding as to the meaning of these> datatypes, as OWL has no mechanisms for providing such meaning.It is good to have more than the built-in datatypes. However, it is notclear to me how this \"private understand\" approach works.[1] http://www-db.research.bell-labs.com/user/pfps/owl/semantics/Regards,Jeff--Jeff Z. Pan  ( http://DL-Web.man.ac.uk/ )Computer Science Dept., The University of Manchester",
            "docno": "lists-024-9578066",
            "received": "Mon Jun 23 05:29:31 2003",
            "isoreceived": "20030623092931",
            "sent": "Mon, 23 Jun 2003 10:39:05 +0100",
            "isosent": "20030623093905",
            "name": "Jeff Z. Pan",
            "email": "pan@cs.man.ac.uk",
            "subject": "Re: S&amp;AS comments",
            "id": "006101c3396b$49ab68c0$6401a8c0@percival",
            "charset": "iso-8859-1",
            "inreplyto": "20030616.103019.119356224.pfps&#64;research.bell-labs.com",
            "expires": "-1",
            "to": "\"Peter F. Patel-Schneider\"<pfps@research.bell-labs.com>\n",
            "cc": "<public-webont-comments@w3.org>\n"
        },
        {
            "body": "Jeff Pan wrote:>> How is it possible use the predicate cmPerM to detect the inconsistency in> the above example, i.e., 15cm is not 1.5m?>Isn't this one of those things that we currently have no solution to.The document it and move on approach might be appropriate.OTOH assuming we had an oracle that could tell usSameIndividual(individual(type(LengthQuantity) value(150) unit(cm)),individual(type(LengthQuantity) value(1.5) unit(m)))then we seem to have a modelling problem ... because we now have twodifferent values for the same thing ...in other words is a diameterValue a pair (value,unit) or is it anabstraction of a length. If the latter then we can't represent it assimply a pair becase of the many different equivalent pairs.This would suggest a lengthInM and lengthInCM approach to modellingunits so thatSameIndividual(individual(type(LengthQuantity) lengthInCM(150) ),individual(type(LengthQuantity) lengthInM(1.5) ))works without contradiction.I suspect that long-term it is best to work with the abstraction ratherthan the concrete pair.Jeremy",
            "docno": "lists-022-2660071",
            "received": "Tue May  4 05:24:12 2004",
            "isoreceived": "20040504092412",
            "sent": "Tue, 04 May 2004 10:23:25 +0100",
            "isosent": "20040504092325",
            "name": "Jeremy Carroll",
            "email": "jjc@hplb.hpl.hp.com",
            "subject": "Re: [OEP] a Quantity pattern? [was: Re: [UNITS] FAQ : Constraints   on  data values range]",
            "id": "4097610D.8040401@hplb.hpl.hp.com",
            "charset": "us-ascii",
            "inreplyto": "006301c431b5$60447fc0$afc15882&#64;Newton",
            "expires": "-1",
            "to": " Jeff Pan<pan@cs.man.ac.uk>\n",
            "cc": "public-swbp-wg@w3.org, Guus Schreiber<schreiber@cs.vu.nl>, Bernard Vatant<bernard.vatant@mondeca.com>, Alan Rector<rector@cs.man.ac.uk>, Natasha Noy<noy@SMI.Stanford.EDU>, Ian Horrocks<horrocks@cs.man.ac.uk>, Ulrike Sattler<sattler@cs.man.ac.uk>\n"
        },
        {
            "body": "Peter,Thank you for your reply.> > Do you mean the other built-in \"XML\" schema (instead of OWL schema)> > datatypes?>> Yes, sorry for the typo.  This is correct in the editor's draft at> http://www-db.research.bell-labs.com/user/pfps/owl/>> > And it is not clear to me where in RDF MT can I locate the> > discussion about why the datatypes are problematic. It might be easierfor> > the readers to follow if some more details (e.g. section number in theRDF> > MT document) are provided.>> A direct pointer will be included as soon as the RDF MT document isupdated> to include one.  For now, I have included the section number (5).For the purposes of formal process, I find your response is satisfactory. Iwould, however, be interested in continuing this discussion, which we mightperhaps move to the RDF-logic mailing list?Regards,Jeff--Jeff Z. Pan  ( http://DL-Web.man.ac.uk/ )Computer Science Dept., The University of Manchester> > I am not sure about this. Usually a URI reference of this form> > http://any.domainname/anyxsdfile.xsd#sss will be understood to denote a> > user-defined XML Schema datatype named sss.  Even though it is not a> > standard way in XML Schema, there is no harm adding that in OWL> (implicitly> > require that the datatype sss be derived from one of the built-in OWL> > datatypes). Or do we want to support more datatypes than XML Schema> > datatypes, so we don't like the file extension xsd?>> Unfortunately, this would be a non-standard access mechanism.  The OWL> specifications should not depend on this mechanism.  Also, consider what> would happen if the XSD file had both a top-level datatype and a top-level> attribute with this name.>> > It is good to have more than the built-in datatypes. However, it is not> > clear to me how this \"private understand\" approach works.> >> > [1] http://www-db.research.bell-labs.com/user/pfps/owl/semantics/>> One possibility would be to use the above non-standard mechanism for> user-defined XML Schema datatypes.  Communities could have a private> understanding to treat URI references into XML Schema documents in this> manner.",
            "docno": "lists-024-9642021",
            "received": "Wed Jun 25 03:30:31 2003",
            "isoreceived": "20030625073031",
            "sent": "Wed, 25 Jun 2003 08:39:09 +0100",
            "isosent": "20030625073909",
            "name": "Jeff Z. Pan",
            "email": "pan@cs.man.ac.uk",
            "subject": "Re: proposed response to Jeff Pan's response of 23 June concerning datatypes",
            "id": "003e01c33aed$00106340$6401a8c0@percival",
            "charset": "iso-8859-1",
            "inreplyto": "sed response to Jeff Pan's response of 23 June concerning datatypes",
            "expires": "-1",
            "to": "\"Peter F. Patel-Schneider\"<pfps@research.bell-labs.com>\n",
            "cc": "<public-webont-comments@w3.org>,<www-rdf-logic@w3.org>\n"
        },
        {
            "body": "----- Original Message -----From: \"Jeremy Carroll\" <jjc@hplb.hpl.hp.com>Sent: Tuesday, May 04, 2004 10:23 AMSubject: Re: [OEP] a Quantity pattern? [was: Re: [UNITS] FAQ : Constraintson data values range]> Jeff Pan wrote:> >> > How is it possible use the predicate cmPerM to detect the inconsistencyin> > the above example, i.e., 15cm is not 1.5m?> >>> Isn't this one of those things that we currently have no solution to.> The document it and move on approach might be appropriate.Even though OWL does not provide a solution to it, it does not mean that wecurrently have no solution to it, nor does it mean that when we consider theunit pattern we should not consider possible future extension of OWLdatatyping.Jeff> OTOH assuming we had an oracle that could tell us>>   SameIndividual(>     individual(type(LengthQuantity) value(150) unit(cm)),>     individual(type(LengthQuantity) value(1.5) unit(m)))>> then we seem to have a modelling problem ... because we now have two> different values for the same thing ...>> in other words is a diameterValue a pair (value,unit) or is it an> abstraction of a length. If the latter then we can't represent it as> simply a pair becase of the many different equivalent pairs.> This would suggest a lengthInM and lengthInCM approach to modelling> units so that>> SameIndividual(>     individual(type(LengthQuantity) lengthInCM(150) ),>     individual(type(LengthQuantity) lengthInM(1.5) ))>> works without contradiction.>> I suspect that long-term it is best to work with the abstraction rather> than the concrete pair.",
            "docno": "lists-022-3121197",
            "received": "Mon May 10 03:19:41 2004",
            "isoreceived": "20040510071941",
            "sent": "Mon, 10 May 2004 08:15:05 +0100",
            "isosent": "20040510071505",
            "name": "Jeff Z. Pan",
            "email": "pan@cs.man.ac.uk",
            "subject": "Re: [OEP] a Quantity pattern? [was: Re: [UNITS] FAQ : Constraints on  data values range]",
            "id": "20040510081505.B30833@yvain.cs.man.ac.uk",
            "charset": "us-ascii",
            "inreplyto": "4097610D.8040401&#64;hplb.hpl.hp.com",
            "expires": "-1",
            "to": " Jeremy Carroll<jjc@hplb.hpl.hp.com>\n",
            "cc": "public-swbp-wg@w3.org;, Guus Schreiber<schreiber@cs.vu.nl>;, Bernard Vatant<bernard.vatant@mondeca.com>;, Alan Rector<rector@cs.man.ac.uk>;, Natasha Noy<noy@SMI.Stanford.EDU>;, Ian Horrocks<horrocks@cs.man.ac.uk>;, Ulrike Sattler<sattler@cs.man.ac.uk>\n"
        },
        {
            "body": "Uschold, Michael F wrote:> Alan is now suggesting that to this we add another task, which naturally> follows: what things CANNOT be done easily or conveniently or AT ALL> using OWL. This can then be fed back to [?WHO?] at the W3C as> requirements for extensions/updates to OWL.>Alan:> I'd like to come in just to say that in a recent set of travels and> discussions with potential users of OWL, the inability to express> numeric constraints involving inequalities for things such as \"Big> Wheel\" etc. is a big problem.  Virtual all my biomedical examples> require normal values, value ranges, etc. which need this kind of> expressiveness .>It is in scope for the XML Schema Datatypes TF to address the specificissue of how to (slightly) increase the expressivity of RDF and OWL topermit user-defined datatypes (and hence at least a minimal solution tothe big wheel problem).Quite how to deploy that solution (in terms of the standards) is yet tobe determined ... since there was support for issuing a first datatypesnote that raised the questions, I think this is a plausible question toask the community at that point.Personally, if the necessary changes to any recs were small, I wouldfavour errata against the current recs. That might not fly ... anotheroption might be to have a rec track doc ourselves; or simply to recordthe consensus and await the next revision of RDF, OWL and/or XML Schemato deploy this consensus within the Rec track.Without having thought about it much, I think small errata is thesimplest path, but might meet opposition, and having a rec track docourselves would be a mistake. This might leave us with simplydocumenting the current position and suggested changes (which seems tobe Mike's position)I would be nervous about generalizing this - e.g. QCC were considered bywebont and rejected, I would be very uncomfortable with this grouprevisiting that - whereas the user-defined datatypes issue was desiredby both RDF Core and WebOnt, but we did not have the effort to put intoresolving the problems (i.e. to coordinate adequately with XML SchemaWG, and to make sure that any solution for these problems in RDF and OWLdoes not interfere poorly with work they are doing)Jeremy",
            "docno": "lists-022-2625424",
            "received": "Mon May  3 05:18:51 2004",
            "isoreceived": "20040503091851",
            "sent": "Mon, 03 May 2004 10:17:23 +0100",
            "isosent": "20040503091723",
            "name": "Jeremy Carroll",
            "email": "jjc@hplb.hpl.hp.com",
            "subject": "[XSCH] was Re: [ALL] Requirements for updating OWL &ndash;&ndash; was  FAQ :  Constraints on data values range",
            "id": "40960E23.6000303@hplb.hpl.hp.com",
            "charset": "us-ascii",
            "inreplyto": "823043AB1B52784D97754D186877B6CF04BA739C&#64;xch-nw-12.nw.nos.boeing.com",
            "expires": "-1",
            "to": "\"Uschold, Michael F\"<michael.f.uschold@boeing.com>\n",
            "cc": " Alan Rector<rector@cs.man.ac.uk>,benoit.doumas@free.fr,public-swbp-wg@w3.org, Jeff Pan<zpan@cs.man.ac.uk>, Ian Horrocks<horrocks@cs.man.ac.uk>, Ulrike Sattler<sattler@cs.man.ac.uk>\n"
        },
        {
            "body": "The following came up in the context of OEP and UNITS however could berelevant to ALL.This is an interesting new twist on the role of the OEP group. Hitherto,we have been setting out to give users information on how they can useOWL to do various useful tasks.Alan is now suggesting that to this we add another task, which naturallyfollows: what things CANNOT be done easily or conveniently or AT ALLusing OWL. This can then be fed back to [?WHO?] at the W3C asrequirements for extensions/updates to OWL.It makes a lot of sense to collect such examples as we go along. Forexample, any notes that are put out that discover such cases, theyshould be documented in that context. Also they could all be broughttogether in a note unto itself as the WG progresses, or at the end.This might be broader than the OEP task force. Some of the other taskforces may also discover such examples dictating changes to OWL.  Itcould be a new Task Force that liased with all other Task Forces.Just a few rambling thoughts...Mike-----Original Message-----From: Alan Rector [mailto:rector@cs.man.ac.uk]Sent: Friday, April 30, 2004 8:10 AMHorrocks; Ulrike SattlerSubject: Re: [UNITS, OEP] FAQ : Constraints on data values rangeJeremy, Guus, Bernard, AllI'd like to come in just to say that in a recent set of travels anddiscussions with potential users of OWL, the inability to expressnumeric constraints involving inequalities for things such as \"BigWheel\" etc. is a big problem.  Virtual all my biomedical examplesrequire normal values, value ranges, etc. which need this kind ofexpressiveness .To be blunt, there is no way that many potential users in these fieldswill adopt OWL if it can't manage these 'simple' constraints.  As atemporising measure, we may have to build some hybrid tools, but this isnot really satisfactory.Jeff Pan and co are indeed working on formal solutions.  I think therole of the best practices group should be to be sure that they have afull set of requirements from the various applications against which totest those solutions.  I've been having a considerable discussion withthem which I think has finally got past my misconceptions.If we can gather together a good set of use cases and examples into asummary paper, I think they would find that valuable - as I hope wouldthe group.This is a place where the existing standard is inadequate to expresswhat users need.  I hope we can help get to the point to move it forwardwith a clear set of user requirements - plus workarounds and help tousers not to 'bang their heads against the wall'.  Sometimes knowingthat something can't be done is almost as useful as knowing how to doit.  Most users I have encountered have assumed it was theirmisunderstanding rather than an intrinsic limitation in the language.RegardsAlanJeremy Carroll wrote:> > formal model. I recommend a paper \"Web Ontology Reasoning with> > Datatype Groups\"> > form J. Pan and I. Horrocks.> > I think this is a problem that has to be explain in a FAQ.> >>> I think that we currently have, in OWL, particularly OWL DL, and> unnecessarily restrictive langauge for this problem. However, I am notclear> that enough industrial class apps are up with what datatype supportthere is> already in OWL, so I am in no hurry to move the goal posts towards> expressivity.>> Some of Pan and Horrocks' work goes well beyond OWL expressivity andlooks> really useful for the units stuff amongst others.>> I remain doubtful as to the scientific validity of the currentexclusion of> inverse functional datatype properties (IFDP) in OWL DL, but didn'tmake a> song and dance about it at the appropriate time, and won't now either.As> far as I remember it is a complexity argument rather than adecidability> argument, and it seems to me that OWL DL + IFDP is of the samecomplexity as> OWL DL (maybe I have misunderstood; I've read the papers but couldn't> reconstruct them).>> Jeremy--Alan L RectorProfessor of Medical InformaticsDepartment of Computer ScienceUniversity of ManchesterManchester M13 9PL, UKTEL: +44-161-275-6188/6149/7183FAX: +44-161-275-6236/6204Room: 2.88a, Kilburn Buildingweb: www.cs.man.ac.uk/migwww.opengalen.orgwww.clinical-escience.org",
            "docno": "lists-021-15457711",
            "received": "Fri Apr 30 18:33:17 2004",
            "isoreceived": "20040430223317",
            "sent": "Fri, 30 Apr 2004 15:26:25 -0700",
            "isosent": "20040430222625",
            "name": "Uschold, Michael F",
            "email": ": rector@cs.man.ac.uk",
            "subject": "RE: [ALL] Requirements for updating OWL &ndash;&ndash; was  FAQ : Constraints on data values range",
            "id": "823043AB1B52784D97754D186877B6CF04BA739C@xch-nw-12.nw.nos.boeing.com",
            "charset": "us-ascii",
            "inreplyto": "[ALL] Requirements for updating OWL &ndash;&ndash; was  FAQ : Constraints on data values range",
            "expires": "-1",
            "to": " Jeremy Carroll\n",
            "cc": " benoit.doumas@free.fr; public-swbp-wg@w3.org; Jeff Pan; Ian\n"
        },
        {
            "body": "Here are responses to the remaing questions from your message:> (2) The description of the elements of VD is a bit confusing, along with> the supported datatype described in section 2. Section 2 says a list of XML> Schema datatypes can be used in OWL, ..., *and* OWL also uses rdfs:Literal> and can use rdf:XMLLiteral. Section 3.1 says VD contains the URI references> of the built-in OWL datatypes and rdfs:Literal. Thus it seems that> rdfs:Literal and rdf:XMLLiteral are not built-in OWL datatypes, and> rdf:XMLLiteral is not in VD (but can be in D of a datatype theory). Is that> right?Sections 2 and 3 have been modified to make rdf:XMLLiteral a built-in OWLdatatype and rdfs:Literal not a built-in OWL datatype.  Data ranges nowinclude rdfs:Literal as a special case.  VD is then the built-in OWLdatatypes plus rdfs:Literal.  This has no real effect on the semantics.You can see the revised document athttp://www-db.research.bell-labs.com/user/pfps/owl/> (3) In the definition of datatype theory, it is not clear that what kinds> of datatypes can be in the set D. Does it contain only the built-in OWL> datatypes, or also their derived datatypes? If it can only consist of> built-in OWL datatypes, the datatype theory is quite limited and seems to> me not enough in many cases.Datatype theories could include more than the built-in datatypes.  However,there would have to be a private understanding as to the meaning of thesedatatypes, as OWL has no mechanisms for providing such meaning.Please let us know whether this satisfactorily addreses the last of yourcomments by replying to the message, ensuring that a copy is sent topubic-webont-comments@w3.orgPeter F. Patel-SchneiderBell Labs ResearchLucent Technologies",
            "docno": "lists-024-9023931",
            "received": "Mon Jun 16 10:30:32 2003",
            "isoreceived": "20030616143032",
            "sent": "Mon, 16 Jun 2003 10:30:19 -0400 (EDT)",
            "isosent": "20030616143019",
            "name": "Peter F. Patel-Schneider",
            "email": "pfps@research.bell-labs.com",
            "subject": "Re: S&amp;AS comments",
            "id": "20030616.103019.119356224.pfps@research.bell-labs.com",
            "charset": "us-ascii",
            "inreplyto": "00ca01c30035$031106a0$6bc65882&#64;cs.man.ac.uk",
            "expires": "-1",
            "to": "pan@cs.man.ac.uk\n",
            "cc": "public-webont-comments@w3.org\n"
        },
        {
            "body": "Thank you for your comments.I look at them and make a proposal on how they could be handled.Peter F. Patel-SchneiderBell Labs ResearchLucent Technologies",
            "docno": "lists-024-6526812",
            "received": "Mon Apr 14 12:53:18 2003",
            "isoreceived": "20030414165318",
            "sent": "Mon, 14 Apr 2003 12:53:01 -0400 (EDT)",
            "isosent": "20030414165301",
            "name": "Peter F. Patel-Schneider",
            "email": "pfps@research.bell-labs.com",
            "subject": "Re: S&amp;AS comments",
            "id": "20030414.125301.26233333.pfps@research.bell-labs.com",
            "charset": "us-ascii",
            "inreplyto": "00ca01c30035$031106a0$6bc65882&#64;cs.man.ac.uk",
            "expires": "-1",
            "to": "pan@cs.man.ac.uk\n",
            "cc": "public-webont-comments@w3.org\n"
        },
        {
            "body": "Hi Guus,Guus Schreiber wrote:[..]> ObjectProperty(diameterValue>   domain(Wheel)>   range(LengthQuantity))>> Class(Quantity)> DatatypeProperty(value>   domain(Quantity)>   range(xsd:decimal))> DatatypeProperty(unit>   domain(Quantity)>   range(Unit))> Class(LenthQuantity>   subClassOf(Quantity)>   Restriction(unit, allValuesFrom(LengthQuantity))>Typo: should have read \"allValuesFrom(LengthUnit)>Assume LenghthUnit is defined as a subclass of Unit with instances such>as m, cm, dm, mile, ichn, etc.>GuusThis is a reasonable pattern for units, in that it keeps the unit-valuepairs separated from each other, although it is not clear to me if it worksfine with functional property axioms and datatype constraints.Firstly, I wonder how to handle functional property axioms in this pattern.For example, besidesIndividual(myWheeltype(Wheel)diameterValue(type(LengthQuantity) value(15) unit(cm))),we also have the following individual axiomIndividual(myWheeltype(Wheel)diameterValue(type(LengthQuantity) value(1.5) unit(m)))in the ontology.Now, I guess it is reasonable to assume that the property diameterValue isfunctional. Therefore, the two blank nodes (as instances of LengthQuantity)are identical and it (the combined node) has two unit properties and twovalue properties. Things become complicated as we mix two pairs ofunit-value together, and it seems now difficult to tell which unit is usedwith which value.Secondly, I am trying to understand how we can handle explicit constraints,as Natasha mentioned earlier, in this pattern.We assume that we can represent a unit mapping constraint by a datatypepredicate cmPerM, with arity a(cmPerM)=2, and predicate extensionE(cmPerM)={<a,b> \\in V(real)^2 | a=100*b}, where V(real) is the value spacefor the datatype real.How is it possible use the predicate cmPerM to detect the inconsistency inthe above example, i.e., 15cm is not 1.5m?Greetings,Jeff--Jeff Z. Pan  ( http://DL-Web.man.ac.uk/ )Computer Science Dept., The University of Manchester[..]--Free University Amsterdam, Computer ScienceDe Boelelaan 1081a, 1081 HV Amsterdam, The NetherlandsTel: +31 20 444 7739/7718E-mail: schreiber@cs.vu.nlHome page: http://www.cs.vu.nl/~guus/",
            "docno": "lists-022-2647575",
            "received": "Tue May  4 04:54:47 2004",
            "isoreceived": "20040504085447",
            "sent": "Tue, 4 May 2004 09:52:12 +0100",
            "isosent": "20040504085212",
            "name": "Jeff Pan",
            "email": "pan@cs.man.ac.uk",
            "subject": "Re: [OEP] a Quantity pattern? [was: Re: [UNITS] FAQ : Constraints  on  data values range]",
            "id": "006301c431b5$60447fc0$afc15882@Newton",
            "charset": "iso-8859-1",
            "inreplyto": "407DA29B.2050408&#64;cs.vu.nl",
            "expires": "-1",
            "to": "<public-swbp-wg@w3.org>,\"Guus Schreiber\"<schreiber@cs.vu.nl>\n",
            "cc": "\"Bernard Vatant\"<bernard.vatant@mondeca.com>,\"Alan Rector\"<rector@cs.man.ac.uk>,\"Natasha Noy\"<noy@SMI.Stanford.EDU>,\"Ian Horrocks\"<horrocks@cs.man.ac.uk>,\"Ulrike Sattler\"<sattler@cs.man.ac.uk>\n"
        },
        {
            "body": "Jeremy, Guus, Bernard, AllI'd like to come in just to say that in a recent set of travels and discussions with potential users of OWL, the inability to express numeric constraints involving inequalities for things such as \"Big Wheel\" etc. is a big problem.  Virtual all my biomedical examples require normal values, value ranges, etc. which need this kind of expressiveness .To be blunt, there is no way that many potential users in these fields will adopt OWL if it can't manage these 'simple' constraints.  As a temporising measure, we may have to build some hybrid tools, but this is not really satisfactory.Jeff Pan and co are indeed working on formal solutions.  I think the role of the best practices group should be to be sure that they have a full set of requirements from the various applications against which to test those solutions.  I've been having a considerable discussion with them which I think has finally got past my misconceptions.If we can gather together a good set of use cases and examples into a summary paper, I think they would find that valuable - as I hope would the group.This is a place where the existing standard is inadequate to express what users need.  I hope we can help get to the point to move it forward with a clear set of user requirements - plus workarounds and help to users not to 'bang their heads against the wall'.  Sometimes knowing that something can't be done is almost as useful as knowing how to do it.  Most users I have encountered have assumed it was their misunderstanding rather than an intrinsic limitation in the language.RegardsAlanJeremy Carroll wrote:> > formal model. I recommend a paper \"Web Ontology Reasoning with> > Datatype Groups\"> > form J. Pan and I. Horrocks.> > I think this is a problem that has to be explain in a FAQ.> >>> I think that we currently have, in OWL, particularly OWL DL, and> unnecessarily restrictive langauge for this problem. However, I am not clear> that enough industrial class apps are up with what datatype support there is> already in OWL, so I am in no hurry to move the goal posts towards> expressivity.>> Some of Pan and Horrocks' work goes well beyond OWL expressivity and looks> really useful for the units stuff amongst others.>> I remain doubtful as to the scientific validity of the current exclusion of> inverse functional datatype properties (IFDP) in OWL DL, but didn't make a> song and dance about it at the appropriate time, and won't now either. As> far as I remember it is a complexity argument rather than a decidability> argument, and it seems to me that OWL DL + IFDP is of the same complexity as> OWL DL (maybe I have misunderstood; I've read the papers but couldn't> reconstruct them).>> Jeremy--Alan L RectorProfessor of Medical InformaticsDepartment of Computer ScienceUniversity of ManchesterManchester M13 9PL, UKTEL: +44-161-275-6188/6149/7183FAX: +44-161-275-6236/6204Room: 2.88a, Kilburn Buildingweb: www.cs.man.ac.uk/migwww.opengalen.orgwww.clinical-escience.org",
            "docno": "lists-021-15415976",
            "received": "Fri Apr 30 17:39:18 2004",
            "isoreceived": "20040430213918",
            "sent": "Fri, 30 Apr 2004 16:10:02 +0100",
            "isosent": "20040430151002",
            "name": "Alan Rector",
            "email": ": rector@cs.man.ac.uk",
            "subject": "Re: [UNITS, OEP] FAQ : Constraints on data values range",
            "id": "40926C4A.944D9A80@cs.man.ac.uk",
            "charset": "us-ascii",
            "inreplyto": "BHEGLCKMOHGLGNOKPGHDAEPBCCAA.jjc&#64;hpl.hp.com",
            "expires": "-1",
            "to": " Jeremy Carroll<jjc@hplb.hpl.hp.com>\n",
            "cc": "benoit.doumas@free.fr,public-swbp-wg@w3.org, Jeff Pan<zpan@cs.man.ac.uk>, Ian Horrocks<horrocks@cs.man.ac.uk>, Ulrike Sattler<sattler@cs.man.ac.uk>\n"
        },
        {
            "body": "Again, thank you for your comments.   In this message I propose someeditorial and tyopgraphical changes that I think might help to addresssome of them.  The remainder will be handled later, as indicated in the message.> 1. Section 2>> Section 2 claims that OWL uses some of the facilities of XML Schema, and some> built-in XML Schema datatypes can be used in OWL. It is not clear, however,> whether the derived datatypes based on the above supported XML Schema datatypes> can be used in OWL or not. Reasons for why they can (or can't) be used in OWL are> expected to be explained in section 2 as well.Yes, this is not currently clear.  I propose to make the followingeditorial addtion to the paragraph in Section 2 that talks about the usableXML Schema datatypes:Because there is no standard way to go from a URI reference to anXML Schema datatype in an XML Schema, there is no standard way touse user-defined XML Schema in OWL.> 2. Section 3>> (1) In the definition of the formal syntax, rdf:type is treated as an annotation> property as follows:>> ER:VAP U {rdf:type} -> P(R*(R U LVT)),>> while no explanation is made about why it is treated this way.I propose to add(The property rdf:type is added to the annotation properties so asto provide a meaning for deprecation, see<a href=\"direct.html#owl_DeprecatedClass_semantics\">below</a>.)afterER provides meaning for URI references that are used asOWL properties.in Section 3.1.> (2) The description of the elements of VD is a bit confusing, along with the> supported datatype described in section 2. Section 2 says a list of XML Schema> datatypes can be used in OWL, ..., *and* OWL also uses rdfs:Literal and can use> rdf:XMLLiteral. Section 3.1 says VD contains the URI references of the built-in> OWL datatypes and rdfs:Literal. Thus it seems that rdfs:Literal and> rdf:XMLLiteral are not built-in OWL datatypes, and rdf:XMLLiteral is not in VD> (but can be in D of a datatype theory). Is that right?This awaits a finalization of RDF datatyping.> (3) In the definition of datatype theory, it is not clear that what kinds of> datatypes can be in the set D. Does it contain only the built-in OWL datatypes,> or also their derived datatypes? If it can only consist of built-in OWL> datatypes, the datatype theory is quite limited and seems to me not enough in> many cases.I propose to clarify the situation by adding ``A datatype theory mustcontain datatypes for xsd:string and xsd:integer.  It may contain datatypesfor the other built-in XML Schema datatypes that are suitable for use inOWL.  It may also contain other datatypes, but there is no provision in theOWL syntax for conveying what these datatypes are.'' to the definition of adatatype theory.Further resolution awaits a finalization of RDF datatyping.> (4) In an abstract OWL interpretation, I think it might be easier to understand,> if we present S in the following way:>> S: VI -> R> SA: VI U VC U VD U VDP U VIP U VAP U VO U {owl:DeprecatedClass,> owl:DeprecatedProperty} -> R U LVT>> so that we won't confuse ourselves S(i),the interpretation of an individual URI,> and SA(i), some annotation of  an individual URI. Surely S can be further> extended to plain literals and types literals. I believe separating> interpretation and annotation is usually a good idea.I believe that this separation would not work well.  Suppose S maps ex:aand ex:b to the same domain element.  Then annotations on ex:a are alsoannotations on ex:b.  Therefore SA would have to follow S for individual> (5) The expression EC(annotation(p1 o1)) seems to me a bit \"annoying\", partly> because having annotation in interpretation is strange, partly because> annotations don't seem to be natural elements of VC or VD.I agree that it is a bit jarring to have EC defined onannotations.  However, it makes the semantics go through muchbetter.   I propose to change to ``EC is extended to ... , values, andpannotations....''  in Section 3.2 to clean up some related introductorywording.> Jeff> --> Jeff Z. Pan  ( http://DL-Web.man.ac.uk/ )> Computer Science Dept., The University of ManchesterPlease reply to the mailing list as to whether the above changes adequatelyaddress your comments (except for whether owl:Nothing is in OWL Lite, whichwill be separately addressed).Again, thank you.Peter F. Patel-SchneiderBell Labs ResearchLucent Technologies",
            "docno": "lists-024-10707934",
            "received": "Fri May  9 19:44:47 2003",
            "isoreceived": "20030509234447",
            "sent": "Fri, 09 May 2003 16:48:32 -0400 (EDT)",
            "isosent": "20030509204832",
            "name": "s.  I do not propose to make any change here.",
            "email": "pfps@research.bell-labs.com",
            "subject": "Re: S&amp;AS comments",
            "id": "20030509.164832.103959575.pfps@research.bell-labs.com",
            "charset": "us-ascii",
            "inreplyto": "008b01c2f546$9cbd9060$6bc65882&#64;cs.man.ac.uk",
            "expires": "-1",
            "to": "pan@cs.man.ac.uk\n",
            "cc": "public-webont-comments@w3.org\n"
        }
    ]
}