{
    "id": "candidate-0395",
    "name": "Takayuki Watanabe",
    "gender": "MALE",
    "email": "nabe@lab.twcu.ac.jp",
    "mails": [
        {
            "body": "Regrets.I will go for a trip tomorrow.Best Regards,--WATANABE Takayuki <nabe@lab.twcu.ac.jp>Tokyo Woman's Christian University",
            "docno": "lists-072-3209885",
            "received": "Thu May 20 11:52:37 2004",
            "isoreceived": "20040520155237",
            "sent": "Fri, 21 May 2004 00:52:01 +0900",
            "isosent": "20040520155201",
            "name": "WATANABE Takayuki",
            "email": "nabe@comm.twcu.ac.jp",
            "subject": "Regrets  Re: Agenda - May 20, 2004",
            "id": "20040521004823.45F1.NABE@comm.twcu.ac.jp",
            "charset": "US-ASCII",
            "inreplyto": "auto-000041459258&#64;spamarrest.com",
            "expires": "-1",
            "to": "w3c-wai-gl@w3.org\n",
            "cc": "nabe@lab.twcu.ac.jp\n"
        },
        {
            "body": "It doesn't just point you in a rough direction.It points you to the definition - like the definition in a dictionary.It doesn't tell you which definition is the one to use - but it would bemore that pointing you in a rough direction.The reason we didn't specify that the individual definition be indicated isthat it would require that each word with multiple definitions be marked up.That would be a mess.Gregg-- ------------------------------Gregg C Vanderheiden Ph.D.Professor - Ind. Engr. & BioMed Engr.Director - Trace R & D CenterUniversity of Wisconsin-Madison-----Original Message-----From: Charles McCathieNevile [mailto:charles@w3.org]Sent: Tuesday, March 23, 2004 1:11 AMSubject: RE: CleverKeys, dictionary.com and \"programmatically located\"That seems like a strange meaning of located. If the goal is really just tobe able to point someone in a rough direction that includes the answer, Isuggest that the wording reflect that distinction more carefully.ChaalsOn Mon, 22 Mar 2004, Gregg Vanderheiden wrote:>>There seems to be some confusion between \"located\" and \"determined\" as>defined in the latest draft,>>\"Located\" includes finding the proper definition in a list of definitions.>It does not require that the proper definition be indicated.>>\"Determined\" is a tougher requirement.  It means that the specific>definition is indicated.>>\"Located\" does not let you determine the exact meaning unless there is only>one meaning for a word.>>>Gregg>> -- ------------------------------>Gregg C Vanderheiden Ph.D.>Professor - Ind. Engr. & BioMed Engr.>Director - Trace R & D Center>University of Wisconsin-Madison>Charles McCathieNevile  http://www.w3.org/People/Charles  tel: +61 409 134136SWAD-E http://www.w3.org/2001/sw/Europe         fax(france): +33 4 92 38 7822Post:   21 Mitchell street, FOOTSCRAY Vic 3011, Australia    orW3C, 2004 Route des Lucioles, 06902 Sophia Antipolis Cedex, France",
            "docno": "lists-072-9640058",
            "received": "Tue Mar 23 14:01:03 2004",
            "isoreceived": "20040323190103",
            "sent": "Tue, 23 Mar 2004 12:56:22 -0600",
            "isosent": "20040323185622",
            "name": "Gregg Vanderheiden",
            "email": "gv@trace.wisc.edu",
            "subject": "RE: CleverKeys, dictionary.com and &quot;programmatically located&quot;",
            "id": "200403231856.i2NIuMMP027629@jalopy.cae.wisc.edu",
            "charset": "us-ascii",
            "inreplyto": "Pine.LNX.4.55.0403230209540.4701&#64;homer.w3.org",
            "expires": "-1",
            "to": " Gregg Vanderheiden\n",
            "cc": " 'Wendy A Chisholm'; 'WAI GL'; nabe@lab.twcu.ac.jp\n"
        },
        {
            "body": "We seem to have a disagreement of degree on what \"the rough direction\" means.Anyway, I certainly misunderstood the success criteria despite tryingcarefully to read them and test them. I still think that implies that theyare not clearly enough specifying what they mean.Perhaps having examples in the techniques would help.We almost certainly have a disagreement about whether pointing to the correctdefinition is required. And I am not convinced that it would be messy to makethat happen - in the same way as it turns out that you don't need to mark upeach word to get to a dictionary entry for them. It seems tht as a group ourunderstanding of this technology is still pretty basic, so we might be makingunjustifiable assumptions about it, and basing decisions on those.cheersChaalsOn Tue, 23 Mar 2004, Gregg Vanderheiden wrote:>It doesn't just point you in a rough direction.>It points you to the definition - like the definition in a dictionary.>>It doesn't tell you which definition is the one to use - but it would be>more that pointing you in a rough direction.>>The reason we didn't specify that the individual definition be indicated is>that it would require that each word with multiple definitions be marked up.>That would be a mess.",
            "docno": "lists-072-9659754",
            "received": "Tue Mar 23 19:24:56 2004",
            "isoreceived": "20040324002456",
            "sent": "Tue, 23 Mar 2004 19:18:11 -0500 (EST)",
            "isosent": "20040324001811",
            "name": "Charles McCathieNevile",
            "email": "charles@w3.org",
            "subject": "RE: CleverKeys, dictionary.com and &quot;programmatically located&quot;",
            "id": "Pine.LNX.4.55.0403231914120.30127@homer.w3.org",
            "charset": "US-ASCII",
            "inreplyto": "200403231856.i2NIuMMP027629&#64;jalopy.cae.wisc.edu",
            "expires": "-1",
            "to": " Gregg Vanderheiden<gv@trace.wisc.edu>\n",
            "cc": " 'Wendy A Chisholm'<wendy@w3.org>, 'WAI GL'<w3c-wai-gl@w3.org>,nabe@lab.twcu.ac.jp\n"
        },
        {
            "body": "There are several questions in this email. Please respond in-line to eachquestion or group of questions.Yvette, Takayuki, Lisa, Shadi, Charles - I ask language-specific questionsat the end of the email.  I appreciate feedback on any of the questionsthat you wish to answer.There are several tools that people can use to select a word in Web contentand look up the meaning in a dictionary.  Examples include:1. \"CleverKeys is free software that provides instant access to definitionsat Dictionary.com, synonyms at Thesaurus.com, and more ? from almost allWindows or Mac OS programs, including word processors, Web browsers andmost e-mail programs. With CleverKeys, the answers are just a click away.\"<http://www.cleverkeys.com/ck.html?p=home&os=>2. In Opera, you can, \"Translate words in other languages, or look them upin a dictionary. Simply double-click on a word, or right-click on aselection.\"  This is #10 in the list at:<http://my.opera.com/community/tips/oneliners/>Do these methods, and similar ones like them, satisfy the four\"programmatically located\" aspects of 3.1?<http://www.w3.org/TR/2004/WD-WCAG20-20040311/#meaning>Here are some tests (with CleverKeys for Windows) and questions:1st Success Criterion to test: Level 1, #2  - \"The meaning of abbreviationsand acronyms can be programmatically located.\"Test 1: go to the W3C [1], highlight the second instance of \"W3C\" in thefirst paragraph, press control+L to activate CleverKeys.[1] <http://www.w3.org/>Result 1: It lists the correct expansion of W3C<http://dictionary.reference.com/search?q=%20W3C%20>Question: Does this satisfy the success criterion?  If so, is it a useragent feature instead of an author responsibility?  If not, what more doesthe author need to do?  If it satisfies the criterion, do we need thecriterion?  If we keep the criterion, is user agent support a sufficienttechnique?Test 2: go to the W3C [1], right-click on the second instance of \"W3C\" inthe first paragraph,  select \"dictionary\" from the pop-up menu.Result 2: It does not list the correct expansion of W3C<http://www.infoplease.lycos.com/search.php3?in=dictionary&query=W3C>Question: Does this fail the success criterion?  If it fails, is it afailure of the user agent or of the author?  If the author, what should theauthor do?2nd Success Criterion to test:  Level 2, #2 - The meanings andpronunciations of all words in the content can be programmatically locatedTest 3: go to the W3C [1], highlight \"specifications\" in the firstparagraph, press control+L to activate CleverKeys.Result 3: It finds a definition for \"specifications\" -<http://dictionary.reference.com/search?q=specifications>Question: Does this satisfy the success criterion?  If so, is it a useragent feature instead of an author responsibility?  If not, what more doesthe author need to do?3rd Success Criterion to test: Level 2, #3 - The meaning of all idioms inthe content can be programmatically determined.Test #4: go to ESL idiom page [2], highlight \"beat around the bush,\" presscontrol+L to activate CleverKeys.[2] <http://www.eslcafe.com/idioms/id-list.html>Result #4:  It displays the result for \"beat.\"  In the results is a list of- To fail to confront a subject directly.\"<http://dictionary.reference.com/search?q=beat%20around%20the%20bush>Question: Does this satisfy the success criterion?  If so, is it a useragent feature instead of an author responsibility?  If not, what more doesthe author need to do - link directly to the definition of \"beat around thebush\" instead of the general \"beat?\"4th Success Criterion to test: Level 3, #1 - The meaning of contractedwords can be programmatically determined.Test #5: go to cybernothing [3], highlight the word \"can't,\" presscontrol+L to activate CleverKeys.[3] <http://www.cybernothing.org/>Result #5: The results begin with \"cant\" and further in the list is \"can't- Contraction of cannot.\"  <http://dictionary.reference.com/search?q=can%27t>Question: Does this satisfy the success criterion?  If so, is it a useragent feature instead of an author responsibility?  If not, what more doesthe author need to do - link directly to the definition of \"can't?\"Language questions:1. Are there similar tools and dictionaries that are freely available inother languages?2. Assuming there are similar tools for Dutch, how would the results differfor Dutch words that are aggregates of words? As with idioms, will toolslook for the meaning of each separate word?3.  What about Japanese?  Hebrew? Spanish? Arabic?  German? French?  Arethere similar tools for these languages?  What issues would tools have inother languages?4. If automatic lookup of words works for some languages and not others,how do we create guidelines that will apply across languages?5. If the tools are possible, but not available today, do we write \"lowestcommon denominator\" guidelines that apply across all languages, or do wehave different guidelines depending on tools available today?6. Is user agent support a sufficient technique?--wendy a chisholmworld wide web consortiumweb accessibility initiativehttp://www.w3.org/WAI//--",
            "docno": "lists-072-9389050",
            "received": "Thu Mar 18 20:13:44 2004",
            "isoreceived": "20040319011344",
            "sent": "Thu, 18 Mar 2004 20:13:35 -0500",
            "isosent": "20040319011335",
            "name": "Wendy A Chisholm",
            "email": "wendy@w3.org",
            "subject": "CleverKeys, dictionary.com and &quot;programmatically located&quot;",
            "id": "oms that contain the word \"beat\" - including \"beat around/about the bush",
            "charset": "iso-8859-1",
            "expires": "-1",
            "to": "w3c-wai-gl@w3.org\n",
            "cc": "y.p.hoitink@heritas.nl,nabe@lab.twcu.ac.jp,seeman@netvision.net.il,shadi@w3.org,charles@w3.org\n"
        },
        {
            "body": "Hello Wendy and list,> -----Original Message-----> From: Wendy A Chisholm [mailto:wendy@w3.org]> Sent: vrijdag 19 maart 2004 2:14> To: w3c-wai-gl@w3.org> Cc: y.p.hoitink@heritas.nl; nabe@lab.twcu.ac.jp;> seeman@netvision.net.il; shadi@w3.org; charles@w3.org> Subject: CleverKeys, dictionary.com and \"programmatically located\">> Language questions:> 1. Are there similar tools and dictionaries that are freely> available in other languages?I wish! We only have 1 Dutch dictionary online with a reasonable amount ofwords. This is http://www.vandale.nl, an abbreviated version of the leadingDutch dictionary. The website does not conform to WCAG 1. Even peoplewithout disabilities find it hard to find out where to type the word they'relooking for (the _brown_ text box labelled \"Zoek een woord in HedendaagsNederlands\").No other major Dutch dictionaries are available online, at least none that Iknow of. I have checked some Dutch dictionary portal sites but most of thelinks they give are to translation dictionaries or specialized dictionaries(the Harry Potter dictionary etc.).I do not know of any online dictionary tools for Dutch. Some translationtools exist, so you could first translate it in English and then look it upin an English dictionary but this is shaky at best.> 2. Assuming there are similar tools for Dutch, how would the> results differ for Dutch words that are aggregates of words?Dutch dictionaries only list common aggregates. But words you create on thefly cannot be found in dictionaries. Normally, you just look up the wordanyway and see what the first constituent is. For example if I want to knowwhat the word \"liefdesbrief\" means, I look up \"liefdesbrief\" which I don'tfind, but I do find \"liefde\" which means \"love\". The 's' is recognized bymost people as a 'glue' letter to glue two words together, so you can thenlook up \"brief\" which means \"letter\". Combining them gives you \"loveletter\". (Actually, \"liefdesbrief\" is so common it will be in mostdictionaries but it's just an example).> As with idioms, will tools look for the meaning of each separate word?To do it that way, you first need an algorithm to split the words into theirconstituents. This is an area of much research, as I already wrote to thelist earlier.But is that necessary? (Most) Dutch people have no problem usingdictionaries to determine the meaning of compound words. Why should we makeit a problem? If we offer a link to a dictionary so that a user candetermine the meaning of the word, than we have achieved our goal haven'twe? I think we should formulate our checkpoint in such a way that the usercan determine the meaning of the words from dictionaries that are providedor linked to by the web content. I do not think we should require the webcontent to automatically determine the meaning of every word.> 3.  What about Japanese?  Hebrew? Spanish? Arabic?  German?> French?  Are there similar tools for these languages?  What> issues would tools have in other languages?> 4. If automatic lookup of words works for some languages and> not others, how do we create guidelines that will apply> across languages?> 5. If the tools are possible, but not available today, do we> write \"lowest common denominator\" guidelines that apply> across all languages, or do we have different guidelines> depending on tools available today?\"Until advanced dictionaries exist ...\" sure has a familiar feel to it :-)I think we should stick to what we want to say and not get into thetechnical implementations required to do that. That's for the techniquesdocuments.> 6. Is user agent support a sufficient technique?That question is on a totally different level than your other questions.Many accessibility problems can be fixed by a certain user agent, but thatdoesn't absolve the writers from making their web content accessible. Forexample, black letters on a dark blue background can be turned to black andwhite by a user agent (e.g. by turning off CSS) but that doesn't stop usfrom formulating guidelines about contrast. In WCAG we should focus oncreating accessible content, and let the UAAG handle on how to present thatcontent in the most accessible way.For dictionaries, I think authors should (at level 3) provide links todictionaries where users can determine the meaning of the words used in thecontent.BTW: In the Netherlands we also have a minority language called Frisian. Noonline explaining dictionaries exist for Frisian, just a Frisian-Dutchtranslation dictionary. Since most people who speak Frisian also speakDutch, this isn't a problem in most cases.Yvette HoitinkHeritas, Enschede, The NetherlandsE-mail: y.p.hoitink@heritas.nl",
            "docno": "lists-072-9537368",
            "received": "Fri Mar 19 17:16:10 2004",
            "isoreceived": "20040319221610",
            "sent": "Fri, 19 Mar 2004 23:16:19 +0100",
            "isosent": "20040319221619",
            "name": "Yvette P. Hoitink",
            "email": "y.p.hoitink@heritas.nl",
            "subject": "RE: CleverKeys, dictionary.com and &quot;programmatically located&quot;",
            "id": "20040319221609.F2AB8A173E@frink.w3.org",
            "charset": "us-ascii",
            "inreplyto": "5.2.0.9.2.20040318183056.01e5e398&#64;localhost",
            "expires": "-1",
            "to": "\"'Wendy A Chisholm'\"<wendy@w3.org>,<w3c-wai-gl@w3.org>\n",
            "cc": "<nabe@lab.twcu.ac.jp>,<seeman@netvision.net.il>,<shadi@w3.org>,<charles@w3.org>\n"
        },
        {
            "body": "That seems like a strange meaning of located. If the goal is really just tobe able to point someone in a rough direction that includes the answer, Isuggest that the wording reflect that distinction more carefully.ChaalsOn Mon, 22 Mar 2004, Gregg Vanderheiden wrote:>>There seems to be some confusion between \"located\" and \"determined\" as>defined in the latest draft,>>\"Located\" includes finding the proper definition in a list of definitions.>It does not require that the proper definition be indicated.>>\"Determined\" is a tougher requirement.  It means that the specific>definition is indicated.>>\"Located\" does not let you determine the exact meaning unless there is only>one meaning for a word.>>>Gregg>> -- ------------------------------>Gregg C Vanderheiden Ph.D.>Professor - Ind. Engr. & BioMed Engr.>Director - Trace R & D Center>University of Wisconsin-Madison>Charles McCathieNevile  http://www.w3.org/People/Charles  tel: +61 409 134 136SWAD-E http://www.w3.org/2001/sw/Europe         fax(france): +33 4 92 38 78 22Post:   21 Mitchell street, FOOTSCRAY Vic 3011, Australia    orW3C, 2004 Route des Lucioles, 06902 Sophia Antipolis Cedex, France",
            "docno": "lists-072-9618200",
            "received": "Tue Mar 23 02:11:31 2004",
            "isoreceived": "20040323071131",
            "sent": "Tue, 23 Mar 2004 02:11:08 -0500 (EST)",
            "isosent": "20040323071108",
            "name": "Charles McCathieNevile",
            "email": "charles@w3.org",
            "subject": "RE: CleverKeys, dictionary.com and &quot;programmatically located&quot;",
            "id": "Pine.LNX.4.55.0403230209540.4701@homer.w3.org",
            "charset": "US-ASCII",
            "inreplyto": "200403230508.i2N58NML022007&#64;jalopy.cae.wisc.edu",
            "expires": "-1",
            "to": " Gregg Vanderheiden<gv@trace.wisc.edu>\n",
            "cc": " 'Wendy A Chisholm'<wendy@w3.org>, 'WAI GL'<w3c-wai-gl@w3.org>,nabe@lab.twcu.ac.jp\n"
        },
        {
            "body": "Wendy A Chisholm writes:>> There are several questions in this email. Please respond in-line to each> question or group of questions.>> 1st Success Criterion to test: Level 1, #2  - \"The meaning of abbreviations> and acronyms can be programmatically located.\">> Test 1: go to the W3C [1], highlight the second instance of \"W3C\" in the> first paragraph, press control+L to activate CleverKeys.> [1] <http://www.w3.org/>>> Result 1: It lists the correct expansion of W3C> <http://dictionary.reference.com/search?q=%20W3C%20>>> Question: Does this satisfy the success criterion?  If so, is it a user> agent feature instead of an author responsibility?  If not, what more does> the author need to do?  If it satisfies the criterion, do we need the> criterion?  If we keep the criterion, is user agent support a sufficient> technique?Another issue to consider here is that support for this is notrequired in UAAG; UAAG draws its requirements primarily from WCAG.This implies that we need the success criterion, otherwise there isnothing for future versions of UAAG or similar guidelines to refer to,unless they change their relationship with WCAG.Perhaps the question could be asked as follows:If there is a Web service (in this case a dictionary) that canreliably retrieve the information then does this meet the successcriterion? My personal reaction (only an individual opinion and not tobe taken as foreclosing further discussion) is to say that theavailability of a Web service should definitely suffice for level 1and possibly for level 2 also.>> Test 2: go to the W3C [1], right-click on the second instance of \"W3C\" in> the first paragraph,  select \"dictionary\" from the pop-up menu.>> Result 2: It does not list the correct expansion of W3C> <http://www.infoplease.lycos.com/search.php3?in=dictionary&query=W3C>>> Question: Does this fail the success criterion?  If it fails, is it a> failure of the user agent or of the author?  If the author, what should the> author do?There still exists at least one freely and publicly available Webservice that would give the correct expansion, so I don't think thecontent fails the criterion unless we decide that the availability ofa Web service, combined with suitable user agent support, isn'tenough. In this case, however, the user agent implementation doesn'tgive the correct results.>>> 2nd Success Criterion to test:  Level 2, #2 - The meanings and> pronunciations of all words in the content can be programmatically located>> Test 3: go to the W3C [1], highlight \"specifications\" in the first> paragraph, press control+L to activate CleverKeys.>> Result 3: It finds a definition for \"specifications\" -> <http://dictionary.reference.com/search?q=specifications>>> Question: Does this satisfy the success criterion?  If so, is it a user> agent feature instead of an author responsibility?  If not, what more does> the author need to do?Another question: does the pronunciation information have to bemachine-processable? If the objective here is that speech synthesissoftware should be able to use it, then presumably it has to be in IPA(the International Phonetic Alphabet) or similar encoding.>>> 3rd Success Criterion to test: Level 2, #3 - The meaning of all idioms in> the content can be programmatically determined.>> Test #4: go to ESL idiom page [2], highlight \"beat around the bush,\" press> control+L to activate CleverKeys.> [2] <http://www.eslcafe.com/idioms/id-list.html>>> Result #4:  It displays the result for \"beat.\"  In the results is a list of> idioms that contain the word \"beat\" - including \"beat around/about the bush> - To fail to confront a subject directly.\"> <http://dictionary.reference.com/search?q=beat%20around%20the%20bush>>> Question: Does this satisfy the success criterion?  If so, is it a user> agent feature instead of an author responsibility?  If not, what more does> the author need to do - link directly to the definition of \"beat around the> bush\" instead of the general \"beat?\"\"Can be programmatically determined\" could be read as meaningsomething akin to \"can be interpreted by a computer\"; but no computercan, at present or in the foreseeable future, understand language, sothis would seem impossible to satisfy.Nevertheless, one could specify that a dictionary definition must beautomatically retrievable. There might also be metadata or otherinformation that categorizes words or identifies idiomatic expressionsor whatever, to help what have sometimes been called cognitiveassistive technologies, use of which should count as meeting the criterion.>> 4th Success Criterion to test: Level 3, #1 - The meaning of contracted> words can be programmatically determined.>> Test #5: go to cybernothing [3], highlight the word \"can't,\" press> control+L to activate CleverKeys.> [3] <http://www.cybernothing.org/>>> Result #5: The results begin with \"cant\" and further in the list is \"can't> - Contraction of cannot.\"  <http://dictionary.reference.com/search?q=can%27t>>> Question: Does this satisfy the success criterion?  If so, is it a user> agent feature instead of an author responsibility?  If not, what more does> the author need to do - link directly to the definition of \"can't?\"Same as above regarding existence of a Web service that reliablyobtains the information, a requirement that appears to be met hereunless what is needed is for the computer to be able to associate thecontracted word with its expansion, rather than just to present a list.>> Language questions:> 1. Are there similar tools and dictionaries that are freely available in> other languages?Yes, but I expect there will be languages for which no such toolsexist. There are at least 5000 languages in use today, many of whichare endangered. These include many indigenous languages for whichthere may not be good dictionaries in any form, let alone online.> 4. If automatic lookup of words works for some languages and not others,> how do we create guidelines that will apply across languages?Automatic lookup should work across languages; it is just moredifficult in some languages. Of course, finding the single definitionthat matches often requires human understanding.> 5. If the tools are possible, but not available today, do we write \"lowest> common denominator\" guidelines that apply across all languages, or do we> have different guidelines depending on tools available today?Or do we introduce a qualification which says, in effect, where thetools exist for the language/languages of the content, use them;otherwise the success criteria are not applicable and the contentshould be treated as having passed? If we say this, then does thecontent become non-conformant when the tools arrive?> 6. Is user agent support a sufficient technique?Yes. After all, we don't insist on \"self-voicing\" Web sites, etc.Other techniques include:Using features of a markup language to provide the information, forexample ABBR/ACRONYM in XHTML.Using metadata to provide the information.A suitable means of associating a dictionary or other such resourcewith content would be valuable here. Of course it probably wouldn'tapply to all technologies, but at least for XML-based formatsthere should be room for standard solutions that user agents canimplement.Comments? Criticisms? Suggestions?Jason.",
            "docno": "lists-072-9477592",
            "received": "Fri Mar 19 05:07:57 2004",
            "isoreceived": "20040319100757",
            "sent": "Fri, 19 Mar 2004 21:07:39 +1100",
            "isosent": "20040319100739",
            "name": "Jason White",
            "email": "jasonw@ariel.ucs.unimelb.edu.au",
            "subject": "Re: CleverKeys, dictionary.com and &quot;programmatically located&quot;",
            "id": "16474.50795.727480.990204@jdc.local",
            "charset": "us-ascii",
            "inreplyto": "5.2.0.9.2.20040318183056.01e5e398&#64;localhost",
            "expires": "-1",
            "to": " Wendy A Chisholm<wendy@w3.org>\n",
            "cc": "w3c-wai-gl@w3.org,y.p.hoitink@heritas.nl,nabe@lab.twcu.ac.jp,seeman@netvision.net.il,shadi@w3.org,charles@w3.org\n"
        },
        {
            "body": "[cc- people on the wcag list. I left Watanabe-san because I don't know if heis subscribed]On Thu, 18 Mar 2004, Wendy A Chisholm wrote:>There are several questions in this email. Please respond in-line to each>question or group of questions.Of the following four questions the first two are repeated several times. Ibelieve the other two apply similarly to each of the example cases offered. Ihave included them once each here with an answer, in lieu of repeating themseveral times below:1. \"Is it a user agent feature instead of an author responsibility?I presume you mean \"should this be a user agent requirement rather than arequirement on the author?\".I don't think so. The answer clearly depends on the group's overall responseto the question of whether authors have a responsibility to help users withthings that can be done y a user agent.I point out in passing that most of these tools currently rely on selectingthe word in question - something that most browsers only make possible with amouse, and even that often breaks down completely with text in images.2. If not, what more does the author need to do?\"The author would still need to be sure that the criterion can be met by toolsavailable. I would suggest they need to identify the tools capable ofproviding the right answers - if necessary including more markup to allow fordetermining the correct meaning where there is more than one possibility.There are many possible techniques for doing this, including using systemslike Annotea, SWAP or GRDDL to provide re-rendering capability, building thetools as middleware rather than user agents (the ones I know of at the moment- Babylon is one I am more familiar with - and in passing it allowscustomised dictionaries, with multiple languages available), and so on.3. If it satisfies the criterion, do we need the criterion?Yes. Otherwise there is nothing that makes it clear what is required. Moreimportantly, if the technique fails the criterion it is a failure of theauthor, who didn't ensure that there was a linkage to something that works,and of the user agent, which didn't do anything useful. The author shouldensure that things are linked in such a way that there is success - i.e. thatthe dictionary/ies they link actually include(s) the necessary information.Unless we have the criterion somewhere, there is no real grounds for workingout what the sensible appraoch to resolving the problem is. (Well, no groundswithin WCAG).4. If we keep the criterion, is user agent support a sufficient technique?As far as I can tell there is not sufficient grounds for pushingresponsibility for this onto the user at this stage. But I think that is adiscussion the working group should have after they understand how thetechnology works, and fter they have some clearer understanding of how theycreate conformance schemes, based on an actual set of guidelines and criteriathat can be included in such a scheme.>There are several tools that people can use to select a word in Web content>and look up the meaning in a dictionary.  Examples include:>>1. \"CleverKeys is free software that provides instant access to definitions>>2. In Opera, you can, \"Translate words in other languages, or look them up>in a dictionary. Simply double-click on a word, or right-click on a>selection.\"  This is #10 in the list at:><http://my.opera.com/community/tips/oneliners/>>>Do these methods, and similar ones like them, satisfy the four>\"programmatically located\" aspects of 3.1?><http://www.w3.org/TR/2004/WD-WCAG20-20040311/#meaning>These methods could be used to satisfy those requirements. They clearly don'tautomatically do so. Success depends on the particular dictionaries at theother end of the service. There is another piece of software called Babylonthat I am more familiar with - it allows configuration of dictionaries used,which is an important step, since you can verify whether or not the terms youuse are included. Similarly, it is possible to develop tools based onAnnotea, which would actually proivide the ability to link the page to aversion where words become \"hot\". This is sort of what SWAP plans to do,looking at the schema that they have (RDF techniques stuff).>Here are some tests (with CleverKeys for Windows) and questions:>>1st Success Criterion to test: Level 1, #2  - \"The meaning of abbreviations>and acronyms can be programmatically located.\">>Test 1: go to the W3C [1], highlight the second instance of \"W3C\" in the>first paragraph, press control+L to activate CleverKeys.>[1] <http://www.w3.org/>>>Result 1: It lists the correct expansion of W3C><http://dictionary.reference.com/search?q=%20W3C%20>>>Question: Does this satisfy the success criterion?Apparently it satisfies the criteria - it identifies the thing in question.>Test 2: go to the W3C [1], right-click on the second instance of \"W3C\" in>the first paragraph,  select \"dictionary\" from the pop-up menu.>>Result 2: It does not list the correct expansion of W3C><http://www.infoplease.lycos.com/search.php3?in=dictionary&query=W3C>>>Question: Does this fail the success criterion?Yes it fails.>2nd Success Criterion to test:  Level 2, #2 - The meanings and>pronunciations of all words in the content can be programmatically located>>Test 3: go to the W3C [1], highlight \"specifications\" in the first>paragraph, press control+L to activate CleverKeys.>>Result 3: It finds a definition for \"specifications\" -><http://dictionary.reference.com/search?q=specifications>>>Question: Does this satisfy the success criterion?Apparently not. One of the success criteria requires that the user get to theactual meaning, not a handful of choices.There is a deeper question of whether the definition given is adequate.Lexicographers usually use the rule of thumb that the definition must notcontain the term being defined (to avoid circular logic) and must be simplerin its vocabulary. Essentially you should be able to determine thatsuccessive application gets to a simple vocabulary and grammar structure.This tends to be done as a rough art, rather than an actual reductionistprocess. If someone were to offer an online electronic open Oxford EnglishDictionary it would be an interesting experiment to test it in this way.>3rd Success Criterion to test: Level 2, #3 - The meaning of all idioms in>the content can be programmatically determined.>>Test #4: go to ESL idiom page [2], highlight \"beat around the bush,\" press>control+L to activate CleverKeys.>[2] <http://www.eslcafe.com/idioms/id-list.html>>>Result #4:  It displays the result for \"beat.\"  In the results is a list of>idioms that contain the word \"beat\" - including \"beat around/about the bush>- To fail to confront a subject directly.\"><http://dictionary.reference.com/search?q=beat%20around%20the%20bush>>>Question: Does this satisfy the success criterion?  If so, is it a user>agent feature instead of an author responsibility?  If not, what more does>the author need to do - link directly to the definition of \"beat around the>bush\" instead of the general \"beat?\"Right. Identify the actual meaning in question. I think this is an examplethat shows we shouldn't necessarily consider the criteria we have as perfect.Looking at user experience and use cases to make sure is a fairly importantexercise.>4th Success Criterion to test: Level 3, #1 - The meaning of contracted>words can be programmatically determined.>>Test #5: go to cybernothing [3], highlight the word \"can't,\" press>control+L to activate CleverKeys.>[3] <http://www.cybernothing.org/>>>Result #5: The results begin with \"cant\" and further in the list is \"can't>- Contraction of cannot.\"  <http://dictionary.reference.com/search?q=can%27t>>>Question: Does this satisfy the success criterion?Apparently not, since it can't distinguish beteween cant and cannot, it isleaving it to the user to do so. Some people may regard considering this as aproblem as mere cant, and there is certainly a legitimate discussion to behad on whether the success criteria in the draft are in fact good enough.>Language questions:>1. Are there similar tools and dictionaries that are freely available in>other languages?There are tools available in a number of languages, but not necessarily free,and the quality of the tools (most particularly the content of thediciotnaries and thesauri they rely on) is a critically importantconsideration.>2. Assuming there are similar tools for Dutch, how would the results differ>for Dutch words that are aggregates of words? As with idioms, will tools>look for the meaning of each separate word?>3.  What about Japanese?  Hebrew? Spanish? Arabic?  German? French?  Are>there similar tools for these languages?  What issues would tools have in>other languages?Yes there are tools for many of these languages, probably all, and many otherlanguages besides. I have used them for Portuguese, Russian, Japanese,Chinese, Hebrew, Maori, Spanish, Italian, French, German, and I have writtenthem for the Yolngu Matha languages of North-East Arnhem Land, in NorthernAustralia. The issues are the quality of the information available (Welsh isa different case to Vietnamese, which is spoken by about ten thousand timesas many people), access to fonts, availability of encodings (especially forthings like symbol languages, sign languages, and little languages like theYolngu Matha group - 31 related languages, fewer than 10,000 speakers many ofwhom speak 4 or 5 yolngu languages and nothing else), etc. Mostly i18nissues.>4. If automatic lookup of words works for some languages and not others,>how do we create guidelines that will apply across languages?My suggestion hasn't changed over the last few years. Languages should betreated like different technologies, so that language-specific questions canbe drawn out according to language, with appropriate success criteria.>5. If the tools are possible, but not available today, do we write \"lowest>common denominator\" guidelines that apply across all languages, or do we>have different guidelines depending on tools available today?I believe the best approach is to write general guidelines. There aretechniques that put all the responsibility on the author (such asannotea-type solutions, or the related GRDDL/SWAP-type approach) to checkthat they have resolved the problem for their particular case. In some casesit seems we can offer the author some easier steps to solve the problem,using existing work. If there was a functional tools group one could developtools that would automatically test a lot of this stuff (I know of such toolsthat actually exist for specific use cases).There are a massive number of languages in use today. Groups like the SummerInsititue of Linguistics (If I recall, their goal is to at least get thebible translated into every language - that implies quite a large resourcebecoming available, which is heavily studied and cross referenced so it canserve as a basis for automatic generation of a large but specific dictionaryand some basic grammar) track those which are being used. I think the best wecan do (especially in a group that is mostly monolingual) is determine therequirements in abstract terms and provide models for people to producetechnology-specific (in this case language-specific) requirements that aremore detailed. This has implications for any conformance scheme we produce...>6. Is user agent support a sufficient technique?Is there any evidence to suggest that it works effectively in the generalcase? Do we require that people use a particular tool? These are much moregeneral questions that the working group needs to at least shape an answer tobefore it is possible to give one for this specific case. I think in thecurrent circumstance tha answer is probably \"no\", but there are a range of\"middleware solutions\" available so the author doesn't actually ahve to gothrough the entire document marking words, in most cases.cheersChaals",
            "docno": "lists-072-9577774",
            "received": "Mon Mar 22 19:46:02 2004",
            "isoreceived": "20040323004602",
            "sent": "Mon, 22 Mar 2004 19:46:02 -0500 (EST)",
            "isosent": "20040323004602",
            "name": "Charles McCathieNevile",
            "email": "charles@w3.org",
            "subject": "Re: CleverKeys, dictionary.com and &quot;programmatically located&quot;",
            "id": "Pine.LNX.4.55.0403221846540.21544@homer.w3.org",
            "charset": "US-ASCII",
            "inreplyto": "5.2.0.9.2.20040318183056.01e5e398&#64;localhost",
            "expires": "-1",
            "to": " Wendy A Chisholm<wendy@w3.org>\n",
            "cc": " WAI GL<w3c-wai-gl@w3.org>,nabe@lab.twcu.ac.jp\n"
        },
        {
            "body": "Charles, thanks for highlighting the difficulty you experienced ininterpreting the success criteria under 3.1; I'll see if I can come upwith a statement that specifies the intent more clearly; then we canargue about whether that *should* be what we intend or not...John\"Good design is accessible design.\"Please note our new name and URL!John Slatin, Ph.D.Director, Accessibility InstituteUniversity of Texas at AustinFAC 248C1 University Station G9600Austin, TX 78712ph 512-495-4288, f 512-495-4524web http://www.utexas.edu/research/accessibility/-----Original Message-----From: w3c-wai-gl-request@w3.org [mailto:w3c-wai-gl-request@w3.org] OnBehalf Of Charles McCathieNevileSent: Tuesday, March 23, 2004 6:18 pmSubject: RE: CleverKeys, dictionary.com and \"programmatically located\"We seem to have a disagreement of degree on what \"the rough direction\"means. Anyway, I certainly misunderstood the success criteria despitetrying carefully to read them and test them. I still think that impliesthat they are not clearly enough specifying what they mean.Perhaps having examples in the techniques would help.We almost certainly have a disagreement about whether pointing to thecorrect definition is required. And I am not convinced that it would bemessy to make that happen - in the same way as it turns out that youdon't need to mark up each word to get to a dictionary entry for them.It seems tht as a group our understanding of this technology is stillpretty basic, so we might be making unjustifiable assumptions about it,and basing decisions on those.cheersChaalsOn Tue, 23 Mar 2004, Gregg Vanderheiden wrote:>It doesn't just point you in a rough direction.>It points you to the definition - like the definition in a dictionary.>>It doesn't tell you which definition is the one to use - but it would>be more that pointing you in a rough direction.>>The reason we didn't specify that the individual definition be>indicated is that it would require that each word with multiple>definitions be marked up. That would be a mess.",
            "docno": "lists-072-9695139",
            "received": "Wed Mar 24 09:17:21 2004",
            "isoreceived": "20040324141721",
            "sent": "Wed, 24 Mar 2004 08:15:29 -0600",
            "isosent": "20040324141529",
            "name": "John M Slatin",
            "email": "jslatin@mail.utexas.edu",
            "subject": "RE: CleverKeys, dictionary.com and &quot;programmatically located&quot;",
            "id": "C46A1118E0262B47BD5C202DA2490D1A0183ACBF@MAIL02.austin.utexas.edu",
            "charset": "US-ASCII",
            "inreplyto": "CleverKeys, dictionary.com and &quot;programmatically located&quot;",
            "expires": "-1",
            "to": " Gregg Vanderheiden\n",
            "cc": " 'Wendy A Chisholm'; 'WAI GL'; nabe@lab.twcu.ac.jp\n"
        },
        {
            "body": "hi,> Language questions:> 1. Are there similar tools and dictionaries that are> freely available in other languages?i can't rule out that there are arabic ones because there has been anincrease in online participation lately (at least in egypt) but i havenot been able to find any by searching and by asking around.> 2. Assuming there are similar tools for Dutch, how> would the results differ for Dutch words that are> aggregates of words? As with idioms, will tools> look for the meaning of each separate word?fyi, german is also an \"aggregate\" language and the lookups seem to workquite well. \"liebesbrief\" is correctly separated into \"love letter\"while \"schreibtisch\" (writing table) is correctly kept as \"desk\" and notseparated.> 3.  What about Japanese?  Hebrew? Spanish? Arabic?> German? French?  Are there similar tools for these> languages?  What issues would tools have in other> languages?looking up single arabic words in a dictionary or even for translationis not a difficult issue. but in a context, for example grammarcheckers, the tools have a lot of difficulties due to the built up ofthe language.> 4. If automatic lookup of words works for some> languages and not others, how do we create> guidelines that will apply across languages?don't know. is automatic lookup available on all user agents? at thehotel i had webTV and the browser did not even accept cookies or workwith https...> 5. If the tools are possible, but not available> today, do we write \"lowest common denominator\"> guidelines that apply across all languages, or> do we have different guidelines depending on> tools available today?how about: if the authors can identify tools and make them available tothe users (either by user agent support or by providing links to thetools) then they have fulfilled the guideline, if there are no toolsavailable (or the tools do not provide sufficient quality) then theyshould provide a glossary for at least the keywords.of course judging the quality of the tools as well as determining thekeywords will not be something easily testable but this might still be abetter approach than lowering the threshold for all languages.> 6. Is user agent support a sufficient technique?no, i don't think so. as user agents progress and support moreaccessibility they will deprecate some checkpoints or guidelines but inmy opinion this feature has not yet matured in enough user agents.regards,shadi",
            "docno": "lists-072-9628485",
            "received": "Tue Mar 23 11:30:23 2004",
            "isoreceived": "20040323163023",
            "sent": "Tue, 23 Mar 2004 17:30:21 +0100",
            "isosent": "20040323163021",
            "name": "Shadi Abou-Zahra",
            "email": "shadi@w3.org",
            "subject": "RE: CleverKeys, dictionary.com and &quot;programmatically located&quot;",
            "id": "00bc01c410f4$244ff120$5302010a@K2",
            "charset": "iso-8859-1",
            "inreplyto": "5.2.0.9.2.20040318183056.01e5e398&#64;localhost",
            "expires": "-1",
            "to": "\"'Wendy A Chisholm'\"<wendy@w3.org>,<w3c-wai-gl@w3.org>\n",
            "cc": "<y.p.hoitink@heritas.nl>,<nabe@lab.twcu.ac.jp>,<seeman@netvision.net.il>,<charles@w3.org>\n"
        },
        {
            "body": "Regrets.Today (exactly saying it was yesterday), WG2, which developedJIS X 8341-3, had a last meeting.After the meeting we went to a JAZZ bar and it was much fun. :-)--WATANABE Takayuki <nabe@lab.twcu.ac.jp>Tokyo Woman's Christian University",
            "docno": "lists-071-16577704",
            "received": "Thu Apr 22 13:08:41 2004",
            "isoreceived": "20040422170841",
            "sent": "Fri, 23 Apr 2004 02:05:54 +0900",
            "isosent": "20040422170554",
            "name": "WATANABE Takayuki",
            "email": "nabe@comm.twcu.ac.jp",
            "subject": "Regrets: Agenda   April 22th",
            "id": "20040423015728.188B.NABE@comm.twcu.ac.jp",
            "charset": "US-ASCII",
            "inreplyto": "200404210136.i3L1a0MO018455&#64;jalopy.cae.wisc.edu",
            "expires": "-1",
            "to": "w3c-wai-gl@w3.org\n",
            "cc": "nabe@lab.twcu.ac.jp\n"
        },
        {
            "body": "Regrets.  I'm sorry I cannot attend the telecon.I have a workshop that discuss how to apply Semantic Web to accessibility.Sincerely Yours--WATANABE Takayuki  <nabe@lab.twcu.ac.jp>",
            "docno": "lists-072-3501576",
            "received": "Tue May 25 20:32:21 2004",
            "isoreceived": "20040526003221",
            "sent": "Wed, 26 May 2004 09:31:40 +0900",
            "isosent": "20040526003140",
            "name": "WATANABE Takayuki",
            "email": "nabe@comm.twcu.ac.jp",
            "subject": "Regrets Re: FW: Agenda - May 27, 2004",
            "id": "m3u0y4owpf.wl@nabeZ.comm.twcu.ac.jp",
            "charset": "US-ASCII",
            "inreplyto": "auto-000047175395&#64;spamarrest.com",
            "expires": "-1",
            "to": "<w3c-wai-gl@w3.org>\n"
        },
        {
            "body": "There seems to be some confusion between \"located\" and \"determined\" asdefined in the latest draft,\"Located\" includes finding the proper definition in a list of definitions.It does not require that the proper definition be indicated.\"Determined\" is a tougher requirement.  It means that the specificdefinition is indicated.\"Located\" does not let you determine the exact meaning unless there is onlyone meaning for a word.Gregg-- ------------------------------Gregg C Vanderheiden Ph.D.Professor - Ind. Engr. & BioMed Engr.Director - Trace R & D CenterUniversity of Wisconsin-Madison",
            "docno": "lists-072-9608610",
            "received": "Tue Mar 23 02:07:21 2004",
            "isoreceived": "20040323070721",
            "sent": "Mon, 22 Mar 2004 23:08:18 -0600",
            "isosent": "20040323050818",
            "name": "Gregg Vanderheiden",
            "email": "gv@trace.wisc.edu",
            "subject": "RE: CleverKeys, dictionary.com and &quot;programmatically located&quot;",
            "id": "200403230508.i2N58NML022007@jalopy.cae.wisc.edu",
            "charset": "us-ascii",
            "inreplyto": "Pine.LNX.4.55.0403221846540.21544&#64;homer.w3.org",
            "expires": "-1",
            "to": "\"'Charles McCathieNevile'\"<charles@w3.org>,\"'Wendy A Chisholm'\"<wendy@w3.org>\n",
            "cc": "\"'WAI GL'\"<w3c-wai-gl@w3.org>,<nabe@lab.twcu.ac.jp>\n"
        }
    ]
}