{
    "id": "candidate-0360",
    "name": "Arthur Ryman",
    "gender": "MALE",
    "email": "ryman@ca.ibm.com",
    "mails": [
        {
            "body": "Here is a proposal for the features and properties associated with thehttp binding and soap http binding, based on discussion with Arthur.abstract level:The goal of defining them at the abstract level as well would be toprovide a hint to the implementation. Their use is notrequired. Mapping XML Schema complexType into an HTTP GET won't bedone. Of course, you can serialize the Infoset in the URI but who wouldlike to use those uris? Based on the abstract feature, one candetermine if a result is cachable for example, even if an HTTP POST isused underneath.featurename http://www.example.org/CRUDpropertyname: http://www.example.org/methodvalue space: create | retrieve | update | deleteHTTP binding:featurehttp://www.example.org/2003/03/http/web-methodpropertyname: http://www.example.org/2003/03/http/web-method/methodvalue space: PUT | GET | POST | DELETESOAP HTTP binding:featurehttp://www.w3.org/2002/12/soap/features/web-method/propertyname: http://www.w3.org/2002/12/soap/features/web-method/Methodvalue space: PUT | GET | POST | DELETEDo we need to invent a new feature for the HTTP binding? Well, notreally, but it would be good if people don't associate systematicallythe SOAP Web Method Feature with SOAP itself. It's more a feature thatneeds to be attached to HTTP imho but the URI used does not reflectthat.Philippe",
            "docno": "lists-027-11050338",
            "received": "Wed Mar 26 16:45:08 2003",
            "isoreceived": "20030326214508",
            "sent": "26 Mar 2003 16:44:47 -0500",
            "isosent": "20030326214447",
            "name": "Philippe Le Hegaret",
            "email": "plh@w3.org",
            "subject": "FnP for HTTP binding and SOAP HTTP binding",
            "id": "1048715087.7786.308.camel@jfouffa.w3.org",
            "expires": "-1",
            "to": "public-ws-pnf-tf@w3.org, Glen Daniels<gdaniels@macromedia.com>\n",
            "cc": " Arthur Ryman<ryman@ca.ibm.com>\n"
        },
        {
            "body": "Sounds good. What about adding the following feature, to cover settingHTTP header fields, which we've postponed[1] until features were available?HTTP binding:featurehttp://www.example.org/2003/03/http/header-fieldpropertyname: http://www.example.org/2003/03/http/header-field/nametype: xsd:stringpropertyname: http://www.example.org/2003/03/http/header-field/valuetype: xsd:stringWe could also generalize this features for any protocol, not just HTTP,i.e. define it at the abstract level.Jean-Jacques.[1] http://lists.w3.org/Archives/Public/www-ws-desc/2002Sep/0050.htmlPhilippe Le Hegaret wrote:> Here is a proposal for the features and properties associated with the> http binding and soap http binding, based on discussion with Arthur.>> abstract level:>>  The goal of defining them at the abstract level as well would be to>  provide a hint to the implementation. Their use is not>  required. Mapping XML Schema complexType into an HTTP GET won't be>  done. Of course, you can serialize the Infoset in the URI but who would>  like to use those uris? Based on the abstract feature, one can>  determine if a result is cachable for example, even if an HTTP POST is>  used underneath.>>  feature>   name http://www.example.org/CRUD>>  property>   name: http://www.example.org/method>   value space: create | retrieve | update | delete>> HTTP binding:>  feature>    http://www.example.org/2003/03/http/web-method>    property>     name: http://www.example.org/2003/03/http/web-method/method>     value space: PUT | GET | POST | DELETE>> SOAP HTTP binding:>  feature>   http://www.w3.org/2002/12/soap/features/web-method/>    property>     name: http://www.w3.org/2002/12/soap/features/web-method/Method>     value space: PUT | GET | POST | DELETE>> Do we need to invent a new feature for the HTTP binding? Well, not> really, but it would be good if people don't associate systematically> the SOAP Web Method Feature with SOAP itself. It's more a feature that> needs to be attached to HTTP imho but the URI used does not reflect> that.>> Philippe",
            "docno": "lists-027-11069307",
            "received": "Fri Mar 28 07:21:26 2003",
            "isoreceived": "20030328122126",
            "sent": "Fri, 28 Mar 2003 13:21:10 +0100",
            "isosent": "20030328122110",
            "name": "Jean-Jacques Moreau",
            "email": "jean-jacques.moreau@crf.canon.fr",
            "subject": "Re: FnP for HTTP binding and SOAP HTTP binding",
            "id": "3E843E36.7020200@crf.canon.fr",
            "charset": "us-ascii",
            "inreplyto": "1048715087.7786.308.camel&#64;jfouffa.w3.org",
            "expires": "-1",
            "to": " Philippe Le Hegaret<plh@w3.org>\n",
            "cc": "public-ws-pnf-tf@w3.org, Glen Daniels<gdaniels@macromedia.com>, Arthur Ryman<ryman@ca.ibm.com>\n"
        }
    ]
}