{
    "id": "candidate-0490",
    "name": "Henk Snetselaar",
    "gender": "MALE",
    "email": "h.snetselaar@bartimeus.nl",
    "mails": [
        {
            "body": "Hello,This message comes to you from the W3C WAI (World Wide Web ConsortiumWeb Accessibility Initiative) report tool at http://www.w3.org/WAI/report.URL: www.bartimeus.nlDate: Fri Jun  9 03:15:36 2000Your web site has been found to have to one or more accessibility problems.This is not an automatic evaluation. This message is the result of anindividual's review of your page or site (refer to the cc: field). Thisperson experienced difficulty accessing your page either due to a disability(visual, auditory, physical, or cognitive) or due to device limitations(poor connection bandwidth, no support for graphics or support turned off,a voice interface such as a webphone, etc.). Please consider their commentsbelow.The reviewer found the following accessibility problems with yourpage or site. Each item is followed by a link to relevant informationin the Web Content Accessibility Guidelines 1.0 (that you can find athttp://www.w3.org/TR/WAI-WEBCONTENT):Missing text links for a server-side Image Map(Refer to Checkpoint 1.2)Your name and the url of your page, along with the names of otherpage reviewed using this tool, have been entered in a W3C WAI databasethat we maintain (currently implemented as an archived mailing listvisible at http://lists.w3.org/Archives/Public/wai-report-db).Please take the time to review this report and take actionon the problems reported. If you have questions, please notify usat mailto:wai-report@w3.org, so that we can re-evaluate your page.Note. These comments were made by someone who visited your Website who may not be affiliated with W3C or the WAI. For this reason,WAI does not take responsibility for the accuracy of this report northe comments made in the report. For more information about the W3CWeb Accessibility Initiative please visit http://www.w3.org/WAI.Regards,From Henk Snetselaarusing the W3C WAI Accessibility Initiative Report Tool",
            "docno": "lists-087-5768257",
            "received": "Fri Jun  9 03:20:50 2000",
            "isoreceived": "20000609072050",
            "sent": "Fri, 9 Jun 2000 03:17:30 -0400 (EDT)",
            "isosent": "20000609071730",
            "name": "wai-report@w3.org",
            "email": "wai-report@w3.org",
            "subject": "WAI Report on www.bartimeus.nl",
            "id": "200006090717.DAA05759@www19.w3.org",
            "expires": "-1",
            "to": "h.snetselaar@bartimeus.nl\n",
            "cc": "wai-report-db@w3.org,wai-report@w3.org\n"
        },
        {
            "body": "Hello,This message comes to you from the W3C WAI (World Wide Web ConsortiumWeb Accessibility Initiative) report tool at http://www.w3.org/WAI/report.URL: www.bartimeus.nlDate: Fri Jun  9 03:15:36 2000Your web site has been found to have to one or more accessibility problems.This is not an automatic evaluation. This message is the result of anindividual's review of your page or site (refer to the cc: field). Thisperson experienced difficulty accessing your page either due to a disability(visual, auditory, physical, or cognitive) or due to device limitations(poor connection bandwidth, no support for graphics or support turned off,a voice interface such as a webphone, etc.). Please consider their commentsbelow.The reviewer found the following accessibility problems with yourpage or site. Each item is followed by a link to relevant informationin the Web Content Accessibility Guidelines 1.0 (that you can find athttp://www.w3.org/TR/WAI-WEBCONTENT):Missing text links for a server-side Image Map(Refer to Checkpoint 1.2)Your name and the url of your page, along with the names of otherpage reviewed using this tool, have been entered in a W3C WAI databasethat we maintain (currently implemented as an archived mailing listvisible at http://lists.w3.org/Archives/Public/wai-report-db).Please take the time to review this report and take actionon the problems reported. If you have questions, please notify usat mailto:wai-report@w3.org, so that we can re-evaluate your page.Note. These comments were made by someone who visited your Website who may not be affiliated with W3C or the WAI. For this reason,WAI does not take responsibility for the accuracy of this report northe comments made in the report. For more information about the W3CWeb Accessibility Initiative please visit http://www.w3.org/WAI.Regards,From Henk Snetselaarusing the W3C WAI Accessibility Initiative Report Tool",
            "docno": "lists-087-9371348",
            "received": "Fri Jun  9 03:20:51 2000",
            "isoreceived": "20000609072051",
            "sent": "Fri, 9 Jun 2000 03:17:30 -0400 (EDT)",
            "isosent": "20000609071730",
            "name": "wai-report@w3.org",
            "email": "wai-report@w3.org",
            "subject": "WAI Report on www.bartimeus.nl",
            "id": "200006090717.DAA05759@www19.w3.org",
            "expires": "-1",
            "to": "h.snetselaar@bartimeus.nl\n",
            "cc": "wai-report-db@w3.org,wai-report@w3.org\n"
        }
    ]
}