{
    "id": "candidate-0432",
    "name": "Enrico Franconi",
    "gender": "MALE",
    "email": "franconi@inf.unibz.it",
    "mails": [
        {
            "body": "> We stated that with some axioms, the use of OWL with> inferencing algorithms can maintain the logical consistency, and answer> cross ontology queries (which was the original question).  I think Jim> &> Bijan did a good job discussing the issues.  We do have tools that> allow> some use of algorithms that do indeed suggest bridging axioms and> generate> the appropriate OWL, but due to the different nature of these> algorithms> (probabilistic among other techniques) as opposed to OWL-DL (deductive> logic), we advise some person-in-the loop work to ensure continuity.> Again, once checked, cross ontology reasoning and querying works fine.>  In> addition, the precision of these algorithms is greatly increased if> constrained within domains (i.e, not trying to compare a bookselling> webservice with a type of cancer, but only against other e-commerce> services)I'm new to this thread of discussion, so I don't know whether somebodyalready replied to this question.The question is the following. We all know that the problem of queryanswering cross ontology queries is a tough problem (in terms ofdevising a proper algorithm and in terms of data complexity). It isalready very tough the problem of correctly answering queries by justhaving one ontology (even in OWL-LITE). Can you tell the details of thetechnology that you use to answer such queries (you mention deductivetechniques)? Which theoretical results are you applying?  Which are theassumptions on the query language, the ontology language, the mappingrules language and semantics, the nature of the data (OWA or CWA),sound or exact views over the data? If the query answering algorithm isnot complete, which are the answers that it would miss, and which werethe design decisions that led you to have an incomplete algorithm?cheers--e.Enrico Franconi                  - franconi@inf.unibz.itFree University of Bozen-Bolzano - http://www.inf.unibz.it/~franconi/Faculty of Computer Science      - Phone: (+39) 0471-315-642I-39100 Bozen-Bolzano BZ, Italy  - Fax:   (+39) 0471-315-649",
            "docno": "lists-022-4898929",
            "received": "Fri Dec 19 05:32:44 2003",
            "isoreceived": "20031219103244",
            "sent": "Fri, 19 Dec 2003 11:29:02 +0100",
            "isosent": "20031219102902",
            "name": "Enrico Franconi",
            "email": "franconi@inf.unibz.it",
            "subject": "Re: Cross-ontologies reasoning",
            "id": "2A0CF485-320E-11D8-9D76-000A9575BDDE@inf.unibz.it",
            "charset": "US-ASCII",
            "inreplyto": "06001f14bc079814e1a6@[192.168.1.11]",
            "expires": "-1",
            "to": " public-sws-ig@w3.org\n",
            "cc": " jack@networkinference.comTo: public-sws-ig@w3.org\n"
        }
    ]
}