{
    "id": "candidate-0451",
    "name": "Natasha Noy",
    "gender": "FEMALE",
    "email": "noy@smi.stanford.edu",
    "mails": [
        {
            "body": "Dear all,[short email, as I'm officially on holiday]Today W3C has announced the new Semantic Web Activity, including theBest Practices Working Group, see:http://www.w3.org/2003/12/swa/swbpd-charterThe public mailing list ispublic-swbp-wg@w3.orgwith an archive at:http://lists.w3.org/Archives/Public/public-swbp-wg/Ralph, could you confirm we should be using this mailing list from now on?Best, GuusGuus Schreiber wrote:> Deal colleagues,>> You have registered as participant for the Tech Plenary kick-off meeting> of the Semantic Web Best Practices and Deployment Working Group (SWBPD).>  Information about the meeting can be found at:>>   http://www.w3.org/2004/03/04-SWBPD>> The agenda will be updated shortly. I've attached the latest update.>> In preparation for this meeting, we would welcome if you could do two> things:> * Check the list of reading material to see if you need to do some> background reading> * Prepare a (very short) \"lightning talk\" of 5 minutes for the morning> session on Thursday. Suggested content: your top-3 priority list for> best practices.>> Looking forward to  see you all in Cannes.>> Guus Schreiber> also on behalf of Ralph Swick>> PS. I will have limited or no connectivity in the period 23-29 Feb, so> please contact Ralph in case of urgent matters. I will arrive in Cannes> Monday lunch time.>>>>> ------------------------------------------------------------------------>>>       Thursday 4 March>> MORNING SESSION>> 9.00 - 9.15> Welcoime by Guus Schreiber (chair) and Ralph Swick (team contact)>> 9.15. - 10.00> Introductory round> (all partocipants)>> 10.00 - 10.30> Wht is expected of this Wprking group? Introduction into some relevant> W3C process issues (see also the reading material).> (Ralph Swick)>> 10.30 - 11.00> Coffee break>> 11.00 - 12.30> Flash talks by participants? Partcipants are asked to prepare a very> short (5 min) talk on their top-three priority list for this BPD Working> Group.> (all)>> 12.30 - 12.45> Creative Commons use of OWL> (Ben Adida)>> 12.45 - 14.00> Lunch break>> AFTERNOON SESSION>> Discussion of the four focus areas described in the charter (see link> below).>> Goal: priority list of short-term (6 months) and longer-term WG gaosl.>> 14.00 - 14.45> Focus 1: Supporting initiatives for publishing ontologies / vocabularies>> 14.45 - 15.30> Focus 2: FAQs and how-to-do-it guidelines>> 15.30 - 16.00> Coffee break>> 16.00 - 16.45> Focus 3: Repository of tools and demo applications>> 16.45 - 17.30> Focus 4: Links to related techniques>>>       Friday 5 March>> MORNING SESSION>> Discussion on short-term task firces:>> 09:00 - 10:30> RDF-XHTML task force. Includes presentation on GRDDL by Dominique> Haza?l-Massieux / Dan Connolly.>> 10.30 - 11.00> Coffee break>> 11.00 - 12.30>>     * Possible task force: Porting Thesaurii to the Semantic Web (45 min)>     * Task force TDB from Thursday afternoon (45 min)>> 12.30 - 14.00> Lunch break>> AFERNOON SESSION>> 14.00 - 15.00> Planning session for:>>     * task forces>     * telecons>     * next f2f>",
            "docno": "lists-021-15669435",
            "received": "Thu Feb 26 11:41:50 2004",
            "isoreceived": "20040226164150",
            "sent": "Thu, 26 Feb 2004 17:29:42 +0100",
            "isosent": "20040226162942",
            "name": "Guus Schreiber",
            "email": "schreiber@cs.vu.nl",
            "subject": "Re: Tech Plenary: agenda Best Practices",
            "id": "403E1EF6.5030609@cs.vu.nl",
            "charset": "ISO-8859-1",
            "inreplyto": "4038D5D8.9010800&#64;cs.vu.nl",
            "expires": "-1",
            "to": " Jim Hendler<hendler@cs.umd.edu>, Dan Brickley<danbri@w3.org>, Patrick Stickler<patrick.stickler@nokia.com>, Jeremy Carroll<jjc@hpl.hp.com>, Brian McBride<bwm@hplb.hpl.hp.com>, Dave Beckett<dave.beckett@bristol.ac.uk>, Jos de Roo<jos.deroo@agfa.com>, Liddy Nevile<liddy@motile.net>, Bernard Vatant<bernard.vatant@mondeca.com>, Mike Uschold<michael.f.uschold@boeing.com>, Christopher Welty<welty@us.ibm.com>, Ben Adida<ben@creativecommons.org>, Oscar Corcho<ocorcho@fi.upm.es>,\"Ralph R. Swick\"<swick@w3.org>\n",
            "cc": " Aldo Gangemi<gangemi@ip.rm.cnr.it>, Nicola Guarino<guarino@loa-cnr.it>, LEGER Alain FTRD/DMI/REN<alain.leger@francetelecom.com>, Deborah McGuinness<dlm@KSL.Stanford.EDU>, Natasha Noy<noy@smi.stanford.edu>, SWBPD<public-swbp-wg@w3.org>\n"
        },
        {
            "body": "Guus, NatashaHere is version 2 of the Lists of Values note I hope in W3 format.   I hope it is ready for release as a first working draft with the first batch. If there are further references which should be added or other tweaks please feel free to do so.  I have tried to take into account all of Guus' and Natasha's comments.  Also, given Natasha's helpful comments, I would be happy to see her name added to the editors list.  (I'd missed her comments on the first pass in recovering from an email crash.)I have included the powerpoint file from which the .jpg files were created in case anyone wants to tweak those.If the trains are on time, I may make it for the end of the next telcon.  If not (which is more probable) I shall be in a mobile phone black hole; so good luck.Note that I shall have variable email links for the next two weeks but should have some contact although little time.RegardsAlanGuus Schreiber wrote:> Alan Rector wrote:>> > All> >> > While at Stanford, Natasha and I also discussed the issues of representing>  > lists of values, either as partitioning classes or as all different>  > individuals.> >> > I have now put a short paper at>  > http://www.cs.man.ac.uk/~rector/swbp/lists_of_values_v0_1.html>  > and a pdf version at>  > http://www.cs.man.ac.uk/~rector/swbp/lists_of_values_v0_1.pdf .> >> > (There are some odd glitches in the styles, and the html doesn't always> > print out correctly although it comes out fine on the screen,>  > at least on my machine.)>> Just got around to reading this. Well put. I agree that approach 1 is> counterintuitive for many, but works often best in semantic-web practice> (also without the OWL DL / reasoner arguments).>> Actually, we do exactly the same in our solution to the \"classes as> values\" issue, see my initial response to Bernard:>>   Excerpt from:>   http://lists.w3.org/Archives/Public/public-swbp-wg/2004JanMar/0152.html> [[> Assume we have a painting for which> we want to define the style/period value of \"Cubism\". Cubism is a class> in one of the subtrees, so it would not be a legal value. Instead, we> store an anonymous instance of \"cubism\". In fact, there is something to> be said for this solution: the style of a painting is not cubism but> some expression of cubism. Likewise, a painting is not \"blue\" but some> expression of blue.> ]]>> We also use it, like Alan, to handle partitions of the value space, e.g.> analytic and synthetic cubism.>> I have a naming suggestion. \"Tall\" in approach 1 is in fact> fundamentally different from \"Tall\" in approach 2. It may be better to> talk about \"Tall value\" in approach 1. This makes also clear why there> is a subclass relation between \"height value\" and \"tall value\" and not> an instance relation.>> Guus>> >> > Natasha and I had some discussion of titles and what to call things.>  > I settled for the paper on \"lists of values\" as neutral with>  > \"value partitions\" for the version using classes and \"value sets\">  > or the version using individuals.  Further suggestions welcome if>  > we can make clear what the purpose is.> >> >> >> > --> > Alan L Rector> > Professor of Medical Informatics> > Department of Computer Science> > University of Manchester> > Manchester M13 9PL, UK> > TEL: +44-161-275-6188/6149/7183> > FAX: +44-161-275-6236/6204> > Room: 2.88a, Kilburn Building> > email: rector@cs.man.ac.uk> > web: www.cs.man.ac.uk/mig> >         www.opengalen.org> >         www.clinical-escience.org> >> >>> --> Free University Amsterdam, Computer Science> De Boelelaan 1081a, 1081 HV Amsterdam, The Netherlands> Tel: +31 20 444 7739/7718> E-mail: schreiber@cs.vu.nl> Home page: http://www.cs.vu.nl/~guus/--Alan L RectorProfessor of Medical InformaticsDepartment of Computer ScienceUniversity of ManchesterManchester M13 9PL, UKTEL: +44-161-275-6188/6149/7183FAX: +44-161-275-6236/6204Room: 2.88a, Kilburn Buildingweb: www.cs.man.ac.uk/migwww.opengalen.orgwww.clinical-escience.orgapplication/x-unknown-content-type-WinZip attachment: lists-of-values-2.zip",
            "docno": "lists-022-2423086",
            "received": "Sun Jun 13 12:29:49 2004",
            "isoreceived": "20040613162949",
            "sent": "Sun, 13 Jun 2004 17:29:11 +0100",
            "isosent": "20040613162911",
            "name": "Alan Rector",
            "email": ": rector@cs.man.ac.uk",
            "subject": "Re: Lists of Values  [OEP}",
            "id": "40CC80D7.2F73952A@cs.man.ac.uk",
            "charset": "us-ascii",
            "inreplyto": "40C8673B.2090006&#64;cs.vu.nl",
            "expires": "-1",
            "to": " Guus Schreiber<schreiber@cs.vu.nl>, Natasha Noy<noy@smi.stanford.edu>\n",
            "cc": " best-practice<public-swbp-wg@w3.org>\n"
        },
        {
            "body": "* APOLOGIES IF YOU RECEIVE THIS MESSAGE MORE THAN ONCE *The International Semantic Web Conference (ISWC) is the primaryscientific event in the area of Semantic Web Research.The 3rd International Semantic Web Conference(ISWC2004)<http://iswc2004.semanticweb.org>will take place 7-11 November 2004, Hiroshima, Japan.Sunday 7 November will be devoted to tutorials,Monday 8 November will be devoted to workshops.WE ARE NOW SOLLICITING PROPOSALS FOR WORKSHOPS AND TUTORIALS.TUTORIALS---------can be either half day or full day, with full day tutorialsexpected to include hands on exercises for the participants.Proposals should be up to 5 pages describing:- A brief description of goals, outline and justification of the tutorial- type of hands on activities proposed (for full day tutorials only)- contact information of tutorial presenters- short CV of tutorial presenters- description of proposed support material to be used- requirements for audio-visual supportTutorial proposals must be submitted toVipul Kashyap <kashyap@nlm.nih.gov> andTakahira Yamaguchi <yamaguti@cs.inf.shizuoka.ac.jp>before May 7.Please consult <http://iswc2004.semanticweb.org/CF/cft.php>for more details.WORKSHOPS---------can also be either full day or half day.Proposals should be up to 3 pages, describing:- title and technical goals of the workshop- a motivation why the topic of the workshop is timely- a description of the intended audience for the workshop- a description of the intended format of the conference- indication of half day or full day format- a list of related workshops at other events in recent years- contact information of the proposed workshop organisersWorkshop proposals should be submitted toNatasha Noy <noy@smi.stanford.edu>before March 18.Please consult <http://iswc2004.semanticweb.org/CF/cfw.php>for more details",
            "docno": "lists-022-7998319",
            "received": "Sat Feb 28 04:44:55 2004",
            "isoreceived": "20040228094455",
            "sent": "Sat, 28 Feb 2004 18:46:30 +0900",
            "isosent": "20040228094630",
            "name": "Akiko Inaba",
            "email": "na@ei.sanken.osaka-u.ac.jp",
            "subject": "CALL FOR PROPOSALS ISWC2004 (Semantic Web)",
            "id": "200402280946.AA03619@pc304.ei.sanken.osaka-u.ac.jp",
            "charset": "us-ascii",
            "expires": "-1",
            "to": " ina@ei.sanken.osaka-u.ac.jp\n"
        },
        {
            "body": "> From: Natasha Noy <noy@SMI.Stanford.EDU>> Date: Wed, 24 Mar 2004 10:26:00 -0800> To: \"Bernard Vatant\" <bernard.vatant@mondeca.com>> Cc: SWBPD <public-swbp-wg@w3.org>>>>>Are there other concrete experience on that, not only theoretical>>considerations? Seems>>like there are not so many people exploring the terminology-ontology>>interoperability. Or>>are they?>> I am not sure if Bernard's concern is only about subject hierarchies> or about mixing ontologies and terminologies in general. If it is the> former, than the message below is not very relevant. For the latter,> here are a few words from the experience in a number of> medical-informatics projects in our lab. In our experience, the issue> of linking ontologies and terminologies comes up often. There is no> lack of (often reasonably well-structured) controlled terminologies> in medical informatics, using them makes sense both from reusability> and interoperability perspectives. However, in our projects and their> ontologies, it inevitably led to mixing classes and instances, and we> really didn't find any practical workarounds (although admittedly we> were not wedded to DLs, so didn't look too hard).>> Consider for example clinical guidelines (again, this is a practical> example from a couple of kb-based systems here). A specific clinical> guideline (an instance of a class Clinical Guideline) represents the> tests, decisions, etc. in diagnosing and treating a particular> ailment. One of the reference terminologies used here is that of> drugs. (cf Chris's message later: a drug hierarchy is not a> partonomy, it is indeed a subclass hieararchy. You have> beta-clockers, and specific types of beta-blockers as subclasses,> etc.). So, a specific instance of a clinical guideline must refer to> classes of drugs to be prescribed. Again, at a particular step in a> guideline you want to prescribe a specific beta-blocker. But you want> this guideline to be retrieved when looking for all guidelines using> beta-blockers. Note, the guideline really refers to a class of drugs> and not a specific bottle with pills.We have had exactly the same experience in using thesauri for annotatingart  collections. For example, the value for the \"style\" property of apainting is taken by us from the AAT (Art and Architecture Thesaurus)hierarchy of styles and periods. Even for seemingly simple attributeslike \"color\" we have found this feature: we cannot treat the color valueas a simple instance from a flat value space, as color subtleties can bekey issues in art objects (e.g. porcelain) and the thesauri, like AAT,thus contain elaborate color hierarchies (e.g. vivid-pink subClassOf pink).[Note: some parts of the style/period hierarchy are in fact based onparts (periods). An important practical point however is: these thesauriare out there and they represent community consensus. Are we going todiscard them because they model the world in the \"wrong\" way?]Interestingly enough, we have also encountered some problems withputting classes as values for Dublin Core elements. The maim problem is:how do you define the value type for the Dublin Core slot. Our tool usesthis to present the annotator with the right subtrees in the thesauri tochoose a value for this slot. One way to do this is to define for everyslot a metaclass that has the top nodes of the subtrees as itsinstances. But that does not lead to the intended semanticinterpretation which is: all classes in the subtrees are valid slotfillers. In other words, there seems to be no way to express in OWL theProtege notion of \"AllowedClasses\", in which you define the value typeof a slot through a set of classes, with the intended interpretationthat all subclasses of these classes are legal slot values.The approach we have recently been using actually avoids the useclasses-as-instances. Take this example:<rdf:Property rdf:ID=\"style/period\"><rdfs:subPropertyOf rdf:resource=\"&dc;coverage\"/><rdfs:subPropertyOf rdf:resource=\"&dc;subject\"/><rdfs:domain rdf:resource=\"#VisualResource\"/><rdfs:range><owl:Class><owl:unionOf rdf:parseType=\"Collection\"><rdfs:Class rdf:resource=\"&aat;50111078\"/><rdfs:Class rdf:resource=\"&aat;50111079\"/></owl:unionOf></owl:Class></rdfs:range></rdf:Property>This is a piece of our OWL ontology for VRA [1].[NOTE: VRA is a specialization of Dublin Core for visual resources [2].The VRA spec defines the VRA elements as specialization's of DCelements. This is reflected in the OWL ontology through subproperties,thus allowing for DC's dumb-down principle. Note that if the DC elementshave been defined as OWL annotation properties, this piece of OWL isactually not OWL DL but OWL Full.]The value type of \"style/period\" (see the union) is specified herethrough the two top nodes of the relevant subtrees in the AAT hierarchy(&aat;50111078 and  &aat;50111079). Assume we have a painting for whichwe want to define the style/period value of \"Cubism\". Cubism is a classin one of the subtrees, so it would not be a legal value. Instead, westore an anonymous instance of \"cubism\". In fact, there is something tobe said for this solution: the style of a painting is not cubism butsome expression of cubism. Likewise, a painting is not \"blue\" but someexpression of blue.Sorry if this is confusing. We have had many long internal discussionsabout this, and it is difficult to summarize. Some of theseconsiderations you can also find in our KCAP'01 paper \"From thesaurus toontology\" [3]. For examples of the annotation tool see [4].Guus[1] http://www.cs.vu.nl/~guus/public/vra.owl[2] http://www.vraweb.org/vracore3.htm[3] http://www.cs.vu.nl/~guus/papers/Wielinga01a.pdf[4] http://www.cs.vu.nl/~guus/papers/Hollink03b.pdf>> I could find more examples,>> Hope this helps.>> Natasha--Free University Amsterdam, Computer ScienceDe Boelelaan 1081a, 1081 HV Amsterdam, The NetherlandsTel: +31 20 444 7739/7718E-mail: schreiber@cs.vu.nlHome page: http://www.cs.vu.nl/~guus/",
            "docno": "lists-022-0661309",
            "received": "Fri Mar 26 12:01:08 2004",
            "isoreceived": "20040326170108",
            "sent": "Fri, 26 Mar 2004 17:59:43 +0100",
            "isosent": "20040326165943",
            "name": "Guus Schreiber",
            "email": "schreiber@cs.vu.nl",
            "subject": "RE: [OPEN] and/or [PORT] : a practical question",
            "id": "4064617F.9030803@cs.vu.nl",
            "charset": "us-ascii",
            "inreplyto": "[OPEN] and/or [PORT] : a practical question",
            "expires": "-1",
            "to": "public-swbp-wg@w3.org\n",
            "cc": " Natasha Noy<noy@smi.stanford.edu>, Bernard Vatant<bernard.vatant@mondeca.com>\n"
        },
        {
            "body": "Summary: A few comments; figure 3 must be fixed but nothing else that shouldstand in the way of WD publication.1. I'm a little nervous about not considering datatypes lest it have animpact on the other approaches.  If the editors are happy the risk of thisis small, than I'm happy.2. Under General Issue it says[[3. As datatypes. Data types will more usually be used when there is aliteral, numeric or derived dfata types rather than when there is anenumerated list of values. They will not be considered further in this paperalthough a supplement may be issued.]]I'm not clear what this means.  Given the worked example is height, whichnormally has a numerical value, we should be clear there is no apparentinconsistency.  Later it says that height means qualitative height, but thisstill feels awkward to me.  An example which does not immediately conjour upqualitative values might be better.  Other possible examples might be colour(though that risks getting caught up in the complexity of colour science) orseverity.  How about the severity levels associated with errors, e.g. theJava logging values.  I'm not sure its worth the effort to change though.3. Diagramming conventionsI suppose we are aiming to have a common convention across all the notes.The diagrams are illegible in explorer on my machine, and only barely so inmozilla.  Need some adjustment.4. Caption on figure 2 is overlong.5. n3 representation of variant 1.  The comment makes the line too long.6. representation of John's height:  Suggest using a bnode rather than aURIs for these things.:Persona       owl:Class.:Johna       :Person ;:has_height [a :tall] .My N3 is ropey, so I may have got that wrong, but hopefully my intent isclear.  That is still in OWL DL, right?7. Considerations using Pattern 1: consideration about anonymous values indatabase schema.  Might be worth mentioning that RDF specific toolsimplemented on top of databases take care of this automatically.8. Pattern 2, first para, type \"tal\".9. Representation for pattern 2.This should include example instance data, e.g. for John.10. In pattern 1 I wonder about attaching an rdf:value property to aninstance of Tall_value to indicate the actual height.  If I wondered aboutit, others will and might be worth saying whether or not it's a good idea.11. I'm uncomfortable with Note1.  It suggests dropping the caps for the12. I'm concerned that the note promotes the tools used in its productiontoo strongly.  I'm uncomfortable with including stuff in the prot?g?/OWLformat.  I suggest Note 2 be turned into an acknowledgements section.Brian",
            "docno": "lists-022-2462191",
            "received": "Mon Jun 14 06:34:18 2004",
            "isoreceived": "20040614103418",
            "sent": "Mon, 14 Jun 2004 11:31:02 +0100",
            "isosent": "20040614103102",
            "name": "of class.  Is that a good idea?",
            "email": "brian.mcbride@hp.com",
            "subject": "RE: Lists of Values  [OEP}",
            "id": "E864E95CB35C1C46B72FEA0626A2E808026A12F1@0-mail-br1.hpl.hp.com",
            "charset": "iso-8859-1",
            "inreplyto": "Lists of Values  [OEP}",
            "expires": "-1",
            "to": " Alan Rector<rector@cs.man.ac.uk>, Guus Schreiber<schreiber@cs.vu.nl>, Natasha Noy<noy@smi.stanford.edu>\n",
            "cc": " best-practice<public-swbp-wg@w3.org>\n"
        }
    ]
}