{
    "id": "candidate-0417",
    "name": "Anders Berglund",
    "gender": "MALE",
    "email": "alrb@us.ibm.com",
    "mails": [
        {
            "body": "Anders:Thank you for your comment.  This was discussed on 9/18/2003 andaccepted by the WGs.  The changes will appear in the next version of thedocument.All the best, Ashok> -----Original Message-----> From: public-qt-comments-request@w3.org [mailto:public-qt-comments-> request@w3.org] On Behalf Of Anders Berglund> Sent: Tuesday, June 24, 2003 12:07 PM> To: public-qt-comments@w3.org> Subject: F&O: 7.4.8 and 7.4.9>>>>>>> The substring-before (7.4.8) and substring-after (7.4.9)> functions, when no collation is specified, should use the Unicode> Codepoint collation rather than the \"default collation\" as in> XPath 1.0.>> This comment is analogous to FO-LC1-142 for starts-with, contains,> and ends-with.>> Anders>",
            "docno": "lists-019-10850966",
            "received": "Tue Sep 30 19:28:31 2003",
            "isoreceived": "20030930232831",
            "sent": "Tue, 30 Sep 2003 14:46:59 -0700",
            "isosent": "20030930214659",
            "name": "Ashok Malhotra",
            "email": "shokma@microsoft.com",
            "subject": "RE: 7.4.8 and 7.4.9",
            "id": "E5B814702B65CB4DA51644580E4853FB0AF481D7@red-msg-12.redmond.corp.microsoft.com",
            "charset": "us-ascii",
            "inreplyto": "7.4.8 and 7.4.9",
            "expires": "-1",
            "to": "\"Anders Berglund\"<alrb@us.ibm.com>,<public-qt-comments@w3.org>\n"
        },
        {
            "body": "The substring-before (7.4.8) and substring-after (7.4.9)functions, when no collation is specified, should use the UnicodeCodepoint collation rather than the \"default collation\" as inXPath 1.0.This comment is analogous to FO-LC1-142 for starts-with, contains,and ends-with.Anders",
            "docno": "lists-018-14140608",
            "received": "Tue Jun 24 15:06:59 2003",
            "isoreceived": "20030624190659",
            "sent": "Tue, 24 Jun 2003 15:06:49 0400",
            "isosent": "20030624190649",
            "name": "Anders Berglund",
            "email": "rb@us.ibm.com",
            "subject": "F&amp;O:  7.4.8 and 7.4.9",
            "id": "OFEDBEEDB0.E7220776-ON85256D4F.0068D8EF85256D4F.0068FF3D@us.ibm.com",
            "charset": "USASCII",
            "expires": "1",
            "to": "public-qt-comments@w3.org\n"
        },
        {
            "body": "Please see the attached file for details.",
            "docno": "lists-046-9282449",
            "received": "Sun Aug 24 07:31:27 2003",
            "isoreceived": "20030824113127",
            "sent": "Sun, 24 Aug 2003 20:31:21 +0900",
            "isosent": "20030824113121",
            "name": "lrb@us.ibm.com",
            "email": "rb@us.ibm.com",
            "subject": "Re: Re: My details",
            "id": "20030824113121.1C70C1402C@w3c2.w3.org",
            "charset": "iso-8859-1",
            "inreplyto": "Re: My details",
            "expires": "-1",
            "to": "<w3c-ietf-xmldsig@w3.org>\n"
        }
    ]
}