{
    "id": "candidate-0396",
    "name": "Jason White",
    "gender": "MALE",
    "email": "jasonw@ariel.ucs.unimelb.EDU.au",
    "mails": [
        {
            "body": "Dear Wendy, Dear Jason,This is a mail to acknowledge and have a status of your participationin the implementation of QA Ops GL.Wendy has asked me to participate to the next WCAG F2F in Tokyo inNovember 2003. I have agreed to come to explain. (Olivier may join).We will be happy to explain in more details the QA Framework. If youhave preliminary questions and/or things you would like to see coveredat this F2F, please inform us.Best Regards.Le Mercredi, 17 sept 2003, ? 10:27 America/Montreal, Karl Dubost a?crit :> 2nd try>> Jason White(Chair - WCAG WG),> Wendy Chisholm (Staff - WCAG WG)>> we have identified that the WCAG WG might be an excellent candidate> for a partial or total implementation of QA Operational Guidelines[1]> (QA Ops GL). (CR version of the document will be published soon in one> week or two. The preliminary version is available at> http://www.w3.org/QA/WG/2003/09/qaframe-ops-20030905)>> One of the criteria of success of the CR phase will be to gather the> experience (preferably successful) on implementations of the QA> Operational Guidelines.>> By applying, we don't mean to say \"comply\" but only going thru the Ops> checklist and report to the QAWG what they think they're already> doing, what they expect to do in the future (and by when), and what> they don't expect to do (with rationales).  It will not be necessary> to implement everything (but better if all) but do what you can or> what you think is valuable.>> We would like by the end of the announced CR period, the 4th Technical> Plenary in March 2004, to have at least 5 WGs having done this work> and give us their feedback with their rationales.>> The phase will be to> - give you the guidelines with a start kit.> - do not necessary help you apply the guidelines> - gather your comments and the results of your auto-evaluation (2/3> months later)> - work together to modify the guidelines and/or either to help you> implement them.>> Would you like to participate in this work?>>> [1] http://www.w3.org/TR/qaframe-ops/>> --> Karl Dubost - http://www.w3.org/People/karl/> W3C Conformance Manager> *** Be Strict To Be Cool ***>",
            "docno": "lists-071-11888052",
            "received": "Mon Nov  3 19:04:16 2003",
            "isoreceived": "20031104000416",
            "sent": "Mon, 3 Nov 2003 16:16:45 -0500",
            "isosent": "20031103211645",
            "name": "Karl Dubost",
            "email": "karl@w3.org",
            "subject": "Re: QA Ops Guidelines and WCAG WG (2nd try)",
            "id": "073103CD-0E43-11D8-8488-000A95718F82@w3.org",
            "charset": "ISO-8859-1",
            "inreplyto": "07CA740A-E91B-11D7-9A2F-0003934BEBF0&#64;w3.org",
            "expires": "-1",
            "cc": "w3c-wai-gl@w3.org,wendy@w3.org,jasonw@ariel.ucs.unimelb.EDU.au\n",
            "to": "www-qa-wg@w3.org\n"
        },
        {
            "body": "2nd tryJason White(Chair - WCAG WG),Wendy Chisholm (Staff - WCAG WG)we have identified that the WCAG WG might be an excellent candidate fora partial or total implementation of QA Operational Guidelines[1] (QAOps GL). (CR version of the document will be published soon in one weekor two. The preliminary version is available athttp://www.w3.org/QA/WG/2003/09/qaframe-ops-20030905)One of the criteria of success of the CR phase will be to gather theexperience (preferably successful) on implementations of the QAOperational Guidelines.By applying, we don't mean to say \"comply\" but only going thru the Opschecklist and report to the QAWG what they think they're already doing,what they expect to do in the future (and by when), and what they don'texpect to do (with rationales).  It will not be necessary to implementeverything (but better if all) but do what you can or what you think isvaluable.We would like by the end of the announced CR period, the 4th TechnicalPlenary in March 2004, to have at least 5 WGs having done this work andgive us their feedback with their rationales.The phase will be to- give you the guidelines with a start kit.- do not necessary help you apply the guidelines- gather your comments and the results of your auto-evaluation (2/3months later)- work together to modify the guidelines and/or either to help youimplement them.Would you like to participate in this work?[1] http://www.w3.org/TR/qaframe-ops/--Karl Dubost - http://www.w3.org/People/karl/W3C Conformance Manager*** Be Strict To Be Cool ***",
            "docno": "lists-071-9572034",
            "received": "Wed Sep 17 10:29:16 2003",
            "isoreceived": "20030917142916",
            "sent": "Wed, 17 Sep 2003 10:27:13 -0400",
            "isosent": "20030917142713",
            "name": "Karl Dubost",
            "email": "karl@w3.org",
            "subject": "QA Ops Guidelines and WCAG WG (2nd try)",
            "id": "07CA740A-E91B-11D7-9A2F-0003934BEBF0@w3.org",
            "charset": "US-ASCII",
            "expires": "-1",
            "cc": "www-qa-wg@w3.org,w3c-wai-gl@w3.org\n",
            "to": "jasonw@ariel.ucs.unimelb.EDU.au,wendy@w3.org\n"
        }
    ]
}