{
    "id": "candidate-0415",
    "name": "Sharon Adler",
    "gender": "FEMALE",
    "email": "sca@us.ibm.com",
    "mails": [
        {
            "body": "(I guess I got the DOM email address wrong the first time).-scott----- Forwarded by Scott Boag/Cambridge/IBM on 04/30/2002 10:05 AM -----Scott BoagTo:       Philippe Le Hegaret <plh@w3.org>04/26/2002 10:09         cc:       w3c-xsl-wg@w3.org, W3C DOM WG <w3c-dom-wg@w3.org>, Sharon AdlerAM                        <sca@us.ibm.com>Subject:  Comments by XSL WG on DOM Level 3 XPath APIThis is the formal comments by the XSL Working Group regarding the DOMLevel 3 XPath API athttp://www.w3.org/TR/2002/WD-DOM-Level-3-XPath-20020328/.  On our April 25,2002, telcon we discussed and approved these comments.  We hope thesecomments are acceptable as a response tohttp://lists.w3.org/Archives/Member/w3c-dom-wg/2002JanMar/0105.html.The comments are made with awareness of the discussion athttp://lists.w3.org/Archives/Public/www-dom/2002JanMar/thread.html#271,titled \"Comments on DOM XPath Interface\", and elsewhere on the publiccomments list.1) The XSL WG understands that the intent is for the API to cover XPath 1.0only, and that an entirely new attempt would be made for XPath 2.0 andXQuery 1.0.  The WG feels this is regrettable given how much is known aboutat this point about the XPath 2.0 data model, the XPath 2.0/XQuery 1.0context requirements, and the XPath 2.0/XQuery 1.0 result output.  We feelit would be better to design the DOM Level 3 XPath API to be upgradeable toan API that could handle XPath 2.0/XQuery 1.0.  In two years, having twoAPIs that functionally do the same thing will be a disservice to Webapplication developers.The decision to not restrict the design to only considering XPath 1.0should not be based on the namespace node issues.  Even with these nodes,the difference from the XPath 1.0 data model should be rather small.Beyond namespace nodes, the XSL WG does not think that the XPath 2.0 datamodel differs significantly from the XPath 1.0 data model.Following this line:a)  The notion that the result can be any sequence, of atomic values ornodes, is quite clear in XPath 2.0/XQuery 1.0, and structuringXPathResult on this basis would not only make the transition to XPath2.0 easier, it would also give a cleaner interface for XPath 1.0.  As itis, XPathResult seems a rather odd combination of iteration and singlevalue wrapper.b) Both XPathEvaluator#evaluate and XPathExpression#evaluate could andshould accept a context argument as a parameter, which may be null.Even if you don't specify this now, a note that you may specify such athing in the future would make the XPath 2.0 upgrade path clear.2) We do not think the specification says what method getNodeValue() willreturn, when applied to a namespace node, even though it seems to becovered by Issue XPath-11.3) It should be made explicit that xmlns: attributes will *not* be exposedas attribute nodes through the XPath interface.4) The specification says nothing about the use of the XPath id() function.Does this mean it is always guaranteed to work?  If not, might there be afunction that tells if it will work?5) There should be conformance rules. For example, is an implementationconformant if it extends the vocabulary of functions that can be calledwithin an XPath expression?6) The \"is expected\" language inhttp://www.w3.org/TR/2002/WD-DOM-Level-3-XPath-20020328/xpath.html#XPathEvaluatoris overly vague as to what one can expect from a DOM Implementation thatreturns true for hasFeature(\"Xpath\", \"3.0\").  If this returns true, can onedefinitely cast the Document interface to an XPathEvaluator?  (We haveheard some non-exact information that this may be being fixed already).7) Description states \"this adapter works by calling the method namedlookupNamespacePrefix on Node\". This appears to be a typo and shouldprobably be the method named \"lookupNamespaceURI\". More importantly, thiswould appear to conflict with previously stated requirement that only DOMLevel 2 Core need to be implemented since lookupNamespaceURI is a Level 3core method. Additionally there appears to be no formal requirement for thenodeResolver that is passed in to be from the same implementation of DOM soit could theoretically even be from a Level 1 DOM. Either a formalrequirement for Level 3 DOM needs to be required here or the specificationshould only hint that \"lookupNamespaceURI\" can be used in the event thatthe nodeResolver implements Level 3. If a formal requirement is made, thencreateNSResolver probably needs to be able to throw an Exception in theevent that the requirement is not met.8) In the description of XPathExpression.evaluate(), WRONG_DOCUMENT_ERR,\"not supported by the XPathExpression that created this XPathExpression\"should probably be \"not supported by the XPathEvaluator that created thisXPathExpression\".-scott",
            "docno": "lists-104-5680831",
            "received": "Tue Apr 30 10:03:01 2002",
            "isoreceived": "20020430140301",
            "sent": "Tue, 30 Apr 2002 09:54:44 -0400",
            "isosent": "20020430135444",
            "name": "scott_boag@us.ibm.com",
            "email": "scott_boag@us.ibm.com",
            "subject": "Comments by XSL WG on DOM Level 3 XPath API",
            "id": "OFD77D31C6.BD55B266-ON85256BAB.004C5C0F@lotus.com",
            "charset": "us-ascii",
            "expires": "-1",
            "to": "www-dom@w3.org\n"
        },
        {
            "body": "/ Asir Vedamuthu <asirv@webmethods.com> was heard to say:| I have a quick question. I am wondering if these issues are recorded in a| last call issues list. If so, may I request you to send me a link?They are now recorded[1]. Apologies in advance for any formattingglitches; like the rest of the XSL/XML Query editorial team, I'm stillgetting used to the ExIT system.Asir/Michael/Schema WG: please acknowledge that you accept resolutionof qt-2003Aug0002-14, the issues I believe have been overtaken byevents.Paul: please add qt-2003Aug0002-03 (1.3. Items and singleton sequences) andqt-2003Aug0002-04 (1.4. The implications of [validity] != valid) to thediscussion list for the f2f. (And accept my apologies for tardiness, please.)Be seeing you,norm[1] http://www.w3.org/XML/Group/xsl-query-specs/last-call-comments/xpath-datamodel/issues.html--Norman.Walsh@Sun.COM / XML Standards Architect / Sun Microsystems, Inc.NOTICE: This email message is for the sole use of the intendedrecipient(s) and may contain confidential and privileged information.Any unauthorized review, use, disclosure or distribution is prohibited.If you are not the intended recipient, please contact the sender byreply email and destroy all copies of the original message.",
            "docno": "lists-020-1784649",
            "received": "Fri Jan 16 16:22:34 2004",
            "isoreceived": "20040116212234",
            "sent": "Fri, 16 Jan 2004 16:19:12 -0500",
            "isosent": "20040116211912",
            "name": "Norman Walsh",
            "email": "Norman.Walsh@Sun.COM",
            "subject": "Re: Data Model comments from the Schema WG",
            "id": "87vfnb1tin.fsf@nwalsh.com",
            "inreplyto": "5B10E50E14A4594EB1B5566B69AD94072EF1FB&#64;maileast",
            "expires": "-1",
            "to": " Asir Vedamuthu<asirv@webmethods.com>, Paul Cotton<pcotton@microsoft.com>,\"C. M. Sperberg-McQueen\"<cmsmcq@w3.org>\n",
            "cc": " Sharon Adler<sca@us.ibm.com>,w3c-query-editors@w3.org,w3c-xml-schema-wg@w3.org,public-qt-comments@w3.org\n"
        },
        {
            "body": "I will be asking for volunteers at this weeks telecon.Brian>From: Misha.Wolf@reuters.com>Date: Tue, 16 Apr 2002 20:42:23 +0100>Subject: Request for commitment to review Charmod Last Call #2>To: karl@w3.org, brian_mcbride@hp.com, danbri@w3.org, chris.ferris@sun.com,>         pgrosso@arbortext.com, lehors@us.ibm.com, fallside@us.ibm.com,>         pcotton@microsoft.com, cmsmcq@w3.org, dmh@info2000.net,> reagle@w3.org,>         Donald.Eastlake@motorola.com, sca@us.ibm.com>Cc: chairs@w3.org>X-Mailer: Lotus Notes Release 5.0.2b (Intl) 16 December 1999>X-MIMETrack: Serialize by Router on EUNGW2/LON/GB/Reuters(Release 5.0.6a>  |January 17, 2001) at 16/04/2002 08:52:49 PM>>Dear Chairs,>>The original Last Call for the Character Model for the World Wide Web>started on 26 January 2001:>    http://www.w3.org/TR/2001/WD-charmod-20010126/>>Owing to the large number of comments:>    http://www.w3.org/International/Group/charmod-lc/>it has taken the I18N WG till now to process them all, resulting in the>current internal draft:>    http://www.w3.org/International/Group/charmod-edit/>>And, owing to the large number of changes, we'll be going to a Last Call>#2 (I'm reminded of Steven Pemberton's quip at the recent Technical>Plenary regarding the meaning of \"Last\" in \"Last Call\").>>The I18N WG decided today to go to Last Call #2 on 30 April, or sooner>if ready:>    http://lists.w3.org/Archives/Member/w3c-i18n-wg/2002Apr/0112>>We are asking the following WGs to review the document, once it has been>published (no later than 30 April), and to complete their review by 31>May:>>    ------------------------------------------------------------------->    WG        Asked   Response  Contacting>    ------------------------------------------------------------------->    CSS         Y        Y      Bert Bos>    DOM         Y        Y      Philippe Le H?garet>    HTML        Y        Y      Steven Pemberton>    QA                   -      Karl Dubost>    RDF                  -      Brian McBride/Dan Brickley>    TAG         Y        -      Chris Lilley>    WAI PF      Y        Y      Al Gilman>    WS Arch              -      Chris Ferris>    XForms      Y        Y      Steven Pemberton>    XML Core             -      Paul Grosso/Arnaud Le Hors>    XMLP                 -      David Fallside>    XML Query            -      Paul Cotton>    XML Schema           -      Michael Sperberg-McQueen/Dave Hollander>    XML Sig              -      Joseph Reagle/Donald Eastlake>    XSL                  -      Sharon Adler>    ------------------------------------------------------------------->>If you've received this mail and haven't yet let us know whether your>WG will review the document once it has been published (no later than>30 April), please let us know whether you will do so and whether you>will complete your review by 31 May.>>We will, of course, welcome comments from other WGs (and others).  If>your WG isn't listed above and wishes to review the document, please>let us know.>>Many thanks,>Misha Wolf>I18N WG Chair>>>>>>-------------------------------------------------------------- -->         Visit our Internet site at http://www.reuters.com>>Any views expressed in this message are those of  the  individual>sender,  except  where  the sender specifically states them to be>the views of Reuters Ltd.",
            "docno": "lists-049-2050921",
            "received": "Thu Apr 18 13:54:32 2002",
            "isoreceived": "20020418175432",
            "sent": "Thu, 18 Apr 2002 18:51:51 +0100",
            "isosent": "20020418175151",
            "name": "Brian McBride",
            "email": "bwm@hplb.hpl.hp.com",
            "subject": "Fwd: Request for commitment to review Charmod Last Call #2",
            "id": "5.1.0.14.0.20020418185118.02efe568@0-mail-1.hpl.hp.com",
            "charset": "iso-8859-1",
            "expires": "-1",
            "to": " RDF Core<w3c-rdfcore-wg@w3.org>\n"
        },
        {
            "body": "Hi Amy,The GEO task force (mon & tues) would like, if possible:a projector (for laptop projection)three or more wired network connectionsa speaker phonesomething to scribble on - whiteboard or flipchartThanks!RI============Richard IshidaW3Ctel: +44 1753 480 292http://www.w3.org/International/http://www.w3.org/People/Ishida/> -----Original Message-----> From: Amy van der Hiel [mailto:amy@w3.org]> Sent: 05 February 2003 16:26> To: Bert Bos; Roger Gimson; Stephane Boyera; judy Brewer;> Martin Duerst; ishida@w3.org; Patrick D. F. Ion; Max> Froumentin; Al Gilman; Lorrie Cranor; Danny Weitzner; Lofton> Henderson; Eric Miller; Thierry Michel; Jon Gunderson; Wendy> A Chisholm; Champion, Mike; C. M. Sperberg-McQueen;> sca@us.ibm.com; ht@w3.org> Cc: w3t-tpregister@w3.org> Subject: Re: All Group/Tech Plenary AV Questionnaire/Meeting> details - Reply Requested>>> Dear all>> As of today, I have not received responses on the AV questionnaire> http://lists.w3.org/Archives/Member/chairs/2003JanMar/0014.html I sent twoweeks from the below groups:CSSDIEOWGGlossaryI18N CoreI18N GEOMathPFWGP3PWGQAWGSWArchTimed TextUAWGWCAGWS ArchXML SchemaXSLPlease note:  If your form is late, we cannot guarantee that you orderwillbe completed. *On-site AV requests will not be accepted.*If you have any questions, please contact us at tpregister@w3.org.Thanks very much.Regards,Amy--Amy van der Hielamy@w3.orgW3C/MIT 200 Technology Square, Cambridge, MA 02139 USAtelephone: +1.617.253.5628  fax: +1.617.258.5999",
            "docno": "lists-015-16492758",
            "received": "Thu Feb  6 10:30:46 2003",
            "isoreceived": "20030206153046",
            "sent": "Thu, 6 Feb 2003 15:30:33 0000",
            "isosent": "20030206153033",
            "name": "Richard Ishida",
            "email": "shida@w3.org",
            "subject": "RE: All Group/Tech Plenary AV Questionnaire/Meeting details   Reply Requested",
            "id": "000f01c2cdf4$b1908cf0$d901000a@w3c40upc3ma3j2",
            "charset": "usascii",
            "inreplyto": "5.0.0.25.2.20030205105705.01904d18&#64;localhost",
            "expires": "1",
            "to": "\"'Amy van der Hiel'\"<amy@w3.org>\n",
            "cc": "<public-i18n-geo@w3.org>\n"
        },
        {
            "body": "FYII don't plan on preparing formal RDFCore comments.Brian>Resent-Date: Tue, 6 May 2003 09:42:01 -0400 (EDT)>Date: Tue, 6 May 2003 09:40:49 -0400>X-MS-Has-Attach:>X-MS-TNEF-Correlator:>Thread-Topic: Last Call for XQuery/XPath documents>Thread-Index: AcL+Is9Gi9gQi6b7SoiWSOxxlNHdAQVsZkSw>From: \"Paul Cotton\" <pcotton@microsoft.com>>To: <cmsmcq@acm.org>, \"Paul Grosso\" <pgrosso@arbortext.com>,>         \"Ray Whitmer\" <rayw@netscape.com>, <ishida@w3.org>,>         <Steven.Pemberton@cwi.nl>>Cc: <chairs@w3.org>, \"Sharon Adler\" <sca@us.ibm.com>,>         \"Janet Daly\" <janet@w3.org>, \"Steve Bratt\" <steve@w3.org>>X-OriginalArrivalTime: 06 May 2003 13:41:49.0630 (UTC)>FILETIME=[3EA26DE0:01C313D5]>X-MIME-Autoconverted: from quoted-printable to 8bit by frink.w3.org id>h46DfwvD028051>Subject: Last Call for XQuery/XPath documents>X-Archived-At:>http://www.w3.org/mid/E7AC4500EAB7A442ABA7521D1881439706324CDA@tor-msg-01.northamerica.corp.microsoft.com>Resent-From: chairs@w3.org>X-Mailing-List: <chairs@w3.org> archive/latest/2479>X-Loop: chairs@w3.org>Sender: chairs-request@w3.org>Resent-Sender: chairs-request@w3.org>List-Id: <chairs.w3.org>>List-Help: <http://www.w3.org/Mail/>>List-Unsubscribe: <mailto:chairs-request@w3.org?subject=unsubscribe>>X-MailScanner: Found to be clean>>>Chairs of XML Schema, XML Core, DOM, I18N and XForms WGs>>The XML Query and XSL WGs have commenced a Last Call on the following>documents with their publication on May 5:>>a) XQuery 1.0 and XPath 2.0 Data Model>    http://www.w3.org/TR/2003/WD-xpath-datamodel-20030502/>>b) XQuery 1.0 and XPath 2.0 Functions and Operators>    http://www.w3.org/TR/2003/WD-xpath-functions-20030502/>>The Last Call period for the above two documents will extend through>June 30.>>We look forward to your feedback on these documents.>>/paulc>>Paul Cotton, Microsoft Canada>17 Eleanor Drive, Nepean, Ontario K2E 6A3>Tel: (613) 225-5445 Fax: (425) 936-7329>mailto:pcotton@microsoft.com",
            "docno": "lists-053-5611145",
            "received": "Wed May  7 04:24:21 2003",
            "isoreceived": "20030507082421",
            "sent": "Wed, 07 May 2003 09:24:58 +0100",
            "isosent": "20030507082458",
            "name": "Brian McBride",
            "email": "bwm@hplb.hpl.hp.com",
            "subject": "Fwd: Last Call for XQuery/XPath documents",
            "id": "5.1.0.14.0.20030507092430.026b06e0@localhost",
            "charset": "us-ascii",
            "expires": "-1",
            "to": " RDF Core<w3c-rdfcore-wg@w3.org>\n"
        }
    ]
}