{
    "id": "candidate-0253",
    "name": "Henry S Thompson",
    "gender": "MALE",
    "email": "ht@inf.ed.ac.uk",
    "mails": [
        {
            "body": "On Wed, 26 May 2004, olivier Thereaux wrote:> On the topic of multiple SGML/XML parsers.>> Henry S. Thompson wrote:(this response Cc: Henry)> > It's really not a great idea to> > keep trying to make openSP be a fully-compliant XML validator when> > there is a _tiny_ user/developer community for it in that role,> > compared to the huge amount of effort which is put into the top 3 or 4> > XML validators.Indeed, I don't think we're arguing with him about that.  Although theW3C validator is still limited to OpenSP, various related projects suchas my own Site Valet and Bj?rn's MSIE validation bar use multiple parsers.It's the relatively narrow but crucial subject of HTML validationwhere we have no alternative in sight.>  I would recommend rxp, since it's open source, fast,> > produces good error messages and is a Univ. of Edinburgh product owned> > and operated by Richard Tobin, member of the XML Core WG, but any of> > the validators which did well in Rusty Harold's conformance> > comparison, reported at XML Europe 2004, would do.I used Xerces in mod_validator, because at the time of writing it wasthe only available parser offering full validation (for values of\"available\" that precluded anything-Java).Nowadays I would choose libxml2 for new software.  Indeed, I regardlibxml2 as the way ahead for several reasons over and above thevalidation we have:(1) It's very fast (see the xmlbench results @sourceforge),widely-deployed, and easy to work with.(2) I've used it successfully in the past for related projects(AccessValet, and more recently mod_annot).(3) It has all the basics we need for extending it beyond validationto full conformance testing.(4) It's the basis for libcroco, so should integrate well with CSSanalysis.(5) It has an active and responsive development community.Henry (or anyone) want to present arguments for AN Other option?--Nick Kew",
            "docno": "lists-017-14914626",
            "received": "Wed May 26 05:52:24 2004",
            "isoreceived": "20040526095224",
            "sent": "Wed, 26 May 2004 10:46:34 +0100 (BST)",
            "isosent": "20040526094634",
            "name": "Nick Kew",
            "email": "nick@webthing.com",
            "subject": "Re: Fwd: Two validators",
            "id": "Pine.LNX.4.53.0405261020030.1283@hugin.webthing.com",
            "charset": "iso-88591",
            "inreplyto": "6BBF6877-AEE9-11D8-8D39000393A63FC8&#64;w3.org",
            "expires": "1",
            "to": " QA Dev<public-qa-dev@w3.org>\n",
            "cc": "ht@inf.ed.ac.uk\n"
        },
        {
            "body": "This comment pertains to the 12 November 2003 internal WD ofXQuery 1.0: An XML Query Language [1].Please accept our sincere apologies on being past-due with thissubmission, which discharges the promise made in [2].Regards,Henry S. Thompson (on behalf of the XML Schema WG)-------------------------There is what appears to us an inconsistency between section 3.13Validate Expressions [1] (repeated in 3.7.1.5 Type of a ConstructedElement) in XQuery itself and section 3.3 Construction from a PSVI [2]in the Data Model, based on the interpretation placed on the*validation mode*.The latter says:\"The data model supports incompletely validated documents. Elementsand attributes that are not valid are treated as having unknowntypes.\"The former says:\"If the [validity] property of the topmost element information itemin this PSVI is not valid, a type error is raised.\"In concrete terms this means that starting from e.g. a document +schema where the document element is not declared, but one or more ofwhose descendants are declared, not only can a data model beconstructed, but also it will have useful type information for thoseelements, since they will be [validity]='valid' and\"If the [validity] property exists and is \"valid\", the type of anelement or attribute information item is represented by anexpanded-QName . . .\"In contrast having constructed such a document node in a querycontext, the result of validating it will either be a type error (if*validation mode* is 'strict' or 'lax') or a tree with uniformlyuntyped data (if *validation mode* is 'skip').  This change in theinterpretation of 'lax' from the one it is defined to have in XMLSchema not only will confuse users, it is inconsistent with the wayData Model instances are constructed from PSVIs, and also means thatundeclared elements are treated differently if they are at thevalidation root ('lax' has the new meaning) or internal to it ('lax'means what XML Schema says it means).We would very much hope that the power and flexibilty reflected in thedetailed reporting of schema validity assessment outcome be availableno only at Data Model construction time, but also via the 'validate'expression, by bringing the treatment of 'lax' as a *validation mode*in to line with XML Schema and Data Model construction.[1] http://www.w3.org/TR/2003/WD-xquery-20031112/[2] http://lists.w3.org/Archives/Public/public-qt-comments/2004Feb/1162.html--Henry S. Thompson, HCRC Language Technology Group, University of EdinburghHalf-time member of W3C Team2 Buccleuch Place, Edinburgh EH8 9LW, SCOTLAND -- (44) 131 650-4440Fax: (44) 131 650-4587, e-mail: ht@inf.ed.ac.ukURL: http://www.ltg.ed.ac.uk/~ht/[mail really from me _always_ has this .sig -- mail without it is forged spam]",
            "docno": "lists-020-5910439",
            "received": "Tue Mar  2 05:43:04 2004",
            "isoreceived": "20040302104304",
            "sent": "Tue, 02 Mar 2004 10:42:29 +0000",
            "isosent": "20040302104229",
            "name": "Henry S. Thompson",
            "email": "ht@inf.ed.ac.uk",
            "subject": "Further to Last Call comments on XQuery 1.0: An XML Query Language  XSCH-QL-019",
            "id": "f5bznazedii.fsf@erasmus.inf.ed.ac.uk",
            "charset": "us-ascii",
            "inreplyto": "E552E4A688635B47AA9132C55C5AADB59DDD41&#64;TPANTMAIL.verifone.com",
            "expires": "-1",
            "to": "public-qt-comments@w3.org\n"
        },
        {
            "body": "\"Top UK websites diss disabled\":http://www.theregister.co.uk/content/6/36533.htmlht--Henry S. Thompson, HCRC Language Technology Group, University of EdinburghHalf-time member of W3C Team2 Buccleuch Place, Edinburgh EH8 9LW, SCOTLAND -- (44) 131 650-4440Fax: (44) 131 650-4587, e-mail: ht@inf.ed.ac.ukURL: http://www.ltg.ed.ac.uk/~ht/[mail really from me _always_ has this .sig -- mail without it is forged spam]",
            "docno": "lists-072-9759202",
            "received": "Thu Mar 25 08:38:06 2004",
            "isoreceived": "20040325133806",
            "sent": "Thu, 25 Mar 2004 13:37:24 +0000",
            "isosent": "20040325133724",
            "name": "Henry S. Thompson",
            "email": "ht@inf.ed.ac.uk",
            "subject": "Public comment on WCAG in the UK",
            "id": "f5bn06582uj.fsf@erasmus.inf.ed.ac.uk",
            "charset": "us-ascii",
            "expires": "-1",
            "to": " Judy Brewer<jbrewer@w3.org>\n",
            "cc": "w3c-wai-gl@w3.org\n"
        },
        {
            "body": "We have observed a welcome trajectory over drafts of the Data Model toreduce the distance between its core and the W3C InfosetRecommendation.  We actually see no remaining impediment to completingthis and actually identifying the Data Model explicitly as anextension of the Infoset.  This would probably need to be done on twolevels: the first, in the spirit of the PSVI, adding new propertiesand possibly new information items, the second adding accessors.Although in one way this might seem to be a purely editorial request,or at best a rhetorical one, we actually think participating in theuse of the Infoset abstraction in this way will actually make theQuery specs stronger and simpler.A major advantage of adopting this suggestion, connected to ourprevious comment XSCH-QL-018 [1] about 'validate' expressions, is thatthe need for serialization in the definition of validation goes away-- infosets are by definition validatable as such.Henry ThompsonBy and on behalf of the W3C XML Schema WG--Henry S. Thompson, HCRC Language Technology Group, University of EdinburghHalf-time member of W3C Team2 Buccleuch Place, Edinburgh EH8 9LW, SCOTLAND -- (44) 131 650-4440Fax: (44) 131 650-4587, e-mail: ht@inf.ed.ac.ukURL: http://www.ltg.ed.ac.uk/~ht/[mail really from me _always_ has this .sig -- mail without it is forged spam]",
            "docno": "lists-020-6266368",
            "received": "Thu Mar  4 12:33:31 2004",
            "isoreceived": "20040304173331",
            "sent": "Thu, 04 Mar 2004 17:32:56 +0000",
            "isosent": "20040304173256",
            "name": "Henry S. Thompson",
            "email": "ht@inf.ed.ac.uk",
            "subject": "XSCH-DM-02: Further comment on the Data Model vis a vis the Infoset  REC",
            "id": "f5bhdx48qlz.fsf@erasmus.inf.ed.ac.uk",
            "charset": "us-ascii",
            "expires": "-1",
            "to": "public-qt-comments@w3.org\n"
        },
        {
            "body": ">X-Authentication-Warning: erasmus.inf.ed.ac.uk: ht set sender to>ht@cogsci.ed.ac.uk using -f>Sender: ht@inf.ed.ac.uk>To: Brian McBride <bwm@hplb.hpl.hp.com>>Cc: www-xml-schema-comments@w3.org,>         Patrick Stickler <patrick.stickler@nokia.com>,>         Graham Klyne <GK@NineByNine.org>>Subject: Re: Disjointness of value spaces>From: ht@cogsci.ed.ac.uk (Henry S. Thompson)>Date: 31 Oct 2002 16:59:44 +0000>Lines: 52>User-Agent: Gnus/5.0808 (Gnus v5.8.8) XEmacs/21.4 (Informed Management)>X-MailScanner: Found to be clean>>Brian McBride <bwm@hplb.hpl.hp.com> writes:>> > The RDFCore WG are putting the finishing touches to a proposal for> > using XML Schema Datatypes in RDF graphs.  We hope to have a WD to> > share with folks soon.>>Great.>> > In doing this, the following question has arisen concerning the value> > spaces of the primitive datatypes.> >> >> > Are the value spaces of the primitive datatypes disjoint, i.e. are> > there any cases where a value may be in more than value space.>>Not in the XML Schema REC as published.>> > A specific case to consider is:> >> >    is http://example.org/ in both xsd:string and xsd:anyURI> >>>Disjoint.>> > noting that RFC 2396 states:> >> >    [[An identifier is an object that can act as a reference to> >           something that has identity.  In the case of URI, the object is> >           a sequence of characters with a restricted syntax.]]> >> > Put another way, can we assume that if we have two values, one from> > the value space of one primitive datatype, and the other from the> > value space of a different primitive datatype, then they must be> > different values.>>Yes.>> > To the best of my knowledge, the RDFCore WG has no preferred answer to> > this question.  We wish to know the answer to ensure that our> > specification accurately reflects XML Schema datatypes.>>We are in fact preparing an erratum to clarify this, as the current>wording is somewhat unclear, and in one respect wrong.>>ht>-->   Henry S. Thompson, HCRC Language Technology Group, University of Edinburgh>           W3C Fellow 1999--2002, part-time member of W3C Team>      2 Buccleuch Place, Edinburgh EH8 9LW, SCOTLAND -- (44) 131 650-4440>             Fax: (44) 131 650-4587, e-mail: ht@cogsci.ed.ac.uk>                      URL: http://www.ltg.ed.ac.uk/~ht/>  [mail really from me _always_ has this .sig -- mail without it is forged> spam]",
            "docno": "lists-051-10416688",
            "received": "Thu Oct 31 12:33:05 2002",
            "isoreceived": "20021031173305",
            "sent": "Thu, 31 Oct 2002 17:35:41 +0000",
            "isosent": "20021031173541",
            "name": "Brian McBride",
            "email": "bwm@hplb.hpl.hp.com",
            "subject": "Fwd: Re: Disjointness of value spaces",
            "id": "5.1.0.14.0.20021031173529.09a39600@0-mail-1.hpl.hp.com",
            "charset": "us-ascii",
            "expires": "-1",
            "to": " RDF Core<w3c-rdfcore-wg@w3.org>\n"
        },
        {
            "body": "Norman Walsh <Norman.Walsh@Sun.COM> writes:> Done. Note: the XHTML stylesheet is machine generated from the HTML one.> I encourage you to make patches in the HTML one and regenerate the XHTML.> But for a patch this small, it doesn't really matter.Doh!  I knew this, just blew it, sorry.> Likewise, the DTD is the normative form today, so that's the right> place to do the patches.>> Checking them into CVS today...Thanks!ht--Henry S. Thompson, HCRC Language Technology Group, University of EdinburghHalf-time member of W3C Team2 Buccleuch Place, Edinburgh EH8 9LW, SCOTLAND -- (44) 131 650-4440Fax: (44) 131 650-4587, e-mail: ht@inf.ed.ac.ukURL: http://www.ltg.ed.ac.uk/~ht/[mail really from me _always_ has this .sig -- mail without it is forged spam]",
            "docno": "lists-030-14426226",
            "received": "Mon Feb 23 17:02:07 2004",
            "isoreceived": "20040223220207",
            "sent": "Mon, 23 Feb 2004 22:02:03 +0000",
            "isosent": "20040223220203",
            "name": "Henry S. Thompson",
            "email": "ht@inf.ed.ac.uk",
            "subject": "Re: Support for PER, please",
            "id": "f5b65dx4fqc.fsf@erasmus.inf.ed.ac.uk",
            "charset": "us-ascii",
            "inreplyto": "87brnplccd.fsf&#64;nwalsh.com",
            "expires": "-1",
            "to": " Norman Walsh<Norman.Walsh@Sun.COM>\n",
            "cc": "spec-prod@w3.org\n"
        },
        {
            "body": "Attached patches should do it, please encorporate in next release.Sorry, no patch for HTML stylesheets or other schemas, should be obvious.ht--Henry S. Thompson, HCRC Language Technology Group, University of EdinburghHalf-time member of W3C Team2 Buccleuch Place, Edinburgh EH8 9LW, SCOTLAND -- (44) 131 650-4440Fax: (44) 131 650-4587, e-mail: ht@inf.ed.ac.ukURL: http://www.ltg.ed.ac.uk/~ht/[mail really from me _always_ has this .sig -- mail without it is forged spam]application/octet-stream attachment: patch for XHTML stylesheetapplication/octet-stream attachment: patch for DTD",
            "docno": "lists-030-14410570",
            "received": "Mon Feb 23 06:53:40 2004",
            "isoreceived": "20040223115340",
            "sent": "Mon, 23 Feb 2004 11:53:38 +0000",
            "isosent": "20040223115338",
            "name": "Henry S. Thompson",
            "email": "ht@inf.ed.ac.uk",
            "subject": "Support for PER, please",
            "id": "f5bbrnq6mgt.fsf@erasmus.inf.ed.ac.uk",
            "expires": "-1",
            "to": "spec-prod@w3.org\n"
        },
        {
            "body": "This is a known behaviour and we have decided that this acceptable,since being able to define a pattern that restricts the value space bylegislating the lexical form is only meaningful in the context of XQueryif the lexical and value space have a one-to-one correspondence. SinceXML Schema allows a pattern in other cases as well, there is noround-trip guarantee.Best regardsMichael (speaking for himself)> -----Original Message-----> From: public-qt-comments-request@w3.org [mailto:public-qt-comments-> request@w3.org] On Behalf Of Henry S. Thompson> Sent: Saturday, March 06, 2004 7:11 AM> To: public-qt-comments@w3.org> Subject: Ref XSCH-QL-018: Example of pblm with serialization-based> validation>>> Consider the following schema document and instance:>> <xs:schema xmlns:xs=\"http://www.w3.org/2001/XMLSchema\">>  <xs:element name=\"root\">>   <xs:simpleType>>    <xs:restriction base=\"xs:decimal\">>     <xs:annotation>>      <xs:documentation>Always two signif. digits</xs:documentation>>     </xs:annotation>>     <xs:pattern value=\".*\\...\"/>>    </xs:restriction>>   </xs:simpleType>>  </xs:element>> </xs:schema>>> <root>3.00</root>>> The instance is valid per the schema corresponding to the schemadocument.>> A query which attempted to construct an element including this one> would however fail, as I read the spec., because the serialization> would include <root>3.0</root>, which is invalid per the type.>> ht> -->  Henry S. Thompson, HCRC Language Technology Group, University of> Edinburgh>                      Half-time member of W3C Team>     2 Buccleuch Place, Edinburgh EH8 9LW, SCOTLAND -- (44) 131650-4440>             Fax: (44) 131 650-4587, e-mail: ht@inf.ed.ac.uk>                    URL: http://www.ltg.ed.ac.uk/~ht/> [mail really from me _always_ has this .sig -- mail without it isforged> spam]",
            "docno": "lists-020-6535296",
            "received": "Sat Mar  6 10:29:38 2004",
            "isoreceived": "20040306152938",
            "sent": "Sat, 6 Mar 2004 07:28:57 -0800",
            "isosent": "20040306152857",
            "name": "Michael Rys",
            "email": "rys@microsoft.com",
            "subject": "RE: Ref XSCH-QL-018: Example of pblm with serialization-based  validation",
            "id": "EB0A327048144442AFB15FCE18DC96C702443589@RED-MSG-31.redmond.corp.microsoft.com",
            "charset": "us-ascii",
            "inreplyto": "Ref XSCH-QL-018: Example of pblm with serialization-based  validation",
            "expires": "-1",
            "to": "\"Henry S. Thompson\"<ht@inf.ed.ac.uk>,<public-qt-comments@w3.org>\n"
        },
        {
            "body": "Consider the following schema document and instance:<xs:schema xmlns:xs=\"http://www.w3.org/2001/XMLSchema\"><xs:element name=\"root\"><xs:simpleType><xs:restriction base=\"xs:decimal\"><xs:annotation><xs:documentation>Always two signif. digits</xs:documentation></xs:annotation><xs:pattern value=\".*\\...\"/></xs:restriction></xs:simpleType></xs:element></xs:schema><root>3.00</root>The instance is valid per the schema corresponding to the schema document.A query which attempted to construct an element including this onewould however fail, as I read the spec., because the serializationwould include <root>3.0</root>, which is invalid per the type.ht--Henry S. Thompson, HCRC Language Technology Group, University of EdinburghHalf-time member of W3C Team2 Buccleuch Place, Edinburgh EH8 9LW, SCOTLAND -- (44) 131 650-4440Fax: (44) 131 650-4587, e-mail: ht@inf.ed.ac.ukURL: http://www.ltg.ed.ac.uk/~ht/[mail really from me _always_ has this .sig -- mail without it is forged spam]",
            "docno": "lists-020-6526026",
            "received": "Sat Mar  6 10:11:27 2004",
            "isoreceived": "20040306151127",
            "sent": "Sat, 06 Mar 2004 15:10:55 +0000",
            "isosent": "20040306151055",
            "name": "Henry S. Thompson",
            "email": "ht@inf.ed.ac.uk",
            "subject": "Ref XSCH-QL-018: Example of pblm with serialization-based  validation",
            "id": "f5bznau57uo.fsf@erasmus.inf.ed.ac.uk",
            "charset": "us-ascii",
            "inreplyto": "E552E4A688635B47AA9132C55C5AADB59DDD40&#64;TPANTMAIL.verifone.com",
            "expires": "-1",
            "to": "public-qt-comments@w3.org\n"
        },
        {
            "body": "I don't think that there is a requirement to preserve the value in apattern compatible way even if we would preserve the type. So I do notthink that \"Alternative 1\" has anything to do with this issue.Best regardsMichael> -----Original Message-----> From: public-qt-comments-request@w3.org [mailto:public-qt-comments-> request@w3.org] On Behalf Of Michael Kay> Sent: Saturday, March 06, 2004 1:42 PM> To: 'Henry S. Thompson'; public-qt-comments@w3.org> Subject: RE: Ref XSCH-QL-018: Example of pblm with serialization-based> validation>>> This problem is certainly a known one. But it's not serialization that> causes the problem, it's the fact that the constructs that createnodes on> the result tree (in both XSLT and XQuery) convert values to stringsand> discard the type information. (The infamous \"Alternative 1\".)>> Michael Kay>> # -----Original Message-----> # From: public-qt-comments-request@w3.org [mailto:public-qt-comments-> # request@w3.org] On Behalf Of Henry S. Thompson> # Sent: 06 March 2004 15:11> # To: public-qt-comments@w3.org> # Subject: Ref XSCH-QL-018: Example of pblm with serialization-based> # validation> #> #> # Consider the following schema document and instance:> #> # <xs:schema xmlns:xs=\"http://www.w3.org/2001/XMLSchema\">> #  <xs:element name=\"root\">> #   <xs:simpleType>> #    <xs:restriction base=\"xs:decimal\">> #     <xs:annotation>> #      <xs:documentation>Always two signif. digits</xs:documentation>> #     </xs:annotation>> #     <xs:pattern value=\".*\\...\"/>> #    </xs:restriction>> #   </xs:simpleType>> #  </xs:element>> # </xs:schema>> #> # <root>3.00</root>> #> # The instance is valid per the schema corresponding to the schema> document.> #> # A query which attempted to construct an element including this one> # would however fail, as I read the spec., because the serialization> # would include <root>3.0</root>, which is invalid per the type.> #> # ht> # --> #  Henry S. Thompson, HCRC Language Technology Group, University of> # Edinburgh> #                      Half-time member of W3C Team> #     2 Buccleuch Place, Edinburgh EH8 9LW, SCOTLAND -- (44) 131650-4440> #             Fax: (44) 131 650-4587, e-mail: ht@inf.ed.ac.uk> #                    URL: http://www.ltg.ed.ac.uk/~ht/> # [mail really from me _always_ has this .sig -- mail without it isforged> # spam]>",
            "docno": "lists-020-6558247",
            "received": "Sat Mar  6 16:44:31 2004",
            "isoreceived": "20040306214431",
            "sent": "Sat, 6 Mar 2004 13:44:00 -0800",
            "isosent": "20040306214400",
            "name": "Michael Rys",
            "email": "rys@microsoft.com",
            "subject": "RE: Ref XSCH-QL-018: Example of pblm with serialization-based  validation",
            "id": "EB0A327048144442AFB15FCE18DC96C7024435A2@RED-MSG-31.redmond.corp.microsoft.com",
            "charset": "us-ascii",
            "inreplyto": "Ref XSCH-QL-018: Example of pblm with serialization-based  validation",
            "expires": "-1",
            "to": "\"Michael Kay\"<mhk@mhk.me.uk>,\"Henry S. Thompson\"<ht@inf.ed.ac.uk>,<public-qt-comments@w3.org>\n"
        },
        {
            "body": "Unless there is a good reason not to, please provide a schema documentfor the xmlns:xdt=\"http://www.w3.org/2003/11/xpath-datatypes\"xdt:yearMonthDuration and xdt:dayTimeDuration, to facilate their useby schema authors.I would recommend that such a schema document should appear both as anormative appendix to one of the spec. documents _and_ as anindependent document at the namespace URI, i.e. athttp://www.w3.org/2003/11/xpath-datatypes.xsdThe latter document should be governed by the W3C policy forht--Henry S. Thompson, HCRC Language Technology Group, University of EdinburghHalf-time member of W3C Team2 Buccleuch Place, Edinburgh EH8 9LW, SCOTLAND -- (44) 131 650-4440Fax: (44) 131 650-4587, e-mail: ht@inf.ed.ac.ukURL: http://www.ltg.ed.ac.uk/~ht/[mail really from me _always_ has this .sig -- mail without it is forged spam]",
            "docno": "lists-020-6258250",
            "received": "Thu Mar  4 11:21:26 2004",
            "isoreceived": "20040304162126",
            "sent": "Thu, 04 Mar 2004 15:47:12 +0000",
            "isosent": "20040304154712",
            "name": "space-related documents, reference available on request.",
            "email": "ht@inf.ed.ac.uk",
            "subject": "F&amp;O, XQuery language: Schema document for xdt namespace",
            "id": "f5bwu608vi7.fsf@erasmus.inf.ed.ac.uk",
            "charset": "us-ascii",
            "expires": "-1",
            "to": "public-qt-comments@w3.org\n"
        },
        {
            "body": "/ ht@inf.ed.ac.uk (Henry S. Thompson) was heard to say:| Attached patches should do it, please encorporate in next release.|| Sorry, no patch for HTML stylesheets or other schemas, should be obvious.Done. Note: the XHTML stylesheet is machine generated from the HTML one.I encourage you to make patches in the HTML one and regenerate the XHTML.But for a patch this small, it doesn't really matter.Likewise, the DTD is the normative form today, so that's the rightplace to do the patches.Checking them into CVS today...Be seeing you,norm--Norman.Walsh@Sun.COM / XML Standards Architect / Sun Microsystems, Inc.NOTICE: This email message is for the sole use of the intendedrecipient(s) and may contain confidential and privileged information.Any unauthorized review, use, disclosure or distribution is prohibited.If you are not the intended recipient, please contact the sender byreply email and destroy all copies of the original message.",
            "docno": "lists-030-14418101",
            "received": "Mon Feb 23 16:24:39 2004",
            "isoreceived": "20040223212439",
            "sent": "Mon, 23 Feb 2004 16:23:14 -0500",
            "isosent": "20040223212314",
            "name": "Norman Walsh",
            "email": "Norman.Walsh@Sun.COM",
            "subject": "Re: Support for PER, please",
            "id": "87brnplccd.fsf@nwalsh.com",
            "inreplyto": "f5bbrnq6mgt.fsf&#64;erasmus.inf.ed.ac.uk",
            "expires": "-1",
            "to": "spec-prod@w3.org\n"
        },
        {
            "body": "There are several problems with such an approach:1. Often, the Infoset is considered an abstract description of parseroutput. Thus an extension with the necessary informations may be notacceptable for this camp.2. The data model is based on the XPath 1.0 data model that uses most ofthe terminology (in particular \"node\"). The XPath/XQuery community hasrepeatedly expressed disdain on using the Infoset terminology todescribe the data model.3. There are a couple of properties that are not that easy to add to theInfoset. Examples: Notion of nodeid (mainly philosophical issues when toinstantiate such a concept on the infoset), atomic values, even some ofthe PSVI abstractions.4. There are issues with the relationship of typed values, comments,PIs, character information items and text nodes.5. This comment has a very large impact on the data model document andother documents and is therefore of high risk to the specification andprogressing. Since it has mainly definitional impact and would notchange the semantics, I feel this is too risky an undertaking before weprogress into Recommendation.Having said all of that, I can see the value of a general evaluation ofthe notion of the Infoset, PSVI and data model and would support aneffort inside the W3C to get to a single model AFTER XQuery 1.0 has beenreleased.Best regardsMichael (speaking for myself)> -----Original Message-----> From: public-qt-comments-request@w3.org [mailto:public-qt-comments-> request@w3.org] On Behalf Of Henry S. Thompson> Sent: Thursday, March 04, 2004 9:33 AM> To: public-qt-comments@w3.org> Subject: XSCH-DM-02: Further comment on the Data Model vis a vis the> Infoset REC>>> We have observed a welcome trajectory over drafts of the Data Model to> reduce the distance between its core and the W3C Infoset> Recommendation.  We actually see no remaining impediment to completing> this and actually identifying the Data Model explicitly as an> extension of the Infoset.  This would probably need to be done on two> levels: the first, in the spirit of the PSVI, adding new properties> and possibly new information items, the second adding accessors.>> Although in one way this might seem to be a purely editorial request,> or at best a rhetorical one, we actually think participating in the> use of the Infoset abstraction in this way will actually make the> Query specs stronger and simpler.>> A major advantage of adopting this suggestion, connected to our> previous comment XSCH-QL-018 [1] about 'validate' expressions, is that> the need for serialization in the definition of validation goes away> -- infosets are by definition validatable as such.>> Henry Thompson> By and on behalf of the W3C XML Schema WG> -->  Henry S. Thompson, HCRC Language Technology Group, University of> Edinburgh>                      Half-time member of W3C Team>     2 Buccleuch Place, Edinburgh EH8 9LW, SCOTLAND -- (44) 131650-4440>             Fax: (44) 131 650-4587, e-mail: ht@inf.ed.ac.uk>                    URL: http://www.ltg.ed.ac.uk/~ht/> [mail really from me _always_ has this .sig -- mail without it isforged> spam]",
            "docno": "lists-020-6308036",
            "received": "Thu Mar  4 13:39:16 2004",
            "isoreceived": "20040304183916",
            "sent": "Thu, 4 Mar 2004 09:44:16 -0800",
            "isosent": "20040304174416",
            "name": "Michael Rys",
            "email": "rys@microsoft.com",
            "subject": "RE: XSCH-DM-02: Further comment on the Data Model vis a vis the Infoset  REC",
            "id": "EB0A327048144442AFB15FCE18DC96C7023BB3DC@RED-MSG-31.redmond.corp.microsoft.com",
            "charset": "us-ascii",
            "inreplyto": "XSCH-DM-02: Further comment on the Data Model vis a vis the Infoset  REC",
            "expires": "-1",
            "to": "\"Henry S. Thompson\"<ht@inf.ed.ac.uk>,<public-qt-comments@w3.org>\n"
        },
        {
            "body": "This problem is certainly a known one. But it's not serialization thatcauses the problem, it's the fact that the constructs that create nodes onthe result tree (in both XSLT and XQuery) convert values to strings anddiscard the type information. (The infamous \"Alternative 1\".)Michael Kay# -----Original Message-----# From: public-qt-comments-request@w3.org [mailto:public-qt-comments-# request@w3.org] On Behalf Of Henry S. Thompson# Sent: 06 March 2004 15:11# To: public-qt-comments@w3.org# Subject: Ref XSCH-QL-018: Example of pblm with serialization-based# validation### Consider the following schema document and instance:## <xs:schema xmlns:xs=\"http://www.w3.org/2001/XMLSchema\">#  <xs:element name=\"root\">#   <xs:simpleType>#    <xs:restriction base=\"xs:decimal\">#     <xs:annotation>#      <xs:documentation>Always two signif. digits</xs:documentation>#     </xs:annotation>#     <xs:pattern value=\".*\\...\"/>#    </xs:restriction>#   </xs:simpleType>#  </xs:element># </xs:schema>## <root>3.00</root>## The instance is valid per the schema corresponding to the schema document.## A query which attempted to construct an element including this one# would however fail, as I read the spec., because the serialization# would include <root>3.0</root>, which is invalid per the type.## ht# --#  Henry S. Thompson, HCRC Language Technology Group, University of# Edinburgh#                      Half-time member of W3C Team#     2 Buccleuch Place, Edinburgh EH8 9LW, SCOTLAND -- (44) 131 650-4440#             Fax: (44) 131 650-4587, e-mail: ht@inf.ed.ac.uk#                    URL: http://www.ltg.ed.ac.uk/~ht/# [mail really from me _always_ has this .sig -- mail without it is forged# spam]",
            "docno": "lists-020-6547328",
            "received": "Sat Mar  6 16:41:37 2004",
            "isoreceived": "20040306214137",
            "sent": "Sat, 6 Mar 2004 21:41:31 -0000",
            "isosent": "20040306214131",
            "name": "Michael Kay",
            "email": "hk@mhk.me.uk",
            "subject": "RE: Ref XSCH-QL-018: Example of pblm with serialization-based  validation",
            "id": "20040306214137.657CCA096B@frink.w3.org",
            "charset": "us-ascii",
            "inreplyto": "f5bznau57uo.fsf&#64;erasmus.inf.ed.ac.uk",
            "expires": "-1",
            "to": "\"'Henry S. Thompson'\"<ht@inf.ed.ac.uk>,<public-qt-comments@w3.org>\n"
        }
    ]
}