{
    "id": "candidate-0431",
    "name": "Jeremy Carroll",
    "gender": "MALE",
    "email": "Jeremy.Carroll@hp.com",
    "mails": [
        {
            "body": "I agree with Brian,Dan:>> On the contrary: the RDF Core WG is in the W3C Technology> and Society domain for a reason: to make the connection> between bits on the wire and social obligations.>> There is some crazy laywer running around trying to encourage> web site owners to screw up their P3P policy files in such> a way as to be able to disclaim responsibility for their content.> [P3P isn't quite written in RDF, but it was supposed to> be, and should be, in a future revision, I hope].> I suggest that this WG has an obligation to say that no,> that's not consistent with the community's agreement> about how this technology works.The problem is that this is not about the meaning of the RDF, but about themeaning of the RDF in a particular context.There are a lot of non-technical clues about the context, some of which Ithink would mean that an RDF offer would be binding from a legal point ofview, and some of which would make it non-binding.In particular, if, an economic individual (a person or a business)habitually trades using RDF to describe their goods and offer prices then, Iwould expect that a reasonable system of law should require them to becontractually bound by such offers in a way that is similar to other offersthat they have made.However, the very same RDF, the very same web site, put up on an .edu serveras a student project is non-binding and has a different (i.e. non-existent)legal force.Take another legal issue, slander. If someone writes RDF like:<rdf:RDF xmlns:animals=\"...\"><animals:Pig rdf:about=\"mailto:Jeremy.Carroll@hp.com\"/></rdf:RDF>and then says (in English) \"the RDF statement in this message is not true\".I think that that's OK. If they say (in English) \"the RDF statement in thismessage is true\", then maybe I have a case on the basis of the English, notthe RDF (except by reference). If they just put up the RDF without anycontext allowing its interpretation, I think I stick with Brian; if it meanssomething in this non-context is not a sufficiently interesting problem thatwe should address it.I recently wrote a complaint to a supermarket about some goods branded as\"italiano\" which were in fact not Italian; saying that it was disingenuousto tell lies in a foreign language. It is however probably legalJeremy",
            "docno": "lists-048-4320930",
            "received": "Thu Nov 15 11:34:00 2001",
            "isoreceived": "20011115163400",
            "sent": "Thu, 15 Nov 2001 16:33:42 -0000",
            "isosent": "20011115163342",
            "name": "Jeremy Carroll",
            "email": "jjc@hplb.hpl.hp.com",
            "subject": "RE: Issue rdfms-assertion",
            "id": "JAEBJCLMIFLKLOJGMELDEEHHCCAA.jjc@hplb.hpl.hp.com",
            "charset": "us-ascii",
            "inreplyto": "3BF3DE37.863597FB&#64;w3.org",
            "expires": "-1",
            "to": "\"Dan Connolly\"<connolly@w3.org>,\"Brian McBride\"<bwm@hplb.hpl.hp.com>\n",
            "cc": "\"Pat Hayes\"<phayes@ai.uwf.edu>,<w3c-rdfcore-wg@w3.org>\n"
        }
    ]
}