{
    "id": "candidate-0270",
    "name": "Paolo Baggia",
    "gender": "MALE",
    "email": "paolo.baggia@loquendo.com",
    "mails": [
        {
            "body": "Dan and I are available at the following times:Monday Sept 29 9 am - 1 pm pacific timeTuesday Sept 30 3 pm - midnight pacific timeFriday Oct 3 Anytime before 1 pm pacific timeWhen during the above times are each of you available for the nextconfernce call for the SSML/I18N joint discussionsRegards,-Jim",
            "docno": "lists-099-8553086",
            "received": "Fri Sep 19 14:15:22 2003",
            "isoreceived": "20030919181522",
            "sent": "Fri, 19 Sep 2003 09:23:49 -0700",
            "isosent": "20030919162349",
            "name": "Jim Larson",
            "email": "jim@larson-tech.com",
            "subject": "Availability for conference call Sept 29-Oct 3",
            "id": "3F6B2D95.9050609@larson-tech.com",
            "charset": "us-ascii",
            "inreplyto": "4.2.0.58.J.20030919102854.05075c40&#64;localhost",
            "expires": "-1",
            "to": " Martin Duerst<duerst@w3.org>\n",
            "cc": " Daniel Burnett<burnett@nuance.com>, Richard Ishida<ishida@w3.org>,luc.vantichelen@scansoft.com,scott.mcglashan@pipebeach.com,jerry.carter@scansoft.com,paolo.baggia@loquendo.com,jk@us.ibm.com,www-archive@w3.org,w3c-i18n-ig@w3.org\n"
        },
        {
            "body": "Attendees at Sept 19 2003 teleconDan BarnetJim LarsonRichard IshidaMartin DurstLuc VanTichlinDiscussionRichard:  Bidi is a small change with attribute with valuesleft-to-right, right-to-left, right-left-override, andleft-right-override  Only Mongolian currently uses top to down.Jim:  Martin should write white paper for Philip Hoscka's groupoutlining (1) the problem, (2) current preferred solution.  Hoscka'sgroup should review this, and figure out next steps.Martin:  And add this as an issue for V3.Jim:  We will add this as an issue for V3.Martin:  I will write paper and forward to Hoscka's group for a broaderdiscussion.Dan:  item #58:  We often split text strings across several lines toimprove readability of the code.  We don't understand your comment thatthe line break will have negative effects on visual rendering.Martin:  There are lots of little potential trouble points here.  Thevisual rendering doesn't need to be perfect.Richard:  We don't see any big problems.Dan:  I will officially reject this oneRichard:  We formally withdraw item 58.Martin:  Issue 1 is of concernDan:  we will respond to this laterDan: item 4:  Both SSML and SRGS are used outside of VoiceXML.Dan:  change to \"SSML is one of these standards and is designed to ....\"Dan: item 11:  Pronunciation dictionary may be language specificMartin:  OKDan:  We will need e-mail responses to officially acknowledge agreementon issues.Martin: We can all approve the mintues and that will be fine forofficially agreeing to comments.Richard: Xml:lang will should change the visual display of the language.Dan:  We want to be clear that changing xml:lang will change othercharacteristics for voice applications.  We permit xml:lang on <p> and<sentence> elements.Dan: We can provide a description (if not a transcription) of audio.The content of the <audio> element is text that is rendered if the audiofile is not available.  xdml:lang is not available on <audio> element.Martin: <audio> contains content which may use ssml elements.Dan:  correctLuc: disc is designed to tell you what the audio is if the audio can'treplay.Luc:  When you change a language for vocal rendering, that will have aneffect on various other parameters (including gender, speed, age, pitch,etc.) which will be disruptive to the listener.    There may be breaksbetween language shifts.  Thus we discourage frequently use of xml:lang.Dan:  Think of it as a voice change, not language change.Martin:  This should be documented.Luc:  we have, in section 2.2.1, a description of what happens.  Afterthe second example, is additional description.Martin:  We have made progress in understanding.  We will want todiscuss this in the group.  You have made a strong case for an exceptionto using xml:lang everywhere.Dan: I will be back week after next.  Let's continue then.Martin:  Yes.  We have a lot to learn on our side.Richard:  we can prepare our thoughts in advance of a telecom.Dan:  Please let us know which items you want to discuss.Dan will start process of scheduling another telecom.Jim will schedule the next meeting.",
            "docno": "lists-099-8541037",
            "received": "Fri Sep 19 12:25:15 2003",
            "isoreceived": "20030919162515",
            "sent": "Fri, 19 Sep 2003 09:16:29 -0700",
            "isosent": "20030919161629",
            "name": "Jim Larson",
            "email": "jim@larson-tech.com",
            "subject": "Minutes of telecon of Sept 19",
            "id": "3F6B2BDD.1030403@larson-tech.com",
            "charset": "us-ascii",
            "inreplyto": "ED834EE1FDD6C3468AB0F5569206E6E9364BDF&#64;MPB1EXCH02.nuance.com",
            "expires": "-1",
            "to": " Daniel Burnett<burnett@nuance.com>\n",
            "cc": " Richard Ishida<ishida@w3.org>, Martin Duerst<duerst@w3.org>,luc.vantichelen@scansoft.com,scott.mcglashan@pipebeach.com,jerry.carter@scansoft.com,paolo.baggia@loquendo.com,jk@us.ibm.com,www-archive@w3.org,w3c-i18n-ig@w3.org\n"
        },
        {
            "body": "Dan Luc I are available at the following times:Monday Sept 29 9 am - 1 pm pacific timeFriday Oct 3 Anytime before 10 am pacific timeWhen during the above times are each of you available for the nextconfernce call for the SSML/I18N joint discussionsRegards,-Jim",
            "docno": "lists-099-8586492",
            "received": "Tue Sep 23 01:57:39 2003",
            "isoreceived": "20030923055739",
            "sent": "Mon, 22 Sep 2003 22:25:06 -0700",
            "isosent": "20030923052506",
            "name": "Jim Larson",
            "email": "jim@larson-tech.com",
            "subject": "Availability for conference call Sept 29-Oct 3",
            "id": "3F6FD932.9000406@larson-tech.com",
            "charset": "us-ascii",
            "inreplyto": "4.2.0.58.J.20030919102854.05075c40&#64;localhost",
            "expires": "-1",
            "to": " Martin Duerst<duerst@w3.org>\n",
            "cc": " Richard Ishida<ishida@w3.org>,scott.mcglashan@pipebeach.com,jerry.carter@scansoft.com,paolo.baggia@loquendo.com,jk@us.ibm.com,www-archive@w3.org,w3c-i18n-ig@w3.org\n"
        },
        {
            "body": "Jim,Sorry to be so late in responding.  Please see attached file for myavailability.RI============Richard IshidaW3Ccontact info: http://www.w3.org/People/Ishida/http://www.w3.org/International/http://www.w3.org/International/geo/See the W3C Internationalization FAQ pagehttp://www.w3.org/International/questions.html> -----Original Message-----> From: Jim Larson [mailto:jim@larson-tech.com]> Sent: 23 September 2003 06:25> To: Martin Duerst> Cc: Richard Ishida; scott.mcglashan@pipebeach.com;> jerry.carter@scansoft.com; paolo.baggia@loquendo.com;> jk@us.ibm.com; www-archive@w3.org; w3c-i18n-ig@w3.org> Subject: Availability for conference call Sept 29-Oct 3>>> Dan Luc I are available at the following times:>> Monday Sept 29 9 am - 1 pm pacific time>> Friday Oct 3 Anytime before 10 am pacific time>> When during the above times are each of you available for the> next confernce call for the SSML/I18N joint discussions>> Regards,>> -Jim>>text/html attachment: thisweek.html",
            "docno": "lists-099-8904745",
            "received": "Mon Sep 29 09:12:52 2003",
            "isoreceived": "20030929131252",
            "sent": "Mon, 29 Sep 2003 14:12:26 +0100",
            "isosent": "20030929131226",
            "name": "Richard Ishida",
            "email": "shida@w3.org",
            "subject": "RE: Availability for conference call Sept 29-Oct 3",
            "id": "000801c3868b$5480f720$e801000a@w3c40upc3ma3j2",
            "charset": "us-ascii",
            "inreplyto": "3F6FD932.9000406&#64;larson-tech.com",
            "expires": "-1",
            "to": "\"'Jim Larson'\"<jim@larson-tech.com>,\"'Martin Duerst'\"<duerst@w3.org>\n",
            "cc": "<scott.mcglashan@pipebeach.com>,<jerry.carter@scansoft.com>,<paolo.baggia@loquendo.com>,<jk@us.ibm.com>,<www-archive@w3.org>,<w3c-i18n-ig@w3.org>\n"
        },
        {
            "body": "Hello Jim,I have removed w3c-i18n-ig from crossposting.At 22:25 03/09/22 -0700, Jim Larson wrote:>Dan Luc I are available at the following times:>>Monday Sept 29 9 am - 1 pm pacific timeany time in that slot would be fine>Friday Oct 3 Anytime before 10 am pacific timeAnytime after 12am eastern (9am pacific) and before6pm eastern (3pm pacific) (start) would be fine.Regards,    Martin.>When during the above times are each of you available for the next>confernce call for the SSML/I18N joint discussions>>Regards,>>-Jim>",
            "docno": "lists-099-8878849",
            "received": "Fri Sep 26 09:52:48 2003",
            "isoreceived": "20030926135248",
            "sent": "Thu, 25 Sep 2003 16:58:30 -0400",
            "isosent": "20030925205830",
            "name": "Martin Duerst",
            "email": "duerst@w3.org",
            "subject": "Re: Availability for conference call Sept 29-Oct 3",
            "id": "4.2.0.58.J.20030925165613.060b4f50@localhost",
            "charset": "us-ascii",
            "inreplyto": "3F6FD932.9000406&#64;larson-tech.com",
            "expires": "-1",
            "to": " Jim Larson<jim@larson-tech.com>\n",
            "cc": " Richard Ishida<ishida@w3.org>,scott.mcglashan@pipebeach.com,jerry.carter@scansoft.com,paolo.baggia@loquendo.com,jk@us.ibm.com,www-archive@w3.org\n"
        },
        {
            "body": "Folks,Here is my attempt to summarize the issues and/or positionsaround the bidi topic discussed Thursday.  Please forgive meif I have misstated a position.----------------------------------------------------------------Motivation for this discussion:For accessibility reasons, many W3C markup languages area) required to ensure that authors *can* write documents usingthe markup language in such a way as to *guarantee* that thecontent of the document can be rendered visually, andb) encouraged to be designed in a way such that visual renderingof *any* content marked up with that language is possible.Of course, W3C has a strong interest in ensuring that their markuplanguages work equally well for all human languages in order toavoid unnecessary language/cultural bias and to provide thebroadest usability for the specifications.Definition:Combinations of text segments from different human languagesthat are typically rendered visually in different directions(right-to-left or left-to-right) are referred to asbidirectional or bidi text.Martin's claims: (hope I got this right!)1. Current algorithms to visually render bidi text using onlya) the text itself andb) indications of the language of each segment are imperfect.2. The addition of Unicode representations of text directionalityto the above is still insufficient to render such text perfectly.3. To ensure correct visual rendering of a marked-up documentfor all human languages, explicit directionality indicatorsmust be provided as part of the markup (and hence be a partof the markup language itself).4. Bidi controls in (X)HTML may provide this functionality forspecifications that need it.SSML group claims/statements:1. This is a general issue for many of W3C's specifications andis in no way unique to SSML.2. Current solutions presented for this (e.g. XHTML elements/attributes)are incomplete because they were not designed to work  for allXML-based specifications.3. If important to W3C, this issue should be addressed by workthat explicitly incorporates feedback and requirements fromall specifications that may conceivably be expected to providethis functionality now or in the near future.  It should *not*be done as a one-off discussion between the SSML group and theI18N group.4. The SSML group will be happy to incorporate the results ofany such comprehensive effort into its specifications when available.5. It is irresponsible to the speech industry and W3C to requirethe development and/or implemention of non-comprehensive interimsolutions for bidirectionality or to force the progress of thecurrent specification to halt until the comprehensive effortdescribed is complete.-- Dan BurnettSSML subgroup Chair",
            "docno": "lists-099-8481632",
            "received": "Fri Sep 19 01:43:31 2003",
            "isoreceived": "20030919054331",
            "sent": "Thu, 18 Sep 2003 22:43:19 -0700",
            "isosent": "20030919054319",
            "name": "Daniel Burnett",
            "email": "burnett@nuance.com",
            "subject": "Summary of SSML/I18N bidi issues/positions",
            "id": "ED834EE1FDD6C3468AB0F5569206E6E9364BDF@MPB1EXCH02.nuance.com",
            "charset": "iso-8859-1",
            "expires": "-1",
            "to": "\"Richard Ishida\"<ishida@w3.org>,\"Martin Duerst\"<duerst@w3.org>,<jim@larson-tech.com>,<luc.vantichelen@scansoft.com>\n",
            "cc": "<scott.mcglashan@pipebeach.com>,<jerry.carter@scansoft.com>,<paolo.baggia@loquendo.com>,<jk@us.ibm.com>,<www-archive@w3.org>,<w3c-i18n-ig@w3.org>\n"
        },
        {
            "body": "Hello Daniel,Very good summary. Just some comments:At 22:43 03/09/18 -0700, Daniel Burnett wrote:>Folks,>>Here is my attempt to summarize the issues and/or positions>around the bidi topic discussed Thursday.  Please forgive me>if I have misstated a position.>>---------------------------------------------------------------->Motivation for this discussion:>For accessibility reasons, many W3C markup languages are>a) required to ensure that authors *can* write documents using>  the markup language in such a way as to *guarantee* that the>  content of the document can be rendered visually, and>b) encouraged to be designed in a way such that visual rendering>  of *any* content marked up with that language is possible.>Of course, W3C has a strong interest in ensuring that their markup>languages work equally well for all human languages in order to>avoid unnecessary language/cultural bias and to provide the>broadest usability for the specifications.>>Definition:>Combinations of text segments from different human languages>  that are typically rendered visually in different directions>  (right-to-left or left-to-right) are referred to as>  bidirectional or bidi text.>>Martin's claims: (hope I got this right!)>1. Current algorithms to visually render bidi text using only>  a) the text itself and>  b) indications of the language of each segment are imperfect.>2. The addition of Unicode representations of text directionality>  to the above is still insufficient to render such text perfectly.I guess you mean the bidi formatting codes provided by Unicode.The problem is not that they are not adequate for renderingbidi text ('perfectly'), e.g. for plain text; the problem isthat they can interact very badly with markup, leading tothings very similar to <i><b></i></b> crappy HTML examples.>3. To ensure correct visual rendering of a marked-up document>  for all human languages, explicit directionality indicators>  must be provided as part of the markup (and hence be a part>  of the markup language itself).>4. Bidi controls in (X)HTML may provide this functionality for>  specifications that need it.>>SSML group claims/statements:>1. This is a general issue for many of W3C's specifications and>  is in no way unique to SSML.Correct.>2. Current solutions presented for this (e.g. XHTML elements/attributes)>  are incomplete because they were not designed to work  for all>  XML-based specifications.They were not explicitly designed for all XML-based specifications,but they would still work easily with an extremely broad rangeof XML specifications.>3. If important to W3C, this issue should be addressed by work>  that explicitly incorporates feedback and requirements from>  all specifications that may conceivably be expected to provide>  this functionality now or in the near future.  It should *not*>  be done as a one-off discussion between the SSML group and the>  I18N group.>4. The SSML group will be happy to incorporate the results of>  any such comprehensive effort into its specifications when available.>5. It is irresponsible to the speech industry and W3C to require>  the development and/or implemention of non-comprehensive interim>  solutions for bidirectionality or to force the progress of the>  current specification to halt until the comprehensive effort>  described is complete.I do not think that the current XHTML solution is in any waysignificant way non-comprehensive. I also do not believe thatany 'comprehensive effort' will lead to a proposal that issignificantly different from the current XHTML solution.Regards,    Martin.",
            "docno": "lists-099-8518516",
            "received": "Fri Sep 19 10:50:26 2003",
            "isoreceived": "20030919145026",
            "sent": "Fri, 19 Sep 2003 10:39:17 -0400",
            "isosent": "20030919143917",
            "name": "Martin Duerst",
            "email": "duerst@w3.org",
            "subject": "Re: Summary of SSML/I18N bidi issues/positions",
            "id": "4.2.0.58.J.20030919102854.05075c40@localhost",
            "charset": "us-ascii",
            "inreplyto": "ED834EE1FDD6C3468AB0F5569206E6E9364BDF&#64;MPB1EXCH02.nuance.c om",
            "expires": "-1",
            "to": "\"Daniel Burnett\"<burnett@nuance.com>,\"Richard Ishida\"<ishida@w3.org>,<jim@larson-tech.com>,<luc.vantichelen@scansoft.com>\n",
            "cc": "<scott.mcglashan@pipebeach.com>,<jerry.carter@scansoft.com>,<paolo.baggia@loquendo.com>,<jk@us.ibm.com>,<www-archive@w3.org>,<w3c-i18n-ig@w3.org>\n"
        }
    ]
}