{
    "id": "candidate-0385",
    "name": "Nigel Peck",
    "gender": "MALE",
    "email": "nigel@miswebdesign.com",
    "mails": [
        {
            "body": "Nigel,As you probably noticed, that resources/references page is very out ofdate. We hope to be updating it in the very near future. I have notedyour request and we will include the listings and links as appropriate.Regards,~ShawnShawn Lawton HenryW3C Web Accessibility Initiative (WAI)e-mail: shawn@w3.orgphone: +1.617.253.8788about: http://www.w3.org/People/Shawn/> -----Original Message-----> From: wai-site-comments-request@w3.org> [mailto:wai-site-comments-request@w3.org] On Behalf Of Nigel> Peck - MIS Web Design> Sent: Thursday, July 31, 2003 5:59 PM> To: wai-site-comments@w3.org> Subject: Link>>>> Hi,>> A couple of links for your resources page at:> http://www.w3.org/WAI/References/>> An Introduction To> Accessible Web Design> http://www.miswebdesign.com/resources/articles/accessibility-intro.htmlAccessify.comhttp://www.accessify.com/Cheers,Nigel PeckMIS Web Designhttp://www.miswebdesign.com/",
            "docno": "lists-088-2229096",
            "received": "Tue Aug 26 15:52:52 2003",
            "isoreceived": "20030826195252",
            "sent": "Tue, 26 Aug 2003 15:52:44 -0400",
            "isosent": "20030826195244",
            "name": "Shawn Lawton Henry",
            "email": "shawn@w3.org",
            "subject": "References update - RE: Link",
            "id": "000001c36c0b$9dd92680$5e19a8c0@SLHenry",
            "charset": "us-ascii",
            "inreplyto": "GIEPILGNGLGALLGCBEGLAEAOCMAA.nigel&#64;miswebdesign.com",
            "expires": "-1",
            "to": "\"'Nigel Peck - MIS Web Design'\"<nigel@miswebdesign.com>,<wai-site-comments@w3.org>,<wai-eo-editors@w3.org>\n"
        },
        {
            "body": "Hi Olivier, Karl and Dom,Please see below ... can we please come up with a suitable longdesc for the graph in the recently published \"WaSP asks W3C\" (WaW)?http://www.webstandards.org/learn/askw3c/feb2004.htmlThanks,-steph-------- Original Message --------Subject: Fw: WaSP: Disappointing Alternative DescriptionDate: Wed, 18 Feb 2004 09:15:09 -0600From: Dave Shea <dave@mezzoblue.com>Hey Nigel,The alt text is exactly what alt text should be, as far as I'm concerned- simple and to the point. But a longdesc or even title would bebeneficial in this case, since there's so much extra data that'slocked-up in the image.Any suggestions on how we'd go about summarizing a multi-tiered graph astext?d.------------- Forwarded message follows -------------Hi Dave,In the following recent WaSP article:http://www.webstandards.org/learn/askw3c/feb2004.htmlThe alternative description for the image 'graph of ccpp' isdisappointing, surely there should be a longdesc?Cheers,Nigel",
            "docno": "lists-015-12004677",
            "received": "Wed Feb 18 10:36:33 2004",
            "isoreceived": "20040218153633",
            "sent": "Wed, 18 Feb 2004 10:36:11 0500",
            "isosent": "20040218153611",
            "name": "steph",
            "email": "steph@unadorned.org",
            "subject": "[Fwd: Fw: WaSP: Disappointing Alternative Description]",
            "id": "4033866B.2020204@unadorned.org",
            "charset": "usascii",
            "expires": "1",
            "to": " nigel@miswebdesign.com\n",
            "cc": " learn@webstandards.org\n"
        },
        {
            "body": "Sounds about right to me. I've no problem with admitting I'm a geek (not anerd :-).My concern is that we'll end up with two Web Developer communities that havelittle relation to each other, those using the latest standards and those onHTML who don't know or care. (even more so than how it is now)And there's no way Browser manufacturers will move browsers to a nonbackwards compatible language until a very high percentage of users areaware of it.NigelMIS Web Designhttp://www.miswebdesign.com/-----Original Message-----From: Brant Langer Gurganus[mailto:brantgurganus2001@cherokeescouting.org]Sent: 30 December 2002 16:18Subject: Re: Promotion of XHTMLNigel Peck - MIS Web Design wrote:>It's great how XHTML is progressing with version 2 etc. but it strikes me>that while the W3C is taking the specs into the future the majority of the>Web Development world is lagging miles behind. I don't think I'm the first>one to have noticed this but wouldn't we be better putting out efforts into>getting other developers to do the XHTML walk rather than producing the>XHTML run?>>For example, a college near to me teaches Web Design. They teach HTML not>XHTML. People come out of there happily writing <br> tags and not closing>their <p> tags and some will go on to create Web sites. I had an email from>a tutor in the states somewhere who is starting to teach his classes XHTML>this coming semester. I can't claim to having any more data than that but>from looking at code on the sites that I see it seems that most developers>still couldn't care less about closing their empty elements and making sure>all elements nest properly.>>I'm just concerned that once XHTML 2 gets released people will hear about>it, no backwards compatibility etc. and loads of new elements and be scared>by it. It's okay for us making the transition because we're already fully>aware of 1.0 but from what I've seen most are not, old habits die hard, and>especially with the number of people that know HTML. It's not like a new>version of Perl where the majority of users are enthusiastic about the>language, most people couldn't care less about the language and just wantto>get the job done, how do we get them to start being more strict in their>coding practices?>>For my part I've started a series of articles aimed at teaching XHTML to>beginners, if anyone is interested it's at:>http://www.miswebdesign.com/resources/articles/web-design-xhtml-1-1.html>>I too have noticed this.  Schools teach the worst Web design since theythink they have to use fancy text books (which cost money, take time tomake and purchase, etc.) when they could just use the actualspecifications which are sometimes even easier and are monetarily free.By the time the textbook is printed, it is probably out-of-date and ifadopted, it takes about five years before new text books are adopted.In the worst cases, Web design education is at least six years behindthe Web specifications.  That is why you still see people writingpresentationally using invalid HTML 3.2 through a Web editor.  Such isthe case with my school.  Despite all my efforts, they fail to realizethat HTML is a markup language that adds meaning, not fancy colors.They fail to see that this makes the language easier, not more difficult.They seem to think:I have to be  a nerd to read HTML code.I don't want to be a nerd.I refuse to read HTML code.Not only is that false logic, being a geek or nerd is not a bad thing.A geek is simply someone with a passion for his or her profession orhobby whether it be computers, sports, or something else.Well, I hope those ramblings didn't stray too far from the original topic.--Brant Langer Gurganushttp://troop545.cjb.net/brant.xhtml",
            "docno": "lists-015-6921725",
            "received": "Mon Dec 30 11:35:28 2002",
            "isoreceived": "20021230163528",
            "sent": "Mon, 30 Dec 2002 16:35:32 0000",
            "isosent": "20021230163532",
            "name": "Nigel Peck  MIS Web Design",
            "email": "nigel@miswebdesign.com",
            "subject": "RE: Promotion of XHTML",
            "id": "BFECLKEDIHDIPFDEBCFNOENCDHAA.nigel@miswebdesign.com",
            "charset": "iso-88591",
            "inreplyto": "3E1071BB.3040307&#64;cherokeescouting.org",
            "expires": "1",
            "to": " Nigel Peck - MIS Web Design\n",
            "cc": " www-html@w3.org; public-evangelist@w3.org\n"
        },
        {
            "body": "Nigel Peck - MIS Web Design wrote:>It's great how XHTML is progressing with version 2 etc. but it strikes me>that while the W3C is taking the specs into the future the majority of the>Web Development world is lagging miles behind. I don't think I'm the first>one to have noticed this but wouldn't we be better putting out efforts into>getting other developers to do the XHTML walk rather than producing the>XHTML run?>>For example, a college near to me teaches Web Design. They teach HTML not>XHTML. People come out of there happily writing <br> tags and not closing>their <p> tags and some will go on to create Web sites. I had an email from>a tutor in the states somewhere who is starting to teach his classes XHTML>this coming semester. I can't claim to having any more data than that but>from looking at code on the sites that I see it seems that most developers>still couldn't care less about closing their empty elements and making sure>all elements nest properly.>>I'm just concerned that once XHTML 2 gets released people will hear about>it, no backwards compatibility etc. and loads of new elements and be scared>by it. It's okay for us making the transition because we're already fully>aware of 1.0 but from what I've seen most are not, old habits die hard, and>especially with the number of people that know HTML. It's not like a new>version of Perl where the majority of users are enthusiastic about the>language, most people couldn't care less about the language and just want to>get the job done, how do we get them to start being more strict in their>coding practices?>>For my part I've started a series of articles aimed at teaching XHTML to>beginners, if anyone is interested it's at:>http://www.miswebdesign.com/resources/articles/web-design-xhtml-1-1.html>>I too have noticed this.  Schools teach the worst Web design since theythink they have to use fancy text books (which cost money, take time tomake and purchase, etc.) when they could just use the actualspecifications which are sometimes even easier and are monetarily free.By the time the textbook is printed, it is probably out-of-date and ifadopted, it takes about five years before new text books are adopted.In the worst cases, Web design education is at least six years behindthe Web specifications.  That is why you still see people writingpresentationally using invalid HTML 3.2 through a Web editor.  Such isthe case with my school.  Despite all my efforts, they fail to realizethat HTML is a markup language that adds meaning, not fancy colors.They fail to see that this makes the language easier, not more difficult.They seem to think:I have to be  a nerd to read HTML code.I don't want to be a nerd.I refuse to read HTML code.Not only is that false logic, being a geek or nerd is not a bad thing.A geek is simply someone with a passion for his or her profession orhobby whether it be computers, sports, or something else.Well, I hope those ramblings didn't stray too far from the original topic.--Brant Langer Gurganushttp://troop545.cjb.net/brant.xhtmlapplication/x-pkcs7-signature attachment: S/MIME Cryptographic Signature",
            "docno": "lists-015-6910675",
            "received": "Mon Dec 30 11:30:02 2002",
            "isoreceived": "20021230163002",
            "sent": "Mon, 30 Dec 2002 11:18:03 0500",
            "isosent": "20021230161803",
            "name": "Brant Langer Gurganus",
            "email": "brantgurganus2001@cherokeescouting.org",
            "subject": "Re: Promotion of XHTML",
            "id": "3E1071BB.3040307@cherokeescouting.org",
            "charset": "ISO-88591",
            "inreplyto": "BFECLKEDIHDIPFDEBCFNEEMLDHAA.nigel&#64;miswebdesign.com",
            "expires": "1",
            "to": " Nigel Peck - MIS Web Design<nigel@miswebdesign.com>\n",
            "cc": "www-html@w3.org,public-evangelist@w3.org\n"
        },
        {
            "body": "Hi,A couple of links for your resources page at:http://www.w3.org/WAI/References/An Introduction To Accessible Web Designhttp://www.miswebdesign.com/resources/articles/accessibility-intro.htmlAccessify.comhttp://www.accessify.com/Cheers,Nigel PeckMIS Web Designhttp://www.miswebdesign.com/",
            "docno": "lists-088-2490617",
            "received": "Thu Jul 31 18:46:50 2003",
            "isoreceived": "20030731224650",
            "sent": "Thu, 31 Jul 2003 22:58:48 +0100",
            "isosent": "20030731215848",
            "name": "Nigel Peck - MIS Web Design",
            "email": "nigel@miswebdesign.com",
            "subject": "Link",
            "id": "GIEPILGNGLGALLGCBEGLAEAOCMAA.nigel@miswebdesign.com",
            "charset": "iso-8859-1",
            "expires": "-1",
            "to": "<wai-site-comments@w3.org>\n"
        },
        {
            "body": "Nigel,As you probably noticed, that resources/references page is very out ofdate. We hope to be updating it in the very near future. I have notedyour request and we will include the listings and links as appropriate.Regards,~ShawnShawn Lawton HenryW3C Web Accessibility Initiative (WAI)e-mail: shawn@w3.orgphone: +1.617.253.8788about: http://www.w3.org/People/Shawn/> -----Original Message-----> From: wai-site-comments-request@w3.org> [mailto:wai-site-comments-request@w3.org] On Behalf Of Nigel> Peck - MIS Web Design> Sent: Thursday, July 31, 2003 5:59 PM> To: wai-site-comments@w3.org> Subject: Link>>>> Hi,>> A couple of links for your resources page at:> http://www.w3.org/WAI/References/>> An Introduction To> Accessible Web Design> http://www.miswebdesign.com/resources/articles/accessibility-intro.htmlAccessify.comhttp://www.accessify.com/Cheers,Nigel PeckMIS Web Designhttp://www.miswebdesign.com/",
            "docno": "lists-086-16547129",
            "received": "Tue Aug 26 15:52:52 2003",
            "isoreceived": "20030826195252",
            "sent": "Tue, 26 Aug 2003 15:52:44 -0400",
            "isosent": "20030826195244",
            "name": "Shawn Lawton Henry",
            "email": "shawn@w3.org",
            "subject": "References update - RE: Link",
            "id": "000001c36c0b$9dd92680$5e19a8c0@SLHenry",
            "charset": "us-ascii",
            "inreplyto": "GIEPILGNGLGALLGCBEGLAEAOCMAA.nigel&#64;miswebdesign.com",
            "expires": "-1",
            "to": "\"'Nigel Peck - MIS Web Design'\"<nigel@miswebdesign.com>,<wai-site-comments@w3.org>,<wai-eo-editors@w3.org>\n"
        }
    ]
}