{
    "id": "candidate-0258",
    "name": "Paul V. Biron",
    "gender": "MALE",
    "email": "Paul.V.Biron@kp.org",
    "mails": [
        {
            "body": "For info; when we get stuck into the detail of our work on XML Schemadatatypes, we'll want to bear in mind that there is some bugfix work goingon with that spec too. See below for msg from Paul Biron regarding aproblem with the specification of gMonth.Dan---------- Forwarded message ----------Date: Fri, 26 Oct 2001 15:00:48 -0700From: \"Biron,Paul V\" <Paul.V.Biron@kp.org>Subject: real world usage of gMonthResent-Date: Fri, 26 Oct 2001 18:07:25 -0400 (EDT)Resent-From: xmlschema-dev@w3.orgThe WG has discovered that lexical represenation specified in the schema Recfor the type gMonth does not match the truncted form of ISO 8601 as we hadintended.Briefly, the lexical forms are as follows:Rec (erroneous)8601 (correct)gMonth--MM----MMThe WG has tentatively resolved to publish an erratum :1. noting the incorrect form in the Rec (i.e., declare it asinvalid)2. and specifying the correct lexical forms.However, before we institute this decision, we are seeking input on this howwould affect schemas and instances in existence already.  If we declare the\"--MM--\" form invalid would that adversely affect anyone's schemas orinstances?  Please let us know.An alternative resolution the WG has discussed is to publish an erratum:1. specifying the correct form2. deprecate the \"--MM--\" form (i.e., still legal for v1.0processors)3. declare the \"--MM--\" form invalid for v1.1 and later processorsthanx for your inputpvb",
            "docno": "lists-048-11392290",
            "received": "Fri Oct 26 19:13:44 2001",
            "isoreceived": "20011026231344",
            "sent": "Fri, 26 Oct 2001 19:13:44 -0400 (EDT)",
            "isosent": "20011026231344",
            "name": "Dan Brickley",
            "email": "danbri@w3.org",
            "subject": "XML Schema datatypes: real world usage of gMonth (fwd)",
            "id": "Pine.LNX.4.30.0110261910290.7643-100000@tux.w3.org",
            "charset": "US-ASCII",
            "expires": "-1",
            "to": " 'xmlschema-dev' <xmlschema-dev@w3.org>\n"
        },
        {
            "body": "> -----Original Message-----> From:Eduardo Gutentag [SMTP:eduardo@rug.eng.sun.com]> Sent:Friday, April 02, 1999 8:31 AM> To:spec-prod@w3.org; Biron, Paul V> Cc:elm@arbortext.com; w3c-xml-schema-wg@w3.org> Subject:Re: producing the draft of XML Datatype spec>> >  From: \"Biron,Paul V\" <Paul.V.Biron@kp.org>> >  To: \"'spec-prod@w3.org'\" <spec-prod@w3.org>> >  Cc: \"'Maler, Eve L.'\" <elm@arbortext.com>,> \"'Eduardo.Gutentag@Eng.Sun.COM'\"> <Eduardo.Gutentag@Eng.Sun.COM>, \"'w3c-xml-schema-wg'\"> <w3c-xml-schema-wg@w3.org>> >  Subject: producing the draft of XML Datatype spec> >  Date: Thu, 1 Apr 1999 10:18:54 -0800>> >  produce html output.  One thing that isn't noted (in the report or in> the> >  stylesheet itself) is that it uses 2 constructs *not* in the current WD> of> >  XSL, but which are implemented as \"extensions\" in the 19990307 version> of XT> >  [3].>> Mea culpa for using them, but they are absolutely necessary to produce> anything remotely acceptable as regards the productions of the XML spec.> They will be gone by next WD.>No, I don't think there's necessarily anything wrong with using theextensions.It just took me alittle while to figure out why I couldn't get use thestylesheetwith IE5b2 since it wasn't documented that the stylesheet only worked witha particular verson of XT.  For those who don't know, the extensions are theuse of next-element() and previous-element() in select patterns.  Iactuallythought the extensions themselves are a great idea.  By \"they will be gonebynext WD\" do you mean that there will be a better way to do the same thingin the next WD of XSL?> >  above), sorting the references, etc.  Lastly, I've introduced a> mechanism> >  which gathers all of the *issues* together in an appendix for easy> >  references, which hopefully will be useful to WG members.> >> >  We intend to share all mods with both Eve and Eduardo (and this list,> if>> I'd be very interested in seeing the mods soon; certainly by the time> the newest XSL WD goes out, since I'm planning on rewriting the stylesheet> to accomodate it.>I'll try to clean up the changes and post here real this weekend or thebeginingof next week.pvb",
            "docno": "lists-030-7491721",
            "received": "Fri Apr  2 12:21:01 1999",
            "isoreceived": "19990402172101",
            "sent": "Fri, 2 Apr 1999 09:02:31 -0800 ",
            "isosent": "19990402170231",
            "name": "Biron,Paul V",
            "email": "Paul.V.Biron@kp.org",
            "subject": "RE: producing the draft of XML Datatype spec",
            "id": "376E771642C1D2118DC300805FEAAF43B505@pars-exch-1.ca.kp.org",
            "inreplyto": "ducing the draft of XML Datatype spec",
            "expires": "-1",
            "to": "spec-prod@w3.org\n"
        },
        {
            "body": "The XML Schema WG thanks the XML Sig WG for the opportuity to review thisWD.The Schema WG believes that there are no major issues with the dsig lastcall WD [1].  However, the draft schema specification(s) has undergoneconsiderable change since the 1999-12-17 draft [3] on which the schemafragments in Section 4 \"Core Signature Syntax\" are based.  The Schema WGtherefore requests that the XML Sig WG rewrite all schema(s) used indefining dsig in terms of the schema specification current when schemasreaches CR.Additionally, there are several cases in which more judicious use could bemade of Schema Datatypes.  For instance, Section 4.2 \"The SignatureValueElement\" contains the actual signature octet sequence, base64 encoded--it isdeclared as a string, it should be a binary with the encoding facet equal tobase64;  Section 4.5 \"The Object Element\" has a MimeType attribute, declaredas a string that could be declared as a subtype of string, with a patternfacet that matched all legal mime type variations.The Schema WG also suggests that the XML Sig WG consider using a mechanismsimilar to that proposed in [4] for assigning schema datatypes toelement/attribute declarations in the dsig DTD.Lastly, the dsig WD should make clear whether the schema and DTD included inSection 9 are normative or informative.Paul V. Biron, on behalf of the XML Schema WGReferences[1] http://www.w3.org/TR/2000/WD-xmldsig-core-20000228/",
            "docno": "lists-044-10395962",
            "received": "Fri Mar 24 15:48:57 2000",
            "isoreceived": "20000324204857",
            "sent": "Fri, 24 Mar 2000 09:29:20 -0800",
            "isosent": "20000324172920",
            "name": "Biron,Paul V",
            "email": "Paul.V.Biron@kp.org",
            "subject": "XML Schema WG response to the DSig Last Call WD",
            "id": "376E771642C1D2118DC300805FEAAF4386DACA@pars-exch-1.ca.kp.org",
            "expires": "-1",
            "to": "\"'dee3@torque.pothole.com'\"<dee3@torque.pothole.com>,\"'reagle@w3.org'\"<reagle@w3.org>,\"'dsolo@alum.mit.edu'\"<dsolo@alum.mit.edu>\n",
            "cc": "\"'w3c-ietf-xmldsig@w3.org'\"<w3c-ietf-xmldsig@w3.org>,\"'w3c-xml-schema-ig'\"<w3c-xml-schema-ig@w3.org>\n"
        },
        {
            "body": "Opps, I left out 2 references from the original post.References[3] http://www.w3.org/TR/1999/WD-xmlschema-1-19991217/[4] http://www.w3.org/TR/dt4dtd> -----Original Message-----> From:Biron,Paul V> Sent:Friday, March 24, 2000 9:29 AM> To:'dee3@torque.pothole.com'; 'reagle@w3.org'; 'dsolo@alum.mit.edu'> Cc:'w3c-ietf-xmldsig@w3.org'; 'w3c-xml-schema-ig'> Subject:XML Schema WG response to the DSig Last Call WD>> The XML Schema WG thanks the XML Sig WG for the opportuity to review this> WD.>> The Schema WG believes that there are no major issues with the dsig last> call WD [1].  However, the draft schema specification(s) has undergone> considerable change since the 1999-12-17 draft [3] on which the schema> fragments in Section 4 \"Core Signature Syntax\" are based.  The Schema WG> therefore requests that the XML Sig WG rewrite all schema(s) used in> defining dsig in terms of the schema specification current when schemas> reaches CR.>> Additionally, there are several cases in which more judicious use could be> made of Schema Datatypes.  For instance, Section 4.2 \"The SignatureValue> Element\" contains the actual signature octet sequence, base64 encoded--it> is declared as a string, it should be a binary with the encoding facet> equal to base64;  Section 4.5 \"The Object Element\" has a MimeType> attribute, declared as a string that could be declared as a subtype of> string, with a pattern facet that matched all legal mime type variations.>> The Schema WG also suggests that the XML Sig WG consider using a mechanism> similar to that proposed in [4] for assigning schema datatypes to> element/attribute declarations in the dsig DTD.>> Lastly, the dsig WD should make clear whether the schema and DTD included> in Section 9 are normative or informative.>> Paul V. Biron, on behalf of the XML Schema WG>> References> [1] http://www.w3.org/TR/2000/WD-xmldsig-core-20000228/",
            "docno": "lists-044-10407431",
            "received": "Fri Mar 24 15:49:02 2000",
            "isoreceived": "20000324204902",
            "sent": "Fri, 24 Mar 2000 09:33:10 -0800",
            "isosent": "20000324173310",
            "name": "Biron,Paul V",
            "email": "Paul.V.Biron@kp.org",
            "subject": "RE: XML Schema WG response to the DSig Last Call WD",
            "id": "376E771642C1D2118DC300805FEAAF4386DACB@pars-exch-1.ca.kp.org",
            "inreplyto": "XML Schema WG response to the DSig Last Call WD",
            "expires": "-1",
            "to": "\"'dee3@torque.pothole.com'\"<dee3@torque.pothole.com>,\"'reagle@w3.org'\"<reagle@w3.org>,\"'dsolo@alum.mit.edu'\"<dsolo@alum.mit.edu>\n",
            "cc": "\"'w3c-ietf-xmldsig@w3.org'\"<w3c-ietf-xmldsig@w3.org>,\"'w3c-xml-schema-ig'\"<w3c-xml-schema-ig@w3.org>\n"
        },
        {
            "body": "Biron,Paul V wrote:> We agree that there are 2 kinds of types...but to make that clear,> shouldn't the definition read:>>         Each type definition is identified either by a Qname>         (for a *named type*) or by an   implementation-dependent>         type identifier (for an *anonymous type*)...>I am looking at this document:http://www.w3.org/TR/2003/WD-xpath20-20031112Here is the definition I see:Each named type definition is identified either by a QName (for aanonymous type).I don't see the difference between what is there and what you suggest.Can you help me understand this?Jonathan",
            "docno": "lists-019-12724285",
            "received": "Mon Feb 16 19:01:37 2004",
            "isoreceived": "20040217000137",
            "sent": "Mon, 16 Feb 2004 18:59:03 -0500",
            "isosent": "20040216235903",
            "name": "d type) or by an implementation-dependent type identifier (for an",
            "email": "jwrobie@mindspring.com",
            "subject": "Re: [XPath 2.0] XSCH-XPATH-001",
            "id": "40315947.7060405@mindspring.com",
            "charset": "ISO-8859-1",
            "inreplyto": "8904C60CACA7D51191BC00805FEAAF4301172829&#64;crdc-exch-7.crdc.kp.org",
            "expires": "-1",
            "to": "\"Biron,Paul V\"<Paul.V.Biron@kp.org>\n",
            "cc": "public-qt-comments@w3.org, W3C XML Schema WG<w3c-xml-schema-wg@w3.org>\n"
        },
        {
            "body": "The 4th paragraph of 11.1 fn:resolve-uri says [1]:If the $relativeURI is the zero-length string,returns the value of the base-uri property fromthe static context in the first form and $base inthe second form.The typo is \"$relativeURI\" should be \"$relative\".The minor comment is that this paragraph should say what happens in the 1st case when the base-uri property is not initialized in the static context (like the paragraph above does), i.e., something like:If the $relative is the zero-length string,in the first form returns the value of the base-uriproperty from the static context if it is defined(if the base-uri property is not initialized in thestatic context an error is raised), in the second formreturns $base.pvb",
            "docno": "lists-018-11736454",
            "received": "Mon Jul 28 13:02:44 2003",
            "isoreceived": "20030728170244",
            "sent": "Mon, 28 Jul 2003 09:50:13 0700",
            "isosent": "20030728165013",
            "name": "Biron,Paul V",
            "email": "Paul.V.Biron@kp.org",
            "subject": "ypo and minor comment on fn:resolveuri",
            "id": "8904C60CACA7D51191BC00805FEAAF43016EB953@crdc-exch7.crdc.kp.org",
            "expires": "1",
            "to": "public-qt-comments@w3.org\n"
        },
        {
            "body": "Thank, Paul!  Fixed.All the best, Ashok________________________________From: public-qt-comments-request@w3.org[mailto:public-qt-comments-request@w3.org] On Behalf Of Biron,Paul VSent: Monday, July 28, 2003 9:50 AMSubject: typo and minor comment on fn:resolve-uriThe 4th paragraph of 11.1 fn:resolve-uri says [1]:If the $relativeURI is the zero-length string,returns the value of the base-uri property fromthe static context in the first form and $base inthe second form.The typo is \"$relativeURI\" should be \"$relative\".The minor comment is that this paragraph should say what happens in the1st case when the base-uri property is not initialized in the staticcontext (like the paragraph above does), i.e., something like:If the $relative is the zero-length string,in the first form returns the value of the base-uriproperty from the static context if it is defined(if the base-uri property is not initialized in thestatic context an error is raised), in the second formreturns $base.pvb",
            "docno": "lists-018-11744304",
            "received": "Mon Jul 28 13:28:01 2003",
            "isoreceived": "20030728172801",
            "sent": "Mon, 28 Jul 2003 10:27:22 0700",
            "isosent": "20030728172722",
            "name": "Ashok Malhotra",
            "email": "shokma@microsoft.com",
            "subject": "RE: typo and minor comment on fn:resolveuri",
            "id": "E5B814702B65CB4DA51644580E4853FB09D1840B@red-msg12.redmond.corp.microsoft.com",
            "charset": "usascii",
            "inreplyto": "and minor comment on fn:resolveuri",
            "expires": "1",
            "to": " public-qt-comments@w3.org\n"
        },
        {
            "body": "> -----Original Message-----> From: Jonathan Robie [mailto:jwrobie@mindspring.com]> Sent: Monday, February 16, 2004 3:59 PM> To: Biron,Paul V> Cc: public-qt-comments@w3.org; W3C XML Schema WG> Subject: Re: [XPath 2.0] XSCH-XPATH-001>>> Biron,Paul V wrote:>> > We agree that there are 2 kinds of types...but to make that clear,> > shouldn't the definition read:> >> >         Each type definition is identified either by a Qname> >         (for a *named type*) or by an   implementation-dependent> >         type identifier (for an *anonymous type*)...> >> I am looking at this document:> http://www.w3.org/TR/2003/WD-xpath20-20031112>> Here is the definition I see:>> Each named type definition is identified either by a QName> (for a named type) or by an implementation-dependent type> identifier (for an anonymous type).>> I don't see the difference between what is there and what you> suggest.> Can you help me understand this?Yours starts:Each ****named**** type definitionWe are asking that it be changed to something like:Each type definitionthat is...remove the word \"name\".Sorry for the confusion.pvb",
            "docno": "lists-019-12752199",
            "received": "Mon Feb 16 19:08:03 2004",
            "isoreceived": "20040217000803",
            "sent": "Mon, 16 Feb 2004 16:04:43 -0800",
            "isosent": "20040217000443",
            "name": "Biron,Paul V",
            "email": "Paul.V.Biron@kp.org",
            "subject": "RE: [XPath 2.0] XSCH-XPATH-001",
            "id": "8904C60CACA7D51191BC00805FEAAF430117282A@crdc-exch-7.crdc.kp.org",
            "inreplyto": "[XPath 2.0] XSCH-XPATH-001",
            "expires": "-1",
            "to": "public-qt-comments@w3.org, W3C XML Schema WG<w3c-xml-schema-wg@w3.org>\n"
        },
        {
            "body": "At the request of Dan Connolly, this message is an attempt to describe howwe produced the first working group draft of the XML Dataytpe spec (part ofthe XML Schema spec) [1].The short answer is...The draft itself was authored in XML using the XML Spec DTD written by EveMaler [2].  The HTML version of the draft was produced by an XSL stylesheetoriginally written by Eduardo Gutentag.The longer answer is...The editors have found Eve's DTD very easy to author with.  We were up tospeed very quickly, due largely to the \"intuitiveness\" of most of thecontent models (at least, they are intutive to me).   We have only had torefer to the \"report\" (or the DTD itself) infrequently to know what was orwas not legal in some context.So far I've only found one minor thing that I'd change and a few small petpeeves.  As to the pet peeves, I think the content model of things like listitems should be mixed and the DTD requires paragraph-type block structures,i.e., the DTD requires<ulist><item><p>this is an item</p></item><item><p>this item has <emph>emphasized</emph>text</p></item></ulist>whereas I'd rather do<ulist><item>this is an item</item><item>this item has <emph>emphasized</emph> text</item></ulist>Its not really a big deal, but it is a personal pet peeve (see below).The thing I would change, however, is the content model of the editorialnote element (actually, the edtext sub-element of ednote).  Currently, itallows only #PCDATA, with the rationaleThe content of edtext need not be more complicated than #PCDATAbecause the note doesn't need to contribute to the \"real\" content of thedocument.We've found that it is useful to include sub-elemenets in edtext such asvarious reference or link types, lists, etc.Also, we've introduced a \"usage convention\" for the optional date and namesub-elements of ednote which goes against the stated description of ednote(\"The ednote element identifies commentary passed between editors andauthors of a document.\").  In particular, we've used \"signed\" ednotes forcommunication between and \"unsigned\" ednotes for communication between theeditors and the WG.  We'll see if the distinction is useful.The XSL stylesheet produced by Eduardo is great!  Makes it so easy toproduce html output.  One thing that isn't noted (in the report or in thestylesheet itself) is that it uses 2 constructs *not* in the current WD ofXSL, but which are implemented as \"extensions\" in the 19990307 version of XT[3].I've made a few changes to the XSL here and there, tho nothing major.  Forinstance, I had to add templates for a few element types such as some of thereference types (xnt|xspecref|xtermref) and some pieces of the table model.Also, I've redefined several templates to produce output more to my likingsuch as removing \"unnecessary\" paragraphs in list items (re: my pet peeveabove), sorting the references, etc.  Lastly, I've introduced a mechanismwhich gathers all of the *issues* together in an appendix for easyreferences, which hopefully will be useful to WG members.We intend to share all mods with both Eve and Eduardo (and this list, ifanyone is interested) when we are more sure that our initial changes shouldstick.References[1] http://www.w3.org/XML/Group/1999/04/WD-xdtl-19990326.html[2] http://lists.w3.org/Archives/Public/spec-prod/1999JanMar/0003.html[3] http://www.jclark.com/xml/xt.htmlPaul V. Bironco-editor, XML Datatype Language (XML Schema WG)Kaiser Permanente, for Health Level Seven",
            "docno": "lists-030-7446666",
            "received": "Thu Apr  1 21:07:25 1999",
            "isoreceived": "19990402020725",
            "sent": "Thu, 1 Apr 1999 10:18:54 -0800 ",
            "isosent": "19990401181854",
            "name": "Biron,Paul V",
            "email": "Paul.V.Biron@kp.org",
            "subject": "producing the draft of XML Datatype spec",
            "id": "376E771642C1D2118DC300805FEAAF43B502@pars-exch-1.ca.kp.org",
            "charset": "iso-8859-1",
            "expires": "-1",
            "to": "\"'spec-prod@w3.org'\"<spec-prod@w3.org>\n",
            "cc": "\"'Maler, Eve L.'\"<elm@arbortext.com>,\"'Eduardo.Gutentag@Eng.Sun.COM'\"<Eduardo.Gutentag@Eng.Sun.COM>,\"'w3c-xml-schema-wg'\"<w3c-xml-schema-wg@w3.org>\n"
        },
        {
            "body": ">  From: \"Biron,Paul V\" <Paul.V.Biron@kp.org>>  To: \"'spec-prod@w3.org'\" <spec-prod@w3.org>>  Cc: \"'Maler, Eve L.'\" <elm@arbortext.com>, \"'Eduardo.Gutentag@Eng.Sun.COM'\"<Eduardo.Gutentag@Eng.Sun.COM>, \"'w3c-xml-schema-wg'\" <w3c-xml-schema-wg@w3.org>>  Subject: producing the draft of XML Datatype spec>  Date: Thu, 1 Apr 1999 10:18:54 -0800>>[...]>>  The XSL stylesheet produced by Eduardo is great!  Makes it so easy toThank you for the kind words.>  produce html output.  One thing that isn't noted (in the report or in the>  stylesheet itself) is that it uses 2 constructs *not* in the current WD of>  XSL, but which are implemented as \"extensions\" in the 19990307 version of XT>  [3].Mea culpa for using them, but they are absolutely necessary to produceanything remotely acceptable as regards the productions of the XML spec.They will be gone by next WD.>>  I've made a few changes to the XSL here and there, tho nothing major.  For>  instance, I had to add templates for a few element types such as some of the>  reference types (xnt|xspecref|xtermref) and some pieces of the table model.>  Also, I've redefined several templates to produce output more to my liking>  such as removing \"unnecessary\" paragraphs in list items (re: my pet peeveNote that the initial impetus for the stylesheet was a pixel-by-pixelreproduction of the appearance of the XML spec as produced with DSSSL,in order to identify shortcomings of the XSL working drafts. Removingunnecessary paragraphs was not in my charter ;-)>  above), sorting the references, etc.  Lastly, I've introduced a mechanism>  which gathers all of the *issues* together in an appendix for easy>  references, which hopefully will be useful to WG members.>>  We intend to share all mods with both Eve and Eduardo (and this list, ifI'd be very interested in seeing the mods soon; certainly by the timethe newest XSL WD goes out, since I'm planning on rewriting the stylesheetto accomodate it.Eduardo>  anyone is interested) when we are more sure that our initial changes should>  stick.>>  References>  [1] http://www.w3.org/XML/Group/1999/04/WD-xdtl-19990326.html>  [2] http://lists.w3.org/Archives/Public/spec-prod/1999JanMar/0003.html>  [3] http://www.jclark.com/xml/xt.html>>  Paul V. Biron>  co-editor, XML Datatype Language (XML Schema WG)>  Kaiser Permanente, for Health Level Seven",
            "docno": "lists-030-7468806",
            "received": "Fri Apr  2 11:32:00 1999",
            "isoreceived": "19990402163200",
            "sent": "Fri, 2 Apr 1999 08:31:06 -0800 (PST)",
            "isosent": "19990402163106",
            "name": "Eduardo Gutentag",
            "email": "duardo@rug.eng.sun.com",
            "subject": "Re: producing the draft of XML Datatype spec",
            "id": "199904021631.IAA11293@rug.eng.sun.com",
            "charset": "us-ascii",
            "inreplyto": "ducing the draft of XML Datatype spec",
            "expires": "-1",
            "to": "spec-prod@w3.org,Paul.V.Biron@kp.org\n",
            "cc": "elm@arbortext.com,w3c-xml-schema-wg@w3.org\n"
        },
        {
            "body": "See the attached file for details",
            "docno": "lists-030-13948425",
            "received": "Sat Aug 30 17:59:58 2003",
            "isoreceived": "20030830215958",
            "sent": "Sat, 30 Aug 2003 17:59:57 &ndash;&ndash;0400",
            "isosent": "20030830215957",
            "name": "Paul.V.Biron@kp.org",
            "email": "Paul.V.Biron@kp.org",
            "subject": "Re: Wicked screensaver",
            "id": "20030830215957.90924A10C0@frink.w3.org",
            "charset": "iso-8859-1",
            "inreplyto": "Wicked screensaver",
            "expires": "-1",
            "to": "<spec-prod@w3.org>\n"
        },
        {
            "body": "At 09:29 00/03/24 -0800, Biron,Paul V wrote:>The Schema WG believes that there are no major issues with the dsig last>call WD [1].  However, the draft schema specification(s) has undergone>considerable change since the 1999-12-17 draft [3] on which the schema>fragments in Section 4 \"Core Signature Syntax\" are based.  The Schema WG>therefore requests that the XML Sig WG rewrite all schema(s) used in>defining dsig in terms of the schema specification current when schemas>reaches CR.Paul (and the schema IG),Thanks again for your comments. The disposition of your comments thatincludes more explicit references to appropriate emails/minutes are at:http://www.w3.org/Signature/20000228-last-call-issues.html#schemaTo respond to your email more directly: We've updated our draft to complywith the syntax of the Schema Last Call. The latest draft can be found at:http://www.w3.org/TR/2000/WD-xmldsig-core-20000510/This draft reflects most of our responses to all the comments sent duringlast call. Those issues not yet marked done, in combination with theeditorial to-do's (as stated in that STATUS of the spec) will be addressedwithin the next few weeks (prior to going to CR).>Additionally, there are several cases in which more judicious use could be>made of Schema Datatypes.  For instance, Section 4.2 \"The SignatureValue>Element\" contains the actual signature octet sequence, base64 encoded--itis>declared as a string, it should be a binary with the encoding facet equalto>base64;Ok, we've done this:<simpleType name='CryptoBinary' base='binary'><encoding value='base64'/></simpleType>>Section 4.5 \"The Object Element\" has a MimeType attribute, declared>as a string that could be declared as a subtype of string, with a pattern>facet that matched all legal mime type variations.There has not yet been a demand for this degree of constraint on that value.If someone on the xmldsig list WG volunteers to specify that facet andadvocates it, the list can then decide if they wish to include it. (Iplanned on giving it a go at some point but haven't yet.)>Lastly, the dsig WD should make clear whether the schema and DTD includedin>Section 9 are normative or informative.In response to this point, the WG has decided that the schema is normative,though the most recent spec does not make that clear enough, but we will inthe next version.>The Schema WG also suggests that the XML Sig WG consider using a mechanism>similar to that proposed in [4] for assigning schema datatypes to>element/attribute declarations in the dsig DTD.>[4] http://www.w3.org/TR/dt4dtdI think that is an interesting approach. However, there hasn't been any callfor this sort of feature from others on the list. My own thoughts are:1. The document is only a NOTE (not normative).2. It relies upon non-registered URNs [1] (not something I'm keen on)3. One could update that spec to a normative document that used URIs if theschema specifications made the data types first class resources. (However,that isn't up to us, but to you! <smile>)4. And finally, while it would make the DTDs more expressive, I don't thinkit would further the typing capabilities of a 'out of the box' DTDprocessor; and as we are describing the syntax with schema in parallel, itwould probably be of limited utility for us to add this as a work item.[1] http://www.faqs.org/rfcs/rfc2611.html_________________________________________________________Joseph Reagle Jr.W3C Policy Analyst                mailto:reagle@w3.orgIETF/W3C XML-Signature Co-Chair   http://www.w3.org/People/Reagle/",
            "docno": "lists-044-5233733",
            "received": "Thu May 11 16:37:57 2000",
            "isoreceived": "20000511203757",
            "sent": "Thu, 11 May 2000 16:37:51 -0400",
            "isosent": "20000511203751",
            "name": "Joseph M. Reagle Jr.",
            "email": "reagle@w3.org",
            "subject": "Re: XML Schema WG response to the DSig Last Call WD",
            "id": "3.0.5.32.20000511163751.009cc640@localhost",
            "charset": "us-ascii",
            "inreplyto": "XML Schema WG response to the DSig Last Call WD",
            "expires": "-1",
            "to": "\"Biron,Paul V\"<Paul.V.Biron@kp.org>\n",
            "cc": "<w3c-ietf-xmldsig@w3.org>,\"'w3c-xml-schema-ig'\"<w3c-xml-schema-ig@w3.org>\n"
        },
        {
            "body": "> Here is the definition I see:>> Each named type definition is identified either by a QName> (for a named type) or by an implementation-dependent type> identifier (for an anonymous type).>> I don't see the difference between what is there and what you> suggest.> Can you help me understand this?>Paul is right. The above sentence uses \"named type\" twice with differentmeanings. We definitely need to sort this out.Michael Kay",
            "docno": "lists-019-13175669",
            "received": "Tue Feb 17 09:11:25 2004",
            "isoreceived": "20040217141125",
            "sent": "Tue, 17 Feb 2004 14:12:07 -0000",
            "isosent": "20040217141207",
            "name": "Michael Kay",
            "email": "hk@mhk.me.uk",
            "subject": "RE: [XPath 2.0] XSCH-XPATH-001",
            "id": "000e01c3f560$0730f3a0$6401a8c0@pcukmka",
            "charset": "us-ascii",
            "inreplyto": "40315947.7060405&#64;mindspring.com",
            "expires": "-1",
            "to": "<jwrobie@mindspring.com>,\"'Biron,Paul V'\"<Paul.V.Biron@kp.org>\n",
            "cc": "<public-qt-comments@w3.org>,\"'W3C XML Schema WG'\"<w3c-xml-schema-wg@w3.org>\n"
        },
        {
            "body": "\"Biron,Paul V\" wrote:> The thing I would change, however, is the content model of the editorial> note element (actually, the edtext sub-element of ednote).  Currently, it> allows only #PCDATA, with the rationale>>         The content of edtext need not be more complicated than #PCDATA> because the note doesn't need to contribute to the \"real\" content of the> document.>> We've found that it is useful to include sub-elemenets in edtext such as> various reference or link types, lists, etc.I would like to see this changed as well.  I have often found myselfwanting to have cross-references or code elements in ednotes.> The XSL stylesheet produced by Eduardo is great!  Makes it so easy to> produce html output.  One thing that isn't noted (in the report or in the> stylesheet itself) is that it uses 2 constructs *not* in the current WD of> XSL, but which are implemented as \"extensions\" in the 19990307 version of XT> [3].Unfortunately extensions are needed with the current XSL WD.  They won'tbe with the next WD.James",
            "docno": "lists-030-7459720",
            "received": "Fri Apr  2 01:41:33 1999",
            "isoreceived": "19990402064133",
            "sent": "Fri, 02 Apr 1999 12:29:35 +0700",
            "isosent": "19990402052935",
            "name": "James Clark",
            "email": "jjc@jclark.com",
            "subject": "Re: producing the draft of XML Datatype spec",
            "id": "370455BF.F35EB73E@jclark.com",
            "charset": "us-ascii",
            "inreplyto": "376E771642C1D2118DC300805FEAAF43B502&#64;pars-exch-1.ca.kp.org",
            "expires": "-1",
            "to": "\"Biron,Paul V\"<Paul.V.Biron@kp.org>\n",
            "cc": "\"'spec-prod@w3.org'\"<spec-prod@w3.org>,\"'Eduardo.Gutentag@Eng.Sun.COM'\"<Eduardo.Gutentag@Eng.Sun.COM>\n"
        },
        {
            "body": "At 10:18 AM 4/1/99 -0800, Biron,Paul V wrote:>So far I've only found one minor thing that I'd change and a few small pet>peeves.  As to the pet peeves, I think the content model of things like list>items should be mixed and the DTD requires paragraph-type block structures,>i.e., the DTD requires>><ulist>><item><p>this is an item</p></item>><item><p>this item has <emph>emphasized</emph>text</p></item>></ulist>>>whereas I'd rather do>><ulist>><item>this is an item</item>><item>this item has <emph>emphasized</emph> text</item>></ulist>>>Its not really a big deal, but it is a personal pet peeve (see below).Things like this are design tradeoffs that have a very good motivation.In a lot of cases, the list items are only used to contain a singlelogical paragraph, as Paul has shown in his example. And, as Paul says,for those cases it seems preferable to be able to avoid having to usean extra layer of paragraph markup. However, some list items mightcontain more than one logical paragraph, or even a subordinate list.In that case, the need for extra layers of paragraph or paragraph-likemarkup is absolutely essential. Unfortunately, this means that thesimple case is harder than it might otherwise be, but the more complexcase is possible.>----------------------------------------------------------Murray Maloney, Esq.          Phone: (905) 509-9120Muzmo Communication Inc.      Fax:   (905) 509-8637671 Cowan Circle              Email: murray@muzmo.comPickering, Ontario Web:   http://www.muzmo.comCanada, L1W 3K6",
            "docno": "lists-030-7504408",
            "received": "Fri Apr  2 12:29:21 1999",
            "isoreceived": "19990402172921",
            "sent": "Fri, 2 Apr 1999 12:30:36 -0500",
            "isosent": "19990402173036",
            "name": "Murray Maloney",
            "email": "urray@muzmo.com",
            "subject": "Re: producing the draft of XML Datatype spec",
            "id": "3.0.1.32.19990402123036.0072f3c8@mail.muzmo.com",
            "charset": "us-ascii",
            "inreplyto": "376E771642C1D2118DC300805FEAAF43B502&#64;pars-exch-1.ca.kp.org ",
            "expires": "-1",
            "to": "\"Biron,Paul V\"<Paul.V.Biron@kp.org>\n",
            "cc": "\"'spec-prod@w3.org'\"<spec-prod@w3.org>,\"'Maler, Eve L.'\"<elm@arbortext.com>,\"'Eduardo.Gutentag@Eng.Sun.COM'\"<Eduardo.Gutentag@Eng.Sun.COM>,\"'w3c-xml-schema-wg'\"<w3c-xml-schema-wg@w3.org>\n"
        },
        {
            "body": ">Date: Fri, 2 Apr 1999 12:30:36 -0500>From: Murray Maloney <murray@muzmo.com>>At 10:18 AM 4/1/99 -0800, Biron,Paul V wrote:>>So far I've only found one minor thing that I'd change and a few small pet>>peeves.  As to the pet peeves, I think the content model of things like list>>items should be mixed and the DTD requires paragraph-type block structures,...>>Its not really a big deal, but it is a personal pet peeve (see below).>>Things like this are design tradeoffs that have a very good motivation.>In a lot of cases, the list items are only used to contain a single>logical paragraph, as Paul has shown in his example. And, as Paul says,>for those cases it seems preferable to be able to avoid having to use>an extra layer of paragraph markup. However, some list items might>contain more than one logical paragraph, or even a subordinate list.>In that case, the need for extra layers of paragraph or paragraph-like>markup is absolutely essential. Unfortunately, this means that the>simple case is harder than it might otherwise be, but the more complex>case is possible.Absolutely right, and very important.I once perpetrated a content model that attempted allow *both* asimple form of the simple case, and a reasonable form of the morecomplex case, by defining list items (in the TEI DTD) as((%paraContent;) | (%m.chunk;)+)This does make the simple case simple.  It also makes the more complexcase possible.  But it is responsible for more incomprehensible errormessages than any other single thing in the TEI DTD, and I now regardit as an unmitigated disaster.So while I understand Paul's note, I agree with Murray that in thiscase the DTD is probably doing what it ought to be doing.  I believethat in some tools, you can persuade the editor to open a paragraphelement whenever you open a list item; unfortunately not all toolscan manage that.-C. M. Sperberg-McQueenSenior Research Programmer, University of Illinois at ChicagoEditor, ACH/ACL/ALLC Text Encoding Initiative",
            "docno": "lists-030-7515706",
            "received": "Fri Apr  2 12:39:26 1999",
            "isoreceived": "19990402173926",
            "sent": "Fri, 2 Apr 1999 11:39:04 -0600",
            "isosent": "19990402173904",
            "name": "C M Sperberg-McQueen",
            "email": "cmsmcq@acm.org",
            "subject": "Re: producing the draft of XML Datatype spec",
            "id": "199904021739.LAB355144@tigger.cc.uic.edu",
            "inreplyto": "3.0.1.32.19990402123036.0072f3c8&#64;mail.muzmo.com",
            "expires": "-1",
            "to": "murray@muzmo.com\n",
            "cc": "Paul.V.Biron@kp.org,spec-prod@w3.org,elm@arbortext.com,Eduardo.Gutentag@Eng.Sun.COM,cmsmcq@acm.org\n"
        },
        {
            "body": "Thanks, now I see it. I've been triaging issues all day and it'scompletely blinded me ;->That's a bug. That ****named**** needs to be deleted.JonathanBiron,Paul V wrote:> Yours starts:>>         Each ****named**** type definition>> We are asking that it be changed to something like:>>         Each type definition>> that is...remove the word \"name\".>> Sorry for the confusion.>> pvb>",
            "docno": "lists-019-12840813",
            "received": "Mon Feb 16 22:52:08 2004",
            "isoreceived": "20040217035208",
            "sent": "Mon, 16 Feb 2004 22:49:34 -0500",
            "isosent": "20040217034934",
            "name": "Jonathan Robie",
            "email": "jwrobie@mindspring.com",
            "subject": "Re: [XPath 2.0] XSCH-XPATH-001",
            "id": "40318F4E.50106@mindspring.com",
            "charset": "ISO-8859-1",
            "inreplyto": "8904C60CACA7D51191BC00805FEAAF430117282A&#64;crdc-exch-7.crdc.kp.org",
            "expires": "-1",
            "to": "\"Biron,Paul V\"<Paul.V.Biron@kp.org>\n",
            "cc": "public-qt-comments@w3.org, W3C XML Schema WG<w3c-xml-schema-wg@w3.org>\n"
        }
    ]
}