{
    "id": "candidate-0423",
    "name": "Tokushige Kobayashi",
    "gender": "MALE",
    "email": "koba@antenna.co.jp",
    "mails": [
        {
            "body": "Dir sir,As you may know, my company is publising an Antenna HouseXSL Formatter (that is XSL FO processor). And we plan tohold the first XSL School (one day seminor) on June 6,2001 in TOKYO, Japan.We are now preparing tutorials mainly on XSL formattingobjects in Japanese for the seminor.To explain on XSL in Japanese, we need Japanese translationof the specification of \"Extensible Stylesheet Language\"Candidate Reccomendation, published on 21 November 2000.The XSL specification is too long to translate it whollyinto Japanese by ourself. But there seems to be no otherorganizations or persons who are willing to translate thespecification into Japanese.Is it OK to translate partially the XSL specification intoJapanese, and to refer to the translated material from ourtutorial?May we summarize, in behalf of translation, the some part ofthe XSL Specification that seems to us unimportant forusers of XSL Formatter?I am awaiting your reply,Tokushige KobayashiPresidentAntenna House, Inc.koba@antenna.co.jp",
            "docno": "lists-057-7414247",
            "received": "Tue May  8 11:51:09 2001",
            "isoreceived": "20010508155109",
            "sent": "Wed, 09 May 2001 00:47:49 +0900",
            "isosent": "20010508154749",
            "name": "by way of Martin Duerst",
            "email": "koba@antenna.co.jp",
            "subject": "[w3c-translators] &lt;none&gt;",
            "id": "4.2.0.58.J.20010509004741.034a6290@sh.w3.mag.keio.ac.jp",
            "charset": "us-ascii",
            "expires": "-1",
            "to": "w3c-translators@w3.org\n"
        },
        {
            "body": "This school?http://www.antenna.co.jp/XML/school/XSLDAY.HTMOn Wed, 09 May 2001 00:47:49 +0900Tokushige Kobayashi <koba@antenna.co.jp> (by way of Martin Duerst <duerst@w3.org>) wrote:> Dir sir,>> As you may know, my company is publising an Antenna House> XSL Formatter (that is XSL FO processor). And we plan to> hold the first XSL School (one day seminor) on June 6,> 2001 in TOKYO, Japan.>> We are now preparing tutorials mainly on XSL formatting> objects in Japanese for the seminor.>> To explain on XSL in Japanese, we need Japanese translation> of the specification of \"Extensible Stylesheet Language\"> Candidate Reccomendation, published on 21 November 2000.>> The XSL specification is too long to translate it wholly> into Japanese by ourself. But there seems to be no other> organizations or persons who are willing to translate the> specification into Japanese.>> Is it OK to translate partially the XSL specification into> Japanese, and to refer to the translated material from our> tutorial?>> May we summarize, in behalf of translation, the some part of> the XSL Specification that seems to us unimportant for> users of XSL Formatter?>> I am awaiting your reply,>>> Tokushige Kobayashi> President> Antenna House, Inc.> koba@antenna.co.jp>Omotihttp://www.net24.ne.jp/~omoti/omoti@n24.net",
            "docno": "lists-057-7431296",
            "received": "Tue May  8 12:33:21 2001",
            "isoreceived": "20010508163321",
            "sent": "Wed, 09 May 2001 01:33:26 +0900",
            "isosent": "20010508163326",
            "name": "Omoti",
            "email": "omoti@n24.net",
            "subject": "Re: Can anyone translate XSL into Japanese for free?",
            "id": "20010509013133.5646.OMOTI@n24.net",
            "charset": "US-ASCII",
            "inreplyto": "4.2.0.58.J.20010509004741.034a6290&#64;sh.w3.mag.keio.ac.jp",
            "expires": "-1",
            "to": "w3c-translators@w3.org\n"
        },
        {
            "body": "Dear Mr. Kobayashi,Many thanks for your effort to start translation of the XSLspecification.At 01:35 01/05/09 +0900, Masayasu Ishikawa wrote:>Kobayashi-san,>>Tokushige Kobayashi <koba@antenna.co.jp> wrote:>> > Is it OK to translate partially the XSL specification into> > Japanese, and to refer to the translated material from our> > tutorial?>>Partial translation should be OK, so long as you follow the requirements>described in 5.6 of the W3C Intellectual Property FAQ, at:>>     http://www.w3.org/Consortium/Legal/IPR-FAQ-20000620#translateI agree with Masayasu that it is okay to make a partial translation.As a volunteer effort, and for a large spec, this is the best wayto work towards an eventual complete translation. Other volunteerscould contribute missing parts.In addition to the requirements in the W3C Intellectual Property FAQ,please make sure that you clearly say that it is a partial translation,and that it is clear which parts are translated, and which parts aremissing.> > May we summarize, in behalf of translation, the some part of> > the XSL Specification that seems to us unimportant for> > users of XSL Formatter?>>It sounds similar to annotation.  5.8 of the W3C Intellectual Property>FAQ might be relevant in this case.>>     http://www.w3.org/Consortium/Legal/IPR-FAQ-20000620#annotate>>I think so long as those summarized parts are clearly represented>as such, i.e. clearly distinguishable that those are not literal>translations but summaries, that should be OK.Yes. The summaries could either be in a separate document, or couldstand in for those parts that are not yet translated fully. Later,somebody could replace them with the actual translations.Many thanks again and kind regards,     Martin.",
            "docno": "lists-057-7449975",
            "received": "Tue May  8 22:11:27 2001",
            "isoreceived": "20010509021127",
            "sent": "Wed, 09 May 2001 10:47:06 +0900",
            "isosent": "20010509014706",
            "name": "Martin Duerst",
            "email": "duerst@w3.org",
            "subject": "Re: [w3c-translators] &lt;none&gt;",
            "id": "4.2.0.58.J.20010509104133.02df5940@sh.w3.mag.keio.ac.jp",
            "charset": "us-ascii",
            "inreplyto": "20010509013526A.mimasa&#64;w3.mag.keio.ac.jp",
            "expires": "-1",
            "to": " Masayasu Ishikawa<mimasa@w3.org>,koba@antenna.co.jp\n",
            "cc": "w3c-translators@w3.org,reagle@w3.org\n"
        },
        {
            "body": "Kobayashi-san,Tokushige Kobayashi <koba@antenna.co.jp> wrote:> Is it OK to translate partially the XSL specification into> Japanese, and to refer to the translated material from our> tutorial?Partial translation should be OK, so long as you follow the requirementsdescribed in 5.6 of the W3C Intellectual Property FAQ, at:http://www.w3.org/Consortium/Legal/IPR-FAQ-20000620#translate> May we summarize, in behalf of translation, the some part of> the XSL Specification that seems to us unimportant for> users of XSL Formatter?It sounds similar to annotation.  5.8 of the W3C Intellectual PropertyFAQ might be relevant in this case.http://www.w3.org/Consortium/Legal/IPR-FAQ-20000620#annotateI think so long as those summarized parts are clearly representedas such, i.e. clearly distinguishable that those are not literaltranslations but summaries, that should be OK.Regards,--Masayasu Ishikawa / mimasa@w3.orgW3C - World Wide Web Consortium",
            "docno": "lists-057-7440872",
            "received": "Tue May  8 12:35:07 2001",
            "isoreceived": "20010508163507",
            "sent": "Wed, 09 May 2001 01:35:26 +0900",
            "isosent": "20010508163526",
            "name": "Masayasu Ishikawa",
            "email": "sa@w3.org",
            "subject": "Re: [w3c-translators] &lt;none&gt;",
            "id": "20010509013526A.mimasa@w3.mag.keio.ac.jp",
            "charset": "us-ascii",
            "inreplyto": "4.2.0.58.J.20010509004741.034a6290&#64;sh.w3.mag.keio.ac.jp",
            "expires": "-1",
            "to": "koba@antenna.co.jp\n",
            "cc": "w3c-translators@w3.org\n"
        }
    ]
}