{
    "id": "candidate-0483",
    "name": "Natasha Lipkina",
    "gender": "FEMALE",
    "email": "natasha.lipkina@hp.com",
    "mails": [
        {
            "body": "I have problem with using absolute language such as \"all\" and\"should\", etc.  \"All\" is hard to back up in some cases. \"Should\"comes across as directive or pushy. It is just my gut feeling thatusing these two words would evoke a negative reaction in some readersand therefore should be avoided unless there is some veryoverwhelming reason to use them.Alternative words to use:all > most, a majority, the large partshould > could, is recommended/suggestedCharmane>Envelope-to: corcora1@pilot.msu.edu>X-Original-To: w3c-wai-eo@listhub.w3.org>Delivered-To: w3c-wai-eo@listhub.w3.org>Delivered-To: w3c-wai-eo@w3.org>From: \"LIPKINA,NATASHA (HP-PaloAlto,ex1)\" <natasha.lipkina@hp.com>>To: 'Shawn Lawton Henry' <shawn@w3.org>,>\"'EOWG (E-mail)'\" <w3c-wai-eo@w3.org>>Cc: \"LIPKINA,NATASHA (HP-PaloAlto,ex1)\" <natasha.lipkina@hp.com>>Date: Thu, 29 Jan 2004 16:38:36 -0500>Subject: RE: bcase-social factors for 23 January 2004 teleconference>X-Archived-At:>http://www.w3.org/mid/92D1B98A6B79C348BDA9D5CC23650B1901E9821C@xsun06.ptp.hp.com>Resent-From: w3c-wai-eo@w3.org>X-Mailing-List: <w3c-wai-eo@w3.org> archive/latest/3603>X-Loop: w3c-wai-eo@w3.org>Sender: w3c-wai-eo-request@w3.org>Resent-Sender: w3c-wai-eo-request@w3.org>List-Id: <w3c-wai-eo.w3.org>>List-Help: <http://www.w3.org/Mail/>>List-Unsubscribe: <mailto:w3c-wai-eo-request@w3.org?subject=unsubscribe>>Resent-Date: Thu, 29 Jan 2004 16:39:19 -0500 (EST)>X-Virus: None found by Clam AV>>>>Shawn, I just took off the red text that I believe can be omitted in this>case.  Below is the text I propose.>>Please let me know if you have questions.>>>>\"Corporate social responsibility (CSR), also called corporate citizenship>and other terms, is about operating an organization in such a way that>treats internal and external stakeholders ethically, conducts business in>the ethical way, increases human development, and positively impacts society>and the environment. Web accessibility is anintegral part of CSR because it>demonstrates company's commitment to providing equal opportunities for all>people regadless of limitations in all aspects of business.  Each company>should have either CSR statement, policies or program that demonstrate its>respect for all people and commitment to providing equal opportunities.>>Below are some of the points that should be included into CSR policies>oprovide access to the web for all employees regardless of>limitations>odevelop accessible information on the web>oraise awareness about accessibility among employees and customers,>ocontribute to the development of accessibility industry standards>etc.>>CSR has been shown to improve financial performance, enhance brand image and>reputation, increase sales and customer loyalty, increase ability to attract>and retain employees, and provide access to capital and funding. \">>Thanks>>Natasha Lipkina>HP eBusiness/HP.com>Accessibility Program Manager>Tel: 650-236-5409>www.hp.com/accessibility>www.hp.com/hpweb/accessibility>Connecting people to the power of technology>--MSU: Advancing Knowledge. Transforming Lives.Libraries, Computing & Technology: Connecting People and Information~~~~~~~~~~~~~~~~~~~~~~~~~~~~~~~~~~~~~~~~~~~~~~~~~~~~~~~~~~Have a Productive Day!~~~~~~~~~~~~~~~~~~~~~~~~~~~~~~~~~~~~~~~~~~~~~~~~~~~~~~~~~~Charmane K. CorcoranInformation & Project PrincipalMichigan State UniversityClient Advocacy Office316A Computer CenterEast Lansing MI 48824E-mail:corcora1@msu.eduPhone:Dept. Office - 517/353-4856Direct/Vmail - 517/355-4500 Ext. 244FAX:Office: 517/355-0141HmPg:http://www.msu.edu/~corcora1/",
            "docno": "lists-062-16664834",
            "received": "Fri Jan 30 00:20:02 2004",
            "isoreceived": "20040130052002",
            "sent": "Fri, 30 Jan 2004 00:17:38 -0500",
            "isosent": "20040130051738",
            "name": "Charmane K. Corcoran",
            "email": "corcora1@msu.edu",
            "subject": "Fwd: RE: bcase-social factors for 23 January 2004 teleconference",
            "id": "a05210607bc3f957b63e2@[35.12.19.85]",
            "charset": "us-ascii",
            "expires": "-1",
            "to": "\"'EOWG (E-mail)'\"<w3c-wai-eo@w3.org>\n"
        },
        {
            "body": "Shawn,The hotel is asking whether we will need to hold the roll-in rooms for thosewho use wheel chairs.Do you have any clue whether we need to keep some of them reserved or not?-----Original Message-----From: Shawn Lawton Henry [mailto:shawn@w3.org]Sent: Wednesday, July 09, 2003 7:15 AMSubject: EOWG: Preliminary Agenda for 11 July 2003 teleconferenceEOWG:A preliminary agenda for our 11 July 2003 teleconference follows.Time:   8:30am - 10:30am US Eastern TimeBridge: (Zakim) +1 617 761 6200- conference code EOWG# (3694#)IRC: (Internet Relay Chat)- for those who wish to use IRC to supplement theteleconference discussion- channel: #eo- server: irc.w3.org- port: 6665Please join the call by 8:30am US Eastern time if possible, as we willstart the agenda right at the beginning of the call.AGENDA:1. (If new people on call:) Reminder on use of IRC as supplemental, asper our discussion at previous meetings.2. Outreach Updates (brief)please send to EOWG mailing list in advance when possible3. EOWG Meetings in July in California:a. Reminder, Friday 18 July session is open registration (noparticipation requirements)http://www.w3.org/WAI/EO/2003/0718-training.htmlb. Scribes (to take minutes) for 16-18 Julyc. Introduction of draft usability test protocol (for discussion on 16July)4. EOWG Meetings in September in Dublin:a. further discussion about *tentative* meetings & training exchangeSeptember 3-5 in Dublin, IE, following AAATE(http://atireland.ie/aaate/)- final OK on dates and location- further discussion of program and agendasRegards,Shawn & JudyShawn Lawton HenryW3C Web Accessibility Initiative (WAI)e-mail: shawn@w3.orgphone: +1.617.253.8788about: http://www.w3.org/People/Shawn/",
            "docno": "lists-062-12627532",
            "received": "Wed Jul  9 15:08:21 2003",
            "isoreceived": "20030709190821",
            "sent": "Wed, 9 Jul 2003 12:08:15 -0700 ",
            "isosent": "20030709190815",
            "name": "LIPKINA,NATASHA (HP-PaloAlto,ex1)",
            "email": "natasha.lipkina@hp.com",
            "subject": "RE: EOWG: Preliminary Agenda for 11 July 2003 teleconference",
            "id": "68157FD469848D45B9CBC2833AD552800306DAE6@xsun02.ptp.hp.com",
            "charset": "iso-8859-1",
            "inreplyto": "EOWG: Preliminary Agenda for 11 July 2003 teleconference",
            "expires": "-1",
            "to": " EOWG (E-mail)\n"
        },
        {
            "body": "At 02:38 PM 2/26/2004 -0600, Shawn Lawton Henry wrote:>provide access to the web for all employees regardless of limitationsUh-uh. First it's not clear if the \"limitations\" are those of the access orof the employees. If the former, it's not too good a thing to accept, ifthe latter, it somehow seems \"demeaning\"?--Love.It's Bad Luck to be Superstitious!---Outgoing mail is certified Virus Free.Checked by AVG anti-virus system (http://www.grisoft.com).Version: 6.0.591 / Virus Database: 374 - Release Date: 2/17/2004",
            "docno": "lists-063-0392976",
            "received": "Sat Feb 28 08:15:24 2004",
            "isoreceived": "20040228131524",
            "sent": "Sat, 28 Feb 2004 05:15:31 -0800",
            "isosent": "20040228131531",
            "name": "William Loughborough",
            "email": "ove26@gorge.net",
            "subject": "RE: bcase-social factors for 23 January 2004 teleconference",
            "id": "5.2.0.9.2.20040228051249.027b83e0@pop3.gorge.net",
            "charset": "us-ascii",
            "inreplyto": "007b01c3fca8$7faf3540$6682c418&#64;SLHenry",
            "expires": "-1",
            "to": "\"Shawn Lawton Henry\"<shawn@w3.org>,\"'LIPKINA,NATASHA (HP-PaloAlto,ex1)'\"<natasha.lipkina@hp.com>,\"'EOWG (E-mail)'\"<w3c-wai-eo@w3.org>\n"
        },
        {
            "body": ">  Each company should have either> CSR statement, policies or program that demonstrate its> respect for all people and commitment to providing equal> opportunities.>> Below are some of the points that should be included into CSR policies> oprovide access to the web for all employees regardless of> limitations> odevelop accessible information on the web> oraise awareness about accessibility among employees and> customers,> ocontribute to the development of accessibility industry> standards etc.Very good points; however, I think this is going beyond the scope ofthis document. This document focuses on how to make a business case forWeb accessibility, not telling organziations that they _should_ have aCSR & Web accessibility policy. That might fit better in DevelopingOrganizational Policies on Web Accessibility(http://www.w3.org/WAI/impl/pol.html ). yes?> CSR has been shown to improve financial performance, enhance> brand image and reputation, increase sales and customer> loyalty, increase ability to attract and retain employees,> and provide access to capital and funding. \"will look at putting in financial factors page",
            "docno": "lists-063-0295644",
            "received": "Thu Feb 26 15:39:05 2004",
            "isoreceived": "20040226203905",
            "sent": "Thu, 26 Feb 2004 14:38:31 -0600",
            "isosent": "20040226203831",
            "name": "Shawn Lawton Henry",
            "email": "shawn@w3.org",
            "subject": "RE: bcase-social factors for 23 January 2004 teleconference",
            "id": "007b01c3fca8$7faf3540$6682c418@SLHenry",
            "charset": "us-ascii",
            "inreplyto": "92D1B98A6B79C348BDA9D5CC23650B1901E9821C&#64;xsun06.ptp.hp.com",
            "expires": "-1",
            "to": "\"'LIPKINA,NATASHA (HP-PaloAlto,ex1)'\"<natasha.lipkina@hp.com>,\"'EOWG (E-mail)'\"<w3c-wai-eo@w3.org>\n"
        },
        {
            "body": "I just called the hotel and the numbers are correct but they provided uswith additional number if you have problems with the ones listed on thesite:650-213-4250  Jay Cotaor you can send an email to jcota@creekside-inn.comYou need to dial 1 before you dial the 800 number and use the country code.Please let me know if you have been successful.Best regards,Natasha Lipkinahp.comCompliance/AccessibilityProgram Manager650-236-5409-----Original Message-----From: Pierre GUILLOU [mailto:pierre.guillou@snv.jussieu.fr]Sent: Monday, June 23, 2003 10:37 AMSubject: to book a room for EO July meeting ?Natasha, Shawn,I have tried without success to call the hotel in Palo Alto by usinginformation published on the WAI web site:Creekside InnReservation: 800 492-7335Tel: 650-493-2411Fax: 650-493-6787May you confirm me the numbers ? Maybe I have to dial other numbers fromEurope ? Is there a web site ?Thanks a lot !pierre",
            "docno": "lists-062-11099769",
            "received": "Wed Jun 25 16:42:50 2003",
            "isoreceived": "20030625204250",
            "sent": "Wed, 25 Jun 2003 16:42:57 -0400",
            "isosent": "20030625204257",
            "name": "LIPKINA,NATASHA (HP-PaloAlto,ex1)",
            "email": "natasha.lipkina@hp.com",
            "subject": "RE: to book a room for EO July meeting ?",
            "id": "5.1.0.14.2.20030625164235.02d8ed30@localhost",
            "charset": "us-ascii",
            "inreplyto": "book a room for EO July meeting ?",
            "expires": "-1",
            "to": " EOWG\n"
        },
        {
            "body": "Hi,Some suggestions regarding CSR section: from my point of view, there aresome redundancies in the text and the message is not crystal clear.Red indicates text that I believe can be omitted. Blue is additions to thetext.Corporate social responsibility (CSR), also called corporate citizenship andother terms, is about operating an organization in such a way that treatsinternal and external stakeholders ethically, conducts business in theethical way, increases human development, and positively impacts society andthe environment. Web accessibility is anintegral part of CSR because itdemonstrates company's commitment to providing equal opportunities for allpeople regadless of limitations in all aspects of business.  can impact anorganization's employees, stockholders and board members, suppliers andvendors, partners and collaborators, customers, and other constituents.Each company should have either CSR statement, policies or program thatdemonstrate its respect for all people and commitment to providing equalopportunities.   The following points can help incorporating social factorsin a customized case for Web accessibility:?Does the organization already have a corporate socialresponsibilit,y statement or program? An organization's commitment to socialresponsibility could be in various areas and formats, and might be calledsomething different than CSR.oIf yes: How does Web accessibility fit within the specificparameters that the organization focuses on in its social responsibilityefforts? For example, are the organization's efforts focused on employeevolunteerism, financial sponsorship of events, or enhanced reputation topotential customers? A customized case can emphasize those aspects whichmost closely align with the organziations priorities. Is accessibility partof the corporate objective, does it promote hiring people with disabilities,Below are some of the points that should be included into CSR policiesoprovide access to the web for all employees regardless oflimitationsodevelop accessible information on the weboraise awareness about accessibility among employees and customers,ocontribute to the development of accessibility industry standardsetc.oIf no: Are there programs or initiatives within the organizationthat overlap with social factors? For example, is the organization heavilyrecruiting employees, trying to increase its customer base for online sales,or seeking capital or other funding. [@@ need to say how each of theserelate to Web access, e.g., employees get good feelings, sense ofcontribfution to society os easier to recruit & retain - or would that betoo much?]CSR has been shown to improve financial performance, enhance brand image andreputation, increase sales and customer loyalty, increase ability to attractand retain employees, and provide access to capital and funding. [x] manyorganizations around the world provide information about CRS (much of itfree on the Web), such as statistics that show have CSR impacts customers.?Which avenues of maximizing the benefits of Web accessibility as CSRare most relevant to the organziation? For example, is the organziationeager for a public relations story, or would it be able to demonstrateleadership as one of the first organziations in its area to fully implementWeb accessibility?One motivation for organizations' social responsibility efforts isfinancial. An organization's efforts in Web accessibility is a publicrelations opportunity to increase their positive image, which could increasesite use, and offer direct and indirect financial gains, as discussed in theFinancial Factors page of this resource suite.ThanksNatasha LipkinaHP eBusiness/HP.comAccessibility Program ManagerTel: 650-236-5409www.hp.com/accessibilitywww.hp.com/hpweb/accessibilityConnecting people to the power of technology-----Original Message-----From: w3c-wai-eo-request@w3.org [mailto:w3c-wai-eo-request@w3.org]OnBehalf Of Shawn Lawton HenrySent: Thursday, January 22, 2004 8:37 PMSubject: bcase-social factors for 23 January 2004 teleconference> An agenda for our 23 January 2004 teleconference follows....> 3. Presenting the Case for Web Accessibility: Social Factors> - see review notes in separate e-mailNOTE: The only section that has significant changes since the lastreview is the \"Web Accessibility Benefits More Than People withDisabilities\" section at:http://www.w3.org/WAI/EO/Drafts/bcase/soc.html#groupslastest draft: http://www.w3.org/WAI/EO/Drafts/bcase/soc.html- previous version: http://www.w3.org/WAI/EO/Drafts/bcase/soc-old.html- version before last major rewrite (from March 2003):http://www.w3.org/WAI/EO/Drafts/bcase/soc-old.htmlchangelog showing which changes are still pending from last discussion:- http://www.w3.org/WAI/EO/Drafts/bcase/changelog.html#changes",
            "docno": "lists-062-16508947",
            "received": "Fri Jan 23 06:29:07 2004",
            "isoreceived": "20040123112907",
            "sent": "Fri, 23 Jan 2004 03:27:46 -0800",
            "isosent": "20040123112746",
            "name": "LIPKINA,NATASHA (HP-PaloAlto,ex1)",
            "email": "natasha.lipkina@hp.com",
            "subject": "RE: bcase-social factors for 23 January 2004 teleconference",
            "id": "92D1B98A6B79C348BDA9D5CC23650B1901E981CD@xsun06.ptp.hp.com",
            "charset": "iso-8859-1",
            "inreplyto": "bcase-social factors for 23 January 2004 teleconference",
            "expires": "-1",
            "to": " 'EOWG (E-mail)'\n"
        },
        {
            "body": "Vacation time!",
            "docno": "lists-062-15895146",
            "received": "Thu Jun  3 17:11:59 2004",
            "isoreceived": "20040603211159",
            "sent": "Thu, 3 Jun 2004 14:11:27 -0700",
            "isosent": "20040603211127",
            "name": "Lipkina, Natasha (hp.com)",
            "email": "natasha.lipkina@hp.com",
            "subject": "regrets for 4 June 2004 teleconference",
            "id": "6D57FC6937B53C41AA35668F386A6CFCCEC6DA@cacexc05.americas.cpqcorp.net",
            "charset": "US-ASCII",
            "expires": "-1",
            "to": "\"EOWG (E-mail)\"<w3c-wai-eo@w3.org>\n"
        },
        {
            "body": "Last week spoke at the 5th Annual National EmploymentAccess 2003 Conferenceendorsed by:The California Governor's Committee on Employment of People withDisabilities, The California State Department of Rehabilitation, The SantaClara County Committee for the Employment of People with Disabilities andThe Bay Area Coalition for the Employment of People with Disabilities andhosted by: TransAccess and Sensory Access FoundationTopic: Web Accessibility PanelTitle: Are We There Yet? On the Road to Web Site AccessibilityDiscussed current developments in accessible web site design, assistivetechnology and government policy.Best regards,Natasha Lipkinae-business/hp.comCompliance/Accessibility650-236-5409-----Original Message-----From: Andrew.Arch@visionaustralia.org.au[mailto:Andrew.Arch@visionaustralia.org.au]Sent: Thursday, August 28, 2003 11:19 PMSubject: 29 August 2003 Teleconference outreach & Regrets for DublinOutreach Update - last week I spoke at the Australian W3C Day in Sydneyorganised by the Australian Office (http://w3c.dstc.edu.au/) aboutaccessibility needs, Guidelines and developments, and Australian policy andpractice.Regrets - unfortunately I will not be able to join you in Dublin next week.I'm sure you'll have a fruitful and productive meeting.Andrew_________________________________Dr Andrew ArchManager Online Accessibility Consulting, National Information and LibraryServicePh 613 9864 9222; Fax 613 9864 9210; Mobile 0438 755 565http://www.visionaustralia.org.au/webaccessibility |http://www.it-test.com.au/ | http://www.dc-anz.org/Member, Education & Outreach Working Group,W3C Web Accessibility Initiativehttp://www.w3.org/WAI/EO/National Information Library Service - A Joint Venture between theRoyal Victorian Institute for the Blind, The Royal Blind Society of NSW,and Vision Australia Foundation.",
            "docno": "lists-062-13314985",
            "received": "Fri Aug 29 03:32:07 2003",
            "isoreceived": "20030829073207",
            "sent": "Fri, 29 Aug 2003 00:32:01 -0700",
            "isosent": "20030829073201",
            "name": "LIPKINA,NATASHA (HP-PaloAlto,ex1)",
            "email": "natasha.lipkina@hp.com",
            "subject": "RE: 29 August 2003 Teleconference outreach &amp; Regrets for Dublin",
            "id": "68157FD469848D45B9CBC2833AD552800306DE6F@xsun02.ptp.hp.com",
            "charset": "iso-8859-1",
            "inreplyto": "29 August 2003 Teleconference outreach &amp; Regrets for Dublin",
            "expires": "-1",
            "to": " jbrewer@w3.org\n",
            "cc": " EOWG\n"
        },
        {
            "body": "Shawn, I just took off the red text that I believe can be omitted inthiscase.  Below is the text I propose.Please let me know if you have questions.>>\"Corporate social responsibility (CSR), also called corporatecitizenshipand other terms, is about operating an organization in such a way thattreats internal and external stakeholders ethically, conducts businessinthe ethical way, increases human development, and positively impactssocietyand the environment. Web accessibility is anintegral part of CSR becauseitdemonstrates company's commitment to providing equal opportunities forallpeople regadless of limitations in all aspects of business.  Eachcompanyshould have either CSR statement, policies or program that demonstrateitsrespect for all people and commitment to providing equal opportunities.> Below are some of the points that should be included into CSR policies> oprovide access to the web for all employees regardless of> limitations> odevelop accessible information on the web> oraise awareness about accessibility among employees andcustomers,> ocontribute to the development of accessibility industrystandards> etc.>> CSR has been shown to improve financial performance, enhance brandimage> and reputation, increase sales and customer loyalty, increase abilityto> attract and retain employees, and provide access to capital andfunding. \">> Thanks>> Natasha Lipkina> HP eBusiness/HP.com> Accessibility Program Manager> Tel: 650-236-5409> www.hp.com/accessibility> www.hp.com/hpweb/accessibility> Connecting people to the power of technology>>>>> -----Original Message-----> From: w3c-wai-eo-request@w3.org [mailto:w3c-wai-eo-request@w3.org]On> Behalf Of Shawn Lawton Henry> Sent: Thursday, January 22, 2004 8:37 PM> To: 'EOWG (E-mail)'> Subject: bcase-social factors for 23 January 2004 teleconference>>>> > An agenda for our 23 January 2004 teleconference follows.> ...> > 3. Presenting the Case for Web Accessibility: Social Factors> > - see review notes in separate e-mail>>> NOTE: The only section that has significant changes since the last> review is the \"Web Accessibility Benefits More Than People with> Disabilities\" section at:> http://www.w3.org/WAI/EO/Drafts/bcase/soc.html#groups>> lastest draft: http://www.w3.org/WAI/EO/Drafts/bcase/soc.html> - previous version: http://www.w3.org/WAI/EO/Drafts/bcase/soc-old.html> - version before last major rewrite (from March 2003):> http://www.w3.org/WAI/EO/Drafts/bcase/soc-old.html>> changelog showing which changes are still pending from lastdiscussion:> - http://www.w3.org/WAI/EO/Drafts/bcase/changelog.html#changes>",
            "docno": "lists-062-16586419",
            "received": "Thu Jan 29 15:30:21 2004",
            "isoreceived": "20040129203021",
            "sent": "Thu, 29 Jan 2004 14:29:39 -0600",
            "isosent": "20040129202939",
            "name": "LIPKINA,NATASHA (HP-PaloAlto,ex1)",
            "email": "natasha.lipkina@hp.com",
            "subject": "FW: bcase-social factors for 23 January 2004 teleconference",
            "id": "92D1B98A6B79C348BDA9D5CC23650B1901E98219@xsun06.ptp.hp.com",
            "charset": "iso-8859-1",
            "inreplyto": "bcase-social factors for 23 January 2004 teleconference",
            "expires": "-1",
            "to": "\"EOWG (E-mail)\"<w3c-wai-eo@w3.org>\n"
        },
        {
            "body": "FYI25 February 2004<http://ictrnid.org.uk/euc/index.html> Access to the Information Society for deaf and hard of hearing peopleBrussels, BelgiumThe conference will bring together decision-makers at the highest level to discuss the problems and potential solutions to open up the Information Society for all deaf, hard of hearing and speech-impaired people. The aim of the conference is to move towards a common European strategy in broadcasting and telecommunications and to start removing some of the barriers to opportunity and fulfilment. Enterprise and Information Society Commissioner Erkki Liikanen will be a keynote speaker at the event and Per Blixt, Head of Unit for Disability and Elderly People at Directorate General of the Information Society will chair the last of the plenary session.Natasha LipkinaHP eBusiness/HP.comPolicies/Accessibility Program ManagerTel: 650-236-5409www.hp.com/accessibilitywww.hp.com/hpweb/accessibilityConnecting people to the power of technology",
            "docno": "lists-063-0233060",
            "received": "Mon Feb 16 18:26:03 2004",
            "isoreceived": "20040216232603",
            "sent": "Mon, 16 Feb 2004 15:26:02 -0800",
            "isosent": "20040216232602",
            "name": "Lipkina, Natasha (hp.com)",
            "email": "natasha.lipkina@hp.com",
            "subject": "EU Accessibility Conference",
            "id": "6D57FC6937B53C41AA35668F386A6CFC5F996A@cacexc05.americas.cpqcorp.net",
            "charset": "iso-8859-1",
            "expires": "-1",
            "to": "<w3c-wai-eo@w3.org>\n"
        },
        {
            "body": "Dear Pierre,Palo Alto is located in the middle between San Jose and San Franciscoairports.  Choose the most convenient and the cheapest flight you can find.As a rule of thumb, flight to San Francisco is usually cheaper because SFOis the main Bay Area aiport and San Jose is a smaller one and does not havea lot of international flights.Unfortunately, we do not have hotel courtesy shuttle bus from the airport tothe hotel and the taxi will be costly - up to $80-100 per trip.However, we have regular shuttles which you can reserve over the phone.  Itis much cheaper : from 27 to $30VIP airport - 408-885-1800Super Shuttle : 415-558-8500Bay Porter : 415-467-1800Please let me know if you have any additional questions-----Original Message-----From: Pierre GUILLOU [mailto:pierre.guillou@snv.jussieu.fr]Sent: Thursday, June 19, 2003 8:00 AMSubject: Meeting & event planning for July 2003 in CaliforniaDear all,in http://www.w3.org/WAI/EO/2003/07-eowg-agenda.html, it is written:>From San Jose Airport via Highway 101 to the meeting site:Follow the signs to highway ......B. From San Francisco Airport via Highway 101 to the meeting site:Follow the signs to highway .....Does it mean that there is no direct bus to the hostel ?Other solution could be: I catch a taxi . Do you know prices for bothsolutions A and B ?Another question: what is the best airport for going then to hostel (interms of time and money) ?thank you very much for your answers as I have to buy my flight ticket bythe end of the week.Best,Pierre",
            "docno": "lists-062-11011344",
            "received": "Thu Jun 19 15:16:19 2003",
            "isoreceived": "20030619191619",
            "sent": "Thu, 19 Jun 2003 15:15:35 -0400",
            "isosent": "20030619191535",
            "name": "LIPKINA,NATASHA (HP-PaloAlto,ex1)",
            "email": "natasha.lipkina@hp.com",
            "subject": "RE: Meeting &amp; event planning for July 2003   in California",
            "id": "5.1.0.14.2.20030619151515.02f11e98@localhost",
            "charset": "us-ascii",
            "inreplyto": "Meeting &amp; event planning for July 2003   in California",
            "expires": "-1",
            "to": " EOWG\n"
        },
        {
            "body": "Shawn, I just took off the red text that I believe can be omitted in thiscase.  Below is the text I propose.Please let me know if you have questions.\"Corporate social responsibility (CSR), also called corporate citizenshipand other terms, is about operating an organization in such a way thattreats internal and external stakeholders ethically, conducts business inthe ethical way, increases human development, and positively impacts societyand the environment. Web accessibility is anintegral part of CSR because itdemonstrates company's commitment to providing equal opportunities for allpeople regadless of limitations in all aspects of business.  Each companyshould have either CSR statement, policies or program that demonstrate itsrespect for all people and commitment to providing equal opportunities.Below are some of the points that should be included into CSR policiesoprovide access to the web for all employees regardless oflimitationsodevelop accessible information on the weboraise awareness about accessibility among employees and customers,ocontribute to the development of accessibility industry standardsetc.CSR has been shown to improve financial performance, enhance brand image andreputation, increase sales and customer loyalty, increase ability to attractand retain employees, and provide access to capital and funding. \"ThanksNatasha LipkinaHP eBusiness/HP.comAccessibility Program ManagerTel: 650-236-5409www.hp.com/accessibilitywww.hp.com/hpweb/accessibilityConnecting people to the power of technology> Hi,>> Some suggestions regarding CSR section: from my point of view, there are> some redundancies in the text and the message is not crystal clear.>> Red indicates text that I believe can be omitted. Blue is additions to the> text.>> Corporate social responsibility (CSR), also called corporate citizenship> and other terms, is about operating an organization in such a way that> treats internal and external stakeholders ethically, conducts business in> the ethical way, increases human development, and positively impacts> society and the environment. Web accessibility is anintegral part of CSR> because it demonstrates company's commitment to providing equal> opportunities for all people regadless of limitations in all aspects of> business.  can impact an organization's employees, stockholders and board> members, suppliers and vendors, partners and collaborators, customers, and> other constituents.> Each company should have either CSR statement, policies or program that> demonstrate its respect for all people and commitment to providing equal> opportunities.   The following points can help incorporating social> factors in a customized case for Web accessibility:> ?Does the organization already have a corporate social> responsibilit,y statement or program? An organization's commitment to> social responsibility could be in various areas and formats, and might be> called something different than CSR.> oIf yes: How does Web accessibility fit within the specific> parameters that the organization focuses on in its social responsibility> efforts? For example, are the organization's efforts focused on employee> volunteerism, financial sponsorship of events, or enhanced reputation to> potential customers? A customized case can emphasize those aspects which> most closely align with the organziations priorities. Is accessibility> part of the corporate objective, does it promote hiring people with> disabilities,> Below are some of the points that should be included into CSR policies> oprovide access to the web for all employees regardless of> limitations> odevelop accessible information on the web> oraise awareness about accessibility among employees and customers,> ocontribute to the development of accessibility industry standards> etc.>> oIf no: Are there programs or initiatives within the organization> that overlap with social factors? For example, is the organization heavily> recruiting employees, trying to increase its customer base for online> sales, or seeking capital or other funding. [@@ need to say how each of> these relate to Web access, e.g., employees get good feelings, sense of> contribfution to society os easier to recruit & retain - or would that be> too much?]>> CSR has been shown to improve financial performance, enhance brand image> and reputation, increase sales and customer loyalty, increase ability to> attract and retain employees, and provide access to capital and funding.> [x] many organizations around the world provide information about CRS> (much of it free on the Web), such as statistics that show have CSR> impacts customers.> ?Which avenues of maximizing the benefits of Web accessibility as CSR> are most relevant to the organziation? For example, is the organziation> eager for a public relations story, or would it be able to demonstrate> leadership as one of the first organziations in its area to fully> implement Web accessibility?> One motivation for organizations' social responsibility efforts is> financial. An organization's efforts in Web accessibility is a public> relations opportunity to increase their positive image, which could> increase site use, and offer direct and indirect financial gains, as> discussed in the Financial Factors page of this resource suite.>>> Thanks>> Natasha Lipkina> HP eBusiness/HP.com> Accessibility Program Manager> Tel: 650-236-5409> www.hp.com/accessibility> www.hp.com/hpweb/accessibility> Connecting people to the power of technology>>>>> -----Original Message-----> From: w3c-wai-eo-request@w3.org [mailto:w3c-wai-eo-request@w3.org]On> Behalf Of Shawn Lawton Henry> Sent: Thursday, January 22, 2004 8:37 PM> To: 'EOWG (E-mail)'> Subject: bcase-social factors for 23 January 2004 teleconference>>>> > An agenda for our 23 January 2004 teleconference follows.> ...> > 3. Presenting the Case for Web Accessibility: Social Factors> > - see review notes in separate e-mail>>> NOTE: The only section that has significant changes since the last> review is the \"Web Accessibility Benefits More Than People with> Disabilities\" section at:> http://www.w3.org/WAI/EO/Drafts/bcase/soc.html#groups>> lastest draft: http://www.w3.org/WAI/EO/Drafts/bcase/soc.html> - previous version: http://www.w3.org/WAI/EO/Drafts/bcase/soc-old.html> - version before last major rewrite (from March 2003):> http://www.w3.org/WAI/EO/Drafts/bcase/soc-old.html>> changelog showing which changes are still pending from last discussion:> - http://www.w3.org/WAI/EO/Drafts/bcase/changelog.html#changes>",
            "docno": "lists-062-16604436",
            "received": "Thu Jan 29 16:39:17 2004",
            "isoreceived": "20040129213917",
            "sent": "Thu, 29 Jan 2004 16:38:36 -0500",
            "isosent": "20040129213836",
            "name": "LIPKINA,NATASHA (HP-PaloAlto,ex1)",
            "email": "natasha.lipkina@hp.com",
            "subject": "RE: bcase-social factors for 23 January 2004 teleconference",
            "id": "92D1B98A6B79C348BDA9D5CC23650B1901E9821C@xsun06.ptp.hp.com",
            "charset": "iso-8859-1",
            "inreplyto": "bcase-social factors for 23 January 2004 teleconference",
            "expires": "-1",
            "to": " 'Shawn Lawton Henry'<shawn@w3.org>,\"'EOWG (E-mail)'\"<w3c-wai-eo@w3.org>\n",
            "cc": "\"LIPKINA,NATASHA (HP-PaloAlto,ex1)\"<natasha.lipkina@hp.com>\n"
        },
        {
            "body": "Below are my two cents re Investment Considerations.  (attached is the samedocument in the html format)<?xml:namespace prefix = o ns = \"urn:schemas-microsoft-com:office:office\"/>1. Replace \"investment\" with \"cost\" in this section. Also avoid the term\"capital\".We are talking of costs that might be of a \"capital nature\" that need to beincurred less often whose usefulness lasts for more than one accountingperiod, as well as costs that might be more repetitive. So it isinappropriate to use the term \"investment\". Besides it is not for us todecide what is capital and what is not- some orgs may treat an expense as ofcapital nature and some orgs might treat the same expenditure differently.This is an accounting term and an accounting decision for an org. So let uskeep it simple and just use \"costs\".NL 1. I am in full agreement with Sailesh regarding renaming the section.The best way to talk about the costs is in association with the benefits.We need to present a cost-benefit analysis that clearly demonstrates thatthe costs are the  long-term investment and, in the long run, will be offsetby the benefits.2. Consider following introduction for this section of the doc:\"It is important for an organization to recognize that making Web contentaccessible is not a one time effort and expense but needs long termcommitment as Web content and Web applications undergo changes and revisionsover time. Besides monetary costs, an organization needs to be prepared toinvest the extra time needed for the effort especially during the initialstages, and also overcome any resistance to changing content development anddeployment processes. \"NL 2. I would mention long-term commitment in relationship to the ongoingcosts but would not emphasize it in this section.  I would not also talkabout other challenges associated with the accessibility introduction(resistance etc.). Though, I think it is a valid point that should bementioned somewhere else.3. \"The cost of including accessibility is usually a small percentage of theoverall Web site development cost.\"Need to be careful here. (Natasha too sounded a warning on Oct 24 meeting)This might be true when a new website is being built with accessibility inmind. Retrofitting can be expensive, might need workflow / process changes /training etc and often fails to be prioritized as it may involve re-doingcontent and may be resisted. Also, what is \"small\"... can we indicate arange more objectively? Consider words like insignificant or negligible too.Argument can be stronger by relating incremental cost of accessibility notonly to total Web content dev costs but to total expenses of running theorg.NL 3. Fully agree that we should be very careful claiming that accessibilityis a small percentage of the overall development and that \"Most of the costsare early investments at an organization level\".  For large web sites,  theinitial investment can be really significant but for small and  static websites the cost can be minimal.  I do not think that we can break it even bythe size of the company because the size of the company does not imply thattheir web site is large and complex. Though we also need to take the size ofthe company into consideration.  Maybe we can break it by two categories:one-time retrofitting costs (list all costs) and costs associated with theaccessibility integration into the web development cycle.I would suggest to follow Sailesh advice and just list all the costs thatthe company can potentially incur as a result of their accessibility efforts(either one-time or long-term commitment)4. Strongly feel that repeating \"leads to cost savings later on\" is notnecessary in this section.The argument about someone going straight to this section can be made aboutany other section, so do they warrant similar inclusion of content fromother sections?NL. 4.  I feel that it would be beneficial to present the costs and benefitstogether.  We need to think about the appropriate format5. Consider replacing \"costs are early investments at an organizationlevel...\"by saying : \"Very little or nothing needs to be done to make an individualproject accessible once the process of authoring(or building) accessiblecontent has been internalized at the organizational level.\"NL 5. I would be happy if the above statement was true but with the currentstatus of web technology it is not a true statement.  Even with integrationof accessibility into the web development process, the cost associated withthe testing and selecting the right alt text or other alternatives is prettyhigh.6. Consider listing costs (non exhaustive):The costs most likely to be incurred for making Web content accessible mightbe attributable to the following:*Audit or evaluation of the state of accessibility of website and Webapplications*Tools that allow authoring accessible content*Content management software that integrate accessibility design anddevelopment practices (The above two can be substituted with: Adoptingprocesses / CMS that allow authoring accessible content; some might evenintegrate evaluation and repair capabilities)*Training staff to design and develop accessible Web content*Obtaining transcriptions, translations and captioning for multimedia content*Automated tools for Web accessibility evaluation and repair*Quality assurance / testing processes to ensure Web accessibility*Assistive technologies normally used for computer access by peoplewith disabilities. Web content can be tested with assistive technologies. (I put this one here because Shawn has it in the doc. But I cannot vouch forits effectiveness unless content is tested by knowledgeable and experiencedPWD actually using the AT. WCAG 1.0 also recommendsthat PWDs using AT shouldtest).*Obtaining certification that Web content is accessibleNL 6.  I fully support an idea of listing the costs.  We can look at theimplementation suite and list all the costs related to implementationstarting from awareness campaign.  But, again, there should be, at least twocase-scenarios.  One for a one-time web development and another one forintegration accessibility into the development process7. The following content also needs to be introduced into this section- preferably after listing the above cost elements.\"Some of these costs might be incurred more frequently than others. Anorganization might choose to outsource some or all of the processes whichwill then require retaining consultants well versed in accessibility designand testing or firms that provide such services. Another organization mightchoose to build the capability inhouse by equipping itself with thenecessary tools, software and staff. The costs also depend on the approachadopted for implementing Web accessibility. some organizations prefer toassign priorities to various types of Web content. One possibleclassification of Web content is:*Content that is important from the organization's perspective. Forexample, a business might like to make its products and service offeringpages accessible before working on pages that contains content of interestto investors or job seekers. Another organization might reverse the order.An organization running a passenger bus / rail network might consider makingits schedules accessible first.*Web applications- secure and non-secure*multi-media Web content that might need extra effort for providingtext alternative content / transcriptions / captions.*static versus dynamic Web contentThe level of accessibility sought to be attained may also influence theprocess and therefore the costs. It is possible for instance, that theefforts and time required for an organization to attain a mandatedaccessibility level (if any), that is lower than the one recommended as themost desirable by the Web Content Accessibility Guidelines, might be lower.Just like itt is more economical and easier to plan and incorporateaccessibility into a physical structure like a new building than an existingone, it is more easier on all counts to make a new Website accessible thanretrofitting an existing website for accessibility features. In other words,it costs less to designed and develop a website with accessibility in mind.\"NL  7.  I agree that you need to account for the costs associated withdevelopment of applications, multi-meida etc but I would not mention thebusiness priorities assigned for addressing accessibility.  But I wouldcertainly reiterate it many times that accessibility should be an integralpart of the web-development which is much more cost effective.In the nutshell,  I suggest to revamp the section. Make it very simple andconcise that would allow people to build their own cost-benefit analysis.Best regards,Natasha LipkinaHP/eBusinessAccessibility Program Manager650-236-5409-----Original Message-----From: w3c-wai-eo-request@w3.org [mailto:w3c-wai-eo-request@w3.org]On BehalfOf Sailesh PanchangSent: Monday, October 27, 2003 6:34 AMSubject: Financial factors- Investment ConsiderationsAll,You might like to read the attached htm file instead.Ref: Investment Considerations1.  Replace \"investment\" with  \"cost\" in this section. Also avoid the term\"capital\".We are talking of  costs that might be  of a \"capital  nature\"  that need tobe incurred less often whose usefulness lasts for more than one accountingperiod, as well as costs that might be more repetitive. So it isinappropriate to use the term \"investment\".   Besides it is not for us todecide what is capital and what is  not- some orgs may treat an expense asof capital nature  and  some orgs might treat the same expendituredifferently. This is an accounting term and an accounting decision for anorg. So let us keep it simple and just use \"costs\".2. Consider following introduction for this section of the doc:\"It is important for an organization to recognize that    making Web contentaccessible is not a one time effort and expense but needs long termcommitment as    Web content and Web applications  undergo changes andrevisions over time. Besides  monetary costs, an organization needs to   beprepared to  invest the extra time needed for the effort  especially duringthe initial stages, and also overcome  any  resistance to  changing contentdevelopment and deployment processes. \"3. \"The cost of including accessibility is usually a small percentage of theoverall Web site development cost.\"Need to be careful here. (Natasha too sounded a warning on Oct 24 meeting)This might be true when  a new website is being built with accessibility inmind. Retrofitting  can be expensive, might need workflow / process changes/ training etc and often fails to be prioritized  as it may involve re-doingcontent   and may be resisted.Also, what is \"small\"... can we indicate a range more objectively?Consider words like insignificant or negligible too. Argument can bestronger by  relating incremental cost of accessibility not only to totalWeb content dev costs but to  total  expenses of running the org.4. Strongly feel that repeating \"leads to cost savings later on\" is notnecessary in this section. The argument about someone going straight to thissection can be made about any other section, so do they warrant similarinclusion of content  from other sections?5. Consider replacing \"costs are early investments at anorganization level...\" by saying :\"Very little or nothing needs to be done to make an individual projectaccessible   once the process of authoring(or building) accessible  contenthas been internalized at the organizational level.\"6.  Consider listing  costs (non exhaustive):The costs most  likely to be incurred  for making Web content accessiblemight be attributable to the following:- Audit or evaluation of  the state of  accessibility  of website and Webapplications- Tools that   allow authoring accessible content- Content management software that integrate accessibility  design anddevelopment practices(The above two can be substituted with:Adopting processes  / CMS that allow authoring accessible content; somemight even integrate evaluation and repair  capabilities)- Training  staff to design and develop accessible Web content- Obtaining transcriptions, translations and captioning for  multi mediacontent- Automated tools for Web accessibility evaluation and repair-Quality assurance  / testing processes to ensure Web accessibility- Assistive technologies normally used for computer access by people withdisabilities.  Web content can be tested with assistive technologies. ( Iput this one here because Shawn has it in the doc.  But I cannot vouch forits effectiveness unless  content is tested by knowledgeable and experiencedPWD actually using the AT. WCAG 1.0 also recommendsthat PWDs using AT shouldtest).- Obtaining certification   that Web content is accessible7. The following  content also needs to be  introduced into this section -preferably after listing the  above cost elements.\"Some of these costs  might be incurred more frequently  than others. Anorganization might choose to outsource some  or all of the processes whichwill then  require retaining consultants well versed in accessibility designand testing or firms that provide such services. Another organization mightchoose to  build the capability inhouse by equipping itself with thenecessary tools,  software and staff. The costs also depend on the approachadopted for implementing  Web accessibility. some organizations prefer toassign priorities to various types of Web content. One possibleclassification of Web content is:- Content  that is important  from the organization's perspective. Forexample, a business might like to make its products and service offeringpages  accessible before  working on  pages that contains  content ofinterest to investors or job seekers. Another organization might reverse theorder. An organization running a passenger   bus / rail network mightconsider making its schedules accessible first.- Web applications- secure and non-secure- multi-media Web content that  might need  extra effort for providing textalternative content / transcriptions / captions.- static versus dynamic Web contentThe level of accessibility  sought to be attained  may also influence theprocess and therefore the costs. It is possible for instance, that theefforts and time required for an organization to attain a mandatedaccessibility level (if any), that is lower than the   one recommended  asthe most desirable by the Web Content Accessibility Guidelines, might belower.Just like itt is more economical and easier to     plan and incorporateaccessibility  into a physical structure like a new building than anexisting one, it is  more easier on all counts to      make a new Websiteaccessible  than retrofitting  an existing website for accessibilityfeatures. In other words, it costs less to designed and develop a websitewith   accessibility in mind.   \"8. We need to  briefly state why websites are inaccessible... in FinancialFactors page or Overview page. It will help put things in perspective.Reasons for inaccessible contentMost managements and Web content designers / developers    are unaware ofalternative Web browsing practices using special access technologies andunintentionally exclude this segment of users by developing content that isaccessible only to  most non-disabled users- Assistive technologies   capable of being used for Web access have maturedonly in the last decade- Guidelines for making Web content,  user agents and authoring toolsaccessible have   been defined  only since the late nineties-Absence of legislation requiring Web content to be accessible in most partsof the world- The right of people with disabilities to access Web content has beenrecognized only in recent years and that too in advanced countriesThanks for your time,Sailesh PanchangSenior Accessibility EngineerDeque Systems,11180  Sunrise Valley Drive,4th Floor, Reston VA 20191Tel: 703-225-0380 Extension 105E-mail: sailesh.panchang@deque.com <mailto:sailesh.panchang@deque.com>Fax: 703-225-0387* Look up < http://www.deque.com <http://www.deque.com> > *application/octet-stream attachment: Investment_section_-_suggestions_NL_10_30_03.htm",
            "docno": "lists-062-14130412",
            "received": "Fri Oct 31 02:06:45 2003",
            "isoreceived": "20031031070645",
            "sent": "Thu, 30 Oct 2003 23:06:36 -0800",
            "isosent": "20031031070636",
            "name": "LIPKINA,NATASHA (HP-PaloAlto,ex1)",
            "email": "natasha.lipkina@hp.com",
            "subject": "RE: Financial factors- Investment Considerations",
            "id": "92D1B98A6B79C348BDA9D5CC23650B1927C127@xsun06.ptp.hp.com",
            "charset": "iso-8859-1",
            "inreplyto": "Financial factors- Investment Considerations",
            "expires": "-1",
            "to": " w3c-wai-eo@w3.org\n",
            "cc": " 'Sailesh Panchang'<sailesh.panchang@deque.com>\n"
        },
        {
            "body": "Hi,Just wanted to provide my two cents re the report:It seems that the results are out of date. This report was authored withrespect to InFocus 4.1.2, which supported only Section 508.The most recent version, 4.2.2, supports Section 508 and the WCAG P1, P2,P3.Best regards,Natasha LipkinaHP eBusiness/HP.comPolicies/Accessibility Program ManagerTel: 650-236-5409www.hp.com/accessibilitywww.hp.com/hpweb/accessibilityConnecting people to the power of technology-----Original Message-----From: w3c-wai-eo-request@w3.org [mailto:w3c-wai-eo-request@w3.org]On BehalfOf Sailesh PanchangSent: Friday, February 06, 2004 8:51 AMSubject: Re: Web Accessibility Validation and Repair: Which Tools and Why?It would have been really useful if it had done what its name suggests. Butit has not really looked at  the  tools' ability / accuracy  in detecting/correcting violations. That I believe is the essence of  such a study. Userinterface,reporting capabilities and platforms support are addressed  by thestudy and are useful factors for comparison when  the tools being comparedhave  similar abilities and accuracy in detecting / correcting violations.I wonder  if WAI-E&R should  do such a study and  list strengths andweaknesses of desktop  / server versions of available   Web accessibilityE&R tools. That will really benefit the community of accessibilitydevelopers / auditors.Sailesh PanchangSenior Accessibility EngineerDeque Systems,11180  Sunrise Valley Drive,4th Floor, Reston VA 20191Tel: 703-225-0380 Extension 105E-mail: sailesh.panchang@deque.com <mailto:sailesh.panchang@deque.com>Fax: 703-225-0387* Look up < http://www.deque.com <http://www.deque.com> > *----- Original Message -----From: Harvey Bingham <mailto:hbingham@acm.org>Sent: Friday, February 06, 2004 9:59 AMSubject: Web Accessibility Validation and Repair: Which Tools and Why?Nice paper from Laurie Harrison and Laura O'Grady,Adaptive Technology Resource Centre, University of Torontohttp://snow.utoronto.ca/access/evaltoolreview/validation.html<http://snow.utoronto.ca/access/evaltoolreview/validation.html>Deals with users using non-standard devices or software to surf the web.Regards/Harvey",
            "docno": "lists-063-0124058",
            "received": "Fri Feb  6 13:06:52 2004",
            "isoreceived": "20040206180652",
            "sent": "Fri, 6 Feb 2004 10:06:30 -0800 ",
            "isosent": "20040206180630",
            "name": "LIPKINA,NATASHA (HP-PaloAlto,ex1)",
            "email": "natasha.lipkina@hp.com",
            "subject": "RE: Web Accessibility Validation and Repair: Which Tools and Why?",
            "id": "92D1B98A6B79C348BDA9D5CC23650B1901E98285@xsun06.ptp.hp.com",
            "charset": "iso-8859-1",
            "inreplyto": "Web Accessibility Validation and Repair: Which Tools and Why?",
            "expires": "-1",
            "to": " EOWG <mailto:w3c-wai-eo@w3.org>  \n"
        },
        {
            "body": "Shawn is right, there is a shuttle service between hotel and hp facilities.Natasha Lipkinae-business/hp.comCompliance/Accessibility650-236-5409-----Original Message-----From: Shawn Lawton Henry [mailto:shawn@w3.org]Sent: Thursday, June 19, 2003 8:52 AMSubject: RE: Meeting & event planning for July 2003 in CaliforniaPierre & all,I just confirmed with the hotel that San Fransisco (SFO) and San Jose(SJC) airports are both near the hotel. Shuttles (probably vans, like agroup taxi) are available between both airports and hotel for about$20-$30, and a taxi will cost about $50-$60.I'm pretty sure that HP and Wells Fargo are providing shuttle servicebetween the hotel and the meeting venues for the three days.If you have urgent questions, please e-mail me directly at shawn@w3.org.~Shawn> -----Original Message-----> From: w3c-wai-eo-request@w3.org> [mailto:w3c-wai-eo-request@w3.org] On Behalf Of Pierre GUILLOU> Sent: Thursday, June 19, 2003 10:00 AM> To: EOWG> Subject: Meeting & event planning for July 2003 in California>>>> Dear all,>> in http://www.w3.org/WAI/EO/2003/07-eowg-agenda.html, it is written:>> >From San Jose Airport via Highway 101 to the meeting site:> Follow the signs to highway ......>> B. From San Francisco Airport via Highway 101 to the meeting> site: Follow the signs to highway .....>> Does it mean that there is no direct bus to the hostel ?> Other solution could be: I catch a taxi . Do you know prices> for both solutions A and B ?>> Another question: what is the best airport for going then to> hostel (in terms of time and money) ?>> thank you very much for your answers as I have to buy my> flight ticket by the end of the week.>> Best,>> Pierre>",
            "docno": "lists-062-11021010",
            "received": "Thu Jun 19 15:16:20 2003",
            "isoreceived": "20030619191620",
            "sent": "Thu, 19 Jun 2003 15:16:11 -0400",
            "isosent": "20030619191611",
            "name": "LIPKINA,NATASHA (HP-PaloAlto,ex1)",
            "email": "natasha.lipkina@hp.com",
            "subject": "RE: Meeting &amp; event planning for July 2003   in California",
            "id": "5.1.0.14.2.20030619151603.02f19928@localhost",
            "charset": "us-ascii",
            "inreplyto": "Meeting &amp; event planning for July 2003   in California",
            "expires": "-1",
            "to": " 'Pierre GUILLOU'; 'EOWG'\n",
            "cc": " 'Judy Brewer'\n"
        },
        {
            "body": "OK as isNatasha LipkinaInternet & Marketing ServicesPolicies/Accessibility Program Manager650-236-5409\"connecting people to the power of technology\"www.hp.com/accessibilityhttp://www.hp.com/hpweb/accessibility-----Original Message-----From: w3c-wai-eo-request@w3.org [mailto:w3c-wai-eo-request@w3.org] OnBehalf Of Judy BrewerSent: Sunday, May 16, 2004 9:54 PMSubject: EOWG: Please review and sign off on Standards Harmonizationresource pageEOWG:Please review and sign off on the 17 May 2004 version of \"Why StandardsHarmonization is Essential to Web Accessibility\" which is available at:http://www.w3.org/WAI/EO/Drafts/standard-harmon.htmlPlease note that there may be later versions of this document, howeverthepurpose of seeking consensus at this time is so that we can circulate itfor discussion and comment. Please do not circulate it until after wehaveconfirmed consensus.Current participants in good standing of EOWGhttp://www.w3.org/WAI/EO/EOWG-members.htmlshould reply to the EOWG mailing list with one of the followingresponses:1. Okay as is2. Okay, but recommend the following changes (please specify)3. Okay only with the following changes (please specify)The 17 May version incorporates change requests from our 14 May 2004teleconferencehttp://www.w3.org/WAI/EO/Drafts/standard-harmon-changelog.htmlas well as some additional copyediting, especially in the \"Action Steps\"section and in the final few bullet points of the \"Current Situation\"section. So even those people who signed off on the document during lastFriday's call may want to re-read those sections:http://www.w3.org/WAI/EO/Drafts/standard-harmon#stepshttp://www.w3.org/WAI/EO/Drafts/standard-harmon#currentThank you,- Judy--Judy Brewer    +1.617.258.9741    http://www.w3.org/WAIDirector, Web Accessibility Initiative (WAI), World Wide Web Consortium(W3C) MIT/CSAIL Building 32-G530 32 Vassar Street Cambridge, MA,  02139,USA",
            "docno": "lists-062-15643189",
            "received": "Mon May 17 14:34:44 2004",
            "isoreceived": "20040517183444",
            "sent": "Mon, 17 May 2004 11:28:59 -0700",
            "isosent": "20040517182859",
            "name": "Lipkina, Natasha (hp.com)",
            "email": "natasha.lipkina@hp.com",
            "subject": "RE: EOWG: Please review and sign off on Standards Harmonization   resource page",
            "id": "6D57FC6937B53C41AA35668F386A6CFCCEC5EC@cacexc05.americas.cpqcorp.net",
            "charset": "US-ASCII",
            "inreplyto": "EOWG: Please review and sign off on Standards Harmonization   resource page",
            "expires": "-1",
            "to": " EOWG\n"
        }
    ]
}