{
    "id": "candidate-0323",
    "name": "T.V. Raman",
    "gender": "MALE",
    "email": "tvraman@almaden.ibm.com",
    "mails": [
        {
            "body": "At 11:27 PM 2001-03-16 -0500, Ian Jacobs wrote:>Hello,>>In the 9 March 2001 draft [1], checkpoints 4.13, 4.14, and>4.15 were birthed from checkpoint 4.13 of the 24 Feb draft [2].>T.V. Raman pointed out to me that in doing so, we dropped the>reference to the CSS2 specification of aural cascading style>sheets [3]. He recommended that we return to using>the terminology of the CSS2 specification.>>I propose to re-adopt the CSS2 terminology as follows:>>For checkpoint 4.15:>? speech-rate and voice-family>>For checkpoint 4.14:>? pitch, pitch-range, stress, and richness>>For checkpoint 4.15> speak (in particular the 'spell-out' value),> speak-numeral, and speak-punctuaion>>Please let me know whether this grouping of the CSS properties>corresponds to your expectations of the checkpoints as written:>>4.13 Allow configuration of speech characteristics according>???? to the full range of values offered by the>???? speech synthesizer.>>4.14 Allow configuration of speech prosody (i.e., pitch,>???? pitch range, stress, and richness).AG::? Suggest rewording this one something like the following:[proposal]Allow configuration to adjust the pitch, pitch range, stress and richness ofthe speaking voice.[end proposal]If the scope of the requirement (in this checkpoint) is these four voicecharacteristics, just list them.? They don't need a \"one name fits all\"category name.? And 'prosody' doesn't really fit.? The term 'prosody' usuallyrefers to the time-varying contour of voice properties such as pitch andstress, not the general characteristics of the speaking voice.? In particularone thinks of prosody as the different patterns of vocal inflection used forasking questions vs. giving orders, etc.? This is not exactly what isintended,here.? We just want to change the voice.Al>4.15 Provide support for user-defined extensions to the>??? speech dictionary, spell-versus-say functionality,>??? number read-out functionality, and punctuation read-out>??? functionality.>>Thank you,>> - Ian>>P.S. I think this is editorial.>>[1]<http://www.w3.org/WAI/UA/WD-UAAG10-20010309/>http://www.w3.org/WAI/UA/WD-UAAG10-20010309/>[2]<http://www.w3.org/WAI/UA/WD-UAAG10-20010224/>http://www.w3.org/WAI/UA/WD-UAAG10-20010224/>[3] <http://www.w3.org/TR/CSS2/aural>http://www.w3.org/TR/CSS2/aural>-->Ian Jacobs (jacobs@w3.org)??<http://www.w3.org/People/Jacobs>http://www.w3.org/People/Jacobs>Tel:???????????????????????? +1 831 457-2842>Cell:??????????????????????? +1 917 450-8783>",
            "docno": "lists-085-9090536",
            "received": "Sat Mar 17 23:49:46 2001",
            "isoreceived": "20010318044946",
            "sent": "Sun, 18 Mar 2001 00:11:25 -0500",
            "isosent": "20010318051125",
            "name": "Al Gilman",
            "email": "sgilman@iamdigex.net",
            "subject": "Re: [Editorial] Re-align speech checkpoint with CSS2   terminology",
            "id": "200103180449.XAA6698771@smtp2.mail.iamworld.net",
            "charset": "iso-8859-1",
            "inreplyto": "3AB2E79F.7CD2160B&#64;w3.org",
            "expires": "-1",
            "to": " Ian Jacobs<ij@w3.org>,w3c-wai-ua@w3.org\n",
            "cc": "tvraman@almaden.ibm.com\n"
        },
        {
            "body": "Note that the Formal semantics gives all the type definitions in accessible form. The HTML format is highly confusing since the representation depends on your browser setting. I think it would be better to have a reference to the definitions in the formal semantics....Best regardsMichael> -----Original Message-----> From: public-qt-comments-request@w3.org [mailto:public-qt-comments-> request@w3.org] On Behalf Of Charles McCathieNevile> Sent: Friday, June 13, 2003 10:23 AM> To: tvraman@almaden.ibm.com> Cc: public-qt-comments@w3.org; w3c-wai-pf@w3.org> Subject: Re: XPath/Xquery Operations And Function Specification:>>> Err presumably you mean draft comment.>> Anyway, yes, it seems a pretty obviously sensible one for us to make> officially.>> chaals>> On Friday, Jun 13, 2003, at 19:20 Europe/Zurich, T. V. Raman wrote:>> >> > I sent this privately to one of the editors, but am sending it> > here as an official last call comment from the WAI so it gets> > addressed.> >> >> > Also, in his reply Ashok indicated to me that the group was> > thinking  of getting rid of the nested HTML lists that show type> > hierarchy relations in later sections, please do not do this as> > it would make your specification document even more inaccessible.> >> > Finally WAI --we may want to point the QA group at these kinds of> > issues where type hierarchy and other technical information get> > buried in a diagram in a specification document, I think that is> > just a bad idea in general.> >> >> >> > Details:> >> >  section 1.2 contains a diagram for the type hierarchy --but fails> >  to spell out the hierarchy outside of the diagram.> >> >  It does pretend to be a good access citizen in that it explains> >  the notation used in the diagram; however this is inadequate for> >  someone wishing to get at the content.> >> >  Could you:> >> >  A) provide me witht he missing content,> >  and> >  B) ensure that the next working draft fixes the problem?> >> >  What I'm looking for is a textual summary of the type hierarchy> >  --set of nested html lists would do fine.> >> >> >> > --Raman> >> > --> > Best Regards,> > --raman> > ------------------------------------------------------------> > T. V. Raman:  PhD (Cornell University)> > IBM Research: Human Language Technologies> > Architect:    Conversational And Multimodal WWW Standards> > Phone:        1 (408) 927 2608   T-Line 457-2608> > Fax:        1 (408) 927 3012     Cell: 1 650 799 5724> > Email:        tvraman@us.ibm.com> > WWW:      http://www.almaden.ibm.com/cs/people/tvraman> > AIM:      TVRaman> > GPG:> > http://www.almaden.ibm.com/cs/people/tvraman/raman-almaden.asc> > Snail:        IBM Almaden Research Center,> >               650 Harry Road> >               San Jose 95120> >> >> --> Charles McCathieNevile                          Fundaci?n Sidar> charles@sidar.org                                http://www.sidar.org>>",
            "docno": "lists-018-13263887",
            "received": "Fri Jun 13 15:03:00 2003",
            "isoreceived": "20030613190300",
            "sent": "Fri, 13 Jun 2003 11:29:09 0700",
            "isosent": "20030613182909",
            "name": "Michael Rys",
            "email": "rys@microsoft.com",
            "subject": "RE: XPath/Xquery Operations And Function Specification:",
            "id": "5C39F806F9939046B4B1AFE652500A3A05933FC6@RED-MSG10.redmond.corp.microsoft.com",
            "charset": "iso-88591",
            "inreplyto": "XPath/Xquery Operations And Function Specification:",
            "expires": "1",
            "to": "\"Charles McCathieNevile\"<charles@sidar.org>,<tvraman@almaden.ibm.com>\n",
            "cc": "<public-qt-comments@w3.org>,<w3c-wai-pf@w3.org>\n"
        },
        {
            "body": "I'm posting this here as an alert to any WAI memberstravelling to Europe with guide dogs.Europe still appears to be an access blackhole in manyrespects --inaccessible hotels,cab drivers who refuse guide dogs etc. --the absence ofsomething like the ADA is glaringly obvious.My first two trips to Europe with my guide-dog Bubbels--Munich and Amsterdam were pleasant and uneventful-- Thistime I had serious trouble returning from Europe Paris (seebelow)-- and in summary I would recommend avoiding Paris ingeneral-- and Air France at all costs.We went to Turin (Italy) for the voice browser FTF via Paris--had a ticket on Delta Airways who have a co-share withAir France.  So I had a non-stop SFO->Paris --and aParis->Turin flight both directions operated by Air France.The trip out was uneventful --no trouble.  On the returnwhen I landed at Paris they asked me if I had a muzzle formy dog.  I said yes, and that I'd put it on her when theywanted me to.  (Incidentally this in itself was a first in12 years of guide-dog use).At this point I put on the muzzle on Bubble dog --andassumed all would be okay.  The Air france rep then told methat the muzzle was not a French muzzle and therefore didnot meet French standards-- and that they would not let meboard my flight to SFO.I explained to them that this was a American guide-dogschool approved muzzle conforming to the law-- they thensaid that it might conform to American law but it did notconform to French law and that they would not let me board.Then they helpfully offered to package up Bubble dog in thecargo making it sound like a great favor saying \"but shewill be on the same plane as you\"-- When further asked whythey had not mentioned this in SFO when I travelled out,they said that that time were leaving the US --so it wasdifferent --this time they said because we were in Paristhey would enforce French law.  At this point I told themthat I had a ticket on an American airline --they continuedto insist that since was only a co-share agreement withdelta they were not obliged to do what Delta did.I finally had them connect me with Delta Airways whopromptly put me on a plane operated by Delta --so we endedup getting routed through Atlanta and came home 6 hourslater than we would have.In summary the situation ended much better than it mighthave purely because I had bought my ticket from an Americanairline company as opposed to directly from Air France.--Best Regards,--raman------------------------------------------------------------IBM Research: Human Language TechnologiesPhone:        1 (408) 927 2608Fax:        1 (408) 927 3012Email:        tvraman@us.ibm.comWWW:      http://www.cs.cornell.edu/home/ramanPGP:          http://cs.cornell.edu/home/raman/raman.ascSnail:        IBM Almaden Research Center,650 Harry RoadSan Jose 95120",
            "docno": "lists-085-5421631",
            "received": "Thu Jan 25 21:42:30 2001",
            "isoreceived": "20010126024230",
            "sent": "Thu, 25 Jan 2001 18:41:10 -0800",
            "isosent": "20010126024110",
            "name": "T. V. Raman",
            "email": "tvraman@almaden.ibm.com",
            "subject": "Alert to guide&ndash;dog users travelling to Europe&ndash;&ndash;",
            "id": "14960.58310.639144.455497@raman.almaden.ibm.com",
            "charset": "us-ascii",
            "expires": "-1",
            "to": "w3c-wai-ig@w3.org,w3c-wai-ua@w3.org,w3c-wai-pf@w3.org\n"
        },
        {
            "body": "Hello,In the 9 March 2001 draft [1], checkpoints 4.13, 4.14, and4.15 were birthed from checkpoint 4.13 of the 24 Feb draft [2].T.V. Raman pointed out to me that in doing so, we dropped thereference to the CSS2 specification of aural cascading stylesheets [3]. He recommended that we return to usingthe terminology of the CSS2 specification.I propose to re-adopt the CSS2 terminology as follows:For checkpoint 4.15:speech-rate and voice-familyFor checkpoint 4.14:pitch, pitch-range, stress, and richnessFor checkpoint 4.15speak (in particular the 'spell-out' value),speak-numeral, and speak-punctuaionPlease let me know whether this grouping of the CSS propertiescorresponds to your expectations of the checkpoints as written:4.13 Allow configuration of speech characteristics accordingto the full range of values offered by thespeech synthesizer.4.14 Allow configuration of speech prosody (i.e., pitch,pitch range, stress, and richness).4.15 Provide support for user-defined extensions to thespeech dictionary, spell-versus-say functionality,number read-out functionality, and punctuation read-outfunctionality.Thank you,- IanP.S. I think this is editorial.[1] http://www.w3.org/WAI/UA/WD-UAAG10-20010309/[2] http://www.w3.org/WAI/UA/WD-UAAG10-20010224/[3] http://www.w3.org/TR/CSS2/aural--Ian Jacobs (jacobs@w3.org)   http://www.w3.org/People/JacobsTel:                         +1 831 457-2842Cell:                        +1 917 450-8783",
            "docno": "lists-085-8994423",
            "received": "Fri Mar 16 23:27:30 2001",
            "isoreceived": "20010317042730",
            "sent": "Fri, 16 Mar 2001 23:27:11 -0500",
            "isosent": "20010317042711",
            "name": "Ian Jacobs",
            "email": "j@w3.org",
            "subject": "[Editorial] Re-align speech checkpoint with CSS2 terminology",
            "id": "3AB2E79F.7CD2160B@w3.org",
            "charset": "us-ascii",
            "expires": "-1",
            "to": "w3c-wai-ua@w3.org\n",
            "cc": "tvraman@almaden.ibm.com\n"
        },
        {
            "body": "I created this for my work on XForms--feel free to include it in the xmlspec package for thefuture.@media speech {div.diff-add  { pitch: 8; pitch-range: 8}div.diff-del  { pitch: 1; pitch-range: 8;  stress: 8; richness: 1}div.diff-chg  { pitch: 9; pitch-range: 9; stress: 9; richeness:2}span.diff-add { pitch: 8; pitch-range: 8}span.diff-del  { pitch: 1; pitch-range: 8;  stress: 8; richness: 1}span.diff-chg  { pitch: 9; pitch-range: 9; stress: 9; richeness:2}td.diff-add { pitch: 8; pitch-range: 8}td.diff-del  { pitch: 1; pitch-range: 8;  stress: 8; richness: 1}td.diff-chg  { pitch: 9; pitch-range: 9; stress: 9; richeness:2}}--Best Regards,--raman------------------------------------------------------------IBM Research: Human Language TechnologiesPhone:        1 (408) 927 2608Fax:        1 (408) 927 3012Email:        tvraman@us.ibm.comWWW:      http://www.cs.cornell.edu/home/ramanPGP:          http://emacspeak.sf.net/raman.ascSnail:        IBM Almaden Research Center,650 Harry RoadSan Jose 95120",
            "docno": "lists-030-10155200",
            "received": "Wed Jul  4 00:33:12 2001",
            "isoreceived": "20010704043312",
            "sent": "Tue, 3 Jul 2001 21:31:24 -0700",
            "isosent": "20010704043124",
            "name": "T. V. Raman",
            "email": "tvraman@almaden.ibm.com",
            "subject": "[xmlspec] ACSS &#64;media {speech} for diff marks",
            "id": "15170.39964.20566.331833@bubbles.almaden.ibm.com",
            "charset": "us-ascii",
            "expires": "-1",
            "to": "spec-prod@w3.org\n",
            "cc": " Martin Duerst<duerst@w3.org>\n"
        },
        {
            "body": "See the following note from someone who is per forcecompelled to use a tool by his ISP that creates broken pagesfor access--and of course broken with respect to W3C specs and errorfree markupattached mail follows:Wow! FrontPage sure made a mess for me with the alt tags. Thanks for thescript, but I have to use the tools in FrontPage to make changes or it willnot publish to the ISP correctly. In addition to the missing equal sign,there were many double alt tags and some orther error. They should becorrect in a few minutes.Thanks again,John Rausch3119 N. Waynesville Rd.Oregonia, OH 45054 U.S.A.Home Phone: +1-513-932-3688Work Phone: +1-937-865-7600www.johnrausch.comHome Email: john@johnrausch.comWork Email: John.rausch@lexis-nexis.com----- Original Message -----From: \"T. V. Raman\" <tvraman@almaden.ibm.com>Sent: Monday, September 03, 2001 9:11 AMSubject: thanks for a wonderful online book> Having that book online is wonderful.> Here is a small perl script that fixes the broken alt tags in that book --> you're missing an '=' after the alt --which means it gets mangled.>> Here is a perl script that fixes it -->> --> Best Regards,> --raman> ------------------------------------------------------------>> IBM Research: Human Language Technologies> Phone:        1 (408) 927 2608> Fax:        1 (408) 927 3012> Email:        tvraman@us.ibm.com> WWW:      http://www.cs.cornell.edu/home/raman> PGP:          http://emacspeak.sf.net/raman.asc> Snail:        IBM Almaden Research Center,>               650 Harry Road>               San Jose 95120>>--Best Regards,--raman------------------------------------------------------------IBM Research: Human Language TechnologiesPhone:        1 (408) 927 2608Fax:        1 (408) 927 3012Email:        tvraman@us.ibm.comWWW:      http://www.cs.cornell.edu/home/ramanPGP:          http://emacspeak.sf.net/raman.ascSnail:        IBM Almaden Research Center,650 Harry RoadSan Jose 95120",
            "docno": "lists-085-13482198",
            "received": "Tue Sep  4 09:32:43 2001",
            "isoreceived": "20010904133243",
            "sent": "Tue, 4 Sep 2001 06:30:28 -0700",
            "isosent": "20010904133028",
            "name": "T. V. Raman",
            "email": "tvraman@almaden.ibm.com",
            "subject": "FrontPage &ndash;&ndash;ruining accessibility even when the    author has good intent",
            "id": "15252.55156.593322.499152@bubbles.almaden.ibm.com",
            "charset": "iso-8859-1",
            "expires": "-1",
            "to": " <webmaster@johnrausch.com>\n"
        },
        {
            "body": "I'm posting this here as an alert to any WAI memberstravelling to Europe with guide dogs.Europe still appears to be an access blackhole in manyrespects --inaccessible hotels,cab drivers who refuse guide dogs etc. --the absence ofsomething like the ADA is glaringly obvious.My first two trips to Europe with my guide-dog Bubbels--Munich and Amsterdam were pleasant and uneventful-- Thistime I had serious trouble returning from Europe Paris (seebelow)-- and in summary I would recommend avoiding Paris ingeneral-- and Air France at all costs.We went to Turin (Italy) for the voice browser FTF via Paris--had a ticket on Delta Airways who have a co-share withAir France.  So I had a non-stop SFO->Paris --and aParis->Turin flight both directions operated by Air France.The trip out was uneventful --no trouble.  On the returnwhen I landed at Paris they asked me if I had a muzzle formy dog.  I said yes, and that I'd put it on her when theywanted me to.  (Incidentally this in itself was a first in12 years of guide-dog use).At this point I put on the muzzle on Bubble dog --andassumed all would be okay.  The Air france rep then told methat the muzzle was not a French muzzle and therefore didnot meet French standards-- and that they would not let meboard my flight to SFO.I explained to them that this was a American guide-dogschool approved muzzle conforming to the law-- they thensaid that it might conform to American law but it did notconform to French law and that they would not let me board.Then they helpfully offered to package up Bubble dog in thecargo making it sound like a great favor saying \"but shewill be on the same plane as you\"-- When further asked whythey had not mentioned this in SFO when I travelled out,they said that that time were leaving the US --so it wasdifferent --this time they said because we were in Paristhey would enforce French law.  At this point I told themthat I had a ticket on an American airline --they continuedto insist that since was only a co-share agreement withdelta they were not obliged to do what Delta did.I finally had them connect me with Delta Airways whopromptly put me on a plane operated by Delta --so we endedup getting routed through Atlanta and came home 6 hourslater than we would have.In summary the situation ended much better than it mighthave purely because I had bought my ticket from an Americanairline company as opposed to directly from Air France.--Best Regards,--raman------------------------------------------------------------IBM Research: Human Language TechnologiesPhone:        1 (408) 927 2608Fax:        1 (408) 927 3012Email:        tvraman@us.ibm.comWWW:      http://www.cs.cornell.edu/home/ramanPGP:          http://cs.cornell.edu/home/raman/raman.ascSnail:        IBM Almaden Research Center,650 Harry RoadSan Jose 95120",
            "docno": "lists-077-0754691",
            "received": "Thu Jan 25 21:42:30 2001",
            "isoreceived": "20010126024230",
            "sent": "Thu, 25 Jan 2001 18:41:10 -0800",
            "isosent": "20010126024110",
            "name": "T. V. Raman",
            "email": "tvraman@almaden.ibm.com",
            "subject": "Alert to guide&ndash;dog users travelling to Europe&ndash;&ndash;",
            "id": "14960.58310.639144.455497@raman.almaden.ibm.com",
            "charset": "us-ascii",
            "expires": "-1",
            "to": "w3c-wai-ig@w3.org,w3c-wai-ua@w3.org,w3c-wai-pf@w3.org\n"
        },
        {
            "body": "Charles, Raman:Thank you for your comments.  We have added an indented table that reproduces the information in the figure.  We have also, as you requested, retained the indented lists of types that precede some of the sections.I trust you will find this addresses your concerns.  Please comment on the next version of the document if you have further suggestions for improvement.All the best, Ashok> -----Original Message-----> From: public-qt-comments-request@w3.org [mailto:public-qt-comments-> request@w3.org] On Behalf Of Charles McCathieNevile> Sent: Friday, June 13, 2003 10:23 AM> To: tvraman@almaden.ibm.com> Cc: public-qt-comments@w3.org; w3c-wai-pf@w3.org> Subject: Re: XPath/Xquery Operations And Function Specification:>>> Err presumably you mean draft comment.>> Anyway, yes, it seems a pretty obviously sensible one for us to make> officially.>> chaals>> On Friday, Jun 13, 2003, at 19:20 Europe/Zurich, T. V. Raman wrote:>> >> > I sent this privately to one of the editors, but am sending it> > here as an official last call comment from the WAI so it gets> > addressed.> >> >> > Also, in his reply Ashok indicated to me that the group was> > thinking  of getting rid of the nested HTML lists that show type> > hierarchy relations in later sections, please do not do this as> > it would make your specification document even more inaccessible.> >> > Finally WAI --we may want to point the QA group at these kinds of> > issues where type hierarchy and other technical information get> > buried in a diagram in a specification document, I think that is> > just a bad idea in general.> >> >> >> > Details:> >> >  section 1.2 contains a diagram for the type hierarchy --but fails> >  to spell out the hierarchy outside of the diagram.> >> >  It does pretend to be a good access citizen in that it explains> >  the notation used in the diagram; however this is inadequate for> >  someone wishing to get at the content.> >> >  Could you:> >> >  A) provide me witht he missing content,> >  and> >  B) ensure that the next working draft fixes the problem?> >> >  What I'm looking for is a textual summary of the type hierarchy> >  --set of nested html lists would do fine.> >> >> >> > --Raman> >> > --> > Best Regards,> > --raman> > ------------------------------------------------------------> > T. V. Raman:  PhD (Cornell University)> > IBM Research: Human Language Technologies> > Architect:    Conversational And Multimodal WWW Standards> > Phone:        1 (408) 927 2608   T-Line 457-2608> > Fax:        1 (408) 927 3012     Cell: 1 650 799 5724> > Email:        tvraman@us.ibm.com> > WWW:      http://www.almaden.ibm.com/cs/people/tvraman> > AIM:      TVRaman> > GPG:> > http://www.almaden.ibm.com/cs/people/tvraman/raman-almaden.asc> > Snail:        IBM Almaden Research Center,> >               650 Harry Road> >               San Jose 95120> >> >> --> Charles McCathieNevile                          Fundaci?n Sidar> charles@sidar.org                                http://www.sidar.org>>",
            "docno": "lists-019-7614721",
            "received": "Wed Oct 15 11:13:31 2003",
            "isoreceived": "20031015151331",
            "sent": "Wed, 15 Oct 2003 08:12:11 -0700",
            "isosent": "20031015151211",
            "name": "Ashok Malhotra",
            "email": "shokma@microsoft.com",
            "subject": "RE: XPath/Xquery Operations And Function Specification:",
            "id": "EDB607C8AC991F40BE646533A1A673E85ABEA1@RED-MSG-42.redmond.corp.microsoft.com",
            "charset": "iso-8859-1",
            "inreplyto": "XPath/Xquery Operations And Function Specification:",
            "expires": "-1",
            "to": "\"Charles McCathieNevile\"<charles@sidar.org>,<tvraman@almaden.ibm.com>\n",
            "cc": "<public-qt-comments@w3.org>,<w3c-wai-pf@w3.org>\n"
        },
        {
            "body": ">X-Authentication-Warning: raman.almaden.ibm.com: tvraman set sender to>tvraman@almaden.ibm.com using -f>Date: Fri, 3 Nov 2000 13:41:36 -0800>To: Jon Gunderson <jongund@staff.uiuc.edu>>Subject: Last Call Version of the W3C User Agent Accessibility>   Guidelines Available for Comment>X-Mailer: VM 6.76 under Emacs 20.4.1>Reply-To: tvraman@almaden.ibm.com>From: \"T. V. Raman\" <tvraman@almaden.ibm.com>>>Jon -->Guidelines look good.>One guideline I'd add --didn't see it covered:>>When user agents display content in multiple viewports --and>the user's action in one view port causes the display in>other view ports to be updated,>the user agent should make such display update notifications>available through standard APIs like the DOM/HTML event>APIs.>>This is important because at least on today's WWW the user>is likely to miss such changes.>>Minor addition  on the section  that talks about \"search\" as>a useful navigation technique --a useful addition would be>to allow the user to search only certain types of constructs>in the document e.g. headings.>>-->Best Regards,>--raman>------------------------------------------------------------>>IBM Research: Human Language Technologies>Phone:        1 (408) 927 2608>Fax:        1 (408) 927 3012>Email:        tvraman@us.ibm.com>WWW:      http://www.cs.cornell.edu/home/raman>PGP:          http://cs.cornell.edu/home/raman/raman.asc>Snail:        IBM Almaden Research Center,>               650 Harry Road>               San Jose 95120Jon Gunderson, Ph.D., ATPCoordinator of Assistive Communication and Information TechnologyDivision of Rehabilitation - Education ServicesMC-574College of Applied Life StudiesUniversity of Illinois at Urbana/Champaign1207 S. Oak Street, Champaign, IL  61820Voice: (217) 244-5870Fax: (217) 333-0248E-mail: jongund@uiuc.eduWWW: http://www.staff.uiuc.edu/~jongundWWW: http://www.w3.org/wai/ua",
            "docno": "lists-084-14464930",
            "received": "Mon Nov  6 13:14:20 2000",
            "isoreceived": "20001106181420",
            "sent": "Mon, 06 Nov 2000 12:14:47 -0600",
            "isosent": "20001106181447",
            "name": "Jon Gunderson",
            "email": "jongund@ux1.cso.uiuc.edu",
            "subject": "Fwd: Last Call Version of the W3C User Agent Accessibility   Guidelines Available for Comment",
            "id": "4.3.1.2.20001106121436.02101d08@staff.uiuc.edu",
            "charset": "us-ascii",
            "expires": "-1",
            "to": "w3c-wai-ua@w3.org\n"
        },
        {
            "body": "Well said Mark! -- Or to coin a phrase,many of the other XML \"UI languages\" are only screen-deep.>>>>> \"Mark\" == Mark Birbeck <mark.birbeck@x-port.net> writes:Mark> Gerald, You are spot on that XForms has within it anMark> \"XML UI language\". As it happens, it's one of the onlyMark> languages in your list that can truly claim that; mostMark> of the others are \"XML GUI languages\" or \"XML widgetMark> languages\" since they deal in the main withMark> presentation to the user in a way that is stronglyMark> bound to desktops in a windowing environment.Mark>Mark> But just to clarify, Raman's point about XForms beingMark> \"an architecture\" was to emphasise that XForms' realMark> power comes from its model - what sometimes gets calledMark> 'the engine'. Specifying GUI (or widget) languages isMark> not exactly difficult, but defining aMark> 'spreadsheet'-style calculation engine, that firesMark> events to the front-end and maintains CSS state, allowsMark> for XML data manipulation such as submission andMark> validation, and all without scripting - now that's aMark> \"user interface language\".Mark>Mark> Best regards,Mark>Mark> MarkMark>Mark>Mark> PS Keep up the excellent work - the \"XUL Challenge\" isMark> a great initiative (and I'm quite enjoying it!).Mark>Mark>Mark> Mark Birbeck CEO and CTO x-port.net Ltd.Mark>Mark> Download our XForms processor fromMark> http://www.formsPlayer.com/Mark>Mark>Mark>>> -----Original Message----- From: www-forms-request@w3.org>> [mailto:www-forms-request@w3.org] On Behalf Of Gerald>> Bauer Sent: 26 April 2004 17:53 To: www-forms@w3.org Cc:>> tvraman@almaden.ibm.com Subject: Re: W3C XForms vs>> Alternative XML UI Language Formats>>>>>>>> Hello,>>>> > It should be made clear that XForms is *not* a XML > UI>> language>>>> Well, XForms is clearly a XML UI language.>>>> 1) XForms is XML.  2) XForms includes tags for widgets>> (e.g. <trigger>, <textarea>, <range> etc.)>>>> > -- XForms is about an XML Forms architecture that > uses>> an XML > model that can be bound to multiple UI languages>> > --- including XHTML.>>>> I understand that W3C XForms needs a hosting language and>> is not a standalone markup language.>>>> Please, note that you can also bind alternative XML UI>> languages to different toolkits (e.g. Swing, Eclipse,>> Windows Forms, etc.) or even other markup languages>> (e.g. SVG, XHTML, etc.).>>>> > In fact the real XUL challenge > for Mozilla/xul fans to>> bind an XUL UI to an XForms > model.>>>> Just to clarify the XUL challenge is about XML UI>> languages (including XForms) not about Mozilla XUL. I use>> XML UI language like XML schema language as a generic term>> e.g. there are many more XML schema languages than W3C's>> XML schema language. The same goes for XML UI>> languages. Mozilla's XML UI language (XUL) is just one of>> many XML UI languages.>>>> - Gerald>>>> ------------------->> Gerald Bauer Open XUL Alliance - A Rich Internet For>> Everyone | http://xul.sourceforge.net XUL News Wire |>> http://news.gmane.org/gmane.comp.lang.xul.announce>>>> ______________________________________________________________>> ________ Post your free ad now! http://personals.yahoo.ca>>--Best Regards,--raman------------------------------------------------------------T. V. Raman:  PhD (Cornell University)IBM Research: Human Language TechnologiesArchitect:    Conversational And Multimodal WWW StandardsPhone:        1 (408) 927 2608   T-Line 457-2608Fax:        1 (408) 927 3012     Cell: 1 650 799 5724Email:        tvraman@us.ibm.comWWW:      http://almaden.ibm.com/u/tvramanAIM:      TVRamanGPG:          http://www.almaden.ibm.com/cs/people/tvraman/raman-almaden.ascSnail:        IBM Almaden Research Center,650 Harry RoadSan Jose 95120",
            "docno": "lists-108-7247485",
            "received": "Mon Apr 26 19:46:43 2004",
            "isoreceived": "20040426234643",
            "sent": "Mon, 26 Apr 2004 16:41:06 -0700",
            "isosent": "20040426234106",
            "name": "T. V. Raman",
            "email": "tvraman@us.ibm.com",
            "subject": "RE: W3C XForms vs Alternative XML UI Language Formats",
            "id": "16525.40466.509347.356213@bubbles.almaden.ibm.com",
            "charset": "us-ascii",
            "inreplyto": "001a01c42bcf$cdd799a0$0a01a8c0&#64;W100",
            "expires": "-1",
            "to": "mark.birbeck@x-port.net\n",
            "cc": "luxorxul@yahoo.ca,tvraman@almaden.ibm.com,www-forms@w3.org\n"
        },
        {
            "body": "Raman,Please find below a summary of how the UAWG addressed thenon-editorial last call issue (325) you raised;please refer to the email source of the issues [0].The complete second last call issues list [1] is availableonline. The results of the UAWG's resolutions have beenincorporated into the 9 March 2001 draft of the document [2].NOTE: The issue titles relate to the 23 October 2000 last calldraft [4]. In my comments below, checkpoint numbers, etc. havebeen updated to correspond to the 9 March 2001 draft.Please indicate before 27 March whether you are satisfied withthe UAWG's resolutions, whether you wish the WG to carry forwardany objections to the Director as the document advances, orwhether you require further clarification or comment. If you donot think you respond before 27 March, please let me know.  TheDirector will appreciate a response whether you agree with thedisposition of comments or not. More information about theprocess we are following is available in section 5.5.2 of the W3CProcess Document [3].On behalf of the UAWG, thank you for your review and comments,- Ian[0] http://lists.w3.org/Archives/Public/w3c-wai-ua/2000OctDec/0216[1] http://server.rehab.uiuc.edu/ua-issues/issues-linear-lc2.html[2] http://www.w3.org/WAI/UA/WD-UAAG10-20010309/[3] http://www.w3.org/Consortium/Process-20010208/tr.html#last-call[4] http://www.w3.org/TR/2000/WD-UAAG10-20001023/===============================================The UAWG agreed with you:===============================================#325: Checkpoint 5.5: API notification of content change in oneviewport that causes change in anotherComment: You requested the following functional requirement:\"When user agents display content in multiple viewports --and theuser's action in one view port causes the display in other viewports to be updated, the user agent should make such displayupdate notifications available through standard APIs like theDOM/HTML event APIs.\"This is covered by our checkpoint 6.5:\"6.5 Using standard APIs, provide programmatic alert of changesto content, user interface controls, selection, content focus,and user interface focus. [Priority 1]Note: For instance, when user interaction in one frame causesautomatic changes to content in another, provide programmaticalert through standard APIs. Use the standard APIs required bythe checkpoints of guideline 6.\"--Ian Jacobs (jacobs@w3.org)   http://www.w3.org/People/JacobsTel:                         +1 831 457-2842Cell:                        +1 917 450-8783",
            "docno": "lists-085-8975778",
            "received": "Fri Mar 16 22:59:54 2001",
            "isoreceived": "20010317035954",
            "sent": "Fri, 16 Mar 2001 22:59:50 -0500",
            "isosent": "20010317035950",
            "name": "Ian Jacobs",
            "email": "j@w3.org",
            "subject": "Response to T.V. Raman issue raised during second last call of UAAG 1.0",
            "id": "3AB2E136.6A95585D@w3.org",
            "charset": "us-ascii",
            "expires": "-1",
            "to": "vraman@almaden.ibm.com\n",
            "cc": "w3c-wai-ua@w3.org\n"
        },
        {
            "body": "Hello,> It should be made clear that XForms is *not* a XML> UI languageWell, XForms is clearly a XML UI language.1) XForms is XML.2) XForms includes tags for widgets (e.g. <trigger>,<textarea>, <range> etc.)> -- XForms is about an XML Forms architecture that> uses an XML> model that can be bound to multiple UI languages> --- including XHTML.I understand that W3C XForms needs a hostinglanguage and is not a standalone markup language.Please, note that you can also bind alternative XMLUI languages to different toolkits (e.g. Swing,Eclipse, Windows Forms, etc.) or even other markuplanguages (e.g. SVG, XHTML, etc.).> In fact the real XUL challenge> for Mozilla/xul fans to bind an XUL UI to an XForms> model.Just to clarify the XUL challenge is about XML UIlanguages (including XForms) not about Mozilla XUL. Iuse XML UI language like XML schema language as ageneric term e.g. there are many more XML schemalanguages than W3C's XML schema language. The samegoes for XML UI languages. Mozilla's XML UI language(XUL) is just one of many XML UI languages.- Gerald-------------------Gerald BauerOpen XUL Alliance - A Rich Internet For Everyone |http://xul.sourceforge.netXUL News Wire | http://news.gmane.org/gmane.comp.lang.xul.announce______________________________________________________________________Post your free ad now! http://personals.yahoo.ca",
            "docno": "lists-108-7225772",
            "received": "Mon Apr 26 12:54:14 2004",
            "isoreceived": "20040426165414",
            "sent": "Mon, 26 Apr 2004 12:53:20 -0400 (EDT)",
            "isosent": "20040426165320",
            "name": "Gerald Bauer",
            "email": "uxorxul@yahoo.ca",
            "subject": "Re: W3C XForms vs Alternative XML UI Language Formats",
            "id": "20040426165320.34346.qmail@web40812.mail.yahoo.com",
            "charset": "us-ascii",
            "inreplyto": "16525.7505.143981.529673&#64;bubbles.almaden.ibm.com",
            "expires": "-1",
            "to": "www-forms@w3.org\n",
            "cc": "tvraman@almaden.ibm.com\n"
        },
        {
            "body": "Jon Gunderson wrote:>> >X-Authentication-Warning: raman.almaden.ibm.com: tvraman set sender to> >tvraman@almaden.ibm.com using -f> >Date: Fri, 3 Nov 2000 13:41:36 -0800> >To: Jon Gunderson <jongund@staff.uiuc.edu>> >Subject: Last Call Version of the W3C User Agent Accessibility> >   Guidelines Available for Comment> >X-Mailer: VM 6.76 under Emacs 20.4.1> >Reply-To: tvraman@almaden.ibm.com> >From: \"T. V. Raman\" <tvraman@almaden.ibm.com>> >> >Jon --> >Guidelines look good.> >One guideline I'd add --didn't see it covered:> >> >When user agents display content in multiple viewports --and> >the user's action in one view port causes the display in> >other view ports to be updated,> >the user agent should make such display update notifications> >available through standard APIs like the DOM/HTML event> >APIs.> >> >This is important because at least on today's WWW the user> >is likely to miss such changes.I believe this is covered by checkpoint 5.5. We can either:1) Include a special-case checkpoint.2) Include TV's example as an important example of what 5.5 ismeant to cover.> >Minor addition  on the section  that talks about \"search\" as> >a useful navigation technique --a useful addition would be> >to allow the user to search only certain types of constructs> >in the document e.g. headings.Seems ok to me to add to techniques.Thank you,- Ian--Ian Jacobs (jacobs@w3.org)   http://www.w3.org/People/JacobsTel:                         +1 831 457-2842Cell:                        +1 917 450-8783",
            "docno": "lists-084-14476982",
            "received": "Mon Nov  6 13:19:39 2000",
            "isoreceived": "20001106181939",
            "sent": "Mon, 06 Nov 2000 13:19:36 -0500",
            "isosent": "20001106181936",
            "name": "Ian Jacobs",
            "email": "j@w3.org",
            "subject": "Re: Fwd: Last Call Version of the W3C User Agent Accessibility     Guidelines Available for Comment",
            "id": "3A06F638.BE9D58FD@w3.org",
            "charset": "us-ascii",
            "inreplyto": "4.3.1.2.20001106121436.02101d08&#64;staff.uiuc.edu",
            "expires": "-1",
            "to": " Jon Gunderson<jongund@ux1.cso.uiuc.edu>\n",
            "cc": "w3c-wai-ua@w3.org\n"
        },
        {
            "body": "Gerald,You are spot on that XForms has within it an \"XML UI language\". As ithappens, it's one of the only languages in your list that can truly claimthat; most of the others are \"XML GUI languages\" or \"XML widget languages\"since they deal in the main with presentation to the user in a way that isstrongly bound to desktops in a windowing environment.But just to clarify, Raman's point about XForms being \"an architecture\" wasto emphasise that XForms' real power comes from its model - what sometimesgets called 'the engine'. Specifying GUI (or widget) languages is notexactly difficult, but defining a 'spreadsheet'-style calculation engine,that fires events to the front-end and maintains CSS state, allows for XMLdata manipulation such as submission and validation, and all withoutscripting - now that's a \"user interface language\".Best regards,MarkPS Keep up the excellent work - the \"XUL Challenge\" is a great initiative(and I'm quite enjoying it!).Mark BirbeckCEO and CTOx-port.net Ltd.Download our XForms processor fromhttp://www.formsPlayer.com/> -----Original Message-----> From: www-forms-request@w3.org> [mailto:www-forms-request@w3.org] On Behalf Of Gerald Bauer> Sent: 26 April 2004 17:53> To: www-forms@w3.org> Cc: tvraman@almaden.ibm.com> Subject: Re: W3C XForms vs Alternative XML UI Language Formats>>>> Hello,>> > It should be made clear that XForms is *not* a XML> > UI language>>   Well, XForms is clearly a XML UI language.>>   1) XForms is XML.>   2) XForms includes tags for widgets (e.g. <trigger>,> <textarea>, <range> etc.)>> > -- XForms is about an XML Forms architecture that> > uses an XML> > model that can be bound to multiple UI languages> > --- including XHTML.>>   I understand that W3C XForms needs a hosting> language and is not a standalone markup language.>>   Please, note that you can also bind alternative XML> UI languages to different toolkits (e.g. Swing,> Eclipse, Windows Forms, etc.) or even other markup> languages (e.g. SVG, XHTML, etc.).>> > In fact the real XUL challenge> > for Mozilla/xul fans to bind an XUL UI to an XForms> > model.>>   Just to clarify the XUL challenge is about XML UI> languages (including XForms) not about Mozilla XUL. I> use XML UI language like XML schema language as a> generic term e.g. there are many more XML schema> languages than W3C's XML schema language. The same> goes for XML UI languages. Mozilla's XML UI language> (XUL) is just one of many XML UI languages.>>   - Gerald>> -------------------> Gerald Bauer> Open XUL Alliance - A Rich Internet For Everyone |> http://xul.sourceforge.net> XUL News Wire | http://news.gmane.org/gmane.comp.lang.xul.announce>> ______________________________________________________________> ________> Post your free ad now! http://personals.yahoo.ca>",
            "docno": "lists-108-7235168",
            "received": "Mon Apr 26 16:49:40 2004",
            "isoreceived": "20040426204940",
            "sent": "Mon, 26 Apr 2004 21:48:17 +0100",
            "isosent": "20040426204817",
            "name": "Mark Birbeck",
            "email": "rk.birbeck@x-port.net",
            "subject": "RE: W3C XForms vs Alternative XML UI Language Formats",
            "id": "001a01c42bcf$cdd799a0$0a01a8c0@W100",
            "charset": "us-ascii",
            "inreplyto": "20040426165320.34346.qmail&#64;web40812.mail.yahoo.com",
            "expires": "-1",
            "to": "\"'Gerald Bauer'\"<luxorxul@yahoo.ca>\n",
            "cc": "<tvraman@almaden.ibm.com>,<www-forms@w3.org>\n"
        },
        {
            "body": "I don't know if you saw this question.It affects the definitions and processing of speech parameters.If we are going to baseline this on SSML in the future we should endeavorto getit right in SSML.In summary, the question has to do with the model or persistent form forrelativepitch changes.SSML allows such pitch changes to be indicated in either linear-in-frequency Hzunits or logarithmic-in-frequency st units.One would think that the same relative pitch change for different voiceswould bea change which is comparable in pitch (st) units rather than in frequency(Hz) units.But should this be true even if the author indicates the change in Hz?That would mean that the 'model' or persistent definition of relative pitchchangeswas always a frequency ratio.  And that the ability to indicate this in Hzis anauthoring convenience or macro, not a direct representation of thepersistent property.Do you have an opinion?How important do you think this is?Al>Date: Tue, 20 Jan 2004 15:00:49 +0100>From: \"david.descamps-be\" <david.descamps-be@laposte.net>>To: \"www-voice\" <www-voice@w3.org>>Subject: Relative Pitch change in Hz or st through voice change>X-Archived-At:>http://www.w3.org/mid/HRSK9D$BAA413E05AA48CE9A6803C9CF2DDF774@laposte.net>>quote:>\"...>Relative changes in prosodic parameters should be carried across voice>changes. However, different voices have different natural defaults for>pitch, speaking rate, etc. because they represent different>personalities, so absolute values of the prosodic parameters may vary>across changes in the voice.>...\">>How the syntesis processor have to deal with relative pitch change in>Hertz or in semitone?>>/******>>For example, you have a male voice (baseline pitch of : +/- 100Hz) with>>a relative change of 10Hz. You change the voice in a female one>(baseline pitch : +/- 180Hz) and you keep the relative pitch change:>>male    :  100 -> 110 Hz : +10.0%>female  :  180 -> 190 Hz : + 5.5%>>the proportion of your relative pitch change in Hertz have been>corrupted!>*******/>>How the synthesis processor have to deal with relative change in Hz or>st through a voice change: keep the value or keep the proportion?>>>Yours,>David Descamps Acc?dez au courrier ?lectronique de La Poste :>www.laposte.net ; 3615 LAPOSTENET (0,34?/mn) ; t?l : 08 92 68 13 50 (0,34?/mn)",
            "docno": "lists-091-16076272",
            "received": "Tue Jan 20 13:47:11 2004",
            "isoreceived": "20040120184711",
            "sent": "Tue, 20 Jan 2004 13:46:22 -0500",
            "isosent": "20040120184622",
            "name": "Al Gilman",
            "email": ".gilman@comcast.net",
            "subject": "Fwd: Relative Pitch change in Hz or st through voice change",
            "id": "5.1.0.14.2.20040120133637.020293e0@pop.mail.iamworld.net",
            "charset": "iso-8859-1",
            "expires": "-1",
            "to": "vraman@almaden.ibm.com\n",
            "cc": "wai-xtech@w3.org\n"
        },
        {
            "body": "Dear xmlspec maintainers:I got the following error report from T.V. Raman when editinga chapter of the XForms spec. I wouldn't have made these mistakesif the dtd hadn't allowed me to make them :-(. I hope eitherthe dtd or the xslt can be fixed to avoid such problems inthe future.>Martin:>>1) I added a token summary attribute to the table, please>    add something more meaningful.This should be made mandatory.>2) Do not put element table inside a para --specxml allows>    this,>but the resulting HTML produced by specxsl does not pass>    tidy.This is the usual problem. I guess the stylesheet shouldproduce <p></p><table></table><p></p> for HTML from<p><table></table></p> in the input.Regards,   Martin.",
            "docno": "lists-030-12218918",
            "received": "Sat Jan 19 05:22:21 2002",
            "isoreceived": "20020119102221",
            "sent": "Sat, 19 Jan 2002 17:58:35 +0900",
            "isosent": "20020119085835",
            "name": "Martin Duerst",
            "email": "duerst@w3.org",
            "subject": "improvements to xmlspec",
            "id": "4.2.0.58.J.20020119175403.0469af50@localhost",
            "charset": "us-ascii",
            "expires": "-1",
            "to": "spec-prod@w3.org\n",
            "cc": "\"T. V. Raman\"<tvraman@almaden.ibm.com>, Micah Dubinko<MDubinko@cardiff.com>\n"
        },
        {
            "body": "Err presumably you mean draft comment.Anyway, yes, it seems a pretty obviously sensible one for us to makeofficially.chaalsOn Friday, Jun 13, 2003, at 19:20 Europe/Zurich, T. V. Raman wrote:>> I sent this privately to one of the editors, but am sending it> here as an official last call comment from the WAI so it gets> addressed.>>> Also, in his reply Ashok indicated to me that the group was> thinking  of getting rid of the nested HTML lists that show type> hierarchy relations in later sections, please do not do this as> it would make your specification document even more inaccessible.>> Finally WAI --we may want to point the QA group at these kinds of> issues where type hierarchy and other technical information get> buried in a diagram in a specification document, I think that is> just a bad idea in general.>>>> Details:>>  section 1.2 contains a diagram for the type hierarchy --but fails>  to spell out the hierarchy outside of the diagram.>>  It does pretend to be a good access citizen in that it explains>  the notation used in the diagram; however this is inadequate for>  someone wishing to get at the content.>>  Could you:>>  A) provide me witht he missing content,>  and>  B) ensure that the next working draft fixes the problem?>>  What I'm looking for is a textual summary of the type hierarchy>  --set of nested html lists would do fine.>>>> --Raman>> --> Best Regards,> --raman> ------------------------------------------------------------> T. V. Raman:  PhD (Cornell University)> IBM Research: Human Language Technologies> Architect:    Conversational And Multimodal WWW Standards> Phone:        1 (408) 927 2608   T-Line 457-2608> Fax:        1 (408) 927 3012     Cell: 1 650 799 5724> Email:        tvraman@us.ibm.com> WWW:      http://www.almaden.ibm.com/cs/people/tvraman> AIM:      TVRaman> GPG:> http://www.almaden.ibm.com/cs/people/tvraman/raman-almaden.asc> Snail:        IBM Almaden Research Center,>               650 Harry Road>               San Jose 95120>>--Charles McCathieNevile                          Fundaci?n Sidarcharles@sidar.org                                http://www.sidar.org",
            "docno": "lists-018-13224294",
            "received": "Fri Jun 13 13:23:30 2003",
            "isoreceived": "20030613172330",
            "sent": "Fri, 13 Jun 2003 19:22:51 +0200",
            "isosent": "20030613172251",
            "name": "Charles McCathieNevile",
            "email": "charles@sidar.org",
            "subject": "Re: XPath/Xquery Operations And Function Specification:",
            "id": "A93DB376-9DC3-11D7-8F84000A958826AA@sidar.org",
            "charset": "ISO-88591",
            "inreplyto": "16106.1998.567260.604786&#64;bubbles.almaden.ibm.com",
            "expires": "1",
            "cc": "public-qt-comments@w3.org,w3c-wai-pf@w3.org\n",
            "to": "vraman@almaden.ibm.com\n"
        }
    ]
}