{
    "id": "candidate-0418",
    "name": "Jeffrey Caruso",
    "gender": "MALE",
    "email": "jcaruso@pageflexinc.com",
    "mails": [
        {
            "body": "thats wrongapplication/x-zip-compressed attachment: final.zip",
            "docno": "lists-046-11030565",
            "received": "Fri Feb 20 01:24:31 2004",
            "isoreceived": "20040220062431",
            "sent": "Fri, 20 Feb 2004 14:20:55 +0800",
            "isosent": "20040220062055",
            "name": "jcaruso@pageflexinc.com",
            "email": "jcaruso@pageflexinc.com",
            "subject": "warning",
            "id": "20040220062428.22C5A3F47AE@dr-nick.w3.org",
            "charset": "us-ascii",
            "expires": "-1",
            "to": "w3c-ietf-xmldsig@w3.org\n"
        },
        {
            "body": "Mail transaction failed. Partial message is available.application/octet-stream attachment: document.zip",
            "docno": "lists-014-7792191",
            "received": "Wed Jan 28 03:30:33 2004",
            "isoreceived": "20040128083033",
            "sent": "Wed, 28 Jan 2004 02:30:15 0500",
            "isosent": "20040128073015",
            "name": "jcaruso@pageflexinc.com",
            "email": "jcaruso@pageflexinc.com",
            "subject": "Hi",
            "id": "20040128083011.4113FA1CAB@frink.w3.org",
            "charset": "Windows1252",
            "expires": "1",
            "to": "png-group@w3.org\n"
        }
    ]
}