{
    "id": "candidate-0450",
    "name": "Benjamin Nguyen",
    "gender": "MALE",
    "email": "Benjamin.Nguyen@inria.fr",
    "mails": [
        {
            "body": "Unable to make it tonight.Regards,Benjamin Nguyen----------------------------------------------------------------This message was sent using IMP, the Internet Messaging Program.",
            "docno": "lists-022-3332452",
            "received": "Thu May 13 06:17:28 2004",
            "isoreceived": "20040513101728",
            "sent": "Thu, 13 May 2004 12:13:40 +0200",
            "isosent": "20040513101340",
            "name": "Benjamin Nguyen",
            "email": "Benjamin.Nguyen@inria.fr",
            "subject": "regrets for the next telecon (May 13th)",
            "id": "1084443220.40a34a540c498@pops-rocq.inria.fr",
            "charset": "ISO-8859-1",
            "inreplyto": "40A1FEE4.1020402&#64;cwi.nl",
            "expires": "-1",
            "to": "\"J.R. van Ossenbruggen\"<Jacco.van.Ossenbruggen@cwi.nl>\n",
            "cc": "public-swbp-wg@w3.org\n"
        },
        {
            "body": "I am working on a digest, to be delivered before next telecon (next week).BestAldoAt 14:12 +0200 5-05-2004, Benjamin Nguyen wrote:>I am also very much interested in participating in this task force, so any>digest in order to bring me up to date would be appreciated and/or a link>to all the discussions in which case I could try to make the digest>myself.>>Regards,>>Benjamin>>On Wed, 5 May 2004, McBride, Brian wrote:>>>>>  I was trying to catch up on the status of the wordnet task force and noticed>>  that that task force description on the group page>>>>    http://www.w3.org/2001/sw/BestPractices/#Tasks>>>>  Links to Aldo's first message on the subject.  Are there any plans to update>>  this in the light of subsequent discussion.>>>>  Is there a task force web page?>>>>  Brian>>>>>>-->--------------------------->| Dr. Benjamin Nguyen     |>| INRIA-FUTURS            |>| Projet Gemo             |>| 4 rue J. Monod          |>| ZAC des Vignes          |>| 91893 Orsay CEDEX       |>| FRANCE                  |>--------------------------->>Tel: (33) (0) 1 72 92 59 31--*;*;*;*;*;*;*;*;*;*;*;*;*;*;*;*;*;*;*;*;*;*Aldo GangemiResearch ScientistLaboratory for Applied Ontology, ISTC-CNRInstitute of Cognitive Sciences and Technologies(Laboratorio di Ontologia Applicata,Istituto di Scienze e Tecnologie della Cognizione,Consiglio Nazionale delle Ricerche)Viale Marx 15, 00137Roma Italy+3906.86090249+3906.824737 (fax)mailto://a.gangemi@istc.cnr.itmailto://gangemi@acm.orghttp://www.loa-cnr.it",
            "docno": "lists-022-2735406",
            "received": "Wed May  5 08:37:53 2004",
            "isoreceived": "20040505123753",
            "sent": "Wed, 5 May 2004 14:37:07 +0100",
            "isosent": "20040505133707",
            "name": "Aldo Gangemi",
            "email": ".gangemi@istc.cnr.it",
            "subject": "Re: [WNET] Task force description",
            "id": "p06002008bcbe9e416a77@[172.16.110.110]",
            "charset": "us-ascii",
            "inreplyto": "Pine.LNX.4.44.0405051410350.16412-100000&#64;login-linux.inria.fr",
            "expires": "-1",
            "to": " Benjamin Nguyen<Benjamin.Nguyen@inria.fr>\n",
            "cc": "public-swbp-wg@w3.org\n"
        },
        {
            "body": "Hello,First of all I am pleased to join the W3C Semantic Web Best Practices andDeployment working group.I am member of the INRIA-FUTURS Gemo Group ( http://www-rocq.inria.fr/gemo/ ),led by Serge Abiteboul. The general goal of our group is the integration oofdata and knowledge distributed over the web. I focus my research on a certainnumber of points, all related to the construction of what we call contentwarehouses. In brief, a content warehouse is a warehouse of loosely structureddata, containing a lot of qualitative information, as opposed to traditionaldata warehouses that contain quantitative information.It was quite natural for me to turn to the semantic web community (moreprecisely the French semantic web community) in order to enhance the semanticsof the information to be stored in the warehouse. I have some experience in theconstruction of 'Semantic' oriented web applications : a project with theAthens University of Economics and Business (CS dpt, Database Group : Pr.Michalis Vazirgiannis) called THESUS, that aims at automatically classifyingweb pages using an ontology ( http://www.db-net.aueb.gr/thesus/ ) and the SPINapplication (now renamed Acware) used in the french project e.dot, which iscurrently still running ( http://www-rocq.inria.Fr/gemo/edot )We are still working on the THESUS project, and developments are running invarious directions, one of which is bringing our application to use a better'semantic' interface, and publishing semantic oriented web services, that useRDF and OWL, and connecting the project to a vast range of ontologies.I view my possible contributions to this working group mainly on the technicaland 'experimental' side, and hope to bring comments on our methods used whiledevelopping these applications.Best regards,Benjamin Nguyen----------------------------------------------------------------This message was sent using IMP, the Internet Messaging Program.",
            "docno": "lists-021-14846244",
            "received": "Wed Apr 28 06:19:58 2004",
            "isoreceived": "20040428101958",
            "sent": "Wed, 28 Apr 2004 12:17:01 +0200",
            "isosent": "20040428101701",
            "name": "Benjamin Nguyen",
            "email": "Benjamin.Nguyen@inria.fr",
            "subject": "Short Introduction",
            "id": "1083147421.408f849debe31@pops-rocq.inria.fr",
            "charset": "ISO-8859-1",
            "inreplyto": "408E77E8.1090207&#64;cs.vu.nl",
            "expires": "-1",
            "to": "public-swbp-wg@w3.org\n"
        },
        {
            "body": "I am also very much interested in participating in this task force, so anydigest in order to bring me up to date would be appreciated and/or a linkto all the discussions in which case I could try to make the digestmyself.Regards,BenjaminOn Wed, 5 May 2004, McBride, Brian wrote:>> I was trying to catch up on the status of the wordnet task force and noticed> that that task force description on the group page>>   http://www.w3.org/2001/sw/BestPractices/#Tasks>> Links to Aldo's first message on the subject.  Are there any plans to update> this in the light of subsequent discussion.>> Is there a task force web page?>> Brian>>-----------------------------| Dr. Benjamin Nguyen     || INRIA-FUTURS            || Projet Gemo             || 4 rue J. Monod          || ZAC des Vignes          || 91893 Orsay CEDEX       || FRANCE                  |---------------------------Tel: (33) (0) 1 72 92 59 31",
            "docno": "lists-022-2727069",
            "received": "Wed May  5 08:12:38 2004",
            "isoreceived": "20040505121238",
            "sent": "Wed, 5 May 2004 14:12:06 +0200 (CEST)",
            "isosent": "20040505121206",
            "name": "Benjamin Nguyen",
            "email": "Benjamin.Nguyen@inria.fr",
            "subject": "Re: [WNET] Task force description",
            "id": "Pine.LNX.4.44.0405051410350.16412-100000@login-linux.inria.fr",
            "charset": "US-ASCII",
            "inreplyto": "E864E95CB35C1C46B72FEA0626A2E808028A33F5&#64;0-mail-br1.hpl.hp.com",
            "expires": "-1",
            "to": "public-swbp-wg@w3.org\n"
        }
    ]
}