{
    "id": "candidate-0256",
    "name": "James Barnette",
    "gender": "MALE",
    "email": "barnettj@ncr.disa.mil",
    "mails": [
        {
            "body": "All,Below is the Face-to-Face breakout group summary for the ContentInteroperability Use Case that Jonathan Dale was kind enough to scribefor us and distribute to the breakout group members. I am also attachingthe notes in MS Word format from our session on Jan. 15 (which Jonathanscribed).At the weekly telecon today (1/24), it was agreed that we need to do thefollowing:1) complete the description of the 2 use cases which will be used byWOW-G for the content interoperability use case category:A) The combined AgentCities/Travel Planning use case: Jonathan Dale andMike Dean will consolidate a combined description and submit this to usand Jeff Heflin, the editor of the combined use case and requirementsdocument.B) The OntoWeb use case: Raphael Volz will revise the description ofthis use case and also submit it to us and Jeff Heflin.Note that these should be completed as soon as possible: Jeff suggestedby early next week.Jonathan, Mike, Raphael -- is this agreeable to you all?I believe that Jeff can use the descriptions of the requirements that wealready had in the original large use case document reported at:http://lists.w3.org/Archives/Public/www-webont-wg/2001Dec/0104.htmlThanks!Leo=====WebONT Working Group - Content Interoperability Breakout GroupLeo Obrst, James Barnett, Mike Dean, Rafael Volz, Jonathan Dale (scribe)15th January, 2002Two Use Cases1. Agentcities and Travel Planning for small devices2. Ontology and Content Interoperability with OntoWebLanguage Requirements1.      Ontology namespaces and inter- and intra-ontology references2.      Ontology mapping relations (rules)3.      Consistency annotations; definition of annotation tags4.      Ontology partitioning5.      Meta-knowledge6.      Property typing7.      Ontology layering (more of a goal)8.      Lexical representations and muti-lingual/multi-cultural support--_____________________________________________Dr. Leo ObrstThe MITRE Corporationmailto:lobrst@mitre.org Intelligent Information Management/ExploitationVoice: 703-883-67707515 Colshire Drive, M/S W640Fax: 703-883-1379       McLean, VA 22102-7508, USAapplication/msword attachment: 2001-11_-_new_york-tuesday__content_interop_breakout_.doc",
            "docno": "lists-098-8157211",
            "received": "Thu Jan 24 13:17:46 2002",
            "isoreceived": "20020124181746",
            "sent": "Thu, 24 Jan 2002 13:18:11 -0500",
            "isosent": "20020124181811",
            "name": "Leo Obrst",
            "email": "obrst@mitre.org",
            "subject": "CONTENT INTEROPERABILITY: F2F breakout summary",
            "id": "3C504FE3.366ACB7A@mitre.org",
            "charset": "us-ascii",
            "expires": "-1",
            "to": " Pat Hayes<phayes@ai.uwf.edu>, Dan Connolly<connolly@w3.org>, Herman ter Horst<herman.ter.horst@philips.com>, Mike Dean<mdean@bbn.com>, Deborah McGuinness<dlm@ksl.stanford.edu>, Raphael Volz<volz@fzi.de>, Ora Lassila<daml@lassila.org>, Jonathan Dale<jdale@fla.fujitsu.com>, Jim Barnett<barnettj@ncr.disa.mil>\n",
            "cc": " W3C ARCHIVE<www-archive@w3.org>\n"
        },
        {
            "body": "Sorry, I reported the wrong url in the previous message. The final largeuse case document is at:http://lists.w3.org/Archives/Public/www-webont-wg/2002Jan/0066.htmlLeoLeo Obrst wrote:>> All,>> Below is the Face-to-Face breakout group summary for the Content> Interoperability Use Case that Jonathan Dale was kind enough to scribe> for us and distribute to the breakout group members. I am also attaching> the notes in MS Word format from our session on Jan. 15 (which Jonathan> scribed).>> At the weekly telecon today (1/24), it was agreed that we need to do the> following:>> 1) complete the description of the 2 use cases which will be used by> WOW-G for the content interoperability use case category:>> A) The combined AgentCities/Travel Planning use case: Jonathan Dale and> Mike Dean will consolidate a combined description and submit this to us> and Jeff Heflin, the editor of the combined use case and requirements> document.>> B) The OntoWeb use case: Raphael Volz will revise the description of> this use case and also submit it to us and Jeff Heflin.>> Note that these should be completed as soon as possible: Jeff suggested> by early next week.>> Jonathan, Mike, Raphael -- is this agreeable to you all?>> I believe that Jeff can use the descriptions of the requirements that we> already had in the original large use case document reported at:> http://lists.w3.org/Archives/Public/www-webont-wg/2001Dec/0104.html>> Thanks!> Leo>> =====>> WebONT Working Group - Content Interoperability Breakout Group>> Leo Obrst, James Barnett, Mike Dean, Rafael Volz, Jonathan Dale (scribe)>> 15th January, 2002>>>> Two Use Cases>> 1. Agentcities and Travel Planning for small devices> 2. Ontology and Content Interoperability with OntoWeb>>>> Language Requirements>> 1.      Ontology namespaces and inter- and intra-ontology references>> 2.      Ontology mapping relations (rules)>> 3.      Consistency annotations; definition of annotation tags>> 4.      Ontology partitioning>> 5.      Meta-knowledge>> 6.      Property typing>> 7.      Ontology layering (more of a goal)>> 8.      Lexical representations and muti-lingual/multi-cultural support> --> _____________________________________________> Dr. Leo Obrst           The MITRE Corporation> mailto:lobrst@mitre.org Intelligent Information Management/Exploitation> Voice: 703-883-6770     7515 Colshire Drive, M/S W640> Fax: 703-883-1379       McLean, VA 22102-7508, USA>>   ------------------------------------------------------------------------>                                                                        Name: 2001-11 - new york-tuesday (content interop breakout).doc>    2001-11 - new york-tuesday (content interop breakout).doc           Type: WINWORD File (application/msword)>                                                                    Encoding: base64>                                                             Download Status: Not downloaded with message--_____________________________________________Dr. Leo ObrstThe MITRE Corporationmailto:lobrst@mitre.org Intelligent Information Management/ExploitationVoice: 703-883-67707515 Colshire Drive, M/S W640Fax: 703-883-1379       McLean, VA 22102-7508, USA",
            "docno": "lists-098-8169146",
            "received": "Thu Jan 24 13:24:04 2002",
            "isoreceived": "20020124182404",
            "sent": "Thu, 24 Jan 2002 13:24:32 -0500",
            "isosent": "20020124182432",
            "name": "Leo Obrst",
            "email": "obrst@mitre.org",
            "subject": "Re: CONTENT INTEROPERABILITY: F2F breakout summary",
            "id": "3C505160.64A488F0@mitre.org",
            "charset": "us-ascii",
            "inreplyto": "3C504FE3.366ACB7A&#64;mitre.org",
            "expires": "-1",
            "to": " Pat Hayes<phayes@ai.uwf.edu>, Dan Connolly<connolly@w3.org>, Herman ter Horst<herman.ter.horst@philips.com>, Mike Dean<mdean@bbn.com>, Deborah McGuinness<dlm@ksl.stanford.edu>, Raphael Volz<volz@fzi.de>, Ora Lassila<daml@lassila.org>, Jonathan Dale<jdale@fla.fujitsu.com>, Jim Barnett<barnettj@ncr.disa.mil>, W3C ARCHIVE<www-archive@w3.org>\n"
        }
    ]
}