{
    "id": "candidate-0428",
    "name": "Dave Beckett",
    "gender": "MALE",
    "email": "Dave.Beckett@bristol.ac.uk",
    "mails": [
        {
            "body": "Maybe I'll find time to fix this, but not just now...<dajobe> anyone here who can fix http://www.w3.org/2001/sw/Overview.rss?<DanC> in what way is it broken?<dajobe> the dc:date fields have a trailijng :<DanC> ew<dajobe> so they get piled on top of planetrdf, since the regex doesn'tmatch ( I think )<dajobe> I suspect either the html or rss is built from the otherformat, since they all have the :<dajobe> (first 3 news items)--Dan Connolly, W3C http://www.w3.org/People/Connolly/see you at the WWW2004 in NY 17-22 May?",
            "docno": "lists-099-15477607",
            "received": "Wed Mar 17 09:33:59 2004",
            "isoreceived": "20040317143359",
            "sent": "Wed, 17 Mar 2004 08:34:02 -0600",
            "isosent": "20040317143402",
            "name": "Dan Connolly",
            "email": "connolly@w3.org",
            "subject": "mweb news feed has goofy dates",
            "id": "1079534041.30354.7162.camel@dirk",
            "expires": "-1",
            "to": " Eric Miller<em@w3.org>\n",
            "cc": " Dan Brickley<danbri@w3.org>,\"Ralph R. Swick\"<swick@w3.org>,www-archive@w3.org, Dave Beckett<Dave.Beckett@bristol.ac.uk>\n"
        },
        {
            "body": "The turtle grammar starts out all formal...\"This EBNF is the notation used in XML 1.0 second edition over analphabet of [UNICODE] characters.\"-- http://www.ilrt.bris.ac.uk/discovery/2004/01/turtle/but then it's not, really:[[relativeURI ::= character* with escapes as defined in the N-Triplessection 3.3 URI References. This is then used as a relative URI andresolved against the current base URI to give an absolute URI reference.string ::= character* with escapes as defined in N-Triples section 3.2Strings]]I'd much rather have the lexical details specified separatelyand have the grammar be a real formal grammar, suitable foruse with yacc or the equivalent.By way of comparison/contrast, seehttp://www.w3.org/2000/10/swap/rdfn3-gram.htmlhttp://www.w3.org/2000/10/swap/rdfn3.g$Id: rdfn3.g,v 1.18 2002/08/15 23:20:36 connolly Exp $p.s. I see\"Turtle is a work in progress, and I am looking for feedback\"but I wasn't sure where you wanted the feedback sent. I wasgoing to copy www-archive, but then grammar engineering isreasonably high on the cwm development agenda too, so Icopied public-cwm-talk.--Dan Connolly, W3C http://www.w3.org/People/Connolly/see you at the WWW2004 in NY 17-22 May?",
            "docno": "lists-014-11923213",
            "received": "Tue Apr 13 12:16:54 2004",
            "isoreceived": "20040413161654",
            "sent": "Tue, 13 Apr 2004 11:17:20 0500",
            "isosent": "20040413161720",
            "name": "Dan Connolly",
            "email": "connolly@w3.org",
            "subject": "pls split turtle lexical details out of the grammar",
            "id": "1081873040.458.56.camel@dirk",
            "expires": "1",
            "to": " Dave Beckett<Dave.Beckett@bristol.ac.uk>\n",
            "cc": "public-cwm-talk@w3.org\n"
        },
        {
            "body": "On Mar 17, 2004, at 9:34 AM, Dan Connolly wrote:> Maybe I'll find time to fix this, but not just now...fixed. Thanks Dave for heads-up.--eric>> <dajobe> anyone here who can fix http://www.w3.org/2001/sw/Overview.rss> ?> <DanC> in what way is it broken?> <dajobe> the dc:date fields have a trailijng :> <DanC> ew> <dajobe> so they get piled on top of planetrdf, since the regex doesn't> match ( I think )> <dajobe> I suspect either the html or rss is built from the other> format, since they all have the :> <dajobe> (first 3 news items)>> --> Dan Connolly, W3C http://www.w3.org/People/Connolly/> see you at the WWW2004 in NY 17-22 May?>",
            "docno": "lists-099-15485920",
            "received": "Wed Mar 17 09:38:23 2004",
            "isoreceived": "20040317143823",
            "sent": "Wed, 17 Mar 2004 09:38:26 -0500",
            "isosent": "20040317143826",
            "name": "Eric Miller",
            "email": "@w3.org",
            "subject": "Re: semweb news feed has goofy dates",
            "id": "C01112AD-7820-11D8-8A25-000A9582FD3A@w3.org",
            "charset": "US-ASCII",
            "inreplyto": "1079534041.30354.7162.camel&#64;dirk",
            "expires": "-1",
            "cc": " Dan Brickley<danbri@w3.org>,www-archive@w3.org,\"Ralph R. Swick\"<swick@w3.org>, Dave Beckett<Dave.Beckett@bristol.ac.uk>\n",
            "to": " Dan Connolly<connolly@w3.org>\n"
        },
        {
            "body": ">I'd much rather have the lexical details specified separately>and have the grammar be a real formal grammar, suitable for>use with yacc or the equivalent.>>By way of comparison/contrast, see>>  http://www.w3.org/2000/10/swap/rdfn3-gram.html>  http://www.w3.org/2000/10/swap/rdfn3.g>Dave - I could do with a YAPPS version of Turtle for the stuff I'mplaying with at the moment. I'll be happy to sort it out as time permits(if you haven't time, of course).Dan - In Cannes you asked me \"a personal question\", I answered \"Java\".After some recent noodling I'd like to change that answer to \"Python\".Consider me converted...Cheers,Danny.------Rawhttp://dannyayers.com",
            "docno": "lists-014-11931750",
            "received": "Fri Apr 16 06:41:14 2004",
            "isoreceived": "20040416104114",
            "sent": "Fri, 16 Apr 2004 12:40:35 +0200",
            "isosent": "20040416104035",
            "name": "Danny Ayers",
            "email": "danny666@virgilio.it",
            "subject": "Re: pls split turtle lexical details out of the grammar",
            "id": "407FB823.2070807@virgilio.it",
            "charset": "usascii",
            "inreplyto": "1081873040.458.56.camel&#64;dirk",
            "expires": "1",
            "to": " Dan Connolly<connolly@w3.org>\n",
            "cc": " Dave Beckett<Dave.Beckett@bristol.ac.uk>,public-cwm-talk@w3.org\n"
        }
    ]
}