{
    "id": "candidate-0375",
    "name": "Alistair Garrison",
    "gender": "MALE",
    "email": "alistair.garrison@accessinmind.com",
    "mails": [
        {
            "body": "Dear EOWG,I will be unable to attend today's teleconference due to a rescheduled business meeting.Very Best RegardsAlistair GarrisonAlistair GarrisonDirector, Accessinmind Limitedwww.accessinmind.com+44 (0) 207 252 2746",
            "docno": "lists-062-11165306",
            "received": "Fri Jun 27 06:44:18 2003",
            "isoreceived": "20030627104418",
            "sent": "Fri, 27 Jun 2003 11:44:08 +0100",
            "isosent": "20030627104408",
            "name": "Alistair Garrison",
            "email": "stair.garrison@accessinmind.com",
            "subject": "Regrets",
            "id": "000a01c33c99$0982b650$23bf4d51@your0xv8v0oeap",
            "charset": "iso-8859-1",
            "expires": "-1",
            "to": "\"Judy Brewer\"<jbrewer@w3.org>,\"EOWG\"<w3c-wai-eo@w3.org>\n"
        },
        {
            "body": "Dear EOWG,Just a quick note, to say that in light of Shawn's kind email containing the'official' EOWG definition of 'Web Accessibility' I would like to withdraw the definition I suggested yesterday...Very Best RegardsAlistairAlistair GarrisonDirector, Accessinmind Limitedwww.accessinmind.com+44 (0) 207 252 2746",
            "docno": "lists-062-14605822",
            "received": "Mon Dec 15 03:46:49 2003",
            "isoreceived": "20031215084649",
            "sent": "Mon, 15 Dec 2003 08:46:44 -0000",
            "isosent": "20031215084644",
            "name": "Alistair Garrison",
            "email": "stair.garrison@accessinmind.com",
            "subject": "Definition Withdrawn...",
            "id": "00a001c3c2e7$f80b4d30$89c14f51@your0xv8v0oeap",
            "charset": "iso-8859-1",
            "expires": "-1",
            "to": "\"EOWG\"<w3c-wai-eo@w3.org>\n"
        },
        {
            "body": "Hi,yes, it seems like a good idea. Such a good idea that groups in the WAItechnical activity have been working on it <grin/>.The Evaluation and Repair Tools group have been hosting the work on EARL (theEvaluation and Report Language) since early last year. The idea is that toolsproduce information in a format that can then be used to identify who made agiven assessment, of what, when, and that the results can be used by othertools to facilitate repair. It is also possible to turn EARL into ahuman-readable format for people doing manual repair.Tools that produce or use EARL currently include Page Valet (an automatictesting tool, that produces it and can use it to provide a view of the pagesource annotated with the problems identified), MUTAT (a genericinterview-type tool for testing, which produces it), the AccVerify /AccMonitor / AccRepair suite of tools (which produce it and use it togenerate reports of various kinds, as well as identify problems for therepair tools that are part of the suite), a query tool from the University ofBristol that can merge various EARL reports, and SSB's inSight / inFocustools (I don't know much about their implementation).There is an out-of-date home page for EARL - http://www.w3.org/2001/03/earland some more up to date information and links from the ERT working grouppage http://www.w3.org/WAI/ER/#earlcheersChaalsOn Tue, 3 Sep 2002, Alistair Garrison wrote:Dear All,Would it be a good idea to create a template for a Web AccessibilityEvaluation Report which captures (in a generic format) the procedures used,and results collected, from the tests suggested in the 'Evaluating Websitesfor Accessibility' document(http://www.w3.org/WAI/EO/Drafts/impl/eval/Overview.html).  Effectively, in asimilar manner to the 'Common Industry Format for Usability Test Reports'(http://zing.ncsl.nist.gov/iusr/documents/cifv1.1b.htm) used for Usabilitytesting (listed in the Evaluation & Repair section under Related Resources)?As I see it two clear reasons exist for standardisation, firstly, it allowsanyone undertaking 'repair' work to pick-up, and easily work with, anyevaluation report coming from any Evaluation Centre, and secondly, itintroduces an element of Quality Assurance.Please let me know your thoughts...Alistair Garrison",
            "docno": "lists-062-8396581",
            "received": "Tue Sep  3 05:49:20 2002",
            "isoreceived": "20020903094920",
            "sent": "Tue, 3 Sep 2002 05:49:19 -0400 (EDT)",
            "isosent": "20020903094919",
            "name": "Charles McCathieNevile",
            "email": "charles@w3.org",
            "subject": "Re: Web Accessibility Evaluation Report?",
            "id": "Pine.LNX.4.30.0209030538420.1744-100000@tux.w3.org",
            "charset": "US-ASCII",
            "inreplyto": "000a01c2532b$fd4bd620$2f2f86d9&#64;your0xv8v0oeap",
            "expires": "-1",
            "to": " Alistair Garrison<alistair.garrison@accessinmind.com>\n",
            "cc": "<w3c-wai-eo@w3.org>\n"
        },
        {
            "body": "Dear EOWG Member,I shall be unable to attend this weeks teleconference due to an urgent trip to the Dentist...Please accept my apologies...Very Best RegardsAlistairAlistair GarrisonDirector, Accessinmind Limitedwww.accessinmind.com+44 (0) 207 252 2746",
            "docno": "lists-062-12646618",
            "received": "Fri Jul 11 04:02:28 2003",
            "isoreceived": "20030711080228",
            "sent": "Fri, 11 Jul 2003 09:02:25 +0100",
            "isosent": "20030711080225",
            "name": "Alistair Garrison",
            "email": "stair.garrison@accessinmind.com",
            "subject": "Regrets...",
            "id": "001001c34782$c3d172f0$5ba54d51@your0xv8v0oeap",
            "charset": "iso-8859-1",
            "expires": "-1",
            "to": "\"EOWG\"<w3c-wai-eo@w3.org>\n"
        },
        {
            "body": "To EOWG:After reading and re-reading this document my impression of the concept is that this document is designed to help managers within Authoring Tool Development Companies build a business case for implementing ATAG based on the identified needs of customers to be able to build Accessible Web content (through legislation or social responsibility).If this is the case, I would like to make the following suggestions (bearing in mind the Changelog):1) The Background section should be moved to the bottom of the page to form an Appendix or removed entirely (as it inhibits the flow of the document).2) In the second sentence under 'Executive Summary'(or 'Introduction') the phrase 'Web Accessibility in their tools' be changed to 'Authoring Tool Accessibility Guidelines' (and linked to the new Appendix section).3) Under Executive Summary remove the entire section 'This demand is due to changing legal environments around the World (U.S.A., the European Union, Canada and Australia among others), increasing market pressure from disabled and elderly persons, and also to the introduction of mobile devices which offer interfaces completely different from the traditional desktop computer. Further details on the benefits of implementing the Web Content Accessibility Guidelines can be found in the document Auxiliary Benefits of Accessible Web Design.'As we will build up the reasons for this demand later in the business case.4) Restructure the document from 'Introducing Accessibility in a business case' to mirror the sections required in a business case (The information is there it just needs to be categorised).  This means that the manager is given the business case structure (in the right order) along with the facts, figures or techniques needed to fill in the information.I believe the business case must be able to answer the following 3 questions:What are the benefits of implementing ATAG?What are the costs involved?Can we choose whether or not to implement ATAG? (Not if customers won't buy a non-compliant product or Legislation requires it).A suggested structure might be: (Remembering this comes after 'Introducing Accessibility in a business case'.)Executive summary (now...): How strong is the need and is ATAG implementation absolutely necessary?The need...1. Market Assessment: What are our customers asking for now in the countries we provide to and what will they be asking for in the near future with regard to authoring accessible content?2. Current Practice: What is the company currently doing with respect to Accessibility in these countries?3. Legal Situation: What is the related legislative requirement in these countries now and in the near future?4. Competitor Analysis: What are our competitors doing now and what moves will they be making in the future?The solution...5. What guidelines currently exist? Only ATAG...6. Benefits of Implementing ATAG - Current SWOT Analysis for product, near future SWOT Analysis (which indicates strength of need for ATAG implementation).7. Proposed implementation plan method???8. Proposed costing method???With the Conclusion based on the above.Please let me know your comments...Very Best RegardsAlistairAlistair GarrisonAccessinmind Limitedwww.accessinmind.com+44 (0) 207 252 2746",
            "docno": "lists-062-8618653",
            "received": "Fri Sep 20 08:40:26 2002",
            "isoreceived": "20020920124026",
            "sent": "Fri, 20 Sep 2002 13:40:22 +0100",
            "isosent": "20020920124022",
            "name": "Alistair Garrison",
            "email": "stair.garrison@accessinmind.com",
            "subject": "Business Case for ATAG General Comments",
            "id": "003d01c260a2$e3523820$fc0486d9@your0xv8v0oeap",
            "charset": "iso-8859-1",
            "expires": "-1",
            "to": "<w3c-wai-eo@w3.org>\n"
        },
        {
            "body": "Dear EOWG,I regret to inform you all that I shall be unable to attend this afternoon's teleconference.Very Best RegardsAlistairAlistair GarrisonDirector, Accessinmind Limitedwww.accessinmind.com+44 (0) 207 252 2746",
            "docno": "lists-062-14053620",
            "received": "Fri Oct 24 04:57:34 2003",
            "isoreceived": "20031024085734",
            "sent": "Fri, 24 Oct 2003 09:57:31 +0100",
            "isosent": "20031024085731",
            "name": "Alistair Garrison",
            "email": "stair.garrison@accessinmind.com",
            "subject": "Regrets",
            "id": "000b01c39a0c$dc4a0770$69ec4d51@your0xv8v0oeap",
            "charset": "iso-8859-1",
            "expires": "-1",
            "to": "\"EOWG\"<w3c-wai-eo@w3.org>,\"Judy Brewer\"<jbrewer@w3.org>\n"
        },
        {
            "body": "Dear EOWG Members,This is just a quick note to say that I will be unable to make this afternoon's telecon.Very Best RegardsAlistairAlistair GarrisonDirector, Accessinmind Limitedwww.accessinmind.com+44 (0) 207 252 2746",
            "docno": "lists-062-14549054",
            "received": "Fri Dec 12 07:46:29 2003",
            "isoreceived": "20031212124629",
            "sent": "Fri, 12 Dec 2003 12:46:26 -0000",
            "isosent": "20031212124626",
            "name": "Alistair Garrison",
            "email": "stair.garrison@accessinmind.com",
            "subject": "Regrets...",
            "id": "00b801c3c0ad$f503ad80$ae124d51@your0xv8v0oeap",
            "charset": "iso-8859-1",
            "expires": "-1",
            "to": "\"EOWG\"<w3c-wai-eo@w3.org>\n"
        },
        {
            "body": "Dear EOWG,Sadly, I will be unable to sit in on this Friday's (23/08) meeting (I was hoping for it to be my first), however, I shall read the minutes with interest - especially those relating to Agenda Points 2 & 6, and let you know if I have any comments.  Otherwise, I look forward to meeting everyone on the next occasion...Very Best RegardsAlistairAlistair Garrison - Managing DirectorAccessinmind LimitedTel. +44 (0) 207 252 2746",
            "docno": "lists-062-8317393",
            "received": "Fri Aug 23 04:46:26 2002",
            "isoreceived": "20020823084626",
            "sent": "Fri, 23 Aug 2002 09:46:19 +0100",
            "isosent": "20020823084619",
            "name": "Alistair Garrison",
            "email": "stair.garrison@accessinmind.com",
            "subject": "Regrets For Friday Meeting",
            "id": "000f01c24a81$8db8f2a0$d60b86d9@your0xv8v0oeap",
            "charset": "iso-8859-1",
            "expires": "-1",
            "to": "<w3c-wai-eo@w3.org>\n"
        },
        {
            "body": "At 01:40 PM 9/20/2002 +0100, Alistair Garrison wrote:>Please let me know your comments...A coupla years ago in L.A. I attended my last F2F of EO and at that timeseveral members, in particular Andrew Arch made strong moves towardsgetting off the \"cap in hand\"/\"right thing to do\"/\"it's the law\" argumentsfor accessibility \"business case\" concerns and onto a track in which it wasposited that beyond all the moral/legal/ethical issues it might very wellbe that these concerns addressed such things as efficiency and usabilitythat traditional \"costing\" analyses (without examination of subtle benefitsto be gained from our approach) essentially ignored.We must continue aggressively in this regard. The reasons to implement ATAGin one's authoring tools offerings must include not just the fact that our\"recommendations\" are beginning to gain the status of legal (as well asethical/moral) \"requirements\" but that they make good technical (andtherefore, business) sense.  Some of this attitude is inherent in thepresent instance and I'm not sure how to (or even if) modify it, but Ithink it very important not to weaken it in any way and to be out frontwith it.Sorry not to be specific but I'm sure you get the idea.--Love.It's Bad Luck to be Superstitious!",
            "docno": "lists-062-8628992",
            "received": "Fri Sep 20 11:10:13 2002",
            "isoreceived": "20020920151013",
            "sent": "Fri, 20 Sep 2002 08:09:55 -0700",
            "isosent": "20020920150955",
            "name": "William Loughborough",
            "email": "ove26@gorge.net",
            "subject": "Re: Business Case for ATAG General Comments",
            "id": "5.0.2.1.2.20020920080111.0338ac38@pop3.gorge.net",
            "charset": "us-ascii",
            "inreplyto": "003d01c260a2$e3523820$fc0486d9&#64;your0xv8v0oeap",
            "expires": "-1",
            "to": "\"Alistair Garrison\"<alistair.garrison@accessinmind.com>,<w3c-wai-eo@w3.org>\n"
        },
        {
            "body": "Alistair -I'm glad you raised this issue again.   For reference, please visit thethread from about a year ago:http://lists.w3.org/Archives/Public/w3c-wai-er-ig/2001Aug/0005.htmlRegarding passing URLs to tools, maybe one of these days I'll get achance to revisit the tools front-end I had developed a couple of  yearsago.  It's kind of interesting to see how much has changed since then.It's still available at the following URL:http://w3.gsa.gov/web/m/old_cita.nsf/CheckYourPageI still get occasional e-mails about the W3 logos links I had as part ofthat site.  This page provides links via several search engines topages are claiming compliance at the corresponding level, or they areraising awareness by pointing to the WAI logo pages -- Note:  Google,AltaVista, and HotBot still actually work!):http://w3.gsa.gov/web/m/old_cita.nsf/RefLib/WCAGLogosDirect links to Google to search  for A, Double-A, and Triple-Acompliance:http://www.google.com/search?q=link:http://www.w3.org/WAI/WCAG1A-Conformance&num=100http://www.google.com/search?q=link:http://www.w3.org/WAI/WCAG1AA-Conformance&num=100http://www.google.com/search?q=link:http://www.w3.org/WAI/WCAG1AAA-Conformance&num=100Karl Hebenstreit, Jr.US General Services Administration\"Trust is the bandwidth of hiuman communications\"-- Karl Erik Sveiby, http://www.knowinc.com/about/karleriksveiby.htm\"If you don't like that idea, I've got plenty of others\"-- R. Buckminster \"Bucky\" Fuller, http://www.bfi.orgAlistair Garrison wrote:> Dear All, Thank you for your full response, I have read again with> interest that it is possible to turn Earl into human-readable formats> for people doing manual repair. Could I ask if any human-readable> report templates have been created so far, and if they have if I could> be sent the URLs?  If they have not would it be a good idea to create> a standard interrim (non-EARL) template for a human-readable Web> Accessibility Evaluation Report? I only ask because in would make> sense for evaluators to start producing evaluation reports based on> future standardised formats. Thanks again... Alistair Garrison> Managing Director> Accessinmind Limited> www.accessinmind.com> +44 (0) 207 252 2746",
            "docno": "lists-062-8414896",
            "received": "Wed Sep  4 00:46:12 2002",
            "isoreceived": "20020904044612",
            "sent": "Wed, 04 Sep 2002 00:43:26 -0400",
            "isosent": "20020904044326",
            "name": "Karl Hebenstreit, Jr.",
            "email": "karlhjr@comcast.net",
            "subject": "Re: Web Accessibility Evaluation Report?",
            "id": "entify pages that are linking to the W3 logo pages.   Either these",
            "charset": "us-ascii",
            "inreplyto": "001501c25337$1389a650$d95286d9&#64;your0xv8v0oeap",
            "expires": "-1",
            "to": " Alistair Garrison<alistair.garrison@accessinmind.com>,w3c-wai-eo@w3.org\n"
        },
        {
            "body": "On Fri, 11 Jul 2003, Alistair Garrison wrote:>Dear EOWG Member,>>I shall be unable to attend this weeks teleconference due to an urgent trip to the Dentist...>Oooh, that sucks rocks. Hope all is well.I am thinking of coming to the UK around the end of the month - it would begreat to catch up (not least to try and get some alignment between the twoworking groups - if we mange to get the chair votes :)cheersChaals",
            "docno": "lists-062-12704009",
            "received": "Sat Jul 12 18:07:17 2003",
            "isoreceived": "20030712220717",
            "sent": "Sat, 12 Jul 2003 18:07:05 -0400 (EDT)",
            "isosent": "20030712220705",
            "name": "Charles McCathieNevile",
            "email": "charles@w3.org",
            "subject": "Re: Regrets...",
            "id": "Pine.LNX.4.30.0307121805470.25915-100000@tux.w3.org",
            "charset": "US-ASCII",
            "inreplyto": "001001c34782$c3d172f0$5ba54d51&#64;your0xv8v0oeap",
            "expires": "-1",
            "to": " Alistair Garrison<alistair.garrison@accessinmind.com>\n",
            "cc": " EOWG<w3c-wai-eo@w3.org>\n"
        },
        {
            "body": "Dear EOWG,Sadly, I will be able to attend today's teleconference.Very Best RegardsAlistairAlistair GarrisonDirector, Accessinmind Limitedwww.accessinmind.com+44 (0) 207 252 2746",
            "docno": "lists-062-16246907",
            "received": "Fri Jan  9 08:18:41 2004",
            "isoreceived": "20040109131841",
            "sent": "Fri, 9 Jan 2004 13:18:40 -0000",
            "isosent": "20040109131840",
            "name": "Alistair Garrison",
            "email": "stair.garrison@accessinmind.com",
            "subject": "Regrets",
            "id": "002801c3d6b3$198a4d10$0200a8c0@your0xv8v0oeap",
            "charset": "iso-8859-1",
            "expires": "-1",
            "to": "\"EOWG\"<w3c-wai-eo@w3.org>\n"
        },
        {
            "body": "regretshope to see you all in DublinJonathan",
            "docno": "lists-062-11179227",
            "received": "Fri Jun 27 10:10:14 2003",
            "isoreceived": "20030627141014",
            "sent": "Fri, 27 Jun 2003 15:13:51 +0100",
            "isosent": "20030627141351",
            "name": "Jonathan Chetwynd",
            "email": "j.chetwynd@btinternet.com",
            "subject": "Re: Regrets",
            "id": "93DC9D34-A8A9-11D7-B431-0003939B5AD0@btinternet.com",
            "charset": "US-ASCII",
            "inreplyto": "000a01c33c99$0982b650$23bf4d51&#64;your0xv8v0oeap",
            "expires": "-1",
            "cc": "\"Judy Brewer\"<jbrewer@w3.org>,\"EOWG\"<w3c-wai-eo@w3.org>\n",
            "to": "\"Alistair Garrison\"<alistair.garrison@accessinmind.com>\n"
        },
        {
            "body": "Summary: Sidar would like to see errata discussed and incorporated intoa second edition, but feel that many issues which require discussionare properly dealt with either in the work on techniques, or in thedevelopment of version 2.0 of WCAG.More detailed response...There seem to be three issues in play.One is incorporating errata - \"mistakes in WCAG 1 that can be readilycleared up without changing the meaning of the document\" might be aworking definition.A new example might be clarifying what is meant by \"relative units\" incheckpoint 3.4, since the CSS specification describes px as a relativeunit, although the clear intention of the WCAG checkpoint is to referto units relative to the base size definition of the user. Some moreexamples are in the current list of errata:http://www.w3.org/WAI/GL/WAI-WEBCONTENT-ERRATA of course.As Judy pointed out, the process for dealing with these things has beenrecently revised, and it is now realistic to rapidly incorporate theminto a second edition.From Sidar's perspective, this would be extremely helpful - inparticular as a motivation to update the translations of WCAG beingused in Spain and South America, and course material that we currentlyproduce - and we feel that it should be possible without distractingthe working group too much from the major task of developing WCAG 2.0.The second part is in making clarifications, as discussed by Kynn. The\"until user agents\" checkpoints are one example, but there are otherareas such as what kind of metadata is actually required by checkpoint13.2. This is more complex.There may be areas that can be readily resolved by the group, andincorporated into a second edition, as clarifications. There is oneexample in the current errata document. There are probably other aresbetter clarified by providing techniques - and we would ike to see morefrequent republication of the techniques note.The third area is contentious \"errors\" - ones where there is currentlysignificant discussion required, or disagreement. Correcting thesetakes some substantial work, and we feel it is appropriate that thiswork is part of the development process leading to WCAG 2.Finally, we agree that a second edition is not going to be maderedundant by working on WCAG 2.0 in any reasonable time frame - theinvestment in and implementation of WCAG 1.0, and the time required tomove to a new standard, particularly for languages other than english,where translation of documents and tools is likely to slow down theadoption even further. In the meantime, the fact that errata are knownbut not incorporated in a revised edition is already a problem, becausemany people do not read the errata.CheersChaals McCNOn Friday, Nov 28, 2003, at 18:17 Australia/Melbourne, Kynn Bartlettwrote:>>> On Thursday, November 27, 2003, at 09:57 PM, Judy Brewer wrote:>> You seem to be asking a different question than Alistair, about an>> amendment to WCAG 1.0 itself, using the documented errata, and>> possibly also using some draft WCAG 2.0 provisions. Since the W3C>> Process for incorporating errata has recently been changed, it should>> probably be looked at anew with regard to some of the documented>> errata in WCAG 1.0.>> I would suggest \"WCAG 1.0, Second Edition\" as per a number of updated> W3C specs (XHTML, XML, etc) that use such terminology.[snip]> As Joe Clark pointed out, this is what I proposed in May:>> http://lists.w3.org/Archives/Public/w3c-wai-gl/2003AprJun/0218.html>>> \"Erratum\" seems a bad choice for an update which was planned from the>> start -- the phrasing \"Until user agents handle empty controls>> correctly ...\">> indicates that this is not a mistake per se, but a simple update.[snip]> This is the approach which I feel would have the greatest benefits to> the working group, the Web developers, and the general public.>> WCAG 1.0 is with us now, and is being used -- likely in an \"unpatched\"> mode by developers, most of whom NEVER look at the errata -- and will> continue to be used as WCAG 2.0 work proceeds.[snip]--Charles McCathieNevile                          Fundaci?n Sidarcharles@sidar.org                                http://www.sidar.org",
            "docno": "lists-071-13777417",
            "received": "Thu Dec  4 02:24:19 2003",
            "isoreceived": "20031204072419",
            "sent": "Thu, 4 Dec 2003 18:23:27 +1100",
            "isosent": "20031204072327",
            "name": "Charles McCathieNevile",
            "email": "charles@sidar.org",
            "subject": "Re: WCAG 1.0 - Errata Update Needed...",
            "id": "C12D1BD8-262A-11D8-B42B-000A958826AA@sidar.org",
            "charset": "ISO-8859-1",
            "inreplyto": "EEF2C7D8-2172-11D8-A4B3-000393AF2932&#64;idyllmtn.com",
            "expires": "-1",
            "cc": " Judy Brewer<jbrewer@w3.org>,\"Gregg Vanderheiden\"<gv@trace.wisc.edu>,\"'Alistair Garrison'\"<alistair.garrison@accessinmind.com>,<w3c-wai-gl@w3.org>,\"'Jason White'\"<jasonw@ariel.ucs.unimelb.edu.au>, Wendy Chisholm<wendy@w3.org>\n",
            "to": " Kynn Bartlett<kynn@idyllmtn.com>\n"
        },
        {
            "body": "Dear Jason, Gregg, WAI Content Guidelines Working Group,I would like to ask if the Errata for WCAG 1.0 (http://www.w3.org/WAI/GL/WAI-WEBCONTENT-ERRATA) could be updated to reflect the changes in guidance so far incorporated into WCAG 2.0 (for example, the fact that the flash rate considered unacceptable for content has changed from a range of 4 to 59 hertz  to a new range of 3 to 49 hertz).I am asking this as the Chair person of the EuroAccessibility Consortium's Task Force 3 who's task is to produce a harmonised European approach to evaluating the accessibility of Web content.In order to be as flexible in our approach as possible we are looking to take into account the changes in guidance being suggested in Version 2 of the guidelines, but have the issue that if we do incorporate these changes our approach would then be in breach of the guidance given in WCAG 1.0.We would very much like to see this matter resolved quickly, and would state again that an updated Errata would be most beneficial as everyone could work with the new material in WCAG 2.0 on the official basis that WAI considers it to be an errata to WCAG 1.0.Very Best RegardsAlistairAlistair GarrisonChair - Task Force 3Email: alistair.garrison@accessinmind.comTel: +44 (0)207 2522746Website: http://www.euroaccessibility.org/tf3.phpIMPORTANT: This e-mail, including any attachments, is for the addresseeonly.  It may contain privileged and/or confidential information.  If ithas come to you in error, please notify the sender immediately.  If youare not the intended recipient you must not use, disclose, copy, print,distribute or rely on its contents.  All e-mails and any attachments arebelieved, but not warranted, to be virus free.  However, all e-mailsshould be virus checked before being downloaded and we accept noresponsibility therefore.",
            "docno": "lists-071-13220131",
            "received": "Mon Nov 24 12:32:26 2003",
            "isoreceived": "20031124173226",
            "sent": "Mon, 24 Nov 2003 16:15:08 -0000",
            "isosent": "20031124161508",
            "name": "Alistair Garrison",
            "email": "stair.garrison@accessinmind.com",
            "subject": "WCAG 1.0 - Errata Update Needed...",
            "id": "018401c3b2a6$21186cf0$224e4d51@your0xv8v0oeap",
            "charset": "iso-8859-1",
            "expires": "-1",
            "to": "<w3c-wai-gl@w3.org>,\"Jason White\"<jasonw@ariel.ucs.unimelb.edu.au>,\"Gregg Vanderheiden\"<gv@trace.wisc.edu>,\"Judy Brewer\"<jbrewer@w3.org>\n"
        },
        {
            "body": "On Thursday, November 27, 2003, at 09:57 PM, Judy Brewer wrote:> You seem to be asking a different question than Alistair, about an> amendment to WCAG 1.0 itself, using the documented errata, and> possibly also using some draft WCAG 2.0 provisions. Since the W3C> Process for incorporating errata has recently been changed, it should> probably be looked at anew with regard to some of the documented> errata in WCAG 1.0.I would suggest \"WCAG 1.0, Second Edition\" as per a number of updatedW3C specs (XHTML, XML, etc) that use such terminology.http://www.w3.org/TR/xhtml1/\"This document is the second edition of the XHTML 1.0 specificationincorporating the errata changes as of 1 August 2002. Changesbetween this version and the previous Recommendation are illustratedin a diff-marked version.\"\"This second edition is not a new version of XHTML 1.0 (first published26 January 2000). The changes in this document reflect correctionsapplied as a result of comments submitted by the community and as aresult of ongoing work within the HTML Working Group. There are nosubstantive changes in this document - only the integration ofvarious errata.\"http://www.w3.org/TR/2000/REC-xml-20001006\"This second edition is not a new version of XML (first published 10February 1998); it merely incorporates the changes dictated by thefirst-edition errata (available athttp://www.w3.org/XML/xml-19980210-errata)as a convenience to readers. The errata list for this second editionis available at http://www.w3.org/XML/xml-V10-2e-errata.\"http://www.w3.org/TR/2003/PER-xml-20031030/\"This document is a Proposed Edited Recommendation of the W3C. Thisthird edition is not a new version of XML. As a convenience to readers,it incorporates the changes dictated by the accumulated errata(available at http://www.w3.org/XML/xml-V10-2e-errata) to the SecondEdition of XML 1.0, dated 6 october 2000. In addition, markup has beenintroduced on a significant portion of the prescriptions of thespecification, clarifying when prescriptive keywords such as MUST,SHOULD and MAY are used in the formal sense defined in [IETF RFC 2119\"As Joe Clark pointed out, this is what I proposed in May:http://lists.w3.org/Archives/Public/w3c-wai-gl/2003AprJun/0218.html> \"Erratum\" seems a bad choice for an update which was planned from the> start -- the phrasing \"Until user agents handle empty controls> correctly ...\"> indicates that this is not a mistake per se, but a simple update.>> Accordingly, I think that this -- and any other \"until user agent\"> clauses> which are being phased out -- should be issued not as errata but as> updates, perhaps as \"WCAG 1.0 (Second Edition)\" just as XHTML 1.0> was released in 2000 and a Section Edition in 2002.> http://www.w3.org/TR/xhtml1/ This, I think, would make more sense to> Web developers who have been> working with WCAG 1.0 for years and would be startled to learn that> there was an _error_ in the original.  Truth is, there wasn't -- so> this> should be presented as a natural update, not a bugfix.  The> circumstances> of the checkpoint changed, but the checkpoint's validity (given broken> assistive technology/UIs) did not.>> Also, as a bonus, this could easily lead to more attention to WCAG> 1.0 (and ultimately to WCAG 2.0) through the issuance of the Second> Edition than a mere erratum issue would provide.  The actual work> would be minimal -- simply folding in the additional updates and> errata which have already been identified by the working group.This is the approach which I feel would have the greatest benefits tothe working group, the Web developers, and the general public.WCAG 1.0 is with us now, and is being used -- likely in an \"unpatched\"mode by developers, most of whom NEVER look at the errata -- and willcontinue to be used as WCAG 2.0 work proceeds.  Once WCAG 2.0 isadopted, there is no guarantee that WCAG 1.0 will fall by the wayside;there is a lot invested in WCAG 1.0, from official policies to softwaretools, which will make the idea of an easy switch very hard to do forsome audiences.Those audiences will benefit greatly from a WCAG 1.0 Second Edition,especially if work on WCAG 2.0 takes longer than expected.--Kynn> --Kynn Bartlett <kynn@idyllmtn.com>                     http://kynn.comChief Technologist, Idyll Mountain                http://idyllmtn.comAuthor, CSS in 24 Hours                       http://cssin24hours.comShock & Awe Blog                                http://shock-awe.infoInland Anti-Empire Blog                   http://inlandantiempire.org",
            "docno": "lists-071-13446772",
            "received": "Fri Nov 28 02:21:20 2003",
            "isoreceived": "20031128072120",
            "sent": "Thu, 27 Nov 2003 23:17:32 -0800",
            "isosent": "20031128071732",
            "name": "Kynn Bartlett",
            "email": "kynn@idyllmtn.com",
            "subject": "Re: WCAG 1.0 - Errata Update Needed...",
            "id": "EEF2C7D8-2172-11D8-A4B3-000393AF2932@idyllmtn.com",
            "charset": "US-ASCII",
            "inreplyto": "5.1.0.14.2.20031128000022.01bfc2a0&#64;localhost",
            "expires": "-1",
            "cc": "\"Gregg Vanderheiden\"<gv@trace.wisc.edu>,\"'Alistair Garrison'\"<alistair.garrison@accessinmind.com>,<w3c-wai-gl@w3.org>,\"'Jason White'\"<jasonw@ariel.ucs.unimelb.edu.au>, Wendy Chisholm<wendy@w3.org>\n",
            "to": " Judy Brewer<jbrewer@w3.org>\n"
        },
        {
            "body": "This is a good and interesting point.It would be good to \"migrate' 1.0 toward 2.0 to make later transitioneasier.  However, I don't think we can revise 1.0 using the erratamechanism.  I think that can only be used for real mistakes.Judy?   Is this correct?  Or can we use this to amend the old guidelines?In either case we need to open a discussion on how to assist inharmonization and transition.Thanks.Gregg-- ------------------------------Gregg C Vanderheiden Ph.D.Professor - Ind. Engr. & BioMed Engr.Director - Trace R & D CenterUniversity of Wisconsin-Madison-----Original Message-----From: w3c-wai-gl-request@w3.org [mailto:w3c-wai-gl-request@w3.org] On BehalfOf Alistair GarrisonSent: Monday, November 24, 2003 10:15 AMSubject: WCAG 1.0 - Errata Update Needed...Dear Jason, Gregg, WAI Content Guidelines Working Group,I would like to ask if the Errata for WCAG 1.0 (<http://www.w3.org/WAI/GL/WAI-WEBCONTENT-ERRATA>http://www.w3.org/WAI/GL/WAI-WEBCONTENT-ERRATA) could be updated to reflectthe changes in guidance so far incorporated into WCAG 2.0 (for example, thefact that the flash rate considered unacceptable for content has changedfrom a range of 4 to 59 hertz  to a new range of 3 to 49 hertz).I am asking this as the Chair person of the EuroAccessibility Consortium'sTask Force 3 who's task is to produce a harmonised European approach toevaluating the accessibility of Web content.In order to be as flexible in our approach as possible we are looking totake into account the changes in guidance being suggested in Version 2 ofthe guidelines, but have the issue that if we do incorporate these changesour approach would then be in breach of the guidance given in WCAG 1.0.We would very much like to see this matter resolved quickly, and would stateagain that an updated Errata would be most beneficial as everyone could workwith the new material in WCAG 2.0 on the official basis that WAI considersit to be an errata to WCAG 1.0.Very Best RegardsAlistairAlistair GarrisonChair - Task Force 3Email: alistair.garrison@accessinmind.comTel: +44 (0)207 2522746Website: http://www.euroaccessibility.org/tf3.php<http://www.euroaccessibility.org/>IMPORTANT: This e-mail, including any attachments, is for the addresseeonly.  It may contain privileged and/or confidential information.  If ithas come to you in error, please notify the sender immediately.  If youare not the intended recipient you must not use, disclose, copy, print,distribute or rely on its contents.  All e-mails and any attachments arebelieved, but not warranted, to be virus free.  However, all e-mailsshould be virus checked before being downloaded and we accept noresponsibility therefore.",
            "docno": "lists-071-13408939",
            "received": "Thu Nov 27 16:25:20 2003",
            "isoreceived": "20031127212520",
            "sent": "Thu, 27 Nov 2003 15:24:47 -0600",
            "isosent": "20031127212447",
            "name": "Gregg Vanderheiden",
            "email": "gv@trace.wisc.edu",
            "subject": "RE: WCAG 1.0 - Errata Update Needed...",
            "id": "023301c3b52c$e5f9fce0$77326880@USD320002X",
            "charset": "us-ascii",
            "inreplyto": "018401c3b2a6$21186cf0$224e4d51&#64;your0xv8v0oeap",
            "expires": "-1",
            "to": " w3c-wai-gl@w3.org; Jason White; Gregg Vanderheiden; Judy Brewer\n"
        },
        {
            "body": "",
            "docno": "lists-071-7343600",
            "received": "Thu Aug 14 14:43:19 2003",
            "isoreceived": "20030814184319",
            "sent": "Thu, 14 Aug 2003 19:43:15 +0100",
            "isosent": "20030814184315",
            "name": "Alistair Garrison",
            "email": "stair.garrison@accessinmind.com",
            "subject": "Regrets, teleconference 14 August",
            "id": "003101c36293$ec639690$2a2f4f51@your0xv8v0oeap",
            "charset": "iso-8859-1",
            "expires": "-1",
            "to": "<w3c-wai-gl@w3.org>\n"
        },
        {
            "body": "Hi Judy,Please find below the updated UK Policy section, noting the new Legislation and the removed DisInHE links (as the DisInHE website seems to have ceased working).  I believe this provides a solid platform on which to pile additional material as and when it becomes available.  It might also be worth asking Grace de la Flor about further education policies etc...Here it is...Legislation:a.. The Disability Discrimination Act 1995 - Part III Access to Goods and Services - (http://www.legislation.hmso.gov.uk/acts/acts1995/1995050.htm).b.. Special Educational Needs and Disability Act 2001 (http://www.hmso.gov.uk/acts/acts2001/20010010.htm) - When the Government introduced the Special Educational Needs and Disability Act 2001 it amended Part 3 of the Disability Discrimination Act 1995 to remove the exemption of education and introduced the new Part 4 (Education).c.. The Disability Discrimination Act 1995 - Part IV Education (http://www.legislation.hmso.gov.uk/acts/acts1995/1995050.htm).Jurisdiction:a.. Disability Unit in the Department for Work and Pensions (http://www.disability.gov.uk).b.. Office of the e-Envoy (http://www.e-envoy.gov.uk/).c.. Disability Rights Commission (http://www.drc-gb.org/drc/default.asp).Relevant Documents:a.. The New Code of Practice to Part III of this Act (http://www.drc-gb.org/drc/InformationAndLegislation/Page331a.asp).b.. Guidance notes from the Disability Rights Commission regarding The Disability Discrimination Act 1995 - Part IV Education (http://www.drc.org.uk/drc/Campaigns/Page431.asp).c.. Guidelines for Government Websites (http://www.e-envoy.gov.uk/oee/oee.nsf/sections/webguidelines-handbook-top/$file/handbookindex.htm).Very Best RegardsAlistairAlistair GarrisonDirector, Accessinmind Limitedwww.accessinmind.comTel.: 0207 252 2746IMPORTANT: This e-mail, including any attachments, is for the addresseeonly.  It may contain privileged and/or confidential information.  If ithas come to you in error, please notify the sender immediately.  If youare not the intended recipient you must not use, disclose, copy, print,distribute or rely on its contents.  All e-mails and any attachments arebelieved, but not warranted, to be virus free.  However, all e-mailsshould be virus checked before being downloaded and we accept noresponsibility therefore.",
            "docno": "lists-086-16585692",
            "received": "Fri Feb  7 07:33:29 2003",
            "isoreceived": "20030207123329",
            "sent": "Fri, 7 Feb 2003 12:33:29 -0000",
            "isosent": "20030207123329",
            "name": "Alistair Garrison",
            "email": "stair.garrison@accessinmind.com",
            "subject": "UK Policy Update",
            "id": "003101c2cea5$1ec46bb0$fa414d51@your0xv8v0oeap",
            "charset": "iso-8859-1",
            "expires": "-1",
            "to": "<wai-eo-editors@w3.org>\n"
        },
        {
            "body": "EOWG,I will be unable to attend the teleconference today (04032003) due to necessary business duties.  I was hoping to attend the 1st hour, but this week's discrepancy between UK and US daylight saving times has sadly put a stop to that.Very Best RegardsAlistairAlistair GarrisonDirector, Accessinmind Limitedwww.accessinmind.com+44 (0) 207 252 2746",
            "docno": "lists-062-9655763",
            "received": "Fri Apr  4 03:16:15 2003",
            "isoreceived": "20030404081615",
            "sent": "Fri, 4 Apr 2003 09:16:08 +0100",
            "isosent": "20030404081608",
            "name": "Alistair Garrison",
            "email": "stair.garrison@accessinmind.com",
            "subject": "Regrets for Teleconference 04032003",
            "id": "002601c2fa82$721868d0$953c4f51@your0xv8v0oeap",
            "charset": "iso-8859-1",
            "expires": "-1",
            "to": "\"Judy Brewer\"<jbrewer@w3.org>,\"EOWG\"<w3c-wai-eo@w3.org>\n"
        },
        {
            "body": "Dear all,I shall be unable to attend this afternoon's teleconference as I am meeting up with Alan Chuter - who has come to the UK...Very Best RegardsAlistairAlistair GarrisonDirector, Accessinmind Limitedwww.accessinmind.com+44 (0) 207 252 2746",
            "docno": "lists-062-12992272",
            "received": "Fri Aug  8 06:52:02 2003",
            "isoreceived": "20030808105202",
            "sent": "Fri, 8 Aug 2003 11:52:00 +0100",
            "isosent": "20030808105200",
            "name": "Alistair Garrison",
            "email": "stair.garrison@accessinmind.com",
            "subject": "Regrets...",
            "id": "000e01c35d9b$1838de40$90a74d51@your0xv8v0oeap",
            "charset": "iso-8859-1",
            "expires": "-1",
            "to": "\"EOWG\"<w3c-wai-eo@w3.org>\n",
            "cc": "\"Judy Brewer\"<jbrewer@w3.org>\n"
        },
        {
            "body": "Dear EOWG,Due to business commitments I regret that I shall be unable to attend today's teleconference...Very Best RegardsAlistairAlistair GarrisonDirector, Accessinmind Limitedwww.accessinmind.com+44 (0) 207 252 2746",
            "docno": "lists-062-10944490",
            "received": "Fri Jun 13 05:40:40 2003",
            "isoreceived": "20030613094040",
            "sent": "Fri, 13 Jun 2003 10:40:37 +0100",
            "isosent": "20030613094037",
            "name": "Alistair Garrison",
            "email": "stair.garrison@accessinmind.com",
            "subject": "Regrets",
            "id": "005e01c3318f$d86d6c40$b8144f51@your0xv8v0oeap",
            "charset": "iso-8859-1",
            "expires": "-1",
            "to": "\"EOWG\"<w3c-wai-eo@w3.org>,\"Judy Brewer\"<jbrewer@w3.org>\n"
        },
        {
            "body": "EOWGI have reviewed the WAI Gallery [Draft] document http://WWW.W3.org/WAI/EO/Drafts/galleryintro.htmland would like to make the following comments regarding this updated version:1) A suggested change to the 'Welcome' paragraph, as we really need to emphasis that the includedWeb sites have been nominated by the general public.  We could try...\"The WAI Gallery contains publicly nominated Web sites which are judged as clearly demonstratingintegrated 'Web Accessibility Best Practice\".2) A suggested change to the first 'Sites Included' paragraph, as I believe this paragraph currently restateswhat's in the 'Welcome' paragraph.  We could possibly try...\"All Web sites included in the WAI Gallery must show that they have been designed to be accessible topeople with disabilities.  We believe the WAI Gallery will be most rewarding if we aim to select the bestreal-world examples of how 'Accessibility' features have been truly integrated into even the most complexWeb designs, without the need to resort to 'text-only' pages.To help us achieve this we have stipulated 'AA' conformance to the Web Content Accessibility Guidelines1.0 (all Priority 1 & 2 Checkpoints) as the minimum entry requirement needed by a Web site for display inthe WAI Gallery\".3) I suggest that we remove the following sentence as it does not really need to be stated.  We don'twant to put people off looking at the Gallery.\"Since it is resource-intensive to evaluate and monitor sites on an ongoing basis, we present here just a smallnumber of sites, and these sites may change from time to time.\"4) A suggested change to the 'Nomination' paragraph: possibly delete the following sentence as we don'twant to put people off nominating Web sites.\"We regret that we cannot respond quickly, nor respond to all requests\".5) Potentially change \"We do not reveal the names of sites that have been nominated and reviewed but notselected.\" to \"We do not reveal the names of those websites which have been nominated and/or failed theselection process\".In addition: As part of the behind-the-scenes process I suggest a very quick test is undertaken upon receiptof a nomination to make sure that the nomination is actually worth considering, i.e. maybe that it passes anautomated evaluation.  Otherwise, valuable time and effort will be spent assessing under-conforming Web sites.Please let me know if you have any comments...Very Best RegardsAlistair GarrisonAccessinmind Limitedwww.accessinmind.com+44 (0) 207 252 2746",
            "docno": "lists-062-8644518",
            "received": "Mon Sep 23 08:46:09 2002",
            "isoreceived": "20020923124609",
            "sent": "Mon, 23 Sep 2002 13:46:02 +0100",
            "isosent": "20020923124602",
            "name": "Alistair Garrison",
            "email": "stair.garrison@accessinmind.com",
            "subject": "Web Gallery [Draft!] Review",
            "id": "001d01c262ff$2d894ab0$c65e86d9@your0xv8v0oeap",
            "charset": "iso-8859-1",
            "expires": "-1",
            "to": "<w3c-wai-eo@w3.org>\n"
        },
        {
            "body": "EOWG:With collective reference to the following 3 fully expanded sentences taken from http://www.w3.org/WAI/EO/Drafts/Gallery#framework:'Gallery must be entered through a disclaimer statement which the user must acknowledge (accessibly!), and which includes: notice that the sites chosen are chosen to demonstrate implementation of WCAG 1.0, and inclusion in the Gallery is not an indication of their status with regard to other design criteria, such as usability, etc.''Sites are only included in Gallery which meet the following criteria:  meet at least a WCAG 1.0 Level AA according to the \"Evaluating Web Sites\" conformance assessment method.''Sites are only included in Gallery which meet the following criteria:  have been initially reviewed by two teams, meeting WAI's description of review team, and whose names and/or organizations remain confidential.'The incorporation of the 'Usability testing of accessibility features' within the 'Evaluating Web Sites for Accessibility' document could lead to conflict with the above.I believe that Conformance Evaluations should contain checks which have, as far as possible, black & white results - in the same way as an experiment is only valid if it can be reproduced exactly elsewhere.Usability Testing is not as an exact a science as testing for WCAG 1.0 checkpoint compliance. Remembering, that it is possible for two different people (or teams of people) to have a totally different perspective of what it is for something to be usable - especially if those people (or teams) have different collective experiences, through nationality, culture, disability, exposure to technology, etc...Which brings me to the point that unwittingly 'Usability' becomes an inherent factor in choosing web sites for the gallery through its inclusion in the 'Evaluating Web Sites for Accessibility' document (even though the disclaimer says it is not) - and, more importantly, that it becomes 'THE' deciding factor for those sites which conform to all checkpoints prescribed for 'AA' compliance but fair poorly in the 'Usability' test.Please let me know you thoughts...AlistairAlistair Garrison - Accessinmind Limitedwww.accessinmind.com+44 (0) 207 252 2746",
            "docno": "lists-062-8434124",
            "received": "Thu Sep  5 10:45:15 2002",
            "isoreceived": "20020905144515",
            "sent": "Thu, 5 Sep 2002 15:45:09 +0100",
            "isosent": "20020905144509",
            "name": "Alistair Garrison",
            "email": "stair.garrison@accessinmind.com",
            "subject": "Gallery - Issues re Usability...",
            "id": "001301c254ea$d5fd1a50$b03386d9@your0xv8v0oeap",
            "charset": "iso-8859-1",
            "expires": "-1",
            "to": "<w3c-wai-eo@w3.org>\n"
        },
        {
            "body": "MessageThanks Shawn,I seem to have missed this...Very Best RegardsAlistairAlistair GarrisonDirector, Accessinmind Limitedwww.accessinmind.com+44 (0) 207 252 2746----- Original Message -----From: Shawn Lawton HenryTo: 'Alistair Garrison' ; 'EOWG'Sent: Monday, December 15, 2003 6:47 AMSubject: RE: Web Accessibility Definition...See1. Final:http://www.w3.org/Talks/WAI-Intro/slide3-0.html2. Discussion in e-mails to the list the first couple months of 2003:http://www.w3.org/Search/Mail/Public/search?type-index=w3c-wai-eo&index-type=t&keywords=definition&search=Search3. Discussion in minutes from the first couple months of 2003(not sure which, but you could probably figure it out from the e-mails and changelog:http://www.w3.org/WAI/EO/Drafts/waiintro-changelog.html)",
            "docno": "lists-062-14597681",
            "received": "Mon Dec 15 03:03:00 2003",
            "isoreceived": "20031215080300",
            "sent": "Mon, 15 Dec 2003 08:01:16 -0000",
            "isosent": "20031215080116",
            "name": "Alistair Garrison",
            "email": "stair.garrison@accessinmind.com",
            "subject": "Re: Web Accessibility Definition...",
            "id": "003601c3c2e1$9db65bf0$89c14f51@your0xv8v0oeap",
            "charset": "iso-8859-1",
            "inreplyto": "000001c3c2d7$57e15c10$a58ebc42&#64;SLHenry",
            "expires": "-1",
            "to": "\"Shawn Lawton Henry\"<shawn@w3.org>,\"EOWG\"<w3c-wai-eo@w3.org>\n"
        },
        {
            "body": "Dear EOWG Members,Sorry for not sending my regrets for missing yesterdays telephone meeting, I was out of the office and unable to email...Very Best RegardsAlistairAlistair GarrisonDirector, Accessinmind Limitedwww.accessinmind.com+44 (0) 207 252 2746",
            "docno": "lists-062-14782539",
            "received": "Sat Dec 20 04:54:30 2003",
            "isoreceived": "20031220095430",
            "sent": "Sat, 20 Dec 2003 09:54:26 -0000",
            "isosent": "20031220095426",
            "name": "Alistair Garrison",
            "email": "stair.garrison@accessinmind.com",
            "subject": "Late Regrets...",
            "id": "003c01c3c6df$40ffabd0$f2cf4f51@your0xv8v0oeap",
            "charset": "iso-8859-1",
            "expires": "-1",
            "to": "\"EOWG\"<w3c-wai-eo@w3.org>,\"Judy Brewer\"<jbrewer@w3.org>\n"
        },
        {
            "body": "This would be a neat trick for developers working in Java - you would be ableto ship around code. But that might not be relevant to commercial develpmentswhere people are using other languages...An interesting part of this would be looking at using Web Services -since you ship the document and get a result back you don't really care ifthe code is compatible with your platform or not because you're not runningit locallly.Another possibility would be to provide a semantically rich code descriptionfor testing functions - inputs, outputs, code language (some good stuff canbe done in sed, other stuff might be avialable in Java, ...), whether repaircode is available, etc.This would be something like the Testing Description Language that wasdiscussed at the EARL workshop in June 2002 for which there were no availableresources.The reason I currently prefer EARL as a general transport is that it issimpler. You only have to agree on the test suite being used (inaccessibility that can be pretty easily done by using external tests and away of namingor pointing to things (which can be done using URIs and Xpathfor XML content, although there isn't much that is easy otherwise -line/character offset hhas the problem that different tools format codedifferently, breaking all these (very brittle) references. If you want toagree on shipping test code you need a lot more tight ompatibility design.It is possible to write tests for LIFT for Dreamweaver (in Javascript),AccVerify (through the interface) or WAINu (as Java code). Making themportable is a major hassle. It would be nice if it happened, but seems ingeneral to be \"too hard\" - there are too many reasons why it won't work, andfinding a way around it by integrating results from different tools seemsmuch more achieveable.just my 2 centsCheersChaalsOn Mon, 8 Sep 2003, Shadi Abou-Zahra wrote:>>hi,>>wanted to bring up an interesting idea proposed by alan to the group:>>>> -----Original Message----->> From: Alan Chuter [mailto:achuter@teleservicios.com]>> Subject: Common interface for automatic evaluation tools>>>> I've been in contact with two Java-based evaluation tools>> last week. Although EARL allows the integration of reports>> from different tools, a very simple idea occurred to me to>> allow pluggable tests. My suggestion is to establish a set of>> common interfaces for tests and for pages. Each tool should>> define a method that accepts a AccessibilityTest object. The>> test object fulfils the, for example, AccessibilityTest>> interface which defines one method:>>>> TestResult runTest(WebDocument doc);>>>> Each tool would provide a method to register>> AccessibilityTest objects, and then run all the registered>> tests against each WebDocument it creates. The>> AccessibilityTest objects all return TestResults.>>>> While EARL allows a comparison of results for different>> checkpoints across different tools, this technique would>> allow the same test code to be run on each tool. It allows>> users to create their own pluggable tests, and potentially>> allows a test developer to produce a test suite independantly>> of the tool vendor.>>>> I hope I'm not repeating something that's been discussed already.>>>> regards>>>> Alan Chuter.>> Accessibility Consultant.>> Fundosa Teleservicios, SA>> Fundaci?n ONCE.>> Tel:+34 91 121 03 35>> achuter@teleservicios.com>Charles McCathieNevile  http://www.w3.org/People/Charles  tel: +61 409 134 136SWAD-E http://www.w3.org/2001/sw/Europe         fax(france): +33 4 92 38 78 22Post:   21 Mitchell street, FOOTSCRAY Vic 3011, Australia    orW3C, 2004 Route des Lucioles, 06902 Sophia Antipolis Cedex, France",
            "docno": "lists-065-3165325",
            "received": "Mon Sep  8 22:17:11 2003",
            "isoreceived": "20030909021711",
            "sent": "Mon, 8 Sep 2003 22:17:11 -0400 (EDT)",
            "isosent": "20030909021711",
            "name": "Charles McCathieNevile",
            "email": "charles@w3.org",
            "subject": "Re: FWD: Common interface for automatic evaluation tools",
            "id": "Pine.LNX.4.55.0309082206500.18778@homer.w3.org",
            "charset": "iso-8859-1",
            "inreplyto": "000901c37623$7a2d06d0$fb00a8c0&#64;K2",
            "expires": "-1",
            "to": " Shadi Abou-Zahra<shadi@w3.org>\n",
            "cc": " 'WAI/ER/IG'<w3c-wai-er-ig@w3.org>, 'Alan Chuter'<achuter@teleservicios.com>, 'Alistair Garrison'<alistair.garrison@accessinmind.com>\n"
        },
        {
            "body": "Dear all,Unfortunately, I will be unable to attend this afternoon's teleconference.  However, I am very much looking forward to meeting all those attending the get-together in Dublin.Very Best RegardsAlistairAlistair GarrisonDirector, Accessinmind Limitedwww.accessinmind.com+44 (0) 207 252 2746",
            "docno": "lists-062-13332898",
            "received": "Fri Aug 29 09:09:47 2003",
            "isoreceived": "20030829130947",
            "sent": "Fri, 29 Aug 2003 14:09:43 +0100",
            "isosent": "20030829130943",
            "name": "Alistair Garrison",
            "email": "stair.garrison@accessinmind.com",
            "subject": "Regrets",
            "id": "006001c36e2e$d05d1ce0$81954d51@your0xv8v0oeap",
            "charset": "iso-8859-1",
            "expires": "-1",
            "to": "\"EOWG\"<w3c-wai-eo@w3.org>\n",
            "cc": "\"Judy Brewer\"<jbrewer@w3.org>\n"
        },
        {
            "body": "EOWG,Just a quick note to say I will be unable to attend the telecon on 03/01/2003.Very Best RegardsAlistair GarrisonAccessinmind Limitedwww.accessinmind.com+44 (0) 207 252 2746",
            "docno": "lists-062-9495120",
            "received": "Sun Dec 29 11:55:45 2002",
            "isoreceived": "20021229165545",
            "sent": "Sun, 29 Dec 2002 16:54:27 -0000",
            "isosent": "20021229165427",
            "name": "Alistair Garrison",
            "email": "stair.garrison@accessinmind.com",
            "subject": "Regrets",
            "id": "003001c2af5a$f2f8bc20$eca84d51@your0xv8v0oeap",
            "charset": "iso-8859-1",
            "expires": "-1",
            "to": "<w3c-wai-eo@w3.org>\n"
        },
        {
            "body": "Dear All,Due to a rescheduled meeting this afternoon I shall only be able to attendthe 1st hour of this afternoon's telecon...Very Best RegardsAlistairAlistair GarrisonManaging DirectorAccessinmind Limitedwww.accessinmind.comTel.: 0207 252 2746IMPORTANT: This e-mail, including any attachments, is for the addresseeonly.  It may contain privileged and/or confidential information.  If ithas come to you in error, please notify the sender immediately.  If youare not the intended recipient you must not use, disclose, copy, print,distribute or rely on its contents.  All e-mails and any attachments arebelieved, but not warranted, to be virus free.  However, all e-mailsshould be virus checked before being downloaded and we accept noresponsibility therefore.----- Original Message -----From: \"Judy Brewer\" <jbrewer@w3.org>Sent: Thursday, December 04, 2003 10:57 PMSubject: EOWG: Agenda for 5 December 2003 Teleconference>> EOWG:>> An agenda for our 5 December 2003 teleconference follows.>> Time:   8:30am - 10:30am US EST>          13:30 - 15:30 UTC/GMT> Bridge: +1.617.761.6200>          conference code EOWG# (3694#)>> AGENDA:>> 1. Outreach updates (brief)>          - please send to EOWG mailing list in advance when possible>> 2. Upcoming meetings update>          - soon to announce: Best Practices Exchange in Madrid, Spain 9-10> February>          draft agenda (in development):>          http://www.w3.org/WAI/EO/2004/02/exchange.html>          - update-to-date EOWG teleconference schedule:>          http://www.w3.org/WAI/EO/#meetings>> 3. Presenting the Case for Web Accessibility: Financial Factors page>          - updated based on changelog items>          http://www.w3.org/WAI/EO/Drafts/bcase/econ.html>          http://www.w3.org/WAI/EO/Drafts/bcase/changelog#20031107>>> IRC (Internet Relay Chat) Channel>            - used only to accompany, not replace, EOWG teleconference> discussion>            - channel: #eo>            - server: irc.w3.org>            - port: 6665> W3C Zakim Teleconference Bridge instructions (how to mute, etc.):>                  - http://www.w3.org/2002/01/UsingZakim>> Regards,>> Shawn & Judy>>> --> Judy Brewer    +1.617.258.9741    http://www.w3.org/WAI> Director, Web Accessibility Initiative (WAI), World Wide Web Consortium(W3C)> MIT/LCS Room NE43-355, 200 Technology Square, Cambridge, MA,  02139,  USA>>>",
            "docno": "lists-062-14399482",
            "received": "Fri Dec  5 08:24:09 2003",
            "isoreceived": "20031205132409",
            "sent": "Fri, 5 Dec 2003 13:24:11 -0000",
            "isosent": "20031205132411",
            "name": "Alistair Garrison",
            "email": "stair.garrison@accessinmind.com",
            "subject": "Re: Agenda for 5 December 2003 Teleconference",
            "id": "002b01c3bb33$127c0630$a8234d51@your0xv8v0oeap",
            "charset": "iso-8859-1",
            "inreplyto": "5.1.0.14.2.20031204175715.04fac130&#64;localhost",
            "expires": "-1",
            "to": " \"EOWG\" <w3c-wai-eo@w3.org>\n"
        },
        {
            "body": "Dear All,Would it be a good idea to create a template for a Web Accessibility Evaluation Report which captures (in a generic format) the procedures used, and results collected, from the tests suggested in the 'Evaluating Websites for Accessibility' document (http://www.w3.org/WAI/EO/Drafts/impl/eval/Overview.html).  Effectively, in a similar manner to the 'Common Industry Format for Usability Test Reports' (http://zing.ncsl.nist.gov/iusr/documents/cifv1.1b.htm) used for Usability testing (listed in the Evaluation & Repair section under Related Resources)?As I see it two clear reasons exist for standardisation, firstly, it allows anyone undertaking 'repair' work to pick-up, and easily work with, any evaluation report coming from any Evaluation Centre, and secondly, it introduces an element of Quality Assurance.Please let me know your thoughts...Alistair GarrisonAlistair Garrison - Managing DirectorAccessinmind Limitedwww.accessinmind.com+44 (0) 207 252 2746",
            "docno": "lists-062-8388531",
            "received": "Tue Sep  3 05:26:34 2002",
            "isoreceived": "20020903092634",
            "sent": "Tue, 3 Sep 2002 10:26:30 +0100",
            "isosent": "20020903092630",
            "name": "Alistair Garrison",
            "email": "stair.garrison@accessinmind.com",
            "subject": "Web Accessibility Evaluation Report?",
            "id": "000a01c2532b$fd4bd620$2f2f86d9@your0xv8v0oeap",
            "charset": "iso-8859-1",
            "expires": "-1",
            "to": "<w3c-wai-eo@w3.org>\n"
        },
        {
            "body": "See1. Final:http://www.w3.org/Talks/WAI-Intro/slide3-0.html2. Discussion in e-mails to the list the first couple months of 2003:http://www.w3.org/Search/Mail/Public/search?type-index=w3c-wai-eo<http://www.w3.org/Search/Mail/Public/search?type-index=w3c-wai-eo&index-type=t&keywords=definition&search=Search>&index-type=t&keywords=definition&search=Search3. Discussion in minutes from the first couple months of 2003(not sure which, but you could probably figure it out from the e-mailsand changelog:http://www.w3.org/WAI/EO/Drafts/waiintro-changelog.html)",
            "docno": "lists-062-14589344",
            "received": "Mon Dec 15 01:47:49 2003",
            "isoreceived": "20031215064749",
            "sent": "Mon, 15 Dec 2003 00:47:43 -0600",
            "isosent": "20031215064743",
            "name": "Shawn Lawton Henry",
            "email": "shawn@w3.org",
            "subject": "RE: Web Accessibility Definition...",
            "id": "000001c3c2d7$57e15c10$a58ebc42@SLHenry",
            "charset": "us-ascii",
            "inreplyto": "000c01c3c26b$5b6300d0$0bcf4f51&#64;your0xv8v0oeap",
            "expires": "-1",
            "to": "\"'Alistair Garrison'\"<alistair.garrison@accessinmind.com>,\"'EOWG'\"<w3c-wai-eo@w3.org>\n"
        },
        {
            "body": "Dear EOWG,Just a quick note to pass on my regrets for missing the next couple of meetings... this is due to being on holiday...Very Best RegardsAlistairAlistair GarrisonDirector, Accessinmind Limitedwww.accessinmind.com+44 (0) 207 252 2746",
            "docno": "lists-062-13368406",
            "received": "Thu Sep 11 13:13:17 2003",
            "isoreceived": "20030911171317",
            "sent": "Thu, 11 Sep 2003 18:13:15 +0100",
            "isosent": "20030911171315",
            "name": "Alistair Garrison",
            "email": "stair.garrison@accessinmind.com",
            "subject": "Regrets for next two weeks...",
            "id": "004701c37887$fd4b8990$b2aa4d51@your0xv8v0oeap",
            "charset": "iso-8859-1",
            "expires": "-1",
            "to": "\"EOWG\"<w3c-wai-eo@w3.org>\n"
        },
        {
            "body": "Dear EOWG,Due to business commitments I shall be unable to attend today's teleconference...Very Best RegardsAlistair GarrisonDirector, Accessinmind Limitedwww.accessinmind.com+44 (0) 207 252 2746",
            "docno": "lists-062-10531679",
            "received": "Fri May 30 04:55:43 2003",
            "isoreceived": "20030530085543",
            "sent": "Fri, 30 May 2003 09:55:40 +0100",
            "isosent": "20030530085540",
            "name": "Alistair Garrison",
            "email": "stair.garrison@accessinmind.com",
            "subject": "Regrets...",
            "id": "006a01c32689$3f212e20$cfff4d51@your0xv8v0oeap",
            "charset": "iso-8859-1",
            "expires": "-1",
            "to": "\"EOWG\"<w3c-wai-eo@w3.org>\n"
        },
        {
            "body": "Dear All,Sorry for sending late regrets for missing the telecon on Friday, I have been out of the office and away from my email.Very Best RegardsAlistairAlistair GarrisonManaging DirectorAccessinmind Limitedwww.accessinmind.comTel.: 0207 252 2746IMPORTANT: This e-mail, including any attachments, is for the addresseeonly.  It may contain privileged and/or confidential information.  If ithas come to you in error, please notify the sender immediately.  If youare not the intended recipient you must not use, disclose, copy, print,distribute or rely on its contents.  All e-mails and any attachments arebelieved, but not warranted, to be virus free.  However, all e-mailsshould be virus checked before being downloaded and we accept noresponsibility therefore.",
            "docno": "lists-062-14206059",
            "received": "Mon Nov  3 04:41:10 2003",
            "isoreceived": "20031103094110",
            "sent": "Mon, 3 Nov 2003 09:41:07 -0000",
            "isosent": "20031103094107",
            "name": "Alistair Garrison",
            "email": "stair.garrison@accessinmind.com",
            "subject": "Late Regrets",
            "id": "000a01c3a1ee$9b318cb0$720b4d51@your0xv8v0oeap",
            "charset": "iso-8859-1",
            "expires": "-1",
            "to": "\"EOWG\"<w3c-wai-eo@w3.org>,\"Judy Brewer\"<jbrewer@w3.org>\n"
        },
        {
            "body": "Gregg,Interesting combination of questions. I'm going to give a quick initialanswer here, but it could be worth the WCAG WG looking at more carefully.In particular it is helpful to review the entire section 7.6 of therecently updated W3C Process document that deals with modification of a W3CRecommendation:http://www.w3.org/2003/06/Process-20030618/tr.html#rec-modifyAlistair's question seems to be requesting an update of the documentederrata. I believe that updating errata is usually a simple process -- forthose things that fall into an easily-agreed upon category of \"errata.\" Thegeneral example that Alistair gives -- updating the errata to reflectchanges in changes in guidance incorporated into current drafts of WCAG2.0, but not yet reviewed by W3C Membership -- is not typically what errataupdates have been used for, though changes that meet the criteria specifiedin Section 7.6.2 of the Process document could be possible. The specificexample that Alistair gives -- a potential change in the hertz range forflashes that is considered unacceptable -- would be worth examining fromthe perspective of those criteria. However, one would need clearinformation on how widely accepted the new range is, and possibly otherinformation, if you wanted to be sure it didn't slide over into thecategory of something needing additional review.You seem to be asking a different question than Alistair, about anamendment to WCAG 1.0 itself, using the documented errata, and possiblyalso using some draft WCAG 2.0 provisions. Since the W3C Process forincorporating errata has recently been changed, it should probably belooked at anew with regard to some of the documented errata in WCAG 1.0. Sofar in each discussion that I've heard on the topic of potential errataroll-ins to WCAG 1.0, and/or development of a transition version of WCAG1.x, I've heard no two people agree on what \"obviously\" should be includedin an amended version. Perhaps I have missed a comprimise proposal backedby WG consensus. It can be very hard to distinguish what is errata, minorchange, or substantial change; and therefore correspondingly difficult tojudge which items need which level of review and approval without carefulscrutiny and discussion. Debating which items fall into which categoriescan burn considerable amounts of Working Group time while it is making goodprogress towards a WCAG 2.0 Recommendation. Please note that thepreparations needed to meet the review requirements described under 7.6.3\"Call for Review of an Edited Recommendation\" and 7.6.4 \"Call for Review ofProposed Corrections\" are not trivial, and can potentially also burnconsiderable amounts of Working Group time. Very likely almost all draftWCAG 2.0 provisions would need review by the W3C Membership before beingincorporated into a transition version. This doesn't mean that an amendedversion is not a good proposition; just that the likely benefits must beweighed carefully against the costs of delays in progress towards WCAG 2.0.You also ask to open a discussion about harmonization and transition. Ithink that this is a good idea, and something that the Education andOutreach Working Group (EOWG) can help with. EOWG has been working on adraft document called \"Why Standards Harmonization is Essential to WebAccessibility\" and hopes to circulate a draft for comment outside of EOWGshortly. Some of the intent behind that document is to support a transitionfrom WCAG 1.0 to WCAG 2.0. In addition we had some joint discussion ontransition planning in March 2003 between WCAG WG and EOWG, and EOWG ishoping that we can have more of the same at a joint meeting at the W3CTechnical Plenary in March 2004. We should probably have a jointteleconference sometime before then, since transition planning seems to bean urgent item on the agendas of both WCAG WG and EOWG.- JudyAt 03:24 PM 11/27/2003 -0600, Gregg Vanderheiden wrote:>This is a good and interesting point.>>It would be good to migrate 1.0 toward 2.0 to make later transition>easier.  However, I don't think we can revise 1.0 using the errata>mechanism.  I think that can only be used for real mistakes.>>Judy?   Is this correct?  Or can we use this to amend the old guidelines?>>In either case we need to open a discussion on how to assist in>harmonization and transition.>>Thanks.>>Gregg>>  -- ------------------------------>Gregg C Vanderheiden Ph.D.>Professor - Ind. Engr. & BioMed Engr.>Director - Trace R & D Center>University of Wisconsin-Madison>>-----Original Message----->From: w3c-wai-gl-request@w3.org [mailto:w3c-wai-gl-request@w3.org] On>Behalf Of Alistair Garrison>Sent: Monday, November 24, 2003 10:15 AM>To: w3c-wai-gl@w3.org; Jason White; Gregg Vanderheiden; Judy Brewer>Subject: WCAG 1.0 - Errata Update Needed...>>>>Dear Jason, Gregg, WAI Content Guidelines Working Group,>>>>I would like to ask if the Errata for WCAG 1.0>(<http://www.w3.org/WAI/GL/WAI-WEBCONTENT-ERRATA>http://www.w3.org/WAI/GL/WAI-WEBCONTENT-ERRATA)>could be updated to reflect the changes in guidance so far incorporated>into WCAG 2.0 (for example, the fact that the flash rate considered>unacceptable for content has changed from a range of 4 to 59 hertz  to a>new range of 3 to 49 hertz).>>>>I am asking this as the Chair person of the EuroAccessibility Consortium's>Task Force 3 who's task is to produce a harmonised European approach to>evaluating the accessibility of Web content.>>>>In order to be as flexible in our approach as possible we are looking to>take into account the changes in guidance being suggested in Version 2 of>the guidelines, but have the issue that if we do incorporate these changes>our approach would then be in breach of the guidance given in WCAG 1.0.>>>>We would very much like to see this matter resolved quickly, and would>state again that an updated Errata would be most beneficial as everyone>could work with the new material in WCAG 2.0 on the official basis that>WAI considers it to be an errata to WCAG 1.0.>>>>Very Best Regards>>>>Alistair>>>>Alistair Garrison>Chair - Task Force 3>>>>Email:><mailto:alistair.garrison@accessinmind.com>alistair.garrison@accessinmind.com>Tel: +44 (0)207 2522746>>>Website:><http://www.euroaccessibility.org/tf3.php>http://www.euroaccessibility.org/tf3.php>>>>IMPORTANT: This e-mail, including any attachments, is for the addressee>only.  It may contain privileged and/or confidential information.  If it>has come to you in error, please notify the sender immediately.  If you>are not the intended recipient you must not use, disclose, copy, print,>distribute or rely on its contents.  All e-mails and any attachments are>believed, but not warranted, to be virus free.  However, all e-mails>should be virus checked before being downloaded and we accept no>responsibility therefore.>>--Judy Brewer    +1.617.258.9741    http://www.w3.org/WAIDirector, Web Accessibility Initiative (WAI), World Wide Web Consortium (W3C)MIT/LCS Room NE43-355, 200 Technology Square, Cambridge, MA,  02139,  USA",
            "docno": "lists-071-13429140",
            "received": "Fri Nov 28 01:08:29 2003",
            "isoreceived": "20031128060829",
            "sent": "Fri, 28 Nov 2003 00:57:45 -0500",
            "isosent": "20031128055745",
            "name": "Judy Brewer",
            "email": "jbrewer@w3.org",
            "subject": "RE: WCAG 1.0 - Errata Update Needed...",
            "id": "5.1.0.14.2.20031128000022.01bfc2a0@localhost",
            "charset": "us-ascii",
            "inreplyto": "023301c3b52c$e5f9fce0$77326880&#64;USD320002X",
            "expires": "-1",
            "to": "\"Gregg Vanderheiden\"<gv@trace.wisc.edu>,\"'Alistair Garrison'\"<alistair.garrison@accessinmind.com>,<w3c-wai-gl@w3.org>,\"'Jason White'\"<jasonw@ariel.ucs.unimelb.edu.au>, Wendy Chisholm<wendy@w3.org>\n"
        },
        {
            "body": "Dear EOWG,Sorry, I shall be unable to attend this afternoon... however, I very much look forward to seeing you all in Canne next week...AlistairAlistair GarrisonDirector - Accessinmind LimitedTel.: 08 44 65 287Website: http://www.accessinmind.comIMPORTANT: This e-mail, including any attachments, is for the addresseeonly.  It may contain privileged and/or confidential information.  If ithas come to you in error, please notify the sender immediately.  If youare not the intended recipient you must not use, disclose, copy, print,distribute or rely on its contents.  All e-mails and any attachments arebelieved, but not warranted, to be virus free.  However, all e-mailsshould be virus checked before being downloaded and we accept noresponsibility therefore.",
            "docno": "lists-063-0360734",
            "received": "Fri Feb 27 08:08:55 2004",
            "isoreceived": "20040227130855",
            "sent": "Fri, 27 Feb 2004 14:08:53 +0100",
            "isosent": "20040227130853",
            "name": "Alistair Garrison",
            "email": "stair.garrison@accessinmind.com",
            "subject": "Regrets...",
            "id": "001001c3fd32$d9ca45d0$0200a8c0@your0xv8v0oeap",
            "charset": "iso-8859-1",
            "expires": "-1",
            "to": "\"EOWG\"<w3c-wai-eo@w3.org>\n"
        },
        {
            "body": "Dear EOWG,Just a quick note for interest...Quoting from a EuroAccessibility Press Release:\"EuroAccessibility: a first step toward a harmonised methodology for evaluating Web site accessibilityWeb accessibility experts from across Europe have agreed on a harmonised approach for evaluating Web site accessibility. The 3-day technical workshop took place in Zeist (Netherlands) on the 23-25th September as part of a larger EuroAccessibility meeting.The new EuroAccessibility document produced from this meeting is part of the evaluation procedure to test the accessibility of a Web site for people with disabilities and the elderly. This approach brings harmonisation a step closer in Europe, allowing a more inclusive society. The draft version of the document is made openly available for comments by anyone involved in making Web sites accessible on the TF3 pages of this WebSite\".With the draft document referenced being EuroAccessibility Web Accessibility Evaluation Checklist Document - Version 0a1 (Draft) (at http://www.euroaccessibility.org/EACEvaluationChecklist0a1.html).Very Best RegardsAlistairAlistair GarrisonDirector, Accessinmind Limitedwww.accessinmind.com+44 (0) 207 252 2746",
            "docno": "lists-062-13703728",
            "received": "Thu Oct  2 10:05:34 2003",
            "isoreceived": "20031002140534",
            "sent": "Thu, 2 Oct 2003 15:05:33 +0100",
            "isosent": "20031002140533",
            "name": "Alistair Garrison",
            "email": "stair.garrison@accessinmind.com",
            "subject": "News from Europe...",
            "id": "000a01c388ee$3ecd1ed0$f28e4d51@your0xv8v0oeap",
            "charset": "iso-8859-1",
            "expires": "-1",
            "to": "\"EOWG\"<w3c-wai-eo@w3.org>\n"
        },
        {
            "body": "Whoops, not meant for the list...On Sat, 12 Jul 2003, Charles McCathieNevile wrote:>Oooh, that sucks rocks. Hope all is well....",
            "docno": "lists-062-12711903",
            "received": "Sat Jul 12 18:19:32 2003",
            "isoreceived": "20030712221932",
            "sent": "Sat, 12 Jul 2003 18:19:30 -0400 (EDT)",
            "isosent": "20030712221930",
            "name": "Charles McCathieNevile",
            "email": "charles@w3.org",
            "subject": "Apologies for off-list posting Re: Regrets...",
            "id": "Pine.LNX.4.30.0307121818380.25915-100000@tux.w3.org",
            "charset": "US-ASCII",
            "inreplyto": "Pine.LNX.4.30.0307121805470.25915-100000&#64;tux.w3.org",
            "expires": "-1",
            "to": " Alistair Garrison<alistair.garrison@accessinmind.com>\n",
            "cc": " EOWG<w3c-wai-eo@w3.org>\n"
        },
        {
            "body": "hi,wanted to bring up an interesting idea proposed by alan to the group:> -----Original Message-----> From: Alan Chuter [mailto:achuter@teleservicios.com]> Subject: Common interface for automatic evaluation tools>> I've been in contact with two Java-based evaluation tools> last week. Although EARL allows the integration of reports> from different tools, a very simple idea occurred to me to> allow pluggable tests. My suggestion is to establish a set of> common interfaces for tests and for pages. Each tool should> define a method that accepts a AccessibilityTest object. The> test object fulfils the, for example, AccessibilityTest> interface which defines one method:>> TestResult runTest(WebDocument doc);>> Each tool would provide a method to register> AccessibilityTest objects, and then run all the registered> tests against each WebDocument it creates. The> AccessibilityTest objects all return TestResults.>> While EARL allows a comparison of results for different> checkpoints across different tools, this technique would> allow the same test code to be run on each tool. It allows> users to create their own pluggable tests, and potentially> allows a test developer to produce a test suite independantly> of the tool vendor.>> I hope I'm not repeating something that's been discussed already.>> regards>> Alan Chuter.> Accessibility Consultant.> Fundosa Teleservicios, SA> Fundaci?n ONCE.> Tel:+34 91 121 03 35> achuter@teleservicios.com",
            "docno": "lists-065-3155647",
            "received": "Mon Sep  8 12:08:42 2003",
            "isoreceived": "20030908160842",
            "sent": "Mon, 8 Sep 2003 18:08:42 +0200",
            "isosent": "20030908160842",
            "name": "Shadi Abou-Zahra",
            "email": "shadi@w3.org",
            "subject": "FWD: Common interface for automatic evaluation tools",
            "id": "000901c37623$7a2d06d0$fb00a8c0@K2",
            "charset": "iso-8859-1",
            "inreplyto": "003301c375fd$16bcbf30$0bb8c90a&#64;NTWKS72",
            "expires": "-1",
            "to": "\"'WAI/ER/IG'\"<w3c-wai-er-ig@w3.org>\n",
            "cc": "\"'Alan Chuter'\"<achuter@teleservicios.com>,\"'Alistair Garrison'\"<alistair.garrison@accessinmind.com>\n"
        },
        {
            "body": "Dear All,I will be unable to attend this weeks teleconference.Very Best RegardsAlistairAlistair GarrisonDirector, Accessinmind Limitedwww.accessinmind.com+44 (0) 207 252 2746",
            "docno": "lists-062-13228931",
            "received": "Sat Aug 23 02:57:32 2003",
            "isoreceived": "20030823065732",
            "sent": "Fri, 22 Aug 2003 12:51:48 +0100",
            "isosent": "20030822115148",
            "name": "Alistair Garrison",
            "email": "stair.garrison@accessinmind.com",
            "subject": "Regrets...",
            "id": "001001c368a3$c59dd8c0$26454d51@your0xv8v0oeap",
            "charset": "iso-8859-1",
            "expires": "-1",
            "to": "\"EOWG\"<w3c-wai-eo@w3.org>,\"Judy Brewer\"<jbrewer@w3.org>\n"
        },
        {
            "body": "Hi, AlistairI attempted to update the UK Policy listings per your e-mailhttp://lists.w3.org/Archives/Public/wai-eo-editors/2003Feb/0001.html.I had trouble clarifying what are the official jurisdictions versus whatare additional informational sites. For now, I put all under relevantdocuments - as drafted is available at:http://www.w3.org/WAI/Policy/#UK. (Previous listings are at the end ofthis e-mail.)Perhaps we should discuss what should go where, especially officialjurisdictions? Feel free to ring me directly, or let me know when andwhere to contact you.Thanks much,~Shawnhere is what was in the listing previously:Legislation: Disability Discrimination Act of 1995Jurisdiction: Department of Education and Employment, Ministry of EqualOpportunities; Disability Rights Commission; Office of the e-EnvoyRelevant Documents:Guidelines for Government WebsitesAdditional information:DISinHE's (Disability Information Systems in Higher Education)Disability Legislation pageDISinHE's questions/answers on Disability Discrimination ActDISinHE's Implications for Higher Education InstitutionsDISinHE's Disability Legislation and Implications for Higher EducationJISC Senior Management Briefing Paper 15, Disability, Technology andLegislation: NewPressures and New Opportunities for Further and Higher EducationInstitutions and Staff [formerly athttp://www.jisc.ac.uk/pub01/smbp15.html]Cabinet Office Press Release on Net Gain for Britain's Public Services",
            "docno": "lists-087-0134247",
            "received": "Tue Jun  3 01:43:21 2003",
            "isoreceived": "20030603054321",
            "sent": "Tue, 3 Jun 2003 00:41:59 -0500",
            "isosent": "20030603054159",
            "name": "Shawn Lawton Henry",
            "email": "shawn@w3.org",
            "subject": "UK Policy listings",
            "id": "000501c32992$e0f6caa0$094cc418@SLHenry",
            "charset": "us-ascii",
            "expires": "-1",
            "to": "\"'Alistair Garrison'\"<alistair.garrison@accessinmind.com>\n",
            "cc": "<wai-eo-editors@w3.org>,\"'Judy Brewer'\"<jbrewer@w3.org>\n"
        },
        {
            "body": "EOWG,PDf referenced below is output from Council of European Union meeting on 2-3December 2002.  Pages 26-30 relate to e-accessibility, and refer inparticular (2a) to \"consider the provision of an e-accessibility mark forgoods and services which comply with relevant standards fore-accessibility\".http://ue.eu.int/pressData/en/lsa/73454.pdfAlistair GarrisonAccessinmind Limitedwww.accessinmind.com+44 (0) 207 252 2746",
            "docno": "lists-062-9412617",
            "received": "Fri Dec 13 08:55:11 2002",
            "isoreceived": "20021213135511",
            "sent": "Fri, 13 Dec 2002 13:55:05 -0000",
            "isosent": "20021213135505",
            "name": "Alistair Garrison",
            "email": "stair.garrison@accessinmind.com",
            "subject": "Council of European Union Document",
            "id": "001001c2a2af$3e2565d0$6e2786d9@your0xv8v0oeap",
            "charset": "iso-8859-1",
            "expires": "-1",
            "to": "<w3c-wai-eo@w3.org>\n"
        },
        {
            "body": "At 05:54 PM 12/14/2003 +0000, Alistair Garrison wrote:>I believe it's food for thoughtThe \"fallacy\" of accessibility as dealing only with taking content from theWeb rather than including a strong statement about being able to putcontent onto the Web must not be perpetuated in any definition. What I'mtrying to say is that \"Web Accessibility is the process of making Webcontent in a way that can be used, without issue or consequence, by peoplewith disabilities\" is necessary but not sufficient. PWD are not passiveconsumers of \"broadcast\" top-down information, they must also have accessto the means of production.--Love.It's Bad Luck to be Superstitious!---Outgoing mail is certified Virus Free.Checked by AVG anti-virus system (http://www.grisoft.com).Version: 6.0.543 / Virus Database: 337 - Release Date: 11/21/2003",
            "docno": "lists-062-14581092",
            "received": "Sun Dec 14 16:42:34 2003",
            "isoreceived": "20031214214234",
            "sent": "Sun, 14 Dec 2003 13:42:40 -0800",
            "isosent": "20031214214240",
            "name": "William Loughborough",
            "email": "ove26@gorge.net",
            "subject": "Re: Web Accessibility Definition...",
            "id": "5.2.0.9.2.20031214133922.02994b28@pop3.gorge.net",
            "charset": "us-ascii",
            "inreplyto": "000c01c3c26b$5b6300d0$0bcf4f51&#64;your0xv8v0oeap",
            "expires": "-1",
            "to": "\"Alistair Garrison\"<alistair.garrison@accessinmind.com>,\"EOWG\"<w3c-wai-eo@w3.org>\n"
        },
        {
            "body": "Dear All,Thank you for your full response, I have read again with interest that it is possible to turn Earl into human-readable formats for people doing manual repair.Could I ask if any human-readable report templates have been created so far, and if they have if I could be sent the URLs?  If they have not would it be a good idea to create a standard interrim (non-EARL) template for a human-readable Web Accessibility Evaluation Report?I only ask because in would make sense for evaluators to start producing evaluation reports based on future standardised formats.Thanks again...Alistair GarrisonManaging DirectorAccessinmind Limitedwww.accessinmind.com+44 (0) 207 252 2746",
            "docno": "lists-062-8406825",
            "received": "Tue Sep  3 06:45:57 2002",
            "isoreceived": "20020903104557",
            "sent": "Tue, 3 Sep 2002 11:45:51 +0100",
            "isosent": "20020903104551",
            "name": "Alistair Garrison",
            "email": "stair.garrison@accessinmind.com",
            "subject": "Re: Web Accessibility Evaluation Report?",
            "id": "001501c25337$1389a650$d95286d9@your0xv8v0oeap",
            "charset": "iso-8859-1",
            "inreplyto": "Pine.LNX.4.30.0209030538420.1744-100000&#64;tux.w3.org",
            "expires": "-1",
            "to": "<w3c-wai-eo@w3.org>\n"
        },
        {
            "body": "On Mon, 8 Sep 2003 22:17:11 -0400 (EDT)Charles McCathieNevile <charles@w3.org> said:>> This would be a neat trick for developers working in Java - you would be able> to ship around code. But that might not be relevant to commercial develpments> where people are using other languages...This is not a minor problem. Even single manufacturers use severalprogramming languages in different tools they produce. Sometimeseveral languages within the same tool.Besides this, there is also the problem that each test object shoulduse APIs for accessing the pages (the DOM is ok, but there might beother libraries needed: for example LIFT is based on the official DOMenriched with another library called 'semantic analyzer' whose purposeis to make the tests much more focussed and distinguish a spacer imagefrom a spacer image used for a hidden button, for example).In addition each test has to produce some result, and these resultsneed to handled by the rest of the application. Another API is needed,but one that is very tightly related with the infrastructure in whichthe tool is embedded. For example the results are handled by LIFT forDreamweaver (product A) differently than by LIFT for FrontPage(product B), and very differently from LIFT Machine (product C).> An interesting part of this would be looking at using Web Services -> since you ship the document and get a result back you don't really care if> the code is compatible with your platform or not because you're not running> it locallly.>> Another possibility would be to provide a semantically rich code description> for testing functions - inputs, outputs, code language (some good stuff can> be done in sed, other stuff might be avialable in Java, ...), whether repair> code is available, etc.>> This would be something like the Testing Description Language that was> discussed at the EARL workshop in June 2002 for which there were no available> resources.>> The reason I currently prefer EARL as a general transport is that it is> simpler. You only have to agree on the test suite being used (in> accessibility that can be pretty easily done by using external tests and a> way of namingor pointing to things (which can be done using URIs and Xpath> for XML content, although there isn't much that is easy otherwise -> line/character offset hhas the problem that different tools format code> differently, breaking all these (very brittle) references. If you want to> agree on shipping test code you need a lot more tight ompatibility design.>> It is possible to write tests for LIFT for Dreamweaver (in Javascript),> AccVerify (through the interface) or WAINu (as Java code). Making them> portable is a major hassle. It would be nice if it happened, but seems in> general to be \"too hard\" - there are too many reasons why it won't work, and> finding a way around it by integrating results from different tools seems> much more achieveable.I agree.Giorgio Brajnik______________________________________________________________________Dip. di Matematica e Informatica   | voice: +39 (0432) 55.8445Universita` di Udine               | fax:   +39 (0432) 55.8499Via delle Scienze, 206             | email: giorgio@dimi.uniud.itLoc. Rizzi -- 33100 Udine -- ITALY | http://www.dimi.uniud.it/~giorgio",
            "docno": "lists-065-3178564",
            "received": "Tue Sep  9 12:24:23 2003",
            "isoreceived": "20030909162423",
            "sent": "Tue, 09 Sep 2003 18:24:07 +0200 (CEST)",
            "isosent": "20030909162407",
            "name": "Giorgio Brajnik",
            "email": "giorgio@dimi.uniud.it",
            "subject": "Re: Common interface for automatic evaluation tools",
            "id": "20030909.182407.133231169.giorgio@dimi.uniud.it",
            "charset": "us-ascii",
            "inreplyto": "Pine.LNX.4.55.0309082206500.18778&#64;homer.w3.org",
            "expires": "-1",
            "to": "charles@w3.org\n",
            "cc": "shadi@w3.org,w3c-wai-er-ig@w3.org,achuter@teleservicios.com,alistair.garrison@accessinmind.com\n"
        },
        {
            "body": "EOWG,Unfortunately, I will not be able to attend the meeting on Wed 13th Nov...Very Best RegardsAlistair GarrisonManaging DirectorAccessinmind Limitedwww.accessinmind.com+44 (0) 207 252 2746",
            "docno": "lists-062-9249120",
            "received": "Wed Nov 13 14:52:55 2002",
            "isoreceived": "20021113195255",
            "sent": "Wed, 13 Nov 2002 19:52:47 -0000",
            "isosent": "20021113195247",
            "name": "Alistair Garrison",
            "email": "stair.garrison@accessinmind.com",
            "subject": "Regrets for Wed 13th Nov",
            "id": "002801c28b4e$3e3759c0$012886d9@your0xv8v0oeap",
            "charset": "iso-8859-1",
            "expires": "-1",
            "to": "<w3c-wai-eo@w3.org>,\"Judy Brewer\"<jbrewer@w3.org>\n"
        },
        {
            "body": "Dear Editor,This is a suggestion regarding the method for page selection for manual and user testing described in the 'Evaluating Web Sites for Accessibility' document (http://www.w3.org/WAI/EO/Drafts/impl/eval/Overview.html).Reference is made to the following paragraph in this document:'3.1.2 - Identify and disclose a page selection for manual and user testing which includes at least one of each different type of page on the site, and all pages on which people are more likely to enter your site.'My suggestion is to extend this idea by using the output from the automated evaluation tool's run across entire Web site (described in 3.1.3), to help the Auditor identify relevant page selections for each checkpoint (limited to a maximum number) i.e.- Pages containing elements specific to 10.1 - web page 1- Pages containing elements specific to 10.2 - web page 23, web page 50, etc...Effectively, helping the Auditor to collect examples, from the entire Web site, of the way in which checkpoint related elements have been implemented (really, I believe more akin to the Checklist of Checkpoints for Web Content Accessibility Guidelines 1.0 approach of looking until found.)The reason for this suggestion comes from the fact that the defined page selection method (described in 3.1.2) might fail to ensure the incorporation of all the pages containing elements which need to be checked - especially with regard to larger websites.Very Best RegardsAlistair GarrisonManaging Director - Accessinmind Limited+44 (0) 207 252 2746",
            "docno": "lists-086-16188577",
            "received": "Thu Aug 29 09:13:21 2002",
            "isoreceived": "20020829131321",
            "sent": "Thu, 29 Aug 2002 12:12:06 +0100",
            "isosent": "20020829111206",
            "name": "Alistair Garrison",
            "email": "stair.garrison@accessinmind.com",
            "subject": "Suggestion Regarding The Evaluating Web Sites For Accessibility Document",
            "id": "000401c24f5d$d8956f20$350886d9@your0xv8v0oeap",
            "charset": "iso-8859-1",
            "expires": "-1",
            "to": "<wai-eo-editors@w3.org>\n"
        },
        {
            "body": "Dear All,Did we agree a definition for Web Accessibility...If we didn't the definition I am going to start to use is...\"Web Accessibility is the process of making Web content in a way that can be used, without issue or consequence, by people with disabilities.\"This follows on from the definition of 'accessible' found in Glossary B of WCAG 1.0 (i.e. 'Content is accessible when it may be used by someone with a disability'), and the fact that several checkpoints in the Guidelines are designed to prevent Web content causing people with certain disabilities frustration, or in severe circumstances harm (i.e. flashing content).Anyway... I believe it's food for thought...Very Best RegardsAlistairAlistair GarrisonDirector, Accessinmind Limitedwww.accessinmind.com+44 (0) 207 252 2746",
            "docno": "lists-062-14573183",
            "received": "Sun Dec 14 12:54:50 2003",
            "isoreceived": "20031214175450",
            "sent": "Sun, 14 Dec 2003 17:54:44 -0000",
            "isosent": "20031214175444",
            "name": "Alistair Garrison",
            "email": "stair.garrison@accessinmind.com",
            "subject": "Web Accessibility Definition...",
            "id": "000c01c3c26b$5b6300d0$0bcf4f51@your0xv8v0oeap",
            "charset": "iso-8859-1",
            "expires": "-1",
            "to": "\"EOWG\"<w3c-wai-eo@w3.org>\n"
        }
    ]
}