{
    "id": "candidate-0027",
    "name": "grace de la flor",
    "gender": "FEMALE",
    "email": "grace.de-la-flor@bristol.ac.uk",
    "mails": [
        {
            "body": "The transfer of legal responsibility onto website producers to makeelectronic products accessible leads into the discussion of whichsoftware package produces the most accessible web sites.It also raises the question of; if governments begin policing web sitesis it their responsibility to offer up the tools for accessibilityvalidation?-- Resources regarding UK legislation --1. Disability Discrimination Act - A brief guidehttp://www.disability.gov.uk/dda/act.html2. Special Educational Needs and Disability Act 2001Read the legislation first handhttp://www.hmso.gov.uk/acts/acts2001/20010010.htm3. Office of the e-EnvoyGuidelines for UK Government websiteshttp://www.e-envoy.gov.uk/webguidelines.htm4. TechDisJISC service aimed at enhancing ICT accesshttp://www.techdis.ac.uk/4.1  a quick summary of the legislation as it relates to ICT at:http://www.techdis.ac.uk/news/smbp15.pdfThe new law will requires 'reasonable adjustments' be madeto websites so that they are inclusive to all wishing to accessresources contained within a domain. In terms of website accessibilitythe following is considered best practice :?Websites should meet W3C WAI priority 1& 2 guidelines?Validate all HTML & CSS with validation softwareThe legislation isn't specific as it relates to ICT which means thatthis is a 'case law' type of legislation which will depend onprecedents in court opinion on a case by case basis.---------grace.de-la-flor@bristol.ac.ukInstitute for Learning and Research TechnologyUniversity of Bristol8-10 Berkeley Square, Bristol BS8 1HH, UKTel: +44 (0)117 928 7184, Fax: +44 (0)117 928 7112http://www.ilrt.bris.ac.uk/ and http://www.ilrt.bris.ac.uk/id/",
            "docno": "lists-062-4079381",
            "received": "Fri Dec 14 11:38:01 2001",
            "isoreceived": "20011214163801",
            "sent": "Fri, 14 Dec 2001 16:35:39 +0000",
            "isosent": "20011214163539",
            "name": "grace de la Flor",
            "email": "grace.de-la-flor@bristol.ac.uk",
            "subject": "Policy Pointers",
            "id": "EXECMAIL.1011214163539.B@yoda.bris.ac.uk",
            "charset": "ISO-8859-1",
            "expires": "-1",
            "to": "w3c-wai-eo@w3.org\n"
        },
        {
            "body": "Tech Dis Web Accessibility & Usability Resource:http://www.techdis.ac.uk/seven/precepts.html>> Agenda, EOWG Meeting Friday, 1 November 2002>> 1. Outreach Updates (brief)>          Send to EOWG mailing list in advance if possible.>> 2. Best practices training exchange at Copenhagen meeting, and future> WAI> trainings>          http://www.w3.org/WAI/EO/2002/1107-agenda.html#agn>          what makes for an effective best practices training> exchange?>> 3. Restructuring ideas on Business Case Resource Suite>          See updated EOWG deliverables page, third quarter,> \"Drafting\" section>          http://www.w3.org/WAI/EO/Drafts/bcase/>> 4. Gallery -- continued discussion on assembling initial gallery>          http://www.w3.org/WAI/EO/Drafts/Gallery#framework>          http://www.w3.org/WAI/EO/Drafts/galleryintro.html>          http://www.w3.org/WAI/EO/Drafts/gallerychangelog.html>          http://www.w3.org/WAI/eval/template>> 5. Checking in on localizations of materials>          current distribution of EO resource localizations>          coordination on additional localizations>> Regards,>> - Judy>>>>>> >Date: Thu, 31 Oct 2002 19:11:17 -0500> >To: EOWG <w3c-wai-eo@w3.org>> >From: Judy Brewer <jbrewer@w3.org>> >Subject: EOWG: Reminder, EOWG Meeting Friday, 1 November 2002> >> >EOWG:> >> >Time:           8:30am - 10:30am US Eastern Daylight Time> >Bridge: Zakim: +1 617 761 6200> >                         conference code EOWG (3694) then press #> >Upcoming:       http://www.w3.org/WAI/EO/#meetings> >> >NOTE:   Daylight Saving Time ended this past weekend. For date/time>> >correspondences, please refer to:> >                 http://www.timeanddate.com/worldclock/meeting.html> >                 and> >                 http://webexhibits.org/daylightsaving/g.html> >> >Agenda to follow.> >> >Regards,> >> >- Judy> >> >--> >Judy Brewer    +1.617.258.9741    http://www.w3.org/WAI> >Director, Web Accessibility Initiative (WAI), World Wide Web> Consortium (W3C)> >MIT/LCS Room NE43-355, 200 Technology Square, Cambridge, MA,  02139,>  USA>> --> Judy Brewer    +1.617.258.9741    http://www.w3.org/WAI> Director, Web Accessibility Initiative (WAI), World Wide Web> Consortium (W3C)> MIT/LCS Room NE43-355, 200 Technology Square, Cambridge, MA,  02139,> USA>>>---------grace.de-la-flor@bristol.ac.ukInstitute for Learning and ResearchTechnologyUniversity of Bristol8-10 Berkeley Square,Bristol BS8 1HH, UKTel: +44 (0)117 928 7184Fax: +44 (0)117 928 7112http://www.ilrt.bris.ac.uk/http://www.ilrt.bris.ac.uk/id/-----------------------------------------------------This mail sent through SilkyMail v1.1.8",
            "docno": "lists-062-9193786",
            "received": "Fri Nov  1 09:04:03 2002",
            "isoreceived": "20021101140403",
            "sent": "Fri, 01 Nov 2002 14:02:37 +0000",
            "isosent": "20021101140237",
            "name": "grace de la flor",
            "email": "Grace.De-La-Flor@bristol.ac.uk",
            "subject": "Tech Dis Web Accessibility &amp; Usability Resource",
            "id": "1036159357.3dc2897d3dea1@webmail.bris.ac.uk",
            "inreplyto": "5.1.0.14.2.20021101002123.01efd4f0&#64;localhost",
            "expires": "-1",
            "to": " Judy Brewer<jbrewer@w3.org>\n",
            "cc": " EOWG<w3c-wai-eo@w3.org>\n"
        },
        {
            "body": "On Mon, 19 Aug 2002, grace de la flor wrote:>comments on new document:>>** Executive Summary ->>\"Accessible authoring tools are those that allow the creation of>accessible web content within an accessible environment. \">>Awkward sentence, has the word 'accessible' in it 3 times. Change to>something like:>>\"An accessible authoring tool has two identifying characteristics;>first, it creates end product web content that is accessible -second,>the authoring tool itself has an accessible development environment.\"How aboutAccessible authoring tools allow anybody to create web content that can beused by anybody, regardless of whether the author or user might have adisability.(this avoid using accessible three times in a row...)cheersChaals",
            "docno": "lists-062-8136007",
            "received": "Mon Aug 19 09:59:26 2002",
            "isoreceived": "20020819135926",
            "sent": "Mon, 19 Aug 2002 09:59:18 -0400 (EDT)",
            "isosent": "20020819135918",
            "name": "Charles McCathieNevile",
            "email": "charles@w3.org",
            "subject": "Re: Pending issues in &quot;Business Case for Accessibility Support in            Authoring  Tools&quot;",
            "id": "Pine.LNX.4.30.0208190955510.19790-100000@tux.w3.org",
            "charset": "US-ASCII",
            "inreplyto": "EXECMAIL.1020819143935.G&#64;yoda.bristol.ac.uk",
            "expires": "-1",
            "to": " grace de la flor<grace.de-la-flor@bristol.ac.uk>\n",
            "cc": " Carlos A Velasco<velasco@fit.fraunhofer.de>, EOWG<w3c-wai-eo@w3.org>\n"
        },
        {
            "body": "Try pagevalet or sitevalet - http://valet.webthing.com/listsed in the W3C list of tools athttp://www.w3.org/WAI/ER/existingtoolscheersChaasOn Wed, 20 Feb 2002, grace de la Flor wrote:after converting some HTML files into XHTML - i tested the pages inBobby and they failed. yesterday i emailed cast.org and asked aboutthis...here is their response:\"Thank you for your comments. We hope to accommodate XHTML better in afuture version. Part of the problem is finding a suitable parser. \"Bobby Technical Support, CAST, Inc.Email bobbyww@cast.orghttp://www.cast.org/bobby/How can CAST claim that their validation tool is W3C compliant and notsupport the new mark-up standards?Can developers be asked to be W3C compliant when the testing tools areinsufficient?Does anybody know of a validation tool that parses XHTML?Solid validiation tools need to be developed and made available for thegeneral public.---------grace.de-la-flor@bristol.ac.ukInstitute for Learning and Research TechnologyUniversity of Bristol8-10 Berkeley Square, Bristol BS8 1HH, UKTel: +44 (0)117 928 7184, Fax: +44 (0)117 928 7112http://www.ilrt.bris.ac.uk/ and http://www.ilrt.bris.ac.uk/id/--Charles McCathieNevile    http://www.w3.org/People/Charles  phone: +61 409 134 136W3C Web Accessibility Initiative     http://www.w3.org/WAI  fax: +33 4 92 38 78 22Location: 21 Mitchell street FOOTSCRAY Vic 3011, Australia(or W3C INRIA, Route des Lucioles, BP 93, 06902 Sophia Antipolis Cedex, France)",
            "docno": "lists-062-7293522",
            "received": "Tue Mar 26 02:44:08 2002",
            "isoreceived": "20020326074408",
            "sent": "Tue, 26 Mar 2002 02:43:55 -0500 (EST)",
            "isosent": "20020326074355",
            "name": "Charles McCathieNevile",
            "email": "charles@w3.org",
            "subject": "Re: Bobby : Validation Tool Bug",
            "id": "Pine.LNX.4.30.0203260242020.3518-100000@tux.w3.org",
            "charset": "US-ASCII",
            "inreplyto": "EXECMAIL.1020220103733.D&#64;yoda.bris.ac.uk",
            "expires": "-1",
            "to": " grace de la Flor<grace.de-la-flor@bristol.ac.uk>\n",
            "cc": " EOWG<w3c-wai-eo@w3.org>\n"
        },
        {
            "body": "after converting some HTML files into XHTML - i tested the pages inBobby and they failed. yesterday i emailed cast.org and asked aboutthis...here is their response:\"Thank you for your comments. We hope to accommodate XHTML better in afuture version. Part of the problem is finding a suitable parser. \"Bobby Technical Support, CAST, Inc.Email bobbyww@cast.orghttp://www.cast.org/bobby/How can CAST claim that their validation tool is W3C compliant and notsupport the new mark-up standards?Can developers be asked to be W3C compliant when the testing tools areinsufficient?Does anybody know of a validation tool that parses XHTML?Solid validiation tools need to be developed and made available for thegeneral public.---------grace.de-la-flor@bristol.ac.ukInstitute for Learning and Research TechnologyUniversity of Bristol8-10 Berkeley Square, Bristol BS8 1HH, UKTel: +44 (0)117 928 7184, Fax: +44 (0)117 928 7112http://www.ilrt.bris.ac.uk/ and http://www.ilrt.bris.ac.uk/id/",
            "docno": "lists-062-6869488",
            "received": "Wed Feb 20 05:39:24 2002",
            "isoreceived": "20020220103924",
            "sent": "Wed, 20 Feb 2002 10:37:33 +0000",
            "isosent": "20020220103733",
            "name": "grace de la Flor",
            "email": "grace.de-la-flor@bristol.ac.uk",
            "subject": "Bobby : Validation Tool Bug",
            "id": "EXECMAIL.1020220103733.D@yoda.bris.ac.uk",
            "charset": "us-ascii",
            "inreplyto": "5.1.0.14.2.20020111110723.02ec4c70&#64;localhost",
            "expires": "-1",
            "to": " EOWG<w3c-wai-eo@w3.org>\n"
        },
        {
            "body": "http://www.e-chalk.de/The lecturer writes on the electronic board, seamlessly integratingpictures and interactive programs from the web. Both can be loaded directlyfrom the harddisk or the Internet.----------------------grace.de-la-flor@bristol.ac.ukInstitute for Learning and Research Technology, University of Bristol8-10 Berkeley Square, Bristol BS8 1HH, UKTel: +44 (0)117 928 7184, Fax: +44 (0)117 928 7112http://www.ilrt.bris.ac.uk/ and http://www.ilrt.bris.ac.uk/id/",
            "docno": "lists-023-6722164",
            "received": "Wed Dec 18 11:20:17 2002",
            "isoreceived": "20021218162017",
            "sent": "Wed, 18 Dec 2002 16:17:31 -0000",
            "isosent": "20021218161731",
            "name": "grace de la flor",
            "email": "grace.de-la-flor@bristol.ac.uk",
            "subject": "ollaboration tools:",
            "id": "19624298.1040228251@ilrt-yoda.ilrt.bris.ac.uk",
            "charset": "us-ascii",
            "inreplyto": "DNEPLEBLKMGBNKKGDDFKIECDCEAA.hakkinen&#64;dinf.ne.jp",
            "expires": "-1",
            "to": "public-wai-rd@w3.org\n"
        },
        {
            "body": "Dear All-Below are comments regarding the new draft. Some areas appear to becomments for the author or the group. If comments are written for theworking group within the document it would be helpful if they werenoted as such by perhaps enclosing them in something like:**BEGIN COMMENT**maybe we should include asection here on blah**END COMMENT**or some other indicator. The document seems to be a transition - i'll behappy to take another look at it when its been revised again.Cheers,-grace-- Executive Summary --1. 'summary' nav should match heading name 'executive summary'2. 'responsible of' should read 'responsible for'-- State of the art --1. Change heading name to something more meaningful/explicit2. This section seems to be offering evaluation methods for managers.If it is so, the copy needs to be much more direct with bulletedactions.-- Opportunities and threats --1. Change heading name to something more meaningful/explicit>> Dear all,>> Following today's call, these are the pending issues in the draft of the> \"Business Case for Accessibility Support in Authoring Tools\":> http://www.fit.fraunhofer.de/~velasco/businessCase.html>> 1) Executive summary: Is it necessary to include interim pointers to> reports from non-European (or European) sources in the actual wording?> (coming from the Toronto F2F).>> 2) (Andrew Arch) - Executive summary: What about adding in \"people in> remote locations\"?>> 3) (Jan Richards) - What is an Authoring Tool? pointing to ATAG 1.0> categories instead of \"Wombat's\" categories.>> 4) (Jan Richards) - State of the art (title to be changed for the next> draf). Replace actual paragraph:>> \"Discuss the existence of auxiliary implementation tools. The> transformation of the business case in a real business or implementation> plan needs to identify elements that facilitate this process. Describe> existing cooperation agreements with third parties that include> additional functionalities in the tool (e.g. plugins), or existence of> Open Source tools that help accessibility implementation.\">> for the following:>> \"Discuss the existence of third party accessibility tools (e.g. plugins,> Open Source software, etc.) that might be useful in facilitating> implementation of ATAG into the base authoring tool (e.g. to handle> accessibility evaluation and repair).\">> regards,> carlos>> --> Dr Carlos A Velasco> mailto:velasco@fit.fraunhofer.de    http://access.fit.fraunhofer.de/> Fraunhofer-Institut f?r Angewandte Informationstechnik (FIT.LIFE)>    [Fraunhofer Institute for Applied Information Technology (FIT.LIFE)]>    Barrierefreie Informations- und Kommunikationstechnologie f?r Alle>    Schloss Birlinghoven, D53757 Sankt Augustin (Germany)>    Tel: +49-2241-142609/319272 Fax: +49-2241-1442609>---------grace.de-la-flor@bristol.ac.ukInstitute for Learning and Research TechnologyUniversity of Bristol8-10 Berkeley Square, Bristol BS8 1HH, UKTel: +44 (0)117 928 7184, Fax: +44 (0)117 928 7112http://www.ilrt.bris.ac.uk/ and http://www.ilrt.bris.ac.uk/id/",
            "docno": "lists-062-7941520",
            "received": "Mon Aug 12 04:57:06 2002",
            "isoreceived": "20020812085706",
            "sent": "Mon, 12 Aug 2002 09:56:16 +0100",
            "isosent": "20020812085616",
            "name": "grace de la flor",
            "email": "grace.de-la-flor@bristol.ac.uk",
            "subject": "Re: Pending issues in &quot;Business Case for Accessibility Support in               Authoring  Tools&quot;",
            "id": "EXECMAIL.1020812095616.C@yoda.bristol.ac.uk",
            "charset": "ISO-8859-1",
            "inreplyto": "3D53FF59.2090800&#64;fit.fraunhofer.de",
            "expires": "-1",
            "to": " Carlos A Velasco<velasco@fit.fraunhofer.de>\n",
            "cc": " WAI EO List<w3c-wai-eo@w3.org>\n"
        },
        {
            "body": "\" On 3 December 2001, the European Union adopted 2003 as the EuropeanYear of People with Disabilities \"http://www.eypd2003.org/eypd/eypd/index.htmlThere may be a great potential here for doing WAI education & outreachwork.Cheers,-grace---------grace.de-la-flor@bristol.ac.ukInstitute for Learning and Research TechnologyUniversity of Bristol8-10 Berkeley Square, Bristol BS8 1HH, UKTel: +44 (0)117 928 7184, Fax: +44 (0)117 928 7112http://www.ilrt.bris.ac.uk/ and http://www.ilrt.bris.ac.uk/id/",
            "docno": "lists-062-7985471",
            "received": "Thu Aug 15 10:57:50 2002",
            "isoreceived": "20020815145750",
            "sent": "Thu, 15 Aug 2002 15:54:43 +0100",
            "isosent": "20020815145443",
            "name": "grace de la flor",
            "email": "grace.de-la-flor@bristol.ac.uk",
            "subject": "fwd: The European Year of People with Disabilities",
            "id": "EXECMAIL.1020815155443.G@yoda.bristol.ac.uk",
            "charset": "us-ascii",
            "inreplyto": "EXECMAIL.1020812095616.C&#64;yoda.bristol.ac.uk",
            "expires": "-1",
            "to": " WAI EO List<w3c-wai-eo@w3.org>\n"
        },
        {
            "body": "There is an excellent resource of tips put together by Mark Pilgrim at:http://diveintoaccessibility.org/perhaps some of these could be used - or a link to the site couldbe added from the HMTL validator page.>> Dear WAI EO working group and \"public-evangelist\" participants.>> First, since I think this is the first cross-post through these two> lists, let me introduces each other, just in case:>> The WAI Education and Outreach Working Group - http://www.w3.org/WAI/EO/> has been around for a long time (since 1998 IIRC) and has produced a lot> of important resources for WAI education (I'm sure many of you know the> WAI quicktips card, for example).>> public-evangelist - http://lists.w3.org/Archives/Public/public-evangelist/> is the (rather young) list of the Quality Assurance Interest Group's> EO activities, born to host discussion and coordination about \"Web> standards Education and Outreach\" at large.>>> Now to the point : about one year ago there was an little, yet> interesting initiative to add \"quick tips\" to the HTML Validator's> results. Since the validator is the first service at W3C in terms of> hits, it is believed to be a very efficient EO service.>> See : http://www.w3.org/2001/06tips/>> The new validator, including this quicktips feature, will be sent> for beta testing in a few days, so now is, I believe, a good time to> speed up the quicktips initiative. Some submissions and ideas were> sent already, and today a few tips are completed (many are still on a> \"someday pile\").>> The (rather straightforward) Quicktips submission process is given at :> http://www.w3.org/2001/06tips/#process>> On the same page is the list of completed tips, and a list of candidates> for future tips.>> I encourage everyone to have a look at this, and if you like, please> submit a new tip (fully documented using the submission process, or just> an idea) or write up one in the todo list and send it to the QAIG's> public list www-qa@w3.org.>>> Thank you very much,> olivier> --> Olivier Thereaux - W3C> http://www.w3.org/People/olivier | http://yoda.zoy.org>---------grace.de-la-flor@bristol.ac.ukInstitute for Learning and Research TechnologyUniversity of Bristol8-10 Berkeley Square, Bristol BS8 1HH, UKTel: +44 (0)117 928 7184, Fax: +44 (0)117 928 7112http://www.ilrt.bris.ac.uk/ and http://www.ilrt.bris.ac.uk/id/",
            "docno": "lists-015-6217501",
            "received": "Tue Aug 20 04:08:47 2002",
            "isoreceived": "20020820080847",
            "sent": "Tue, 20 Aug 2002 09:06:00 +0100",
            "isosent": "20020820080600",
            "name": "grace de la flor",
            "email": "grace.de-laflor@bristol.ac.uk",
            "subject": "Re: Help welcome  Validator's &quot;tips&quot;",
            "id": "EXECMAIL.1020820090600.B@yoda.bristol.ac.uk",
            "charset": "usascii",
            "inreplyto": "20020820054356.GB16174&#64;w3.mag.keio.ac.jp",
            "expires": "1",
            "to": " Olivier Thereaux<ot@w3.org>\n",
            "cc": "public-evangelist@w3.org,w3c-wai-eo@w3.org\n"
        },
        {
            "body": "There is an excellent resource of tips put together by Mark Pilgrim at:http://diveintoaccessibility.org/perhaps some of these could be used - or a link to the site couldbe added from the HMTL validator page.>> Dear WAI EO working group and \"public-evangelist\" participants.>> First, since I think this is the first cross-post through these two> lists, let me introduces each other, just in case:>> The WAI Education and Outreach Working Group - http://www.w3.org/WAI/EO/> has been around for a long time (since 1998 IIRC) and has produced a lot> of important resources for WAI education (I'm sure many of you know the> WAI quicktips card, for example).>> public-evangelist - http://lists.w3.org/Archives/Public/public-evangelist/> is the (rather young) list of the Quality Assurance Interest Group's> EO activities, born to host discussion and coordination about \"Web> standards Education and Outreach\" at large.>>> Now to the point : about one year ago there was an little, yet> interesting initiative to add \"quick tips\" to the HTML Validator's> results. Since the validator is the first service at W3C in terms of> hits, it is believed to be a very efficient EO service.>> See : http://www.w3.org/2001/06tips/>> The new validator, including this quicktips feature, will be sent> for beta testing in a few days, so now is, I believe, a good time to> speed up the quicktips initiative. Some submissions and ideas were> sent already, and today a few tips are completed (many are still on a> \"someday pile\").>> The (rather straightforward) Quicktips submission process is given at :> http://www.w3.org/2001/06tips/#process>> On the same page is the list of completed tips, and a list of candidates> for future tips.>> I encourage everyone to have a look at this, and if you like, please> submit a new tip (fully documented using the submission process, or just> an idea) or write up one in the todo list and send it to the QAIG's> public list www-qa@w3.org.>>> Thank you very much,> olivier> --> Olivier Thereaux - W3C> http://www.w3.org/People/olivier | http://yoda.zoy.org>---------grace.de-la-flor@bristol.ac.ukInstitute for Learning and Research TechnologyUniversity of Bristol8-10 Berkeley Square, Bristol BS8 1HH, UKTel: +44 (0)117 928 7184, Fax: +44 (0)117 928 7112http://www.ilrt.bris.ac.uk/ and http://www.ilrt.bris.ac.uk/id/",
            "docno": "lists-062-8165056",
            "received": "Tue Aug 20 04:08:47 2002",
            "isoreceived": "20020820080847",
            "sent": "Tue, 20 Aug 2002 09:06:00 +0100",
            "isosent": "20020820080600",
            "name": "grace de la flor",
            "email": "grace.de-la-flor@bristol.ac.uk",
            "subject": "Re: Help welcome - Validator's &quot;tips&quot;",
            "id": "EXECMAIL.1020820090600.B@yoda.bristol.ac.uk",
            "charset": "us-ascii",
            "inreplyto": "20020820054356.GB16174&#64;w3.mag.keio.ac.jp",
            "expires": "-1",
            "to": " Olivier Thereaux<ot@w3.org>\n",
            "cc": "public-evangelist@w3.org,w3c-wai-eo@w3.org\n"
        },
        {
            "body": "Hi Charles,Charles McCathieNevile wrote:> ...> How about>>   Accessible authoring tools allow anybody to create web content that can be>   used by anybody, regardless of whether the author or user might have a>   disability.>I like your suggestion a lot, but now it looks like we repeat two times.I am substituting the second 'anybody' for 'everybody'. It can bediscussed tomorrow in the call.regards,carlos--Dr Carlos A Velascomailto:velasco@fit.fraunhofer.de    http://access.fit.fraunhofer.de/Fraunhofer-Institut f?r Angewandte Informationstechnik (FIT.LIFE)[Fraunhofer Institute for Applied Information Technology (FIT.LIFE)]Barrierefreie Informations- und Kommunikationstechnologie f?r AlleSchloss Birlinghoven, D53757 Sankt Augustin (Germany)Tel: +49-2241-142609/319272 Fax: +49-2241-1442609",
            "docno": "lists-062-8246393",
            "received": "Thu Aug 22 12:52:25 2002",
            "isoreceived": "20020822165225",
            "sent": "Thu, 22 Aug 2002 18:51:48 +0200",
            "isosent": "20020822165148",
            "name": "Carlos A Velasco",
            "email": "velasco@fit.fraunhofer.de",
            "subject": "Re: Pending issues in &quot;Business Case for Accessibility Support in            Authoring  Tools&quot;",
            "id": "3D6516A4.6080601@fit.fraunhofer.de",
            "charset": "ISO-8859-1",
            "inreplyto": "Pine.LNX.4.30.0208190955510.19790-100000&#64;tux.w3.org",
            "expires": "-1",
            "to": " Charles McCathieNevile<charles@w3.org>\n",
            "cc": " grace de la flor<grace.de-la-flor@bristol.ac.uk>, EOWG<w3c-wai-eo@w3.org>\n"
        },
        {
            "body": "Dear Carlos-comments on new document:** Executive Summary -\"Accessible authoring tools are those that allow the creation ofaccessible web content within an accessible environment. \"Awkward sentence, has the word 'accessible' in it 3 times. Change tosomething like:\"An accessible authoring tool has two identifying characteristics;first, it creates end product web content that is accessible -second,the authoring tool itself has an accessible development environment.\"** Implementation status -use sub headings:Review Recommendations:- Existing- NewSoftware Development Process:- Scenarios- Third party accessibility toolsLocalization:Competing Tools:Cheers,-grace>> Dear Charmane, Grace,>> Thanks a lot for your comments. There is a new draft of the document> available at:>> <http://www.fit.fraunhofer.de/~velasco/businessCase.html>>> for comments. The changelog with pending issues is at:>> <http://www.fit.fraunhofer.de/~velasco/businessCaseChangeLog.html>>> regards,> carlos>> Charmane K. Corcoran wrote:> >> > Greetings,> >> > The following URL has my comments on the \"Business Case for> > Accessibility Support in Authoring Tools\" document:> >> >> > http://ckc.cl.msu.edu/WAI/bcauthtools.html>> --> Dr Carlos A Velasco> mailto:velasco@fit.fraunhofer.de    http://access.fit.fraunhofer.de/> Fraunhofer-Institut f?r Angewandte Informationstechnik (FIT.LIFE)>    [Fraunhofer Institute for Applied Information Technology (FIT.LIFE)]>    Barrierefreie Informations- und Kommunikationstechnologie f?r Alle>    Schloss Birlinghoven, D53757 Sankt Augustin (Germany)>    Tel: +49-2241-142609/319272 Fax: +49-2241-1442609>---------grace.de-la-flor@bristol.ac.ukInstitute for Learning and Research TechnologyUniversity of Bristol8-10 Berkeley Square, Bristol BS8 1HH, UKTel: +44 (0)117 928 7184, Fax: +44 (0)117 928 7112http://www.ilrt.bris.ac.uk/ and http://www.ilrt.bris.ac.uk/id/",
            "docno": "lists-062-8124193",
            "received": "Mon Aug 19 09:41:23 2002",
            "isoreceived": "20020819134123",
            "sent": "Mon, 19 Aug 2002 14:39:35 +0100",
            "isosent": "20020819133935",
            "name": "grace de la flor",
            "email": "grace.de-la-flor@bristol.ac.uk",
            "subject": "Re: Pending issues in &quot;Business Case for Accessibility Support in           Authoring  Tools&quot;",
            "id": "EXECMAIL.1020819143935.G@yoda.bristol.ac.uk",
            "charset": "ISO-8859-1",
            "inreplyto": "3D5FC494.9040009&#64;fit.fraunhofer.de",
            "expires": "-1",
            "to": " Carlos A Velasco<velasco@fit.fraunhofer.de>\n",
            "cc": " EOWG<w3c-wai-eo@w3.org>\n"
        },
        {
            "body": "Good call. I like that even better.chaalsOn Thu, 22 Aug 2002, Carlos A Velasco wrote:>>Hi Charles,>>Charles McCathieNevile wrote:>> ...>> How about>>>>   Accessible authoring tools allow anybody to create web content that can be>>   used by anybody, regardless of whether the author or user might have a>>   disability.>>>>>I like your suggestion a lot, but now it looks like we repeat two times.>I am substituting the second 'anybody' for 'everybody'. It can be>discussed tomorrow in the call.>>>regards,>carlos>--Charles McCathieNevile  http://www.w3.org/People/Charles  tel: +61 409 134 136SWAD-E http://www.w3.org/2001/sw/Europe ------------ WAI http://www.w3.org/WAI21 Mitchell street, FOOTSCRAY Vic 3011, Australia  fax(fr): +33 4 92 38 78 22W3C, 2004 Route des Lucioles, 06902 Sophia Antipolis Cedex, France",
            "docno": "lists-062-8256511",
            "received": "Thu Aug 22 13:28:27 2002",
            "isoreceived": "20020822172827",
            "sent": "Thu, 22 Aug 2002 13:28:24 -0400 (EDT)",
            "isosent": "20020822172824",
            "name": "Charles McCathieNevile",
            "email": "charles@w3.org",
            "subject": "Re: Pending issues in &quot;Business Case for Accessibility Support in             Authoring  Tools&quot;",
            "id": "Pine.LNX.4.30.0208221313470.19858-100000@tux.w3.org",
            "charset": "US-ASCII",
            "inreplyto": "3D6516A4.6080601&#64;fit.fraunhofer.de",
            "expires": "-1",
            "to": " Carlos A Velasco<velasco@fit.fraunhofer.de>\n",
            "cc": " grace de la flor<grace.de-la-flor@bristol.ac.uk>, EOWG<w3c-wai-eo@w3.org>\n"
        }
    ]
}