{
    "id": "candidate-0034",
    "name": "Mike DOLAN",
    "gender": "MALE",
    "email": "miked@tbt.com",
    "mails": [
        {
            "body": "What Mike indicates is correct: that such a function may be a\"candidate\" for inclusion; however, agreeing to include eachcandidate will be done on a case by case basis by the workinggroup. It will likely be based on whether or not the featureis widely supported (core) or narrowly supported (peripheral).Regards,Glenn> -----Original Message-----> From: Michael A. Dolan [mailto:miked@tbt.com]> Sent: Wednesday, February 26, 2003 12:10 PM> To: Timed Text Mailing List (E-mail)> Subject: Re: And a cold silence filled the room...>>>> As I read the resolution, it still requires that the> authoring formats be> translatable into the many streaming formats.  It is therefore my> assumption that if there is a function in stream encoding X,> then it is> minimally a candidate for inclusion in the authoring format.> The authoring> syntax and encoding may be entirely different of course, but> the function> has a right to be considered such that it is translatable.>> At 08:55 AM 2/26/2003 -0800, Jason Terando wrote:>> >Just wondering if I got kicked off the mailing list, or if it went> >silent> >after the TTWG resolutions...> >> >Since the WG has settled on TT as an authoring format, I was> wondering> >about a couple of things.  Is there a list in progress of \"display> >attributes\" that are going to be supported by TT?  Above and> beyond the> >representation of time notation, which has been debated at> length, have> >there been any discussions regarding position/coordinate notation,> >justification, color/transparency capabilities, etc.  The> Requirements> >document mentions a couple of these things and also mentions> EIA-708 sort> >of as a \"base functionality\" (item #23).>> -----------------------------------------------------> Michael A. Dolan  TerraByte Technology    (619)445-9070> PO Box 1673 Alpine, CA 91903 USA  FAX: (208)545-6564> URL:http://www.tbt.com>>",
            "docno": "lists-022-15795835",
            "received": "Wed Feb 26 15:50:13 2003",
            "isoreceived": "20030226205013",
            "sent": "Wed, 26 Feb 2003 15:50:11 -0500",
            "isosent": "20030226205011",
            "name": "Glenn A. Adams",
            "email": "glenn@xfsi.com",
            "subject": "RE: And a cold silence filled the room...",
            "id": "7249D02C4D2DFD4D80F2E040E8CAF37C01FC00@longxuyen.xfsi.com",
            "charset": "iso-8859-1",
            "inreplyto": "And a cold silence filled the room...",
            "expires": "-1",
            "to": "\"Timed Text Mailing List (E-mail)\"<public-tt@w3.org>\n"
        },
        {
            "body": "Mike means \"required for US [digital terrestrial television service]\".G.> -----Original Message-----> From: Michael A. Dolan [mailto:miked@tbt.com]> Sent: Monday, February 03, 2003 8:27 PM> To: public-tt@w3.org> Subject: RE : OT : US Broadcast subtitling standard EIA-608 ?>>>> Please also note that EIA 708 is what is required for US> digital (which> tunnels 608).  Both standards are available (for purchase)> from global.ihs.com.>> Regards,>>          Mike",
            "docno": "lists-022-14549860",
            "received": "Mon Feb  3 21:18:36 2003",
            "isoreceived": "20030204021836",
            "sent": "Mon, 3 Feb 2003 21:18:34 -0500",
            "isosent": "20030204021834",
            "name": "Glenn A. Adams",
            "email": "glenn@xfsi.com",
            "subject": "RE: RE : OT : US Broadcast subtitling standard EIA-608 ?",
            "id": "7249D02C4D2DFD4D80F2E040E8CAF37C01FADB@longxuyen.xfsi.com",
            "charset": "iso-8859-1",
            "inreplyto": "RE : OT : US Broadcast subtitling standard EIA-608 ?",
            "expires": "-1",
            "to": "\"Michael A. Dolan\"<miked@tbt.com>,<public-tt@w3.org>\n"
        },
        {
            "body": "Attached please find a rough stab at the scope of the \"timed text problem\",at least as I understand it (which is surely incomplete).The first slide shows some author/capture on the left and some generaldecoder applications areas on the right.  Subsequent slides show theexisting decoders in each of the application areas (the ones I know about,anyway).I've added interface specifications in italics where I knew what they were,and \"?\" everywhere I either did not know, or is not defined.  Most of the\"?\" are opportunities for standardization by this group.I think it would be helpful if we can fill this out completely.After that, then what problem are we trying to solve, exactly?  It ishighly unlikely that the decoder inputs deployed today will bereplaced.  That is certainly true of television, and perhaps the others.Mike-----------------------------------------------------Michael A. Dolan  TerraByte Technology    (619)445-9070PO Box 1673 Alpine, CA 91903 USA  FAX: (208)545-6564URL:http://www.tbt.comapplication/pdf attachment: TDE.pdf",
            "docno": "lists-022-15262156",
            "received": "Tue Feb 11 12:05:58 2003",
            "isoreceived": "20030211170558",
            "sent": "Tue, 11 Feb 2003 09:05:12 -0800",
            "isosent": "20030211170512",
            "name": "Michael A. Dolan",
            "email": "ked@tbt.com",
            "subject": "he scope of the problem",
            "id": "5.2.0.9.2.20030211081316.04304a60@cts.com",
            "charset": "us-ascii",
            "expires": "-1",
            "to": "public-tt@w3.org(W3C Public TT)\n"
        },
        {
            "body": "It is very important to make a distinction between what may be used duringthe authoring and distribution and what may get encoded in a final mediawhether it is a television signal or a DVD.It is indeed a foregone conclusion that whatever TT specification comes outof here will not replace (certainly any time soon) the current USregulatory encoding for EIA-608 on NTSC and EIA-708 on ATSC.  However, what*is* important is that TT must be able to be translated into these emissionformats, else it will not be used, even for authoring or distribution.  So,the *functional* requirements of EIA-708 should be an input to therequirements of this work, if indeed this group wishes to meet the needs oftelevision authoring and distribution for captioning.Subtitling in the US television emission is non-existent.  However, DigitalCinema and DVD do and, like television, have different encodings in thefinal media.  In the US, in both cases are image files and no text at all.So, looking at all the possible final media encodings will make one's headspin and a common design may be impossible.It is my view that this group would best serve the world by focusing on asolid authoring and maybe distribution format only.  To the extent the workmay be adopted for final media encoding should be left to others.  Ofcourse, making it easy to do this on one media, such as the Internet, maybe a reasonable goal (but not a requirement).My 2 cents....Regards,MikeAt 08:48 AM 2/6/2003 -0500, Joe Clark wrote:At 09:41 AM 2/3/2003 +0000, Johnb@screen.subtitling.com wrote:>>         Personally I feel that in most cases the cause is lost for>> existing **emission systems** (e.g. TV, DAB, DVD) adopting TT.>>Not at the authoring level and at a level midway between authoring and>emission.>>Case in point: I know one broadcaster that has the idea (not a very solid>one, in my view) of converting all subtitling and even closed captioning>to Microsoft Word files (!) that are simply pushed through at airtime,>rather comparable to live-display captioning.>>At the authoring level, we're dealing with timed text all the time. What>else do captioners and subtitlers deal with?>>>         Certainly if TT were to be adopted for subtitling for our>> purposes it would need a parallel or extension mechanism to carry timed>> graphic data.>>Or simply *refer* to it and call it up (and dismiss it, etc.) at>predetermined times.-----------------------------------------------------Michael A. Dolan  TerraByte Technology    (619)445-9070PO Box 1673 Alpine, CA 91903 USA  FAX: (208)545-6564URL:http://www.tbt.com",
            "docno": "lists-022-15090847",
            "received": "Fri Feb  7 11:00:41 2003",
            "isoreceived": "20030207160041",
            "sent": "Fri, 07 Feb 2003 07:59:09 -0800",
            "isosent": "20030207155909",
            "name": "Michael A. Dolan",
            "email": "ked@tbt.com",
            "subject": "Television Requirements [was Re: Bugs and TT (was TT and   subtitling)]",
            "id": "5.2.0.9.2.20030207073719.0460af00@cts.com",
            "charset": "us-ascii",
            "inreplyto": "a05111a21ba681813b3e7&#64;[192.168.1.100]",
            "expires": "-1",
            "to": " TimedText<public-tt@w3.org>\n"
        },
        {
            "body": "I accepted an action item at a past meeting for taking the first pass atthe metadata requirements for TT.  As a place to start, Markus kindlyprovided me with pointers to the book related specifications, namely DAISY,Z39.86 and OpenBook.These all define metadata taken from the Dublin Core set, as well as NCC(in DAISY).Not too surprising, some of the above metadata defined (NCC) is somewhatbook-centric.  That is, it may or may not have general applicability to allof timed text as an authoring format that could be encoded into all thevarious streaming formats we have identified.Further, David Kirby of the BBC identified a series of metadata items(embedded in Glenn's posting of Sunday, 2-Mar) somewhat specific to television.So, I would like to propose a strategy for arriving at the set of metadatafor TT as follows:1. The set of possible metadata be drawn from the set of metadata in usefrom the existing application area needs.  (This is in contrast to tryingto develop abstract requirements.)2. Minimally, the core metadata set should be approximately theintersection of the application area needs.3. Full metadata lists should be organized as extension modules for eachapplication area or perhaps common modules as we discover smaller,non-complete, intersections.An analysis of all the possible target streaming formats needs for metadatais a more daunting task not for one person just as such a functionalanalysis for the TT essence will be.  So, by way of this email, I wouldlike to solicit volunteers active in the identified application areas toprovide a one-time first cut contribution and then act as a point ofcontact for metadata for each application area.  The identified areas are:BooksTelevisionInternetDVDDCMobilePlease reply to me (or to the list) if you are willing to be this person.Thanks and regards,Mike-----------------------------------------------------Michael A. Dolan  TerraByte Technology    (619)445-9070PO Box 1673 Alpine, CA 91903 USA  FAX: (208)545-6564URL:http://www.tbt.com",
            "docno": "lists-022-16661779",
            "received": "Tue Mar  4 18:25:25 2003",
            "isoreceived": "20030304232525",
            "sent": "Tue, 04 Mar 2003 15:23:52 -0800",
            "isosent": "20030304232352",
            "name": "Michael A. Dolan",
            "email": "ked@tbt.com",
            "subject": "metadata strategy",
            "id": "5.2.0.9.2.20030304151935.041a3878@cts.com",
            "charset": "us-ascii",
            "expires": "-1",
            "to": "public-tt@w3.org(W3C Public TT)\n"
        },
        {
            "body": "Hello Jan-Always a pleasure....My personal view is that there are probably two distinct interchange pointsthat could benefit from a standard by this group:1. File exchange format (probably suitable for authoring and some distribution)2. Streaming format (probably suitable for some distribution and maybeupstream capture)It is not clear to me yet that these solutions can be merged into a singledesign, although there minimally has to be a mapping between them.The latter could be pretty easily created as an abstraction of the union offunctionality of all the existing capture and decoding systems listed inthe pictures - starting with the comparison chart that was circulated by Glenn.And, whether we have 1 or 2 designs, I suspect we may also needapplication-specific profiles as you suggest.  Although we need to becareful here as one of the requirements as I understand it is to besomewhat decoder-agnostic, certainly in the file exchange format.  That is,a single format should be targetable to DVD as well as Television andRTP.  So, the profiles may only apply to the streaming format?Best regards,MikeAt 03:38 PM 2/12/2003 +0100, jan.vandermeer@philips.com wrote:>Hello Mike,>>Good to hear you here as well. I like your picture and your question.>> >After that, then what problem are we trying to solve, exactly?>>It is my understanding that the objective in the TTWG is to define an>\"authoring solution\" that can be used as input to the specific formats for>transport that you indicate in your pictures. In that sense, the TTWG>outcome should be orthogonal to these specific formats.>>On the other hand it could be very useful to define certain profiles for>the TTWG outcome, to ensure that \"mapping\" to certain specific formats is>possible. For instance it may be possible to define one \"simple profile\">for mapping to the formats used in ATSC, DVB and DVD and a second>\"enhanced profile\" for mapping to the 3GPP timed text format (which has>richer functionality than the first three mentioned formats).>>Best regards,>>Jan van der Meer>Philips>>>>>>>>>public-tt@w3.org>>Sent by:>public-tt-request@w3.org>>2003-02-11 06:05 PM>>         To:        public-tt@w3.org (W3C Public TT)>         cc:        (bcc: Jan vanderMeer/EHV/CE/PHILIPS)>         Subject:        the scope of the problem>>         Classification:        Unclassified>>>>Attached please find a rough stab at the scope of the \"timed text problem\",>at least as I understand it (which is surely incomplete).>>The first slide shows some author/capture on the left and some general>decoder applications areas on the right.  Subsequent slides show the>existing decoders in each of the application areas (the ones I know about,>anyway).>>I've added interface specifications in italics where I knew what they were,>and \"?\" everywhere I either did not know, or is not defined.  Most of the>\"?\" are opportunities for standardization by this group.>>I think it would be helpful if we can fill this out completely.>>After that, then what problem are we trying to solve, exactly?  It is>highly unlikely that the decoder inputs deployed today will be>replaced.  That is certainly true of television, and perhaps the others.>>Mike>>>----------------------------------------------------->Michael A. Dolan  TerraByte Technology    (619)445-9070>PO Box 1673 Alpine, CA 91903 USA  FAX: (208)545-6564>URL:http://www.tbt.com>>>[attachment \"TDE.pdf\" deleted by Jan vanderMeer/EHV/CE/PHILIPS]>-----------------------------------------------------Michael A. Dolan  TerraByte Technology    (619)445-9070PO Box 1673 Alpine, CA 91903 USA  FAX: (208)545-6564URL:http://www.tbt.com",
            "docno": "lists-022-15328671",
            "received": "Wed Feb 12 12:04:15 2003",
            "isoreceived": "20030212170415",
            "sent": "Wed, 12 Feb 2003 09:03:52 -0800",
            "isosent": "20030212170352",
            "name": "Michael A. Dolan",
            "email": "ked@tbt.com",
            "subject": "Re: the scope of the problem",
            "id": "5.2.0.9.2.20030212085153.04357af0@cts.com",
            "charset": "us-ascii",
            "inreplyto": "OFFD8BA0EE.81AC0B97-ONC1256CCB.004C7CBA-C1256CCB.005095E6&#64; diamond.philips.com",
            "expires": "-1",
            "to": "public-tt@w3.org\n"
        },
        {
            "body": "FCC rules concerning EIA-708B also extend to cable providers and other\"MVPDs\" (multiple video program distributors).See the FCC Report & Order (FCC 00-259), Paragraph 40:<http://www.fcc.gov/Bureaus/Engineering_Technology/Orders/2000/fcc00259.doc>GerryOn 2/3/03 9:18 PM, \"Glenn A. Adams\" <glenn@xfsi.com> wrote:>>> Mike means \"required for US [digital terrestrial television service]\".>> G.>>> -----Original Message----->> From: Michael A. Dolan [mailto:miked@tbt.com]>> Sent: Monday, February 03, 2003 8:27 PM>> To: public-tt@w3.org>> Subject: RE : OT : US Broadcast subtitling standard EIA-608 ?>>>>>>>> Please also note that EIA 708 is what is required for US>> digital (which>> tunnels 608).  Both standards are available (for purchase)>> from global.ihs.com.>>>> Regards,>>>>          Mike>",
            "docno": "lists-022-14567349",
            "received": "Tue Feb  4 06:24:19 2003",
            "isoreceived": "20030204112419",
            "sent": "Tue, 04 Feb 2003 06:23:47 -0500",
            "isosent": "20030204112347",
            "name": "Gerry Field",
            "email": "gerry_field@wgbh.org",
            "subject": "Re: RE : OT : US Broadcast subtitling standard EIA-608 ?",
            "id": "BA650CF2.A586%gerry_field@wgbh.org",
            "charset": "US-ASCII",
            "inreplyto": "7249D02C4D2DFD4D80F2E040E8CAF37C01FADB&#64;longxuyen.xfsi.com",
            "expires": "-1",
            "to": "\"Glenn A. Adams\"<glenn@xfsi.com>, Mike Dolan<miked@tbt.com>,\"public-tt@w3.org\"<public-tt@w3.org>\n"
        },
        {
            "body": "As I read the resolution, it still requires that the authoring formats betranslatable into the many streaming formats.  It is therefore myassumption that if there is a function in stream encoding X, then it isminimally a candidate for inclusion in the authoring format.  The authoringsyntax and encoding may be entirely different of course, but the functionhas a right to be considered such that it is translatable.At 08:55 AM 2/26/2003 -0800, Jason Terando wrote:>Just wondering if I got kicked off the mailing list, or if it went silent>after the TTWG resolutions...>>Since the WG has settled on TT as an authoring format, I was wondering>about a couple of things.  Is there a list in progress of \"display>attributes\" that are going to be supported by TT?  Above and beyond the>representation of time notation, which has been debated at length, have>there been any discussions regarding position/coordinate notation,>justification, color/transparency capabilities, etc.  The Requirements>document mentions a couple of these things and also mentions EIA-708 sort>of as a \"base functionality\" (item #23).-----------------------------------------------------Michael A. Dolan  TerraByte Technology    (619)445-9070PO Box 1673 Alpine, CA 91903 USA  FAX: (208)545-6564URL:http://www.tbt.com",
            "docno": "lists-022-15770162",
            "received": "Wed Feb 26 14:44:48 2003",
            "isoreceived": "20030226194448",
            "sent": "Wed, 26 Feb 2003 11:09:30 -0800",
            "isosent": "20030226190930",
            "name": "Michael A. Dolan",
            "email": "ked@tbt.com",
            "subject": "Re: And a cold silence filled the room...",
            "id": "5.2.0.9.2.20030226110711.044b3b58@cts.com",
            "charset": "us-ascii",
            "inreplyto": "61F38EE08D2FD511AB270050DA8B6EAF46AD64&#64;mail.rapidtext.com",
            "expires": "-1",
            "to": "\"Timed Text Mailing List (E-mail)\"<public-tt@w3.org>\n"
        },
        {
            "body": "Please also note that EIA 708 is what is required for US digital (whichtunnels 608).  Both standards are available (for purchase) from global.ihs.com.Regards,MikeAt 10:36 AM 2/3/2003 +0100, Thierry MICHEL wrote:>This should help.>http://www.hynixmcu.com/download/app_note/eia608_application_note.pdf>> > -----Message d'origine-----> > De : public-tt-request@w3.org> > [mailto:public-tt-request@w3.org] De la part de Neil Smith> > Envoy? : samedi 1 f?vrier 2003 12:38> > ? : public-tt@w3.org> > Objet : OT : US Broadcast subtitling standard EIA-608 ?> >> >> >> > Hello all> >> > Are there any experts who can point me to a document> > detialing the EIA-608> > caption standard for broadcast captions ?> >> > Also does anybody know or have experience of how / if captioning is> > relevant or implemented for WebTV ?> >> > Cheers,> > Neil Smith.> >> >> >> > ========================================================> > VideoChat with friends online, get Freshly Toasted every> > day at http://www.fresh-toast.net : NetMeeting solutions> > for a connected world.> >> >> >-----------------------------------------------------Michael A. Dolan  TerraByte Technology    (619)445-9070PO Box 1673 Alpine, CA 91903 USA  FAX: (208)545-6564URL:http://www.tbt.com",
            "docno": "lists-022-14540025",
            "received": "Mon Feb  3 21:02:56 2003",
            "isoreceived": "20030204020256",
            "sent": "Mon, 03 Feb 2003 17:26:47 -0800",
            "isosent": "20030204012647",
            "name": "Michael A. Dolan",
            "email": "ked@tbt.com",
            "subject": "RE : OT : US Broadcast subtitling standard EIA-608 ?",
            "id": "5.2.0.9.2.20030203172341.064d7718@cts.com",
            "charset": "iso-8859-1",
            "inreplyto": "030901c2cb67$b518b300$6402010a&#64;wistiti",
            "expires": "-1",
            "to": "<public-tt@w3.org>\n"
        },
        {
            "body": "If exact sync with a frame of video is a requirement, then your clock willhave to be much more precise than you may be thinking - has to do with howanalog television timing works (it's not really 30/25Hz frame rates - thereis an error of 1/1000).  That's one reason why \"time\" in television isactually {time, frame} (aka SMPTE 12M), where time is only to the secondand frame is the frame within the second.  If you don't do this, then atsome point you will indeed get off by one frame.  But if you relax therequirement to +/- 1 frame (way better than is done in practice by the timethe viewer actually sees the text), then simple timelines work fine.  Buton the otherhand, why not permit multiple timelines and avoid theargument?  In addition to SMPTE 12M, there is the new SMPTE ATR.At 08:04 PM 2/11/2003 -0800, lists@wiltgen.net wrote:>Johnb@screen.subtitling.com wrote...>> > FileX is indexed against the timecode that is stored as VBI data on TapeX.> > So unlike SMIL - the media are separate - subtitles in one - video and> > audio on another.>>You can forget about SMIL, although I think that understanding what it is>a useful prerequisite for anyone who wants to contribute.>>Unless I'm missing something, Proposal 0.0 works just the way you would like>-- subtitles in one file, video and audio in another.>> > In practice, the broadcaster will want to show adverts. These can occur> > at **any time** during the broadcast, and may differ from showing to> > showing...>>In my previous post I described how this would work.  (Please let me know>if the explanation didn't make seise.)>> > Subtitles are frame accurate for lip synching.>>I've explained a few times why time (rather than frame-based timecode)>must be used.  As two examples, the TT should still work when taking a>24fps film source to NTSC, or to the web via a QuickTime movie with a>default timebase of 600 units/second whose video content is encoded at>12fps.>> > I can conceive of other situations where the assumption of 1 sec per sec> > is invalid.>>I know you're not serious, but I don't get the joke.>> > ...timebases can always be converted into a single format.>>Exactly, and that single format is time.>>-- Charles Wiltgen>    <http://playbacktime.com/>-----------------------------------------------------Michael A. Dolan  TerraByte Technology    (619)445-9070PO Box 1673 Alpine, CA 91903 USA  FAX: (208)545-6564URL:http://www.tbt.com",
            "docno": "lists-022-15299934",
            "received": "Wed Feb 12 09:11:36 2003",
            "isoreceived": "20030212141136",
            "sent": "Wed, 12 Feb 2003 06:08:17 -0800",
            "isosent": "20030212140817",
            "name": "Michael A. Dolan",
            "email": "ked@tbt.com",
            "subject": "Re: Why use time as a unit of measurement? (was: Proposal 0.0)",
            "id": "5.2.0.9.2.20030212055946.04234e20@cts.com",
            "charset": "us-ascii",
            "inreplyto": "62646.66.127.210.130.1045022646.squirrel&#64;webmail.wiltgen.n et",
            "expires": "-1",
            "to": "<public-tt@w3.org>\n"
        },
        {
            "body": "By request, a text description of the PDF slides posted to this list on 11-Feb:There are 6 slides total that attempt to show the potential problem spacefor \"timed text\".Slide 1 contains the overview of the system showing encoder inputs on theleft side and decoder applications on the right side.  Between the two, andconnecting everything to everything, is a \"cloud\" of the distributionbetween encoding and decoding.  There are two encoders: \"authoringsoftware\" and \"real-time capture\" which feed into the distributioncloud.  The decoder applications that emerge from the cloud are: Internet,DVD, Digital Cinema, Television and Mobile.  Each of these is expanded inthe following 5 slides.Slide 2 expands on the decoder applications for the Internet.  It shows theInternet as 4 specific decoder technologies along with their encodingtechnologies (shown in parenthesis in the list that follows).  They are:Quicktime (Qtext), Real (RealText), Media9 (SAMI),  and Unknown (Time-LinedStatic Media in RTP).Slide 3 expands on the decoder applications for television.  It showsTelevision as 6 specific decoder technologies along with their encodingtechnologies (shown in parenthesis in the list that follows).  They are:NTSC (EIA-608), ATSC (EIT-708), PAL/SECAM (EBU), DVB (EN300-743), ARIBAnalog (?), and ARIB Digital (?).Slide 4 expands on the decoder applications for mobile and lists the onlyknown one: Phones (3GPP).Slide 5 expands on the decoder applications for digital cinema (DC) for thetwo know works in process. They are: SMPTE DC28 and BKSTS/SEKAM.  Both ofthese groups have work in process and no specific technology has beendefined or deployed.Slide 6 expands on the decoder applications for DVD, which includes onlythe worldwide standard for DVD text authoring, using DVD subpictures.Regards,Mike>Date: Tue, 11 Feb 2003 09:05:12 -0800>To: public-tt@w3.org (W3C Public TT)>From: \"Michael A. Dolan\" <miked@tbt.com>>Subject: the scope of the problem>>Attached please find a rough stab at the scope of the \"timed text>problem\", at least as I understand it (which is surely incomplete).>>The first slide shows some author/capture on the left and some general>decoder applications areas on the right.  Subsequent slides show the>existing decoders in each of the application areas (the ones I know about,>anyway).>>I've added interface specifications in italics where I knew what they>were, and \"?\" everywhere I either did not know, or is not defined.  Most>of the \"?\" are opportunities for standardization by this group.>>I think it would be helpful if we can fill this out completely.>>After that, then what problem are we trying to solve, exactly?  It is>highly unlikely that the decoder inputs deployed today will be>replaced.  That is certainly true of television, and perhaps the others.>>         Mike>>----------------------------------------------------->Michael A. Dolan  TerraByte Technology    (619)445-9070>PO Box 1673 Alpine, CA 91903 USA  FAX: (208)545-6564>URL:http://www.tbt.com-----------------------------------------------------Michael A. Dolan  TerraByte Technology    (619)445-9070PO Box 1673 Alpine, CA 91903 USA  FAX: (208)545-6564URL:http://www.tbt.com",
            "docno": "lists-022-15627189",
            "received": "Thu Feb 20 12:59:03 2003",
            "isoreceived": "20030220175903",
            "sent": "Thu, 20 Feb 2003 09:58:04 -0800",
            "isosent": "20030220175804",
            "name": "Michael A. Dolan",
            "email": "ked@tbt.com",
            "subject": "Re: the scope of the problem",
            "id": "5.2.0.9.2.20030220093916.042d8a68@cts.com",
            "charset": "us-ascii",
            "inreplyto": "he scope of the problem",
            "expires": "-1",
            "to": "public-tt@w3.org(W3C Public TT)\n"
        }
    ]
}