{
    "id": "candidate-0017",
    "name": "Simon J. Hernandez",
    "gender": "MALE",
    "email": "simon@w3.org",
    "mails": [
        {
            "body": "Purpose:  Public mailing list for the SWAD-Europe IST-7 EU project[1]. Themailing list is primarily for discussion amongst the project partners,although wider participation from other collaborators and members of theRDF Interest Group is also expected.1.  http://www.w3.org/2001/sw/EU/--Simon J. Hernandez | http://www.w3.org/People/Simon/ | mailto:simon@w3.orgWorld Wide Web Consortium                                http://www.w3.orgMIT Laboratory for Computer Science, 200 Technology Square   Room NE43-340Cambridge, MA 02139 USA       Voice: +1.617.253.2920  Fax: +1.617.258.5999",
            "docno": "lists-015-0565113",
            "received": "Tue Apr 30 17:44:47 2002",
            "isoreceived": "20020430214447",
            "sent": "Tue, 30 Apr 2002 17:44:47 0400 (EDT)",
            "isosent": "20020430214447",
            "name": "Simon J. Hernandez",
            "email": "simon@w3.org",
            "subject": "New list - public-esw  mantained by danbri&#64;w3.org",
            "id": "Pine.LNX.4.30.0204301743180.22777100000@tux.w3.org",
            "charset": "USASCII",
            "expires": "1",
            "to": "<public-esw@w3.org>\n"
        },
        {
            "body": "Maintaining Activity:  HTML Activity[1]",
            "docno": "lists-023-9538758",
            "received": "Wed Aug 27 13:11:54 2003",
            "isoreceived": "20030827171154",
            "sent": "Wed, 27 Aug 2003 13:08:15 -0400 (EDT)",
            "isosent": "20030827170815",
            "name": "Simon J. Hernandez",
            "email": "simon@w3.org",
            "subject": "New Public mailing list - public-web-plugins",
            "id": "Pine.LNX.4.55.0308271301160.7092@homer.w3.org",
            "charset": "US-ASCII",
            "expires": "-1",
            "to": "public-web-plugins@w3.org\n"
        },
        {
            "body": "Maintaining Activity:  Semantic Web Activity[1]Purpose: Discussions of application of Semantic Web to Life Sciencesinformatics.1.  http://www.w3.org/2001/sw/",
            "docno": "lists-021-5882365",
            "received": "Mon Oct 20 17:54:35 2003",
            "isoreceived": "20031020215435",
            "sent": "Mon, 20 Oct 2003 17:48:20 -0400 (EDT)",
            "isosent": "20031020214820",
            "name": "Simon J. Hernandez",
            "email": "simon@w3.org",
            "subject": "New Public mailing list - public-semweb-lifesci",
            "id": "Pine.LNX.4.55.0310201746140.5182@ubzre.j3.bet",
            "charset": "US-ASCII",
            "expires": "-1",
            "to": " public-semweb-lifesci@w3.org\n"
        },
        {
            "body": "Maintaining Activity:  Web Serrvices[1]Purpose: Discussion about introducing attributes in WSDL interfaces.1.  http://www.w3.org/2002/ws/",
            "docno": "lists-027-8231878",
            "received": "Tue May 20 08:49:06 2003",
            "isoreceived": "20030520124906",
            "sent": "Tue, 20 May 2003 08:49:05 -0400 (EDT)",
            "isosent": "20030520124905",
            "name": "Simon J. Hernandez",
            "email": "simon@w3.org",
            "subject": "New Public mailing list - public-ws-desc-state",
            "id": "Pine.LNX.4.30.0305200847370.27623-100000@tux.w3.org",
            "charset": "US-ASCII",
            "expires": "-1",
            "to": "<public-ws-desc-state@w3.org>\n"
        },
        {
            "body": "Simon/Philippe:Will you please add Amy Lewis [alewis@tibco.com] to the list?Also, what is the read/write access policy for this list?  Public read /restricted write?If so, it might be helpful to post a list of the currrent subscribers to thelist so we make sure everyone who has expressed interest in being on the thefeatures/properties task force is included.Don-----Original Message-----From: Simon J. Hernandez [mailto:simon@w3.org]Sent: Thursday, February 06, 2003 10:22 AMSubject: New Public mailing list - public-ws-pnf-tf - maintained byPhilippe Le H?garetMaintaining Activity:  Web Services[1]Purpose: Properties and Features Task Force mailing list.Reference: No referent document.1.  http://www.w3.org/2002/ws/",
            "docno": "lists-027-10126274",
            "received": "Thu Feb  6 10:50:44 2003",
            "isoreceived": "20030206155044",
            "sent": "Thu, 6 Feb 2003 10:44:58 -0500 ",
            "isosent": "20030206154458",
            "name": "Don Mullen",
            "email": "donmullen@tibco.com",
            "subject": "RE: New Public mailing list - public-ws-pnf-tf",
            "id": "339902DC0E58D411986A00B0D03D843201B24C2E@extmail.rtp.tibco.com",
            "charset": "iso-8859-1",
            "inreplyto": "New Public mailing list - public-ws-pnf-tf",
            "expires": "-1",
            "to": " public-ws-pnf-tf@w3.org\n",
            "cc": " Amy Lewis<alewis@tibco.com>\n"
        },
        {
            "body": "text/html attachment: stored",
            "docno": "lists-032-15598933",
            "received": "Tue Nov  5 17:32:44 2002",
            "isoreceived": "20021105223244",
            "sent": "Wed, 06 Nov 2002 06:15:25 -0800",
            "isosent": "20021106141525",
            "name": "1hktd13281m54@netscape.net",
            "email": "1hktd13281m54@netscape.net",
            "subject": "Concerned8                                                              8442uXLj2-949JKUT1145UdHb4-475Nq-30",
            "id": "002e07e82e7e$8577c4c6$0ea08dc1@usmber",
            "charset": "iso-8859-1",
            "expires": "-1",
            "to": "<simon@w3.org>\n",
            "cc": "<site-comments@w3.org>,<smil-editors@w3.org>,<speaking@w3.org>,<spec-prod@w3.org>,<stephane@w3.org>,<steve@w3.org>,<steven@w3.org>,<susan@w3.org>,<svg-comments@w3.org>,<svg-testsuite-comments@w3.org>,<tag@w3.org>,<talk@w3.org>,<ted@w3.org>,<tmichel@w3.org>,<tpregister@w3.org>,<vatton@w3.org>,<vhardy@w3.org>,<vincent.quint@w3.org>\n"
        },
        {
            "body": "Maintaining Activity: Web Services Activity[1]Purpose: Mailing list for the Semantic Web Services Interest Group[2].1.  http://www.w3.org/2002/ws/2.  http://www.w3.org/2002/ws/swsig/",
            "docno": "lists-022-6156147",
            "received": "Wed Oct 22 17:26:36 2003",
            "isoreceived": "20031022212636",
            "sent": "Wed, 22 Oct 2003 17:25:07 -0400 (EDT)",
            "isosent": "20031022212507",
            "name": "Simon J. Hernandez",
            "email": "simon@w3.org",
            "subject": "New Public mailing list - public-sws-ig@w3.org",
            "id": "Pine.LNX.4.55.0310221723190.26245@ubzre.j3.bet",
            "charset": "US-ASCII",
            "expires": "-1",
            "to": " public-sws-ig@w3.org\n"
        },
        {
            "body": "Maintaining Activity:  Interaction[1] > SMIL[2]List Purpose:  Public (by subscription) list for the Timed-Text WG.Reference:  Timed Text Working Group Charter (TTWG)[3]1.  http://www.w3.org/Interaction/2.  http://www.w3.org/AudioVideo/3.  http://www.w3.org/AudioVideo/TT/ttcharter20020901.html",
            "docno": "lists-022-15904654",
            "received": "Sun Jan 19 14:00:57 2003",
            "isoreceived": "20030119190057",
            "sent": "Sun, 19 Jan 2003 13:51:15 -0500 (EST)",
            "isosent": "20030119185115",
            "name": "Simon J. Hernandez",
            "email": "simon@w3.org",
            "subject": "New Public mailing list - public-tt - maintained by Thierry Michel",
            "id": "Pine.LNX.4.30.0301191348380.26016-100000@tux.w3.org",
            "charset": "US-ASCII",
            "expires": "-1",
            "to": "<public-tt@w3.org>\n"
        },
        {
            "body": "Maintaing Activity:  Semantic Web Activity[1]List Purpose:  This list is for project participants and collaborators inthe SWAD-Europe[2] project's work on RDF and Thesaurus systems. This iswork is in support of the Semantic Web Activity[1] at W3C and closelylinked to the discussions of the RDF Interest Group[3].Reference:  SWAD-Europe1.  http://www.w3.org/2001/sw2.  http://www.w3.org/2001/sw/Europe/3.  http://www.w3.org/RDF/Interest/",
            "docno": "lists-014-12850854",
            "received": "Thu Jan 23 18:08:37 2003",
            "isoreceived": "20030123230837",
            "sent": "Thu, 23 Jan 2003 18:08:37 0500 (EST)",
            "isosent": "20030123230837",
            "name": "Simon J. Hernandez",
            "email": "simon@w3.org",
            "subject": "New Public mailing list - public-esw-thes  maintained by Dan Brickley",
            "id": "Pine.LNX.4.30.0301231804340.17333100000@tux.w3.org",
            "charset": "USASCII",
            "expires": "1",
            "to": "<public-esw-thes@w3.org>\n"
        },
        {
            "body": "Maintaining Activity: Web Services Activity[1]Purpose: Public mailing list for comments on Web Services ChoreographyWorking Group[2] documents.1.  http://www.w3.org/2002/ws/2.  http://www.w3.org/2002/ws/chor/",
            "docno": "lists-024-14194243",
            "received": "Fri Mar 28 17:04:45 2003",
            "isoreceived": "20030328220445",
            "sent": "Fri, 28 Mar 2003 16:59:01 -0500 (EST)",
            "isosent": "20030328215901",
            "name": "Simon J. Hernandez",
            "email": "simon@w3.org",
            "subject": "New mailing list - public-ws-chor-comments",
            "id": "Pine.LNX.4.30.0303281657080.32690-100000@tux.w3.org",
            "charset": "US-ASCII",
            "expires": "-1",
            "to": "<public-ws-chor-comments@w3.org>\n"
        },
        {
            "body": "Maintaining Activity:  Web Services Activity[1]Purpose:  Discussion amongst editors of WSCWG specifications, see WebServices Choreography Working Group[2].References:1.  http://www.w3.org/2002/ws/2.  http://www.w3.org/2002/ws/chor/",
            "docno": "lists-024-14681635",
            "received": "Tue Apr 29 01:15:38 2003",
            "isoreceived": "20030429051538",
            "sent": "Tue, 29 Apr 2003 01:04:29 -0400 (EDT)",
            "isosent": "20030429050429",
            "name": "Simon J. Hernandez",
            "email": "simon@w3.org",
            "subject": "New Public mailing list - public-ws-chor-editors",
            "id": "Pine.LNX.4.30.0304290103190.30043-100000@tux.w3.org",
            "charset": "US-ASCII",
            "expires": "-1",
            "to": "<public-ws-chor-editors@w3.org>\n"
        },
        {
            "body": "Purpose: This is the Interest Group's mailing list. It serves for generalprivacy discussions and announcements concerning P3P.1.  http://www.w3.org/Privacy/Activity",
            "docno": "lists-017-9531702",
            "received": "Wed Mar 12 16:29:31 2003",
            "isoreceived": "20030312212931",
            "sent": "Wed, 12 Mar 2003 16:13:49 0500 (EST)",
            "isosent": "20030312211349",
            "name": "Simon J. Hernandez",
            "email": "simon@w3.org",
            "subject": "New Public mailing list - publicp3p",
            "id": "Pine.LNX.4.30.0303121612490.5501100000@tux.w3.org",
            "charset": "USASCII",
            "expires": "1",
            "to": "<public-p3p@w3.org>\n"
        },
        {
            "body": "On Thu, 2003-02-06 at 10:44, Don Mullen wrote:> Simon/Philippe:>> Will you please add Amy Lewis [alewis@tibco.com] to the list?done. I added Amy and Youenn before sending the minutes.> Also, what is the read/write access policy for this list?  Public read /> restricted write?read/write for the public after a short discussion with Jonathan. If wehave troubles, we may change the settings or not repeat the mistake.> If so, it might be helpful to post a list of the currrent subscribers to the> list so we make sure everyone who has expressed interest in being on the the> features/properties task force is included.waiting for the online archive to be fixed before sending a generalannouncement.Philippe",
            "docno": "lists-027-10136232",
            "received": "Thu Feb  6 10:54:40 2003",
            "isoreceived": "20030206155440",
            "sent": "06 Feb 2003 10:54:34 -0500",
            "isosent": "20030206155434",
            "name": "Philippe Le Hegaret",
            "email": "plh@w3.org",
            "subject": "RE: New Public mailing list - public-ws-pnf-tf",
            "id": "1044546874.28615.378.camel@jfouffa.w3.org",
            "inreplyto": "339902DC0E58D411986A00B0D03D843201B24C2E&#64;extmail.rtp.tibco.com",
            "expires": "-1",
            "to": " Don Mullen<donmullen@tibco.com>\n",
            "cc": "\"'Simon J. Hernandez'\"<simon@w3.org>,public-ws-pnf-tf@w3.org, Amy Lewis<alewis@tibco.com>\n"
        },
        {
            "body": "Maintaining Activity: Web Services[1]Purpose:  Discussions around Message Exchange Patterns in WSDL.See:  http://www.w3.org/Mail/ for W3C mailing list and archive usageguidelines.1.  http://www.w3.org/2002/ws/",
            "docno": "lists-027-5133481",
            "received": "Tue Mar 18 15:27:54 2003",
            "isoreceived": "20030318202754",
            "sent": "Tue, 18 Mar 2003 15:07:56 -0500 (EST)",
            "isosent": "20030318200756",
            "name": "Simon J. Hernandez",
            "email": "simon@w3.org",
            "subject": "New Public mailing list - public-ws-desc-meps",
            "id": "Pine.LNX.4.30.0303181502120.28256-100000@tux.w3.org",
            "charset": "US-ASCII",
            "expires": "-1",
            "to": "<public-ws-desc-meps@w3.org>\n"
        },
        {
            "body": "This message is being sent to test whether or not mail is getting to thisarchive.--Simon J. Hernandez | http://www.w3.org/People/Simon/ | mailto:simon@w3.orgWorld Wide Web Consortium                                http://www.w3.orgMIT Laboratory for Computer Science, 200 Technology Square   Room NE43-340Cambridge, MA 02139 USA       Voice: +1.617.253.2920  Fax: +1.617.258.5999",
            "docno": "lists-097-8220307",
            "received": "Thu Dec 21 10:14:08 2000",
            "isoreceived": "20001221151408",
            "sent": "Thu, 21 Dec 2000 10:14:07 -0500 (EST)",
            "isosent": "20001221151407",
            "name": "Simon J. Hernandez",
            "email": "simon@w3.org",
            "subject": "Test of archive - www-archive",
            "id": "Pine.LNX.4.30.0012211013140.7450-100000@tux.w3.org",
            "charset": "US-ASCII",
            "expires": "-1",
            "to": "<www-archive@w3.org>\n",
            "cc": " Simon Hernandez<simon@w3.org>\n"
        },
        {
            "body": "Public mailing list for comments on Web Services Description Working Groupdocuments[1].1.  http://www.w3.org/2002/ws/desc--Simon J. Hernandez | http://www.w3.org/People/Simon/ | mailto:simon@w3.orgWorld Wide Web Consortium                                http://www.w3.orgMIT Laboratory for Computer Science, 200 Technology Square   Room NE43-340Cambridge, MA 02139 USA       Voice: +1.617.253.2920  Fax: +1.617.258.5999",
            "docno": "lists-026-13455625",
            "received": "Tue Apr 23 17:13:58 2002",
            "isoreceived": "20020423211358",
            "sent": "Tue, 23 Apr 2002 17:13:57 -0400 (EDT)",
            "isosent": "20020423211357",
            "name": "Simon J. Hernandez",
            "email": "simon@w3.org",
            "subject": "New Public list - public-ws-desc-comments - maintained by plehegar&#64;w3.org",
            "id": "Pine.LNX.4.30.0204231712250.3843-100000@tux.w3.org",
            "charset": "US-ASCII",
            "expires": "-1",
            "to": "<public-ws-desc-comments@w3.org>\n"
        },
        {
            "body": "Hi,yes this could be a good start.Abbie> -----Original Message-----> From: Edgar, Gerald [mailto:gerald.edgar@boeing.com]> Sent: Thursday, March 13, 2003 11:19 AM> To: public-wsawg-security-tf@w3.org> Subject: public-wsawg-security-tf - where to start>>>> Do we want to start by recapping what existing efforts are> trying to address security as applied to web services? This> could include OASIS efforts (SAML and XACML), W3C> (XML-signature and XML-encryption) and others..>> Gerald W. Edgar, CISSP <gerald.edgar@boeing.com>> Architecture support, BCA IS Architecture> 206-544-5300>> Mailing address:> The Boeing Company, M/S 2R-91> PO Box 3707, Seattle, WA 98124-2207> USA>> Opinions expressed in this note may not reflect those of the> Boeing Company.>> -----Original Message-----> From: Simon J. Hernandez [mailto:simon@w3.org]> Sent: Wednesday, March 12, 2003 13:09> To: public-wsawg-security-tf@w3.org> Subject: New Public mailing list - public-wsawg-security-tf>>>>>> Purpose: Mailing list used by the Web Services[1]> Architecture Working Group's security task force.>>> 1.  http://www.w3.org/2002/ws/arch>>>",
            "docno": "lists-027-12447311",
            "received": "Thu Mar 13 11:25:14 2003",
            "isoreceived": "20030313162514",
            "sent": "Thu, 13 Mar 2003 11:24:54 -0500",
            "isosent": "20030313162454",
            "name": "Abbie Barbir",
            "email": "bbieb@nortelnetworks.com",
            "subject": "RE: public-wsawg-security-tf - where to start",
            "id": "87609AFB433BD5118D5E0002A52CD754051ED1DA@zcard0k6.ca.nortel.com",
            "inreplyto": "ublic-wsawg-security-tf - where to start",
            "expires": "-1",
            "to": "\"Edgar, Gerald\"<gerald.edgar@boeing.com>,public-wsawg-security-tf@w3.org\n"
        },
        {
            "body": "Purpose:  Mailing list used by the Web Services[1] Architecture WorkingGroup to work on glossary definition proposals.1.  http://www.w3.org/2002/ws/arch",
            "docno": "lists-027-11662240",
            "received": "Wed Mar 12 16:11:07 2003",
            "isoreceived": "20030312211107",
            "sent": "Wed, 12 Mar 2003 16:11:07 -0500 (EST)",
            "isosent": "20030312211107",
            "name": "Simon J. Hernandez",
            "email": "simon@w3.org",
            "subject": "New Public mailing list - public-wsawg-gloss",
            "id": "Pine.LNX.4.30.0303121608570.5501-100000@tux.w3.org",
            "charset": "US-ASCII",
            "expires": "-1",
            "to": "<public-wsawg-gloss@w3.org>\n"
        },
        {
            "body": "Hi Jimmy, Susan.On Sun, 15 Jun 2003, Susan Lesch wrote:> Jimmy Cerra wrote:>> >I checked the list W3C mailing list, and there seems to be a few> >inactive test emails.  Unfortunately, they don't seem to accept incoming> >email any more.> >> >>  All W3C mailing lists are archived with literal characters, in other> >>  words markup will show.This does not seem to be the case.  Mail sent as text/html gets storedapart from the header, as a text/html attachment, which, when selectedfrom the archive post, is rendered as expected.  HTML-formatted mail willnot appear within the body of the archive post in the archives.> >However, URLs seem to be changed into hyperlinks (although the software> >sometimes makes annoying mistakes).Yes, this is true, and I am not sure in which cases it happens.  Itappears that some characters in URLs cause funky things to happen whenthey get converted into hyperlinks by Hypermail.  Fortunately, thisdoesn't happen too often.> >The information on mailing list> >format, such as mime-types accepted (text/plain, text/html,> >application/xml...),[I am responding to this statement in a segmented way, please bear withme.]If the note is tagged as text/html by the mailer, it will get treated likeany other MIME format that is not text/plain, and stored as an attachmentin the archives by our archiving software, in which case you can use anyfont/format you like.You may send various MIME-typed data to the archives, but, as noted, itwill not be presented in the body of the archive post.It is possible, though, to embed XML or other coded segments in atext/plain message, and they normally get rendered as you would expect inthe body of the message.  It is really only those messages that aremessage that encounter the condition noted above.> >font/markup, line length, and others, really should> >be added as a note on the main page [1].I don't quite agree with this statement.  While some mailers, and ISPslike AOL, Hotmail, Yahoo, have made the usage of markup in the body ofmessages a feature to be used in conjunction with their hosted services,that is not the standard case.  In our archives, features such as font andmarkup are irrelevant since anything that is not text/plain, will getstored as an attachment.As for line length, we do not have a policy for this.  It is expected thatyou would use a readable format for your posts.  Anything exceeding 72characters long may be a bit tedious for some to read.> Simon, do you think a note could be added to [1] explaining how W3C> archives treat incoming URIs (see the original question, too at [2])?I am not certain why this is necessary.  I don't disagree it would behelpful, I am just not clear why it is needed.  A URI gets posted in anote and gets rendered as a literal string, which, happily, because wehappen to use Hypermail, gets converted to a hyperlink.  What is theamibiguity that would be cleared up by a note?  (Again, I am not trying tobe contentious or difficult, I just don't understand the ambiguity.)> [1] http://www.w3.org/Mail/> [2] http://lists.w3.org/Archives/Public/site-comments/2003Jun/thread.html#14>> >One other question:  What's the line length, then?>> The incoming line length is preserved in W3C archives. (Again, copying> Gerald Oskoboiny in case I make a mistake there.)I believe this is correct.  If you use a mailer that does not use linewrapping, you will have 1-line paragraphs.Simona.  ftp://ftp.rfc-editor.org/in-notes/rfc2822.txt--Simon J. Hernandez    |    http://people.w3.org/simon/    |   simon@w3.orgWorld Wide Web Consortium (W3C)                          http://www.w3.orgMIT Laboratory for Computer Science    200 Technology Square      NE43-340Cambridge, MA 02139-3579 USA  Voice: +1.617.253.2920  Fax: +1.617.258.5999",
            "docno": "lists-028-13690457",
            "received": "Wed Jun 18 16:08:48 2003",
            "isoreceived": "20030618200848",
            "sent": "Wed, 18 Jun 2003 16:04:52 -0400 (EDT)",
            "isosent": "20030618200452",
            "name": "Simon J. Hernandez",
            "email": "simon@w3.org",
            "subject": "RE: Where can I send test emails? [Response: simon &gt; jimbobbs&#64;hotmail.com+lesch  - general comments/clarification]",
            "id": "entified as text/html or some mixture comprising a multipart bounded",
            "charset": "US-ASCII",
            "inreplyto": "05111b04bb12b3f8572b&#64;[192.168.123.158]",
            "expires": "-1",
            "to": " Susan Lesch<lesch@w3.org>\n",
            "cc": "<jimbobbs@hotmail.com>,<site-comments@w3.org>,<gerald@w3.org>\n"
        },
        {
            "body": "Do we want to start by recapping what existing efforts are trying to address security as applied to web services? This could include OASIS efforts (SAML and XACML), W3C (XML-signature and XML-encryption) and others..Gerald W. Edgar, CISSP <gerald.edgar@boeing.com>Architecture support, BCA IS Architecture206-544-5300Mailing address:The Boeing Company, M/S 2R-91PO Box 3707, Seattle, WA 98124-2207USAOpinions expressed in this note may not reflect those of the Boeing Company.-----Original Message-----From: Simon J. Hernandez [mailto:simon@w3.org]Sent: Wednesday, March 12, 2003 13:09Subject: New Public mailing list - public-wsawg-security-tfPurpose: Mailing list used by the Web Services[1] Architecture WorkingGroup's security task force.1.  http://www.w3.org/2002/ws/arch",
            "docno": "lists-027-12437364",
            "received": "Thu Mar 13 11:19:29 2003",
            "isoreceived": "20030313161929",
            "sent": "Thu, 13 Mar 2003 08:19:15 -0800",
            "isosent": "20030313161915",
            "name": "Edgar, Gerald",
            "email": "gerald.edgar@boeing.com",
            "subject": "public-wsawg-security-tf - where to start",
            "id": "8339F9648FAF6647A84C43F0CEE730C0FF9B1D@xch-nw-26.nw.nos.boeing.com",
            "charset": "iso-8859-1",
            "expires": "-1",
            "to": " public-wsawg-security-tf@w3.org\n"
        },
        {
            "body": "Maintaining Activity:  Graphics[1]Purpose:  Topics and feedback related to the SVG Print specification.1.  http://www.w3.org/Graphics/Activity",
            "docno": "lists-021-6443387",
            "received": "Fri Feb 14 15:25:56 2003",
            "isoreceived": "20030214202556",
            "sent": "Fri, 14 Feb 2003 15:18:26 -0500 (EST)",
            "isosent": "20030214201826",
            "name": "Simon J. Hernandez",
            "email": "simon@w3.org",
            "subject": "New Public mailing list - public-svg-print - miantained by Dean  Jackson",
            "id": "Pine.LNX.4.30.0302141512190.1548-100000@tux.w3.org",
            "charset": "US-ASCII",
            "expires": "-1",
            "to": "<public-svg-print@w3.org>\n"
        },
        {
            "body": "Purpose: [F]eedback on specs produced by the WebOnt WG.--Simon J. Hernandez | http://www.w3.org/People/Simon/ | mailto:simon@w3.orgWorld Wide Web Consortium                                http://www.w3.orgMIT Laboratory for Computer Science, 200 Technology Square   Room NE43-340Cambridge, MA 02139 USA       Voice: +1.617.253.2920  Fax: +1.617.258.5999",
            "docno": "lists-024-5231794",
            "received": "Thu Mar  7 13:41:26 2002",
            "isoreceived": "20020307184126",
            "sent": "Thu, 7 Mar 2002 13:41:25 -0500 (EST)",
            "isosent": "20020307184125",
            "name": "Simon J. Hernandez",
            "email": "simon@w3.org",
            "subject": "New list - public-webont-comments - maintained by sandro&#64;w3.org",
            "id": "Pine.LNX.4.30.0203071340460.30481-100000@tux.w3.org",
            "charset": "US-ASCII",
            "expires": "-1",
            "to": "<public-webont-comments@w3.org>\n"
        },
        {
            "body": "Maintaing Activity:  Document Formats[1]Purpose:  This list is for coordinating the development of test suites forthe various CSS-related specifications. See CSS test suites[2] for moreinformation. To post to this list, you must be subscribed. See the W3CMailing List Administrativia[3] for instructions.Reference:  CSS test suites[2]1.  http://www.w3.org/DF/2.  http://www.w3.org/Style/CSS/Test/3.  http://www.w3.org/Mail/Request",
            "docno": "lists-014-10211843",
            "received": "Fri Nov 15 17:37:04 2002",
            "isoreceived": "20021115223704",
            "sent": "Fri, 15 Nov 2002 17:35:37 0500 (EST)",
            "isosent": "20021115223537",
            "name": "Simon J. Hernandez",
            "email": "simon@w3.org",
            "subject": "New Public mailing list - public-css-testsuite  maintained by Bert  Bos",
            "id": "Pine.LNX.4.30.0211151730490.23183100000@tux.w3.org",
            "charset": "USASCII",
            "expires": "1",
            "to": "<public-css-testsuite@w3.org>\n"
        },
        {
            "body": "Purpose: This is a public mailing list for Device Independence activityand WG.  Sooner or later, DI WG will produce WDs.  This mailing is used togather public review comments.--Simon J. Hernandez | http://www.w3.org/People/Simon/ | mailto:simon@w3.orgWorld Wide Web Consortium                                http://www.w3.orgMIT Laboratory for Computer Science, 200 Technology Square   Room NE43-340Cambridge, MA 02139 USA       Voice: +1.617.253.2920  Fax: +1.617.258.5999",
            "docno": "lists-100-3447437",
            "received": "Fri Aug 10 18:49:14 2001",
            "isoreceived": "20010810224914",
            "sent": "Fri, 10 Aug 2001 18:49:15 -0400 (EDT)",
            "isosent": "20010810224915",
            "name": "Simon J. Hernandez",
            "email": "simon@w3.org",
            "subject": "New list - www-di - maintained by kaz&#64;w3.org",
            "id": "Pine.LNX.4.30.0108101848270.30290-100000@tux.w3.org",
            "charset": "US-ASCII",
            "expires": "-1",
            "to": "<www-di@w3.org>\n"
        },
        {
            "body": "Purpose: A public forum for duscussion of the XML test suite.--Simon J. Hernandez | http://www.w3.org/People/Simon/ | mailto:simon@w3.orgWorld Wide Web Consortium                                http://www.w3.orgMIT Laboratory for Computer Science, 200 Technology Square   Room NE43-340Cambridge, MA 02139 USA       Voice: +1.617.253.2920  Fax: +1.617.258.5999",
            "docno": "lists-027-13836445",
            "received": "Tue Mar 19 11:57:42 2002",
            "isoreceived": "20020319165742",
            "sent": "Tue, 19 Mar 2002 11:57:41 -0500 (EST)",
            "isosent": "20020319165741",
            "name": "Simon J. Hernandez",
            "email": "simon@w3.org",
            "subject": "New list - public-xml-testsuite - maintained by liam&#64;w3.org",
            "id": "Pine.LNX.4.30.0203191154160.22283-100000@tux.w3.org",
            "charset": "US-ASCII",
            "expires": "-1",
            "to": "<public-xml-testsuite@w3.org>\n"
        },
        {
            "body": "Maintaining Activity:  Quality Assurance [1]Purpose:  Public discussion forum for the W3C Glossary project[2].1.  http://www.w3.org/QA/2.  http://www.w3.org/QA/2003/01/Glossary",
            "docno": "lists-015-13526589",
            "received": "Wed Mar 19 11:15:44 2003",
            "isoreceived": "20030319161544",
            "sent": "Wed, 19 Mar 2003 11:12:59 0500 (EST)",
            "isosent": "20030319161259",
            "name": "Simon J. Hernandez",
            "email": "simon@w3.org",
            "subject": "New Public mailing list  public glossary",
            "id": "Pine.LNX.4.30.0303191110330.9141100000@tux.w3.org",
            "charset": "USASCII",
            "expires": "1",
            "to": "<public-glossary@w3.org>\n"
        },
        {
            "body": "Maintaining Activity: Internationalization[1]Purpose:  Web Services Task Force[2] of the Internationalization[1]Working Group[3].Reference:  http://www.w3.org/International/ws1.  http://www.w3.org/International2.  http://www.w3.org/International/ws3.  http://www.w3.org/International/Group",
            "docno": "lists-016-8896558",
            "received": "Mon Sep 30 18:25:53 2002",
            "isoreceived": "20020930222553",
            "sent": "Mon, 30 Sep 2002 18:24:03 0400 (EDT)",
            "isosent": "20020930222403",
            "name": "Simon J. Hernandez",
            "email": "simon@w3.org",
            "subject": "New Public list - public-i18n-ws  maintained by Martin Duerst",
            "id": "Pine.LNX.4.30.0209301819410.25838100000@tux.w3.org",
            "charset": "USASCII",
            "expires": "1",
            "to": "<public-i18n-ws@w3.org>\n"
        },
        {
            "body": "Maintaining Activity:  XForms[1]Purpose:  XForms testsuite feedback.Reference:  XForms 1.0 Test Suite[2]1.  http://www.w3.org/MarkUp/Forms/2.  http://www.w3.org/MarkUp/Forms/Test/",
            "docno": "lists-015-12931955",
            "received": "Fri Feb 14 15:21:25 2003",
            "isoreceived": "20030214202125",
            "sent": "Fri, 14 Feb 2003 15:21:25 0500 (EST)",
            "isosent": "20030214202125",
            "name": "Simon J. Hernandez",
            "email": "simon@w3.org",
            "subject": "New Public mailing list - public-forms-testsuite  maintained by  Thierry Michel",
            "id": "Pine.LNX.4.30.0302141518290.6287100000@tux.w3.org",
            "charset": "USASCII",
            "expires": "1",
            "to": "<public-forms-testsuite@w3.org>\n"
        },
        {
            "body": "text/html attachment: stored",
            "docno": "lists-033-6132334",
            "received": "Sat Sep  7 02:58:53 2002",
            "isoreceived": "20020907065853",
            "sent": "Sat, 07 Sep 2002 07:56:46 -0100",
            "isosent": "20020907085646",
            "name": "directshopping@yahoo.com",
            "email": "directshopping@yahoo.com",
            "subject": "A Stimulating Sensual Lubricant For Women",
            "id": "011b77a32e1c$8586b0a6$0ac54de0@lqomai",
            "charset": "iso-8859-1",
            "expires": "-1",
            "to": "<josiane@w3.org>\n",
            "cc": "<kahan@w3.org>,<kotok@w3.org>,<laurent@w3.org>,<lesch@w3.org>,<marisol@w3.org>,<simon@w3.org>,<site-comments@w3.org>,<site-policy@w3.org>,<speaking@w3.org>,<spec-prod@w3.org>,<steve@w3.org>,<steven@w3.org>,<susan@w3.org>,<svg-comments@w3.org>,<svg-testsuite-comments@w3.org>,<swick@w3.org>,<ted@w3.org>,<timbl@w3.org>,<tmichel@w3.org>,<uri@w3.org>,<vatton@w3.org>,<veillard@w3.org>,<vhardy@w3.org>,<w3c-announce@w3.org>,<w3c-announce-request@w3.org>,<w3c-dist-auth@w3.org>,<w3c-html-wg@w3.org>,<w3c-ietf-xmldsig@w3.org>,<w3c-ietf-xmldsig-request@w3.org>,<w3c-math-wg@w3.org>,<w3c-mobile-ig@w3.org>,<w3c-ql@w3.org>,<w3c-translators@w3.org>,<w3c-translators-request@w3.org>,<w3c-wai-au@w3.org>,<w3c-wai-er-ig@w3.org>,<w3c-wai-gl@w3.org>,<w3c-wai-ig@w3.org>,<w3c-wai-ua@w3.org>,<w3c-wai-wcag-review@w3.org>\n"
        },
        {
            "body": "FYI.  Note that, essentially, w3c mail services are unlikely to beaffected for pretty much the whole of the day of 28th dec. (meaning'day' in terms of the East Coast US time zone).RI============Richard IshidaW3Ctel: +44 1753 480 292http://www.w3.org/International/http://www.w3.org/People/Ishida/-----Original Message-----From: w3t-request@w3.org [mailto:w3t-request@w3.org] On Behalf Of SimonJ. HernandezSent: 13 December 2002 15:46Subject: [Important MIT Systems Notice] Power outage Dec. 28th (fwd)We have received the final date and times for the planned power outageon 28 Dec 2002.Pending discussion, it is likely the power outage may occur on theevening prior to the scheduled power shutdown.Please make note, list, and mail services, as well as write access tothe site will be suspended during the power outage.Simon---------- Forwarded message ----------Date: Fri, 13 Dec 2002 09:32:48 -0500From: M. A. Ladd <ladd@lcs.mit.edu>Subject: Power outage Dec. 28thResent-Date: Fri, 13 Dec 2002 09:49:21 -0500Resent-From: ladd@lcs.mit.eduResent-To: all-lcs@lcs.mit.eduAt a meeting this morning the schedule for the power outage on Dec. 28thwas detailed and currently is as follows:0500 NE43 closed to non-essential personnel0700 Building power shutdown1800 Approximate time for power-upHopefully, we can have the building reopened to everyone two hours afterthe power is restored.This work will put us back onto the tranformers near Main St. and theplan is for the building to remain on those transformers until *after*we move to Stata.Mary Ann---------- End Forwarded message ------------Simon J. Hernandez    |    http://people.w3.org/simon/    |simon@w3.orgWorld Wide Web Consortium (W3C)http://www.w3.orgMIT Laboratory for Computer Science    200 Technology SquareNE43-340Cambridge, MA 02139-3579 USA  Voice: +1.617.253.2920  Fax:+1.617.258.5999",
            "docno": "lists-015-14125247",
            "received": "Fri Dec 13 11:00:46 2002",
            "isoreceived": "20021213160046",
            "sent": "Fri, 13 Dec 2002 16:00:25 0000",
            "isosent": "20021213160025",
            "name": "Richard Ishida",
            "email": "shida@w3.org",
            "subject": "FW: [Important MIT Systems Notice] Power outage Dec. 28th (fwd)",
            "id": "002b01c2a2c0$c0537270$d901000a@w3c40upc3ma3j2",
            "charset": "usascii",
            "inreplyto": "[Important MIT Systems Notice] Power outage Dec. 28th (fwd)",
            "expires": "1",
            "to": " all-lcs@lcs.mit.edu\n"
        },
        {
            "body": "Maintaining Activity:  XMLPurpose:  Comments on XML Binary Characterization WG published documentsReference:  XML Binary Characterization Working Group Charter1.  http://www.w3.org/XML/Activity2.  http://www.w3.org/2003/09/xmlap/xml-binary-wg-charter.html",
            "docno": "lists-027-12700903",
            "received": "Thu Apr 22 21:12:51 2004",
            "isoreceived": "20040423011251",
            "sent": "Thu, 22 Apr 2004 18:23:00 -0400 (EDT)",
            "isosent": "20040422222300",
            "name": "Simon J. Hernandez",
            "email": "simon@w3.org",
            "subject": "New Public Mailing List - public-xml-binary-comments",
            "id": "Pine.LNX.4.55.0404221818380.20366@ubzre.j3.bet",
            "charset": "US-ASCII",
            "expires": "-1",
            "to": "public-xml-binary-comments@w3.org\n"
        },
        {
            "body": "Maintaining Activity:  Semantic Web[1]Purpose:  For preliminary/chartering discussion on work concerning the\"social meaning\" of RDF and URIs, aimed at being a task force of theSemantic Web Coordination Group.1.  http://www.w3.org/2001/sw/",
            "docno": "lists-021-7341286",
            "received": "Fri May 30 22:23:48 2003",
            "isoreceived": "20030531022348",
            "sent": "Fri, 30 May 2003 22:17:32 -0400 (EDT)",
            "isosent": "20030531021732",
            "name": "Simon J. Hernandez",
            "email": "simon@w3.org",
            "subject": "New Public mailing list - public-sw-meaning",
            "id": "Pine.LNX.4.30.0305302215210.18450-100000@tux.w3.org",
            "charset": "US-ASCII",
            "expires": "-1",
            "to": "<public-sw-meaning@w3.org>\n"
        },
        {
            "body": "[Disregard my last message[1] stating this was w3t-formal-assertion-testbed.I had inadvertently made this a Team vs. Public list.  simon]Purpose:ListPurpose: Email sent to this list will be deemed tocontain true statements in some formallanguage (embedded in the text with XML).Semantic Web agents can subscribe to the listor read the archives to get some grist forprocessing.The expectation is that e-mails sent here willbe fairly small, containing mostly pointers tolarge knowledge bases, or be normal text messageswhich happen to contain some formal part andare CC'd to this list1.  http://lists.w3.org/Archives/Team/w3t-formal-assertion-testbed/2001Mar/0000.html--Simon J. Hernandez | http://www.w3.org/People/Simon/ | mailto:simon@w3.orgWorld Wide Web Consortium                                http://www.w3.orgMIT Laboratory for Computer Science, 200 Technology Square   Room NE43-340Cambridge, MA 02139 USA       Voice: +1.617.253.2920  Fax: +1.617.258.5999",
            "docno": "lists-042-15652691",
            "received": "Mon Mar 12 10:54:07 2001",
            "isoreceived": "20010312155407",
            "sent": "Mon, 12 Mar 2001 10:54:07 -0500 (EST)",
            "isosent": "20010312155407",
            "name": "Simon J. Hernandez",
            "email": "simon@w3.org",
            "subject": "New list -  w3c-formal-assertion-testbed - maintained by sandro&#64;w3.org",
            "id": "Pine.LNX.4.30.0103121050570.24593-100000@tux.w3.org",
            "charset": "US-ASCII",
            "expires": "-1",
            "to": "<w3c-formal-assertion-testbed@w3.org>\n"
        },
        {
            "body": "FYI============Richard IshidaW3Ctel: +44 1753 480 292http://www.w3.org/International/http://www.w3.org/People/Ishida/-----Original Message-----From: w3t-request@w3.org [mailto:w3t-request@w3.org] On Behalf Of SimonJ. HernandezSent: 08 July 2003 16:28Subject: Re: URGENT Issue Report: mailing list archives > not updating -repair deferred until 2003.07.09Hi Team.There has been an unfortunate incident that has resulted in thedisabling of the archive updating mechanism.<snip>The immediate concern, getting the archives back to normal functioning,will occur hopefully sometime tomorrow.  Until then, apprise your WGs,and anyone, else who uses the archives, that new messages stoppedarchiving during the morning of 8 July.  New messages will not bearchived until the fixes are in place.  Previous archives won't beaffected.This should be a short-term problem, and it is expected that once theservice is restored all mail sent to the archives will appear as normal.The WAI enhancements are expected to be deployed in early August.Simon--Simon J. Hernandez    |    http://people.w3.org/simon/    |simon@w3.orgWorld Wide Web Consortium (W3C)http://www.w3.orgMIT Laboratory for Computer Science    200 Technology SquareNE43-340Cambridge, MA 02139-3579 USA  Voice: +1.617.253.2920  Fax:+1.617.258.5999",
            "docno": "lists-016-10623879",
            "received": "Tue Jul  8 11:44:11 2003",
            "isoreceived": "20030708154411",
            "sent": "Tue, 8 Jul 2003 16:43:36 +0100",
            "isosent": "20030708154336",
            "name": "Richard Ishida",
            "email": "shida@w3.org",
            "subject": "FW: URGENT Issue Report: mailing list archives &gt; not updating   repair deferred until 2003.07.09",
            "id": "004a01c34567$b291bf30$ec01000a@w3c40upc3ma3j2",
            "charset": "usascii",
            "inreplyto": "URGENT Issue Report: mailing list archives &gt; not updating   repair deferred until 2003.07.09",
            "expires": "1",
            "to": " w3t@w3.org\n"
        },
        {
            "body": "Purpose:Public DOM mailing list for the development of the test suite.--Simon J. Hernandez | http://www.w3.org/People/Simon/ | mailto:simon@w3.orgWorld Wide Web Consortium                                http://www.w3.orgMIT Laboratory for Computer Science, 200 Technology Square   Room NE43-340Cambridge, MA 02139 USA       Voice: +1.617.253.2920  Fax: +1.617.258.5999",
            "docno": "lists-100-15184585",
            "received": "Fri Feb 23 10:10:39 2001",
            "isoreceived": "20010223151039",
            "sent": "Fri, 23 Feb 2001 10:10:38 -0500 (EST)",
            "isosent": "20010223151038",
            "name": "Simon J. Hernandez",
            "email": "simon@w3.org",
            "subject": "New list - www-dom-ts - maintained by plehegar&#64;w3.org",
            "id": "Pine.LNX.4.30.0102231009310.21760-100000@tux.w3.org",
            "charset": "US-ASCII",
            "expires": "-1",
            "to": "<www-dom-ts@w3.org>\n"
        },
        {
            "body": "Purpose:  Public coordination group for the ongoing work in the area ofUniform Resource Identifiers (URIs)1.  http://www.w3.org/2001/12/URI/charter--Simon J. Hernandez | http://www.w3.org/People/Simon/ | mailto:simon@w3.orgWorld Wide Web Consortium                                http://www.w3.orgMIT Laboratory for Computer Science, 200 Technology Square   Room NE43-340Cambridge, MA 02139 USA       Voice: +1.617.253.2920  Fax: +1.617.258.5999",
            "docno": "lists-023-1740603",
            "received": "Tue Apr 30 18:37:54 2002",
            "isoreceived": "20020430223754",
            "sent": "Tue, 30 Apr 2002 18:37:54 -0400 (EDT)",
            "isosent": "20020430223754",
            "name": "Simon J. Hernandez",
            "email": "simon@w3.org",
            "subject": "New list - public-uri-cg - maintained by duerst&#64;w3.org",
            "id": "Pine.LNX.4.30.0204301836530.29116-100000@tux.w3.org",
            "charset": "US-ASCII",
            "expires": "-1",
            "to": "<public-uri-cg@w3.org>\n"
        },
        {
            "body": "FYI============Richard IshidaW3Ctel: +44 1753 480 292http://www.w3.org/International/http://www.w3.org/People/Ishida/-----Original Message-----From: w3t-request@w3.org [mailto:w3t-request@w3.org] On Behalf Of SimonJ. HernandezSent: 08 July 2003 16:28Subject: Re: URGENT Issue Report: mailing list archives > not updating -repair deferred until 2003.07.09Hi Team.There has been an unfortunate incident that has resulted in thedisabling of the archive updating mechanism.<snip>The immediate concern, getting the archives back to normal functioning,will occur hopefully sometime tomorrow.  Until then, apprise your WGs,and anyone, else who uses the archives, that new messages stoppedarchiving during the morning of 8 July.  New messages will not bearchived until the fixes are in place.  Previous archives won't beaffected.This should be a short-term problem, and it is expected that once theservice is restored all mail sent to the archives will appear as normal.The WAI enhancements are expected to be deployed in early August.Simon--Simon J. Hernandez    |    http://people.w3.org/simon/    |simon@w3.orgWorld Wide Web Consortium (W3C)http://www.w3.orgMIT Laboratory for Computer Science    200 Technology SquareNE43-340Cambridge, MA 02139-3579 USA  Voice: +1.617.253.2920  Fax:+1.617.258.5999",
            "docno": "lists-016-0808126",
            "received": "Tue Jul  8 11:44:11 2003",
            "isoreceived": "20030708154411",
            "sent": "Tue, 8 Jul 2003 16:43:36 +0100",
            "isosent": "20030708154336",
            "name": "Richard Ishida",
            "email": "shida@w3.org",
            "subject": "FW: URGENT Issue Report: mailing list archives &gt; not updating   repair deferred until 2003.07.09",
            "id": "004a01c34567$b291bf30$ec01000a@w3c40upc3ma3j2",
            "charset": "usascii",
            "inreplyto": "URGENT Issue Report: mailing list archives &gt; not updating   repair deferred until 2003.07.09",
            "expires": "1",
            "to": " w3t@w3.org\n"
        },
        {
            "body": "Maintaining Activity:  TAG[1]Purpose:  This list is used for announcements from the TAG of minutes,meeting summaries, findings, new issues, resolved issues, and drafts ofarchitecture documents. This list is publicly readable but writable onlyby the Team.The TAG carries out its technical work on the list www-tag@w3.org[2].1.  http://www.w3.org/2001/tag/2.  http://lists.w3.org/Archives/Public/www-tag/",
            "docno": "lists-022-12029524",
            "received": "Tue Mar 18 15:26:24 2003",
            "isoreceived": "20030318202624",
            "sent": "Tue, 18 Mar 2003 15:16:26 -0500 (EST)",
            "isosent": "20030318201626",
            "name": "Simon J. Hernandez",
            "email": "simon@w3.org",
            "subject": "New Public mailing list - public-tag-announce",
            "id": "Pine.LNX.4.30.0303181511260.28256-100000@tux.w3.org",
            "charset": "US-ASCII",
            "expires": "-1",
            "to": "<public-tag-announce@w3.org>\n"
        },
        {
            "body": "Maintaining Activity:  Semantic Web CG[1] and HTML WG[2]Purpose:The task of the RDF in XHTML Taskforce is to:State requirements for representing metadata in RDF within anXHTML document.Evaluate proposed solutions against those requirements.Recommend to the HTML CG and the SW CG how to proceed to achieve acommon, widely accepted way of representing RDF metadata within anXHMTL document.The task force is expected to report 2 months after it begins. Discussionsof the task force will be public. The chair of the task force is JosephReagle. Membership of the task force is open to all those interested infacilitating the above tasks.1.  http://www.w3.org/2001/sw/CG/2.  http://www.w3.org/MarkUp/Group/",
            "docno": "lists-021-1941518",
            "received": "Tue May 20 08:54:41 2003",
            "isoreceived": "20030520125441",
            "sent": "Tue, 20 May 2003 08:54:39 -0400 (EDT)",
            "isosent": "20030520125439",
            "name": "Simon J. Hernandez",
            "email": "simon@w3.org",
            "subject": "New Public mailing list - public-rdf-in-xhtml-tf",
            "id": "Pine.LNX.4.30.0305200849250.27623-100000@tux.w3.org",
            "charset": "US-ASCII",
            "expires": "-1",
            "to": "<public-rdf-in-xhtml-tf@w3.org>\n"
        },
        {
            "body": "Maintaining Activity:  Web ServicesPurpose: Editorial discussions about the refactoring of the Web ServicesArchitecture document.Reference:  No referent document.1.  http://www.w3.org/2002/ws/",
            "docno": "lists-027-11432158",
            "received": "Wed Feb 26 17:39:28 2003",
            "isoreceived": "20030226223928",
            "sent": "Wed, 26 Feb 2003 17:34:54 -0500 (EST)",
            "isosent": "20030226223454",
            "name": "Simon J. Hernandez",
            "email": "simon@w3.org",
            "subject": "New Public mailing list - public-wsa-refact - maintained by Hugo  Haas",
            "id": "Pine.LNX.4.30.0302261729380.28177-100000@tux.w3.org",
            "charset": "US-ASCII",
            "expires": "-1",
            "to": "<public-wsa-refact@w3.org>\n"
        },
        {
            "body": "Public mailing list for discussion on compound documents and componentextensions, and how to integrate various specifications produced by theDocument Formats and Interaction domains.1.  http://www.w3.org/DF/2.  http://www.w3.org/Interaction/--Simon J. Hernandez    |    http://people.w3.org/simon/    |   simon@w3.orgWorld Wide Web Consortium (W3C)                          http://www.w3.orgMIT Laboratory for Computer Science    200 Technology Square      NE43-340Cambridge, MA 02139-3579 USA  Voice: +1.617.253.2920  Fax: +1.617.258.5999",
            "docno": "lists-014-9839889",
            "received": "Mon May 20 09:54:09 2002",
            "isoreceived": "20020520135409",
            "sent": "Mon, 20 May 2002 09:54:09 0400 (EDT)",
            "isosent": "20020520135409",
            "name": "Simon J. Hernandez",
            "email": "simon@w3.org",
            "subject": "New Public list - public-compound-documents  maintained by plh&#64;w3.org",
            "id": "Pine.LNX.4.30.0205200950530.8167100000@tux.w3.org",
            "charset": "USASCII",
            "expires": "1",
            "to": "<public-compound-documents@w3.org>\n"
        },
        {
            "body": "Maintaining Activity:  Internationalization[1]Purpose:  Discussion of the IRI specification.1.  http://www.w3.org/International/",
            "docno": "lists-016-16765182",
            "received": "Tue Mar 25 06:28:07 2003",
            "isoreceived": "20030325112807",
            "sent": "Tue, 25 Mar 2003 06:27:04 0500 (EST)",
            "isosent": "20030325112704",
            "name": "Simon J. Hernandez",
            "email": "simon@w3.org",
            "subject": "New Public mailing list - publiciri",
            "id": "Pine.LNX.4.30.0303250625350.28878100000@tux.w3.org",
            "charset": "USASCII",
            "expires": "1",
            "to": "<public-iri@w3.org>\n"
        },
        {
            "body": "Maintaining Activity:  Web Services Activity[1]List Purpose:  Public mailing list for technical discussions of the WebServices Choreography Working Group[2].Reference:  No referent document1.  http://www.w3.org/2002/ws2.  http://www.w3.org/2002/ws/chor/",
            "docno": "lists-025-7555026",
            "received": "Tue Jan 14 17:24:13 2003",
            "isoreceived": "20030114222413",
            "sent": "Tue, 14 Jan 2003 17:22:25 -0500 (EST)",
            "isosent": "20030114222225",
            "name": "Simon J. Hernandez",
            "email": "simon@w3.org",
            "subject": "New mailing list - public-ws-chor - maintained by Yves Lafon",
            "id": "Pine.LNX.4.30.0301141721110.3958-100000@tux.w3.org",
            "charset": "US-ASCII",
            "expires": "-1",
            "to": "<public-ws-chor@w3.org>\n"
        },
        {
            "body": "Maintaining Activity: Web Services Activity [1]Mailing list for WS Description[2] editors and CVS reports on WSDdocuments.Reference:  For info on the Web Services Description Working Group seethe charter[3].1.  http://www.w3.org/2002/ws/2.  http://www.w3.org/2002/ws/desc/3.  http://www.w3.org/2002/01/ws-desc-charter",
            "docno": "lists-026-14568211",
            "received": "Fri Oct 25 10:25:32 2002",
            "isoreceived": "20021025142532",
            "sent": "Fri, 25 Oct 2002 10:25:32 -0400 (EDT)",
            "isosent": "20021025142532",
            "name": "Simon J. Hernandez",
            "email": "simon@w3.org",
            "subject": "New public mailing list - public-ws-desc-eds - maintained by Philippe  Le He'garet",
            "id": "Pine.LNX.4.30.0210251020100.10781-100000@tux.w3.org",
            "charset": "US-ASCII",
            "expires": "-1",
            "to": "<public-ws-desc-eds@w3.org>\n"
        },
        {
            "body": "Purpose: This is the archive of the discussion list of W3C/WAI's Researchand Development Interest Group[1]. Please limit your use of this list todiscussion of accessibility issues in Web research and development.Comments in this archive are visible to the public. For more informationand resources related to accessibility, visit the Web AccessibilityInitiative home page[2]. See also information about W3C mailing lists[3].1.  http://www.w3.org/WAI/RD/2.  http://www.w3.org/WAI3.  http://www.w3.org/Mail/",
            "docno": "lists-023-6763960",
            "received": "Mon Jul  8 20:41:56 2002",
            "isoreceived": "20020709004156",
            "sent": "Mon, 8 Jul 2002 20:41:56 -0400 (EDT)",
            "isosent": "20020709004156",
            "name": "Simon J. Hernandez",
            "email": "simon@w3.org",
            "subject": "New list - public-wai-rd",
            "id": "Pine.LNX.4.30.0207082037360.2164-100000@tux.w3.org",
            "charset": "US-ASCII",
            "expires": "-1",
            "to": "<public-wai-rd@w3.org>\n"
        },
        {
            "body": "Purpose: This mailing list is for members of the P3P specificationworking group. The list contains public discussions of the WG Membersabout work on P3P 1.11.  http://www.w3.org/Privacy/Activity",
            "docno": "lists-017-4725319",
            "received": "Wed Mar 12 16:12:42 2003",
            "isoreceived": "20030312211242",
            "sent": "Wed, 12 Mar 2003 16:12:42 0500 (EST)",
            "isosent": "20030312211242",
            "name": "Simon J. Hernandez",
            "email": "simon@w3.org",
            "subject": "New Public mailing list - public-p3pspec",
            "id": "Pine.LNX.4.30.0303121611090.5501100000@tux.w3.org",
            "charset": "USASCII",
            "expires": "1",
            "to": "<public-p3p-spec@w3.org>\n"
        },
        {
            "body": "Simon,How are you, Simon ?  Thank you for your work.-kazAt Fri, 10 Aug 2001 18:49:15 -0400 (EDT),Simon J. Hernandez <simon@w3.org> wrote:>>> Purpose: This is a public mailing list for Device Independence activity> and WG.  Sooner or later, DI WG will produce WDs.  This mailing is used to> gather public review comments.>>>> --> Simon J. Hernandez | http://www.w3.org/People/Simon/ | mailto:simon@w3.org> World Wide Web Consortium                                http://www.w3.org> MIT Laboratory for Computer Science, 200 Technology Square   Room NE43-340> Cambridge, MA 02139 USA       Voice: +1.617.253.2920  Fax: +1.617.258.5999>",
            "docno": "lists-100-3454788",
            "received": "Sat Aug 11 09:51:42 2001",
            "isoreceived": "20010811135142",
            "sent": "Sat, 11 Aug 2001 22:46:49 +0900",
            "isosent": "20010811134649",
            "name": "Kazuhiro Kitagawa",
            "email": "kaz@w3.org",
            "subject": "Re: New list - www-di - maintained by kaz&#64;w3.org",
            "id": "87wv4ag14m.wl@CF-L1.w3.mag.keio.ac.jp",
            "charset": "US-ASCII",
            "inreplyto": "Pine.LNX.4.30.0108101848270.30290-100000&#64;tux.w3.org",
            "expires": "-1",
            "to": "\"Simon J. Hernandez\"<simon@w3.org>\n",
            "cc": "<www-di@w3.org>\n"
        },
        {
            "body": "Maintaining Activity:  Web Services[1]Purpose:  Discussion of Web Services Architecture Working Group's[2]management task force (MTF).1.  http://www.w3.org/2002/ws2.  http://www.w3.org/2002/ws/arch/",
            "docno": "lists-027-11812141",
            "received": "Fri Feb 14 15:26:19 2003",
            "isoreceived": "20030214202619",
            "sent": "Fri, 14 Feb 2003 15:24:13 -0500 (EST)",
            "isosent": "20030214202413",
            "name": "Simon J. Hernandez",
            "email": "simon@w3.org",
            "subject": "New Public mailing list - public-wsawg-mtf - maintained by Hugo Haas",
            "id": "Pine.LNX.4.30.0302141521280.6287-100000@tux.w3.org",
            "charset": "US-ASCII",
            "expires": "-1",
            "to": "<public-wsawg-mtf@w3.org>\n"
        },
        {
            "body": "Jimmy Cerra wrote:>I checked the list W3C mailing list, and there seems to be a few>inactive test emails.  Unfortunately, they don't seem to accept incoming>email any more.>>>  All W3C mailing lists are archived with literal characters, in other>>  words markup will show.>>However, URLs seem to be changed into hyperlinks (although the software>sometimes makes annoying mistakes).  The information on mailing list>format, such as mime-types accepted (text/plain, text/html,>application/xml...), font/markup, line length, and others, really should>be added as a note on the main page [1].Simon, do you think a note could be added to [1] explaining how W3Carchives treat incoming URIs (see the original question, too at [2])?[1] http://www.w3.org/Mail/[2] http://lists.w3.org/Archives/Public/site-comments/2003Jun/thread.html#14>One other question:  What's the line length, then?The incoming line length is preserved in W3C archives. (Again, copyingGerald Oskoboiny in case I make a mistake there.)--Susan Lesch           http://www.w3.org/People/Lesch/mailto:lesch@w3.org               tel:+1.858.483.4819World Wide Web Consortium (W3C)    http://www.w3.org/",
            "docno": "lists-028-13680552",
            "received": "Sun Jun 15 19:44:53 2003",
            "isoreceived": "20030615234453",
            "sent": "Sun, 15 Jun 2003 16:44:47 -0700",
            "isosent": "20030615234447",
            "name": "Susan Lesch",
            "email": "sch@w3.org",
            "subject": "RE: Where can I send test emails?",
            "id": "p05111b04bb12b3f8572b@[192.168.123.158]",
            "charset": "us-ascii",
            "inreplyto": "000c01c33395$57f259b0$0100a8c0&#64;picard",
            "expires": "-1",
            "to": "<jimbobbs@hotmail.com>,<site-comments@w3.org>,gerald@w3.org,simon@w3.org\n"
        },
        {
            "body": "Purpose:This list is for the RDF Core Working Group forum.This is a public archive, however, posting is restricted to subscribers.Subscription restricted to WG Members.--Simon J. Hernandez | http://www.w3.org/People/Simon/ | mailto:simon@w3.orgWorld Wide Web Consortium                                http://www.w3.orgMIT Laboratory for Computer Science, 200 Technology Square   Room NE43-340Cambridge, MA 02139 USA       Voice: +1.617.253.2920  Fax: +1.617.258.5999",
            "docno": "lists-047-14307605",
            "received": "Mon Mar 19 11:39:34 2001",
            "isoreceived": "20010319163934",
            "sent": "Mon, 19 Mar 2001 11:39:34 -0500 (EST)",
            "isosent": "20010319163934",
            "name": "Simon J. Hernandez",
            "email": "simon@w3.org",
            "subject": "New list - w3c-rdfcore-wg - maintained by em&#64;w3.org",
            "id": "Pine.LNX.4.30.0103191138150.16016-100000@tux.w3.org",
            "charset": "US-ASCII",
            "expires": "-1",
            "to": "<w3c-rdfcore-wg@w3.org>\n"
        },
        {
            "body": "Purpose:This is a subgroup of RDF Interest to discuss rules and query for RDF andDAML+OIL.  It may later recommend that a working group be started forRules/Query.--Simon J. Hernandez | http://www.w3.org/People/Simon/ | mailto:simon@w3.orgWorld Wide Web Consortium                                http://www.w3.orgMIT Laboratory for Computer Science, 200 Technology Square   Room NE43-340Cambridge, MA 02139 USA       Voice: +1.617.253.2920  Fax: +1.617.258.5999",
            "docno": "lists-113-0344133",
            "received": "Fri Jul 20 12:41:00 2001",
            "isoreceived": "20010720164100",
            "sent": "Fri, 20 Jul 2001 12:41:00 -0400 (EDT)",
            "isosent": "20010720164100",
            "name": "Simon J. Hernandez",
            "email": "simon@w3.org",
            "subject": "New list - www-rdf-rules - maintained by timbl&#64;w3.org and rswick&#64;w3.org",
            "id": "Pine.LNX.4.30.0107201239370.21194-100000@tux.w3.org",
            "charset": "US-ASCII",
            "expires": "-1",
            "to": "<www-rdf-rules@w3.org>\n"
        },
        {
            "body": "Maintaining Activity:  To be determinedPurpose: For discussions following on from theUsability workshop, leading to the creationof a charter, and hopefully creationof an IG.Reference:  For information on the Workshop on Usability and the Websee the workshop announcement[2].1.  http://zing.ncsl.nist.gov/uig_w3c/",
            "docno": "lists-023-2656907",
            "received": "Tue Dec  3 14:41:19 2002",
            "isoreceived": "20021203194119",
            "sent": "Tue, 3 Dec 2002 14:39:05 -0500 (EST)",
            "isosent": "20021203193905",
            "name": "Simon J. Hernandez",
            "email": "simon@w3.org",
            "subject": "New Public mailing list - public-usability-workshop - maintained by  Steven Pemberton",
            "id": "Pine.LNX.4.30.0212031429150.29036-100000@tux.w3.org",
            "charset": "US-ASCII",
            "expires": "-1",
            "to": "<public-usability-workshop@w3.org>\n"
        },
        {
            "body": "Purpose:to provide a space for members of PF, WCAG, AU, ERT, and UAto share information and coordinate on issues such as thecross-guidelines glossary (aka unified glossary).  It is notmandatory or automatic to join this list once you have joinedany of these working groups, although everyone from these listsare invited.--Simon J. Hernandez | http://www.w3.org/People/Simon/ | mailto:simon@w3.orgWorld Wide Web Consortium                                http://www.w3.orgMIT Laboratory for Computer Science, 200 Technology Square   Room NE43-340Cambridge, MA 02139 USA       Voice: +1.617.253.2920  Fax: +1.617.258.5999",
            "docno": "lists-091-7421088",
            "received": "Tue Jan 23 16:04:54 2001",
            "isoreceived": "20010123210454",
            "sent": "Tue, 23 Jan 2001 16:04:54 -0500 (EST)",
            "isosent": "20010123210454",
            "name": "Simon J. Hernandez",
            "email": "simon@w3.org",
            "subject": "New public list - wai-xtech - maintained by danield",
            "id": "Pine.LNX.4.30.0101231603270.10037-100000@tux.w3.org",
            "charset": "US-ASCII",
            "expires": "-1",
            "to": "<wai-xtech@w3.org>\n"
        },
        {
            "body": "Maintaining Activity:  Semantic Web Activity[1]Purpose:  For collaboration on Semantic Web (RDF/XML and OWL) code andAPIs in the Ruby programming language[2].This list is for RDF Interest Group collaborations on Ruby APIsand opensource software, building on existing work such as RubyRdf,Redland's Ruby interface[3] and the RDF4R RDF/XML parser now included inRubyRdf.1.  http://www.w3.org/2001/sw/2.  http://www.ruby-lang.org/3.  http://www.redland.opensource.ac.uk/docs/ruby.html",
            "docno": "lists-021-3182731",
            "received": "Mon Jun 23 02:44:11 2003",
            "isoreceived": "20030623064411",
            "sent": "Mon, 23 Jun 2003 02:38:44 -0400 (EDT)",
            "isosent": "20030623063844",
            "name": "Simon J. Hernandez",
            "email": "simon@w3.org",
            "subject": "New Public mailing list - public-rdf-ruby",
            "id": "Pine.LNX.4.30.0306230234220.24241-100000@tux.w3.org",
            "charset": "US-ASCII",
            "expires": "-1",
            "to": "<public-rdf-ruby@w3.org>\n"
        },
        {
            "body": "On Sat, 11 Aug 2001, Kazuhiro Kitagawa wrote:> Simon,>> How are you, Simon ?  Thank you for your work.I am doing very well.  We really enjoyed having Touyama-kun here the lastfew weeks.  He was great fun to be around, and he worked very hard.  Plushe was good to play bzflag with.I hope you are doing well.  Are you fully recovered from your automobileaccident?I am trying to find some reason for visiting Japan.  I would like to goand visit, but I need some reason to travel.  Maybe you can discuss thiswith your colleagues :^)The weather is cooler here, now that Norio has left.  It was very hot hislast week here, and we had a big power outage, as you know, but things areback to normal now.It was good to hear from you. Have a great week, and write a few lineswhen you have a few moments.Sayonara,Simon--Simon J. Hernandez | http://www.w3.org/People/Simon/ | mailto:simon@w3.orgWorld Wide Web Consortium                                http://www.w3.orgMIT Laboratory for Computer Science, 200 Technology Square   Room NE43-340Cambridge, MA 02139 USA       Voice: +1.617.253.2920  Fax: +1.617.258.5999",
            "docno": "lists-100-3470435",
            "received": "Mon Aug 13 10:55:19 2001",
            "isoreceived": "20010813145519",
            "sent": "Mon, 13 Aug 2001 10:55:17 -0400 (EDT)",
            "isosent": "20010813145517",
            "name": "Simon J. Hernandez",
            "email": "simon@w3.org",
            "subject": "Re: New list - www-di - maintained by kaz&#64;w3.org",
            "id": "Pine.LNX.4.30.0108131050260.24053-100000@tux.w3.org",
            "charset": "US-ASCII",
            "inreplyto": "87wv4ag14m.wl&#64;CF-L1.w3.mag.keio.ac.jp",
            "expires": "-1",
            "to": " Kazuhiro Kitagawa<kaz@w3.org>\n",
            "cc": "<www-di@w3.org>\n"
        },
        {
            "body": "This note is forwarded, just in case anyone needs to know.Simon---------- Forwarded message ----------Date: Thu, 5 Sep 2002 09:57:54 +0900From: Olivier Thereaux <ot@w3.org>Subject: Re: suspicious subscriber to our listsResent-Date: Wed, 4 Sep 2002 20:57:58 -0400 (EDT)Resent-From: w3t-sys@w3.orgOn Wed, Sep 04, 2002, Olivier Thereaux wrote:> I sent a message. If I don't get any answer within 48 hours I'll \"act\".I have received no answer from this address yet.Besides, the account seems to have some trouble:----- The following addresses had permanent fatal errors -----w3cparticipant@hotmail.com(reason: 552 Requested mail action aborted: exceeded storageallocation)----- Transcript of session follows -----... while talking to mx16.hotmail.com.:>>> RCPT To:<w3cparticipant@hotmail.com><<< 552 Requested mail action aborted: exceeded storage allocation554 5.0.0 Service unavailablegombkoetoe@ASSOFT.COM... Deferred: Connection timed out withassoftw.assoft.com.I suggest \"we\" remove this address from the 100+ lists it has subscribedto. yum.--Olivier Thereaux - W3Chttp://www.w3.org/People/olivier | http://yoda.zoy.org",
            "docno": "lists-098-14483188",
            "received": "Thu Sep  5 16:17:16 2002",
            "isoreceived": "20020905201716",
            "sent": "Thu, 5 Sep 2002 16:17:16 -0400 (EDT)",
            "isosent": "20020905201716",
            "name": "Simon J. Hernandez",
            "email": "simon@w3.org",
            "subject": "Re: suspicious subscriber to our lists (fwd)",
            "id": "Pine.LNX.4.30.0209051614470.15324-100000@tux.w3.org",
            "charset": "US-ASCII",
            "inreplyto": "suspicious subscriber to our lists (fwd)",
            "expires": "-1",
            "to": " w3t-sys@w3.org\n"
        },
        {
            "body": "Purpose: Discussion on the Component Extension API.--Simon J. Hernandez | http://www.w3.org/People/Simon/ | mailto:simon@w3.orgWorld Wide Web Consortium                                http://www.w3.orgMIT Laboratory for Computer Science, 200 Technology Square   Room NE43-340Cambridge, MA 02139 USA       Voice: +1.617.253.2920  Fax: +1.617.258.5999",
            "docno": "lists-100-2991977",
            "received": "Wed Dec  5 15:17:19 2001",
            "isoreceived": "20011205201719",
            "sent": "Wed, 5 Dec 2001 15:17:19 -0500 (EST)",
            "isosent": "20011205201719",
            "name": "Simon J. Hernandez",
            "email": "simon@w3.org",
            "subject": "New list - www-component-extension - maintained by plehegar&#64;w3.org",
            "id": "Pine.LNX.4.30.0112051516310.20871-100000@tux.w3.org",
            "charset": "US-ASCII",
            "expires": "-1",
            "to": "<www-component-extension@w3.org>\n"
        },
        {
            "body": "Purpose: Mailing list used by the Web Services[1] Architecture WorkingGroup's security task force.1.  http://www.w3.org/2002/ws/arch",
            "docno": "lists-027-12430793",
            "received": "Wed Mar 12 16:08:42 2003",
            "isoreceived": "20030312210842",
            "sent": "Wed, 12 Mar 2003 16:08:41 -0500 (EST)",
            "isosent": "20030312210841",
            "name": "Simon J. Hernandez",
            "email": "simon@w3.org",
            "subject": "New Public mailing list - public-wsawg-security-tf",
            "id": "Pine.LNX.4.30.0303121606210.5501-100000@tux.w3.org",
            "charset": "US-ASCII",
            "expires": "-1",
            "to": "<public-wsawg-security-tf@w3.org>\n"
        },
        {
            "body": "test--Simon J. Hernandez | http://www.w3.org/People/Simon/ | mailto:simon@w3.orgWorld Wide Web Consortium                                http://www.w3.orgMIT Laboratory for Computer Science, 200 Technology Square   Room NE43-340Cambridge, MA 02139 USA       Voice: +1.617.253.2920  Fax: +1.617.258.5999",
            "docno": "lists-024-5238657",
            "received": "Thu Mar  7 14:40:03 2002",
            "isoreceived": "20020307194003",
            "sent": "Thu, 7 Mar 2002 12:59:54 -0500 (EST)",
            "isosent": "20020307175954",
            "name": "Simon J. Hernandez",
            "email": "simon@w3.org",
            "subject": "",
            "id": "Pine.LNX.4.30.0203071259320.28140-100000@tux.w3.org",
            "charset": "US-ASCII",
            "expires": "-1",
            "to": "<public-webont-comments@w3.org>\n"
        },
        {
            "body": "Maintaining Activity: WAI[1]List Purpose:  This list is used to archive public comments about WebContent Accessibility Guidelines 2.0 (WCAG 2.0)[2].  Editors, chairs, andthe staff contact of the WCAG WG[3] receive these comments and pass themon to the WCAG WG.Reference:  Web Content Accessibility Guidelines 2.0 (WCAG 2.0)[2]1.  http://www.w3.org/WAI/2.  http://www.w3.org/TR/WCAG20/3.  http://www.w3.org/WAI/GL/",
            "docno": "lists-014-8804901",
            "received": "Thu Jan 23 18:09:07 2003",
            "isoreceived": "20030123230907",
            "sent": "Thu, 23 Jan 2003 17:59:35 0500 (EST)",
            "isosent": "20030123225935",
            "name": "Simon J. Hernandez",
            "email": "simon@w3.org",
            "subject": "New Public mailing list - public-comments-wcag20  maintained by  Wendy Chisholm",
            "id": "Pine.LNX.4.30.0301231751470.17333100000@tux.w3.org",
            "charset": "USASCII",
            "expires": "1",
            "to": "<public-comments-wcag20@w3.org>\n"
        },
        {
            "body": "Maintaining Activity:  Web Services[1]Purpose: Properties and Features Task Force mailing list.Reference: No referent document.1.  http://www.w3.org/2002/ws/",
            "docno": "lists-027-10108531",
            "received": "Thu Feb  6 10:22:17 2003",
            "isoreceived": "20030206152217",
            "sent": "Thu, 6 Feb 2003 10:22:16 -0500 (EST)",
            "isosent": "20030206152216",
            "name": "Simon J. Hernandez",
            "email": "simon@w3.org",
            "subject": "New Public mailing list - public-ws-pnf-tf - maintained by Philippe Le H?garet",
            "id": "Pine.LNX.4.30.0302061018340.6597-100000@tux.w3.org",
            "charset": "US-ASCII",
            "expires": "-1",
            "to": "<public-ws-pnf-tf@w3.org>\n"
        },
        {
            "body": "Since the setup I now have working to access the w3ccvs server is notdocumented, I thought I should document it and give you the opportunity to linkto this message from http://www.w3.org/Project/CVSdoc/Many thanks to Mark Butler who worked out most of this.Object: use WinCVS from a Windows machine behind a firewall to access the W3CCVS server.Variation: use of putty and hummingbird rather than cygwinThese notes are for a windows 2000 pro machine. Some variation maybe expectedfor other windows.Software to install.+ WinCVShttp://www.wincvs.org/+ puttyhttp://www.chiark.greenend.org.uk/~sgtatham/putty/+ hummingbird (only if behind firewall)http://www.hummingbird.com/products/nc/socks/Config instructions===================1. Hummingbird--------------Needed if behind firewall. If not behind firewall skip this step.Once you have installed the proxy client you'll need to configure it as well. Toconfigure it you need to open the filec:\\winnt\\system32\\hummingbird\\connectivity\\7.10\\Socks\\socks.cfg in a text editorand add lines like the following:# socksify every programBIND-MODULE *# do not socksify address which#    when ANDed with 255.0.0.0#    give             15.0.0.0# (note this is only good if you# work for HP)DIRECT 15.0.0.0 255.0.0.0# socksify all other addresses,# using the named socks serverSOCKD5 @=socks.hpl.hp.com 0.0.0.0 0.0.0.0Note when you have done this, your machine will send alloutbound traffic (i.e. that doesn't match the DIRECT line) via the socks server.If you want to use the machine when it is not behind the firewall, you need tocomment out the lines above.2. Putty--------You need at least:putty.exeplink.exeputtygen.exepageant.exeUpdate your path environment variable viastart->settings->control panel->system->advanced->environment variablesso it includes the directory where you downloaded these files.3. Generate a public / private key pair.----------------------------------------Start puttygen.exe. Press generate to generate the public /private key pair, and follow the instructions on moving themouse in order to generate randomness. Once the key is generated,type in a pass phrase making sure that you will be able toremember this pass phrase later. Save the private key toa local directory.Copy the public key from the puttygen window to a new textfile in the directory. Ensure that the two files have names thatallow you to remember them as the private key and publickey pair.The public key will be send by e-mail as part of your W3Ccvs access request.(This process can now be done, you will need your w3c cvs logincvs access request).4. Set up pageantNext you need to start pageant.exe. Load in the key you generatedbefore and type in the pass phrase when prompted. Note you willneed to start pageant for every cvs session, so you may want toput it in your startup folder. However you will still have toload the key and type in the pass phrase when prompted each time.5. Set up putty.Start putty.exe. Specify hostname connection i.e.\"cvs.w3.org\". Then select the SSH protocol by clicking theappropriate radio button.Enter the name \"cvs.w3.org\" (again) in the saved sessionstext box and press the save button.6. Testing connectivityAt this point you should be able to do a handshake with the cvsserver at w3c.This is useful for debugging.a: get a command promptb: try plink.exe -v cvs.w3.orgIt should go something like (not the user input ofuser name).C:\\>plink -v cvs.w3.orgServer version: SSH-1.5-OpenSSH_3.4p1We claim version: SSH-1.5-PuTTYUsing SSH protocol version 1Received public keysHost key fingerprint is:1024 06:ae:2a:63:45:30:41:81:ac:0a:5e:8f:0f:f2:d1:44Encrypted session keyUsing 3DES encryptionTrying to enable encryption...Successfully started encryptionlogin as: <!!user input>jcarrollSent username \"jcarroll\"Pageant is running. Requesting keys.Pageant has 1 keysTrying Pageant key #0Remote: Pty allocation disabled.Remote: Port forwarding disabled.Remote: X11 forwarding disabled.Remote: Agent forwarding disabled.Received RSA challengeSending Pageant's responseRemote: RSA authentication accepted.Pageant's response acceptedAuthenticated using RSA key \"rsa-key-20020424\" from agentAuthentication successfulServer refused to allocate ptyAllocated ptyStarted session^CC:\\>7: now try wincvs ...a: Start WinCVS and configure it.Under Admin->PreferencesGeneral TabCVS root:ext:jcarroll@cvs.w3.org:/w3ccvsAuthenticationSSH serverPorts tabCheck for an alternate rsh name (tick)plink.exeb: Now check outCreate->CheckOut ModuleUse module name consisting of:WWW/ followed by the part of the w3ccvs that you are editing.e.g.URIhttp://www.w3.org/2002/03owlt/==>Module nameWWW/2002/03owlt/Also fill in local directory to check out to.This should work, and then use WinCVS like with a local CVS repository!I hope this is useful.Jeremy",
            "docno": "lists-098-8829148",
            "received": "Wed Jul 10 06:26:11 2002",
            "isoreceived": "20020710102611",
            "sent": "Wed, 10 Jul 2002 11:24:11 +0100",
            "isosent": "20020710102411",
            "name": "at step 5. This will be returned to you in the reply to your",
            "email": "jjc@hplb.hpl.hp.com",
            "subject": "Using WinCVS to access w3ccvs",
            "id": "JAEBJCLMIFLKLOJGMELDOEFACEAA.jjc@hplb.hpl.hp.com",
            "charset": "US-ASCII",
            "inreplyto": "Pine.LNX.4.30.0207011035230.6604-100000&#64;tux.w3.org",
            "expires": "-1",
            "to": "<simon@w3.org>,<gerald@w3.org>\n",
            "cc": "<sysreq@w3.org>,<connolly@w3.org>,<www-archive@w3.org>,<Mark_Butler@hplb.hpl.hp.com>\n"
        },
        {
            "body": "public-qt-comments (qt stands for Query and Transform) is for publicfeedback on the following W3C specifications published by the XML Query[1]and XSL Working Groups[2]:XQuery 1.0[3]XSLT 2.0[4]XPath 2.0[5]XQuery 1.0 and XPath 2.0 Data Model[6]XQuery 1.0 and XPath 2.0 Functions and Operators Version 1.0[7]1.  http://www.w3.org/XML/Query2.  http://www.w3.org/Style/XSL/3.  http://www.w3.org/TR/xquery/4.  http://www.w3.org/TR/xslt20/5.  http://www.w3.org/TR/xpath20/6.  http://www.w3.org/TR/query-datamodel/7.  http://www.w3.org/TR/xquery-operators/--Simon J. Hernandez | http://www.w3.org/People/Simon/ | mailto:simon@w3.orgWorld Wide Web Consortium                                http://www.w3.orgMIT Laboratory for Computer Science, 200 Technology Square   Room NE43-340Cambridge, MA 02139 USA       Voice: +1.617.253.2920  Fax: +1.617.258.5999",
            "docno": "lists-017-15009129",
            "received": "Tue Apr 23 17:20:43 2002",
            "isoreceived": "20020423212043",
            "sent": "Tue, 23 Apr 2002 17:20:43 0400 (EDT)",
            "isosent": "20020423212043",
            "name": "Simon J. Hernandez",
            "email": "simon@w3.org",
            "subject": "New Public list - public-qt-comments  maitained by mf&#64;w3.org",
            "id": "Pine.LNX.4.30.0204231714040.3843100000@tux.w3.org",
            "charset": "USASCII",
            "expires": "1",
            "to": "<public-qt-comments@w3.org>\n"
        },
        {
            "body": "Purpose:Mailing list for official submission to the W3C/NIST DOM Test Suiteseffort.--Simon J. Hernandez | http://www.w3.org/People/Simon/ | mailto:simon@w3.orgWorld Wide Web Consortium                                http://www.w3.orgMIT Laboratory for Computer Science, 200 Technology Square   Room NE43-340Cambridge, MA 02139 USA       Voice: +1.617.253.2920  Fax: +1.617.258.5999",
            "docno": "lists-100-11691122",
            "received": "Wed Jun 20 14:31:24 2001",
            "isoreceived": "20010620183124",
            "sent": "Wed, 20 Jun 2001 14:31:24 -0400 (EDT)",
            "isosent": "20010620183124",
            "name": "Simon J. Hernandez",
            "email": "simon@w3.org",
            "subject": "New list - www-dom-ts-submission - maintained by plehegar&#64;w3.org",
            "id": "Pine.LNX.4.30.0106201430330.3067-100000@tux.w3.org",
            "charset": "US-ASCII",
            "expires": "-1",
            "to": "<www-dom-ts-submission@w3.org>\n"
        },
        {
            "body": "Maintaining Activity: InternationalizationPurpose: This is the discussion list archive for the GEO (Guidelines,Education and Outreach) Task Force (part of the InternationalizationWorking Group). Please limit your use of this list to discussionssupporting the work of the task force. Comments in this archive arevisible to the public.Reference: For more information and resources related to GEO, see the homepage[1].1.  http://www.w3.org/International/geo/",
            "docno": "lists-015-14849564",
            "received": "Fri Sep 20 17:45:42 2002",
            "isoreceived": "20020920214542",
            "sent": "Fri, 20 Sep 2002 17:45:42 0400 (EDT)",
            "isosent": "20020920214542",
            "name": "Simon J. Hernandez",
            "email": "simon@w3.org",
            "subject": "New public list - public-i18n-geo  maintained by Richard Ishida",
            "id": "Pine.LNX.4.30.0209201743200.5318100000@tux.w3.org",
            "charset": "USASCII",
            "expires": "1",
            "to": "<public-i18n-geo@w3.org>\n"
        },
        {
            "body": "For people who are interested in glossaries including the WAI glossaryproject.chaalsBegin forwarded message:> Resent-From: public-glossary@w3.org> From: \"Simon J. Hernandez\" <simon@w3.org>> Date: Thu Mar 20, 2003  03:12:59 Australia/Melbourne> To: <public-glossary@w3.org>> Subject: New Public mailing list - public glossary>>>> Maintaining Activity:  Quality Assurance [1]>> Purpose:  Public discussion forum for the W3C Glossary project[2].>>> 1.  http://www.w3.org/QA/> 2.  http://www.w3.org/QA/2003/01/Glossary",
            "docno": "lists-091-15228864",
            "received": "Mon Mar 24 17:51:15 2003",
            "isoreceived": "20030324225115",
            "sent": "Tue, 25 Mar 2003 09:51:08 +1100",
            "isosent": "20030324225108",
            "name": "Charles McCathieNevile",
            "email": "charles@sidar.org",
            "subject": "Fwd: New Public mailing list - public glossary",
            "id": "1A091A2C-5E4B-11D7-957F-000A95678F24@sidar.org",
            "charset": "US-ASCII",
            "expires": "-1",
            "to": "wai-xtech@w3.org\n"
        },
        {
            "body": "Purpose:  IETF/W3C coordination: identification of areas of overlap,coordination of reviews and meeting coverage.",
            "docno": "lists-016-15036714",
            "received": "Wed Jun  5 14:10:40 2002",
            "isoreceived": "20020605181040",
            "sent": "Wed, 5 Jun 2002 14:10:40 0400 (EDT)",
            "isosent": "20020605181040",
            "name": "Simon J. Hernandez",
            "email": "simon@w3.org",
            "subject": "New list - public-ietf-w3c  maintained by eric&#64;w3.org",
            "id": "Pine.LNX.4.30.0206051409330.25621100000@tux.w3.org",
            "charset": "USASCII",
            "expires": "1",
            "to": "<public-ietf-w3c@w3.org>\n"
        },
        {
            "body": "Maintaining Activity:  WAI[1]Purpose:  Mailing list of WAI Site Task Force of EOWG, working on WAI WebSite Redesign Project[2].1.  http://www.w3.org/WAI/2.  http://www.w3.org/WAI/EO/2003/redesign.html",
            "docno": "lists-023-4369237",
            "received": "Fri Sep 26 15:16:32 2003",
            "isoreceived": "20030926191632",
            "sent": "Fri, 26 Sep 2003 15:16:32 -0400 (EDT)",
            "isosent": "20030926191632",
            "name": "Simon J. Hernandez",
            "email": "simon@w3.org",
            "subject": "New Public mailing list - public-wai-eo-site",
            "id": "Pine.LNX.4.55.0309261511420.4736@ubzre.j3.bet",
            "charset": "US-ASCII",
            "expires": "-1",
            "to": "public-wai-eo-site@w3.org\n"
        }
    ]
}