{
    "id": "candidate-0036",
    "name": "Sean Hayes",
    "gender": "MALE",
    "email": "shayes@microsoft.com",
    "mails": [
        {
            "body": "Sean,Thanks for your email, I think we are actually very closely in agreement :-)My comments revolved around **my** interpretation of 'preferred' and 'nontext'. If your example had been \"graphic of an excited dog barking\" Isuspect we would not have had this debate :-)Sidenote: Within subtitling/captioning - 'dog bark' is often used as aclassic example of what is meant by audio description compared to subtitle(Or caption cf subtitle).As I currently work for a subtitling company my perspective is perhapscoloured by accessibility issues, most of the 'text' I deal with existssolely as an alternative representation of dialog, visual or audio events. Ialso don't tend to favour the 'graphic designer knows best concept', it'salready IMHO killing the 'web, but then YMMV :-)As you state, preference depends on perspective - but I wanted to ensurethat the 'debate' captured what I consider an essential aspect of any textpresentation - that of ensuring accessibility. Character based text is theonly real practical basis for generating accessible 'tri-modal'?presentations for those unable to access the primary (in this case) visualcontent.As regards \"Hmmm....  SMIL customTestAttributes anyone....   ;-) - this wasintended as sarcasm.regards John Birch.> -----Original Message-----> From: Sean Hayes [mailto:shayes@microsoft.com]> Sent: 20 May 2003 10:51> To: Johnb@screen.subtitling.com; public-tt@w3.org> Subject: RE: Timed Text (TT) Authoring Format 1.0 Use Cases and> Requirements - Comments!>>> Actually, I'm mostly on your side - I'm just trying to> capture the essence of the debate.>> Consider the title sequence to a Movie, for example the Pink> Panther. It has a lot of crazy text fonts, images and> animated characters. Some or all of this might be considered> TT. From the graphic designers point of view he wants total> control over the look of the final result, thus authoring> preference, and 'normal' consumption preference in this case> may be for bitmap (or a very sophisticated text layout engine).> However none of this is going to be much use to somebody that> can't see it, so the user preference maybe an alternate> rendering (speech/braille whatever). Thus both forms are> required, but which is the preferred form is a matter of perspective.>> Also consider the dialog of a movie, clearly here Hollywoods> preferred rendering is the actors voices. However alternate> renderings might be in foreign languages or as visual forms> for those that can't hear/understand the \"natural\"> soundtrack, again in the abstract the 'TT' has multiple> forms, which is preferred depends on your point of view.>> As language is very general purpose we can normally describe> everything we need to - but sometimes it becomes a bit long> winded, emoticons evolved for example as a notational> shorthand. So a graphic of an excited dog barking or> whatever, may convey the information better than the literal> text description in some circumstances - for example for> younger children. A dog's bark clearly is NOT text, whereas> reference to it in an email certainly is.> However the long winded description will need to be in place> in case the output cannot be visible (for example in a> telephone prompt or braille writer)>> Since 'text' is algorithmically tractable for a variety of> purposes, I would agree that it is should generally be> present for any 'stream' in a TT file, except possibly in> very rare cases. However it may not always be the first> choice for providing the user experience.>> Also we have to consider the overall system model(s) in which> TT is anticipated, it may be that we delegate all of the> alternate representations to SMIL for example - in which case> you might be right, then again there may be very good reasons> why we may not. That however is a technical discussion we> have yet to have.>> ________________________________>> From: Johnb@screen.subtitling.com [mailto:Johnb@screen.subtitling.com]> Sent: Mon 19/05/2003 17:43> To: public-tt@w3.org> Cc: Sean Hayes> Subject: RE: Timed Text (TT) Authoring Format 1.0 Use Cases> and Requirements - Comments!>>>> Sean,>> Comments interspersed:>> > -----Original Message-----> > From: Sean Hayes [mailto:shayes@microsoft.com]> > Sent: 16 May 2003 16:12> > To: Glenn A. Adams; Johnb@screen.subtitling.com; public-tt@w3.org> > Subject: RE: Timed Text (TT) Authoring Format 1.0 Use Cases and> > Requirements - Comments!>> > Bitmaps are also useful to indicate non text (e.g. 'dog> > bark', 'music'),>> How can 'dog bark' be non-text! It quite clearly **is** text.> As is the word 'music'. It may not be **spoken** text -> dialog in a film say - but it certainly is text.>> There are systems that use bitmaps to carry text content. In> some cases this is because of the non availability of a text> glyph suitable for the purpose (e.g. musical note) or because> the emphasis required for the content, e.g. colours or style> is unavailable to a text representation. In other cases it> may be because of a desire to 'fix' the presentation style so> that the viewer cannot alter it. However, I would strongly> suggest that where it is possible to do so - text is always> represented as text - not in a pre-rendered form. For what> reason? Simply because in some cases the display of the text> content to the user may be via non-visual means (i.e. by> computer speaking, Braille etc.) In those circumstances the> presence of what is basically text content (and in your> examples - content intended for deaf viewers) as bitmaps -> renders that content unavailable.>> Sorry to hammer this point - but I think it important....> There are IMHO few sound reasons for preferring a bitmap> representation over a text one.>> Some examples where a bitmap **may** be prefered over text:>> Company logos (but should be accompanied by text description).> Unique or special symbols e.g. musical notes on a stave> (again should be accompanied by text description).>> I might question as to whether these elements should be> capable of being carried in a TTAF file at all.>> > in these cases it would also be wise to> > include an \"alt\" text, but in such cases the graphic is> > probably the preferred rendering.>> Why?>> Some good reasons why it might not be.> a) User display is different resolution to anticipated.> b) User display is different aspect ratio to anticipated.> c) User display does not have the colour depth anticipated.> d) User display does not have the capability to overlay> bitmap data. (e.g. Braille display)>> > We have had a few> > discussions on which should be considered the primary> > rendering, and which a secondary. It is probable that TT will> > have some author mechanism for expressing a preference order,> > which can be overridden if it doesn't fit the capabilities of> > the end user.>> Hmmm....  SMIL customTestAttributes anyone....   ;-)>>> regards John Birch.>",
            "docno": "lists-023-0264118",
            "received": "Tue May 20 09:10:05 2003",
            "isoreceived": "20030520131005",
            "sent": "Tue, 20 May 2003 14:13:47 +0100",
            "isosent": "20030520131347",
            "name": "Johnb@screen.subtitling.com",
            "email": "Johnb@screen.subtitling.com",
            "subject": "RE: Timed Text (TT) Authoring Format 1.0 Use Cases and Requiremen ts - Comments!",
            "id": "11E58A66B922D511AFB600A0244A722E093FD1@NTMAIL",
            "charset": "iso-8859-1",
            "inreplyto": "Timed Text (TT) Authoring Format 1.0 Use Cases and Requiremen ts - Comments!",
            "expires": "-1",
            "to": "shayes@microsoft.com\n",
            "cc": "public-tt@w3.org\n"
        },
        {
            "body": "I agree with Bert that there is definitely a balance to be struckbetween a simple format which will be well received, and an allencompassing monster solution which won't. However I at least see TTbeing more than just a caption/subtitle format, and definitely expandinginto other areas of accessibility such as talking books. I don't see itbeing competitive with SVG or SMIL; but being coexistent with them andprobably reusing some tools of those systems.I want to reiterate the AF in TT-AF, this is a language for expressingauthorial intention. It is not intended for deployment (although wehaven't ruled out the latter usage, it is certainly not a primaryconcern). If profiles fall out of the language it will be becausecertain communities of users (such as caption houses) find a subset ofthe tools available useful, and need not necessarily be a feature of theschema itself.As I see it the TTWG role is to sift and combine the various existingsystems both in and out of the W3C to create a workable system that iswell geared to a variety of scenarios where the timed presentation oftext is the common theme, some of the tools that that implies arealready well established in W3C, some are not, or are not wellintegrated.Only time will tell if we bite off a manageable lump of complexity, tohit a sweet spot.-----Original Message-----From: public-tt-request@w3.org [mailto:public-tt-request@w3.org] OnBehalf Of Bert BosSent: Tuesday, January 20, 2004 12:02 PMSubject: Re: [tt-af-1-0-req] Some (late) comments on the requirementsLuke-Jr writes:> On Monday 19 January 2004 02:56 pm, Johnb@screen.subtitling.com wrote:> > > * R101 - R103> > >> > > One hopes that the TT AF is simple enough to not need modules or> > > optional parts...> Timed text is hardly simple. There are many effects that can beapplied to> text, such as fading, stretching, and dissolving. To handle any kindof> effect, there would need to be some part of the format allowing peopleto> define any new effects that might be used in the future.If you consider all possible instances of \"timed text,\" then I agreethat it is not simple, but should all those instances really behandled with a single language? I think the question should not be howto support everything that could be called \"timed text,\" but to findthe sweet spot that makes most people happy with the least effort.For complex effects, like fading, rotating, distorting text, you canuse SVG and SMIL, (or maybe it is such an essential part of yourvideo, that you can't even separate it out, e.g., if the people in thevideo interact with the overlaid text). But if you are adding Englishsubtitles to a French movie, you don't need such heavy machinery.When I first heard about the timed text activity, I looked at whatpeople were using for subtitles (or captions? which is which?). I sawsome formats such as Quicktime, Mplayer and RealText. They were verysimple and it didn't seem like a lot of work to make a language thatcould do what those languages did, with maybe some \"low hanging fruit\"thrown in, and then get that language adopted by the users ofQuicktime, Mplayer, RealText and others. That would giveinteroperability and would probably make many people happy.The danger of extending the scope to film credits, synthesized spokentext and any other \"timed text\" is that it becomes harder and harderto please everybody and I'm afraid that the result will be very muchdelayed and not make anybody really enthusiastic.Bert--Bert Bos                                ( W 3 C ) http://www.w3.org/http://www.w3.org/people/bos/                              W3C/ERCIMbert@w3.org                             2004 Rt des Lucioles / BP 93+33 (0)4 92 38 76 92            06902 Sophia Antipolis Cedex, France",
            "docno": "lists-023-1219345",
            "received": "Tue Jan 20 15:28:25 2004",
            "isoreceived": "20040120202825",
            "sent": "Tue, 20 Jan 2004 20:28:18 -0000",
            "isosent": "20040120202818",
            "name": "Sean Hayes",
            "email": "shayes@microsoft.com",
            "subject": "RE: [tt-af-1-0-req] Some (late) comments on the requirements",
            "id": "4B23D310E1AB5B49BC52CEE8D36B9600012301A1@EUR-MSG-03.europe.corp.microsoft.com",
            "charset": "us-ascii",
            "inreplyto": "[tt-af-1-0-req] Some (late) comments on the requirements",
            "expires": "-1",
            "to": " Luke-Jr\n",
            "cc": " Johnb@screen.subtitling.com; public-tt@w3.org\n"
        },
        {
            "body": "Actually, I'm mostly on your side - I'm just trying to capture the essence of the debate.Consider the title sequence to a Movie, for example the Pink Panther. It has a lot of crazy text fonts, images and animated characters. Some or all of this might be considered TT. From the graphic designers point of view he wants total control over the look of the final result, thus authoring preference, and 'normal' consumption preference in this case may be for bitmap (or a very sophisticated text layout engine).However none of this is going to be much use to somebody that can't see it, so the user preference maybe an alternate rendering (speech/braille whatever). Thus both forms are required, but which is the preferred form is a matter of perspective.Also consider the dialog of a movie, clearly here Hollywoods preferred rendering is the actors voices. However alternate renderings might be in foreign languages or as visual forms for those that can't hear/understand the \"natural\" soundtrack, again in the abstract the 'TT' has multiple forms, which is preferred depends on your point of view.As language is very general purpose we can normally describe everything we need to - but sometimes it becomes a bit long winded, emoticons evolved for example as a notational shorthand. So a graphic of an excited dog barking or whatever, may convey the information better than the literal text description in some circumstances - for example for younger children. A dog's bark clearly is NOT text, whereas reference to it in an email certainly is.However the long winded description will need to be in place in case the output cannot be visible (for example in a telephone prompt or braille writer)Since 'text' is algorithmically tractable for a variety of purposes, I would agree that it is should generally be present for any 'stream' in a TT file, except possibly in very rare cases. However it may not always be the first choice for providing the user experience.Also we have to consider the overall system model(s) in which TT is anticipated, it may be that we delegate all of the alternate representations to SMIL for example - in which case you might be right, then again there may be very good reasons why we may not. That however is a technical discussion we have yet to have.________________________________From: Johnb@screen.subtitling.com [mailto:Johnb@screen.subtitling.com]Sent: Mon 19/05/2003 17:43Subject: RE: Timed Text (TT) Authoring Format 1.0 Use Cases and Requirements - Comments!Sean,Comments interspersed:> -----Original Message-----> From: Sean Hayes [mailto:shayes@microsoft.com]> Sent: 16 May 2003 16:12> To: Glenn A. Adams; Johnb@screen.subtitling.com; public-tt@w3.org> Subject: RE: Timed Text (TT) Authoring Format 1.0 Use Cases and> Requirements - Comments!> Bitmaps are also useful to indicate non text (e.g. 'dog> bark', 'music'),How can 'dog bark' be non-text! It quite clearly **is** text. As is the word 'music'. It may not be **spoken** text - dialog in a film say - but it certainly is text.There are systems that use bitmaps to carry text content. In some cases this is because of the non availability of a text glyph suitable for the purpose (e.g. musical note) or because the emphasis required for the content, e.g. colours or style is unavailable to a text representation. In other cases it may be because of a desire to 'fix' the presentation style so that the viewer cannot alter it. However, I would strongly suggest that where it is possible to do so - text is always represented as text - not in a pre-rendered form. For what reason? Simply because in some cases the display of the text content to the user may be via non-visual means (i.e. by computer speaking, Braille etc.) In those circumstances the presence of what is basically text content (and in your examples - content intended for deaf viewers) as bitmaps - renders that content unavailable.Sorry to hammer this point - but I think it important.... There are IMHO few sound reasons for preferring a bitmap representation over a text one.Some examples where a bitmap **may** be prefered over text:Company logos (but should be accompanied by text description).Unique or special symbols e.g. musical notes on a stave (again should be accompanied by text description).I might question as to whether these elements should be capable of being carried in a TTAF file at all.> in these cases it would also be wise to> include an \"alt\" text, but in such cases the graphic is> probably the preferred rendering.Why?Some good reasons why it might not be.a) User display is different resolution to anticipated.b) User display is different aspect ratio to anticipated.c) User display does not have the colour depth anticipated.d) User display does not have the capability to overlay bitmap data. (e.g. Braille display)> We have had a few> discussions on which should be considered the primary> rendering, and which a secondary. It is probable that TT will> have some author mechanism for expressing a preference order,> which can be overridden if it doesn't fit the capabilities of> the end user.Hmmm....  SMIL customTestAttributes anyone....   ;-)regards John Birch.",
            "docno": "lists-023-0248344",
            "received": "Tue May 20 06:50:39 2003",
            "isoreceived": "20030520105039",
            "sent": "Tue, 20 May 2003 11:50:35 +0100",
            "isosent": "20030520105035",
            "name": "Sean Hayes",
            "email": "shayes@microsoft.com",
            "subject": "RE: Timed Text (TT) Authoring Format 1.0 Use Cases and Requirements -  Comments!",
            "id": "112C6E8A1B25D34BB27D48D2FD2E96CF05787F39@TVP-MSG-02.europe.corp.microsoft.com",
            "charset": "iso-8859-1",
            "inreplyto": "Timed Text (TT) Authoring Format 1.0 Use Cases and Requirements -  Comments!",
            "expires": "-1",
            "to": " public-tt@w3.org\n",
            "cc": " Sean Hayes\n"
        },
        {
            "body": "One comment:Bitmaps are also useful to indicate non text (e.g. 'dog bark', 'music'), in these cases it would also be wise to include an \"alt\" text, but in such cases the graphic is probably the preferred rendering. We have had a few discussions on which should be considered the primary rendering, and which a secondary. It is probable that TT will have some author mechanism for expressing a preference order, which can be overridden if it doesn't fit the capabilities of the end user.________________________________From: public-tt-request@w3.org on behalf of Glenn A. AdamsSent: Fri 16/05/2003 14:34Subject: RE: Timed Text (TT) Authoring Format 1.0 Use Cases and Requirements - Comments!Thanks for your comments! I have a few responses/comments below inline.G.________________________________From: Johnb@screen.subtitling.com [mailto:Johnb@screen.subtitling.com]Sent: Friday, May 16, 2003 5:35 AMDear TTWG,I have just read the draft document Timed Text (TT) Authoring Format 1.0 Use Cases and Requirements - very clear and comprehensive.Please find below some comments.Note in all my comments you may freely substitute caption* for subtitl*  !   :-)RE: Issue (I002):>Should block level graphics be supported, e.g., to permit pre-rasterization of entire lines or blocks of lines of text to serve as alternate content? For example, some subtitling systems use pre-rasterized text that are represented as bitmap graphics.It is certainly true that **some** subtitling systems use pre-rasterised text. This is recognised within subtitling as having distinct disadvantages/advantages:A: Self-evidently pre-rasterised text precludes the ability to **easily** modify and qualify subtitle files after they have been produced by the subtitler.B: Pre-rasterised text requires a greater bandwidth/storage capacity than existing file formats used to code subtitles.C: Pre-rasterised text does not scale well.D: Pre-rasterised text imposes 'producer' choices on the 'consumer' - this may contradict with the required 'house styles' used by consumer.There are some advantages: (some of which perversely are the inverse of the above)A: Pre-rasterised text imposes a certain protection on subtitle files, potentially requiring that changes are performed only by a suitably equipped subtitler.B: Pre-rasterised text may be previewed by a more simple common viewer agent.C: Pre-rasterised text may allow for more sophisticated text effects and styles that cannot be easily produced 'in real time' at a later stage in the subtitling chain. E.g. 3D glyphs, metallic surfaces and textures...D: Pre-rasterised text avoids the 'consumer' detrimentally altering the subtitles (e.g. by selecting too large or small a font) - there is a clear responsibility for poor subtitles.While I would not advocate excluding pre-rasterised text - I would advocate that pre-rasterised text ONLY occurs in a TTAF together with a non pre-rasterised form. Further I do not like the term alternate content - as to me it implies that the pre-rasterised form is the 'second' choice - this may not be the intention of the author / user. Surely pre-rasterised text is still text?The idea here was to have an ability to author TT content with pre-rasterized text in addition to the non-rasterized text. I would agree that if we allow pre-rasterized text, then we should mandate the presence of the non-rastserized form as well.Regarding the question \"[is] pre-rasterized text still text?\", I'm not sure it matters how we characterize it. I can see effective arguments both for and against it being characterized as text in a rasterized form.RE: R502 - Highlight Animation:>The TT AF shall be capable of expressing animated highlighting of content, with granularity at the level of individual characters or glyphs.The list of animated style parameters is some what restrictive IMHO - being limited to colour changes, visibility and position. Certainly for Karaoke I would suggest that the ability to decorate text (by underline - floating dot etc) might be desirable. Other desirable possibilities for highlighting might include changes to text emphasis (e.g. bold) or even font style / family. One characteristic of highlighting is that it should not IMHO alter the text flow, that is any highlighting of text content should not affect the position of **any** currently displayed glyphs during highlighting.It remains an open question as to whether to permit animation that would cause reflow. Animation of boldness would cause reflow since it changes font metrics; however, animation of underlining and other similar decorations probably would not cause reflow (if specified carefully). Please feel free to propose additions of new properties for which animation should be permitted, and identify whether reflow would be required or not for such animation.RE: Issue (I005):>The rights (accessrights) metadata item defined by [DCMES 1.1] <http://www.w3.org/TR/2003/WD-tt-af-1-0-req-20030515/> has not been included here, pending further consideration of whether and what intellectual property rights management (IPRM) related metadata to explicitly support in the TT AF.The inclusion of some form of rights and accessrights information is IMHO very important. Also of concern is the need to protect the intellectual property of the content. Speaking only wrt subtitle files - these are costly to produce - and many users regard a subtitle file as a significant asset. The inclusion of rights metadata does not protect the content from unscrupulous exploitation. Is there a means by which the content of the file (by which I mean the Timing / Style and Text) might be encrypted - whilst leaving the metadata in the clear?Please propoes specific meta data items and their value syntax and semantics to serve the needs you feel are important.",
            "docno": "lists-023-0142267",
            "received": "Fri May 16 12:15:42 2003",
            "isoreceived": "20030516161542",
            "sent": "Fri, 16 May 2003 17:11:33 +0100",
            "isosent": "20030516161133",
            "name": "Sean Hayes",
            "email": "shayes@microsoft.com",
            "subject": "RE: Timed Text (TT) Authoring Format 1.0 Use Cases and Requirements -  Comments!",
            "id": "112C6E8A1B25D34BB27D48D2FD2E96CF05787F2D@TVP-MSG-02.europe.corp.microsoft.com",
            "charset": "iso-8859-1",
            "inreplyto": "Timed Text (TT) Authoring Format 1.0 Use Cases and Requirements -  Comments!",
            "expires": "-1",
            "to": " public-tt@w3.org\n"
        },
        {
            "body": "Keep in mind that we are creating an authoring format that is intended to meet a variety of needs. This means that we don't have to choose among multiple solutions, but can support many at once. Nobody has proposed that bitmap representations of text be given a preferred status.The TTWG has already identified a requirement to support embedded graphics for icons and other glyphs that aren't available via textual means. The current discussion was prompted by the consideration of whether to support a general mechanism to embed pre-rasterized text for  those environments where delivery is limited to a rasterized form. I can see how it would be an important feature for the author to be able to perform rasterization themselves and to deliver this either by itself or in conjunction with the text that served as input (the latter would be preferred).Regards,Glenn_____From: Johnb@screen.subtitling.com [mailto:Johnb@screen.subtitling.com]Sent: Monday, May 19, 2003 12:43 PMSean,Comments interspersed:> -----Original Message-----> From: Sean Hayes [mailto:shayes@microsoft.com]> Sent: 16 May 2003 16:12> To: Glenn A. Adams; Johnb@screen.subtitling.com; public-tt@w3.org> Subject: RE: Timed Text (TT) Authoring Format 1.0 Use Cases and> Requirements - Comments!> Bitmaps are also useful to indicate non text (e.g. 'dog> bark', 'music'),How can 'dog bark' be non-text! It quite clearly **is** text. As is the word 'music'. It may not be **spoken** text - dialog in a film say - but it certainly is text.There are systems that use bitmaps to carry text content. In some cases this is because of the non availability of a text glyph suitable for the purpose (e.g. musical note) or because the emphasis required for the content, e.g. colours or style is unavailable to a text representation. In other cases it may be because of a desire to 'fix' the presentation style so that the viewer cannot alter it. However, I would strongly suggest that where it is possible to do so - text is always represented as text - not in a pre-rendered form. For what reason? Simply because in some cases the display of the text content to the user may be via non-visual means (i.e. by computer speaking, Braille etc.) In those circumstances the presence of what is basically text content (and in your examples - content intended for deaf viewers) as bitmaps - renders that content unavailable.Sorry to hammer this point - but I think it important.... There are IMHO few sound reasons for preferring a bitmap representation over a text one.Some examples where a bitmap **may** be prefered over text:Company logos (but should be accompanied by text description).Unique or special symbols e.g. musical notes on a stave (again should be accompanied by text description).I might question as to whether these elements should be capable of being carried in a TTAF file at all.> in these cases it would also be wise to> include an \"alt\" text, but in such cases the graphic is> probably the preferred rendering.Why?Some good reasons why it might not be.a) User display is different resolution to anticipated.b) User display is different aspect ratio to anticipated.c) User display does not have the colour depth anticipated.d) User display does not have the capability to overlay bitmap data. (e.g. Braille display)> We have had a few> discussions on which should be considered the primary> rendering, and which a secondary. It is probable that TT will> have some author mechanism for expressing a preference order,> which can be overridden if it doesn't fit the capabilities of> the end user.Hmmm....  SMIL customTestAttributes anyone....   ;-)regards John Birch.",
            "docno": "lists-023-0216843",
            "received": "Mon May 19 13:50:47 2003",
            "isoreceived": "20030519175047",
            "sent": "Mon, 19 May 2003 13:50:45 -0400",
            "isosent": "20030519175045",
            "name": "Glenn A. Adams",
            "email": "glenn@xfsi.com",
            "subject": "RE: Timed Text (TT) Authoring Format 1.0 Use Cases and Requiremen ts -  Comments!",
            "id": "7249D02C4D2DFD4D80F2E040E8CAF37C03BA22@longxuyen.xfsi.com",
            "charset": "iso-8859-1",
            "inreplyto": "Timed Text (TT) Authoring Format 1.0 Use Cases and Requiremen ts -  Comments!",
            "expires": "-1",
            "to": " public-tt@w3.org\n",
            "cc": " shayes@microsoft.com\n"
        },
        {
            "body": "Sean et al,Hi Sean,comments inline :-)> I agree with Bert that there is definitely a balance to be struck> between a simple format which will be well received, and an all> encompassing monster solution which won't. However I at least see TT> being more than just a caption/subtitle format, and definitely expanding> into other areas of accessibility such as talking books. I don't see it> being competitive with SVG or SMIL; but being coexistent with them and> probably reusing some tools of those systems.Yes, not competitive with SVG, but should IMHO allow SVG as external contentbyreference. This probably covers most of the esoterics, without TTAF havingtoprovide mechanisms. I might even go as far as saying that TTAF does not needanimation, in that SVG content covers what you might want to use animationfor.I.e. promote SVG as the catch all for complex presentation?> I want to reiterate the AF in TT-AF, this is a language for expressing> authorial intention. It is not intended for deployment (although we> haven't ruled out the latter usage, it is certainly not a primary> concern). If profiles fall out of the language it will be because> certain communities of users (such as caption houses) find a subset of> the tools available useful, and need not necessarily be a> feature of the schema itself.Absolutely - it is most important that this (authorial intent) is theprimary focus,both from accessibility point of view, and from the perspective ofcreating a generic precursor format for all timed text activities.However, I think it might require a co-ordinated effort to produce profilesunder the auspices of a 'standards body', it won't happen if left to theindustry....Or rather - there will be many overlapping profiles :-)> As I see it the TTWG role is to sift and combine the various existing> systems both in and out of the W3C to create a workable system that is> well geared to a variety of scenarios where the timed presentation of> text is the common theme, some of the tools that that implies are> already well established in W3C, some are not, or are not well> integrated.Exactly - SMIL, SVG, CSS (XSL/FO)I see TTAF as more of a profiles exercise than anything else, i.e.I actually feel it is more a case of saying, we want this from CSS but notthis,we want this from SVG but not this.... etc.> Only time will tell if we bite off a manageable lump of complexity, to> hit a sweet spot.See other recent post... unfortunately there may be multiple sweet spots.regardsJohn BirchThe views and opinions expressed are the author's own and do not necessarilyreflect the views and opinions of Screen Subtitling Systems Limited.",
            "docno": "lists-023-1268469",
            "received": "Wed Jan 21 05:25:01 2004",
            "isoreceived": "20040121102501",
            "sent": "Wed, 21 Jan 2004 10:31:02 -0000",
            "isosent": "20040121103102",
            "name": "Johnb@screen.subtitling.com",
            "email": "Johnb@screen.subtitling.com",
            "subject": "RE: [tt-af-1-0-req] Some (late) comments on the requirements",
            "id": "11E58A66B922D511AFB600A0244A722E9EE6F6@NTMAIL",
            "charset": "iso-8859-1",
            "inreplyto": "[tt-af-1-0-req] Some (late) comments on the requirements",
            "expires": "-1",
            "to": "shayes@microsoft.com\n",
            "cc": "public-tt@w3.org\n"
        },
        {
            "body": "Glenn  wrote:Keep in mind that we are creating an authoring format that is intended tomeet a variety of needs. This means that we don't have to choose amongmultiple solutions, but can support many at once. Nobody has proposed thatbitmap representations of text be given a preferred status.[JB> ] Sorry - I thought that was exactly what Sean was proposing -- \"Bitmaps are also useful to indicate non text (e.g. 'dog bark', 'music'), inthese cases it would also be wise to include an \"alt\" text, but in suchcases the graphic is probably the preferred rendering.\"[Note: I interpreted Seans 'non text' here as meaning non spoken as theexamples given **are** text.]Glenn  wrote:The TTWG has already identified a requirement to support embedded graphicsfor icons and other glyphs that aren't available via textual means. Thecurrent discussion was prompted by the consideration of whether to support ageneral mechanism to embed pre-rasterized text for those environments wheredelivery is limited to a rasterized form. I can see how it would be animportant feature for the author to be able to perform rasterizationthemselves and to deliver this either by itself or in conjunction with thetext that served as input (the latter would be preferred).[JB> ] I have to say that I personally find it difficult to conceive of ascenario where it would be preferable to **only** have pre-rasterised textin an file intended as an **authoring** format.Both pre-rasterized text bitmaps and character sequences are equally validrepresentations of 'text', but the issue is surely one of accessibility andeditability (which must be of paramount concern in an authoring format).Certainly there are **delivery** formats where 'text' is only carried inbitmap form (digital video subtitles being one example), but is it valid tocarry the limitations of a delivery format back into the authoring format? Acommon justification for pre-rasterised text is that the exact output formatis known (which of course also completely ignores the accessibility issue).But standards change: the introduction of widescreen and high definition TVstandards has invalidated many pre-rasterised text bitmaps originallydeveloped for standard definition TV.I would personally like to see pre-rasterised text content 'allowed' in aTTAF file **only if** an equivalent character text form of thepre-rasterised text was strongly recommended to also be included. Thischaracter text form might need to be descriptive where no direct characterequivalent was available. It might be included either as a) metadata for thepre-rasterised form, or b) an equivalent selected by some externalmechanism.Finally, if bitmap representations of **text** are to be part of a TTAF,then another issues arises:Are bitmaps that are definitely \"not text\" supported? (e.g. pictures) - oris there a case for allowing bitmaps only as direct text equivalents but notas images?Regards,John Birch._____From: Johnb@screen.subtitling.com [mailto:Johnb@screen.subtitling.com]Sent: Monday, May 19, 2003 12:43 PMSean,Comments interspersed:> -----Original Message-----> From: Sean Hayes [ mailto:shayes@microsoft.com<mailto:shayes@microsoft.com> ]> Sent: 16 May 2003 16:12> To: Glenn A. Adams; Johnb@screen.subtitling.com; public-tt@w3.org> Subject: RE: Timed Text (TT) Authoring Format 1.0 Use Cases and> Requirements - Comments!> Bitmaps are also useful to indicate non text (e.g. 'dog> bark', 'music'),How can 'dog bark' be non-text! It quite clearly **is** text. As is the word'music'. It may not be **spoken** text - dialog in a film say - but itcertainly is text.There are systems that use bitmaps to carry text content. In some cases thisis because of the non availability of a text glyph suitable for the purpose(e.g. musical note) or because the emphasis required for the content, e.g.colours or style is unavailable to a text representation. In other cases itmay be because of a desire to 'fix' the presentation style so that theviewer cannot alter it. However, I would strongly suggest that where it ispossible to do so - text is always represented as text - not in apre-rendered form. For what reason? Simply because in some cases the displayof the text content to the user may be via non-visual means (i.e. bycomputer speaking, Braille etc.) In those circumstances the presence of whatis basically text content (and in your examples - content intended for deafviewers) as bitmaps - renders that content unavailable.Sorry to hammer this point - but I think it important.... There are IMHO fewsound reasons for preferring a bitmap representation over a text one.Some examples where a bitmap **may** be prefered over text:Company logos (but should be accompanied by text description).Unique or special symbols e.g. musical notes on a stave (again should beaccompanied by text description).I might question as to whether these elements should be capable of beingcarried in a TTAF file at all.> in these cases it would also be wise to> include an \"alt\" text, but in such cases the graphic is> probably the preferred rendering.Why?Some good reasons why it might not be.a) User display is different resolution to anticipated.b) User display is different aspect ratio to anticipated.c) User display does not have the colour depth anticipated.d) User display does not have the capability to overlay bitmap data. (e.g.Braille display)> We have had a few> discussions on which should be considered the primary> rendering, and which a secondary. It is probable that TT will> have some author mechanism for expressing a preference order,> which can be overridden if it doesn't fit the capabilities of> the end user.Hmmm....  SMIL customTestAttributes anyone....   ;-)regards John Birch.",
            "docno": "lists-023-0231432",
            "received": "Tue May 20 06:16:31 2003",
            "isoreceived": "20030520101631",
            "sent": "Tue, 20 May 2003 11:20:11 +0100",
            "isosent": "20030520102011",
            "name": "Johnb@screen.subtitling.com",
            "email": "Johnb@screen.subtitling.com",
            "subject": "RE: Timed Text (TT) Authoring Format 1.0 Use Cases and Requiremen ts - Comments!",
            "id": "11E58A66B922D511AFB600A0244A722E093FCE@NTMAIL",
            "charset": "iso-8859-1",
            "inreplyto": "Timed Text (TT) Authoring Format 1.0 Use Cases and Requiremen ts - Comments!",
            "expires": "-1",
            "to": " public-tt@w3.org\n",
            "cc": " shayes@microsoft.com\n"
        },
        {
            "body": "A big Russian company may be become your representative in the Ural-Siberian region of  Russia.See the inclosure.text/html attachment: Dear_manager2.html",
            "docno": "lists-032-3416463",
            "received": "Tue Jun 11 06:50:47 2002",
            "isoreceived": "20020611105047",
            "sent": "Tue, 11 Jun 2002 16:50:33 +0600",
            "isosent": "20020611105033",
            "name": "??????????",
            "email": "copolimer@r66.ru",
            "subject": "The offer about possible cooperation",
            "id": "002101c21135$fe2b88c0$790000c0@menedger",
            "charset": "koi8-r",
            "expires": "-1",
            "to": "<s.jarvis@westminster.ac.uk>,<saeko@w3.org>,<sagarwal@mit.edu>,<saian@cityu.edu.hk>,<said@inrets.fr>,<sales@invision.net>,<saman@lcs.mit.edu>,<samira.cuny@bristol.ac.uk>,<sb@foo.org>,<sb@stilo.com>,<Scholarships@psac.com>,<schwarte@iwb.uni-stuttgart.de>,<sculpture@pamelastakermatson.com>,<sdaitch@mit.edu>,<secretary_SIGWEB@acm.org>,<selectrates@aol.com>,<seltsame@mit.edu>,<seth@graphics.lcs.mit.edu>,<sgml-internet@ebt.com>,<sgp@lcs.mit.edu>,<Shahnaz.Holder@man.ac.uk>,<shayes@microsoft.com>,<Sheila.Rowbotham@man.ac.uk>,<shireen@cag.lcs.mit.edu>,<Shivaram.Mysore@sun.com>,<shr-america@shr-america.com>,<sidd@membrane.com>,<Simon.Bulmer@man.ac.uk>,<simon.murray@aut.ac.nz>,<simonech@logicapiu.it>,<sintek@dfki.uni-kl.de>,<sir.annuaire@inria.fr>,<site-policy@w3.org>,<sjd@ebt.com>,<skippy@mit.edu>,<sls@n-partners.com>,<smcclurg@mtholyoke.edu>,<sofya@theory.lcs.mit.edu>,<spec-prod@w3.org>,<speh@polygon.math.cornell.edu>,<sp-prog@jclark.com>,<sp-prog-request@jclark.com>,<sraman@mit.edu>,<staffdir@man.ac.uk>,<staffing@essex.ac.uk>,<stamoua@psac.com>,<stanf@mit.edu>,<stanleyt@mit.edu>,<stanrost@lcs.mit.edu>,<StantonJ@ncr.disa.mil>,<stefan.roberts@man.ac.uk>,<stefan@db.stanford.edu>,<stephen.farrell@baltimore.ie>,<StephenB@stilo.com>,<steve.potter@man.ac.uk>,<steve@w3.org>,<stirlingsmith@email.msn.com>,<stonebraker@lcs.mit.edu>,<strik@server.inse.kiae.ru>,<strong@zurich.ai.mit.edu>,<strumpen@theory.lcs.mit.edu>,<su@essex.ac.uk>,<suh@mit.edu>,<sumner@graphics.lcs.mit.edu>,<sun@medg.lcs.mit.edu>,<support@wrox.com>,<susan.butterworth@man.ac.uk>,<susan@smp-services.com>,<susan@w3.org>,<svg-developers@yahoogroups.com>,<svg-testsuite-comments@w3.org>,<swang@glenfiddich.lcs.mit.edu>,<swick@w3.org>,<symposia@inria.fr>,<szhou@quark.com>,<tag@w3.org>,<taghdiri@mit.edu>,<tantekc@microsoft.com>,<tany@phoenix-c.or.jp>,<tdanford@mit.edu>,<tech@dwyer-inst.com>,<teejae@mit.edu>,<teevan@ai.mit.edu>,<Terry.King@man.ac.uk>,<texier@lcpc.fr>,<thies@mit.edu>,<thomas.deweese@kodak.com>,<Thomas.Uebel@man.ac.uk>,<thouis@graphics.lcs.mit.edu>,<Till.Krullmann@iname.com>,<tim.cornell@man.ac.uk>,<timothy.thompson@kodak.com>,<tkotwal@mit.edu>,<tmichel@w3.org>,<tom.mullin@man.ac.uk>,<Tony.Carew@umist.ac.uk>,<TroyS@visio.com>,<tsugawa.s@aist.go.jp>,<tuann@microsoft.com>,<tzhang@ma.man.ac.uk>\n"
        },
        {
            "body": "Hi Sean,<SH>At the BBC f2f we considered adding a 'word' level selector to XPath, so theexample might become:<cue select=\"p1/word(1)\" use=\"a2\" dur=\"1\"/><JB>I'd forgotten this was talked about at BBC F2F, I suspect that Glenn'ssuggestion of adopting XPath range notation is more appropriate - if solelyfrom a reuse principle :-). However the word selector does have merits (itsmore obvious what is happening, and it's more concise). Is the followingcorrect?<cue select=\"#xpointer(p1/range(1.0, 1.1)\" use=\"a2\" dur=\"1\"/>BTW I don't see a great issue with what a word selector would select -probably only Thai and similar languages where you would need to define whatthe behaviour was.... (line, character or use-dictionary?)<SH>On another topic in this thread, the notion of fitting a too long caption ina fixed size box, one approach might be some temporal additions to the CSS2overflow property.<JB>Indeed, I suggested some candidates (see below) :-) Tho' I'm not sure thatthey should / could bolt in to CSS.Bear in mind that these candidates come from my experience withsubtitling/captioning - and pre-suppose that there is a desire for atemporal-flow concept within TT-AF. It may be that TT-AF only supports anexplicit timing mechanism. I would argue that if TT-AF is considered to bevalid content within a SMIL 'container' document - where SMIL may define theregion for the content.... that some from of temporal flow may be desirable.It's synonymous with video in that sense - in that a video clip is actuallya series of still images flowed over time. SMIL does have some say over whathappens if the content doesn't fit the duration - it would be nice if TT-AFwas intrinsically able to define its own 'frame-rate'.fill-direction - regardless of writing mode - in subtitling/captioning -regions are filled from different directions depending on where they are onthe screen. E.g a top of screen subtitle will use the uppermost line first -then the second etc... Conversely a bottom of screen subtitle will use thelowest line first  - then the bottom two lines etc. This is to minimise theintrusion of the subtitle into the central picture area. The UA would need a'hint' in order to decide which direction is appropriate.fill-mode - basically the size of content used when filling a region - e.g.all | line | word | fragment.region-full-clear - is the region cleared when it fills - or does contentshift to make space - and by what extent (none | all | line | word |fragment)add-interval - A desired (target) interval between additions (auto | value)read-interval - The desired (target read-interval) - how long the lastcontent must 'hang' to allow reading.tidemark - A subtle wrinkle - you may wish to nominally have just two linesubtitles - but allow three liners if the amount of content demands it. Thetidemark would define when to typically consider a clear down in pop mode -but might be overwritten by the content / time demands.Of course these concepts are not just limited to TT-AF for subtitling /captioning - but have application in many other areas....regardsJohn BirchThe views and opinions expressed are the author's own and do not necessarilyreflect the views and opinions of Screen Subtitling Systems Limited.",
            "docno": "lists-022-13915916",
            "received": "Mon Aug 11 05:25:39 2003",
            "isoreceived": "20030811092539",
            "sent": "Mon, 11 Aug 2003 10:36:01 +0100",
            "isosent": "20030811093601",
            "name": "Johnb@screen.subtitling.com",
            "email": "Johnb@screen.subtitling.com",
            "subject": "RE: TT and subtitling/captioning - separating timing from style f rom content",
            "id": "11E58A66B922D511AFB600A0244A722E9EE570@NTMAIL",
            "charset": "iso-8859-1",
            "inreplyto": "TT and subtitling/captioning - separating timing from style f rom content",
            "expires": "-1",
            "to": "shayes@microsoft.com\n",
            "cc": "public-tt@w3.org\n"
        },
        {
            "body": "At the BBC f2f we considered adding a 'word' level selector to XPath, sothe example might become:<style>p { display : none; color: blue }</style><animations><animation id=\"a1\"><set attributeName=\"display\" to=\"auto\"/></animation><animation id=\"a2\"><set attributeName=\"color\" to=\"red\"/></animation></animations><par><cue select=\"id(p1)\" use=\"a1\"/><seq><cue select=\"p1/word(1)\" use=\"a2\" dur=\"1\"/><cue select=\"p1/word(2)\" use=\"a2\" dur=\"1\"/><cue select=\"p1/word(3))\" use=\"a2\" dur=\"1\"/><cue select=\"p1/word(4)\" use=\"a2\" dur=\"1\"/><cue select=\"p1/word(5)\" use=\"a2\" dur=\"1\"/><cue select=\"p1/word(6)\" use=\"a2\" dur=\"1\"/></seq></par></par><p id=\"p1\">Scooby dooby doo where are you?</p>However what word is defined as (e.g. some sort of regular expression),might be highly language sensitive.On another topic in this thread, the notion of fitting a too longcaption in a fixed size box, one approach might be some temporaladditions to the CSS2 overflow property.Sean HayesEuropean Standards and StrategyMicrosoftMobile Phone: +44 (0) 7977 455002________________________________From: public-tt-request@w3.org [mailto:public-tt-request@w3.org] OnBehalf Of Johnb@screen.subtitling.comSent: 08 August 2003 17:26Subject: RE: TT and subtitling/captioning - separating timing from stylef rom contentGlenn,The last cue does not select content because I want theanimation to affect the content already selected by the previous twocues.GA: this would still require selecting content. It wouldbe awkward to have an implicit selection.[JB> ] I don't have a problem with selecting the content- I can see how implicit slection could cause complications witrhinherited style etc.in your example reproduced below....<style>p { display : none; color: blue }</style><animations><animation id=\"a1\"><set attributeName=\"display\" to=\"auto\"/></animation><animation id=\"a2\"><set attributeName=\"color\" to=\"red\"/></animation></animations><par><cue select=\"id(p1)\" use=\"a1\"/><seq><cue select=\"id(w1)\" use=\"a2\" dur=\"1\"/><cue select=\"id(w2)\" use=\"a2\" dur=\"1\"/><cue select=\"id(w3)\" use=\"a2\" dur=\"1\"/><cue select=\"id(w4)\" use=\"a2\" dur=\"1\"/><cue select=\"id(w5)\" use=\"a2\" dur=\"1\"/><cue select=\"id(w6)\" use=\"a2\" dur=\"1\"/></seq></par></par>...<p id=\"p1\"><span id=\"w1\">Scooby</span><span id=\"w2\">dooby</span><span id=\"w3\">doo</span>,<span id=\"w4\">where</span><span id=\"w5\">are</span><span id=\"w6\">you</span>?</p>Can we dispense with the spans, i.e. is there a way that the select canextract from a single element. BTW Your spans lost the whitespace -unless there is some assumed mechanism for re-inserting it?.<p id=\"p1\">Scooby dooby doo where are you?</p>regardsJohn BirchThe views and opinions expressed are the author's own and do notnecessarilyreflect the views and opinions of Screen Subtitling Systems Limited.",
            "docno": "lists-022-13864905",
            "received": "Fri Aug  8 12:24:40 2003",
            "isoreceived": "20030808162440",
            "sent": "Fri, 8 Aug 2003 17:24:42 +0100",
            "isosent": "20030808162442",
            "name": "Sean Hayes",
            "email": "shayes@microsoft.com",
            "subject": "RE: TT and subtitling/captioning - separating timing from style f rom content",
            "id": "4B23D310E1AB5B49BC52CEE8D36B96005E2268@EUR-MSG-03.europe.corp.microsoft.com",
            "charset": "us-ascii",
            "inreplyto": "TT and subtitling/captioning - separating timing from style f rom content",
            "expires": "-1",
            "to": " glenn@xfsi.com\n",
            "cc": " public-tt@w3.org\n"
        },
        {
            "body": "Sean,Comments interspersed:> -----Original Message-----> From: Sean Hayes [mailto:shayes@microsoft.com]> Sent: 16 May 2003 16:12> To: Glenn A. Adams; Johnb@screen.subtitling.com; public-tt@w3.org> Subject: RE: Timed Text (TT) Authoring Format 1.0 Use Cases and> Requirements - Comments!> Bitmaps are also useful to indicate non text (e.g. 'dog> bark', 'music'),How can 'dog bark' be non-text! It quite clearly **is** text. As is the word'music'. It may not be **spoken** text - dialog in a film say - but itcertainly is text.There are systems that use bitmaps to carry text content. In some cases thisis because of the non availability of a text glyph suitable for the purpose(e.g. musical note) or because the emphasis required for the content, e.g.colours or style is unavailable to a text representation. In other cases itmay be because of a desire to 'fix' the presentation style so that theviewer cannot alter it. However, I would strongly suggest that where it ispossible to do so - text is always represented as text - not in apre-rendered form. For what reason? Simply because in some cases the displayof the text content to the user may be via non-visual means (i.e. bycomputer speaking, Braille etc.) In those circumstances the presence of whatis basically text content (and in your examples - content intended for deafviewers) as bitmaps - renders that content unavailable.Sorry to hammer this point - but I think it important.... There are IMHO fewsound reasons for preferring a bitmap representation over a text one.Some examples where a bitmap **may** be prefered over text:Company logos (but should be accompanied by text description).Unique or special symbols e.g. musical notes on a stave (again should beaccompanied by text description).I might question as to whether these elements should be capable of beingcarried in a TTAF file at all.> in these cases it would also be wise to> include an \"alt\" text, but in such cases the graphic is> probably the preferred rendering.Why?Some good reasons why it might not be.a) User display is different resolution to anticipated.b) User display is different aspect ratio to anticipated.c) User display does not have the colour depth anticipated.d) User display does not have the capability to overlay bitmap data. (e.g.Braille display)> We have had a few> discussions on which should be considered the primary> rendering, and which a secondary. It is probable that TT will> have some author mechanism for expressing a preference order,> which can be overridden if it doesn't fit the capabilities of> the end user.Hmmm....  SMIL customTestAttributes anyone....   ;-)regards John Birch.",
            "docno": "lists-023-0204994",
            "received": "Mon May 19 12:39:34 2003",
            "isoreceived": "20030519163934",
            "sent": "Mon, 19 May 2003 17:43:04 +0100",
            "isosent": "20030519164304",
            "name": "Johnb@screen.subtitling.com",
            "email": "Johnb@screen.subtitling.com",
            "subject": "RE: Timed Text (TT) Authoring Format 1.0 Use Cases and Requiremen ts -  Comments!",
            "id": "11E58A66B922D511AFB600A0244A722E093FCD@NTMAIL",
            "charset": "iso-8859-1",
            "inreplyto": "Timed Text (TT) Authoring Format 1.0 Use Cases and Requiremen ts -  Comments!",
            "expires": "-1",
            "to": "public-tt@w3.org\n",
            "cc": "shayes@microsoft.com\n"
        },
        {
            "body": "Haven't gone over the draft yet, but wanted to reply to the bitmap topicraised.Bitmaps may be preferred on some renderers, but I think it may becounterproductive to treat the text as \"alt\" or optional, since manyprevalent renderers (including closed captioning, SAMI and quite a fewsubtitling devices I've run across) don't have capability for embedded (orany) bitmaps.  One constituency we're trying to help with timed *text* canend up being visually impaired folks who are using Braille readers.  Text isalso nicer if one is going to try and co-opt TT data for indexing/librarypurposes.  This isn't to say I'm anti-bitmap or anything, just that theremight be some benefit to keeping the emphasis on text capabilities.Probably just being paranoid...> -----Original Message-----> From: Sean Hayes [mailto:shayes@microsoft.com]> Sent: Friday, May 16, 2003 9:12 AM> To: Glenn A. Adams; Johnb@screen.subtitling.com; public-tt@w3.org> Subject: RE: Timed Text (TT) Authoring Format 1.0 Use Cases and> Requirements - Comments!>>>> One comment:>> Bitmaps are also useful to indicate non text (e.g. 'dog> bark', 'music'), in these cases it would also be wise to> include an \"alt\" text, but in such cases the graphic is> probably the preferred rendering. We have had a few> discussions on which should be considered the primary> rendering, and which a secondary. It is probable that TT will> have some author mechanism for expressing a preference order,> which can be overridden if it doesn't fit the capabilities of> the end user.>> ________________________________>> From: public-tt-request@w3.org on behalf of Glenn A. Adams> Sent: Fri 16/05/2003 14:34> To: Johnb@screen.subtitling.com; public-tt@w3.org> Subject: RE: Timed Text (TT) Authoring Format 1.0 Use Cases> and Requirements - Comments!>>> Thanks for your comments! I have a few responses/comments> below inline.>> G.>>>> ________________________________>> From: Johnb@screen.subtitling.com> [mailto:Johnb@screen.subtitling.com]> Sent: Friday, May 16, 2003 5:35 AM> To: public-tt@w3.org>>>> Dear TTWG,> I have just read the draft document Timed Text (TT)> Authoring Format 1.0 Use Cases and Requirements - very clear> and comprehensive.>> Please find below some comments.> Note in all my comments you may freely substitute> caption* for subtitl*  !   :-)>> RE: Issue (I002):> >Should block level graphics be supported, e.g., to> permit pre-rasterization of entire lines or blocks of lines> of text to serve as alternate content? For example, some> subtitling systems use pre-rasterized text that are> represented as bitmap graphics.>> It is certainly true that **some** subtitling systems> use pre-rasterised text. This is recognised within subtitling> as having distinct disadvantages/advantages:>> A: Self-evidently pre-rasterised text precludes the> ability to **easily** modify and qualify subtitle files after> they have been produced by the subtitler.>> B: Pre-rasterised text requires a greater> bandwidth/storage capacity than existing file formats used to> code subtitles.> C: Pre-rasterised text does not scale well.> D: Pre-rasterised text imposes 'producer' choices on> the 'consumer' - this may contradict with the required 'house> styles' used by consumer.>> There are some advantages: (some of which perversely> are the inverse of the above)> A: Pre-rasterised text imposes a certain protection on> subtitle files, potentially requiring that changes are> performed only by a suitably equipped subtitler.>> B: Pre-rasterised text may be previewed by a more> simple common viewer agent.> C: Pre-rasterised text may allow for more sophisticated> text effects and styles that cannot be easily produced 'in> real time' at a later stage in the subtitling chain. E.g. 3D> glyphs, metallic surfaces and textures...>> D: Pre-rasterised text avoids the 'consumer'> detrimentally altering the subtitles (e.g. by selecting too> large or small a font) - there is a clear responsibility for> poor subtitles.>> While I would not advocate excluding pre-rasterised> text - I would advocate that pre-rasterised text ONLY occurs> in a TTAF together with a non pre-rasterised form. Further I> do not like the term alternate content - as to me it implies> that the pre-rasterised form is the 'second' choice - this> may not be the intention of the author / user. Surely> pre-rasterised text is still text?>> The idea here was to have an ability to author TT> content with pre-rasterized text in addition to the> non-rasterized text. I would agree that if we allow> pre-rasterized text, then we should mandate the presence of> the non-rastserized form as well.>> Regarding the question \"[is] pre-rasterized text still> text?\", I'm not sure it matters how we characterize it. I can> see effective arguments both for and against it being> characterized as text in a rasterized form.>> RE: R502 - Highlight Animation:> >The TT AF shall be capable of expressing animated> highlighting of content, with granularity at the level of> individual characters or glyphs.>> The list of animated style parameters is some what> restrictive IMHO - being limited to colour changes,> visibility and position. Certainly for Karaoke I would> suggest that the ability to decorate text (by underline -> floating dot etc) might be desirable. Other desirable> possibilities for highlighting might include changes to text> emphasis (e.g. bold) or even font style / family. One> characteristic of highlighting is that it should not IMHO> alter the text flow, that is any highlighting of text content> should not affect the position of **any** currently displayed> glyphs during highlighting.>> It remains an open question as to whether to permit> animation that would cause reflow. Animation of boldness> would cause reflow since it changes font metrics; however,> animation of underlining and other similar decorations> probably would not cause reflow (if specified carefully).> Please feel free to propose additions of new properties for> which animation should be permitted, and identify whether> reflow would be required or not for such animation.>> RE: Issue (I005):> >The rights (accessrights) metadata item defined by> [DCMES 1.1]<http://www.w3.org/TR/2003/WD-tt-af-1-0-req-20030515/> has not been includedhere, pending further consideration of whether and what intellectualproperty rights management (IPRM) related metadata to explicitly support inthe TT AF.The inclusion of some form of rights and accessrights information isIMHO very important. Also of concern is the need to protect the intellectualproperty of the content. Speaking only wrt subtitle files - these are costlyto produce - and many users regard a subtitle file as a significant asset.The inclusion of rights metadata does not protect the content fromunscrupulous exploitation. Is there a means by which the content of the file(by which I mean the Timing / Style and Text) might be encrypted - whilstleaving the metadata in the clear?Please propoes specific meta data items and their value syntax andsemantics to serve the needs you feel are important.",
            "docno": "lists-023-0159486",
            "received": "Fri May 16 12:56:37 2003",
            "isoreceived": "20030516165637",
            "sent": "Fri, 16 May 2003 09:58:07 -0700",
            "isosent": "20030516165807",
            "name": "Jason Terando",
            "email": "jterando@rapidtext.com",
            "subject": "RE: Timed Text (TT) Authoring Format 1.0 Use Cases and Requiremen ts -  Comments!",
            "id": "61F38EE08D2FD511AB270050DA8B6EAFBA887A@mail.rapidtext.com",
            "charset": "iso-8859-1",
            "inreplyto": "Timed Text (TT) Authoring Format 1.0 Use Cases and Requiremen ts -  Comments!",
            "expires": "-1",
            "to": "\"Timed Text Mailing List (E-mail)\"<public-tt@w3.org>\n"
        }
    ]
}