{
    "id": "candidate-0022",
    "name": "Daigo Matsubara",
    "gender": "MALE",
    "email": "daigo@w3.org",
    "mails": [
        {
            "body": "Hello Xan,At Tue, 14 Oct 2003 13:12:58 -0700,Susan Lesch wrote:> [forwarding to the W3C Systems Team]>> At 12:09 -0400 10/13/03, Xan Gregg wrote:> >There seems to be an incompatibility between the W3C mail list> >archives and MS Outlook 2002/2003.  Others have noted it, and I> >expounded on the problem some a month ago [1].  I've been told that> >the Outlook 2002 messages do have the correct soft line breaks when> >they leave the corporate mail gateway, so I'm not so sure that is> >the problem.> >This is becoming a bigger and bigger problem for W3C communications.> >Can someone figure out that the problem really is?  Something in> >Outlook 2002/2003 output?  Or at W3C mail receiver?  Or at an> >intermediate server?  Is there a better place to ask this question?\"soft line break\" means \"a non-significant line break in the encodedtext (RFC2045)\" of quoted-printable encoding. So our archive systemremoved them and combined lines.To solve problem, could you please check the value of \"Automaticallywrap text\"? It should be smaller than 76 (70 is safe for deepquotation), or should be enough large (100, for example) and should beline-broken manually within 76 characters.> >Thanks,> >xan> >> >[1] http://lists.w3.org/Archives/Public/site-comments/2003Sep/0047.html>>> --> Susan Lesch           http://www.w3.org/People/Lesch/> mailto:lesch@w3.org               tel:+1.858.483.4819> World Wide Web Consortium (W3C)    http://www.w3.org/Thanks,--Daigo Matsubara / W3C Systems Team / mailto:daigo@w3.org",
            "docno": "lists-029-0231463",
            "received": "Fri Oct 17 10:41:40 2003",
            "isoreceived": "20031017144140",
            "sent": "Fri, 17 Oct 2003 23:41:17 +0900",
            "isosent": "20031017144117",
            "name": "Daigo Matsubara",
            "email": "daigo@w3.org",
            "subject": "[closed] Re: Mail Archives vs. Outlook",
            "id": "nm8y8vkvsdu.wl@natto.w3.mag.keio.ac.jp",
            "charset": "US-ASCII",
            "inreplyto": "05111b0ebbb20929c803&#64;[192.168.123.158]",
            "expires": "-1",
            "to": " Susan Lesch<lesch@w3.org>\n",
            "cc": " Xan Gregg<xan.gregg@jmp.com>,site-comments@w3.org\n"
        },
        {
            "body": "List_Name: copras-publicRequester_Email: rigoListPurpose: This list is the public mailing-list for the coprasEU-Project. This project is set up to coach IST-Projects underIST-Framework 6 into the standardization process. This list will beused to interface publicly with IST-ProjectsMaintaining_Activity: Copras EU-Project--Daigo Matsubara / W3C Systems Team / mailto:daigo@w3.org",
            "docno": "lists-000-0012197",
            "received": "Fri Feb 13 03:31:25 2004",
            "isoreceived": "20040213083125",
            "sent": "Fri, 13 Feb 2004 17:31:24 +0900",
            "isosent": "20040213083124",
            "name": "Daigo Matsubara",
            "email": "daigo@w3.org",
            "subject": "new list",
            "id": "nm8isib2xer.wl@natto.w3.mag.keio.ac.jp",
            "charset": "US-ASCII",
            "expires": "-1",
            "to": "copras-public@w3.org\n"
        },
        {
            "body": "List_Name: public-cwm-talkListPurpose:General discussion of <ahref=\"http://www.w3.org/2000/10/swap/doc/cwm.html\"> cwm </a>.  Seealso public-cwm-bugs for bug reports and public-cwm-announce forannouncements about cwm from the developers.Maintaining_Activity: Semantic Web--Daigo Matsubara / W3C Systems Team / mailto:daigo@w3.org",
            "docno": "lists-014-12168700",
            "received": "Fri Jan 23 02:55:15 2004",
            "isoreceived": "20040123075515",
            "sent": "Fri, 23 Jan 2004 16:55:14 +0900",
            "isosent": "20040123075514",
            "name": "Daigo Matsubara",
            "email": "daigo@w3.org",
            "subject": "new list",
            "id": "nm8y8rzayl9.wl@natto.w3.mag.keio.ac.jp",
            "charset": "USASCII",
            "expires": "1",
            "to": "public-cwm-talk@w3.org\n"
        },
        {
            "body": "public-esw-news:A mailing list for monthly news about the SWAD Europe project.--Daigo Matsubara / W3C Systems Team / mailto:daigo@w3.org",
            "docno": "lists-014-12395302",
            "received": "Tue Oct 28 07:42:25 2003",
            "isoreceived": "20031028124225",
            "sent": "Tue, 28 Oct 2003 21:42:23 +0900",
            "isosent": "20031028124223",
            "name": "Daigo Matsubara",
            "email": "daigo@w3.org",
            "subject": "new list",
            "id": "nm8r80x5ya8.wl@natto.w3.mag.keio.ac.jp",
            "charset": "USASCII",
            "expires": "1",
            "to": "public-esw-news@w3.org\n"
        },
        {
            "body": "List_Name: public-annotation-dev(Note: received as www-annotation-dev)Requester_Email: ericListPurpose: This list is for the discussion of annoteadevelopment. It is likely to be high trafic and only interesting todevelopers. If you wish to join the annotation development team,please send mail to the maintainer describing your and areas ofinterest/expertise.Maintaining_Activity: Annotea--Daigo Matsubara / W3C Systems Team / mailto:daigo@w3.org",
            "docno": "lists-014-8406569",
            "received": "Tue Feb 10 07:24:52 2004",
            "isoreceived": "20040210122452",
            "sent": "Tue, 10 Feb 2004 21:24:34 +0900",
            "isosent": "20040210122434",
            "name": "Daigo Matsubara",
            "email": "daigo@w3.org",
            "subject": "new list",
            "id": "nm8y8rb2kcd.wl@natto.w3.mag.keio.ac.jp",
            "charset": "USASCII",
            "expires": "1",
            "to": "public-annotation-dev@w3.org\n"
        },
        {
            "body": "List_Name: public-rdf-dawgRequester_Email: ericAudience: no_archiveListPurpose: This is the <em>RDF Data Access Working Group</em>mailing list. Please keep traffic relevent to working groupbusinessMaintaining_Activity: Semantic Web--Daigo Matsubara / W3C Systems Team / mailto:daigo@w3.org",
            "docno": "lists-020-15382778",
            "received": "Thu Mar  4 03:22:49 2004",
            "isoreceived": "20040304082249",
            "sent": "Thu, 04 Mar 2004 17:22:47 +0900",
            "isosent": "20040304082247",
            "name": "Daigo Matsubara",
            "email": "daigo@w3.org",
            "subject": "new list",
            "id": "nm8hdx59g2w.wl@natto.w3.mag.keio.ac.jp",
            "charset": "US-ASCII",
            "expires": "-1",
            "to": "public-rdf-dawg@w3.org\n"
        },
        {
            "body": "List_Name: public-svg-implementorsRequester_Email: chrisListPurpose: The intent of this list is to encourage discussion of SVGimplementation techniques among SVG implementors, to streamline thecollection of implementor feedback - particularly third party,non-W3C-Member implementors - and thus to help the SVG WG make abetter specification and to aid the SVG Candidate Recommendationphase.Maintaining_Activity: Graphics--Daigo Matsubara / W3C Systems Team / mailto:daigo@w3.org",
            "docno": "lists-021-6286744",
            "received": "Fri Feb 13 02:56:36 2004",
            "isoreceived": "20040213075636",
            "sent": "Fri, 13 Feb 2004 16:56:35 +0900",
            "isosent": "20040213075635",
            "name": "Daigo Matsubara",
            "email": "daigo@w3.org",
            "subject": "new list",
            "id": "nm8lln72z0s.wl@natto.w3.mag.keio.ac.jp",
            "charset": "US-ASCII",
            "expires": "-1",
            "to": "public-svg-implementors@w3.org\n"
        },
        {
            "body": "List_Name: public-cwm-bugsListPurpose: Reports of bugs or potential bugs in <ahref=\"http://www.w3.org/2000/10/swap/doc/cwm.html\">cwm</a>.Maintaining_Activity: Semantic Web--Daigo Matsubara / W3C Systems Team / mailto:daigo@w3.org",
            "docno": "lists-014-11393716",
            "received": "Fri Jan 23 02:19:48 2004",
            "isoreceived": "20040123071948",
            "sent": "Fri, 23 Jan 2004 16:19:47 +0900",
            "isosent": "20040123071947",
            "name": "Daigo Matsubara",
            "email": "daigo@w3.org",
            "subject": "new list",
            "id": "nm81xprcess.wl@natto.w3.mag.keio.ac.jp",
            "charset": "USASCII",
            "expires": "1",
            "to": "public-cwm-bugs@w3.org\n"
        },
        {
            "body": "List_Name: public-procmodel-commentsRequester_Email: liamAudience: publicListPurpose: This list is for sending public comments on therequirements document for the XML Processing Model.Maintaining_Activity: XML Activity--Daigo Matsubara / W3C Systems Team / mailto:daigo@w3.org",
            "docno": "lists-017-9873160",
            "received": "Wed Mar 31 04:50:50 2004",
            "isoreceived": "20040331095050",
            "sent": "Wed, 31 Mar 2004 18:47:38 +0900",
            "isosent": "20040331094738",
            "name": "Daigo Matsubara",
            "email": "daigo@w3.org",
            "subject": "new list",
            "id": "nm865clfiv9.wl@natto.w3.mag.keio.ac.jp",
            "charset": "USASCII",
            "expires": "1",
            "to": "public-procmodel-comments@w3.org\n"
        },
        {
            "body": "List_Name: public-swbp-wgRequester_Email: swickListPurpose: This is the primary discussion list for participants inthe Semantic Web Best Practices and Deployment WG. Subscription to thelist is restricted to WG participants.Maintaining_Activity: Semantic Web--Daigo Matsubara / W3C Systems Team / mailto:daigo@w3.org",
            "docno": "lists-021-15653014",
            "received": "Thu Feb 26 06:54:58 2004",
            "isoreceived": "20040226115458",
            "sent": "Thu, 26 Feb 2004 20:54:57 +0900",
            "isosent": "20040226115457",
            "name": "Daigo Matsubara",
            "email": "daigo@w3.org",
            "subject": "new list",
            "id": "nm87jyat5ri.wl@natto.w3.mag.keio.ac.jp",
            "charset": "US-ASCII",
            "expires": "-1",
            "to": "public-swbp-wg@w3.org\n"
        },
        {
            "body": "ListPurpose: <p>The <a href=\"http://www.w3.org/2001/tag/\">TAG</a>welcomes comments on this list about the TAG's document <ahref=\"http://www.w3.org/TR/webarch/\">Architecture of the World WideWeb</a>. Please note that your comments will be archived on a publicmailing list.</p>Maintaining_Activity: TAG--Daigo Matsubara / W3C Systems Team / mailto:daigo@w3.org",
            "docno": "lists-023-14559902",
            "received": "Mon Dec  8 05:47:43 2003",
            "isoreceived": "20031208104743",
            "sent": "Mon, 08 Dec 2003 19:47:42 +0900",
            "isosent": "20031208104742",
            "name": "Daigo Matsubara",
            "email": "daigo@w3.org",
            "subject": "new list",
            "id": "nm8iskrk2lt.wl@natto.w3.mag.keio.ac.jp",
            "charset": "US-ASCII",
            "expires": "-1",
            "to": "public-webarch-comments@w3.org\n"
        },
        {
            "body": "List_Name: public-xml-schema-testsuiteRequester_Email: cmsmcqListPurpose: Public discussion of the XML Schema test suite.Questions about usage, reports of problems, questions about whether atest is correct or not, all go here.Maintaining_Activity: XML Activity--Daigo Matsubara / W3C Systems Team / mailto:daigo@w3.org",
            "docno": "lists-027-13427382",
            "received": "Fri Mar 26 06:46:05 2004",
            "isoreceived": "20040326114605",
            "sent": "Fri, 26 Mar 2004 20:44:53 +0900",
            "isosent": "20040326114453",
            "name": "Daigo Matsubara",
            "email": "daigo@w3.org",
            "subject": "new list",
            "id": "nm8isgrsuh6.wl@natto.w3.mag.keio.ac.jp",
            "charset": "US-ASCII",
            "expires": "-1",
            "to": "public-xml-schema-testsuite@w3.org\n"
        },
        {
            "body": "List_Name: public-rdf-dawg-commentsRequester_Email: ericAudience: publicListPurpose: This is a forum for public feedback to documentscreated by the <a href=\"www.w3.org/2001/sw/DataAccess/\">RDF DataAccess Working Group</a>.Maintaining_Activity: Semantic Web--Daigo Matsubara / W3C Systems Team / mailto:daigo@w3.org",
            "docno": "lists-020-9869270",
            "received": "Mon May 10 14:51:50 2004",
            "isoreceived": "20040510185150",
            "sent": "Tue, 11 May 2004 03:51:00 +0900",
            "isosent": "20040510185100",
            "name": "Daigo Matsubara",
            "email": "daigo@w3.org",
            "subject": "new list",
            "id": "nm87jvkce0b.wl@toro.w3.mag.keio.ac.jp",
            "charset": "US-ASCII",
            "expires": "-1",
            "to": "public-rdf-dawg-comments@w3.org\n"
        },
        {
            "body": "List_Name: public-webapps-cdf-discussRequester_Email: deanListPurpose: To provide a public discussion forum for the topics ofWeb Applications and Compound Documents.Maintaining_Activity: Interaction--Daigo Matsubara / W3C Systems Team / mailto:daigo@w3.org",
            "docno": "lists-023-14308546",
            "received": "Mon Apr  5 10:15:34 2004",
            "isoreceived": "20040405141534",
            "sent": "Mon, 05 Apr 2004 23:15:21 +0900",
            "isosent": "20040405141521",
            "name": "Daigo Matsubara",
            "email": "daigo@w3.org",
            "subject": "new list",
            "id": "nm84qryecjq.wl@natto.w3.mag.keio.ac.jp",
            "charset": "US-ASCII",
            "expires": "-1",
            "to": "public-webapps-cdf-discuss@w3.org\n"
        },
        {
            "body": "List_Name: public-xml-schema-testsuite-submitRequester_Email: cmsmcqListPurpose: For correspondence relating to the submission of tests tothe XML Schema test suite. General discussion goes to <ahref=\"mailto:public-xml-schema-testsuite@w3.org\">public-xml-schema-testsuite</a>,not here.Maintaining_Activity: XML Activity--Daigo Matsubara / W3C Systems Team / mailto:daigo@w3.org",
            "docno": "lists-027-13395501",
            "received": "Fri Mar 26 08:02:58 2004",
            "isoreceived": "20040326130258",
            "sent": "Fri, 26 Mar 2004 21:59:35 +0900",
            "isosent": "20040326125935",
            "name": "Daigo Matsubara",
            "email": "daigo@w3.org",
            "subject": "new list",
            "id": "nm8ekrfsr0o.wl@natto.w3.mag.keio.ac.jp",
            "charset": "US-ASCII",
            "expires": "-1",
            "to": "public-xml-schema-testsuite-submit@w3.org\n"
        },
        {
            "body": "public-wcag2-techs@w3.orgMaintaining_Activity: WCAG WG--Daigo Matsubara / W3C Systems Team / mailto:daigo@w3.org",
            "docno": "lists-023-9407272",
            "received": "Thu Oct  9 02:41:47 2003",
            "isoreceived": "20031009064147",
            "sent": "Thu, 09 Oct 2003 15:37:06 +0900",
            "isosent": "20031009063706",
            "name": "Daigo Matsubara",
            "email": "daigo@w3.org",
            "subject": "",
            "id": "nm81xtmex2l.wl@natto.w3.mag.keio.ac.jp",
            "charset": "US-ASCII",
            "expires": "-1",
            "to": "public-wcag2-techs@w3.org\n"
        },
        {
            "body": "ListPurpose: Discussion list on W3C in Chinese, using simplified Hancharacters. Aimed primarily at the Web community of mainland China asa discussion forum. The list is summarized in English time to time bythe <a href=\"http://www.w3c.org.hk/Chinese_S/index.html\">W3C Hong KongOffice</a> and the summary is forwarded to W3C.Maintaining_Activity: Offices--Daigo Matsubara / W3C Systems Team / mailto:daigo@w3.org",
            "docno": "lists-023-3348522",
            "received": "Fri Dec  5 02:23:03 2003",
            "isoreceived": "20031205072303",
            "sent": "Fri, 05 Dec 2003 15:54:37 +0900",
            "isosent": "20031205065437",
            "name": "Daigo Matsubara",
            "email": "daigo@w3.org",
            "subject": "new list",
            "id": "nm8r7zjn49e.wl@natto.w3.mag.keio.ac.jp",
            "charset": "US-ASCII",
            "expires": "-1",
            "to": "public-w3c-talk-china@w3.org\n"
        },
        {
            "body": "List_Name: public-cwm-announceListPurpose: Moderated list of announcements about <ahref=\"\"http://www.w3.org/2000/10/swap/doc/cwm.html>cwm</a>, of generalinterest to cwm users and prospective users.Maintaining_Activity: Semantic Web--Daigo Matsubara / W3C Systems Team / mailto:daigo@w3.org",
            "docno": "lists-014-11149989",
            "received": "Fri Jan 23 01:47:33 2004",
            "isoreceived": "20040123064733",
            "sent": "Fri, 23 Jan 2004 15:47:31 +0900",
            "isosent": "20040123064731",
            "name": "Daigo Matsubara",
            "email": "daigo@w3.org",
            "subject": "new list",
            "id": "nm84quncgak.wl@natto.w3.mag.keio.ac.jp",
            "charset": "USASCII",
            "expires": "1",
            "to": "public-cwm-announce@w3.org\n"
        },
        {
            "body": "List_Name: public-ws-media-typesRequester_Email: dboothMaintainer_Email: dboothListPurpose: This mailing list is for discussion of Media Types asthey pertain to Web services, and how they should be addressed in aschema document.&nbsp; It was created for the joint Media Types taskforce between the <a href=\"http://www.w3.org/2002/ws/desc/\">WebServices Description working group</a> and the <ahref=\"http://www.w3.org/2000/xp/Group/\">XMLP working group</a>.Maintaining_Activity: Web Services--Daigo Matsubara / W3C Systems Team / mailto:daigo@w3.org",
            "docno": "lists-027-9043169",
            "received": "Mon Dec 22 00:37:33 2003",
            "isoreceived": "20031222053733",
            "sent": "Mon, 22 Dec 2003 14:37:32 +0900",
            "isosent": "20031222053732",
            "name": "Daigo Matsubara",
            "email": "daigo@w3.org",
            "subject": "new list",
            "id": "nm87k0p5s6b.wl@natto.w3.mag.keio.ac.jp",
            "charset": "US-ASCII",
            "expires": "-1",
            "to": "public-ws-media-types@w3.org\n"
        },
        {
            "body": "> \"soft line break\" means \"a non-significant line break in the encoded> text (RFC2045)\" of quoted-printable encoding. So our archive system> removed them and combined lines.Surely the usefulness of soft line breaks is so that message viewers can wrap text freely to the user display knowing that they're not destroying significant line breaks.  I think the Archive utility that converts a message to HTML should apply some wrapping for the sake of readability.  If you still want to indicate which line breaks were in the original message then use a symbol for it in the HTML.The current Archive behavior confounds member communication.(I've changed my \"Automatically wrap text\" value to 70 for this message.)xan",
            "docno": "lists-029-0241420",
            "received": "Fri Oct 17 12:09:21 2003",
            "isoreceived": "20031017160921",
            "sent": "Fri, 17 Oct 2003 12:09:19 -0400",
            "isosent": "20031017160919",
            "name": "Xan Gregg",
            "email": "Xan.Gregg@jmp.com",
            "subject": "RE: [closed] Re: Mail Archives vs. Outlook",
            "id": "EFA630DC919FFE4BAF7E353ACB2C0AA104F72613@merc17.na.sas.com",
            "charset": "us-ascii",
            "inreplyto": "[closed] Re: Mail Archives vs. Outlook",
            "expires": "-1",
            "to": "\"Daigo Matsubara\"<daigo@w3.org>,\"Susan Lesch\"<lesch@w3.org>\n",
            "cc": "<site-comments@w3.org>\n"
        },
        {
            "body": "List_Name: public-xml-core-wgRequester_Email: htAudience: publicListPurpose: Main mailing list for <a href=\"http://www.w3.org/XML/Core/\">XML Core Working Group</a>Maintaining_Activity: XML--Daigo Matsubara / W3C Systems Team / mailto:daigo@w3.org",
            "docno": "lists-027-12801267",
            "received": "Thu Jun 10 05:19:23 2004",
            "isoreceived": "20040610091923",
            "sent": "Thu, 10 Jun 2004 18:19:21 +0900",
            "isosent": "20040610091921",
            "name": "Daigo Matsubara",
            "email": "daigo@w3.org",
            "subject": "new list",
            "id": "nm8brjrojmu.wl@toro.w3.mag.keio.ac.jp",
            "charset": "US-ASCII",
            "expires": "-1",
            "to": "public-xml-core-wg@w3.org\n"
        },
        {
            "body": "Hello,Thank you for the report.It is the side effect of latest WAI enhancement, we switched to XHTMLbut some archives have non XHTML header/footer.I fixed and rebuilded www-html archive.At Sun, 21 Sep 2003 15:12:54 -0700,Susan Lesch wrote:>> Hello, Systems Team,>> Bjoern Hoehrmann reports that some of the new archives are invalid.> (Bjoern sorry I just saw this went unanswered from Wednesday. Thanks> for the report.)>> -------------------- begin forward --------------------> >From: Bjoern Hoehrmann <derhoermi@gmx.net>> >To: site-comments@w3.org> >Date: Wed, 17 Sep 2003 23:54:32 +0200> >Subject: www-html list archives does not validate> >X-Archived-At:> >http://www.w3.org/mid/3f8dd7d1.1591692212@smtp.bjoern.hoehrmann.de> >Resent-From: site-comments@w3.org> >X-Mailing-List: <site-comments@w3.org> archive/latest/1459> >X-Loop: site-comments@w3.org> >Sender: site-comments-request@w3.org> >Resent-Sender: site-comments-request@w3.org> >List-Id: <site-comments.w3.org>> >List-Help: <http://www.w3.org/Mail/>> >List-Unsubscribe: <mailto:site-comments-request@w3.org?subject=unsubscribe>> >Resent-Date: Wed, 17 Sep 2003 17:54:48 -0400 (EDT)> >X-Spam-Filtered: d1e01ad79cf63aa76b4412304731ea75> >X-Spam-Status: No, hits=-5.9 required=4.0> >tests=BAYES_01,USER_AGENT_FORTE,X_LOOP,X_MAILING_LIST> >X-Spam-Flag: NO> >X-Spam-Level:> >> >Hi,> >> >> >http://validator.w3.org/check?uri=http%3A%2F%2Flists.w3.org%2FArchives%2FPublic%2Fwww-html%2F> >> >This is caused by upper-case element names in a document declared to be> >XHTML 1.0 Transitional.> >> >regards.>>> --> Susan Lesch           http://www.w3.org/People/Lesch/> mailto:lesch@w3.org               tel:+1.858.483.4819> World Wide Web Consortium (W3C)    http://www.w3.org/Regards,--Daigo Matsubara / W3C Systems Team / mailto:daigo@w3.org",
            "docno": "lists-029-1434719",
            "received": "Mon Sep 29 06:38:27 2003",
            "isoreceived": "20030929103827",
            "sent": "Mon, 29 Sep 2003 19:25:46 +0900",
            "isosent": "20030929102546",
            "name": "Daigo Matsubara",
            "email": "daigo@w3.org",
            "subject": "[closed] Re: Fwd: www-html list archives does not validate",
            "id": "nm8fzif99hx.wl@natto.w3.mag.keio.ac.jp",
            "charset": "US-ASCII",
            "inreplyto": "05111b01bb93d18eebb9&#64;[192.168.123.158]",
            "expires": "-1",
            "to": " Susan Lesch<lesch@w3.org>\n",
            "cc": " Bjoern Hoehrmann<derhoermi@gmx.net>,site-comments@w3.org,sysreq@w3.org\n"
        }
    ]
}