{
    "id": "candidate-0041",
    "name": "Brad Botkin",
    "gender": "MALE",
    "email": "brad_botkin@wgbh.org",
    "mails": [
        {
            "body": "???????????????????????????????????????????????????????????????????????????????????????????????????????????????????????? http://www.richtech.net.cn!????????????????1. ?????????????????????????????????????????????? V3.1??.2. ??????????????????????????????????????\"??????????, ??????????\".3. ??????????????????????????????4. ????????????????????????????????????????????????????????????????????5. ??????????????????????????????????????????2??????????????????????????????????????????VS????????2????????????????????3????????????????????????????????????????????????????????????????????????????????????????????????????????Z????????????????????????????????????????????????????????????????????????????????????2??????????????????????????????????????????????????????????????1937????????CS??????????.6. ????????????????????????????????????????????.",
            "docno": "lists-088-15158744",
            "received": "Thu Feb  7 08:01:22 2002",
            "isoreceived": "20020207130122",
            "sent": "Thu, 7 Feb 2002 21:01:35 +0800",
            "isosent": "20020207130135",
            "name": "support",
            "email": "wwwstone@citiz.net",
            "subject": "???????? ????????",
            "id": "GFEOJAFAJFGDDIIHFGOBMEGCCGAA.wwwstone@citiz.net",
            "charset": "gb2312",
            "expires": "-1",
            "to": "<scientra@publica.bj>\n",
            "cc": "<gsepi@lz.gs>,<service@up369.com>,<pbkx@mail.sc>,<qjlixtbg@bn.yn>,<owner-ac-coord@lists.aso.icann>,<owner-ac-coord@lists.aso.icann.org>,<hgomez@apache.org>,<dipintok@newtrier.k12.il.us>,<kbenfield@home.com>,<owner-ebxml-core@lists.oasis-open.org>,<inquiries@bidscanada.com>,<listserv@cubvm.is.tcu.edu>,<peter.vogel2@de.bosch.com>,<www-mobile@w3.org>,<macie-talk-on@lists.boingo.com>,<site-comments@w3.org>,<cowan@ccil.org>,<friedrich.breyer@uni-konstanz.de>,<www-ql@w3.org>,<dsnyder@mlsc.org>,<brad_botkin@wgbh.org>,<wai-tech-comments@w3.org>,<digitaleye@hi.net>,<achen@kip.uni>,<xml-dev@ic.ac>,<rostker.heather@nmnh.si.edu>,<imax.johnson@nmnh.si.edu>,<lsdcd@aol.coml>,<lsdcd@aol.com>,<newsletters@findlaw.com>,<costin@locus.apache.org>,<1935act@sec.gov>,<rheaggans@healthyarkansas.com>,<main@soundtransit.org>,<cory_endle@xiotech.com>,<tmacdonald@ci.cambridge.ma.us>,<kf896189@bh.gx>,<kfbjkfbj@163.com>,<xqxu@bj.col.com.cn>,<htalent@mail.sc>\n"
        }
    ]
}