{
    "id": "candidate-0028",
    "name": "Markus Gylling",
    "gender": "MALE",
    "email": "markus.gylling@tpb.se",
    "mails": [
        {
            "body": "As I mentioned a week ago at the Digital Talking Book technical meeting,here is the reference to the W3C/WAI/ User Agent Accessibility Guidelines.They contain many checkpoints by which combined hardware and softwaremay be judged for their accessibility.http://www.w3.org/WAI/UA/WD-UAAG10-20010831/We've been working on these guidelines for about three years. We'vereturned to proposed recommendation three times. This is the first timewe've progressed to candidate recommendation. During this period weparticularly seek implementation experience.The Web Accessibility Initiative has three sets of interrelated guidelines,Web Content,Authoring Tools,User Agents.DAISY Players will benefit from considering the issues raised by theUser Agent guidelines.There are associated techniques for each checkpoint, indicating waysthat they have been addressed in some user agents.http://www.w3.org/WAI/UA/UAAG10-TECHS/In particular, I request that the designers of the DAISY players inparticular, and any others who are so motivated, particularly as usersof assistive technology, do a self-assessment, consider any deficiencies, and submit techniques for addressing the various checkpoints.Submit comments to the user agent working group:w3c-wai-ua@w3.orgRegards/Harvey Bingham----From \"Ian B. Jacobs\" <ij@w3.org>, co-editor, on Fri, 31 Aug 2001> This is a request from the User Agent Accessibility Guidelines> Working Group (UAWG) to advance \"User Accessibility Accessibility> Guidelines (UAAG) 1.0\" to Candidate Recommendation. The document> is available at:>>    http://www.w3.org/WAI/UA/WD-UAAG10-20010831/>> We request that the Candidate Recommendation be published on 12> September 2001. We estimate a CR duration of approximately three> months, ending tentatively on 12 December 2001.>",
            "docno": "lists-085-13534057",
            "received": "Thu Sep  6 01:05:02 2001",
            "isoreceived": "20010906050502",
            "sent": "Thu, 06 Sep 2001 00:55:08 -0400",
            "isosent": "20010906045508",
            "name": "Harvey Bingham",
            "email": "hbingham@acm.org",
            "subject": "User Agent Accessibility Guidelines",
            "id": "Version.32.20010906001916.00e144a0@pop.tiac.net",
            "charset": "us-ascii",
            "expires": "-1",
            "to": "<DPawson@rnib.org.uk>,<mmoo@loc.gov>,<KCREASY@aph.org>,<tatsu12@attglobal.net>,<tkc@dbb.dk>,<hakkinen@dinf.ne.jp>,<jcoo@loc.gov>,<lras@loc.gov>,<tmcl@loc.gov>,<kerscher@montana.com>,<jpritchett@rfbd.org>,<markus.gylling@tpb.se>,<dominicl@visuaide.com>\n",
            "cc": "w3c-wai-ua@w3.org\n"
        },
        {
            "body": "Dear All,Sorry for being two days late.I feel this is a major improvement over 1.0 -- great job.I believe that we will be able to implement these guidelines on theDAISY Web site, once they have been approved. I think we would try forlevel three conformance.I have a few comments that you will find below.The guidelines say:??Someone who cannot see will want to hear or read through brailleinformation that is usually presented visually.I suggest:??Someone who cannot see will want to hear or read with refreshablebraille the information that is usually presented visually.It says in 1.1 at level 3:No additional criteria:I suggest:Some sites that want to conform think they have to provide the textualinformation each time it is presented. This becomes intrusive to usingthe site. For example, they use a graphical bullet (image) for theirlists. The image is a picture of the corporate logo. This is describedin 10 words. The user each times hears, \"This is the corporate logoshowing a heart with an arrow through it.\" There should be instructionsthat provide this information once and after that, probably just bullet.It says:Checkpoint 1.3 Make all content and structure available independently ofpresentation.Success criteriaYou will have successfully met Checkpoint 1.3 at the Minimum Level if:List of 2 items1.?any information that is conveyed through presentation formatting isalso provided in either text or structure.2.?the following can be derived programmatically (i.e. through assistivetechnology compatible markup or data model) from the content withoutinterpretingpresentation.List of 3 items nesting level 1A.?any hierarchical elements and relationships, such as headings,paragraphs and listsB.?any non-hierarchical relationships between elements such ascross-references and linkages, associations between labels and controls,associations betweencells and their headers, etc.C.?any emphasislist end nesting level 1??(presently no additional criteria for this level.)I suggest: That we suggest that headings are marked up with headingtags, paragraphs are marked with paragraphs, etc. Try to use thesemantically correct element for the content you are trying to present.It says:A news site causes its front page to be updated every 1/2 hour. Thefront page contains minimal text and primarily consists of links tocontent. A userwho does not wish the page to update selects a checkbox. The checkbox isin the \"user preferences\" portion of the site which is one of the firstlinksDo you mean every 1/2 minute?It says:You will have successfully met Checkpoint 3.1 at Level 2 if:List of 1 items1.?the site has a statement asserting that author(s) or others havereviewed content and added as much structure as they felt wasappropriate or possible.list endYou will have successfully met Checkpoint 3.1 at Level 3 if:List of 2 items1.?information is provided that would allow an assistive technology todetermine at least one logical, linear reading order2.?diagrams are constructed in a fashion so that they have structurethat can be accessed by the user.list endI suggest: I am not sure that people understand what we mean bystructure. Somewhere higher up in the document a description ofstructure should be given.  There is also mention of hierarchy, but whatdoes that mean in W3C/XHTML terms? Our we talking about organizationinto headings, or nested div or what. I normally produce documents thatuse headings as headings are intended to be used and it is this highlevel structure that makes the organization useful for me.What I mean by a heading is something that is marked up as a h1 throughh6. I don't think this is specific in the guidelines -- it almost lookslike this was specifically avoided; was it?BestGeorgeGeorge Kerscher, Senior Officer, Accessible InformationRecording For the Blind & Dyslexic (RFB&D)http://www.rfbd.orgProject Manager to the DAISY Consortiumhttp://www.daisy.orgChair Open eBook Forum (OeBF)http://www.openebook.orgCo-chair WAI Steering Counselhttp://www.w3.org/waiEmail: kerscher@montana.comPhone: +1 406/549-4687",
            "docno": "lists-070-9482180",
            "received": "Sun Oct 20 13:36:22 2002",
            "isoreceived": "20021020173622",
            "sent": "Sun, 20 Oct 2002 11:38:03 -0600",
            "isosent": "20021020173803",
            "name": "George Kerscher",
            "email": "kerscher@montana.com",
            "subject": "Comments from George Kerscher on CAG 2.0",
            "id": "000c01c2785f$77041e20$0300000a@dell",
            "charset": "iso-8859-1",
            "expires": "-1",
            "to": "<w3c-wai-gl@w3.org>\n",
            "cc": "\"Markus Gylling\"<markus.gylling@tpb.se>,\"Jennifer Sutton\"<jsuttondc@earthlink.net>\n"
        }
    ]
}