{
    "id": "candidate-0031",
    "name": "Doyle Saylor",
    "gender": "MALE",
    "email": "saylordj@wellsfargo.com",
    "mails": [
        {
            "body": "In short, no.But there is a project going on in the WAI ERT group called EARL - evaluationand report language.The idea is to provide a way, in metadata, of asserting conformance - topretty much anything that has a URI, but the reason we developed it and areworking on it is for asserting conformance to various WAI guidelines. It isfairly trivial to use it for conformance to any other set of requirements,such as ADA rules, or Section 508 rules. The trick is in figuring out how touse it in a standard vocabulary.Information, mostly of a technical kind at the moment, is at the EARlhomepage http://www.w3.org/2001/03/earl and I will try to remember to work onan example that shows how to use it for looking at 508 conformance and WCAGconformance and how it can help compare the two. I expect to be doing thatthe week after next.CheersCharlesOn Fri, 10 Aug 2001 saylordj@WellsFargo.COM wrote:Dear EOWG,I have a question about metatags.  Is there one dedicated to ADAcompliance?thanks,DoyleDoyle SaylorKnowledge Management Groupsaylordj@wellsfargo.com--Charles McCathieNevile    http://www.w3.org/People/Charles  phone: +61 409 134 136W3C Web Accessibility Initiative     http://www.w3.org/WAI    fax: +1 617 258 5999Location: 21 Mitchell street FOOTSCRAY Vic 3011, Australia(or W3C INRIA, Route des Lucioles, BP 93, 06902 Sophia Antipolis Cedex, France)",
            "docno": "lists-062-2055774",
            "received": "Fri Aug 10 10:07:03 2001",
            "isoreceived": "20010810140703",
            "sent": "Fri, 10 Aug 2001 10:06:02 -0400 (EDT)",
            "isosent": "20010810140602",
            "name": "Charles McCathieNevile",
            "email": "charles@w3.org",
            "subject": "Re: Query about MetaTags",
            "id": "Pine.LNX.4.30.0108101002260.4229-100000@tux.w3.org",
            "charset": "US-ASCII",
            "inreplyto": "583643968681D4119D170001FA7EEA810346DCB5&#64;xcem-casfo-04.wellsfargo.com",
            "expires": "-1",
            "to": "<saylordj@WellsFargo.COM>\n",
            "cc": "<w3c-wai-eo@w3.org>\n"
        },
        {
            "body": "Hello All,I will be out of town Friday and unable to call-in.  Have a great meetingand I'll be back next week.  Also Blossom will be returning soon.DoyleDoyle SaylorBusiness Systems ConsultantIntranet Hosting ServicesWells Fargo Services Corporation",
            "docno": "lists-062-13073405",
            "received": "Thu Aug 14 09:24:44 2003",
            "isoreceived": "20030814132444",
            "sent": "Thu, 14 Aug 2003 06:24:36 -0700",
            "isosent": "20030814132436",
            "name": "saylordj@wellsfargo.com",
            "email": "saylordj@wellsfargo.com",
            "subject": "Regrets",
            "id": "5F4C8CF803342448A809AADE36C7B03C011941E4@msgsw55cacah05.wellsfargo.com",
            "expires": "-1",
            "to": "w3c-wai-eo@w3.org\n"
        },
        {
            "body": "Doyle,whilst this snippet* is still text it has the additional benefit thatit is rendered as a specific representation that maybe tested.It would be great if you could illustrate some of your discussion.Doyle wrote:We don't want an icon in my view to look like an object we want an icontostick to a sparrow in such a way that it touches all birds and we knowthat.That is what written words do.  They stick to an object they don'tresemblethe object.  That resolves what you referred to in the example of theredbus and green bus, is the connectedness issue between expressions suchthatthe green and red refer to the same bus.Unfortunately this is the nub of the issue, and it is far fromresolution. People with SLD simply don't generalise or abstract in theway described, one might go so far as to say that this is onedefinition of a LD. Naturally if we could find an abstract pointer theissue would be resolved, but we can't. So this leads to much confusion,little of which is resolved by text based discussion.Doyle wrote: We want to build in a connection process.Reality fortunately has many useful pointers, loo signs for instance.However these are currently missing in virtuality, and so for thepresent it is necessary to augment virtuality, before it will helpaugment reality, the HUD has to highlight the pylon before the pilotcan avoid it.Sadly peepo is very nearly a lone voice in the area of providing a W3Caccessible virtual space, even though in a very limited sense.However there are many excellent VRML, flash and other attempts.Accessible SVG is also an extremely rare commodity :-(to resolve the red bus problem will also require excellent andtransparent authoring tools.Perhaps we can use your expertise to create some other useful visualexamples with SVG.Jonathan*below, please not I've had problems rotating as well as translating,if anyone has a better one thanks:<?xml version=\"1.0\" encoding=\"iso-8859-1\"?><!DOCTYPE svg PUBLIC \"-//W3C//DTD SVG 20001102//EN\"\"http://www.w3.org/TR/2000/CR-SVG-20001102/DTD/svg-20001102.dtd\"><svg><title>circleanimation.svg</title><circle id=\"circle2\"style=\"stroke-width:5;stroke:blue;fill:none\" cx=\"60\" cy=\"60\" r=\"60\"><animate attributeName=\"cx\" values=\"0;1400\" dur=\"3s\"repeatCount=\"indefinite\"onrepeat=\"advance(evt)\"/></circle></svg>",
            "docno": "lists-062-10464568",
            "received": "Wed May 28 05:28:35 2003",
            "isoreceived": "20030528092835",
            "sent": "Wed, 28 May 2003 10:31:58 +0100",
            "isosent": "20030528093158",
            "name": "Jonathan Chetwynd",
            "email": "j.chetwynd@btinternet.com",
            "subject": "Re: Cognitive Disabilities",
            "id": "3A6600FC-90EF-11D7-9BC1-0003939B5AD0@btinternet.com",
            "charset": "US-ASCII",
            "inreplyto": "5F4C8CF803342448A809AADE36C7B03C7D2F46&#64;msgsw55cacah05.wellsfargo.com",
            "expires": "-1",
            "cc": "w3c-wai-eo@w3.org\n",
            "to": "saylordj@wellsfargo.com\n"
        },
        {
            "body": "At 2001-08-10 08:53, Doyle Saylor <saylordj@WellsFargo.COM> wrote:>Dear EOWG,>         I have a question about metatags.  Is there one dedicated to ADA>compliance?None in Dublin Core. A good issue. Does anyone else know of any recentor planned update that does consider it?>thanks,>Doyle>>Doyle Saylor>Knowledge Management Group>saylordj@wellsfargo.com",
            "docno": "lists-062-2212822",
            "received": "Sun Aug 12 23:59:23 2001",
            "isoreceived": "20010813035923",
            "sent": "Sun, 12 Aug 2001 21:50:46 -0400",
            "isosent": "20010813015046",
            "name": "Harvey Bingham",
            "email": "hbingham@acm.org",
            "subject": "Re: Query about MetaTags",
            "id": "5.1.0.14.2.20010810094413.00ac0cd0@pop.rcn.com",
            "charset": "us-ascii",
            "inreplyto": "583643968681D4119D170001FA7EEA810346DCB5&#64;xcem-casfo-04.wel lsfargo.com",
            "expires": "-1",
            "to": "w3c-wai-eo@w3.org\n",
            "cc": "w3c-wai-eo@w3.org\n"
        },
        {
            "body": "Doyle & All,Reminder, we do not have a meeting next week, due to WWW2003.Meeting schedule:http://www.w3.org/WAI/EO/#meetingsRegards,- JudyAt 01:45 PM 5/16/2003 -0400, saylordj@wellsfargo.com wrote:>Hello All,>I am pressed by work today and I can't make to today's meeting.  I will be>here next week.>Doyle>>Doyle Saylor>Business Systems Consultant>Intranet Hosting Services>Wells Fargo Services Corporation>--Judy Brewer    +1.617.258.9741    http://www.w3.org/WAIDirector, Web Accessibility Initiative (WAI), World Wide Web Consortium (W3C)MIT/LCS Room NE43-355, 200 Technology Square, Cambridge, MA,  02139,  USA",
            "docno": "lists-062-10245623",
            "received": "Fri May 16 16:18:49 2003",
            "isoreceived": "20030516201849",
            "sent": "Fri, 16 May 2003 15:40:06 -0400",
            "isosent": "20030516194006",
            "name": "Judy Brewer",
            "email": "jbrewer@w3.org",
            "subject": "Re: regrets",
            "id": "5.1.0.14.2.20030516153917.029a5278@localhost",
            "charset": "us-ascii",
            "inreplyto": "5F4C8CF803342448A809AADE36C7B03C7D2E03&#64;msgsw55cacah05.well sfargo.com",
            "expires": "-1",
            "to": "saylordj@wellsfargo.com,w3c-wai-eo@w3.org\n"
        },
        {
            "body": "At 2001-08-10 08:53, Doyle Saylor <saylordj@WellsFargo.COM> wrote:>Dear EOWG,>         I have a question about metatags.  Is there one dedicated to ADA>compliance?None in Dublin Core. A good issue.At the Evaluation and Repair meeting this morning I learned:1. William Loughborough suggests Platform for Internet ContentSelection (PICS(tm))<http://www.w3.org/PICS/>http://www.w3.org/PICS/PICS enables labels (metadata) to be associated with Internet content.its original purpose was to restrict pornography, but has widerpotential.2. Wendy Chisholm points to how this has been thought of, and a potentialsolution proposed for WCAG assertions:The following extract is from theErrata in Web Content Accessibility Guidelines 1.0<http://www.w3.org/WAI/GL/WAI-WEBCONTENT-ERRATA>http://www.w3.org/WAI/GL/WAI-WEBCONTENT-ERRATA(informative, not part of WCAG10)=== extract ===7. Meta data conformance schemes.Added: 27 January 2000.Type: Clarification.Refers to: Conformance claims, section 5 in the<http://www.w3.org/TR/1999/WAI-WEBCONTENT-19990505/>5 May 1999 version.Description (and correction). Authors may wish to claim conformance usingmeta data rather than or in addition to the conformance icons. Referto<http://lists.w3.org/Archives/Public/w3c-wai-gl/1999AprJun/0161.html>DanielDardailler's PICS schema.http://lists.w3.org/Archives/Public/w3c-wai-gl/1999AprJun/0161.htmlThe following example claims Double A conformance:<META http-equiv=\"PICS-Label\"content='(PICS-1.1\"http://www.w3.org/wai/wcag-conformance\"labels exp \"1999.12.31\"  for\"http://www.foo.com/foo.html\"by \"jow@foo.com\"ratings (c 1))'>=== end extract ===I have no idea if this has actually been used. Since the example above ispart of the unofficial errata, and not part of WCAG1.0, its form andcontent is subject to revision.3. Wendy took an action item to release to EO the introduction to EARLthat I mentioned at the EO meeting last Friday.>Doyle>>Doyle Saylor>Knowledge Management Group>saylordj@wellsfargo.comRegards/Harvey Bingham",
            "docno": "lists-062-2220534",
            "received": "Mon Aug 13 13:47:59 2001",
            "isoreceived": "20010813174759",
            "sent": "Mon, 13 Aug 2001 13:45:46 -0400",
            "isosent": "20010813174546",
            "name": "Harvey Bingham",
            "email": "hbingham@acm.org",
            "subject": "Re: Query about MetaTags (2)",
            "id": "5.1.0.14.2.20010813134438.030ec870@pop.rcn.com",
            "charset": "us-ascii",
            "inreplyto": "Query about MetaTags (2)",
            "expires": "-1",
            "to": "w3c-wai-eo@w3.org\n"
        },
        {
            "body": "Delayed a few minutes with some building issues where I work.DoyleDoyle SaylorBusiness Systems ConsultantIntranet Hosting ServicesWells Fargo Services Corporation",
            "docno": "lists-062-12999070",
            "received": "Fri Aug  8 08:12:19 2003",
            "isoreceived": "20030808121219",
            "sent": "Fri, 8 Aug 2003 05:12:11 -0700 ",
            "isosent": "20030808121211",
            "name": "saylordj@wellsfargo.com",
            "email": "saylordj@wellsfargo.com",
            "subject": "I'll be a few minutes late this morning",
            "id": "5F4C8CF803342448A809AADE36C7B03C011940C3@msgsw55cacah05.wellsfargo.com",
            "expires": "-1",
            "to": "w3c-wai-eo@w3.org\n"
        },
        {
            "body": "Hello All,Here is the URL to the article which illuminates how wearable computers aredeveloping with some web accessibility issues to come.http://www.wired.com/news/gizmos/0,1452,62810,00.htmlsome quotes from the article:...a computerized \"seeing\" assistant that will help blind people read books,access Web pages, recognize faces and navigate unfamiliar rooms.And another quote:...ICare has another talent up its sleeve that's all its own -- it letsblind or visually impaired people navigate websites previously onlyaccessible with a mouse.Screen-reader software, such as Jaws, can translate information on acomputer screen to spoken word. But this is only useful if users are able toget to the pages they are interested in.\"The way a blind person navigates around the screen is with the keyboard,but there are some sites that don't work so well with keyboard alone andhave some mouse-driven applications,\" said Terri Hedgpeth, disabilityresearch specialist at ASU. \"But a blind person can't tell where the mousecursor is, so (he or she) can't access these sites.\"To overcome this problem, the ASU team developed another facet of theirsystem, called the iCare-Assistant, that works with Blackboard, softwaredesigned to manage university course material.\"We have developed a software interface that bridges the screen-readersoftware and Blackboard through keyboard shortcuts that get you into theseareas,\" Hedgpeth said.Doyle,All of which suggests how Web Accessibility will start to point as wearablecomputers become more a part of daily life.Thanks,DoyleDoyle SaylorBusiness Systems ConsultantIntranet Hosting ServicesWells Fargo Services Corporation",
            "docno": "lists-062-14979318",
            "received": "Fri Apr  2 14:41:54 2004",
            "isoreceived": "20040402194154",
            "sent": "Fri, 2 Apr 2004 11:41:34 -0800 ",
            "isosent": "20040402194134",
            "name": "saylordj@wellsfargo.com",
            "email": "saylordj@wellsfargo.com",
            "subject": "URL for seeing eye wearable computer",
            "id": "5F4C8CF803342448A809AADE36C7B03C04DADD92@msgsw55cacah05.wellsfargo.com",
            "expires": "-1",
            "to": "w3c-wai-eo@w3.org\n"
        },
        {
            "body": "Doyle,Thank you for your review and comments on the business case. I will posta revised version with your changes and other's changes soon.Replies to your comments are below surrounded by brackets []. Let meknow if you want to discuss any of them.Regards,~ Shawn[added to changelog as issue to address] On the Social Factors page inthe paragraph titled; 'Role of Organizations' Web Sites', I saw the useof the word, 'product', four times.I believe that the word Assets better suits the usage to which Productsin the first two instances appears.  In the third instance of the wordProducts I found the word, Resources, appropriate.  And I would leavethe fourth product alone.That paragraph would then read:When an organization's Web ASSETS (Web site, authoring tool, etc.) arenot accessible, they further exclude people with disabilities fromsociety. When an organization's Web ASSETS are accessible, they empowerpeople with disabilities to participate in society. Providing accessibleWeb RESOURCES can directly increase Web product usage,[not sure which sentence you are referring to. perhaps it has changedsince your review?] My second observations is on the Policy page.  TheTitle sentence strikes me as better worded this way:\"Are the legal risks of not providing accesss an important factor forthe organization?\"> -----Original Message-----> From: saylordj@wellsfargo.com [mailto:saylordj@wellsfargo.com]> Sent: Friday, April 02, 2004 5:02 PM> To: wai-eo-editors@w3.org> Cc: shawn@w3.org> Subject: My overview of the suite 'Business Case Review'>>> Hello All,> I've read through the documents.  At two points I had some> minor issues come up.  On the Social Factors page in the> paragraph titled; 'Role of Organizations' Web Sites', I saw> the use of the word, 'product', four times.>> I believe that the word Assets better suits the usage to> which Products in the first two instances appears.  In the> third instance of the word Products I found the word,> Resources, appropriate.  And I would leave the fourth product alone.>> That paragraph would then read:>> When an organization's Web ASSETS (Web site, authoring tool,> etc.) are not accessible, they further exclude people with> disabilities from society. When an organization's Web ASSETS> are accessible, they empower people with disabilities to> participate in society. Providing accessible Web RESOURCES> can directly increase Web product usage,>>> My second observations is on the Policy page.  The Title> sentence strikes me as better worded this way:>> \"Are the legal risks of not providing accesss an important> factor for the organization?\">> I have no other reservations to make about the suite.  I> would sign off on the suite at this point.>> Doyle Saylor> Business Systems Consultant> Intranet Hosting Services> Wells Fargo Services Corporation>>>",
            "docno": "lists-087-0803319",
            "received": "Mon Apr 12 21:08:36 2004",
            "isoreceived": "20040413010836",
            "sent": "Mon, 12 Apr 2004 20:02:31 -0500",
            "isosent": "20040413010231",
            "name": "Shawn Lawton Henry",
            "email": "shawn@w3.org",
            "subject": "RE: My overview of the suite 'Business Case Review'",
            "id": "000a01c420f3$08948770$418d7544@SLHenry",
            "charset": "us-ascii",
            "inreplyto": "5F4C8CF803342448A809AADE36C7B03C04DADDAA&#64;msgsw55cacah05.wellsfargo.com",
            "expires": "-1",
            "to": "<saylordj@wellsfargo.com>,<wai-eo-editors@w3.org>\n"
        },
        {
            "body": "Hello All,I give an OK to the document but I recommend this change:Under Organizations, the word Sectors is not modified by any word that wouldindicate what a sector is.  I think it might not be understandable byitself.For example one might write:  'Economic Sectors'.Thanks,DoyleDoyle SaylorIntranet Hosting ServicesWells Fargo ServicesHomestead@Wellsfargo.com-----Original Message-----From: w3c-wai-eo-request@w3.org [mailto:w3c-wai-eo-request@w3.org] On BehalfOf Judy BrewerSent: Sunday, May 16, 2004 9:55 PMSubject: EOWG: Please review and sign off on Standards Harmonizationresource pageEOWG:Please review and sign off on the 17 May 2004 version of \"Why StandardsHarmonization is Essential to Web Accessibility\" which is available at:http://www.w3.org/WAI/EO/Drafts/standard-harmon.htmlPlease note that there may be later versions of this document, however thepurpose of seeking consensus at this time is so that we can circulate itfor discussion and comment. Please do not circulate it until after we haveconfirmed consensus.Current participants in good standing of EOWGhttp://www.w3.org/WAI/EO/EOWG-members.htmlshould reply to the EOWG mailing list with one of the following responses:1. Okay as is2. Okay, but recommend the following changes (please specify)3. Okay only with the following changes (please specify)The 17 May version incorporates change requests from our 14 May 2004teleconferencehttp://www.w3.org/WAI/EO/Drafts/standard-harmon-changelog.htmlas well as some additional copyediting, especially in the \"Action Steps\"section and in the final few bullet points of the \"Current Situation\"section. So even those people who signed off on the document during lastFriday's call may want to re-read those sections:http://www.w3.org/WAI/EO/Drafts/standard-harmon#stepshttp://www.w3.org/WAI/EO/Drafts/standard-harmon#currentThank you,- Judy--Judy Brewer    +1.617.258.9741    http://www.w3.org/WAIDirector, Web Accessibility Initiative (WAI), World Wide Web Consortium(W3C)MIT/CSAIL Building 32-G53032 Vassar StreetCambridge, MA,  02139,  USA",
            "docno": "lists-062-15631152",
            "received": "Mon May 17 13:25:22 2004",
            "isoreceived": "20040517172522",
            "sent": "Mon, 17 May 2004 10:24:24 -0700",
            "isosent": "20040517172424",
            "name": "saylordj@wellsfargo.com",
            "email": "saylordj@wellsfargo.com",
            "subject": "RE: EOWG: Please review and sign off on Standards Harmonization    resource page",
            "id": "5F4C8CF803342448A809AADE36C7B03C04DAE04F@msgsw55cacah05.wellsfargo.com",
            "inreplyto": "EOWG: Please review and sign off on Standards Harmonization    resource page",
            "expires": "-1",
            "to": " EOWG\n"
        },
        {
            "body": "Dear EOWG,I have a question about metatags.  Is there one dedicated to ADAcompliance?thanks,DoyleDoyle SaylorKnowledge Management Groupsaylordj@wellsfargo.com",
            "docno": "lists-062-2028533",
            "received": "Fri Aug 10 08:53:45 2001",
            "isoreceived": "20010810125345",
            "sent": "Fri, 10 Aug 2001 05:53:12 -0700",
            "isosent": "20010810125312",
            "name": "saylordj@WellsFargo.COM",
            "email": "saylordj@WellsFargo.COM",
            "subject": "Query about MetaTags",
            "id": "583643968681D4119D170001FA7EEA810346DCB5@xcem-casfo-04.wellsfargo.com",
            "charset": "iso-8859-1",
            "expires": "-1",
            "to": "w3c-wai-eo@w3.org\n"
        },
        {
            "body": "Hello All,I've read through the documents.  At two points I had some minor issues comeup.  On the Social Factors page in the paragraph titled; 'Role ofOrganizations' Web Sites', I saw the use of the word, 'product', four times.I believe that the word Assets better suits the usage to which Products inthe first two instances appears.  In the third instance of the word ProductsI found the word, Resources, appropriate.  And I would leave the fourthproduct alone.That paragraph would then read:When an organization's Web ASSETS (Web site, authoring tool, etc.) are notaccessible, they further exclude people with disabilities from society. Whenan organization's Web ASSETS are accessible, they empower people withdisabilities to participate in society. Providing accessible Web RESOURCEScan directly increase Web product usage,My second observations is on the Policy page.  The Title sentence strikes meas better worded this way:\"Are the legal risks of not providing accesss an important factor for theorganization?\"I have no other reservations to make about the suite.  I would sign off onthe suite at this point.Doyle SaylorBusiness Systems ConsultantIntranet Hosting ServicesWells Fargo Services Corporation",
            "docno": "lists-087-0738906",
            "received": "Mon Apr  5 10:14:30 2004",
            "isoreceived": "20040405141430",
            "sent": "Fri, 2 Apr 2004 16:01:40 -0700 ",
            "isosent": "20040402230140",
            "name": "saylordj@wellsfargo.com",
            "email": "saylordj@wellsfargo.com",
            "subject": "My overview of the suite 'Business Case Review'",
            "id": "5F4C8CF803342448A809AADE36C7B03C04DADDAA@msgsw55cacah05.wellsfargo.com",
            "expires": "-1",
            "to": "wai-eo-editors@w3.org\n",
            "cc": "shawn@w3.org\n"
        },
        {
            "body": "http://www.habbo.com is not only extremely popular, it is also verypopular with our 'challenging behaviour' mild learning difficultygroups, so much so that we've had requests to block this site alone,even though we currently do not block any other sites. It is taking uptoo much student time.....It's not clear that if it has accessibility features, but could offer avariety of interesting experiences for severe learning difficultystudents.It is text based, with 2.5d virtual pixellated spaces to navigate.Unfortunately many cannot read....thanksJonathan",
            "docno": "lists-023-7693003",
            "received": "Mon Jan 27 16:16:30 2003",
            "isoreceived": "20030127211630",
            "sent": "Mon, 27 Jan 2003 21:17:53 +0000",
            "isosent": "20030127211753",
            "name": "Jonathan Chetwynd",
            "email": "j.chetwynd@btinternet.com",
            "subject": "habbo.com",
            "id": "CBF04DDB-323C-11D7-863D-0003939B5AD0@btinternet.com",
            "charset": "US-ASCII",
            "inreplyto": "583643968681D4119D170001FA7EEA8106F31F88&#64;xcem-casfo-04.wellsfargo.com",
            "expires": "-1",
            "cc": "public-wai-rd@w3.org\n",
            "to": "saylordj@wellsfargo.com\n"
        },
        {
            "body": "At 07:33 AM 1/30/2003 -0800, saylordj@wellsfargo.com wrote:>Hi All,>I like Henk's definition in many ways, but Henk asks about the term>universal access, and I think Judy raised the point that cognitive>disabilities might not allow one to 'think' all content.depends on the extent of cognitive disabilities; many do allow one tounderstand web sites. the particular concern that i expressed in lastweek's meeting was when someone suggested that everyone would understandthe content on a web site in the same way. given that people's lifeexperiences and interests are different, that is rarely the case,regardless of disability.>We do not claim>that everyone 'thinks' alike anymore than we claim everyone can see.  We>don't claim everyone uses content alike.  This is my version of a>definition,>>Web Accessibility is \"all\" the diverse methods people use to know content as>a single unified technology system of guidelines that keeps open channels of>communication for everyone to know a web site in their specific way and>need.interesting. this seems very focused on the user. i wonder whether theresponsibilities of the content developers and software developers mightnot come through. but it is good to have the user's experience described aswell.- judy>Doyle Saylor>>-----Original Message----->From: Henk Snetselaar [mailto:H.Snetselaar@bartimeus.nl]>Sent: Thursday, January 30, 2003 12:05 AM>To: w3c-wai-eo@w3.org>Subject: Web Accessibility is....>>>Hi all,>>I will make a try too...>>++++++++>Web accessibility means that everyone can use the functions of a web site;>* regardless of disability and the use of assitive technology;>* regardless of the operating system and the user agent (browser, PDA, WAP,>TV) that is used.>Web accessibility includes the content of a web site, the authoring tools of>web design and the user agents to explore the web.>>+++++++++>>In this definition main stream and special use is included (some people like>that a lot).>I know that some of you do have a problem with the wording *everyone can>use...*, but what about the Tim Berners-Lee slogan? (see below)>>\"The power of the Web is in its universality. Access by everyone regardless>of disability is an essential aspect.\" Tim Berners-Lee, W3C Director and>inventor of the World Wide Web>>Regards,>>Henk>>>>>>++++++++++++++++++++++++++++++++++++++++>H. Snetselaar>Bartimeus Educational Institute for the Blind and Partially Sighted>Utrechtseweg 84, 3702 AD  Zeist, the Netherlands>Tel: +31-(0)30-6982211 or +31(0)30-6982350>Fax: +31-(0)30-6982347>E-mail: H.Snetselaar@bartimeus.nl>Website: www.bartimeus.nl and www.accessibility.nl>++++++++++++++++++++++++++++++++++++++++--Judy Brewer    +1.617.258.9741    http://www.w3.org/WAIDirector, Web Accessibility Initiative (WAI), World Wide Web Consortium (W3C)MIT/LCS Room NE43-355, 200 Technology Square, Cambridge, MA,  02139,  USA",
            "docno": "lists-062-11875936",
            "received": "Fri Jan 31 01:53:22 2003",
            "isoreceived": "20030131065322",
            "sent": "Fri, 31 Jan 2003 01:41:17 -0500",
            "isosent": "20030131064117",
            "name": "Judy Brewer",
            "email": "jbrewer@w3.org",
            "subject": "RE: Web Accessibility is....",
            "id": "5.1.0.14.2.20030131013656.0286d648@localhost",
            "charset": "us-ascii",
            "inreplyto": "583643968681D4119D170001FA7EEA8106F31FCF&#64;xcem-casfo-04.wel lsfargo.com",
            "expires": "-1",
            "to": "saylordj@wellsfargo.com,H.Snetselaar@bartimeus.nl,w3c-wai-eo@w3.org\n"
        },
        {
            "body": "Hello All,I picked this up from http://slashdot.org/ <http://slashdot.org/>Slashdot News for Nerds.RMH101 writes \"The Register<http://www.theregister.co.uk/content/69/34894.html>  has a story about a UKinitiative to create a country-wide wireless data network using streetlamps. It's come to pass through a government initiative<http://www.gnn.gov.uk/gnn/national.nsf/0/8385FE9F51EB868280256C1700390C87?opendocument> to monitor all cars' speed and location, all the time,everywhere. The company involved, Last Mile, are proposing an intelligentmesh of smart street lamps embedded with storage and wireless networking tocreate 200MBit network access across the UK, including remote areas notreachable by conventional broadband. Work is due to start this year.\"Doyle Saylor",
            "docno": "lists-063-0088237",
            "received": "Fri Feb  6 08:52:37 2004",
            "isoreceived": "20040206135237",
            "sent": "Fri, 6 Feb 2004 05:52:18 -0800 ",
            "isosent": "20040206135218",
            "name": "saylordj@wellsfargo.com",
            "email": "saylordj@wellsfargo.com",
            "subject": "English effort for monitoring traffic",
            "id": "5F4C8CF803342448A809AADE36C7B03C04DAD76F@msgsw55cacah05.wellsfargo.com",
            "expires": "-1",
            "to": "w3c-wai-eo@w3.org\n"
        }
    ]
}