{
    "id": "candidate-0029",
    "name": "Markku Hakkinen",
    "gender": "MALE",
    "email": "mhakkinen@acm.org",
    "mails": [
        {
            "body": "I am unlikely to be able to attend - In theory I will be on holiday,driving back to Sophia.ChaalsOn Thursday, Oct 2, 2003, at 06:47 US/Pacific, Markku T. Hakkinen wrote:>> Call Details:>> Monday, October 6, 2003:> 9:00 am-10:00 am EDT / 13:00-14:00 UTC> Zakim Bridge: +1 617.761.6200> Conference Code: 7344 (\"RDIG\")>>> We will have the IRC channel up for both calls:>     Server: irc.w3.org:6665>     Channel: #rdig>> Please respond whether you can or cannot attend.>> Agenda:>> Visualization Topic Planning>>>--Charles McCathieNevile                          Fundaci?n Sidarcharles@sidar.org                                http://www.sidar.org",
            "docno": "lists-023-8349536",
            "received": "Thu Oct  2 14:40:33 2003",
            "isoreceived": "20031002184033",
            "sent": "Thu, 2 Oct 2003 11:39:45 -0700",
            "isosent": "20031002183945",
            "name": "Charles McCathieNevile",
            "email": "charles@sidar.org",
            "subject": "Re: Planning Call  October 6, 2003",
            "id": "CB9238A8-F507-11D7-8DAF-000A958826AA@sidar.org",
            "charset": "ISO-8859-1",
            "inreplyto": "DNEPLEBLKMGBNKKGDDFKCEPPCLAA.hakkinen&#64;dinf.ne.jp",
            "expires": "-1",
            "cc": "\"Public-Wai-Rd\"<public-wai-rd@w3.org>\n",
            "to": "<mhakkinen@acm.org>\n"
        },
        {
            "body": "Markku,ah well in that case, I should be able to attend.In the cognitive difficulty area, should graph be bar chart?thanksJonathanOn Wednesday, October 8, 2003, at 06:33  pm, Markku T. Hakkinen wrote:>> The initial post about the planning call incorrectly listed Monday,> October> 15. That should be Wednesday, October 15. This Wednesday meeting is> one time> only and due to the US holiday on Monday.>>> Call Details:>> Wednesday, October 15, 2003:> 9:00 am-10:00 am EDT / 13:00-14:00 UTC> Zakim Bridge: +1 617.761.6200> Conference Code: 7344 (\"RDIG\")>>> We will have the IRC channel up for both calls:>     Server: irc.w3.org:6665>     Channel: #rdig>> Please respond whether you can or cannot attend.>> Agenda:>>   1. Call for Position Papers>>   http://www.w3.org/WAI/RD/2003/09/call-vis-papers.html>>>Jonathan Chetwyndhttp://www.peepo.co.uk\"A web by people with learning difficulties\"",
            "docno": "lists-023-8482523",
            "received": "Thu Oct  9 09:04:32 2003",
            "isoreceived": "20031009130432",
            "sent": "Thu, 9 Oct 2003 14:08:31 +0100",
            "isosent": "20031009130831",
            "name": "Jonathan Chetwynd",
            "email": "j.chetwynd@btinternet.com",
            "subject": "Re: CORRECTION: Planning Call  October 15, 2003",
            "id": "AE7C62E5-FA59-11D7-8706-0003939B5AD0@btinternet.com",
            "charset": "US-ASCII",
            "inreplyto": "DNEPLEBLKMGBNKKGDDFKGEDBCMAA.hakkinen&#64;dinf.ne.jp",
            "expires": "-1",
            "cc": "\"Public-Wai-Rd\"<public-wai-rd@w3.org>\n",
            "to": "<mhakkinen@acm.org>\n"
        },
        {
            "body": "Probable regrets. I  think I will still be finishing up at a conference.sorryChaalsOn 23 Feb 2004, at 21:21, Markku T. Hakkinen wrote:>> Call Details:>> Wednesday,  February 25, 2004> 1:30pm-3:00pm /18:30-20:00 UTC> Zakim Bridge +1.617.761.6200, conference 7344 (\"RDIG\")>>> We will have the IRC channel up for both calls:>     Server: irc.w3.org:6665>     Channel: #rdig>> Please respond whether you can or cannot attend.>> Agenda:>> Visualization Event Preparation>>--Charles McCathieNevile                          Fundaci?n Sidarcharles@sidar.org                                http://www.sidar.org",
            "docno": "lists-023-8954563",
            "received": "Mon Feb 23 17:17:07 2004",
            "isoreceived": "20040223221707",
            "sent": "Mon, 23 Feb 2004 23:14:53 +0100",
            "isosent": "20040223221453",
            "name": "Charles McCathieNevile",
            "email": "charles@sidar.org",
            "subject": "Re: Planning Call  February 25, 2004",
            "id": "B476F3D2-664D-11D8-8765-000A958826AA@sidar.org",
            "charset": "ISO-8859-1",
            "inreplyto": "20040223202138.96A0C3F48D5&#64;dr-nick.w3.org",
            "expires": "-1",
            "cc": "\"'Public-Wai-Rd'\"<public-wai-rd@w3.org>\n",
            "to": "<mhakkinen@acm.org>\n"
        },
        {
            "body": "Very Nicely Done, Mark, Marja, Wendy, Jim, et all!A few MINOR suggestions:Use Case (As-Is):\"Educators and producers of statistical information, such ascensus data, can use visualization to allow viewers with abroad range of abilities to see trends and relationships ofthe data presented that a more granular (individual datapoints) view does not provide.\"I would add a comma between \"data presented\" and \"that amore granular\"; a 'separation' seems needed.(Revised):\"Educators and producers of statistical information, such ascensus data, can use visualization to allow viewers with abroad range of abilities to see trends and relationships ofthe data presented, that a more granular (individual datapoints) view does not provide.\"In the Introduction, the original paragraph:\"Users who have cognitive difficulties may benefit fromcertain kinds of visualizations or may need simplifiedpresentations of the very complex visualizations and userswho have difficulties in interacting spatially need means torefer to the information by sequential commands.\"This might be easier to read and understand, if split intotwo sentences, and one comma added, as in this revisedversion:\"Users who have cognitive difficulties may benefit fromcertain kinds of visualizations, or may need simplifiedpresentations of the very complex visualizations. Users whohave difficulties in interacting spatially need means torefer to the information by sequential commands.\"The first sentence of the next paragraph also seems to needseveral commas, for 'logical pauses, clarity, andreadability. The original reads:\"Semantic Web technologies based on metadata often provide auseful way to present the data and relationships that aregoing to be visualized so that different alternativevisualization can be created from them according to the userneeds.\"This revision would become:\"Semantic Web technologies based on metadata often provide auseful way to present the data and relationships that aregoing to be visualized, so that different alternativevisualization can be created from them, according to theuser needs.\"My Two Cents, for what it's Worth!My Hat is Off to You, and all others involved, for the QuickRevision of a Very Complex Draft Document - A Hearty 'Roundof Applause' is in Order, IMHO!Sean StaplefordSStapleford@TecAccess.NETSenior Assistive Technology TesterTecAccess - http://www.TecAccess.NET/(804) 749-8646----- Original Message -----From: \"Markku T. Hakkinen\" <hakkinen@dinf.ne.jp>Sent: Wednesday, October 15, 2003 5:34 PMSubject: Please review: Updated Draft... incorporatingtoday's comments>> Thank you everyone for your efforts today! I think we areabout done.>> Revised Introduction is in place, and the comments,suggestions, corrections> are in place.>> Slight wording changes on the uses case for consistency,and one additional> use case, aimed at financial services (comments on thatone, please)>> Updated the submission close date to November 7, butchanged the actual> event date to December ??.>> Added a description of the teleconference event in thevery first paragraph,> as suggested by Wendy.>>> You can read this version at:>> http://www.w3.org/WAI/RD/2003/09/call-vis-papers.html>> regards,> mark>>",
            "docno": "lists-023-8627147",
            "received": "Wed Oct 15 22:43:16 2003",
            "isoreceived": "20031016024316",
            "sent": "Wed, 15 Oct 2003 22:43:11 -0400",
            "isosent": "20031016024311",
            "name": "Sean Stapleford (TecAccess)",
            "email": "SStapleford@TecAccess.NET",
            "subject": "Re: Please review: Updated Draft... incorporating today's comments",
            "id": "004801c3938f$3e0f43a0$0100a8c0@DELL",
            "charset": "iso-8859-1",
            "inreplyto": "DNEPLEBLKMGBNKKGDDFKOEHBCMAA.hakkinen&#64;dinf.ne.jp",
            "expires": "-1",
            "to": " \"Public-Wai-Rd\" <public-wai-rd@w3.org>\n"
        },
        {
            "body": "Regrets for Wednesday too. I will be in a plane again :(chaals",
            "docno": "lists-023-7005173",
            "received": "Mon Dec  8 20:36:45 2003",
            "isoreceived": "20031209013645",
            "sent": "Tue, 9 Dec 2003 11:58:48 +1100",
            "isosent": "20031209005848",
            "name": "Charles McCathieNevile",
            "email": "charles@sidar.org",
            "subject": "Re: Planning Calls  December 8 and December 10, 2003",
            "id": "D8975884-29E2-11D8-83FB-000A958826AA@sidar.org",
            "charset": "US-ASCII",
            "inreplyto": "C9664E22-2768-11D8-B42B-000A958826AA&#64;sidar.org",
            "expires": "-1",
            "cc": "<mhakkinen@acm.org>,\"Public-Wai-Rd\"<public-wai-rd@w3.org>\n",
            "to": " Charles McCathieNevile<charles@sidar.org>\n"
        },
        {
            "body": "regrets,will be in a meeting at that time.-----Original Message-----From: public-wai-rd-request@w3.org[mailto:public-wai-rd-request@w3.org]On Behalf Of Markku T. HakkinenSent: Monday, February 23, 2004 2:22 PMSubject: Planning Call February 25, 2004Call Details:Wednesday,  February 25, 20041:30pm-3:00pm /18:30-20:00 UTCZakim Bridge +1.617.761.6200, conference 7344 (\"RDIG\")We will have the IRC channel up for both calls:Server: irc.w3.org:6665Channel: #rdigPlease respond whether you can or cannot attend.Agenda:Visualization Event Preparation",
            "docno": "lists-023-8962611",
            "received": "Tue Feb 24 11:39:27 2004",
            "isoreceived": "20040224163927",
            "sent": "Tue, 24 Feb 2004 10:38:20 -0600",
            "isosent": "20040224163820",
            "name": "Jim Allan",
            "email": "nj@tsbvi.edu",
            "subject": "RE: Planning Call  February 25, 2004",
            "id": "005a01c3faf4$9d3905b0$3a16410a@DANIELJ4",
            "charset": "us-ascii",
            "inreplyto": "20040223202138.96A0C3F48D5&#64;dr-nick.w3.org",
            "expires": "-1",
            "to": " 'Public-Wai-Rd'\n"
        },
        {
            "body": "I suggest Dec. 8 then (and Dec 9 is fine too).MarjaAt 11:15 PM 10/15/2003 -0400, Markku T. Hakkinen wrote:>You can read this version at:>>http://www.w3.org/WAI/RD/2003/09/call-vis-papers.html>>In first paragraph, added \"accessible\" as a description of the>teleconference.>>Corrections: some typos in the Introduction.>>Added phrase suggested by Judy to \"Who should participate section\" regarding>people with disabilities who may wish to participate.>>Changed event date to December 8, and Registration Announcement date to>November 5.>>Send any comments to the list as soon as possible. We want to get this>announcement out. I will be in transit to Bangkok Thursday through Friday>and back on email Saturday.>>regards,>mark",
            "docno": "lists-023-8646983",
            "received": "Thu Oct 16 00:02:50 2003",
            "isoreceived": "20031016040250",
            "sent": "Thu, 16 Oct 2003 00:03:05 -0400",
            "isosent": "20031016040305",
            "name": "Marja-Riitta Koivunen",
            "email": "rja@w3.org",
            "subject": "Re: Please review: More tweaking/corrections for the call",
            "id": "5.1.0.14.0.20031015235652.057b0320@localhost",
            "charset": "us-ascii",
            "inreplyto": "DNEPLEBLKMGBNKKGDDFKEEHGCMAA.hakkinen&#64;dinf.ne.jp",
            "expires": "-1",
            "to": "<mhakkinen@acm.org>,\"Public-Wai-Rd\"<public-wai-rd@w3.org>\n"
        },
        {
            "body": "regrets for Monday, I'll be in a plane.Wednesday I may be able to make it.CheersChaalsOn Saturday, Dec 6, 2003, at 00:18 Australia/Melbourne, Markku T.Hakkinen wrote:>> Call Details:>> Monday, December 8, 2003:> 4:00 pm-5:00 pm EST / 21:00-22:00 UTC> Zakim Bridge: +1 617.761.6200> Conference Code: 7344 (\"RDIG\")>>> We will have the IRC channel up for both calls:>     Server: irc.w3.org:6665>     Channel: #rdig>> Please respond whether you can or cannot attend.>> Agenda:>>   1. Submissions>   2. Event Planning>> We will also have a call on Wednesday, December 10:> 9:00 am-10:00 am EST / 14:00-15:00 UTC>>>--Charles McCathieNevile                          Fundaci?n Sidarcharles@sidar.org                                http://www.sidar.org",
            "docno": "lists-023-6980778",
            "received": "Fri Dec  5 16:20:55 2003",
            "isoreceived": "20031205212055",
            "sent": "Sat, 6 Dec 2003 08:20:01 +1100",
            "isosent": "20031205212001",
            "name": "Charles McCathieNevile",
            "email": "charles@sidar.org",
            "subject": "Re: Planning Calls  December 8 and December 10, 2003",
            "id": "C9664E22-2768-11D8-B42B-000A958826AA@sidar.org",
            "charset": "ISO-8859-1",
            "inreplyto": "DNEPLEBLKMGBNKKGDDFKOEKGCOAA.hakkinen&#64;dinf.ne.jp",
            "expires": "-1",
            "cc": "\"Public-Wai-Rd\"<public-wai-rd@w3.org>\n",
            "to": "<mhakkinen@acm.org>\n"
        },
        {
            "body": "I will be sleeping off jetlag, I hope.ChaalsOn 18 Mar 2004, at 14:35, Markku T. Hakkinen wrote:>> Call Details:>> Monday, March 22, 2004> 2:00pm-3:00pm ET / 19:00-20:00 UTC> Zakim Bridge +1.617.761.6200, conference 7344 (\"RDIG\")>>> We will have the IRC channel up for both calls:>     Server: irc.w3.org:6665>     Channel: #rdig>> Please respond whether you can or cannot attend.>> Agenda:>> 1. Visualization Event Preparation> 2. Discussion of Future Topics>>--Charles McCathieNevile                          Fundaci?n Sidarcharles@sidar.org                                http://www.sidar.org",
            "docno": "lists-023-9222523",
            "received": "Thu Mar 18 09:49:26 2004",
            "isoreceived": "20040318144926",
            "sent": "Thu, 18 Mar 2004 15:46:43 +0100",
            "isosent": "20040318144643",
            "name": "Charles McCathieNevile",
            "email": "charles@sidar.org",
            "subject": "Regrets: Planning Call  March 22, 2004",
            "id": "13118AD4-78EB-11D8-9685-000A958826AA@sidar.org",
            "charset": "ISO-8859-1",
            "inreplyto": "20040318133622.57D73A10BF&#64;frink.w3.org",
            "expires": "-1",
            "cc": "\"'Public-Wai-Rd'\"<public-wai-rd@w3.org>\n",
            "to": "<mhakkinen@acm.org>\n"
        },
        {
            "body": "I can attend.CheersChaalsOn Wednesday, Oct 8, 2003, at 08:27 US/Pacific, Markku T. Hakkinenwrote:>> Call Details:>> Monday, October 15, 2003:> 9:00 am-10:00 am EDT / 13:00-14:00 UTC> Zakim Bridge: +1 617.761.6200> Conference Code: 7344 (\"RDIG\")>>> We will have the IRC channel up for both calls:>     Server: irc.w3.org:6665>     Channel: #rdig>> Please respond whether you can or cannot attend.>> Agenda:>>   1. Call for Position Papers>>   http://www.w3.org/WAI/RD/2003/09/call-vis-papers.html>>--Charles McCathieNevile                          Fundaci?n Sidarcharles@sidar.org                                http://www.sidar.org",
            "docno": "lists-023-8391198",
            "received": "Wed Oct  8 12:41:00 2003",
            "isoreceived": "20031008164100",
            "sent": "Wed, 8 Oct 2003 09:40:16 -0700",
            "isosent": "20031008164016",
            "name": "Charles McCathieNevile",
            "email": "charles@sidar.org",
            "subject": "Re: Planning Call  October 15, 2003",
            "id": "18B37548-F9AE-11D7-A1A9-000A958826AA@sidar.org",
            "charset": "ISO-8859-1",
            "inreplyto": "DNEPLEBLKMGBNKKGDDFKEECOCMAA.hakkinen&#64;dinf.ne.jp",
            "expires": "-1",
            "cc": "\"Public-Wai-Rd\"<public-wai-rd@w3.org>\n",
            "to": "<mhakkinen@acm.org>\n"
        },
        {
            "body": "I will be at an ISO/IEC JTC 1 SC35 [User Interfaces] standards Plenarymeeting in Paris.Bill--William P. LaPlant, Jr.             4312 Birchlake Ct; Alexandria, VA 22309Accessibility Engineer      phones: 301-763-4887, home office: 703-360-9184-- mailto:blaplant@computer.org,blaplant@census.gov,blaplant@mindspring.comI am committed to Children inheriting a culture of unlimited possibilities;Technology empowering miraculous lives.Markku T. Hakkinen wrote:>Call Details:>>Monday, December 1, 2003:>9:00 am-10:00 am EDT / 13:00-14:00 UTC>Zakim Bridge: +1 617.761.6200>Conference Code: 7344 (\"RDIG\")>>>We will have the IRC channel up for both calls:>    Server: irc.w3.org:6665>    Channel: #rdig>>Please respond whether you can or cannot attend.>>Agenda:>>  1. Change of Date>  2. Submissions>  3. Event Planning>>I will also like to try and meet again on Wednesday, if possible. Do to the>very short notice of this meeting, I hope we can touch base with everyone>sometime during the week.>>mark>>>>>",
            "docno": "lists-023-8301206",
            "received": "Sat Nov 29 05:45:34 2003",
            "isoreceived": "20031129104534",
            "sent": "Sat, 29 Nov 2003 05:45:13 -0500",
            "isosent": "20031129104513",
            "name": "Bill LaPlant",
            "email": "blaplant@mindspring.com",
            "subject": "Re: Planning Call  December 1, 2003",
            "id": "3FC878B9.3060708@mindspring.com",
            "charset": "ISO-8859-1",
            "inreplyto": "DNEPLEBLKMGBNKKGDDFKMEEDCOAA.hakkinen&#64;dinf.ne.jp",
            "expires": "-1",
            "to": "mhakkinen@acm.org\n",
            "cc": "public-wai-rd@w3.org\n"
        }
    ]
}