{
    "id": "candidate-0013",
    "name": "Laurent Carcone",
    "gender": "MALE",
    "email": "laurent@w3.org",
    "mails": [
        {
            "body": "Hello Susan,This bug has been fixed and we plan to make a snapshot shortly.Thanks,Laurent>> Hello, Amaya team,>> Spaces in markup are significant. I have noticed Amaya adding spaces> in the headlines on http://www.w3.org/. Is this something that could> please be fixed? In the example below, the sequence \">X\" was> intentional, but Amaya made it \">\\r X\".>> http://cvs.w3.org/Team/~checkout~/WWW/Overview.html?rev=4.1109&content-type=text/html>> [[> <div class=\"item\" id=\"x20040413b\">> <h3><img alt=\"\" width=\"17\" height=\"11\" src=\"/Icons/right\" />XInclude> Is a W3C Candidate Recommendation</h3>> ]]>> became:>> [[> <h3><img alt=\"\" width=\"17\" height=\"11\" src=\"/Icons/right\" />>   XInclude Is a W3C Candidate Recommendation</h3>> ]]> --> Susan Lesch           http://www.w3.org/People/Lesch/> mailto:lesch@w3.org               tel:+1.858.483.4819> World Wide Web Consortium (W3C)    http://www.w3.org/>>",
            "docno": "lists-096-12643880",
            "received": "Wed Apr 21 12:22:36 2004",
            "isoreceived": "20040421162236",
            "sent": "Wed, 21 Apr 2004 18:22:30 +0200",
            "isosent": "20040421162230",
            "name": "Laurent Carcone",
            "email": "urent@w3.org",
            "subject": "Re: Spaces are significant",
            "id": "20040421162230.D3B3217158@tux.inrialpes.fr",
            "charset": "us-ascii",
            "inreplyto": "06020417bca9d1c6ff56&#64;[192.168.123.134]",
            "expires": "-1",
            "to": " Susan Lesch<lesch@w3.org>\n",
            "cc": "www-amaya@w3.org\n"
        },
        {
            "body": "Hello Luc,Normally, Amaya shouldn't remove unknown namespaces when an xml document issaved. Could you send us such a document (or uri) so that we can have a lookto this problem.Thanks,Laurent Carcone>>> Hello,>> I'm trying to use Amaya as a WYSIWYG editor with Zope generated pages. These> pages are XML standard but use an alternate namespace, (<img> tal:replace=\"foo\" src=\"\">). When I  open a page in Amaya with them, Amaya> complains, and when I save the page, all the 'alien' xml got removed :-(>> Is there a parameter to tell to Amaya to not touch alternate namespace, or any> other way to make edition work?>> Thanks,> Luc Stepniewski <lstep@adelux.fr>>>>",
            "docno": "lists-096-13210120",
            "received": "Tue Jun  1 09:44:04 2004",
            "isoreceived": "20040601134404",
            "sent": "Tue, 01 Jun 2004 15:43:59 +0200",
            "isosent": "20040601134359",
            "name": "Laurent Carcone",
            "email": "urent@w3.org",
            "subject": "Re: Possibility of using alternate XML namespace?",
            "id": "20040601134359.384BB17157@tux.inrialpes.fr",
            "charset": "us-ascii",
            "inreplyto": "200406011119.25364.luc.stepniewski&#64;adelux.fr",
            "expires": "-1",
            "to": " Luc Stepniewski<luc.stepniewski@adelux.fr>\n",
            "cc": "www-amaya@w3.org\n"
        },
        {
            "body": "Laurent Carcone wrote:>It was an Amaya bug, it has been fixed in the last week release (8.4).Thanks.Will 8.4 repair old broken substitution, or should these be edited in source?--Susan Lesch           http://www.w3.org/People/Lesch/mailto:lesch@w3.org               tel:+1.858.483.4819World Wide Web Consortium (W3C)    http://www.w3.org/",
            "docno": "lists-096-12533853",
            "received": "Tue Apr 20 13:33:00 2004",
            "isoreceived": "20040420173300",
            "sent": "Tue, 20 Apr 2004 10:19:48 -0700",
            "isosent": "20040420171948",
            "name": "Susan Lesch",
            "email": "sch@w3.org",
            "subject": "Re: Colon missing for CVS keyword substitution",
            "id": "p06020421bcab0c003c03@[192.168.123.134]",
            "charset": "us-ascii",
            "inreplyto": "20040420150535.7AAE417157&#64;tux.inrialpes.fr",
            "expires": "-1",
            "to": "laurent@w3.org\n",
            "cc": "www-amaya@w3.org\n"
        },
        {
            "body": "text/html attachment: stored",
            "docno": "lists-033-6132334",
            "received": "Sat Sep  7 02:58:53 2002",
            "isoreceived": "20020907065853",
            "sent": "Sat, 07 Sep 2002 07:56:46 -0100",
            "isosent": "20020907085646",
            "name": "directshopping@yahoo.com",
            "email": "directshopping@yahoo.com",
            "subject": "A Stimulating Sensual Lubricant For Women",
            "id": "011b77a32e1c$8586b0a6$0ac54de0@lqomai",
            "charset": "iso-8859-1",
            "expires": "-1",
            "to": "<josiane@w3.org>\n",
            "cc": "<kahan@w3.org>,<kotok@w3.org>,<laurent@w3.org>,<lesch@w3.org>,<marisol@w3.org>,<simon@w3.org>,<site-comments@w3.org>,<site-policy@w3.org>,<speaking@w3.org>,<spec-prod@w3.org>,<steve@w3.org>,<steven@w3.org>,<susan@w3.org>,<svg-comments@w3.org>,<svg-testsuite-comments@w3.org>,<swick@w3.org>,<ted@w3.org>,<timbl@w3.org>,<tmichel@w3.org>,<uri@w3.org>,<vatton@w3.org>,<veillard@w3.org>,<vhardy@w3.org>,<w3c-announce@w3.org>,<w3c-announce-request@w3.org>,<w3c-dist-auth@w3.org>,<w3c-html-wg@w3.org>,<w3c-ietf-xmldsig@w3.org>,<w3c-ietf-xmldsig-request@w3.org>,<w3c-math-wg@w3.org>,<w3c-mobile-ig@w3.org>,<w3c-ql@w3.org>,<w3c-translators@w3.org>,<w3c-translators-request@w3.org>,<w3c-wai-au@w3.org>,<w3c-wai-er-ig@w3.org>,<w3c-wai-gl@w3.org>,<w3c-wai-ig@w3.org>,<w3c-wai-ua@w3.org>,<w3c-wai-wcag-review@w3.org>\n"
        },
        {
            "body": "On Tue, 27 Apr 2004 19:40:51 +0200Laurent Carcone <laurent@w3.org> wrote:> >> > The Amaya team is proud to announce the Amaya 8.5 release> > that fixes annoying bugs reported in the previous release.> >> >   Binaries (Linux, Windows NT/2000/XP), Debian and RPM> >   packages are available at:> >             http://www.w3.org/Amaya/User/BinDist.html>> Hello all,>> Some links about the new Amaya release are broken. They will be available> tomorrow morning (French time).>> Thanks,>> Laurent CarconeIt's strange because the file was put on ftp and http servers half an hour beforeI sent the message.Irene.-----Ir?ne Vatton                     INRIA Rh?ne-AlpesINRIA                               ZIRSTe-mail: Irene.Vatton@inria.fr       655 avenue de l'EuropeTel.: +33 4 76 61 53 61             MontbonnotFax:  +33 4 76 61 52 07             38334 Saint Ismier Cedex - France",
            "docno": "lists-096-12866194",
            "received": "Wed Apr 28 03:10:34 2004",
            "isoreceived": "20040428071034",
            "sent": "Wed, 28 Apr 2004 09:10:05 +0200",
            "isosent": "20040428071005",
            "name": "Irene Vatton",
            "email": "rene.vatton@inrialpes.fr",
            "subject": "Re: [Announcement] Amaya 8.5",
            "id": "20040428091005.1d9e6421.irene.vatton@inrialpes.fr",
            "charset": "ISO-8859-1",
            "inreplyto": "20040427174051.2C99A17157&#64;tux.inrialpes.fr",
            "expires": "-1",
            "to": "laurent@w3.org\n",
            "cc": "www-amaya@w3.org\n"
        },
        {
            "body": "This is a bit counter intuitive - I would expect this to replace the tablewith an empty paragraph, whereas I expect to be able to do it by going to theend of the table and repeating return enough.cheersChaalsOn Wed, 19 May 2004, Laurent Carcone wrote:>>Hello,>>To add something after a table, select the whole table (using F2 key on>Windows) then press the Enter key. A new paragraph is created after the table.>>You can find more details in the Help>Tables>'Working with Tables' section.>>Thanks>>Laurent Carcone>>>>>> Hi>>>> I don't know if it is just a problem or a bug.>>>> Running amaya 8.5 (xp variant) on M$Windows2000. A document (forced to type>> html4 transitional) that ends in a table as the last element.>>>> How to create a new paragraph (or any other element) after the table?>>>> In the past, I expect repeated <ctrl-return> should finally get me there.>> However, it now just creates new paragraphs in the last cell.>>>>>>>>>> CBee>>>>>>Charles McCathieNevile  http://www.w3.org/People/Charles  tel: +61 409 134 136SWAD-E http://www.w3.org/2001/sw/Europe         fax(france): +33 4 92 38 78 22Post:   21 Mitchell street, FOOTSCRAY Vic 3011, Australia    orW3C, 2004 Route des Lucioles, 06902 Sophia Antipolis Cedex, France",
            "docno": "lists-096-13053149",
            "received": "Thu May 20 15:08:29 2004",
            "isoreceived": "20040520190829",
            "sent": "Thu, 20 May 2004 15:00:50 -0400 (EDT)",
            "isosent": "20040520190050",
            "name": "Charles McCathieNevile",
            "email": "charles@w3.org",
            "subject": "adding after tables Re: amaya problem",
            "id": "Pine.LNX.4.55.0405201459100.8154@homer.w3.org",
            "charset": "US-ASCII",
            "inreplyto": "20040519151320.092DF17158&#64;tux.inrialpes.fr",
            "expires": "-1",
            "to": " Laurent Carcone<laurent@w3.org>\n",
            "cc": " Corn? Beerse<cbeerse@lycos.nl>,www-amaya@w3.org\n"
        },
        {
            "body": "Hello Susan,It was an Amaya bug, it has been fixed in the last week release (8.4).Thanks,Laurent>> Hello, Amaya team,>> Pages are being saved without a colon in the date/author or Id stamp,> and thus the CVS keyword is not being substituted. Is this a CVS bug,> an Amaya bug or something that needs to be fixed on the markup end?>> For two examples, and I suspect there are many more on the w3.org site:>> http://cvs.w3.org/Team/WWW/Consortium/Prospectus/FAQ.html.diff?r1=1.44&r2=1.45&f=h> http://cvs.w3.org/Team/WWW/2004/03/10-w3m.html.diff?r1=1.7&r2=1.8&f=h>>",
            "docno": "lists-096-12525463",
            "received": "Tue Apr 20 11:06:08 2004",
            "isoreceived": "20040420150608",
            "sent": "Tue, 20 Apr 2004 17:05:35 +0200",
            "isosent": "20040420150535",
            "name": "Laurent Carcone",
            "email": "urent@w3.org",
            "subject": "Re: Colon missing for CVS keyword substitution",
            "id": "20040420150535.7AAE417157@tux.inrialpes.fr",
            "charset": "us-ascii",
            "inreplyto": "06020414bca9c30489cc&#64;[192.168.123.134]",
            "expires": "-1",
            "to": " Susan Lesch<lesch@w3.org>\n",
            "cc": "www-amaya@w3.org\n"
        },
        {
            "body": "> On Thu, 20 May 2004 15:00:50 -0400 (EDT)> Charles McCathieNevile <charles@w3.org> wrote:>>>>> This is a bit counter intuitive - I would expect this to replace the>> table>> with an empty paragraph,>> I don't think a user expects to lost the table when this table is selected> and> he hits the Enter key.This is standard behaviour in almost every application I use. I wassurprised when it didn't happen, and I think other users would be toounless they don't ever use word processors.> whereas I expect to be able to do it by going to the>> end of the table and repeating return enough.>> We did that in previous versions of Amaya but it didn't allow one to keep> an empty cell.>...>> The standard behavior of the Enter key is to generate a new element of the> current selected element type.> By example, if you select a H2 the Enter key generates a new H2 after.> When a cell is selected the Enter key generates a new cell.> There are two exceptions: it generates a paragraph when a <pre> or a> <table> is selected.> The shortcut Shift + Enter (XHTML>Paragraph) will replace a selected H2 by> a paragraph.Hmm. Thinking about this a bit mre seems a good idea. I can see that thisis not an intuitive user interface convention, but without having a betterCheersChaals",
            "docno": "lists-096-13132333",
            "received": "Mon May 24 14:12:11 2004",
            "isoreceived": "20040524181211",
            "sent": "Mon, 24 May 2004 14:12:11 -0400 (EDT)",
            "isosent": "20040524181211",
            "name": "charles@w3.org",
            "email": "charles@w3.org",
            "subject": "Re: adding after tables Re: amaya problem",
            "id": "ea to propose I don't suppose that helps much :-)",
            "charset": "iso-8859-1",
            "inreplyto": "20040524131203.5b915cc6.irene.vatton&#64;inrialpes.fr",
            "expires": "-1",
            "to": "\"Irene Vatton\"<irene.vatton@inrialpes.fr>\n",
            "cc": "\"Charles McCathieNevile\"<charles@w3.org>,laurent@w3.org,cbeerse@lycos.nl,www-amaya@w3.org\n"
        },
        {
            "body": "Hello Susan,I'm looking at this bug. I have found a scenario to reproduce it but I stillhaven't found the reason. Unfortunately, I can reproduce it with the currentversion (8.4). I will discuss this problem with Irene.Thanks,Laurent>> Hello, Amaya team,>> Spaces in markup are significant. I have noticed Amaya adding spaces> in the headlines on http://www.w3.org/. Is this something that could> please be fixed? In the example below, the sequence \">X\" was> intentional, but Amaya made it \">\\r X\".>> http://cvs.w3.org/Team/~checkout~/WWW/Overview.html?rev=4.1109&content-type=text/html>> [[> <div class=\"item\" id=\"x20040413b\">> <h3><img alt=\"\" width=\"17\" height=\"11\" src=\"/Icons/right\" />XInclude> Is a W3C Candidate Recommendation</h3>> ]]>> became:>> [[> <h3><img alt=\"\" width=\"17\" height=\"11\" src=\"/Icons/right\" />>   XInclude Is a W3C Candidate Recommendation</h3>> ]]> --> Susan Lesch           http://www.w3.org/People/Lesch/> mailto:lesch@w3.org               tel:+1.858.483.4819> World Wide Web Consortium (W3C)    http://www.w3.org/>>",
            "docno": "lists-096-12542002",
            "received": "Tue Apr 20 13:35:08 2004",
            "isoreceived": "20040420173508",
            "sent": "Tue, 20 Apr 2004 19:34:55 +0200",
            "isosent": "20040420173455",
            "name": "Laurent Carcone",
            "email": "urent@w3.org",
            "subject": "Re: Spaces are significant",
            "id": "20040420173455.318AF17157@tux.inrialpes.fr",
            "charset": "us-ascii",
            "inreplyto": "06020417bca9d1c6ff56&#64;[192.168.123.134]",
            "expires": "-1",
            "to": " Susan Lesch<lesch@w3.org>\n",
            "cc": "www-amaya@w3.org\n"
        },
        {
            "body": "Hello,To add something after a table, select the whole table (using F2 key onWindows) then press the Enter key. A new paragraph is created after the table.You can find more details in the Help>Tables>'Working with Tables' section.ThanksLaurent Carcone>> Hi>> I don't know if it is just a problem or a bug.>> Running amaya 8.5 (xp variant) on M$Windows2000. A document (forced to type> html4 transitional) that ends in a table as the last element.>> How to create a new paragraph (or any other element) after the table?>> In the past, I expect repeated <ctrl-return> should finally get me there.> However, it now just creates new paragraphs in the last cell.>>>>> CBee>>",
            "docno": "lists-096-13045228",
            "received": "Wed May 19 11:13:35 2004",
            "isoreceived": "20040519151335",
            "sent": "Wed, 19 May 2004 17:13:20 +0200",
            "isosent": "20040519151320",
            "name": "Laurent Carcone",
            "email": "urent@w3.org",
            "subject": "Re: amaya problem",
            "id": "20040519151320.092DF17158@tux.inrialpes.fr",
            "charset": "us-ascii",
            "inreplyto": "40AB74EE.7070801&#64;lycos.nl",
            "expires": "-1",
            "to": " Corn? Beerse<cbeerse@lycos.nl>\n",
            "cc": "www-amaya@w3.org\n"
        },
        {
            "body": "Hello Bartolome,Thanks for the report, the fix is available in the upcoming release.Laurent Carcone> Hi,>> Question:> Is the support of the white-space CSS property planned?>> RFE:> The Amaya beaviour of deleting automatically multiple white-spaces is> sometimes annoying. For instance, when I want to copy word1 over word2,>  I would like to double-clik the word1, copy it, double-click te word2 => and> paste, but Amaya deletes the space after the word2 and word1 is=20> concatenated to the following word. I would prefer that multiple => white-spaces=20> were only deleted when the document is saved (with CSS white-space => support,> of course :-).>> Best regards,> Bartolome Sintes",
            "docno": "lists-096-12807414",
            "received": "Tue Apr 27 12:01:02 2004",
            "isoreceived": "20040427160102",
            "sent": "Tue, 27 Apr 2004 18:00:35 +0200",
            "isosent": "20040427160035",
            "name": "Laurent Carcone",
            "email": "urent@w3.org",
            "subject": "Re: Spaces are significant (question and RFE)",
            "id": "20040427160035.D405C17157@tux.inrialpes.fr",
            "charset": "us-ascii",
            "inreplyto": "000901c4284c$ebda8a10$52f4ca51&#64;goofy",
            "expires": "-1",
            "to": " Bartolom? Sintes Marco<BartolomeSintes@ono.com>\n",
            "cc": "www-amaya@w3.org\n"
        },
        {
            "body": "On Tue, 20 Apr 2004 10:19:48 -0700Susan Lesch <lesch@w3.org> wrote:>> Laurent Carcone wrote:>> >It was an Amaya bug, it has been fixed in the last week release (8.4).>> Thanks.>> Will 8.4 repair old broken substitution, or should these be edited in source?Hi Susan,Yes, you have to reinsert the colon in the formatted view. It's not necessary toedit in the source. When saving, 8.4 will keep the colon.RegardsIrene.-----Ir?ne Vatton                     INRIA Rh?ne-AlpesINRIA                               ZIRSTe-mail: Irene.Vatton@inria.fr       655 avenue de l'EuropeTel.: +33 4 76 61 53 61             MontbonnotFax:  +33 4 76 61 52 07             38334 Saint Ismier Cedex - France",
            "docno": "lists-096-12565257",
            "received": "Wed Apr 21 03:15:26 2004",
            "isoreceived": "20040421071526",
            "sent": "Wed, 21 Apr 2004 09:15:09 +0200",
            "isosent": "20040421071509",
            "name": "Irene Vatton",
            "email": "rene.vatton@inrialpes.fr",
            "subject": "Re: Colon missing for CVS keyword substitution",
            "id": "20040421091509.7220f53f.irene.vatton@inrialpes.fr",
            "charset": "ISO-8859-1",
            "inreplyto": "06020421bcab0c003c03&#64;[192.168.123.134]",
            "expires": "-1",
            "to": " Susan Lesch<lesch@w3.org>\n",
            "cc": "laurent@w3.org,www-amaya@w3.org\n"
        },
        {
            "body": ">> The Amaya team is proud to announce the Amaya 8.5 release> that fixes annoying bugs reported in the previous release.>>   Binaries (Linux, Windows NT/2000/XP), Debian and RPM>   packages are available at:>             http://www.w3.org/Amaya/User/BinDist.htmlHello all,Some links about the new Amaya release are broken. They will be availabletomorrow morning (French time).Thanks,Laurent Carcone>> For more details about changes see>     http://www.w3.org/Amaya/User/New.html>>      Irene.> -----> Ir?ne Vatton                     INRIA Rh?ne-Alpes> INRIA                               ZIRST> e-mail: Irene.Vatton@inria.fr       655 avenue de l'Europe> Tel.: +33 4 76 61 53 61             Montbonnot> Fax:  +33 4 76 61 52 07             38334 Saint Ismier Cedex - France>>",
            "docno": "lists-096-12823671",
            "received": "Tue Apr 27 14:58:28 2004",
            "isoreceived": "20040427185828",
            "sent": "Tue, 27 Apr 2004 19:40:51 +0200",
            "isosent": "20040427174051",
            "name": "Laurent Carcone",
            "email": "urent@w3.org",
            "subject": "Re: [Announcement] Amaya 8.5",
            "id": "20040427174051.2C99A17157@tux.inrialpes.fr",
            "charset": "iso-8859-1",
            "inreplyto": "20040427183433.5874c1f0.irene.vatton&#64;inrialpes.fr",
            "expires": "-1",
            "to": " Irene Vatton<irene.vatton@inrialpes.fr>\n",
            "cc": "www-amaya@w3.org\n"
        },
        {
            "body": "On Thu, 20 May 2004 15:00:50 -0400 (EDT)Charles McCathieNevile <charles@w3.org> wrote:>> This is a bit counter intuitive - I would expect this to replace the table> with an empty paragraph,I don't think a user expects to lost the table when this table is selected andhe hits the Enter key.whereas I expect to be able to do it by going to the> end of the table and repeating return enough.We did that in previous versions of Amaya but it didn't allow one to keep an emptycell.>> cheers>> ChaalsThe standard behavior of the Enter key is to generate a new element of the current selectedelement type.By example, if you select a H2 the Enter key generates a new H2 after.When a cell is selected the Enter key generates a new cell.There are two exceptions: it generates a paragraph when a <pre> or a <table> is selected.The shortcut Shift + Enter (XHTML>Paragraph) will replace a selected H2 by a paragraph.RegardsIrene.-----Ir?ne Vatton                     INRIA Rh?ne-AlpesINRIA                               ZIRSTe-mail: Irene.Vatton@inria.fr       655 avenue de l'EuropeTel.: +33 4 76 61 53 61             MontbonnotFax:  +33 4 76 61 52 07             38334 Saint Ismier Cedex - France",
            "docno": "lists-096-13091525",
            "received": "Mon May 24 07:12:39 2004",
            "isoreceived": "20040524111239",
            "sent": "Mon, 24 May 2004 13:12:03 +0200",
            "isosent": "20040524111203",
            "name": "Irene Vatton",
            "email": "rene.vatton@inrialpes.fr",
            "subject": "Re: adding after tables Re: amaya problem",
            "id": "20040524131203.5b915cc6.irene.vatton@inrialpes.fr",
            "charset": "ISO-8859-1",
            "inreplyto": "Pine.LNX.4.55.0405201459100.8154&#64;homer.w3.org",
            "expires": "-1",
            "to": " Charles McCathieNevile<charles@w3.org>\n",
            "cc": "laurent@w3.org,cbeerse@lycos.nl,www-amaya@w3.org\n"
        },
        {
            "body": "Thanks John for this interesting pointer.It seems to be a rendering problem in Amaya. More precisely, I think it iscaused by the background picture (white.gif) defined in the styleshee joint.cssWe'll investigate this problem.Thanks,Laurent Carcone>> http://www.bigmouthmedia.com>> hangs Amaya on my Windows98 binary...>> could someone find out what the problem is ....> is it Amaya  or just a poorly designed site....>> the strange thing is that they are actively promoting w3> access standards so you would think that they would be tweaking> to the recommendations themselves ;-]  ;-]  ;-]>> anyways  is it just very slow load / rendering> or design   or  a bug in Amaya    ???????> --> john russell ve3ll@rac.ca [those are L's as in LLAMA]> http://home.cogeco.ca/~ve3ll> http://home.cogeco.ca/~trains> http://home.cogeco.ca/~cipher>>",
            "docno": "lists-096-13162303",
            "received": "Wed May 26 07:43:57 2004",
            "isoreceived": "20040526114357",
            "sent": "Wed, 26 May 2004 13:43:44 +0200",
            "isosent": "20040526114344",
            "name": "Laurent Carcone",
            "email": "urent@w3.org",
            "subject": "Re: one site hangs up Amaya",
            "id": "20040526114344.DE58217158@tux.inrialpes.fr",
            "charset": "us-ascii",
            "inreplyto": "40B2FACC.22038.477568&#64;localhost",
            "expires": "-1",
            "to": "\"John Russell\"<ve3ll@rac.ca>\n",
            "cc": "www-amaya@w3.org\n"
        },
        {
            "body": "Thanks for this report Brant,We'll have a look at these issues.Regards,Laurent Carcone>> Potential security issue is at end.>> I ran the latest Windows binary distribution of Amaya while it was> monitored by Microsoft's Application Verifier.  I did not actually do> anything; I just started it and exited.  It was also still clean; that> is, it had not been run before.  Here are issues that Microsoft's> Application Verifier (free) pointed out:>> Amaya gets the user's profile folder without using the correct API which> could lead to future compatibility issues:> Designed for Windows Logo Requirement 3.2. The application wrote> application or user information to an unapproved file location. Use the> SHGetFolderPath API to obtain the My Documents, Application Data, Local> Application Data, or Common Application Data directories. These> directories are appropriate locations for files created by an application.>> Amaya access the Temp folder without the appropriate API:> The application used a Windows Temp path that was not obtained using a> method approved by the Designed for Windows Logo Program. Use the> GetTempPath API to locate appropriate storage for temporary files.> The following parameters from the following function calls suffered from> this:> lpFileName of GetFileAttributesA> lpPathName of CreateDirectoryA> lpFileName of FindFirstFileA> lpFileName of CreateFileA>> I then later ran Amaya and did more stuff and found the following> additional issues:> ****************************************************************> Security Issue:> CreateProcess is called in printing with the following issue:> The lpApplicationName argument is NULL, lpCommandLine has spaces, and> the exe name is not in quotes.>> Because of a flaw in the CreateProcess API, this can cause issues with> filenames that have spaces and are not quoted.  Arbitrary executables> can be executed.  This is especially severe for Amaya since its code is> open source so you would know what to name the malicious executable.> ****************************************************************>>>",
            "docno": "lists-096-13028732",
            "received": "Fri May 14 13:06:00 2004",
            "isoreceived": "20040514170600",
            "sent": "Fri, 14 May 2004 19:05:52 +0200",
            "isosent": "20040514170552",
            "name": "Laurent Carcone",
            "email": "urent@w3.org",
            "subject": "Re: Amaya Security Issue/Windows Interoperability Issues",
            "id": "20040514170552.5B8FA17158@tux.inrialpes.fr",
            "charset": "us-ascii",
            "inreplyto": "40A2FDBF.7030206&#64;cherokeescouting.org",
            "expires": "-1",
            "to": " Brant Gurganus<brantgurganus2001@cherokeescouting.org>\n",
            "cc": "www-amaya@w3.org\n"
        }
    ]
}