{
    "id": "candidate-0018",
    "name": "Jos\u00e9 Kahan",
    "gender": "MALE",
    "email": "jose@w3.org",
    "mails": [
        {
            "body": "Hello,This message comes to you from the W3C WAI (World Wide Web ConsortiumWeb Accessibility Initiative) report tool at http://www.w3.org/WAI/report.URL: http://www.w3.org/Date: Mon Aug 23 10:40:38 1999Your web site has been found to have to one or more accessibility problems.This is not an automatic evaluation. This message is the result of anindividual's review of your page or site (refer to the cc: field). Thisperson experienced difficulty accessing your page either due to a disability(visual, auditory, physical, or cognitive) or due to device limitations(poor connection bandwidth, no support for graphics or support turned off,a voice interface such as a webphone, etc.). Please consider their commentsbelow.No specific items mentioned.Your name and the url of your page, along with the names of otherpage reviewed using this tool, have been entered in a W3C WAI databasethat we maintain (currently implemented as an archived mailing listvisible at http://lists.w3.org/Archives/Public/wai-report-db).Please take the time to review this report and take actionon the problems reported. If you have questions, please notify usat mailto:wai-report@w3.org, so that we can re-evaluate your page.Note. These comments were made by someone who visited your Website who may not be affiliated with W3C or the WAI. For this reason,WAI does not take responsibility for the accuracy of this report northe comments made in the report. For more information about the W3CWeb Accessibility Initiative please visit http://www.w3.org/WAI.Regards,The W3C WAI Accessibility Initiative Report Tool.",
            "docno": "lists-087-5482040",
            "received": "Mon Aug 23 11:02:54 1999",
            "isoreceived": "19990823150254",
            "sent": "Mon, 23 Aug 1999 11:02:50 -0400 (EDT)",
            "isosent": "19990823150250",
            "name": "wai-report@w3.org",
            "email": "wai-report@w3.org",
            "subject": "WAI Report on http://www.w3.org/",
            "id": "199908231502.LAA02838@www19.w3.org",
            "expires": "-1",
            "to": "doesntexist@inrialpes.fr\n",
            "cc": "jose@w3.org,wai-report-db@w3.org,wai-report@w3.org\n"
        },
        {
            "body": "Hello,This message comes to you from the W3C WAI (World Wide Web ConsortiumWeb Accessibility Initiative) report tool at http://www.w3.org/WAI/report.URL: http://www.w3.org/Date: Mon Aug 23 10:40:38 1999Your web site has been found to have to one or more accessibility problems.This is not an automatic evaluation. This message is the result of anindividual's review of your page or site (refer to the cc: field). Thisperson experienced difficulty accessing your page either due to a disability(visual, auditory, physical, or cognitive) or due to device limitations(poor connection bandwidth, no support for graphics or support turned off,a voice interface such as a webphone, etc.). Please consider their commentsbelow.No specific items mentioned.Your name and the url of your page, along with the names of otherpage reviewed using this tool, have been entered in a W3C WAI databasethat we maintain (currently implemented as an archived mailing listvisible at http://lists.w3.org/Archives/Public/wai-report-db).Please take the time to review this report and take actionon the problems reported. If you have questions, please notify usat mailto:wai-report@w3.org, so that we can re-evaluate your page.Note. These comments were made by someone who visited your Website who may not be affiliated with W3C or the WAI. For this reason,WAI does not take responsibility for the accuracy of this report northe comments made in the report. For more information about the W3CWeb Accessibility Initiative please visit http://www.w3.org/WAI.Regards,The W3C WAI Accessibility Initiative Report Tool.",
            "docno": "lists-087-5490945",
            "received": "Mon Aug 23 11:16:38 1999",
            "isoreceived": "19990823151638",
            "sent": "Mon, 23 Aug 1999 11:16:35 -0400 (EDT)",
            "isosent": "19990823151635",
            "name": "wai-report@w3.org",
            "email": "wai-report@w3.org",
            "subject": "WAI Report on http://www.w3.org/",
            "id": "199908231516.LAA03175@www19.w3.org",
            "expires": "-1",
            "to": "doesntexist@inrialpes.fr\n",
            "cc": "jose@w3.org,wai-report-db@w3.org,wai-report@w3.org\n"
        },
        {
            "body": "Hello Russ,Thanks for your offer. Could you please open me a temporary account on yourhttp server and send me by private mail the authentication pair and URLswhich crash Amaya?Thanks for your help,-Josejose@w3.orgIn our previous episode, Russ Thomas said:>> Well, the subject says it all.  this is a site under my control, so naturally> I'd like to \"fix\" whatever is giving Amaya a hard time.>> Platform: NT4> Webserver: IIS4/ASP>> I login, name/pswd, bang.  Amaya is gone from the desktop faster than a regular> closedown.>> I have a virtual dir further down on same site that also needs authentication -> this works (but it seems the frames are not supported yet in Amaya?).>> If an Amaya coder wants a temp login to test this I'm willing to do that if it> helps.",
            "docno": "lists-093-10127192",
            "received": "Fri Jul 17 06:41:29 1998",
            "isoreceived": "19980717104129",
            "sent": "Fri, 17 Jul 1998 12:41:48 +0200 (MET DST)",
            "isosent": "19980717104148",
            "name": "jose.kahan@w3.org",
            "email": "jose.kahan@w3.org",
            "subject": "Re: Site with Authentication crashes Amaya",
            "id": "199807171041.MAA00730@tuvalu.inrialpes.fr",
            "charset": "ISO-8859-1",
            "inreplyto": "002401bdacde$a4db6200$93d2cfcf&#64;micron_p166_3.DOMAIN",
            "expires": "-1",
            "to": "russthomas@qsius.com(Russ Thomas)\n",
            "cc": "www-amaya@w3.org\n"
        },
        {
            "body": "At 10:16 AM 5/13/2003 -0400, Ian B. Jacobs wrote:>I'm very excited about these changesJust a very small nit with the original post: some of us put attachments inthe spam file automatically so if you would post these things to the Web itwould be \"safer\".--Love.It's Bad Luck to be Superstitious!",
            "docno": "lists-091-15370204",
            "received": "Tue May 13 11:19:19 2003",
            "isoreceived": "20030513151919",
            "sent": "Tue, 13 May 2003 08:18:45 -0700",
            "isosent": "20030513151845",
            "name": "William Loughborough",
            "email": "ove26@gorge.net",
            "subject": "Re: Mailing List Archives improvements: big progresses!",
            "id": "5.2.0.9.2.20030513081724.0117ce10@pop3.gorge.net",
            "charset": "us-ascii",
            "inreplyto": "1052835410.18532.424.camel&#64;seabright",
            "expires": "-1",
            "to": "\"Ian B. Jacobs\"<ij@w3.org>, Dominique Haza?l-Massieux<dom@w3.org>\n",
            "cc": "wai-xtech@w3.org, Al Gilman<asgilman@iamdigex.net>,wendy@w3.org,jose@w3.org,ijacobs@w3.org,dbooth@w3.org,steven@w3.org,mcmay@w3.org,chaals@w3.org\n"
        },
        {
            "body": "Great!Does this include the fix that will allow attached images to show upproperly?  That problem was described athttp://www.w3.org/2002/02/mid/5.1.0.14.2.20021120151044.031f5af0@localhost;list=sysreqand the fix is mentioned athttp://lists.w3.org/Archives/Team/w3t-sys/2002NovDec/0161.htmlAt 02:23 PM 5/13/2003 +0200, Dominique Haza?l-Massieux wrote:>Hi all,>>Last year (between March and June), we discussed how the W3C Mailing>List archives could be improved, both in terms of accessibility and>usability. We came up with a proposal described and defined at:>http://www.w3.org/2002/03/archives-improvements/>>Thanks to the great work done by Jose Kahan, the proposed changes have>been implemented in Hypermail, the program that formats the email in>HTML and have been proposed for integration in the next releases of this>program (meaning that the progresses made for us will also be available>to a broader users base).>>As promised, we have now a short time frame to make real user testing>with the output produced by the new code:>http://www.w3.org/2002/03/archives-improvements/implentation-test/ shows>what the new hypermail produces, with most of the links working as they>would in a production environment (the test was produced on the mails>received in January on www-tag).>Al, Wendy, would it be possible for you to ask people with specific>handicaps/navigation requirements to look at these proposals and see how>well they work for them?>>Some small (temporary) issues:>- the index page has not been generated for this example - the program>that produces them is not hypermail, and also can be tweaked much more>easily than hypermail, so this might wait for another round>- there are some inconsistencies in the navigation bar (ml name, broken>links) that would not appear in a real case>- the \"N.B.\" note would not appear in a real case either>>Note that in any case, and since we have had much time and many>occasions to discuss the proposals, the corrections that could be>brought to the current output cannot be very large, so we should only>try to spot out the main remaining issues.>>The comments period is open until June 6 a priori, but let me know if>this is too short for you to give your feedback on this.>[FWIW, I intend to open this review slot to the chairs and the team>members after the AC Meeting]>>Thanks,>>Dom>-->Dominique Haza?l-Massieux - http://www.w3.org/People/Dom/>W3C/ERCIM>mailto:dom@w3.org--David BoothW3C Fellow / Hewlett-PackardTelephone: +1.617.253.1273",
            "docno": "lists-091-15380691",
            "received": "Tue May 13 12:03:24 2003",
            "isoreceived": "20030513160324",
            "sent": "Tue, 13 May 2003 12:03:07 -0400",
            "isosent": "20030513160307",
            "name": "David Booth",
            "email": "dbooth@w3.org",
            "subject": "Re: Mailing List Archives improvements: big progresses!",
            "id": "5.1.0.14.2.20030513115337.02fcabd0@localhost",
            "charset": "iso-8859-1",
            "inreplyto": "1052828612.28233.1132.camel&#64;stratustier",
            "expires": "-1",
            "to": " Dominique Haza?l-Massieux<dom@w3.org>,wai-xtech@w3.org,asgilman@iamdigex.net,wendy@w3.org\n",
            "cc": "jose@w3.org,ijacobs@w3.org,steven@w3.org,mcmay@w3.org,chaals@w3.org\n"
        },
        {
            "body": "Bonjour,Le message annonce' en  \"M1.5 A propos d'Amaya\" de ce jour.Avec fichier joint. (zip)Vous souhaitant bonne re'ceptionCordialementA.Rehmapplication/octet-stream attachment: Msg01.zip",
            "docno": "lists-094-14202594",
            "received": "Fri Aug 11 16:43:15 2000",
            "isoreceived": "20000811204315",
            "sent": "Fri, 11 Aug 2000 22:43:00 +0200",
            "isosent": "20000811204300",
            "name": "A.Rehm",
            "email": "ntoine.rehm@libertysurf.fr",
            "subject": "M1.6 A propos d'Amaya",
            "id": "003d01c003d4$beae06c0$7e2924d5@pavilion",
            "charset": "iso-8859-1",
            "expires": "-1",
            "to": "<www-amaya@w3.org>\n",
            "cc": "<jose@w3.org>\n"
        },
        {
            "body": "Great stuff.I like the idea of offering alternate stylesheets, though the 'short view'one didn't seem to have any effect for me.I would especially like to see an alternate stylesheet in messages to makethis sort of message readable:http://lists.w3.org/Archives/Member/w3c-forms/2003AprJun/0262.html(paragraphs are single lines of the incoming mail, and so you have to scrollhorizontally to read them).I think a smaller font for the <h1> would be good, so that it fits on oneline.Best wishes,Steven",
            "docno": "lists-091-15404825",
            "received": "Wed May 14 05:05:53 2003",
            "isoreceived": "20030514090553",
            "sent": "Wed, 14 May 2003 11:05:36 +0200",
            "isosent": "20030514090536",
            "name": "Steven Pemberton",
            "email": "Steven.Pemberton@cwi.nl",
            "subject": "Re: Mailing List Archives improvements: big progresses!",
            "id": "03bc01c319f7$fcec7fc0$df13fea9@srx41p",
            "charset": "iso-8859-15",
            "inreplyto": "1052828612.28233.1132.camel&#64;stratustier",
            "expires": "-1",
            "to": " Dominique Haza?l-Massieux<dom@w3.org>,<wai-xtech@w3.org>,<asgilman@iamdigex.net>,<wendy@w3.org>\n",
            "cc": "<jose@w3.org>,<ijacobs@w3.org>,<dbooth@w3.org>,<mcmay@w3.org>,<chaals@w3.org>\n"
        },
        {
            "body": "text/html attachment: stored",
            "docno": "lists-005-3953166",
            "received": "Sat Mar 27 12:40:54 2004",
            "isoreceived": "20040327174054",
            "sent": "Sat, 27 Mar 2004 15:37:08 -0200",
            "isosent": "20040327173708",
            "name": "Amy Farris",
            "email": "rnwmptuw@yahoo.com",
            "subject": "look rich now get rich later fake rolex watches",
            "id": "EBUTMCRDHQGKFVTMHYYL@msn.com",
            "charset": "iso-8859-1",
            "expires": "-1",
            "to": "chris@w3.org,smil-editors@w3.org,jose@w3.org,josh@w3.org,ietf-charsets@w3.org,ietf-dav-versioning-request@w3.org,ietf-dav-versioning@w3.org\n"
        },
        {
            "body": "text/html attachment: stored",
            "docno": "lists-005-3094131",
            "received": "Fri Mar 26 00:58:42 2004",
            "isoreceived": "20040326055842",
            "sent": "Thu, 25 Mar 04 08:17:05 GMT",
            "isosent": "20040325081705",
            "name": "Abe Presley",
            "email": "4kwuf@aol.com",
            "subject": "iadlis will you be ready",
            "id": "9k$334a-$4j-v3-26@idng3w.o.w47lr",
            "expires": "-1",
            "to": "<hoschka@w3.org>,<ietf-discuss@w3.org>,<ietf-charsets@w3.org>,<ietf-http-ext@w3.org>,<html-tidy@w3.org>,<jose@w3.org>\n"
        },
        {
            "body": "One more suggestion.  (I think someone else may have mentioned this problemalso, but I'm not sure.)Some messages show up in the archives with very long lines, which are hardto read.  Example:http://lists.w3.org/Archives/Public/www-ws-arch/2003May/0215.htmlFor message display, it would be helpful to have an easy way to display themessage with long lines wrapped.  This can be done crudely withhttp://cgi.w3.org/cgi-bin/html2txt .  For example, if the previous URL isfed into html2txt, it produces:http://cgi.w3.org/cgi-bin/html2txt?url=http%3A%2F%2Flists.w3.org%2FArchives%2FPublic%2Fwww-ws-arch%2F2003May%2F0215.htmlI would suggest an option, perhaps in the upper right of the message page:Long lines: [ Wrap ] [ Don't wrap ]Furthermore, it would be easiest if \"Wrap\" were the default, since that isprobably the more common need.However, if you don't want to wrap by default, then it would be nice to atleast provide a \"Wrap long lines\" link on the message page to easilydisplay a wrapped version.Thanks!At 02:23 PM 5/13/2003 +0200, Dominique Haza?l-Massieux wrote:>Hi all,>>Last year (between March and June), we discussed how the W3C Mailing>List archives could be improved, both in terms of accessibility and>usability. We came up with a proposal described and defined at:>http://www.w3.org/2002/03/archives-improvements/>>Thanks to the great work done by Jose Kahan, the proposed changes have>been implemented in Hypermail, the program that formats the email in>HTML and have been proposed for integration in the next releases of this>program (meaning that the progresses made for us will also be available>to a broader users base).>>As promised, we have now a short time frame to make real user testing>with the output produced by the new code:>http://www.w3.org/2002/03/archives-improvements/implentation-test/ shows>what the new hypermail produces, with most of the links working as they>would in a production environment (the test was produced on the mails>received in January on www-tag).>Al, Wendy, would it be possible for you to ask people with specific>handicaps/navigation requirements to look at these proposals and see how>well they work for them?>>Some small (temporary) issues:>- the index page has not been generated for this example - the program>that produces them is not hypermail, and also can be tweaked much more>easily than hypermail, so this might wait for another round>- there are some inconsistencies in the navigation bar (ml name, broken>links) that would not appear in a real case>- the \"N.B.\" note would not appear in a real case either>>Note that in any case, and since we have had much time and many>occasions to discuss the proposals, the corrections that could be>brought to the current output cannot be very large, so we should only>try to spot out the main remaining issues.>>The comments period is open until June 6 a priori, but let me know if>this is too short for you to give your feedback on this.>[FWIW, I intend to open this review slot to the chairs and the team>members after the AC Meeting]>>Thanks,>>Dom>-->Dominique Haza?l-Massieux - http://www.w3.org/People/Dom/>W3C/ERCIM>mailto:dom@w3.org--David BoothW3C Fellow / Hewlett-PackardTelephone: +1.617.253.1273",
            "docno": "lists-091-15414800",
            "received": "Thu May 15 18:37:41 2003",
            "isoreceived": "20030515223741",
            "sent": "Thu, 15 May 2003 18:34:55 -0400",
            "isosent": "20030515223455",
            "name": "David Booth",
            "email": "dbooth@w3.org",
            "subject": "Re: Mailing List Archives improvements: big progresses!",
            "id": "5.1.0.14.2.20030515181551.02fcbc60@localhost",
            "charset": "iso-8859-1",
            "inreplyto": "1052828612.28233.1132.camel&#64;stratustier",
            "expires": "-1",
            "to": " Dominique Haza?l-Massieux<dom@w3.org>,jose@w3.org\n",
            "cc": "ijacobs@w3.org,steven@w3.org,mcmay@w3.org,chaals@w3.org,wai-xtech@w3.org,asgilman@iamdigex.net,wendy@w3.org\n"
        },
        {
            "body": "Hello,This message comes to you from the W3C WAI (World Wide Web ConsortiumWeb Accessibility Initiative) report tool at http://www.w3.org/WAI/report.URL: http://www.w3.org/Date: Mon Aug 23 10:40:38 1999Your web site has been found to have to one or more accessibility problems.This is not an automatic evaluation. This message is the result of anindividual's review of your page or site (refer to the cc: field). Thisperson experienced difficulty accessing your page either due to a disability(visual, auditory, physical, or cognitive) or due to device limitations(poor connection bandwidth, no support for graphics or support turned off,a voice interface such as a webphone, etc.). Please consider their commentsbelow.No specific items mentioned.Your name and the url of your page, along with the names of otherpage reviewed using this tool, have been entered in a W3C WAI databasethat we maintain (currently implemented as an archived mailing listvisible at http://lists.w3.org/Archives/Public/wai-report-db).Please take the time to review this report and take actionon the problems reported. If you have questions, please notify usat mailto:wai-report@w3.org, so that we can re-evaluate your page.Note. These comments were made by someone who visited your Website who may not be affiliated with W3C or the WAI. For this reason,WAI does not take responsibility for the accuracy of this report northe comments made in the report. For more information about the W3CWeb Accessibility Initiative please visit http://www.w3.org/WAI.Regards,The W3C WAI Accessibility Initiative Report Tool.",
            "docno": "lists-087-9078542",
            "received": "Mon Aug 23 11:16:38 1999",
            "isoreceived": "19990823151638",
            "sent": "Mon, 23 Aug 1999 11:16:35 -0400 (EDT)",
            "isosent": "19990823151635",
            "name": "wai-report@w3.org",
            "email": "wai-report@w3.org",
            "subject": "WAI Report on http://www.w3.org/",
            "id": "199908231516.LAA03175@www19.w3.org",
            "expires": "-1",
            "to": "doesntexist@inrialpes.fr\n",
            "cc": "jose@w3.org,wai-report-db@w3.org,wai-report@w3.org\n"
        },
        {
            "body": "Hello,This message comes to you from the W3C WAI (World Wide Web ConsortiumWeb Accessibility Initiative) report tool at http://www.w3.org/WAI/report.URL: http://www.w3.org/Date: Mon Aug 23 10:40:38 1999Your web site has been found to have to one or more accessibility problems.This is not an automatic evaluation. This message is the result of anindividual's review of your page or site (refer to the cc: field). Thisperson experienced difficulty accessing your page either due to a disability(visual, auditory, physical, or cognitive) or due to device limitations(poor connection bandwidth, no support for graphics or support turned off,a voice interface such as a webphone, etc.). Please consider their commentsbelow.No specific items mentioned.Your name and the url of your page, along with the names of otherpage reviewed using this tool, have been entered in a W3C WAI databasethat we maintain (currently implemented as an archived mailing listvisible at http://lists.w3.org/Archives/Public/wai-report-db).Please take the time to review this report and take actionon the problems reported. If you have questions, please notify usat mailto:wai-report@w3.org, so that we can re-evaluate your page.Note. These comments were made by someone who visited your Website who may not be affiliated with W3C or the WAI. For this reason,WAI does not take responsibility for the accuracy of this report northe comments made in the report. For more information about the W3CWeb Accessibility Initiative please visit http://www.w3.org/WAI.Regards,The W3C WAI Accessibility Initiative Report Tool.",
            "docno": "lists-087-5473134",
            "received": "Mon Aug 23 11:00:35 1999",
            "isoreceived": "19990823150035",
            "sent": "Mon, 23 Aug 1999 11:00:30 -0400 (EDT)",
            "isosent": "19990823150030",
            "name": "wai-report@w3.org",
            "email": "wai-report@w3.org",
            "subject": "WAI Report on http://www.w3.org/",
            "id": "199908231500.LAA02712@www19.w3.org",
            "expires": "-1",
            "to": "doesntexist@inrialpes.fr\n",
            "cc": "jose@w3.org,wai-report-db@w3.org,wai-report@w3.org\n"
        },
        {
            "body": "Bonjour Jose',>> Pourrais-tu renvoyer le message avec le fichier HTML 'a la liste> www-amaya@w3.org, avec une copie a moi <jose@w3.org>? Cela me> permettra de voir l'erreur. Je pense qu'il peut venir de ton> ISP.Je ne pense pas, d'habitude c'est sans probl'eme.J'ai d'ailleurs envoye' le MEME fichier attache'  'a un copain qui l'a bienre,cu.> Il n'a pas ete attache cette fois a ton message.Oui, je ne l'ai attache' que la premi?re fois. Pensant que ce premiermessagene passait pas pour cause de refus de fichier joint et/ou trop volumineux ouautre (pre'caution antivirus, ..)J'envoie maintenant 2 messages :- celui-ci en texte brut. pour annoncer le suivant (puisque apparemment \",capasse\")- le suivant avec le fichier joint. C'est un fichier zippe' contenant lehtml et images.(de'zipper avec logicier reconstruisant les dossiers - winzip -)Je les envoie par libertysurf. Si le transfert ne devait pas fonctionner etque vous pensiez que cela provienne de mon ISP, recontactez-moi etje tenterais avec un autre ISP (j'en ai 3 en activite')> D'ailleurs, tu n'es pas inscrit a la liste Amaya sous ton compte:>> antoine.rehm@libertysurf.fr>> Tu veux que je t'inscrit?>Je \"de'couvre\" Amaya il y a quelques semaines.Ces essais ayant illustre' quelques probl'emes (que je pense en partie dusau passage sous windows), j'ai, malgre' mon noviciat sur Amaya, pens?que ces observations pouvaient inte'resser l'e'quipe Amaya.J'ignorais qu'il fallait etre inscrit sur \"la liste\" pour faire unecommunication.Je ne sais pas de quelle liste il s'agit (nouvelles, contribution, ...)J'avais envisage' la possibilite' de contribuer, mais n'en ai pas e'tudie'la faisabilite' et les modalite's.D'ailleurs je ne l'envisage qu'apr'es etre passe' sous linux (en cours)Je veux bien que tu m'inscrive sur la liste. Dis-moi laquelle.CordialementA.Rehm.",
            "docno": "lists-094-14192944",
            "received": "Fri Aug 11 16:38:44 2000",
            "isoreceived": "20000811203844",
            "sent": "Fri, 11 Aug 2000 22:41:22 +0200",
            "isosent": "20000811204122",
            "name": "A.Rehm",
            "email": "ntoine.rehm@libertysurf.fr",
            "subject": "Msg1.5 :  A propos d'Amaya",
            "id": "003001c003d4$83aee080$7e2924d5@pavilion",
            "charset": "iso-8859-1",
            "inreplyto": "200008090752.JAA05685&#64;tuvalu.inrialpes.fr",
            "expires": "-1",
            "to": "<jose.kahan@w3.org>\n",
            "cc": "<www-amaya@w3c.org>\n"
        },
        {
            "body": "Hello,This message comes to you from the W3C WAI (World Wide Web ConsortiumWeb Accessibility Initiative) report tool at http://www.w3.org/WAI/report.URL: http://www.w3.org/Date: Mon Aug 23 10:40:38 1999Your web site has been found to have to one or more accessibility problems.This is not an automatic evaluation. This message is the result of anindividual's review of your page or site (refer to the cc: field). Thisperson experienced difficulty accessing your page either due to a disability(visual, auditory, physical, or cognitive) or due to device limitations(poor connection bandwidth, no support for graphics or support turned off,a voice interface such as a webphone, etc.). Please consider their commentsbelow.No specific items mentioned.Your name and the url of your page, along with the names of otherpage reviewed using this tool, have been entered in a W3C WAI databasethat we maintain (currently implemented as an archived mailing listvisible at http://lists.w3.org/Archives/Public/wai-report-db).Please take the time to review this report and take actionon the problems reported. If you have questions, please notify usat mailto:wai-report@w3.org, so that we can re-evaluate your page.Note. These comments were made by someone who visited your Website who may not be affiliated with W3C or the WAI. For this reason,WAI does not take responsibility for the accuracy of this report northe comments made in the report. For more information about the W3CWeb Accessibility Initiative please visit http://www.w3.org/WAI.Regards,The W3C WAI Accessibility Initiative Report Tool.",
            "docno": "lists-087-9051999",
            "received": "Mon Aug 23 10:56:56 1999",
            "isoreceived": "19990823145656",
            "sent": "Mon, 23 Aug 1999 10:56:46 -0400 (EDT)",
            "isosent": "19990823145646",
            "name": "wai-report@w3.org",
            "email": "wai-report@w3.org",
            "subject": "WAI Report on http://www.w3.org/",
            "id": "199908231456.KAA02511@www19.w3.org",
            "expires": "-1",
            "to": " batman@gotham.city\n",
            "cc": "jose@w3.org,wai-report-db@w3.org,wai-report@w3.org\n"
        },
        {
            "body": "Today is a new day for your residence. With levelsat their headline-making historic lows, our programsare better now than ever before. Even if you've recentlyclosed on a property, now is the time to check yournumbers.Our advisors are here to help you decide your options.In fact, did you know that a 30 year fixed program maynot always be the best option?There are other ways to do it, and we would like to tellyou about it.Find out what all your neighbors are talking about:Today's low rate: 1.82%http://ahomelender.com/?partid=n278Future reference options:http://ahomelender.com/st.htmbernardo possessive gadget fine manama fractious lizzie newscast quadratic bolster seance strafe macrame atlas chapel supernatant concubine optimum abigail inhibitory",
            "docno": "lists-005-4767452",
            "received": "Mon Mar 29 15:42:00 2004",
            "isoreceived": "20040329204200",
            "sent": "Mon, 29 Mar 2004 21:45:11 -0200",
            "isosent": "20040329234511",
            "name": "Ryan Bowers",
            "email": "@hotmail.com",
            "subject": "00 offer request",
            "id": "IRIYYOYGRYLQOJWBJURV@hotmail.com",
            "expires": "-1",
            "to": "mejose@w3.org\n"
        },
        {
            "body": "Bonjour Jose',>> Pourrais-tu renvoyer le message avec le fichier HTML 'a la liste> www-amaya@w3.org, avec une copie a moi <jose@w3.org>? Cela me> permettra de voir l'erreur. Je pense qu'il peut venir de ton> ISP.Je ne pense pas, d'habitude c'est sans probl'eme.J'ai d'ailleurs envoye' le MEME fichier attache'  'a un copain qui l'a bienre,cu.> Il n'a pas ete attache cette fois a ton message.Oui, je ne l'ai attache' que la premi?re fois. Pensant que ce premiermessagene passait pas pour cause de refus de fichier joint et/ou trop volumineuxouautre (pre'caution antivirus, ..)J'envoie maintenant 2 messages :- celui-ci en texte brut. pour annoncer le suivant (puisque apparemment\",capasse\")- le suivant avec le fichier joint. C'est un fichier zippe' contenant lehtml et images.(de'zipper avec logicier reconstruisant les dossiers - winzip -)Je les envoie par libertysurf. Si le transfert ne devait pas fonctionner etque vous pensiez que cela provienne de mon ISP, recontactez-moi etje tenterais avec un autre ISP (j'en ai 3 en activite')> D'ailleurs, tu n'es pas inscrit a la liste Amaya sous ton compte:>> antoine.rehm@libertysurf.fr>> Tu veux que je t'inscrit?>Je \"de'couvre\" Amaya il y a quelques semaines.Ces essais ayant illustre' quelques probl'emes (que je pense en partie dusau passage sous windows), j'ai, malgre' mon noviciat sur Amaya, pens?que ces observations pouvaient inte'resser l'e'quipe Amaya.J'ignorais qu'il fallait etre inscrit sur \"la liste\" pour faire unecommunication.Je ne sais pas de quelle liste il s'agit (nouvelles, contribution, ...)J'avais envisage' la possibilite' de contribuer, mais n'en ai pas e'tudie'la faisabilite' et les modalite's.D'ailleurs je ne l'envisage qu'apr'es etre passe' sous linux (en cours)Je veux bien que tu m'inscrive sur la liste. Dis-moi laquelle.CordialementA.Rehm.",
            "docno": "lists-094-14216650",
            "received": "Fri Aug 11 16:50:57 2000",
            "isoreceived": "20000811205057",
            "sent": "Fri, 11 Aug 2000 22:52:55 +0200",
            "isosent": "20000811205255",
            "name": "A.Rehm",
            "email": "ntoine.rehm@libertysurf.fr",
            "subject": "Re: Msg1.5 :  A propos d'Amaya",
            "id": "007601c003d6$38405a00$7e2924d5@pavilion",
            "charset": "iso-8859-1",
            "inreplyto": "Msg1.5 :  A propos d'Amaya",
            "expires": "-1",
            "to": "<jose@w3.org>\n",
            "cc": "<www-amaya@w3.org>\n"
        },
        {
            "body": "Hi Dom and Jose,While I have not done a thorough review, I'm very excitedabout these changes (for everyone!) after just a quick reviewof the results. Well done!_ IanOn Tue, 2003-05-13 at 08:23, Dominique Haza?l-Massieux wrote:> Hi all,>> Last year (between March and June), we discussed how the W3C Mailing> List archives could be improved, both in terms of accessibility and> usability. We came up with a proposal described and defined at:> http://www.w3.org/2002/03/archives-improvements/>> Thanks to the great work done by Jose Kahan, the proposed changes have> been implemented in Hypermail, the program that formats the email in> HTML and have been proposed for integration in the next releases of this> program (meaning that the progresses made for us will also be available> to a broader users base).>> As promised, we have now a short time frame to make real user testing> with the output produced by the new code:> http://www.w3.org/2002/03/archives-improvements/implentation-test/ shows> what the new hypermail produces, with most of the links working as they> would in a production environment (the test was produced on the mails> received in January on www-tag).> Al, Wendy, would it be possible for you to ask people with specific> handicaps/navigation requirements to look at these proposals and see how> well they work for them?>> Some small (temporary) issues:> - the index page has not been generated for this example - the program> that produces them is not hypermail, and also can be tweaked much more> easily than hypermail, so this might wait for another round> - there are some inconsistencies in the navigation bar (ml name, broken> links) that would not appear in a real case> - the \"N.B.\" note would not appear in a real case either>> Note that in any case, and since we have had much time and many> occasions to discuss the proposals, the corrections that could be> brought to the current output cannot be very large, so we should only> try to spot out the main remaining issues.>> The comments period is open until June 6 a priori, but let me know if> this is too short for you to give your feedback on this.> [FWIW, I intend to open this review slot to the chairs and the team> members after the AC Meeting]>> Thanks,>> Dom--Ian Jacobs (ij@w3.org)   http://www.w3.org/People/JacobsTel:                     +1 718 260-9447",
            "docno": "lists-091-15357675",
            "received": "Tue May 13 10:17:32 2003",
            "isoreceived": "20030513141732",
            "sent": "13 May 2003 10:16:51 -0400",
            "isosent": "20030513141651",
            "name": "Ian B. Jacobs",
            "email": "j@w3.org",
            "subject": "Re: Mailing List Archives improvements: big progresses!",
            "id": "1052835410.18532.424.camel@seabright",
            "charset": "ISO-8859-1",
            "inreplyto": "1052828612.28233.1132.camel&#64;stratustier",
            "expires": "-1",
            "to": " Dominique Haza?l-Massieux<dom@w3.org>\n",
            "cc": "wai-xtech@w3.org, Al Gilman<asgilman@iamdigex.net>,wendy@w3.org,jose@w3.org,ijacobs@w3.org,dbooth@w3.org,steven@w3.org,mcmay@w3.org,chaals@w3.org\n"
        },
        {
            "body": "Hello,This message comes to you from the W3C WAI (World Wide Web ConsortiumWeb Accessibility Initiative) report tool at http://www.w3.org/WAI/report.URL: http://www.w3.org/Date: Mon Aug 23 10:40:38 1999Your web site has been found to have to one or more accessibility problems.This is not an automatic evaluation. This message is the result of anindividual's review of your page or site (refer to the cc: field). Thisperson experienced difficulty accessing your page either due to a disability(visual, auditory, physical, or cognitive) or due to device limitations(poor connection bandwidth, no support for graphics or support turned off,a voice interface such as a webphone, etc.). Please consider their commentsbelow.No specific items mentioned.Your name and the url of your page, along with the names of otherpage reviewed using this tool, have been entered in a W3C WAI databasethat we maintain (currently implemented as an archived mailing listvisible at http://lists.w3.org/Archives/Public/wai-report-db).Please take the time to review this report and take actionon the problems reported. If you have questions, please notify usat mailto:wai-report@w3.org, so that we can re-evaluate your page.Note. These comments were made by someone who visited your Website who may not be affiliated with W3C or the WAI. For this reason,WAI does not take responsibility for the accuracy of this report northe comments made in the report. For more information about the W3CWeb Accessibility Initiative please visit http://www.w3.org/WAI.Regards,The W3C WAI Accessibility Initiative Report Tool.",
            "docno": "lists-087-9096381",
            "received": "Mon Aug 23 11:40:35 1999",
            "isoreceived": "19990823154035",
            "sent": "Mon, 23 Aug 1999 11:40:31 -0400 (EDT)",
            "isosent": "19990823154031",
            "name": "wai-report@w3.org",
            "email": "wai-report@w3.org",
            "subject": "WAI Report on http://www.w3.org/",
            "id": "199908231540.LAA04323@www19.w3.org",
            "expires": "-1",
            "to": "doesntexist@inrialpes.fr\n",
            "cc": "jose@w3.org,wai-report-db@w3.org,wai-report@w3.org\n"
        },
        {
            "body": "Jose,I understand that some people in the W3C are reluctant toimplement the Hoffman Draft mailto: parameter syntax in the W3Carchives because there is as yet only partial implementationamong browsers.I still support the mailto: extensions and would be willing todiscuss these as a separate thread.But the access issue for the working medium of the Web AccessInitiative is to make the working conversations of the Initiativeas accessible as possible for those who by dint of disabilitymove through Internet media a little slower than some of the restof us.To underscore the difference between the performance issue andthe mailto: solution, may I am repeating here for the benefitof the working group list an alternative implementation strategy.Since I am only aware of what Lynx and Netscape do, the followingfeature may be no more widespread than the new mailto: which isalready implemented to some degree in those browsers.  There is apractice of putting the URL to the page where a mailto: was foundin a header at the head of the mail message generated.  Some of thefield names that have been used by Lynx in this regard includeX-within-URL:X-URL:Other X-header spellings likely exist in the usage of otherbrowsers.  I think that almost all browsers that implement thisfeature generate headers whose field name can be matched with a*URL: pattern.Suppose there were a preprocessor for mail received to a postingaddres such as w3c-wai-wg@w3.org, which preprocessor would get tohandle arriving mailgrams before they went to SmartList andHypermail for distribution and filing.  If this preprocessorexamined these *URL: headers, detected those that refer to\"known\" messages, i.e. messages resident in the archives of theW3C, and inserted the Message-ID value of the original message ina References: header in the mail distributed and archived, thecontext for the arriving mailgram would be known not only tothose that take the extra trouble to examine all headers on theirmail, but also to the archiver -- a critical step if slow playersare to be made as integral to the process as we can.This assumes:Hypermail checks References: headers and builds threadsbased on them.The list posting address allows non-subscribers to post,either with or without manual screening.I want to have this alternative strategy on record so that I canplace a high priority on supporting slow participants in the WAIprocess.  I want to separate that concern from my support for themailto: syntax per the current Internet Draft.  I also supportthe mailto: syntax as currently drafted, but the reasons forpreferring that solution are not all for broadband access to theWAI work process.--Al Gilman",
            "docno": "lists-086-8587253",
            "received": "Wed May  7 11:48:28 1997",
            "isoreceived": "19970507154828",
            "sent": "Wed, 7 May 1997 11:48:18 -0400 (EDT)",
            "isosent": "19970507154818",
            "name": "Al Gilman",
            "email": "sgilman@access.digex.net",
            "subject": "hreaded mailto: response alternatives",
            "id": "199705071548.LAA22770@access5.digex.net",
            "charset": "US-ASCII",
            "expires": "-1",
            "to": "jose@w3.org\n",
            "cc": "w3c-wai-wg@w3.org(WAI Working Group)\n"
        },
        {
            "body": "Hi all,Last year (between March and June), we discussed how the W3C MailingList archives could be improved, both in terms of accessibility andusability. We came up with a proposal described and defined at:http://www.w3.org/2002/03/archives-improvements/Thanks to the great work done by Jose Kahan, the proposed changes havebeen implemented in Hypermail, the program that formats the email inHTML and have been proposed for integration in the next releases of thisprogram (meaning that the progresses made for us will also be availableto a broader users base).As promised, we have now a short time frame to make real user testingwith the output produced by the new code:http://www.w3.org/2002/03/archives-improvements/implentation-test/ showswhat the new hypermail produces, with most of the links working as theywould in a production environment (the test was produced on the mailsAl, Wendy, would it be possible for you to ask people with specifichandicaps/navigation requirements to look at these proposals and see howwell they work for them?Some small (temporary) issues:- the index page has not been generated for this example - the programthat produces them is not hypermail, and also can be tweaked much moreeasily than hypermail, so this might wait for another round- there are some inconsistencies in the navigation bar (ml name, brokenlinks) that would not appear in a real case- the \"N.B.\" note would not appear in a real case eitherNote that in any case, and since we have had much time and manyoccasions to discuss the proposals, the corrections that could bebrought to the current output cannot be very large, so we should onlytry to spot out the main remaining issues.The comments period is open until June 6 a priori, but let me know ifthis is too short for you to give your feedback on this.[FWIW, I intend to open this review slot to the chairs and the teammembers after the AC Meeting]Thanks,Dom--Dominique Haza?l-Massieux - http://www.w3.org/People/Dom/W3C/ERCIMmailto:dom@w3.org",
            "docno": "lists-091-15335146",
            "received": "in January on www-tag).",
            "isoreceived": "20030513122354",
            "sent": "13 May 2003 14:23:29 +0200",
            "isosent": "20030513122329",
            "name": "Dominique Haza?l-Massieux",
            "email": "dom@w3.org",
            "subject": "Mailing List Archives improvements: big progresses!",
            "id": "1052828612.28233.1132.camel@stratustier",
            "charset": "ISO-8859-15",
            "expires": "-1",
            "to": "wai-xtech@w3.org,asgilman@iamdigex.net,wendy@w3.org\n",
            "cc": "jose@w3.org,ijacobs@w3.org,dbooth@w3.org,steven@w3.org,mcmay@w3.org,chaals@w3.org\n"
        },
        {
            "body": "Great improvements!The attached page illustrates some suggested tweaks forhttp://www.w3.org/2002/03/archives-improvements/implentation-test/ that Ithink will significantly improve the user experience.  They are:1. The format of the starting and ending dates is hard to visuallyparse.  I suggest making the words \"Starting\" and \"Ending\" bold (or in<dfn> tags).2. I find the date format \"Apr 01 2003\" harder to visually parse than\"01-Apr-2003\", so instead of31 messages: Starting Tue, Apr 01 2003, Ending Tue, Apr 01 2003I suggest31 messages: Starting: Tue, 01-Apr-2003 Ending: Tue, 01-Apr-2003However, this may be entirely subjective, and it is very minor, so feelfree to ignore this suggestion if you think differently.3. Keep the list of \"Sort by\" options consistent in all views, and disablethe current one.  For example, when the list is sorted by date, the \"[ date]\" option should still appear, but disabled (i.e., no longer a link).4. Provide a quick link to search within the current list.  I.e.,pre-populate the current list name into the search form.  (The attachedexample shows an easy way to do this with a link.)  I suggest changing theHelp line fromHelp: [ How to use the archives ] [ Search in the archives ]toHelp: [ How to use the archives ] Search: [ All ] [ Public lists ][ This list ]where \"Public\" would be either \"Public\", \"Member\" or \"Team\", as appropriate.Thanks!--David BoothW3C Fellow / Hewlett-PackardTelephone: +1.617.253.1273text/html attachment: archives-msg-format2.html",
            "docno": "lists-091-15393479",
            "received": "Tue May 13 17:41:59 2003",
            "isoreceived": "20030513214159",
            "sent": "Tue, 13 May 2003 17:41:29 -0400",
            "isosent": "20030513214129",
            "name": "David Booth",
            "email": "dbooth@w3.org",
            "subject": "Re: Mailing List Archives improvements: big progresses!",
            "id": "5.1.0.14.2.20030513162237.0311cb10@localhost",
            "charset": "us-ascii",
            "inreplyto": "1052828612.28233.1132.camel&#64;stratustier",
            "expires": "-1",
            "to": " Dominique Haza?l-Massieux<dom@w3.org>,jose@w3.org\n",
            "cc": "ijacobs@w3.org,steven@w3.org,mcmay@w3.org,chaals@w3.org,wai-xtech@w3.org,asgilman@iamdigex.net,wendy@w3.org\n"
        },
        {
            "body": "Hello,This message comes to you from the W3C WAI (World Wide Web ConsortiumWeb Accessibility Initiative) report tool at http://www.w3.org/WAI/report.URL: http://www.w3.org/Date: Mon Aug 23 10:40:38 1999Your web site has been found to have to one or more accessibility problems.This is not an automatic evaluation. This message is the result of anindividual's review of your page or site (refer to the cc: field). Thisperson experienced difficulty accessing your page either due to a disability(visual, auditory, physical, or cognitive) or due to device limitations(poor connection bandwidth, no support for graphics or support turned off,a voice interface such as a webphone, etc.). Please consider their commentsbelow.No specific items mentioned.Your name and the url of your page, along with the names of otherpage reviewed using this tool, have been entered in a W3C WAI databasethat we maintain (currently implemented as an archived mailing listvisible at http://lists.w3.org/Archives/Public/wai-report-db).Please take the time to review this report and take actionon the problems reported. If you have questions, please notify usat mailto:wai-report@w3.org, so that we can re-evaluate your page.Note. These comments were made by someone who visited your Website who may not be affiliated with W3C or the WAI. For this reason,WAI does not take responsibility for the accuracy of this report northe comments made in the report. For more information about the W3CWeb Accessibility Initiative please visit http://www.w3.org/WAI.Regards,The W3C WAI Accessibility Initiative Report Tool.",
            "docno": "lists-087-5464445",
            "received": "Mon Aug 23 10:56:55 1999",
            "isoreceived": "19990823145655",
            "sent": "Mon, 23 Aug 1999 10:56:46 -0400 (EDT)",
            "isosent": "19990823145646",
            "name": "wai-report@w3.org",
            "email": "wai-report@w3.org",
            "subject": "WAI Report on http://www.w3.org/",
            "id": "199908231456.KAA02511@www19.w3.org",
            "expires": "-1",
            "to": " batman@gotham.city\n",
            "cc": "jose@w3.org,wai-report-db@w3.org,wai-report@w3.org\n"
        },
        {
            "body": "Sort by alternatives change according to which one is selected. Better wayis to keep all of them visible and in the same order but grey or mark insome other way the one currently selected.Marja",
            "docno": "lists-091-15347717",
            "received": "Tue May 13 09:04:56 2003",
            "isoreceived": "20030513130456",
            "sent": "Tue, 13 May 2003 09:04:57 -0400",
            "isosent": "20030513130457",
            "name": "Marja-Riitta Koivunen",
            "email": "rja@w3.org",
            "subject": "Re: Mailing List Archives improvements: big progresses!",
            "id": "5.1.0.14.0.20030513085928.039d7b88@localhost",
            "charset": "us-ascii",
            "inreplyto": "1052828612.28233.1132.camel&#64;stratustier",
            "expires": "-1",
            "to": " Dominique Haza?l-Massieux<dom@w3.org>,wai-xtech@w3.org,asgilman@iamdigex.net,wendy@w3.org\n",
            "cc": "jose@w3.org,ijacobs@w3.org,dbooth@w3.org,steven@w3.org,mcmay@w3.org,chaals@w3.org\n"
        },
        {
            "body": "Hello,This message comes to you from the W3C WAI (World Wide Web ConsortiumWeb Accessibility Initiative) report tool at http://www.w3.org/WAI/report.URL: http://www.w3.org/Date: Mon Aug 23 10:40:38 1999Your web site has been found to have to one or more accessibility problems.This is not an automatic evaluation. This message is the result of anindividual's review of your page or site (refer to the cc: field). Thisperson experienced difficulty accessing your page either due to a disability(visual, auditory, physical, or cognitive) or due to device limitations(poor connection bandwidth, no support for graphics or support turned off,a voice interface such as a webphone, etc.). Please consider their commentsbelow.No specific items mentioned.Your name and the url of your page, along with the names of otherpage reviewed using this tool, have been entered in a W3C WAI databasethat we maintain (currently implemented as an archived mailing listvisible at http://lists.w3.org/Archives/Public/wai-report-db).Please take the time to review this report and take actionon the problems reported. If you have questions, please notify usat mailto:wai-report@w3.org, so that we can re-evaluate your page.Note. These comments were made by someone who visited your Website who may not be affiliated with W3C or the WAI. For this reason,WAI does not take responsibility for the accuracy of this report northe comments made in the report. For more information about the W3CWeb Accessibility Initiative please visit http://www.w3.org/WAI.Regards,The W3C WAI Accessibility Initiative Report Tool.",
            "docno": "lists-087-9060703",
            "received": "Mon Aug 23 11:00:36 1999",
            "isoreceived": "19990823150036",
            "sent": "Mon, 23 Aug 1999 11:00:30 -0400 (EDT)",
            "isosent": "19990823150030",
            "name": "wai-report@w3.org",
            "email": "wai-report@w3.org",
            "subject": "WAI Report on http://www.w3.org/",
            "id": "199908231500.LAA02712@www19.w3.org",
            "expires": "-1",
            "to": "doesntexist@inrialpes.fr\n",
            "cc": "jose@w3.org,wai-report-db@w3.org,wai-report@w3.org\n"
        },
        {
            "body": "Paul,URNs are not a new W3C standard, but a quite old one [1]. Work on it hasn'tfinished. If you browse the URL I gave in my previous mail [2], you cansee a working implementation that has existed since some years ago.David's summary is a good one and he's citing the draft document.I encourage you and all the folks discussion about URIs to move yourdiscussion to the official mailing list:uri@w3.orgPaul Derbyshire wrote:>> Some kind of new W3C standard, I suppose? Sounds like a good idea, except> for one thing... where is the infrastructure going to come from? It means aCheers,-Jose[1] http://www.w3.org/Addressing/[2] http://www.purl.org/",
            "docno": "lists-094-8085483",
            "received": "Tue May 23 04:34:21 2000",
            "isoreceived": "20000523083421",
            "sent": "Tue, 23 May 2000 04:27:34 -0400 (EDT)",
            "isosent": "20000523082734",
            "name": "jose@w3.org",
            "email": "jose@w3.org",
            "subject": "Re: Ogg.: URNs?",
            "id": "20000523102652.A957@kiribati.inrialpes.fr",
            "charset": "us-ascii",
            "inreplyto": "3.0.6.32.20000522142348.00932100&#64;mail.iprimus.ca",
            "expires": "-1",
            "to": " Paul Derbyshire<derbyshire@globalserve.net>\n",
            "cc": " Dave J Woolley<DJW@bts.co.uk>,www-amaya@w3.org\n"
        },
        {
            "body": "> euh, c'est pas tr?s sympa de balancer des fichiers joints de 300 k sur laJ'avais explicitement pr?venu de la taille du fichier.Personne ne fit de remarque ? ce propos.J'en suis ? mes premiers contacts avec la \"liste\".J'ignorais qu'il allait y figurer.Initialement je pensais que quelqu'un de l'?quipe y jetterait un coup d'oeilpour  l'orienter selon l'int?r?t ?ventuel  (ou la corbeille?)> liste... surtout si tu les envoie deux fois !> j'esp?re que tu n'as pas fait expr?sAucune malice.Simplement une erreur d'adresse.Apr?s exp?dition, je m'aper?us que je l'avais adress? ? @w3cOr l'adresse indiqu?e ?tait @w3 ...Pensant que le premier serait perdu, j'ai essay? de rattrapercar ignorant qu'ils aboutiraient au m?me endroit.Un toll? m'accuse r?ception du courrier. Je m'en r?jouis (de l'arriv?e).C'est une histoire digne du Guiness.Il aura fallu du 27-7  au 12-8  et pas moins de 6 messages(d'o? M1.6) de mon cot? (autant en face) pour que ce courrier arrive....J'esp?re au moins qu'il en vaut la peine.L'intention ?tait (et reste) bonne.Au pire, de la maladresse pour laquelle j'esp?re trouver indulgence.Cordialement.A.Rehm",
            "docno": "lists-094-14243822",
            "received": "Sat Aug 12 16:52:53 2000",
            "isoreceived": "20000812205253",
            "sent": "Sat, 12 Aug 2000 22:48:32 +0200",
            "isosent": "20000812204832",
            "name": "A.Rehm",
            "email": "ntoine.rehm@libertysurf.fr",
            "subject": "Re: M1.6 A propos d'Amaya",
            "id": "004b01c0049f$a409f100$782924d5@pavilion",
            "charset": "iso-8859-1",
            "inreplyto": "00b801c033d3$9ff7b120$492d1bd4&#64;jojolapin",
            "expires": "-1",
            "to": "\"jojo lapin\"<jjlapin@netcourrier.com>\n",
            "cc": "<www-amaya@w3.org>,<jose@w3.org>,<admin@delanet.com>\n"
        },
        {
            "body": "On Monday 10 November 2003 13:56, Martin Gudgin wrote:> There is a discrepancy in section 4.4.3[1] between the schema fragment> and the DTD. The former states that the URI attribute is optional, while> the latter states that it is mandatory. Which is correct?Hi Martin, you are right, it's [1] optional unless specified otherwise forattributes [2]:use = (optional | prohibited | required)?:?optionalJos?, would you be willing to post an erratum to this end?[1] http://www.w3.org/TR/2002/REC-xmldsig-core-20020212/#sec-RetrievalMethod<attribute name=\"URI\" type=\"anyURI\"/><attribute name=\"Type\" type=\"anyURI\" use=\"optional\"/><!ATTLIST RetrievalMethodURI   CDATA #REQUIREDType  CDATA #IMPLIED >[2] http://www.w3.org/TR/2001/REC-xmlschema-1-20010502/#element-attribute",
            "docno": "lists-046-10192710",
            "received": "Mon Nov 10 21:15:16 2003",
            "isoreceived": "20031111021516",
            "sent": "Mon, 10 Nov 2003 21:15:08 -0500",
            "isosent": "20031111021508",
            "name": "Joseph Reagle",
            "email": "reagle@w3.org",
            "subject": "Re: ds:RetrievalMethod/&#64;URI optional or mandatory?",
            "id": "200311102115.08709.reagle@w3.org",
            "charset": "iso-8859-1",
            "inreplyto": "DD35CC66F54D8248B6E04232892B633853D4E9&#64;RED-MSG-43.redmond.corp.microsoft.com",
            "expires": "-1",
            "to": "\"Martin Gudgin\"<mgudgin@microsoft.com>, Jos? Kahan<jose@w3.org>\n",
            "cc": "<w3c-ietf-xmldsig@w3.org>\n"
        },
        {
            "body": "*****************************************************************TO BE PERMANANTLY REMOVED FROM OUR MAILING LIST PLEASE GO TOFOLLOWING WEB SITE:http://creativecomm.freeservers.com/delete.htmThis message is sent in compliance of the new e-mail bill:SECTION 301. Sender: Creative Communications, P.O. Box 14,Maidsville, WV 26541*****************************************************************EARN $100,000 PER YEAR SENDING E-MAIL!!!*****************************************************************Dear Friend,You can earn $50,000 or more in next the 90 days sending e-mail,seem impossible?  Read on for details (no, there is no'catch')...----------------------------------------------------------------------------------------\"AS SEEN ON NATIONAL T.V.\"Thank you for your time and Interest.This is the letter you've been reading about in the news lately.Due to the popularity of this letter on the internet,a major nightly news program recently devoted an entire showto the  investigation of the program described below to see,if it really can make people money.The show also investigated whether or not the program was legal.Their findings proved once and for all that there are,absolutely no laws prohibiting the participation in the program.This has helped to show people that this is a simple,harmless and fun way to make some extra money at home.The results of this show has been truly remarkable.So many people are participating that those involved are doing,much better than ever before.  Since everyone makes more asmore people try it out, its been very exciting to be a part oflately. You will understand once you experience it.\"HERE IT IS BELOW\"================================================================================================*** Print This Now For Future Reference ***The following income opportunity is one you may be interested intaking a look at.  It can be started with VERY LITTLE investmentand the income return is TREMENDOUS!!!$$$$$$$$$$$$$$$$$$$$$$$$$$$$$$$$$$$$$$$$$$$$$$$$$$$$If you would like  to make at least $50,000 in less than 90 days!Please read the enclosed program...THEN READ IT AGAIN!!!$$$$$$$$$$$$$$$$$$$$$$$$$$$$$$$$$$$$$$$$$$$$$$$$$$$$THIS IS A LEGITIMATE, LEGAL, MONEY MAKING OPPORTUNITY.   It doesnot require you to come into contact with people, do any hardwork, and best of all, you never have to leave the house exceptto get the mail.  If you believe that someday you'll get that bigbreak that you've been waiting for, THIS IS IT!  Simply followthe instructions, and your dreams will come true.  Thismulti-level e-mail order marketing program works perfectly...100%EVERY TIME.  E-mail is the sales tool of the future.  Takeadvantage of this non-commercialized method of advertising NOW!!!The longer you wait, the more people will be doing businessusing e-mail.  Get your piece of this action!!!MULTI-LEVEL MARKETING (MLM) has finally gainedrespectability.  It is being taught in the Harvard BusinessSchool, and both Stanford Research and the Wall Street Journalhave stated that between 50% and 65% of all goods and serviceswill be sold through multi-level methods by the mid to late1990's.  This is a Multi-Billion Dollar industry and of the500,000 millionaires in the U.S., 20% (100,000)  made theirfortune in the last several years in MLM.  Moreover, statisticsshow 45 people become millionaires everyday through Multi-LevelMarketing.You may have heard this story before, but over the summer DonaldTrump made an appearance on the David Letterman show. Daveasked him what he would do if he lost everything and had to startover from scratch. Without hesitating, Trump said he would find agood network marketing company and get to work. The audiencestarted to hoot and boo him. He looked out at the audience anddead-panned his response  \"That's why I'm sitting up here and youare all sitting out there!\"With network marketing you have two sources of income. Directcommissions from sales you make yourself and commissions fromsales made by people you introduce to the business.Residual income is the secret of the wealthy. It means investingtime or money once and getting paid again and again and again.In network marketing, it also means getting paid for the work ofothers.The enclosed information is something I almost let slip throughmy fingers.  Fortunately, sometime later I re-read everything andgave some thought and study to it.My name is Johnathon Rourke.  Two years ago, the corporation Iworked at for the past twelve years down-sized and my positionwas eliminated.  After unproductive job interviews, I decided toopen my own business.  Over the past year, I incurred manyunforeseen financial problems.  I owed my family, friends andcreditors over $35,000.  The economy was taking a toll on mybusiness and I just couldn't seem to make ends meet.  I had torefinance and borrow against my home to support my family andstruggling business.  AT THAT MOMENT something significanthappened in my life and I am writing to share the experience inhopes that this will change your life FOREVER FINANCIALLY!!!In mid December, I received this program via e-mail.  Six month'sprior to receiving this program I had been sending away forinformation on various business opportunities.  All of theprograms I received, in my opinion, were not cost effective.They were either too difficult for me to comprehend or theinitial investment was too much for me to risk to see if theywould work or not.  One claimed that I would make a milliondollars in one year...it didn't tell me I'd have to write a bookto make it!But like I was saying, in December of 1997 I received thisprogram. I didn't send for it, or ask for it, they just got myreading it several times, to make sure I was reading itcorrectly, I couldn't believe my eyes.  Here was a MONEY MAKINGPHENOMENON.I could invest as much as I wanted to start, without putting mefurther into debt.  After I got a pencil and paper and figured itout, I would at least get my money back.  But like most of you Iwas still a little skeptical and a little worried about the legalaspects  of it all. So I checked it out with the U.S. Post Office(1-800-725-2161 24-hrs) and they confirmed that it is indeedlegal! After determining the program was LEGAL and NOT A CHAINLETTER, I decided  \"WHY NOT.\"Initially I sent out 10,000 e-mails.  It cost me about $15 for mytime on-line.  The great thing about e-mail is that I don't needany money for printing to send out the program, and because allof my orders are fulfilled via e-mail, the only expense is mytime.  I am telling you like it is, I hope it doesn't turn youoff, but I promised myself that I would not \"rip-off\" anyone, nomatter how much money it cost me.In less than one week, I was starting to receive orders forREPORT #1.  By January 13, I had received 26 orders for REPORT#1. Your goal is to \"RECEIVE at least 20 ORDERS FOR REPORT #1WITHIN 2 WEEKS.  IF YOU DON'T, SEND OUT MORE PROGRAMS UNTILYOU DO!\"  My first step in making $50,000 in 90 days was done.By January 30, I had received 196 orders for REPORT #2.  Yourgoal is to \"RECEIVE AT LEAST 100+ ORDERS FOR REPORT #2WITHIN 2 WEEKS. IF NOT, SEND OUT MORE PROGRAMS UNTIL YOUDO. ONCE YOU HAVE 100 ORDERS, THE REST IS EASY, RELAX,YOU WILL MAKE YOUR $50,000 GOAL.\"  Well, I had 196 orders forREPORT #2, 96 more than I needed.  So I sat back and relaxed.By March 1, of my e-mailing of 10,000, I received $58,000 withmore coming in every day.I paid off ALL my debts and bought a much needed new car.Please take time to read the attached program, IT WILL CHANGEYOUR LIFE FOREVER!!!  Remember, it won't work if you don't tryit.  This program does work, but you must follow it EXACTLY!Especially the rules of not trying to place your name in adifferent place. It won't work, you'll lose out on a lot ofmoney!   In order for this program to work, you must meet yourgoal of 20+ orders for REPORT #1, and 100+ orders for REPORT #2and you will make $50,000 or more in 90 days. I AM LIVING PROOFTHAT IT WORKS!!!If you choose not to participate in this program, I am sorry.  Itreally is a great opportunity with little cost or risk to you.If you choose to participate, follow the program and you will beon your way to financial security.If you are a fellow business owner and are if financial troublelike I was, or you want to start your own business, consider thisa sign.I DID!Sincerely,Johnathon RourkeP.S. Do you have any idea what 11,700  $5 bills ($58,000) looklike piled up on a kitchen table?  IT'S AWESOME!A PERSONAL NOTE FROM THE ORIGINATOR OF THISPROGRAM:By the time you have read the enclosed program and reports, youshould have concluded that such a program, and one that is legal,could not have been created by an amateur.Let me tell you a little about myself.  I had a profitablebusiness for 10 years.  Then in 1979 my business began fallingoff.  I was doing the same things that were previously successfulfor me, but it wasn't working.  Finally, I figured it out.  Itwasn't me, it was the economy.  Inflation and recession hadreplaced the stable economy that had been with us since 1945.  Idon't have to tell you what happened to the unemployment rate...because many of you know from first hand experience.  There weremore failures and bankruptcies than ever before.The middle class was vanishing.  Those who knew what they weredoing invested wisely and moved up.  Those who did not,including those who never had anything to save or invest, weremoving down into the ranks of the poor.  As the saying goes,\"THE RICH GET RICHER AND THE POOR GET POORER.\"  The traditionalmethods of making money will never allow you to \"move up\" or \"getrich\", inflation will see to that.You have just received information that can give you financialfreedom for the rest of your life, with \"NO RISK\" and \"JUST ALITTLE BIT OF EFFORT.\"  You can make more money in the nextfew months than you have ever imagined.I should also point out that I will not see a penny of thismoney, nor anyone else who has provided a testimonial for thisprogram. I have already made over 4 MILLION DOLLARS!  I haveretired from the program after sending out over 16,000 programs.Now I have several offices that make this and several otherprograms here and over seas.Follow the program EXACTLY AS INSTRUCTED.  Do not changeit in any way.  It works exceedingly well as it is now.  Rememberto e-mail a copy of this exciting report to everyone you canthink of. One of the people you send this to may send out50,000...and your name will be on everyone of them!  Rememberthough, the more you send out the more potential customers youwill reach.So my friend, I have given you the ideas, information, materialsand opportunity to become financially independent, IT IS UP TOYOU NOW!\"THINK ABOUT IT\"Before you delete this program from your mailbox, as I almostdid,take a little time to read it and REALLY THINK ABOUT IT.  Geta pencil and figure out what could happen when YOU participate.Figure out the worst possible response and no matter how youcalculate it, you will still make a lot of money!  You willdefinitely get back what you invested.  Any doubts you have willvanish when your first orders come in.  IT WORKS!Jody Jacobs, Richmond, VAHERE'S HOW THIS AMAZING PROGRAM WILL MAKE YOU THOUSANDS OFDOLLAR$INSTRUCTIONS:This method of raising capital  REALLY WORKS 100% EVERYTIME. I am sure that you could use up to $50,000 or more in thenext 90 days.Before you say \"BULL... \", please read this program carefully.This is not a chain letter, but a perfectly legal money makingopportunity.  Basically, this is what you do:  As with allmulti-level businesses, we build our business by recruiting newpartners and selling our products.  Every state in the USA allowsyou to recruit new multi-level business partners, and we offer aproduct for EVERY dollar sent.  YOUR ORDERS COME BY MAILAND ARE FILLED BY E-MAIL, so you are not involvedin personal selling.  You do it privately in your own home, storeor office.  This is the GREATEST Multi-Level Mail OrderMarketing anywhere:This is what you MUST do:1. Order all 4 reports shown on the list below (you can't sellthem if you don't order them).*  For each report, send $5.00 CASH, the NAME & NUMBEROF THE REPORT YOU ARE ORDERING, YOUR E-MAIL ADDRESS, andYOUR NAME & RETURN ADDRESS (in case of a problem) to theperson whose name appears on the list next to the report.MAKE SURE YOUR RETURN ADDRESS IS ON YOUR ENVELOPEIN CASE OF ANY MAIL PROBLEMS!*  When you place your order, make sure you order each ofthe four reports.  You will need all four reports sothat you can save them on your computer and resell them.*  Within a few days you will receive, via e-mail, each ofthe four reports. Save them on your computer so theywill be accessible for you to send to the 1,000's ofpeople who will order them from you.2.  IMPORTANT-- DO NOT alter the names of the people who arelisted next to each report, or their sequence on the list,in any way other than is instructed below in steps \"a\"through \"f\" or you will lose out on the majority of yourprofits.  Once you understand the way this works, you'llalso see how it doesn't work if you change it. Remember,this method has been tested, and if you alter it, it willnot work.a.  Look below for the listing of available reports.b.  After you've ordered the four reports, take thisadvertisement and remove the name and address underREPORT #4. This person has made it through the cycle andis no doubt counting their $50,000!c.  Move the name and address under REPORT #3 down toREPORT #4.d.  Move the name and address under REPORT #2 down toREPORT #3.e.  Move the name and address under REPORT #1 down toREPORT #2.f.  Insert your name/address in the REPORT #1 position.Please make sure you copy every name and addressACCURATELY!3.  Take this entire letter, including the modified list ofinstruction portion of this letter.Your cost to participate in this is practically nothing (surelyyou can afford $20). You obviously already have an Internetconnection and e-mail is FREE!To assist you with marketing your business on the internet, the 4reports you purchase will provide you with invaluable marketinginformation which includes how to send bulk e-mails, where tofind thousands of free classified ads and much, much more.In addition you will be provided with information on InternetMarketing Clubs such as INTERNET MARKETING RESOURCES(IMR): Thisis one the premiere  internet marketing clubs on the INTERNET.This club provides a forum where internet marketers from all overthe world can exchange ideas and secrets on Internet Marketing.In addition,this club specializes in providing free internetmarketing tools and services for theDo-Yourself-Internet-Marketer.  They will provide you with freebulk e-mail software and up to 1,000,000 fresh e-mail addresseseach week.   This club will provide you with hundreds of freeresources which include:How to obtain free web sites,   how to obtain top rankings insearch engines for your web-site, how to send bulk e-mail intoAOL and Compuserve, how to market your products onnewsgroups, free classified ads, electronic malls, bulletinboards, banner ads and much more.IMR'S web address is:http://www.ixpres.com/imrs/marketing1.htmThere are two primary methods of building your downline:METHOD #1: SENDING BULK E-MAILLet's say that you decide to start small, just to see how itgoes,and we'll assume you and all those involved send out only 2,000programs each.  Let's also assume that the mailing receives a0.5% response.  Using a good list the response could be muchbetter. Also, many people will send out hundreds of thousands ofprograms instead of 2,000.  But continuing with this example, yousend out only 2,000 programs.  With a 0.5% response, that is only10 orders for REPORT #1.  Those 10 people respond by sending out2,000 programs each for a total of 20,000.  Out of those 0.5%,100 people respond and order REPORT #2.  Those 100 mail out 2,000programs each for a total of 200,000.  The 0.5% response to thatis 1,000 orders for REPORT #3.  Those 1,000 send out 2,000programs each for a 2,000,000 total.  The 0.5% response to thatis 10,000 orders for REPORT #4.  That's 10,000 $5 bills for you.CASH!!! Your total income in this example is $50 + $500 + $5,000+ $50,000 for a total of $55,550!!!REMEMBER FRIEND, THIS IS ASSUMING 1,990 OUT OF THE 2,000 PEOPLEYOU MAIL TO WILL DO ABSOLUTELY NOTHING AND TRASH THIS PROGRAM!DARE TO THINK FOR A MOMENT WHAT WOULD HAPPEN IF EVERYONE,OR HALF SENT OUT 100,000 PROGRAMS INSTEAD OF 2,000.Believe me, many people will do just that, and more!  By the way,your cost to participate in this is practically nothing.  Youobviously already have an internet connection and e-mail isFREE!!!REPORT #2 will show you the best methods for bulk e-mailing, tellyou where to obtain free bulk e-mail software and where to obtaine-mail lists.METHOD #2 - PLACING FREE ADS ON THE INTERNET1.  Advertising on the 'Net is very, very  inexpensive, andthere are HUNDREDS of FREE places to  advertise.Let's say you decide to start small just to see how well itworks. Assume your goal is to get ONLY 10 people to participateon your first level. (Placing a lot of FREE ads on the internetwill EASILY get a larger response.) Also assume that everyoneelse in YOUR ORGANIZATION gets ONLY 10 downline members.Follow this example to achieve the STAGGERING results below.1st level--your 10 members with   $5      ....................$502nd level--10 members from those 10 ($5 x 100)...............$5003rd level--10 members from those 100 ($5 x 1,000)........  $5,0004th level--10 members from those 1,000 ($5 x 10,000).     $50,000-----------THIS TOTALS        ---------------------------$55,550Remember friends, this assumes that the people who participateonly recruit 10 people each.  Think for a moment what wouldhappen if they got 20 people to participate!  Most people get100's of participants! THINK ABOUT IT!For every $5.00 you receive, all you must do is e-mail themthe report they ordered.  THAT'S IT!  ALWAYS PROVIDESAME-DAY SERVICE ON ALL ORDERS!  This will guarantee thatthe e-mail THEY send out, with YOUR name and address on it,will be prompt because they can't advertise until theyreceive the report!------------------------------------------AVAILABLE REPORTS------------------------------------------*** Order Each REPORT by NUMBER and NAME ***Notes:-  ALWAYS SEND $5 CASH (U.S. CURRENCY) FOR EACHREPORTCHEQUES NOT ACCEPTED-  ALWAYS SEND YOUR ORDER VIA FIRST CLASS MAIL-  Make sure the cash is concealed by wrapping it in at leasttwo sheets of paper-  On one of those sheets of paper, include: (a) the number &name of the report you are ordering, (b) your e-mail address,and (c) your name & postal address.PLACE YOUR ORDER FOR THESE REPORTS NOW:______________________________________________________REPORT #1  \"The Insider's Guide to Advertising for Free on theInternet\"ORDER REPORT #1 FROM:Larry Boone7112 Kittyhawk Ave AptBLos Angeles, CA 90045______________________________________________________REPORT #2  \"The Insider's Guide to Sending Bulk E-mail on theInternet\"ORDER REPORT #2 FROM:Creative CommunicationsP.O. Box 14Maidsville, WV 2654______________________________________________________REPORT #3  \"The Secrets to Multilevel Marketing on the Internet\"ORDER REPORT #3 FROM:American United Marketing3915 Mission Avenue Suite 7414Oceanside, Ca. 92054-7801______________________________________________________REPORT #4 \"How to become a Millionaire utilizing the Powerof Multilevel Marketing and the Internet\"ORDER REPORT #4 FROM:MLH Enterprises1450 N. Santa Fe Suite C-525Vista, Ca.  92083____________________________________________________________________________________________________________About 50,000 new people get online every month!******* TIPS FOR SUCCESS ********  TREAT THIS AS YOUR BUSINESS!  Be prompt, professional,and follow the directions accurately.*  Send for the four reports IMMEDIATELY so you will have themwhen the orders start coming in because:When you receive a $5 order, you MUST send out therequested product/report.*  ALWAYS PROVIDE SAME-DAY SERVICE ON THE ORDERS YOU RECEIVE.*  Be patient and persistent with this program. If you followthe instructions exactly, your results WILL BE SUCCESSFUL!*  ABOVE ALL, HAVE FAITH IN YOURSELF AND KNOW YOU WILL SUCCEED!******* YOUR SUCCESS GUIDELINES *******Follow these guidelines to guarantee your success:If you don't receive 20 orders for REPORT #1 within twoweeks, continue advertising or sending e-mails until you do.Then, a couple of weeks later you should receive at least 100ordersfor REPORT#2.  If you don't, continue advertising or sendinge-mailsuntil you do.Once you have received 100 or more orders for REPORT #2, YOUCAN RELAX, because the system is already working for you, andthe cash will continue to roll in!THIS IS IMPORTANT TO REMEMBER:Every time your name is moved down on the list, you are placedin front of a DIFFERENT report.  You can KEEP TRACK of yourPROGRESS by watching which report people are ordering fromyou. If you want to generate more income, send another batch ofe-mails or continue placing ads and start the whole processagain!There is no limit to the income you will generate from thisbusiness!Before you make your decision as to whether or not youparticipate in this program.  Please answer one question.  DO YOUWANT TO CHANGE YOUR LIFE?   If the answer is yes, please look atthe following facts about this program:1. YOU ARE SELLING A PRODUCT WHICH DOES NOTCOST ANYTHING TO PRODUCE!2. YOU ARE SELLING A PRODUCT WHICH DOES NOTCOST ANYTHING TO SHIP!3. YOU ARE SELLING A PRODUCT WHICH DOES NOTCOST YOU ANYTHING TO ADVERTISE!4. YOU ARE UTILIZING THE POWER OF THE INTERNETAND THE POWER OF MULTI-LEVEL MARKETING TODISTRIBUTE YOUR PRODUCT ALL OVER THEWORLD!5.  YOUR ONLY EXPENSES OTHER THAN YOURINITIAL $20  INVESTMENT IS YOUR TIME!6.  VIRTUALLY ALL OF THE INCOME YOU GENERATEFROM THIS PROGRAM IS PURE PROFIT!7.  THIS PROGRAM  WILL CHANGE YOURLIFE FOREVER.******* T  E  S  T  I  M  O  N  I  A  L  S *******This program does work, but you must follow it EXACTLY!Especially the rule of not trying to place your name in adifferent position, it won't work and you'll lose a lot ofpotential income.  I'm living proof that it works. It really isa great opportunity to make relatively easy money, with littlecost to you.  If you do choose to participate, follow theprogram exactly, and you'll be on your way to financialsecurity.Steven Bardfield, Portland, ORMy name is Mitchell. My wife, Jody, and I live in Chicago,IL. I am a cost accountant with a major U.S. Corporation and Imake pretty good money. When I received the program I grumbledto Jody about receiving \"junk mail.\" I made fun of the wholething, spouting my knowledge of the population and percentagesinvolved.  I \"knew\" it wouldn't work. Jody totally ignored mysupposed intelligence and jumped in with both feet. I mademerciless fun of her, and was ready to lay the old \"I told youso\" on her when the thing didn't work... well, the laugh was onme! Within two weeks she had received over 50 responses. Within45 days she had received over $147,200 in $5 bills! I wasshocked!  I was sure that I had it all figured and that itwouldn't work.  I AM a believer now. I have joined Jody in her\"hobby.\"   I did have seven more years until retirement, but Ithink of the \"rat race\" and it's not for me. We owe it all toMLM.Mitchell Wolf MD., Chicago, ILThe main reason for this letter is to convince you that thissystem is honest, lawful, extremely profitable, and is a way toget a large amount of money in a short time. I was approachedseveral times before I checked this out. I joined just to seewhat one could expect in return for the minimal effort and moneyrequired.  To my astonishment, I received $36,470.00 in thefirst 14 weeks, with money still coming in.Sincerely yours,Charles Morris, Esq.Not being the gambling type, it took me several weeks tomake up my mind to participate in this plan. But conservativethat I am, I decided that the initial investment was so littlethat there was just no way that I wouldn't get enough orders toat least get my money back. Boy, was I surprised when I found mymedium-size post office box crammed with orders! For awhile, itgot so overloaded that I had to start picking up my mail at thewindow. I'll make more money this year than any 10 years of mylife before. The nice thing about this deal is that it doesn'tmatter where people live. There simply isn't abetter investment with a faster return.Paige Willis, Des Moines, IAI had received this program before. I deleted it, but laterI wondered if I shouldn't have given it a try. Of course, I hadno idea who to contact to get another copy, so I had to waituntil I was e-mailed another program, ...11 months passed thenit came...I didn't delete this one!...I made more than $41,000on the first try!!Violet Wilson, Johnstown, PAThis is my third time to participate in this plan. We havequit our jobs, and will soon buy a home on the beach and liveoff the interest on our money. The only way on earth that thisplan will work for you is if you do it. For your sake, and foryour family's sake don't pass up this golden opportunity. Goodluck and happy spending!Kerry Ford, Centerport, NYORDER YOUR REPORTS TODAY ANDGET STARTED ON YOUR ROAD TOFINANCIAL FREEDOM!NOW  IS THE TIME FOR YOUR TURNDECISIVE ACTION YIELDSPOWERFUL RESULTSPLEASE NOTE:  If you need help with starting a business,registering a business name, learning how income tax ishandled, etc., contact your local office of the Small BusinessAdministration (a Federal agency) 1-(800)827-5722 for freehelp and answers to questions.  Also, the Internal RevenueService offers free help via telephone and free seminars aboutbusiness tax requirements.  Your earnings and results are highlydependant on your activities and advertising.  This letterconstitutes no guarantees stated nor implied.  In the event thatit is determined that this letter constitutes a guarantee of anykind, that guarantee is now void.   Any testimonials or amountsof earnings listed in this letter may be factual or fictitious.If you have any question of the legality of this letter contactthe Office of Associate Director for Marketing Practices FederalTrade Commission Bureau of Consumer Protection in Washington DC.",
            "docno": "lists-066-5869157",
            "received": "Wed Feb 17 06:31:04 1999",
            "isoreceived": "19990217113104",
            "sent": "Wed, 17 Feb 1999 00:07:26",
            "isosent": "19990217050726",
            "name": "s, and save it to your computer.  Make NO changes to the",
            "email": "justabuddy@aol.com",
            "subject": "Create $50000 in 90 days at home",
            "id": "199902171130.GAA16269@www10.w3.org",
            "expires": "-1",
            "to": "<jose@w3.org>\n"
        },
        {
            "body": "Hello,This message comes to you from the W3C WAI (World Wide Web ConsortiumWeb Accessibility Initiative) report tool at http://www.w3.org/WAI/report.URL: http://www.w3.org/Date: Mon Aug 23 10:40:38 1999Your web site has been found to have to one or more accessibility problems.This is not an automatic evaluation. This message is the result of anindividual's review of your page or site (refer to the cc: field). Thisperson experienced difficulty accessing your page either due to a disability(visual, auditory, physical, or cognitive) or due to device limitations(poor connection bandwidth, no support for graphics or support turned off,a voice interface such as a webphone, etc.). Please consider their commentsbelow.No specific items mentioned.Your name and the url of your page, along with the names of otherpage reviewed using this tool, have been entered in a W3C WAI databasethat we maintain (currently implemented as an archived mailing listvisible at http://lists.w3.org/Archives/Public/wai-report-db).Please take the time to review this report and take actionon the problems reported. If you have questions, please notify usat mailto:wai-report@w3.org, so that we can re-evaluate your page.Note. These comments were made by someone who visited your Website who may not be affiliated with W3C or the WAI. For this reason,WAI does not take responsibility for the accuracy of this report northe comments made in the report. For more information about the W3CWeb Accessibility Initiative please visit http://www.w3.org/WAI.Regards,The W3C WAI Accessibility Initiative Report Tool.",
            "docno": "lists-087-9087461",
            "received": "Mon Aug 23 11:16:43 1999",
            "isoreceived": "19990823151643",
            "sent": "Mon, 23 Aug 1999 11:16:39 -0400 (EDT)",
            "isosent": "19990823151639",
            "name": "wai-report@w3.org",
            "email": "wai-report@w3.org",
            "subject": "WAI Report on http://www.w3.org/",
            "id": "199908231516.LAA03197@www19.w3.org",
            "expires": "-1",
            "to": "doesntexist@inrialpes.fr\n",
            "cc": "jose@w3.org,wai-report-db@w3.org,wai-report@w3.org\n"
        },
        {
            "body": "Hello,This message comes to you from the W3C WAI (World Wide Web ConsortiumWeb Accessibility Initiative) report tool at http://www.w3.org/WAI/report.URL: http://www.w3.org/Date: Mon Aug 23 10:40:38 1999Your web site has been found to have to one or more accessibility problems.This is not an automatic evaluation. This message is the result of anindividual's review of your page or site (refer to the cc: field). Thisperson experienced difficulty accessing your page either due to a disability(visual, auditory, physical, or cognitive) or due to device limitations(poor connection bandwidth, no support for graphics or support turned off,a voice interface such as a webphone, etc.). Please consider their commentsbelow.No specific items mentioned.Your name and the url of your page, along with the names of otherpage reviewed using this tool, have been entered in a W3C WAI databasethat we maintain (currently implemented as an archived mailing listvisible at http://lists.w3.org/Archives/Public/wai-report-db).Please take the time to review this report and take actionon the problems reported. If you have questions, please notify usat mailto:wai-report@w3.org, so that we can re-evaluate your page.Note. These comments were made by someone who visited your Website who may not be affiliated with W3C or the WAI. For this reason,WAI does not take responsibility for the accuracy of this report northe comments made in the report. For more information about the W3CWeb Accessibility Initiative please visit http://www.w3.org/WAI.Regards,The W3C WAI Accessibility Initiative Report Tool.",
            "docno": "lists-087-5508755",
            "received": "Mon Aug 23 11:40:35 1999",
            "isoreceived": "19990823154035",
            "sent": "Mon, 23 Aug 1999 11:40:31 -0400 (EDT)",
            "isosent": "19990823154031",
            "name": "wai-report@w3.org",
            "email": "wai-report@w3.org",
            "subject": "WAI Report on http://www.w3.org/",
            "id": "199908231540.LAA04323@www19.w3.org",
            "expires": "-1",
            "to": "doesntexist@inrialpes.fr\n",
            "cc": "jose@w3.org,wai-report-db@w3.org,wai-report@w3.org\n"
        },
        {
            "body": "Bonjour,Le message annonce' en  \"M1.5 A propos d'Amaya\" de ce jour.Avec fichier joint. (zip)Vous souhaitant bonne re'ceptionCordialementA.Rehmapplication/octet-stream attachment: Msg01.zip",
            "docno": "lists-094-14209940",
            "received": "Fri Aug 11 16:45:54 2000",
            "isoreceived": "20000811204554",
            "sent": "Fri, 11 Aug 2000 22:44:04 +0200",
            "isosent": "20000811204404",
            "name": "A.Rehm",
            "email": "ntoine.rehm@libertysurf.fr",
            "subject": "M1.6 A propos d'Amaya",
            "id": "005201c003d5$1edd2260$7e2924d5@pavilion",
            "charset": "iso-8859-1",
            "expires": "-1",
            "to": "<www-amaya@w3.org>\n",
            "cc": "<jose@w3.org>\n"
        },
        {
            "body": "Hello,This message comes to you from the W3C WAI (World Wide Web ConsortiumWeb Accessibility Initiative) report tool at http://www.w3.org/WAI/report.URL: http://www.w3.org/Date: Mon Aug 23 10:40:38 1999Your web site has been found to have to one or more accessibility problems.This is not an automatic evaluation. This message is the result of anindividual's review of your page or site (refer to the cc: field). Thisperson experienced difficulty accessing your page either due to a disability(visual, auditory, physical, or cognitive) or due to device limitations(poor connection bandwidth, no support for graphics or support turned off,a voice interface such as a webphone, etc.). Please consider their commentsbelow.No specific items mentioned.Your name and the url of your page, along with the names of otherpage reviewed using this tool, have been entered in a W3C WAI databasethat we maintain (currently implemented as an archived mailing listvisible at http://lists.w3.org/Archives/Public/wai-report-db).Please take the time to review this report and take actionon the problems reported. If you have questions, please notify usat mailto:wai-report@w3.org, so that we can re-evaluate your page.Note. These comments were made by someone who visited your Website who may not be affiliated with W3C or the WAI. For this reason,WAI does not take responsibility for the accuracy of this report northe comments made in the report. For more information about the W3CWeb Accessibility Initiative please visit http://www.w3.org/WAI.Regards,The W3C WAI Accessibility Initiative Report Tool.",
            "docno": "lists-087-5499850",
            "received": "Mon Aug 23 11:16:43 1999",
            "isoreceived": "19990823151643",
            "sent": "Mon, 23 Aug 1999 11:16:39 -0400 (EDT)",
            "isosent": "19990823151639",
            "name": "wai-report@w3.org",
            "email": "wai-report@w3.org",
            "subject": "WAI Report on http://www.w3.org/",
            "id": "199908231516.LAA03197@www19.w3.org",
            "expires": "-1",
            "to": "doesntexist@inrialpes.fr\n",
            "cc": "jose@w3.org,wai-report-db@w3.org,wai-report@w3.org\n"
        },
        {
            "body": "Hello Michael,On Fri, May 19, 2000 at 12:37:10PM -0400, Michael Derr wrote:>> does anybody know something about URN-support of Amya?> Actually URNs are not supported by normal browsers till now.> May be there are proposals to integrate URNs in the next browser> generation?URNs need to be resolved into URLs. Typically, this is done by a specificserver. Today you can find a very good example of such a service athttp://www.purl.org/As to whether this should be integrated or not into a browser, I see it asa special configuration option where you could set up a number of URNresolver servers, something similar to the configuration of your DNS servers.However, we're not yet there yet. I don't know the exact situation today,but I suppose one of the problems is having people agree on how to use suchservices.-Jose",
            "docno": "lists-094-7922692",
            "received": "Sun May 21 10:16:22 2000",
            "isoreceived": "20000521141622",
            "sent": "Sun, 21 May 2000 10:03:26 -0400 (EDT)",
            "isosent": "20000521140326",
            "name": "jose@w3.org",
            "email": "jose@w3.org",
            "subject": "Re: URN-support in AMAYA?",
            "id": "20000521160214.A2637@kiribati.inrialpes.fr",
            "charset": "us-ascii",
            "inreplyto": "39256EB6.9BDB3FD3&#64;zblmath.fiz-karlsruhe.de",
            "expires": "-1",
            "to": " Michael Derr<derr@zblmath.FIZ-Karlsruhe.DE>\n",
            "cc": "www-amaya@w3.org\n"
        },
        {
            "body": "Hello,This message comes to you from the W3C WAI (World Wide Web ConsortiumWeb Accessibility Initiative) report tool at http://www.w3.org/WAI/report.URL: http://www.w3.org/Date: Mon Aug 23 10:40:38 1999Your web site has been found to have to one or more accessibility problems.This is not an automatic evaluation. This message is the result of anindividual's review of your page or site (refer to the cc: field). Thisperson experienced difficulty accessing your page either due to a disability(visual, auditory, physical, or cognitive) or due to device limitations(poor connection bandwidth, no support for graphics or support turned off,a voice interface such as a webphone, etc.). Please consider their commentsbelow.No specific items mentioned.Your name and the url of your page, along with the names of otherpage reviewed using this tool, have been entered in a W3C WAI databasethat we maintain (currently implemented as an archived mailing listvisible at http://lists.w3.org/Archives/Public/wai-report-db).Please take the time to review this report and take actionon the problems reported. If you have questions, please notify usat mailto:wai-report@w3.org, so that we can re-evaluate your page.Note. These comments were made by someone who visited your Website who may not be affiliated with W3C or the WAI. For this reason,WAI does not take responsibility for the accuracy of this report northe comments made in the report. For more information about the W3CWeb Accessibility Initiative please visit http://www.w3.org/WAI.Regards,The W3C WAI Accessibility Initiative Report Tool.",
            "docno": "lists-087-9069623",
            "received": "Mon Aug 23 11:02:54 1999",
            "isoreceived": "19990823150254",
            "sent": "Mon, 23 Aug 1999 11:02:50 -0400 (EDT)",
            "isosent": "19990823150250",
            "name": "wai-report@w3.org",
            "email": "wai-report@w3.org",
            "subject": "WAI Report on http://www.w3.org/",
            "id": "199908231502.LAA02838@www19.w3.org",
            "expires": "-1",
            "to": "doesntexist@inrialpes.fr\n",
            "cc": "jose@w3.org,wai-report-db@w3.org,wai-report@w3.org\n"
        }
    ]
}