{
    "id": "candidate-0020",
    "name": "Vivien Lacourba",
    "gender": "FEMALE",
    "email": "vivien@w3.org",
    "mails": [
        {
            "body": "Thanks Vivien !RI> -----Original Message-----> From: Vivien Lacourba [mailto:vivien@w3.org]> Sent: 10 May 2004 16:42> To: Richard Ishida> Cc: webreq@w3.org; plh@w3.org; martin@w3.org; w3t-comm@w3.org> Subject: [Closed] Re: Publication request for 3 GEO techniques docs>> On Wed, 2004-05-05 at 18:21, Vivien Lacourba wrote:> > Hi Richard,> >> > On Wed, 2004-05-05 at 17:43, Richard Ishida wrote:> > > This is a request for you to publish the following 3> documents that are all installed already.> > (...)> > > The documents are:> > >> > > >> First document:> > > >>   http://www.w3.org/TR/i18n-html-tech-char> > > >>      http://www.w3.org/TR/2004/WD-i18n-html-tech-char-20040509> > > >>> > > >> Second document:> > > >>      http://www.w3.org/TR/i18n-html-tech-lang> > > >>      http://www.w3.org/TR/2004/WD-i18n-html-tech-lang-20040509> > > >>> > > >> Third document:> > > >>      http://www.w3.org/TR/i18n-html-tech-bidi> > > >>      http://www.w3.org/TR/2004/WD-i18n-html-tech-bidi-20040509>> Documents published.>> TR page updated with these new publications.> http://www.w3.org/TR/>> Regards,> Vivien>> --> Vivien Lacourba                               vivien@w3.org> World Wide Web Consortium                 http://www.w3.org> W3C Webmaster   MIT/CSAIL>",
            "docno": "lists-016-7675658",
            "received": "Mon May 10 12:12:29 2004",
            "isoreceived": "20040510161229",
            "sent": "Mon, 10 May 2004 17:12:26 +0100",
            "isosent": "20040510161226",
            "name": "Richard Ishida",
            "email": "shida@w3.org",
            "subject": "RE: [Closed] Re: Publication request for 3 GEO techniques docs",
            "id": "E1BNDOD-0002K4-Cs@drnick.w3.org",
            "charset": "iso-88591",
            "inreplyto": "1084203726.671.11.camel&#64;hansolo.doky.org",
            "expires": "1",
            "to": "\"'Vivien Lacourba'\"<vivien@w3.org>\n",
            "cc": "<martin@w3.org>,\"'Richard Ishida'\"<ishida@w3.org>,\"GEO\"<public-i18n-geo@w3.org>\n"
        },
        {
            "body": "-----BEGIN PGP SIGNED MESSAGE-----Hash: SHA1Ville Skytt?? <ville.skytta@iki.fi> wrote:>public-qa-dev++Except \"public\"-qa-dev is subscriber-only...Personally I could live with having Apache on v.w3.org give web-human as thecontact adress ??? it makes sense to me that all web service related issues getadressed to the same place within the w3.org domain, and the web-human willpresumably direct questions to the right place for v.w3.org as for all othersections of the greater w3.org site ??? but then it's not me that has to handlethe web-human mail queue so... :-)- --These are the same customers you are referring to whom Microsoft thoughtwould need MS Bob and the Talking Paperclip?   One thing is to give themenough rope to hang themselves,  but a boobytrapped thermonuclear weaponrunning on a rand(time) countdown... Is that really wise? - Me to MS rep.-----BEGIN PGP SIGNATURE-----Version: PGP SDK 3.0.3iQA/AwUBQK+5aqPyPrIkdfXsEQJnywCdFOgat0bJ73SYqr7qV6cS/esgDLcAoPOnibvewJ1BhaOOmbV2YKCnx+4t=CCQF-----END PGP SIGNATURE-----",
            "docno": "lists-017-14820750",
            "received": "Sat May 22 16:35:04 2004",
            "isoreceived": "20040522203504",
            "sent": "Sat, 22 May 2004 22:34:52 +0200",
            "isosent": "20040522203452",
            "name": "Terje Bless",
            "email": "nk@pobox.com",
            "subject": "Re: [Fwd: Software error:]",
            "id": "b02010203-10337B1F4D5CAC2F11D8B4B40030657B83E8@[193.157.66.23]",
            "charset": "UTF8",
            "inreplyto": "1085257412.3919.309.camel&#64;bobcat.mine.nu",
            "expires": "1",
            "to": " QA-dev<public-qa-dev@w3.org>\n",
            "cc": " Vivien Lacourba<vivien@w3.org>\n"
        },
        {
            "body": "> From: Tex Texin [mailto:tex@i18nguy.com]> Sent: 17 December 2003 08:37> 8) You mention AllowOverride being required for .htaccess but> not any other permissions or privileges. I think for> negotiation to work (but don't know for sure), some other> access rights or commands may need to be given. We need to> make this very clear. I had a great deal of trouble with my> ISP trying to get them to tell me which apache commands I was> priv'd to use, and as there were several ways to get it to> work, I kept trying things and was never show if I was> misapplying the commands, missing some commands or not> priv'd. I seem to recall multiview being required.My problem here is that I don't know what is required.  I'm quiteunfamiliar with server settings.Could someone provide the relevant text for me?Thanks,RI",
            "docno": "lists-015-16133103",
            "received": "Wed Dec 17 11:43:18 2003",
            "isoreceived": "20031217164318",
            "sent": "Wed, 17 Dec 2003 16:43:00 0000",
            "isosent": "20031217164300",
            "name": "Richard Ishida",
            "email": "shida@w3.org",
            "subject": "RE: New FAQ for review: Apache language negotiation set up",
            "id": "001201c3c4bc$d5f561f0$6401a8c0@w3c40upc3ma3j2",
            "charset": "usascii",
            "inreplyto": "3FE015B1.C4148FFD&#64;i18nguy.com",
            "expires": "1",
            "to": "<public-i18n-geo@w3.org>\n",
            "cc": "\"'Vivien Lacourba'\"<vivien@w3.org>\n"
        },
        {
            "body": "Hi Bjoern,On Tue, 2004-04-13 at 21:11, Bjoern Hoehrmann wrote:>   The recently published GRDDL CG Note [1] is listed under \"Recently> Published Working Group Notes\" at <http://www.w3.org/TR/>. It's probably> not very useful to have separate categories for CG/WG/IG, hence I would> suggest to use a Group Note category for this purpose.As you adviced we updated the title from \"Working Group Notes\" to \"GroupNotes\" and made a small update on the description of this section.Regards,Vivien--Vivien Lacourba                               vivien@w3.orgWorld Wide Web Consortium                 http://www.w3.orgW3C Webmaster   MIT/CSAIL",
            "docno": "lists-099-9669412",
            "received": "Wed Apr 14 15:48:07 2004",
            "isoreceived": "20040414194807",
            "sent": "Wed, 14 Apr 2004 15:47:39 -0400",
            "isosent": "20040414194739",
            "name": "Vivien Lacourba",
            "email": "vivien@w3.org",
            "subject": "Re: GRDDL CG Note listed as WG Note",
            "id": "1081972058.646.182.camel@han-solo",
            "inreplyto": "407c8ed2.537714652&#64;smtp.bjoern.hoehrmann.de",
            "expires": "-1",
            "to": " Bjoern Hoehrmann<derhoermi@gmx.net>\n",
            "cc": " web-human<web-human@w3.org>,www-archive@w3.org,ij@w3.org\n"
        },
        {
            "body": "Hi PNGs,Here are some comments about the PNG Specification.Regards,Vivien--Vivien Lacourba - W3C Webmaster MIT/LCSattached mail follows:Hello W3C peopleI had just started reading the PNG specification and in both your currentdocument (REC-png) and your new proposed one (2003/PR-PNG-20030520/) thereis an error in the section describing bit depth of colours: \"not the totalpixel size\" should be \"not the total bit size\" as it has to do with thenumber of bits required to specify the colour value (R, G and B) in a tablein the file rather than the displayed size of the pixel (eg dpi resolution).There may be more errors but I haven't read it all yet! I wanted to know ifthis was even remotely the correct address for reporting such things.Susan Foord",
            "docno": "lists-014-7490331",
            "received": "Mon Jun  2 11:16:19 2003",
            "isoreceived": "20030602151619",
            "sent": "02 Jun 2003 17:17:33 +0200",
            "isosent": "20030602151733",
            "name": "Vivien Lacourba",
            "email": "vivien@w3.org",
            "subject": "[Fwd: http://www.w3.org/TR/]",
            "id": "1054567053.659.7.camel@misato",
            "charset": "iso-88591",
            "expires": "1",
            "to": "png-group@w3.org\n"
        },
        {
            "body": "(I changed s/www-validator/public-qa-dev/)On Sat, 2004-05-22 at 21:40, Bjoern Hoehrmann wrote:> * Vivien Lacourba wrote:> >Another one ...>> Thanks Vivien, the error message is generated by the CGI.pm Perl module.> It's either a bug in our code, in CGI.pm or in the browser of these> users. Could you ask these users to report details on what browsers they> have used, etc. to www-validator or forward their mails to me so I can> ask them?Some more thoughts: the error message was \"Malformed multipart POST\" butthe feedback said \"when trying to validate online HTML documents\"; thatcombination makes no sense to me.  Did the user use upload or URIsubmission?If upload, at least some (old) versions of Opera did have issues withfile uploads, but AFAIK CGI.pm had a workaround for this already inversion 2.89, and v.w.o has 3.01.If it was validation using a URI, I have no explanation.>  We should probably configure validator.w3.org so that it lists> www-validator or public-qa-dev as contact address rather than> web-human...public-qa-dev++",
            "docno": "lists-017-14812365",
            "received": "Sat May 22 16:24:28 2004",
            "isoreceived": "20040522202428",
            "sent": "Sat, 22 May 2004 23:23:32 +0300",
            "isosent": "20040522202332",
            "name": "Ville Skytt?",
            "email": "ville.skytta@iki.fi",
            "subject": "Re: [Fwd: Software error:]",
            "id": "1085257412.3919.309.camel@bobcat.mine.nu",
            "inreplyto": "40b29d71.15772379&#64;smtp.bjoern.hoehrmann.de",
            "expires": "1",
            "to": " Bjoern Hoehrmann<derhoermi@gmx.net>\n",
            "cc": " Vivien Lacourba<vivien@w3.org>, QA-dev<public-qa-dev@w3.org>\n"
        },
        {
            "body": "Hi PNGs,Here are some comments about the PNG Specification.Regards,Vivien--Vivien Lacourba - W3C Webmaster MIT/LCSattached mail follows:Hello W3C peopleI had just started reading the PNG specification and in both your currentdocument (REC-png) and your new proposed one (2003/PR-PNG-20030520/) thereis an error in the section describing bit depth of colours: \"not the totalpixel size\" should be \"not the total bit size\" as it has to do with thenumber of bits required to specify the colour value (R, G and B) in a tablein the file rather than the displayed size of the pixel (eg dpi resolution).There may be more errors but I haven't read it all yet! I wanted to know ifthis was even remotely the correct address for reporting such things.Susan Foord",
            "docno": "lists-014-7483719",
            "received": "Mon Jun  2 11:16:19 2003",
            "isoreceived": "20030602151619",
            "sent": "02 Jun 2003 17:17:33 +0200",
            "isosent": "20030602151733",
            "name": "Vivien Lacourba",
            "email": "vivien@w3.org",
            "subject": "[Fwd: http://www.w3.org/TR/]",
            "id": "1057787718.IAA22192@phantom.w3.org",
            "charset": "iso-88591",
            "expires": "1",
            "to": "png-group@w3.org\n"
        },
        {
            "body": "Hello Richard,I think the setting required by the webmaster (usually in httpd.conf) is:AllowOverride FileInfo OptionsThe setting required at the location where you want to usenegotiation would beOptions MultiViews(this is not included in Options All).See http://httpd.apache.org/docs-2.0/mod/core.html#options,http://httpd.apache.org/docs-2.0/mod/core.html#allowoverride,http://httpd.apache.org/docs-2.0/content-negotiation.html#negotiation.I haven't tested this, though.Regards,    Martin.At 16:43 03/12/17 +0000, Richard Ishida wrote:> > From: Tex Texin [mailto:tex@i18nguy.com]> > Sent: 17 December 2003 08:37>> > 8) You mention AllowOverride being required for .htaccess but> > not any other permissions or privileges. I think for> > negotiation to work (but don't know for sure), some other> > access rights or commands may need to be given. We need to> > make this very clear. I had a great deal of trouble with my> > ISP trying to get them to tell me which apache commands I was> > priv'd to use, and as there were several ways to get it to> > work, I kept trying things and was never show if I was> > misapplying the commands, missing some commands or not> > priv'd. I seem to recall multiview being required.>>My problem here is that I don't know what is required.  I'm quite>unfamiliar with server settings.>>Could someone provide the relevant text for me?>>Thanks,>RI",
            "docno": "lists-015-16325206",
            "received": "Mon Dec 22 09:54:02 2003",
            "isoreceived": "20031222145402",
            "sent": "Sat, 20 Dec 2003 20:46:13 0500",
            "isosent": "20031221014613",
            "name": "Martin Duerst",
            "email": "duerst@w3.org",
            "subject": "RE: New FAQ for review: Apache language negotiation set up",
            "id": "4.2.0.58.J.20031220204207.05b45558@localhost",
            "charset": "usascii",
            "inreplyto": "001201c3c4bc$d5f561f0$6401a8c0&#64;w3c40upc3ma3j2",
            "expires": "1",
            "to": "<ishida@w3.org>,<public-i18n-geo@w3.org>\n",
            "cc": "\"'Vivien Lacourba'\"<vivien@w3.org>\n"
        },
        {
            "body": "On Mon, 2004-03-22 at 11:03, Bjoern Hoehrmann wrote:> Hi,>>   I already did not understand why anyone would assign a \"dated\" URL to> unstable documents, even less so why W3C QA is at http://www.w3.org/QA/,> W3C WAI at http://www.w3.org/WAI/, W3C DOM at http://www.w3.org/DOM/,> but W3C TAG at http://www.w3.org/2001/tag/.Hello Bjoern,Thank you for your thoughtful comments. I made some comments below butno definitive statement. I'll try to get some discussion on this in theTeam.Thank you,- IanNotes:You shouldn't try to read meaning into a URI unless there's a publishedpolicy for a particular convention. W3C has a published policy forURIs for TR documents. W3C does not have a published policy for numbersin other URIs such as /2001/tag. It turns out that the Director prefersnot to \"fill up\" top-level URI space after www.w3.org. In the case of/2001/tag, we put the date when the TAG came into existence. This allowsus to reuse \"/tag\" later if we choose.> However, I could live with> that with a shake of the head. I have also accepted that my memory is> too bad to use the W3C web site efficiently and use a search engine to> locate documents such as the W3C Manual of Style.We have millions and millions of documents. You SHOULD use links ora search engine to find them, not your memory.> I thought I could get> to it through trial and error because I know that it is at> <http://www.w3.org/dddd/dd/manual/>, but I think in order to remember> the second number I mnemonic'd that the numbers are even, hence I> typically triedIf you have to resort to trial and error because our site does notprovide you with useful navigation, please let us know clearly whatresources you are looking for. If you prefer trial and error in spite ofavailable search and navigation mechanisms, then you might consider(after your own experience, in fact), relying on better means.>>   http://www.w3.org/2000/06/manual/>   http://www.w3.org/2000/08/manual/>   http://www.w3.org/2002/08/manual/>   http://www.w3.org/2002/06/manual/>   http://www.w3.org/2000/04/manual/>   ...>> first, but this does not work, hence I try uneven numbers... Sometimes I> succeeded after a couple of 404 errors. At some point this got too> frustrating. I tried to get to it through Google a couple of times, but> this is getting frustrating, too. And in fact, as a result I avoid> referencing it.>> May it's just me and everyone else has no problem to properly remember> URI References like>>   http://www.w3.org/1999/02/22-rdf-syntax-ns#>> One of the great things about this URI is the rdf-syntax part. I can> remember this part and in order to use the namespace URI here I visited>>   http://www.w3.org/TR/rdf-syntax>> Ooops. Well, I got used to that. I mean, what can I do to change this? I> am certain the people responsible for this are aware that this violates> everything in <http://www.useit.com/alertbox/990321.html> except for the> domain name.>> After all, usability is not part of http://www.w3.org/Consortium/#goals> and there is links and copy and paste for people with learning> disabilities, dammit.We do not want people to memorize URIs. We want them to createbookmarks, to use our navigation tools, and to use our search tools.> But now you broke my last resort on http://www.w3.org/, the /TR/ space.> There is no longer a <http://www.w3.org/TR/REC-xml>, this is now a> \"Temporary Redirect\"...I'm not sure when or why this change was made. I'd have to go dig upthe history.> Some comments about this change:>   * It does not recover from speling errors, <http://www.w3.org/TR/css2>>     properly redirects to <http://www.w3.org/TR/CSS2/>,>     <http://www.w3.org/TR/css21> \"Sorry, Not Found\".Don't rely on mod_spelling to help you. See the TAG's architecturedocument:http://www.w3.org/TR/2003/WD-webarch-20031209/#identifiers-comparison\"If a URI has been assigned to a resource, agents SHOULD refer to theresource using the same URI, character for character.\">   * ,translations is broken, <http://www.w3.org/TR/REC-xml,translations>>     properly gives a list of translations,>     <http://www.w3.org/TR/2004/REC-xml-20040204/,translations> \"No>     Translations are Available for This Document\"Ivan, can you have a look at this?>   * It breaks tools like Wget 1.8.1 (latest in Debian stable)>>     % wget http://www.w3.org/TR/CSS2/>     --14:29:28--  http://www.w3.org/TR/CSS2/>                => `index.html'>     Resolving www.w3.org... done.>     Connecting to www.w3.org[18.29.1.35]:80... connected.>     HTTP request sent, awaiting response... 200 OK>     Length: 56,242 [text/html]>>     100%[=========================>] 56,242        76.07K/s    ETA 00:00>>     14:29:29 (76.07 KB/s) - `index.html' saved [56242/56242]>>     % wget http://www.w3.org/TR/CSS21/>     --14:29:32--  http://www.w3.org/TR/CSS21/>                => `index.html.1'>     Resolving www.w3.org... done.>     Connecting to www.w3.org[18.29.1.34]:80... connected.>     HTTP request sent, awaiting response... 307 Temporary Redirect>     14:29:32 ERROR 307: Temporary Redirect.>>     The same applies to some older browsers though some of them provide>     access to the returned HTML 2.0 page, they can follow the link>>       The document has moved <A>       HREF=\"http://www.w3.org/TR/2004/REC-xml-20040204\">here</A>.<P>>>     which is btw very bad link text. However, this annoys users of my>     site if I link to W3C Technical Reports, and I do not want to annoy>     my users.Vivien, can you have a look at that?>   * It breaks offline browsing, http://www.w3.org/TR/REC-xml is not>     cacheable due to lack of a Cache-Control or Expires header, hence>     it is not possible to follow links to that document in common>     offline browsing scenarios.Ok.>   * Latest version links are much slower to follow, redirects to>     <http://www.w3.org/TR/REC-xml> redirects to>     <http://www.w3.org/TR/2004/REC-xml-20040204> which then again>     redirects to <http://www.w3.org/TR/2004/REC-xml-20040204/>\"Much slower\" seems like a bit of a stretch, but I agree that if youcan avoid a redirect, you should.>   * It breaks my address bar, when I visit>     <http://www.w3.org/TR/REC-xml#syntax> I will see>     <http://www.w3.org/TR/2004/REC-xml-20040204/> after the redirect,>     not <http://www.w3.org/TR/2004/REC-xml-20040204/#syntax> as I>     would expect.That, I believe, is a browser problem. In particular, see CUAPcheckpoint 4.1.http://www.w3.org/TR/cuap#uri>   * It reduces the utility of edited recommendations. Most>     specifications contain unpredictable fragment identifers like>     http://www.w3.org/TR/REC-xml#charsets which points to the section>     on Characters or #section-N64772-Out-of-line-Formatting-Objects>     which force me to use copy & paste from my address bar to get>     fragment references, hence I would either end up referencing>     always the nth edition of a specification or would have do to>     a lot of work to always hack the URI down to the latest version>     URI which means I would always refer to the nth edition.>>     The same applies of course - even though to lesser extend - to all>     other TR maturity levels.>>   * Partly due to the same reason as the former item, it becomes at>     least very difficult to include links in mails, usenet postings or>     even web sites because these insanely dated URIs are about 20>     characters longer than normal URIs, beasts like>>       http://www.w3.org/TR/2003/WD-xquery-full-text-requirements-20030502/#div3-score-independent>       http://www.w3.org/TR/2004/WD-xhtml-modularization-20040218/schema_module_defs.html#a_module_XHTML_Common_Attribute_Definitions>>     do *not* fit properly into the typical boundaries of editors, broken>     editors will likely wrap such URIs which make them inaccessible to>     many and in case of plain/text ugly to everyone.>>   * It does *not* help with issues such as the /TR/SOAP/ case,>     /TR/ is the wrong place for lastest-foo-technology URIs as>     http://www.w3.org/TR/html/ among others kindly demonstrates.>>   * It breaks my sites, I link to <http://www.w3.org/TR/REC-xml> and now>     my link checker reports warnings for potentially broken references,>     wading through the clutter of all these warnings is frustrating and>     reduces my willingness to keep my links up to date. Even if my link>     checker supported means to hide warnings for specific sites, it>     won't help much, since links to www.w3.org break all the time;>     ironically, the W3C Linkchecker at http://validator.w3.org/checklink>     links to W3C's page explaining URIs, specifically>     http://www.w3.org/Addressing/#terms which does no longer exist.>>   * Once again, you want people to link technical reports, this change>     makes it way more difficult to due this properly, which is bad.>> Of course there are more reasons why this change is ... *wrong*. There> is no benefit, but an overwhelming number of downsides. This is sooo> obvious. Please fix this. Not its symptoms. Switch it back to what> worked for so many years. Please. Please! Please! Please! What do I need> to do to convince you? Use the WBS system and let the community vote on> W3C URI policy if you like, if there is a good justification for this> change or your URI policy in general, I am certain you can convince your> community to support this. Unless this is all part of a practical joke,> of course.--Ian Jacobs (ij@w3.org)   http://www.w3.org/People/JacobsTel:                     +1 718 260-9447",
            "docno": "lists-029-4005803",
            "received": "Mon Mar 22 12:07:38 2004",
            "isoreceived": "20040322170738",
            "sent": "Mon, 22 Mar 2004 12:07:36 -0500",
            "isosent": "20040322170736",
            "name": "Ian B. Jacobs",
            "email": "j@w3.org",
            "subject": "Re: On W3C (/TR/) URI policies...",
            "id": "1079975254.2058.31.camel@seabright",
            "inreplyto": "4063d8dc.754879319&#64;smtp.bjoern.hoehrmann.de",
            "expires": "-1",
            "to": " Bjoern Hoehrmann<derhoermi@gmx.net>,ivan@w3.org,vivien@w3.org\n",
            "cc": "site-comments@w3.org\n"
        },
        {
            "body": "Chaps,As a result of a query received here, and with Martin's help, I have puttogether an initial draft of an FAQ athttp://www.w3.org/International/questions/qa-apache-lang-neg.htmlPlease review before the Wednesday meeting so that we can discuss.  I'dlike to publish this in about 10 days time if possible.Thanks,RI============Richard IshidaW3Ccontact info: http://www.w3.org/People/Ishida/http://www.w3.org/International/http://www.w3.org/International/geo/W3C Internationalization FAQshttp://www.w3.org/International/questions.htmlRSS feed: http://www.w3.org/International/questions.rss",
            "docno": "lists-015-16072224",
            "received": "Mon Dec 15 15:11:00 2003",
            "isoreceived": "20031215201100",
            "sent": "Mon, 15 Dec 2003 20:10:20 0000",
            "isosent": "20031215201020",
            "name": "Richard Ishida",
            "email": "shida@w3.org",
            "subject": "New FAQ for review: Apache language negotiation set up",
            "id": "007c01c3c347$77cd8d80$1102000a@w3c40upc3ma3j2",
            "charset": "USASCII",
            "expires": "1",
            "to": "<public-i18n-geo@w3.org>\n",
            "cc": "\"'Vivien Lacourba'\"<vivien@w3.org>\n"
        },
        {
            "body": "I have tweaked the wording slightly this morning.  You may need torefresh.RI============Richard IshidaW3Ccontact info: http://www.w3.org/People/Ishida/http://www.w3.org/International/http://www.w3.org/International/geo/W3C Internationalization FAQshttp://www.w3.org/International/questions.htmlRSS feed: http://www.w3.org/International/questions.rss> -----Original Message-----> From: public-i18n-geo-request@w3.org> [mailto:public-i18n-geo-request@w3.org] On Behalf Of Richard Ishida> Sent: 15 December 2003 20:10> To: public-i18n-geo@w3.org> Cc: 'Vivien Lacourba'> Subject: New FAQ for review: Apache language negotiation set up>>>> Chaps,>> As a result of a query received here, and with Martin's help,> I have put together an initial draft of an FAQ at> http://www.w3.org/International/questions/qa-apache-lang-neg.htmlPlease review before the Wednesday meeting so that we can discuss.  I'dlike to publish this in about 10 days time if possible.Thanks,RI============Richard IshidaW3Ccontact info: http://www.w3.org/People/Ishida/http://www.w3.org/International/http://www.w3.org/International/geo/W3C Internationalization FAQshttp://www.w3.org/International/questions.htmlRSS feed: http://www.w3.org/International/questions.rss",
            "docno": "lists-015-16080953",
            "received": "Tue Dec 16 06:34:05 2003",
            "isoreceived": "20031216113405",
            "sent": "Tue, 16 Dec 2003 11:33:20 0000",
            "isosent": "20031216113320",
            "name": "Richard Ishida",
            "email": "shida@w3.org",
            "subject": "RE: New FAQ for review: Apache language negotiation set up",
            "id": "002801c3c3c8$68c9ff90$1102000a@w3c40upc3ma3j2",
            "charset": "USASCII",
            "inreplyto": "007c01c3c347$77cd8d80$1102000a&#64;w3c40upc3ma3j2",
            "expires": "1",
            "to": "<public-i18n-geo@w3.org>\n",
            "cc": "\"'Vivien Lacourba'\"<vivien@w3.org>\n"
        },
        {
            "body": "> http://www.w3.org/International/questions/qa-apache-lang-neg.htmlHere are some editorial comments:1) The question is about setting up files, but the answer is also aboutconfiguring apache.The question should be reworded to more accurately reflect the faqcontent.How do I implement language negotiation on an Apache Web server?How do I configure a multilingual web site on an Apache Web server?2) This question shows the disdavantage of having the background at theend, since the answer seems to start in the middle. A few words of introwould be good to set the stage. Certainly needs something before thediscussion of the examples used occurs. It's a long faq, so it might begood to introduce \"heres what you need to do\" with a brief list of 1)choose file naming convention, 2) associate language with extensions,etc. and then have the individual sections.The list could be links for fast access as well.3) Somewhere, maybe not in this faq, we should have a discussion of thetradeoffs of having language indicated in the file name vs. in thedirectory structure (e.g yadda/yadda/en/index.html)4) You might indicate if this technique only applies to html or worksfor other filetypes (e.g. image files, css, xml).5) The comment in the para on language extension first is the files areeasier to read or edit when not on a server.Suggest saying why. Do you mean because it ends in .html and so the toolrecognizes the extension?Are you saying that tools will find the files even though the languagecomponent is not specified? (I dont think so.)It then says always type in browser address or hyperlink withoutextensions.I don't understand how the browser knows which language to retrieve ifthe file is not being accessed via an apache server or with httpprotocol. (ie on local disk as implied) Please explain.6) Subsequent para is that it may make the files harder to read if theyare not on an apache server.Pls explain why.  I presume the reason is tools can't default thelanguage extension.7) On naming conventions- we should indicate (maybe another faq) when touse language and when to use language-region(and someday soon language-script-region...)Also which version is the language default (does fr = fr-FR or fr-CA?etc.)The comment that 3066 should be followed for consistency and recognitionis a bit specious.Perhaps say follow it as an industry convention and is consistent withusage as language identifiers in http, html, xml etc. The codesthemselves are not always recognizable or consistent. eg ja for languagejp for country is inconsistent.8) You mention AllowOverride being required for .htaccess but not anyother permissions or privileges.I think for negotiation to work (but don't know for sure), some otheraccess rights or commands may need to be given.We need to make this very clear. I had a great deal of trouble with myISP trying to get them to tell me which apache commands I was priv'd touse, and as there were several ways to get it to work, I kept tryingthings and was never show if I was misapplying the commands, missingsome commands or not priv'd.I seem to recall multiview being required.Perhaps we should suggest some tests that show privs and validatebehavior or example files that demonstrate correct usage.9) Now that user has multiple pages and images etc. for differentlanguages, what is an appropriate test strategy to be sure that thelinks are going to the right places+languages?This might be a good page to put in another language to show proof ofconcept. Even if it was just translated to pig latin... Or point to someof the other w3c pages that are translated.10) yes pl-PL is better than po.11) Will someone from apach review or sanctify the page?12) How does language negotiation interact with user selection of alanguage via a gateway page?For example, if my browser is Japanese and by default I get the Japanesepages, and then I select another language from the gateway page, once Iget to the new language, what happens so that I don't keep getting thedefault pages?(since the browser will keep specifying Japanese in http) Do we need toclarify this? (maybe separate faq?)hth---------------------------------------------------------------Tex Texin   cell: +1 781 789 1898   mailto:Tex@XenCraft.comXen Master                          http://www.i18nGuy.comXenCraft            http://www.XenCraft.comMaking e-Business Work Around the World-------------------------------------------------------------",
            "docno": "lists-015-16091426",
            "received": "Wed Dec 17 03:42:49 2003",
            "isoreceived": "20031217084249",
            "sent": "Wed, 17 Dec 2003 03:37:05 0500",
            "isosent": "20031217083705",
            "name": "Tex Texin",
            "email": "tex@i18nguy.com",
            "subject": "Re: New FAQ for review: Apache language negotiation set up",
            "id": "3FE015B1.C4148FFD@i18nguy.com",
            "charset": "usascii",
            "inreplyto": "007c01c3c347$77cd8d80$1102000a&#64;w3c40upc3ma3j2",
            "expires": "1",
            "to": "ishida@w3.org\n",
            "cc": "public-i18n-geo@w3.org, 'Vivien Lacourba'<vivien@w3.org>\n"
        },
        {
            "body": "[forwarding to the Web-Ontology Comments mailing list]On Wed, 1969-12-31 at 18:59, Nacho ... wrote:> Hello, I'm a computer science student from Madrid, Spain. Sorry my bad> english, please.> Sorry basic question, but I have read RDF and OWL specifications and I would> like assure this:>> (1)> OWL is an language which allows user to make \"meaning\" to the terms created> by a RDF scheme. It is an extension to the RDF scheme.> RDF without OWL allowed to describe resources, properties and them> relationship but with OWL it allow RIGHT MEANING besides.> For example, RDF can define the term \"autor\", which is a property to \"Book\",> but OWL can define \"autor\" is \"person responsible in creation of a document\"> for example.>> Is this correct?>>> (2)> If I wish to use MARC format in order to catalogue my virtual library, I use> RDF (without OWL) and use a namespace like for example> http://marc.org/descriptions/library#. Then I can to use properties defined> in http://marc.org/descriptions/library# like for example autor, title, etc.>> Is this correct?>>> (3)> Dublin Core scheme is a RDF scheme or an ontology defined by using OWL?>> Thank you very much.>> _________________________________________________________________> MSN Amor: busca tu ? naranja http://latam.msn.com/amor/",
            "docno": "lists-024-13968471",
            "received": "Mon May  3 11:05:03 2004",
            "isoreceived": "20040503150503",
            "sent": "Mon, 03 May 2004 10:51:44 -0400",
            "isosent": "20040503145144",
            "name": "Vivien Lacourba",
            "email": "vivien@w3.org",
            "subject": "Re: [Moderator Action] RDFOWL",
            "id": "1083595904.655.1.camel@han-solo.doky.org",
            "charset": "ISO-8859-1",
            "inreplyto": "BAY18-F79oVX1yOZFQD000033db&#64;hotmail.com",
            "expires": "-1",
            "to": "public-webont-comments@w3.org\n",
            "cc": "\"Nacho ...\"<ilm991070@hotmail.com>\n"
        },
        {
            "body": "Vivien Lacourba wrote:>> Hi PNGs,>> Here are some comments about the PNG Specification.>> Regards,> Vivien>> --> Vivien Lacourba - W3C Webmaster MIT/LCS>>   ------------------------------------------------------------------------------------------------>> Subject: http://www.w3.org/TR/> Resent-Date: Mon, 2 Jun 2003 09:24:38 -0400> Resent-From: Vivien Lacourba <vivien@w3.org>> Resent-To: \"web-human@w3.org\" <web-human@w3.org>> Date: 02 Jun 2003 15:25:55 +0200> From: \"Susan Foord\" <susan.foord@ntlworld.com>> Organization: W3C> To: <web-human@w3.org>>> Hello W3C people>> I had just started reading the PNG specification and in both your current> document (REC-png) and your new proposed one (2003/PR-PNG-20030520/) there> is an error in the section describing bit depth of colours: \"not the total> pixel size\" should be \"not the total bit size\" as it has to do with the> number of bits required to specify the colour value (R, G and B) in a table> in the file rather than the displayed size of the pixel (eg dpi resolution).>> There may be more errors but I haven't read it all yet! I wanted to know if> this was even remotely the correct address for reporting such things.>> Susan FoordHi, Susan.  You can use \"png-group@w3.org\" in the future.I agree that readers might possibly confuse \"pixel size\" with \"resolution\".Your solution looks a little confusing as well.  How about\"not the total number of bits per pixel\" ?ThanksGlenn",
            "docno": "lists-014-7497837",
            "received": "Mon Jun  2 11:58:48 2003",
            "isoreceived": "20030602155848",
            "sent": "Mon, 02 Jun 2003 11:55:47 0400",
            "isosent": "20030602155547",
            "name": "Glenn RandersPehrson",
            "email": "glennrp@comcast.net",
            "subject": "Re: [Fwd: http://www.w3.org/TR/]",
            "id": "3EDB7383.71718948@comcast.net",
            "charset": "usascii",
            "inreplyto": "1054567053.659.7.camel&#64;misato",
            "expires": "1",
            "to": "susan.foord@ntlworld.com\n",
            "cc": "png-group@w3.org\n"
        },
        {
            "body": "Daniel,We do not edit our e-mail repositories to selectively expungeinformation that has been posted or submitted to a public forum.Please review our archive editing policy[1] for further information.Using the WAI report tool your customer was informed that his personnalinformation will be available on a public mailing-list. At that time hehad choice to cancel his action and not to submit his results.from: http://www.w3.org/WAI/report/[[(Note: step 4 is where the message is sent and it will ask you to readit and confirm before doing so)]]>From step4:[[The WAI Report Tool has generated the following message based on yourinput. Please review and correct if necessary (by using your browser'sback button to return to previous steps). When you're satisfied, send itby using the \"Send Message\" button at the bottom of the page.If you want to make comments on this report tool, please send a messageto w3c-wai-er-ig@w3.org...Your name, the URL of your page, and the URLs of other pages reviewedusing this tool have been entered in a W3C WAI database that we maintain(currently implemented as an archived mailing list visible athttp://lists.w3.org/Archives/Public/wai-report-db).]]Best regards,Vivien[1] http://www.w3.org/Mail/ArchiveEditingPolicyOn Wed, 1969-12-31 at 18:59, Daniel Taborek wrote:> Hallo,>>>> please remove the html-side and all information of our customer from> your server. Our customer is annoyed much because its personal> information by your data base in search machines is indicated.>> i please you to confirm receive to this information as well as the> completion.>>>> Yours sincerely>> Daniel Taborek>> managing director>> ISP Canaletto.Net GmbH&Co.KG>> Comeniusstr. 109, 01309 Dresden>> Tel. +49 351 259090>> Fax. +49 351 2590946>> http://www.canaletto.net>>>>>> delete this information from your server> http://lists.w3.org/Archives/Public/wai-report-db/2003AprJun/0009.html>>>>>> found with google>> http://www.google.de/search?hl=de&ie=UTF-8&oe=UTF-8&q=deutsche+finanzagentur&btnG=Google+Suche&meta=>>--Vivien Lacourba                               vivien@w3.orgWorld Wide Web Consortium                 http://www.w3.orgW3C Webmaster   MIT/CSAIL",
            "docno": "lists-029-1380300",
            "received": "Mon Sep 29 01:10:02 2003",
            "isoreceived": "20030929051002",
            "sent": "29 Sep 2003 01:07:31 -0400",
            "isosent": "20030929050731",
            "name": "Vivien Lacourba",
            "email": "vivien@w3.org",
            "subject": "Re: please remove this link http://lists.w3.org/Archives/Public/wai-report-db/2003AprJun/0010.html",
            "id": "1064812051.441.23.camel@han-solo",
            "inreplyto": "003701c37918$616375b0$1901a8c0&#64;daniels2410",
            "expires": "-1",
            "to": "dt@canaletto.net\n",
            "cc": " web-human<web-human@w3.org>,site-comments@w3.org\n"
        },
        {
            "body": "[ Forwarding to the DOM Comment mailing list]On Tue, 2004-02-03 at 16:48, Stefan Murariu wrote:> Hi,> Please take a closer look on second and third rows on the table> located at:> http://www.w3.org/TR/2004/REC-DOM-Level-3-Val-20040127/validation-outcomes.html#Section_1> Regards,> Stefan Murariu",
            "docno": "lists-105-2198048",
            "received": "Tue Feb  3 17:16:23 2004",
            "isoreceived": "20040203221623",
            "sent": "Tue, 03 Feb 2004 17:15:55 -0500",
            "isosent": "20040203221555",
            "name": "Vivien Lacourba",
            "email": "vivien@w3.org",
            "subject": "Duplicate information",
            "id": "1075846555.559.161.camel@han-solo",
            "inreplyto": "401FD4A2.3000800&#64;netscape.net",
            "expires": "-1",
            "to": "www-dom@w3.org\n",
            "cc": " Stefan Murariu<stefanmurariu@netscape.net>\n"
        },
        {
            "body": "Thanks for the comments, Tex.  See below...> -----Original Message-----> From: Tex Texin [mailto:tex@i18nguy.com]> Sent: 17 December 2003 08:37> To: ishida@w3.org> Cc: public-i18n-geo@w3.org; 'Vivien Lacourba'> Subject: Re: New FAQ for review: Apache language negotiation set up>>> > http://www.w3.org/International/questions/qa-apache-lang-neg.html>> Here are some editorial comments:>> 1) The question is about setting up files, but the answer is> also about configuring apache. The question should be> reworded to more accurately reflect the faq content.>> How do I implement language negotiation on an Apache Web> server? How do I configure a multilingual web site on an> Apache Web server?Done.>> 2) This question shows the disdavantage of having the> background at the end, since the answer seems to start in the> middle. A few words of intro would be good to set the stage.> Certainly needs something before the discussion of the> examples used occurs. It's a long faq, so it might be good to> introduce \"heres what you need to do\" with a brief list of 1)> choose file naming convention, 2) associate language with> extensions, etc. and then have the individual sections. The> list could be links for fast access as well.I disagree and see it as unnecessary verbosity.  There's a link to thebackground information for those who need it.>> 3) Somewhere, maybe not in this faq, we should have a> discussion of the tradeoffs of having language indicated in> the file name vs. in the directory structure (e.g> yadda/yadda/en/index.html)It's already in the list of future questions:http://www.w3.org/International/geo/upload/2003/questions/>> 4) You might indicate if this technique only applies to html> or works for other filetypes (e.g. image files, css, xml).Done.>> 5) The comment in the para on language extension first is the> files are easier to read or edit when not on a server.> Suggest saying why. Do you mean because it ends in .html and> so the tool recognizes the extension? Are you saying that> tools will find the files even though the language component> is not specified? (I dont think so.) It then says always type> in browser address or hyperlink without extensions. I don't> understand how the browser knows which language to retrieve> if the file is not being accessed via an apache server or> with http protocol. (ie on local disk as implied) Please explain.>> 6) Subsequent para is that it may make the files harder to> read if they are not on an apache server. Pls explain why.  I> presume the reason is tools can't default the language extension.Done 5 & 6>> 7) On naming conventions- we should indicate (maybe another> faq) when to use language and when to use language-region> (and someday soon language-script-region...) Also which> version is the language default (does fr = fr-FR or fr-CA?> etc.)For indicating language I don't think there is any default, other thanthat fr is a superset of fr-CA, fr-FR, etc..  Aren't you thinking interms of locale mechanisms?>> The comment that 3066 should be followed for consistency and> recognition is a bit specious. Perhaps say follow it as an> industry convention and is consistent with usage as language> identifiers in http, html, xml etc. The codes themselves are> not always recognizable or consistent. eg ja for language jp> for country is inconsistent.ja and jp is not inconsistent since one refers to language, the other tocountry.  There is no reason to expect them to be the same.  I added theword 'language' to the text.>> 8) You mention AllowOverride being required for .htaccess but> not any other permissions or privileges. I think for> negotiation to work (but don't know for sure), some other> access rights or commands may need to be given. We need to> make this very clear. I had a great deal of trouble with my> ISP trying to get them to tell me which apache commands I was> priv'd to use, and as there were several ways to get it to> work, I kept trying things and was never show if I was> misapplying the commands, missing some commands or not> priv'd. I seem to recall multiview being required.>> Perhaps we should suggest some tests that show privs and> validate behavior or example files that demonstrate correct usage.See separate note.>> 9) Now that user has multiple pages and images etc. for> different languages, what is an appropriate test strategy to> be sure that the links are going to the right places+languages?It's already in the list of future questions:http://www.w3.org/International/geo/upload/2003/questions/>> This might be a good page to put in another language to show> proof of concept. Even if it was just translated to pig> latin... Or point to some of the other w3c pages that are translated.>> 10) yes pl-PL is better than po.>> 11) Will someone from apach review or sanctify the page?Does anyone have any contacts? Martin?>> 12) How does language negotiation interact with user> selection of a language via a gateway page? For example, if> my browser is Japanese and by default I get the Japanese> pages, and then I select another language from the gateway> page, once I get to the new language, what happens so that I> don't keep getting the default pages? (since the browser will> keep specifying Japanese in http) Do we need to clarify this?> (maybe separate faq?)I think the answer is not straighforward.  I think many people dealingwith gateway pages are dealing with whole sites that have beenlocalised, and probably more often by country than by language.  So myguess is that they wouldn't really do language negotiation in this way,rather they would have files in different locations.  I see languagenegotiation for expressing *linguistic* variants of single or smallgroups of pages.  This is getting into one of the questions you posedearlier.Note, however, as stated in the FAQ, that you can always point to aspecific page by specifying something like example.en.html, although asyou say as soon as you follow a link you're likely to revert back to thelanguage specified in your HTTP settings.BTW, if we continue this discussion, let's make it a separate thread.Cheers,RI",
            "docno": "lists-015-16142091",
            "received": "Wed Dec 17 12:03:44 2003",
            "isoreceived": "20031217170344",
            "sent": "Wed, 17 Dec 2003 17:01:23 0000",
            "isosent": "20031217170123",
            "name": "Richard Ishida",
            "email": "shida@w3.org",
            "subject": "RE: New FAQ for review: Apache language negotiation set up",
            "id": "001301c3c4bf$685822b0$6401a8c0@w3c40upc3ma3j2",
            "charset": "usascii",
            "inreplyto": "3FE015B1.C4148FFD&#64;i18nguy.com",
            "expires": "1",
            "to": "\"'Tex Texin'\"<tex@i18nguy.com>\n",
            "cc": "<public-i18n-geo@w3.org>,\"'Vivien Lacourba'\"<vivien@w3.org>\n"
        }
    ]
}