{
    "id": "candidate-0033",
    "name": "Glenn Adams",
    "gender": "MALE",
    "email": "gadams@xfsi.com",
    "mails": [
        {
            "body": "Glenn,On behalf of the DIWG, can I thank you and the TTWG for your careful consideration of our comments. You have covered all of the points we made with appropriate actions. We hope you found the exercise useful.Very best wishesRhys-----Original Message-----From: Glenn A. Adams [mailto:gadams@xfsi.com]Sent: 08 January 2004 18:06Subject: RE: DIWG Response to the Timed Text (TT) Authoring Format 1.0Use Cases and RequirementsDear DIWG,The TTWG has reviewed your comments on [1] and provides thefollowing responses (inserted inline below).[1] http://www.w3.org/TR/2003/WD-tt-af-1-0-req-20030915/We greatly appreciate your efforts to review and comment, andunderstand that this requires valuable resources to accomplish.Regards,Glenn Adams, Chair, for TTWG> From: Rhys Lewis <rhys.lewis@volantis.com>> Date: Thu, 20 Nov 2003 15:14:05 -0000> To: <public-tt@w3.org>> Cc: \"W3C DIWG (E-mail)\" <w3c-di-wg@w3.org>> 1) Section 1.2>> In section 1.2 System Model, the term Transcoding is used to> represent the tranformation between the timed text authoring fomat> and the distribution format. Transcoding is one particular> implementation that may be used during adaptation (definition at> http://www.w3.org/TR/di-gloss/#def-adaptation). Others include> selection among alternative representations. Indeed, selection within> the authoring format is considered explicitly in Requirement R207.> This is an important distinction. Transcoding essentially transforms> between different representations of the same information. This is> not always sufficient when dealing with devices with very different> capabilities. Issues for authors associated with supporting a wide> variety of devices are discussed in Authoring Challenges for Device> Independence (see http://www.w3.org/TR/acdi/).>> As the document under review is a set of use cases and requirements,> DIWG feels it would be appropriate to acknowledge that transcoding is> not the only transformation that might be applied to timed text. We> suggest that section 1.2 and Figure 1 be updated to include> alternative transformations as well as transcoding. It would probably> be sufficient to lablel one of the boxes in the figure as> Transformation rather than Transcoding. This would have the benefit> of making explicit in the figure the statement about use of the> proposed new format as a distribution format.We agree that the term \"transcoding\" is not sufficiently general, andwill change to \"transformation\" and \"transformed\" as appopriate. Thankyou for pointing out your glossary of terms.> 2) Requirement R109 Transformability>> Requirement R109, the list of legacy formats covers transformation to> legacy formats. DIWG feels that it might be useful to mention> adaptation in the context of this requirement. In addition, the list> of legacy formats to be supported appears to be informative but might> be read as normative. A normative list might be more appropriate for> a requirements document.As indicated by the Note under R109, the list is explicitlyinformative.  However, since we are not mandating that any of theseformats be normative targets of transformation, and to make it morelogically consistent, we will change \"shall be capable of beingtransformed into...\" to \"should be capable of being transformedinto...\".> 3) Use of XSL-FO>> The document makes heavy use of terminology from XSL and in> particular XSL-FO. It would be useful to add a statement about> whether the use of XSL-FO for styling has actually been assumed. If> there are no such assumptions, it would be useful to add some> reassurance that styling will be possible using other mechanisms,> particularly CSS. This is potentially important to manufacturers of> mobile devices, interactive television systems and other devices with> limited resources. The 'footprint' of software that such> manufacturers need to provide to support W3C recommendations is a> constant challenge given the restricted resources available to them.As is clear from the title and introduction of this document, theintended use of this work is as an authoring format, and not adistribution format. Although we do not exclude its use as a possibledistribution format, we have not made any special provisions for thisuse. As a consequence, your comment about use with limited resourcedevices is not expected to be relevant, since a transformation fromthe TT Authoring Format to a distribution format suitable for thetarget user agents is implied.Regarding use of XSL FO vocabulary, we have adopted this vocabularyin certain cases for the purpose of describing authorial intentionand presentation semantics. This usage does not imply that the samevocabulary must be used in a distribution format or will be visibleto user agents for some distribution format.  We believe that theXSL FO vocabulary we have adopted can be readily transformed intoXHTML + CSS or SVG in most cases, although some loss of generalityis to be expected to occur in such a transformation.Notwithstanding the above, if the DIWG is aware of any authorialrelated usage of the indicated subset of XSL FO vocabulary that wouldmake transformation into a distribution format impossible or difficult,then we would be interested to learn more details.> 4) Normative or Informative Lists>> Finally, DIWG also felt that would be helpful if appropriate> statements could be added defining whether or not the various sets of> enumerated values, for items such as styles, is intended to be> normative or informative. DIWG assumes that these are intended to be> normative.As is the policy in other W3C standards documents, unless it isexplicitly marked as informative, or appears in a note or an example,then it is normative. However, to make this clear, we will adda sentence in the introduction indicating this to be the case.**********************************************************************",
            "docno": "lists-023-1122969",
            "received": "Wed Jan 14 03:16:06 2004",
            "isoreceived": "20040114081606",
            "sent": "Wed, 14 Jan 2004 08:16:05 -0000",
            "isosent": "20040114081605",
            "name": "Rhys Lewis",
            "email": "rhys.lewis@volantis.com",
            "subject": "RE: DIWG Response to the Timed Text (TT) Authoring Format 1.0 Use Cases and Requirements",
            "id": "D18551A6C7EA6241B960D4909EB75DF5CE1AA6@squid.volantis-uk",
            "charset": "iso-8859-1",
            "inreplyto": "DIWG Response to the Timed Text (TT) Authoring Format 1.0 Use Cases and Requirements",
            "expires": "-1",
            "to": " W3C DIWG (E-mail); Rhys Lewis\n",
            "cc": " public-tt@w3.org\n"
        },
        {
            "body": "please ignore",
            "docno": "lists-023-0587449",
            "received": "Fri Apr 16 19:45:10 2004",
            "isoreceived": "20040416234510",
            "sent": "Fri, 16 Apr 2004 09:26:48 -0400",
            "isosent": "20040416132648",
            "name": "Glenn A. Adams",
            "email": "gadams@xfsi.com",
            "subject": "ing",
            "id": "7249D02C4D2DFD4D80F2E040E8CAF37C0B41E8@longxuyen.xfsi.com",
            "charset": "us-ascii",
            "expires": "-1",
            "to": "\"W3C TT Public\"<public-tt@w3.org>\n"
        },
        {
            "body": "Dear Thierrythanks for correcting me. Actually two of us looked at the page and none found the link. Luckly my search pointed me to the correct charter.BR- Guido-----Original Message-----From: ext Thierry MICHEL [mailto:tmichel@w3.org]Sent: Friday, January 09, 2004 1:09 PMpublic-tt@w3.orgSubject: RE : Comments on Working Draft \"Timed Text (TT) AuthoringFormat 1.0 Use Cases and Requirements\"Guido,The Timed-Text WG Charter is linked from the TT public home page in the\"Current public documents\" section.http://www.w3.org/AudioVideo/TT/The Timed-Text WG Charter is available athttp://www.w3.org/AudioVideo/TT/ttcharter20020901.htmlFor more visibility I have now added a new link to the charter on the TTpublic home pagehttp://www.w3.org/AudioVideo/TT/GroupHope tis helps,Thierry MICHELW3C/ERCIM> -----Message d'origine-----> De : public-tt-request@w3.org> [mailto:public-tt-request@w3.org] De la part de> guido.grassel@nokia.com> Envoy? : vendredi 9 janvier 2004 10:24> ? : gadams@xfsi.com; public-tt@w3.org> Cc : Art.Barstow@nokia.com> Objet : RE: Comments on Working Draft \"Timed Text (TT)> Authoring Format 1.0 Use Cases and Requirements\">>>>> Dear Glenn, dear TTWG members,>> Thank you for considering our comments and sending a detailed> response.>> GG 09-01: While reviewing your response I noticed that a> reference to the TTWG charter is missing. In fact, I can not> find it from the TTWG public Web pages either. Reference to> the charter is important because requirements need to reflect> what the TTWG has been chartered to produce. Searching the> W3C site I found a document at> http://www.w3.org/AudioVideo/TT/ttcharter20020901.html In the> following, I assume this doc is the charter of the TTWG. I> will refer to it as \"the charter\".>> Feedback to your disposition of comments below, marked as \"GG 09-01:\".>> BR> - Guido> -----Original Message-----> From: ext Glenn A. Adams [mailto:gadams@xfsi.com]> Sent: Thursday, January 08, 2004 8:10 PM> To: Grassel Guido (Nokia-NRC/Helsinki); Barstow Art (Nokia-TP/Boston)> Cc: public-tt@w3.org> Subject: RE: Comments on Working Draft \"Timed Text (TT)> Authoring Format> 1.0 Use Cases and Requirements\">>>> Dear Guido,>> The TTWG has reviewed your comments on [1] and provides the> following responses (inserted inline below).>> [1] http://www.w3.org/TR/2003/WD-tt-af-1-0-req-20030915/>> We greatly appreciate Nokia's efforts to review and comment, and> understand that this requires valuable resources to accomplish.>> Regards,> Glenn Adams, Chair, for TTWG>> > From: <guido.grassel@nokia.com>> > Date: Mon, 8 Dec 2003 14:41:28 +0200> > To: <public-tt@w3.org>> > Cc: <guido.grassel@nokia.com>, <Art.Barstow@nokia.com>>> > NOK-1: The TT AF should not duplicate functionality that can already> > be found from existing or upcoming W3C Recommendations. Instead it> > should adopt useful functionality from W3C languages such as SMIL,> > XHTML, SVG or CSS. We request adding such a requirement to section> > 4.1.>> We interpret this requirement as stating essentially the following:> \"don't invent something new [unless you have a good reason to do so],> and in case you don't invent, then adopt an existing W3C technology\".>> Although we view this as a very basic requirement under which we have> been operating, we have no objection to documenting it as such;> therfore, we will add a new general requirement to this effect.>> GG 09-01: OK>> > NOK-2: Use of the TT AF in combination with SVG and SMIL are very> > important and should be mentioned as a requirement. For instance, it> > should be possible to use the TT AF as a 'textstream' media> object in> > a SMIL presentation.>> The current work (and requirements) document focuses solely on the> specification and use of an authoring content format, and not a> distribution format.>> Since SMIL is effectively designed to work with distribution formats> for use by its media objects, we believe it is best to not explicitly> define such usage in the TT Authoring Format Requirements.> Nevertheless, we recognize the need for such a usage, and intend to> address that as possible future work of the TTWG. In this regard, we> would solicit Nokia's participation in helping define such a> distribution format.>> Note that the current requirements document does not exclude the> use of the authoring format as a distribution format; so, it would be> possible, though perhaps not desirable, to use the authoring format> directly as content referenced by a text media object in SMIL. Keep> in mind, however, that it is unlikely that the current authoring> format will be expressed in a format that is suitable for streaming,> particularly not suited for arbitrary stream entry points.>>> GG 09-01: The definition of the scope of the TTWG in the> charter reads (1st bullet): \"Develop a new Timed Text format> that integrates well with other W3C technologies.\". I think> this is a clear requirement to the TTAF. See also comments on NOK-3.>>>> > NOK-3: Use of the TT AF as a distribution format is insufficiently> > represented in use cases and in requirements. It appears that the TT> > AF is primarily intended as an authoring format that serves as input> > to a transcding process into a proprietary distribution format. Use> > of the TT AF as distribution format should be at least equally> > important as serving as an authoring format.>> Your observation is correct. And we do view a distribution format as> important as an authoring format. However, we do not agree that use of> the authoring format directly as a distribution format is desirable.> Further, we have determined that the group should take up the formal> definition of a distribution format only after we have completed an> authoring format.>> One of the primary requirements driving an authoring format is the> existence of many distribution formats, with none of these being> sufficient as an authoring format interchange standard. As a> consequence, our current focus is on satisfying this need rather than> adding one more item to the already large set of distribution formats.>> As a side-bar, we have already noted that SVG would be a reasonable> distribution format.>> GG 09-01: This plan to make two specifications does not> become clear to the reader of the reviewed requirements> document. Furthermore, the charter talks about specifying one> format not two.>> It is not clear to me why a TT format can not serve both> authoring and distribution formats. Why is TT different from> other Web technologies? The TT group should provide clear> evidence that specification of two formats has advantages> over the specification of one format.>> There are use cases where a person wants to first read a TT> document and modify (re-use) this content afterwards. This> use case can likely not be supported with separate authoring> and distribution formats. Person-to-person messaging in the> mobile domain, e.g. Multimedia Messaging (MMS) is one example> for this use case. As of today, the highest use of> synchronized multimedia and SMIL is in MMS.>> In summary, we disagree with the specification of two> separate formats, one for authoring and another one for> distribution, instead of one format that can serve both purposes.>> > NOK-4: A \"Basic\" language profile of the TT AF should also> be defined> > that is suitable for distribution to constraint embedded> devices such> > as mobile terminals. We request adding such a requirement to section> > 4.1.>> We have discussed the issue of defining profiles for the authoring> format and have determined that the axis for determination should be> around authorial usage scenarios, e.g., subtitling versus captioning,> visual presentation versus aural presentation (via text to speech),> and so on.>> When the TTWG does take up the definition of a distribution format,> then it is expected that device capabilities will be a determiner in> profiling the distribution format.>>> GG 09-01: A \"Basic\" profile is needed for a distribution format only.>>> > NOK-5 It must be possible to author TT documents in a device> > independent way. We request adding such a requirement to> section 4.1.>> Because we have focused on an authoring format rather than a> distribution format, the current approach is effectively device> independent, since we are expressing authorial intention and not> expressing device behavior. However, if you should have specific> ideas about some features being device dependent, then please> let us know.>>> GG 09-01: Disagree. A format expressing author intention is> not necessarily device independent. Author intentions are in> many cases highly device specific. Some authors only have one> specific (set of similar) devices) in mind when creating> their content. This is a situation the Web needs to get away from.>> Therefore, I encourage the TTWG to include this quite mild> requirement. A more stringent requirement on DI would be the> following: \"The format should only allow to author TT> documents that are device independent. The format should> prevent that authors from creating documents that dependent> on specific device properties.\">",
            "docno": "lists-023-0903043",
            "received": "Fri Jan  9 06:26:35 2004",
            "isoreceived": "20040109112635",
            "sent": "Fri, 9 Jan 2004 13:26:31 +0200",
            "isosent": "20040109112631",
            "name": "guido.grassel@nokia.com",
            "email": "guido.grassel@nokia.com",
            "subject": "RE: RE : Comments on Working Draft &quot;Timed Text (TT) Authoring Format 1.0 Use Cases and Requirements&quot;",
            "id": "1608B4661DA6D84C9503F2DF97184CDA02097CC1@esebe006.ntc.nokia.com",
            "charset": "iso-8859-1",
            "inreplyto": "RE : Comments on Working Draft &quot;Timed Text (TT) Authoring Format 1.0 Use Cases and Requirements&quot;",
            "expires": "-1",
            "to": " Grassel Guido (Nokia-NRC/Helsinki); gadams@xfsi.com;\n",
            "cc": " Barstow Art (Nokia-TP/Boston)\n"
        },
        {
            "body": "Dear DIWG,The TTWG has reviewed your comments on [1] and provides thefollowing responses (inserted inline below).[1] http://www.w3.org/TR/2003/WD-tt-af-1-0-req-20030915/We greatly appreciate your efforts to review and comment, andunderstand that this requires valuable resources to accomplish.Regards,Glenn Adams, Chair, for TTWG> From: Rhys Lewis <rhys.lewis@volantis.com>> Date: Thu, 20 Nov 2003 15:14:05 -0000> To: <public-tt@w3.org>> Cc: \"W3C DIWG (E-mail)\" <w3c-di-wg@w3.org>> 1) Section 1.2>> In section 1.2 System Model, the term Transcoding is used to> represent the tranformation between the timed text authoring fomat> and the distribution format. Transcoding is one particular> implementation that may be used during adaptation (definition at> http://www.w3.org/TR/di-gloss/#def-adaptation). Others include> selection among alternative representations. Indeed, selection within> the authoring format is considered explicitly in Requirement R207.> This is an important distinction. Transcoding essentially transforms> between different representations of the same information. This is> not always sufficient when dealing with devices with very different> capabilities. Issues for authors associated with supporting a wide> variety of devices are discussed in Authoring Challenges for Device> Independence (see http://www.w3.org/TR/acdi/).>> As the document under review is a set of use cases and requirements,> DIWG feels it would be appropriate to acknowledge that transcoding is> not the only transformation that might be applied to timed text. We> suggest that section 1.2 and Figure 1 be updated to include> alternative transformations as well as transcoding. It would probably> be sufficient to lablel one of the boxes in the figure as> Transformation rather than Transcoding. This would have the benefit> of making explicit in the figure the statement about use of the> proposed new format as a distribution format.We agree that the term \"transcoding\" is not sufficiently general, andwill change to \"transformation\" and \"transformed\" as appopriate. Thankyou for pointing out your glossary of terms.> 2) Requirement R109 Transformability>> Requirement R109, the list of legacy formats covers transformation to> legacy formats. DIWG feels that it might be useful to mention> adaptation in the context of this requirement. In addition, the list> of legacy formats to be supported appears to be informative but might> be read as normative. A normative list might be more appropriate for> a requirements document.As indicated by the Note under R109, the list is explicitlyinformative.  However, since we are not mandating that any of theseformats be normative targets of transformation, and to make it morelogically consistent, we will change \"shall be capable of beingtransformed into...\" to \"should be capable of being transformedinto...\".> 3) Use of XSL-FO>> The document makes heavy use of terminology from XSL and in> particular XSL-FO. It would be useful to add a statement about> whether the use of XSL-FO for styling has actually been assumed. If> there are no such assumptions, it would be useful to add some> reassurance that styling will be possible using other mechanisms,> particularly CSS. This is potentially important to manufacturers of> mobile devices, interactive television systems and other devices with> limited resources. The 'footprint' of software that such> manufacturers need to provide to support W3C recommendations is a> constant challenge given the restricted resources available to them.As is clear from the title and introduction of this document, theintended use of this work is as an authoring format, and not adistribution format. Although we do not exclude its use as a possibledistribution format, we have not made any special provisions for thisuse. As a consequence, your comment about use with limited resourcedevices is not expected to be relevant, since a transformation fromthe TT Authoring Format to a distribution format suitable for thetarget user agents is implied.Regarding use of XSL FO vocabulary, we have adopted this vocabularyin certain cases for the purpose of describing authorial intentionand presentation semantics. This usage does not imply that the samevocabulary must be used in a distribution format or will be visibleto user agents for some distribution format.  We believe that theXSL FO vocabulary we have adopted can be readily transformed intoXHTML + CSS or SVG in most cases, although some loss of generalityis to be expected to occur in such a transformation.Notwithstanding the above, if the DIWG is aware of any authorialrelated usage of the indicated subset of XSL FO vocabulary that wouldmake transformation into a distribution format impossible or difficult,then we would be interested to learn more details.> 4) Normative or Informative Lists>> Finally, DIWG also felt that would be helpful if appropriate> statements could be added defining whether or not the various sets of> enumerated values, for items such as styles, is intended to be> normative or informative. DIWG assumes that these are intended to be> normative.As is the policy in other W3C standards documents, unless it isexplicitly marked as informative, or appears in a note or an example,then it is normative. However, to make this clear, we will adda sentence in the introduction indicating this to be the case.**********************************************************************application/x-pkcs7-signature attachment: smime.p7s",
            "docno": "lists-023-0827454",
            "received": "Thu Jan  8 13:05:27 2004",
            "isoreceived": "20040108180527",
            "sent": "Thu, 8 Jan 2004 13:06:04 -0500",
            "isosent": "20040108180604",
            "name": "Glenn A. Adams",
            "email": "gadams@xfsi.com",
            "subject": "RE: DIWG Response to the Timed Text (TT) Authoring Format 1.0 Use Cases and Requirements",
            "id": "7249D02C4D2DFD4D80F2E040E8CAF37C09768A@longxuyen.xfsi.com",
            "charset": "iso-8859-1",
            "inreplyto": "DIWG Response to the Timed Text (TT) Authoring Format 1.0 Use Cases and Requirements",
            "expires": "-1",
            "to": "\"W3C DIWG (E-mail)\"<w3c-di-wg@w3.org>,\"Rhys Lewis\"<rhys.lewis@volantis.com>\n",
            "cc": "<public-tt@w3.org>\n"
        },
        {
            "body": "Dear Glenn, all,Please find attached the draft MPEG specification on timed text streams,provided within the W3C-MPEG liaison on this subject. The objective ofMPEG is to complete the specification in the forthcoming July meeting ofMPEG. Currently, the document is under ballot in MPEG. At the same time,review is taking place by 3GPP and IETF experts to further improve thespecification within the context of harmonization between MPEG, 3GPP andIETF. You may note that the specification already has a very high level ofcommonality with the work of Jose Rey et al in IETF, seedraft-rey-avt-3gpp-timed-text-02.txt. Input from your  timed text WG inW3C is of course very welcome as well.Best regards,Jan van der Meerapplication/zip attachment: w6214.zip",
            "docno": "lists-023-1424606",
            "received": "Mon Mar  8 07:30:51 2004",
            "isoreceived": "20040308123051",
            "sent": "Mon, 8 Mar 2004 13:28:41 +0100",
            "isosent": "20040308122841",
            "name": "jan.vandermeer@philips.com",
            "email": "jan.vandermeer@philips.com",
            "subject": "MPEG draft on timed text",
            "id": "OF1540A236.FB2AAF4C-ONC1256E51.0040181D-C1256E51.0044BA9A@philips.com",
            "charset": "us-ascii",
            "expires": "-1",
            "to": "\"Glenn A. Adams\"<gadams@xfsi.com>\n",
            "cc": "public-tt@w3.org,public-tt-request@w3.org\n"
        },
        {
            "body": "If you have any additional input on the Timed Text Authoring Format 1.0 UseCases and Requirement [1], we would like to hear about it by the start of ournext face-to-face meeting which will occur next week from Wed through Fri(02/04 - 02/06).We intend to wrap up our work on comments to this document at that meeting.Regards,Glenn Adams[1] http://www.w3.org/TR/tt-af-1-0-req/application/x-pkcs7-signature attachment: smime.p7s",
            "docno": "lists-023-1345419",
            "received": "Thu Jan 29 15:09:36 2004",
            "isoreceived": "20040129200936",
            "sent": "Thu, 29 Jan 2004 15:09:25 -0500",
            "isosent": "20040129200925",
            "name": "Glenn A. Adams",
            "email": "gadams@xfsi.com",
            "subject": "Soliciting Further Input on TT-AF-1-0-REQ",
            "id": "7249D02C4D2DFD4D80F2E040E8CAF37C097752@longxuyen.xfsi.com",
            "charset": "utf-8",
            "expires": "-1",
            "to": "<public-tt@w3.org>\n"
        },
        {
            "body": "Dear Guido,The TTWG has reviewed your comments on [1] and provides thefollowing responses (inserted inline below).[1] http://www.w3.org/TR/2003/WD-tt-af-1-0-req-20030915/We greatly appreciate Nokia's efforts to review and comment, andunderstand that this requires valuable resources to accomplish.Regards,Glenn Adams, Chair, for TTWG> From: <guido.grassel@nokia.com>> Date: Mon, 8 Dec 2003 14:41:28 +0200> To: <public-tt@w3.org>> Cc: <guido.grassel@nokia.com>, <Art.Barstow@nokia.com>> NOK-1: The TT AF should not duplicate functionality that can already> be found from existing or upcoming W3C Recommendations. Instead it> should adopt useful functionality from W3C languages such as SMIL,> XHTML, SVG or CSS. We request adding such a requirement to section> 4.1.We interpret this requirement as stating essentially the following:\"don't invent something new [unless you have a good reason to do so],and in case you don't invent, then adopt an existing W3C technology\".Although we view this as a very basic requirement under which we havebeen operating, we have no objection to documenting it as such;therfore, we will add a new general requirement to this effect.> NOK-2: Use of the TT AF in combination with SVG and SMIL are very> important and should be mentioned as a requirement. For instance, it> should be possible to use the TT AF as a 'textstream' media object in> a SMIL presentation.The current work (and requirements) document focuses solely on thespecification and use of an authoring content format, and not adistribution format.Since SMIL is effectively designed to work with distribution formatsfor use by its media objects, we believe it is best to not explicitlydefine such usage in the TT Authoring Format Requirements.Nevertheless, we recognize the need for such a usage, and intend toaddress that as possible future work of the TTWG. In this regard, wewould solicit Nokia's participation in helping define such adistribution format.Note that the current requirements document does not exclude theuse of the authoring format as a distribution format; so, it would bepossible, though perhaps not desirable, to use the authoring formatdirectly as content referenced by a text media object in SMIL. Keepin mind, however, that it is unlikely that the current authoringformat will be expressed in a format that is suitable for streaming,particularly not suited for arbitrary stream entry points.> NOK-3: Use of the TT AF as a distribution format is insufficiently> represented in use cases and in requirements. It appears that the TT> AF is primarily intended as an authoring format that serves as input> to a transcding process into a proprietary distribution format. Use> of the TT AF as distribution format should be at least equally> important as serving as an authoring format.Your observation is correct. And we do view a distribution format asimportant as an authoring format. However, we do not agree that use ofthe authoring format directly as a distribution format is desirable.Further, we have determined that the group should take up the formaldefinition of a distribution format only after we have completed anauthoring format.One of the primary requirements driving an authoring format is theexistence of many distribution formats, with none of these beingsufficient as an authoring format interchange standard. As aconsequence, our current focus is on satisfying this need rather thanadding one more item to the already large set of distribution formats.As a side-bar, we have already noted that SVG would be a reasonabledistribution format.> NOK-4: A \"Basic\" language profile of the TT AF should also be defined> that is suitable for distribution to constraint embedded devices such> as mobile terminals. We request adding such a requirement to section> 4.1.We have discussed the issue of defining profiles for the authoringformat and have determined that the axis for determination should bearound authorial usage scenarios, e.g., subtitling versus captioning,visual presentation versus aural presentation (via text to speech),and so on.When the TTWG does take up the definition of a distribution format,then it is expected that device capabilities will be a determiner inprofiling the distribution format.> NOK-5 It must be possible to author TT documents in a device> independent way. We request adding such a requirement to section 4.1.Because we have focused on an authoring format rather than adistribution format, the current approach is effectively deviceindependent, since we are expressing authorial intention and notexpressing device behavior. However, if you should have specificlet us know.**********************************************************************application/x-pkcs7-signature attachment: smime.p7s",
            "docno": "lists-023-0843129",
            "received": "Thu Jan  8 13:09:28 2004",
            "isoreceived": "20040108180928",
            "sent": "Thu, 8 Jan 2004 13:10:04 -0500",
            "isosent": "20040108181004",
            "name": "Glenn A. Adams",
            "email": "gadams@xfsi.com",
            "subject": "RE: Comments on Working Draft &quot;Timed Text (TT) Authoring Format 1.0 Use Cases and Requirements&quot;",
            "id": "eas about some features being device dependent, then please",
            "charset": "iso-8859-1",
            "inreplyto": "Comments on Working Draft &quot;Timed Text (TT) Authoring Format 1.0 Use Cases and Requirements&quot;",
            "expires": "-1",
            "to": "<guido.grassel@nokia.com>,<Art.Barstow@nokia.com>\n",
            "cc": "<public-tt@w3.org>\n"
        },
        {
            "body": "FYI.> -----Original Message-----> From: Gerry Field [mailto:gerry_field@wgbh.org]> Sent: Thursday, March 18, 2004 11:45 AM> To: Is-Ccwg (E-mail); is@list.atsc.org> Subject: [ATSC-IS] Call for Info - NAB>> NCAM will be hosting a \"DTV Accessibility Info Center\" at NAB> this year, as> part of the DTV Drafthouse area in the South Hall lobby.>> We're gathering information on products and services related to closed> captioning and video description with the intention of> providing a resource> list and 'vendor map'.>> Please contact me directly, off-list, if your company has> information you> would like listed.>> Thanks in advance.> Gerry> <gerry_field@wgbh.org>>>> ______________________________________> Gerry Field> Manager, DTV Access Project> CPB/WGBH National Center for Accessible Media (NCAM)> 125 Western Avenue> Boston MA 02134> Tel/Fax: 617.300.3496> Mobile: 617.470.4575> Web: http://www.dtvaccess.org> Email: gerry_field@wgbh.org> ______________________________________> WGBH Boston is America's preeminent public broadcasting> producer. More than> one-third of PBS's prime-time lineup and companion Web> content as well as> many public radio favorites are produced by WGBH. The station> also is a> pioneer in educational multimedia and in access technologies> for people with> disabilities. For more information visit www.wgbh.org>>> Notice: By remaining on this email reflector, you agree that> you and your organization will abide by ATSC rules regarding> non-disclosure of information exchanged on ATSC email reflectors.>application/x-pkcs7-signature attachment: smime.p7s",
            "docno": "lists-023-1635249",
            "received": "Tue Mar 23 19:35:28 2004",
            "isoreceived": "20040324003528",
            "sent": "Tue, 23 Mar 2004 19:31:16 -0500",
            "isosent": "20040324003116",
            "name": "Glenn A. Adams",
            "email": "gadams@xfsi.com",
            "subject": "FW: [ATSC-IS] Call for Info - NAB",
            "id": "7249D02C4D2DFD4D80F2E040E8CAF37C0B402C@longxuyen.xfsi.com",
            "charset": "iso-8859-1",
            "inreplyto": "[ATSC-IS] Call for Info - NAB",
            "expires": "-1",
            "to": "<public-tt@w3.org>\n"
        },
        {
            "body": "Dear Glenn, dear TTWG members,Thank you for considering our comments and sending a detailed response.GG 09-01: While reviewing your response I noticed that a reference to the TTWG charter is missing. In fact, I can not find it from the TTWG public Web pages either. Reference to the charter is important because requirements need to reflect what the TTWG has been chartered to produce. Searching the W3C site I found a document at http://www.w3.org/AudioVideo/TT/ttcharter20020901.html In the following, I assume this doc is the charter of the TTWG. I will refer to it as \"the charter\".Feedback to your disposition of comments below, marked as \"GG 09-01:\".BR- Guido-----Original Message-----From: ext Glenn A. Adams [mailto:gadams@xfsi.com]Sent: Thursday, January 08, 2004 8:10 PMSubject: RE: Comments on Working Draft \"Timed Text (TT) Authoring Format1.0 Use Cases and Requirements\"Dear Guido,The TTWG has reviewed your comments on [1] and provides thefollowing responses (inserted inline below).[1] http://www.w3.org/TR/2003/WD-tt-af-1-0-req-20030915/We greatly appreciate Nokia's efforts to review and comment, andunderstand that this requires valuable resources to accomplish.Regards,Glenn Adams, Chair, for TTWG> From: <guido.grassel@nokia.com>> Date: Mon, 8 Dec 2003 14:41:28 +0200> To: <public-tt@w3.org>> Cc: <guido.grassel@nokia.com>, <Art.Barstow@nokia.com>> NOK-1: The TT AF should not duplicate functionality that can already> be found from existing or upcoming W3C Recommendations. Instead it> should adopt useful functionality from W3C languages such as SMIL,> XHTML, SVG or CSS. We request adding such a requirement to section> 4.1.We interpret this requirement as stating essentially the following:\"don't invent something new [unless you have a good reason to do so],and in case you don't invent, then adopt an existing W3C technology\".Although we view this as a very basic requirement under which we havebeen operating, we have no objection to documenting it as such;therfore, we will add a new general requirement to this effect.GG 09-01: OK> NOK-2: Use of the TT AF in combination with SVG and SMIL are very> important and should be mentioned as a requirement. For instance, it> should be possible to use the TT AF as a 'textstream' media object in> a SMIL presentation.The current work (and requirements) document focuses solely on thespecification and use of an authoring content format, and not adistribution format.Since SMIL is effectively designed to work with distribution formatsfor use by its media objects, we believe it is best to not explicitlydefine such usage in the TT Authoring Format Requirements.Nevertheless, we recognize the need for such a usage, and intend toaddress that as possible future work of the TTWG. In this regard, wewould solicit Nokia's participation in helping define such adistribution format.Note that the current requirements document does not exclude theuse of the authoring format as a distribution format; so, it would bepossible, though perhaps not desirable, to use the authoring formatdirectly as content referenced by a text media object in SMIL. Keepin mind, however, that it is unlikely that the current authoringformat will be expressed in a format that is suitable for streaming,particularly not suited for arbitrary stream entry points.GG 09-01: The definition of the scope of the TTWG in the charter reads (1st bullet): \"Develop a new Timed Text format that integrates well with other W3C technologies.\". I think this is a clear requirement to the TTAF. See also comments on NOK-3.> NOK-3: Use of the TT AF as a distribution format is insufficiently> represented in use cases and in requirements. It appears that the TT> AF is primarily intended as an authoring format that serves as input> to a transcding process into a proprietary distribution format. Use> of the TT AF as distribution format should be at least equally> important as serving as an authoring format.Your observation is correct. And we do view a distribution format asimportant as an authoring format. However, we do not agree that use ofthe authoring format directly as a distribution format is desirable.Further, we have determined that the group should take up the formaldefinition of a distribution format only after we have completed anauthoring format.One of the primary requirements driving an authoring format is theexistence of many distribution formats, with none of these beingsufficient as an authoring format interchange standard. As aconsequence, our current focus is on satisfying this need rather thanadding one more item to the already large set of distribution formats.As a side-bar, we have already noted that SVG would be a reasonabledistribution format.GG 09-01: This plan to make two specifications does not become clear to the reader of the reviewed requirements document. Furthermore, the charter talks about specifying one format not two.It is not clear to me why a TT format can not serve both authoring and distribution formats. Why is TT different from other Web technologies? The TT group should provide clear evidence that specification of two formats has advantages over the specification of one format.There are use cases where a person wants to first read a TT document and modify (re-use) this content afterwards. This use case can likely not be supported with separate authoring and distribution formats. Person-to-person messaging in the mobile domain, e.g. Multimedia Messaging (MMS) is one example for this use case. As of today, the highest use of synchronized multimedia and SMIL is in MMS.In summary, we disagree with the specification of two separate formats, one for authoring and another one for distribution, instead of one format that can serve both purposes.> NOK-4: A \"Basic\" language profile of the TT AF should also be defined> that is suitable for distribution to constraint embedded devices such> as mobile terminals. We request adding such a requirement to section> 4.1.We have discussed the issue of defining profiles for the authoringformat and have determined that the axis for determination should bearound authorial usage scenarios, e.g., subtitling versus captioning,visual presentation versus aural presentation (via text to speech),and so on.When the TTWG does take up the definition of a distribution format,then it is expected that device capabilities will be a determiner inprofiling the distribution format.GG 09-01: A \"Basic\" profile is needed for a distribution format only.> NOK-5 It must be possible to author TT documents in a device> independent way. We request adding such a requirement to section 4.1.Because we have focused on an authoring format rather than adistribution format, the current approach is effectively deviceindependent, since we are expressing authorial intention and notexpressing device behavior. However, if you should have specificlet us know.GG 09-01: Disagree. A format expressing author intention is not necessarily device independent. Author intentions are in many cases highly device specific. Some authors only have one specific (set of similar) devices) in mind when creating their content. This is a situation the Web needs to get away from.Therefore, I encourage the TTWG to include this quite mild requirement. A more stringent requirement on DI would be the following: \"The format should only allow to author TT documents that are device independent. The format should prevent that authors from creating documents that dependent on specific device properties.\"",
            "docno": "lists-023-0859291",
            "received": "Fri Jan  9 04:24:10 2004",
            "isoreceived": "20040109092410",
            "sent": "Fri, 9 Jan 2004 11:24:06 +0200",
            "isosent": "20040109092406",
            "name": "guido.grassel@nokia.com",
            "email": "guido.grassel@nokia.com",
            "subject": "RE: Comments on Working Draft &quot;Timed Text (TT) Authoring Format 1.0 Use Cases and Requirements&quot;",
            "id": "eas about some features being device dependent, then please",
            "charset": "iso-8859-1",
            "inreplyto": "Comments on Working Draft &quot;Timed Text (TT) Authoring Format 1.0 Use Cases and Requirements&quot;",
            "expires": "-1",
            "to": " Grassel Guido (Nokia-NRC/Helsinki); Barstow Art (Nokia-TP/Boston)\n",
            "cc": " public-tt@w3.org\n"
        },
        {
            "body": "Dear Guido,Thanks for your further comments.Regarding your follow-on comments to our respones, I will ensurethey are more fully discussed, however I expect the response tobe something as follows:GG-09-01 #1: On integration with W3C TechnologiesConsider adding requirement that explicitly indicates that ifTT-AF-1-0 is used as a distribution format, then it should becapable of being referenced as a SMIL text media object (butnot necessarily textstream media object).GG-09-01 #2: On Common Authoring and Distribution FormatsRespectfully disagree. Current consensus of group is to defineauthoring format first in order to support transformability toexisting distribution formats. Current text does not precludeuse of TT-AF as a simple, non-streaming distribution format.GG-09-01 #3: On Basic ProfileThis *may* be possible, but may end up being not very useful.If defined, I would anticipate such a profile to be extremelygeneral, such as: \"TT-AF Basic Profile includes the following:text content, timing, and style information. The conformancerequirements on content are as follows: (1) if author wishesto include text content, then he should do so; (2) if authorwishes to include timing information, then he should do so;(3) if author wishes to include style information, then heshould do so. The conformance requirements on processing are:don't throw away information unless you intend to do so.\"Get the idea... Such a profile would not make statements aboutwhat facilities should or should not be supported in a user agent.GG-09-01 #4: On Disallowing Device DependenceRespectfully disagree. If an author's intention is to makecontent device depenedent, e.g., to predetermine availablegeometries in order to precompute line breaks, then theauthor should be able to do so.********************The above should be considered my personal opinion at this timeuntil further corroborated by the TTWG.I would welcome more direct involvement by Nokia in the consensusprocess of the TTWG. The work and outcome of the TTWG, like otherW3C WGs, is effectively based on volunteer activity by its members.The extent of volunteerism serves as a limiting factor on whatrequirements a WG will commit to accomplish. In the case ofTT-AF-1-0 requirements as presently documented, I believe there issufficient commitment by members to accomplish this work. However,I believe there is NOT sufficient commitment to accomplish thiswork AND the possible work of defining a distribution formatIN PARALLEL. That is why the TTWG has decided to defer the workof defining a distribution format. We are following a tried andtrue principle of engineering: piece-wise refinement.Regards,Glenn> -----Original Message-----> From: guido.grassel@nokia.com [mailto:guido.grassel@nokia.com]> Sent: Friday, January 09, 2004 4:24 AM> To: Glenn A. Adams; public-tt@w3.org> Cc: Art.Barstow@nokia.com> Subject: RE: Comments on Working Draft \"Timed Text (TT)> Authoring Format 1.0 Use Cases and Requirements\">>> Dear Glenn, dear TTWG members,>> Thank you for considering our comments and sending a detailed> response.>> GG 09-01: While reviewing your response I noticed that a> reference to the TTWG charter is missing. In fact, I can not> find it from the TTWG public Web pages either. Reference to> the charter is important because requirements need to reflect> what the TTWG has been chartered to produce. Searching the> W3C site I found a document at> http://www.w3.org/AudioVideo/TT/ttcharter20020901.html In the> following, I assume this doc is the charter of the TTWG. I> will refer to it as \"the charter\".>> Feedback to your disposition of comments below, marked as \"GG 09-01:\".>> BR> - Guido> -----Original Message-----> From: ext Glenn A. Adams [mailto:gadams@xfsi.com]> Sent: Thursday, January 08, 2004 8:10 PM> To: Grassel Guido (Nokia-NRC/Helsinki); Barstow Art (Nokia-TP/Boston)> Cc: public-tt@w3.org> Subject: RE: Comments on Working Draft \"Timed Text (TT)> Authoring Format> 1.0 Use Cases and Requirements\">>>> Dear Guido,>> The TTWG has reviewed your comments on [1] and provides the> following responses (inserted inline below).>> [1] http://www.w3.org/TR/2003/WD-tt-af-1-0-req-20030915/>> We greatly appreciate Nokia's efforts to review and comment, and> understand that this requires valuable resources to accomplish.>> Regards,> Glenn Adams, Chair, for TTWG>> > From: <guido.grassel@nokia.com>> > Date: Mon, 8 Dec 2003 14:41:28 +0200> > To: <public-tt@w3.org>> > Cc: <guido.grassel@nokia.com>, <Art.Barstow@nokia.com>>> > NOK-1: The TT AF should not duplicate functionality that can already> > be found from existing or upcoming W3C Recommendations. Instead it> > should adopt useful functionality from W3C languages such as SMIL,> > XHTML, SVG or CSS. We request adding such a requirement to section> > 4.1.>> We interpret this requirement as stating essentially the following:> \"don't invent something new [unless you have a good reason to do so],> and in case you don't invent, then adopt an existing W3C technology\".>> Although we view this as a very basic requirement under which we have> been operating, we have no objection to documenting it as such;> therfore, we will add a new general requirement to this effect.>> GG 09-01: OK>> > NOK-2: Use of the TT AF in combination with SVG and SMIL are very> > important and should be mentioned as a requirement. For instance, it> > should be possible to use the TT AF as a 'textstream' media> object in> > a SMIL presentation.>> The current work (and requirements) document focuses solely on the> specification and use of an authoring content format, and not a> distribution format.>> Since SMIL is effectively designed to work with distribution formats> for use by its media objects, we believe it is best to not explicitly> define such usage in the TT Authoring Format Requirements.> Nevertheless, we recognize the need for such a usage, and intend to> address that as possible future work of the TTWG. In this regard, we> would solicit Nokia's participation in helping define such a> distribution format.>> Note that the current requirements document does not exclude the> use of the authoring format as a distribution format; so, it would be> possible, though perhaps not desirable, to use the authoring format> directly as content referenced by a text media object in SMIL. Keep> in mind, however, that it is unlikely that the current authoring> format will be expressed in a format that is suitable for streaming,> particularly not suited for arbitrary stream entry points.>>> GG 09-01: The definition of the scope of the TTWG in the> charter reads (1st bullet): \"Develop a new Timed Text format> that integrates well with other W3C technologies.\". I think> this is a clear requirement to the TTAF. See also comments on NOK-3.>>>> > NOK-3: Use of the TT AF as a distribution format is insufficiently> > represented in use cases and in requirements. It appears that the TT> > AF is primarily intended as an authoring format that serves as input> > to a transcding process into a proprietary distribution format. Use> > of the TT AF as distribution format should be at least equally> > important as serving as an authoring format.>> Your observation is correct. And we do view a distribution format as> important as an authoring format. However, we do not agree that use of> the authoring format directly as a distribution format is desirable.> Further, we have determined that the group should take up the formal> definition of a distribution format only after we have completed an> authoring format.>> One of the primary requirements driving an authoring format is the> existence of many distribution formats, with none of these being> sufficient as an authoring format interchange standard. As a> consequence, our current focus is on satisfying this need rather than> adding one more item to the already large set of distribution formats.>> As a side-bar, we have already noted that SVG would be a reasonable> distribution format.>> GG 09-01: This plan to make two specifications does not> become clear to the reader of the reviewed requirements> document. Furthermore, the charter talks about specifying one> format not two.>> It is not clear to me why a TT format can not serve both> authoring and distribution formats. Why is TT different from> other Web technologies? The TT group should provide clear> evidence that specification of two formats has advantages> over the specification of one format.>> There are use cases where a person wants to first read a TT> document and modify (re-use) this content afterwards. This> use case can likely not be supported with separate authoring> and distribution formats. Person-to-person messaging in the> mobile domain, e.g. Multimedia Messaging (MMS) is one example> for this use case. As of today, the highest use of> synchronized multimedia and SMIL is in MMS.>> In summary, we disagree with the specification of two> separate formats, one for authoring and another one for> distribution, instead of one format that can serve both purposes.>> > NOK-4: A \"Basic\" language profile of the TT AF should also> be defined> > that is suitable for distribution to constraint embedded> devices such> > as mobile terminals. We request adding such a requirement to section> > 4.1.>> We have discussed the issue of defining profiles for the authoring> format and have determined that the axis for determination should be> around authorial usage scenarios, e.g., subtitling versus captioning,> visual presentation versus aural presentation (via text to speech),> and so on.>> When the TTWG does take up the definition of a distribution format,> then it is expected that device capabilities will be a determiner in> profiling the distribution format.>>> GG 09-01: A \"Basic\" profile is needed for a distribution format only.>>> > NOK-5 It must be possible to author TT documents in a device> > independent way. We request adding such a requirement to> section 4.1.>> Because we have focused on an authoring format rather than a> distribution format, the current approach is effectively device> independent, since we are expressing authorial intention and not> expressing device behavior. However, if you should have specific> ideas about some features being device dependent, then please> let us know.>>> GG 09-01: Disagree. A format expressing author intention is> not necessarily device independent. Author intentions are in> many cases highly device specific. Some authors only have one> specific (set of similar) devices) in mind when creating> their content. This is a situation the Web needs to get away from.>> Therefore, I encourage the TTWG to include this quite mild> requirement. A more stringent requirement on DI would be the> following: \"The format should only allow to author TT> documents that are device independent. The format should> prevent that authors from creating documents that dependent> on specific device properties.\">>application/x-pkcs7-signature attachment: smime.p7s",
            "docno": "lists-023-1015890",
            "received": "Fri Jan  9 12:01:53 2004",
            "isoreceived": "20040109170153",
            "sent": "Fri, 9 Jan 2004 12:02:30 -0500",
            "isosent": "20040109170230",
            "name": "Glenn A. Adams",
            "email": "gadams@xfsi.com",
            "subject": "RE: Comments on Working Draft &quot;Timed Text (TT) Authoring Format 1.0 Use Cases and Requirements&quot;",
            "id": "7249D02C4D2DFD4D80F2E040E8CAF37C09769E@longxuyen.xfsi.com",
            "charset": "iso-8859-1",
            "inreplyto": "Comments on Working Draft &quot;Timed Text (TT) Authoring Format 1.0 Use Cases and Requirements&quot;",
            "expires": "-1",
            "to": "<guido.grassel@nokia.com>\n",
            "cc": "<Art.Barstow@nokia.com>,<public-tt@w3.org>\n"
        },
        {
            "body": "Guido,The Timed-Text WG Charter is linked from the TT public home page in the\"Current public documents\" section.http://www.w3.org/AudioVideo/TT/The Timed-Text WG Charter is available athttp://www.w3.org/AudioVideo/TT/ttcharter20020901.htmlFor more visibility I have now added a new link to the charter on the TTpublic home pagehttp://www.w3.org/AudioVideo/TT/GroupHope tis helps,Thierry MICHELW3C/ERCIM> -----Message d'origine-----> De : public-tt-request@w3.org> [mailto:public-tt-request@w3.org] De la part de> guido.grassel@nokia.com> Envoy? : vendredi 9 janvier 2004 10:24> ? : gadams@xfsi.com; public-tt@w3.org> Cc : Art.Barstow@nokia.com> Objet : RE: Comments on Working Draft \"Timed Text (TT)> Authoring Format 1.0 Use Cases and Requirements\">>>>> Dear Glenn, dear TTWG members,>> Thank you for considering our comments and sending a detailed> response.>> GG 09-01: While reviewing your response I noticed that a> reference to the TTWG charter is missing. In fact, I can not> find it from the TTWG public Web pages either. Reference to> the charter is important because requirements need to reflect> what the TTWG has been chartered to produce. Searching the> W3C site I found a document at> http://www.w3.org/AudioVideo/TT/ttcharter20020901.html In the> following, I assume this doc is the charter of the TTWG. I> will refer to it as \"the charter\".>> Feedback to your disposition of comments below, marked as \"GG 09-01:\".>> BR> - Guido> -----Original Message-----> From: ext Glenn A. Adams [mailto:gadams@xfsi.com]> Sent: Thursday, January 08, 2004 8:10 PM> To: Grassel Guido (Nokia-NRC/Helsinki); Barstow Art (Nokia-TP/Boston)> Cc: public-tt@w3.org> Subject: RE: Comments on Working Draft \"Timed Text (TT)> Authoring Format> 1.0 Use Cases and Requirements\">>>> Dear Guido,>> The TTWG has reviewed your comments on [1] and provides the> following responses (inserted inline below).>> [1] http://www.w3.org/TR/2003/WD-tt-af-1-0-req-20030915/>> We greatly appreciate Nokia's efforts to review and comment, and> understand that this requires valuable resources to accomplish.>> Regards,> Glenn Adams, Chair, for TTWG>> > From: <guido.grassel@nokia.com>> > Date: Mon, 8 Dec 2003 14:41:28 +0200> > To: <public-tt@w3.org>> > Cc: <guido.grassel@nokia.com>, <Art.Barstow@nokia.com>>> > NOK-1: The TT AF should not duplicate functionality that can already> > be found from existing or upcoming W3C Recommendations. Instead it> > should adopt useful functionality from W3C languages such as SMIL,> > XHTML, SVG or CSS. We request adding such a requirement to section> > 4.1.>> We interpret this requirement as stating essentially the following:> \"don't invent something new [unless you have a good reason to do so],> and in case you don't invent, then adopt an existing W3C technology\".>> Although we view this as a very basic requirement under which we have> been operating, we have no objection to documenting it as such;> therfore, we will add a new general requirement to this effect.>> GG 09-01: OK>> > NOK-2: Use of the TT AF in combination with SVG and SMIL are very> > important and should be mentioned as a requirement. For instance, it> > should be possible to use the TT AF as a 'textstream' media> object in> > a SMIL presentation.>> The current work (and requirements) document focuses solely on the> specification and use of an authoring content format, and not a> distribution format.>> Since SMIL is effectively designed to work with distribution formats> for use by its media objects, we believe it is best to not explicitly> define such usage in the TT Authoring Format Requirements.> Nevertheless, we recognize the need for such a usage, and intend to> address that as possible future work of the TTWG. In this regard, we> would solicit Nokia's participation in helping define such a> distribution format.>> Note that the current requirements document does not exclude the> use of the authoring format as a distribution format; so, it would be> possible, though perhaps not desirable, to use the authoring format> directly as content referenced by a text media object in SMIL. Keep> in mind, however, that it is unlikely that the current authoring> format will be expressed in a format that is suitable for streaming,> particularly not suited for arbitrary stream entry points.>>> GG 09-01: The definition of the scope of the TTWG in the> charter reads (1st bullet): \"Develop a new Timed Text format> that integrates well with other W3C technologies.\". I think> this is a clear requirement to the TTAF. See also comments on NOK-3.>>>> > NOK-3: Use of the TT AF as a distribution format is insufficiently> > represented in use cases and in requirements. It appears that the TT> > AF is primarily intended as an authoring format that serves as input> > to a transcding process into a proprietary distribution format. Use> > of the TT AF as distribution format should be at least equally> > important as serving as an authoring format.>> Your observation is correct. And we do view a distribution format as> important as an authoring format. However, we do not agree that use of> the authoring format directly as a distribution format is desirable.> Further, we have determined that the group should take up the formal> definition of a distribution format only after we have completed an> authoring format.>> One of the primary requirements driving an authoring format is the> existence of many distribution formats, with none of these being> sufficient as an authoring format interchange standard. As a> consequence, our current focus is on satisfying this need rather than> adding one more item to the already large set of distribution formats.>> As a side-bar, we have already noted that SVG would be a reasonable> distribution format.>> GG 09-01: This plan to make two specifications does not> become clear to the reader of the reviewed requirements> document. Furthermore, the charter talks about specifying one> format not two.>> It is not clear to me why a TT format can not serve both> authoring and distribution formats. Why is TT different from> other Web technologies? The TT group should provide clear> evidence that specification of two formats has advantages> over the specification of one format.>> There are use cases where a person wants to first read a TT> document and modify (re-use) this content afterwards. This> use case can likely not be supported with separate authoring> and distribution formats. Person-to-person messaging in the> mobile domain, e.g. Multimedia Messaging (MMS) is one example> for this use case. As of today, the highest use of> synchronized multimedia and SMIL is in MMS.>> In summary, we disagree with the specification of two> separate formats, one for authoring and another one for> distribution, instead of one format that can serve both purposes.>> > NOK-4: A \"Basic\" language profile of the TT AF should also> be defined> > that is suitable for distribution to constraint embedded> devices such> > as mobile terminals. We request adding such a requirement to section> > 4.1.>> We have discussed the issue of defining profiles for the authoring> format and have determined that the axis for determination should be> around authorial usage scenarios, e.g., subtitling versus captioning,> visual presentation versus aural presentation (via text to speech),> and so on.>> When the TTWG does take up the definition of a distribution format,> then it is expected that device capabilities will be a determiner in> profiling the distribution format.>>> GG 09-01: A \"Basic\" profile is needed for a distribution format only.>>> > NOK-5 It must be possible to author TT documents in a device> > independent way. We request adding such a requirement to> section 4.1.>> Because we have focused on an authoring format rather than a> distribution format, the current approach is effectively device> independent, since we are expressing authorial intention and not> expressing device behavior. However, if you should have specific> ideas about some features being device dependent, then please> let us know.>>> GG 09-01: Disagree. A format expressing author intention is> not necessarily device independent. Author intentions are in> many cases highly device specific. Some authors only have one> specific (set of similar) devices) in mind when creating> their content. This is a situation the Web needs to get away from.>> Therefore, I encourage the TTWG to include this quite mild> requirement. A more stringent requirement on DI would be the> following: \"The format should only allow to author TT> documents that are device independent. The format should> prevent that authors from creating documents that dependent> on specific device properties.\">",
            "docno": "lists-023-0879223",
            "received": "Fri Jan  9 06:09:09 2004",
            "isoreceived": "20040109110909",
            "sent": "Fri, 9 Jan 2004 12:08:59 +0100",
            "isosent": "20040109110859",
            "name": "Thierry MICHEL",
            "email": "tmichel@w3.org",
            "subject": "RE : Comments on Working Draft &quot;Timed Text (TT) Authoring Format 1.0 Use Cases and Requirements&quot;",
            "id": "022801c3d6a0$fd0fac00$0200a8c0@wistiti",
            "charset": "iso-8859-1",
            "inreplyto": "1608B4661DA6D84C9503F2DF97184CDA02097CBD&#64;esebe006.ntc.nokia.com",
            "expires": "-1",
            "to": "<guido.grassel@nokia.com>,<gadams@xfsi.com>,<public-tt@w3.org>\n",
            "cc": "<Art.Barstow@nokia.com>\n"
        },
        {
            "body": "Thanks for your additional comment. I will ensure there is alink to the group's charter in the requirements document.Regards,Glenn> -----Original Message-----> From: guido.grassel@nokia.com [mailto:guido.grassel@nokia.com]> Sent: Friday, January 09, 2004 4:24 AM> To: Glenn A. Adams; public-tt@w3.org> Cc: Art.Barstow@nokia.com> Subject: RE: Comments on Working Draft \"Timed Text (TT)> Authoring Format 1.0 Use Cases and Requirements\">>> Dear Glenn, dear TTWG members,>> Thank you for considering our comments and sending a detailed> response.>> GG 09-01: While reviewing your response I noticed that a> reference to the TTWG charter is missing. In fact, I can not> find it from the TTWG public Web pages either. Reference to> the charter is important because requirements need to reflect> what the TTWG has been chartered to produce. Searching the> W3C site I found a document at> http://www.w3.org/AudioVideo/TT/ttcharter20020901.html In the> following, I assume this doc is the charter of the TTWG. I> will refer to it as \"the charter\".>> Feedback to your disposition of comments below, marked as \"GG 09-01:\".>> BR> - Guido> -----Original Message-----> From: ext Glenn A. Adams [mailto:gadams@xfsi.com]> Sent: Thursday, January 08, 2004 8:10 PM> To: Grassel Guido (Nokia-NRC/Helsinki); Barstow Art (Nokia-TP/Boston)> Cc: public-tt@w3.org> Subject: RE: Comments on Working Draft \"Timed Text (TT)> Authoring Format> 1.0 Use Cases and Requirements\">>>> Dear Guido,>> The TTWG has reviewed your comments on [1] and provides the> following responses (inserted inline below).>> [1] http://www.w3.org/TR/2003/WD-tt-af-1-0-req-20030915/>> We greatly appreciate Nokia's efforts to review and comment, and> understand that this requires valuable resources to accomplish.>> Regards,> Glenn Adams, Chair, for TTWG>> > From: <guido.grassel@nokia.com>> > Date: Mon, 8 Dec 2003 14:41:28 +0200> > To: <public-tt@w3.org>> > Cc: <guido.grassel@nokia.com>, <Art.Barstow@nokia.com>>> > NOK-1: The TT AF should not duplicate functionality that can already> > be found from existing or upcoming W3C Recommendations. Instead it> > should adopt useful functionality from W3C languages such as SMIL,> > XHTML, SVG or CSS. We request adding such a requirement to section> > 4.1.>> We interpret this requirement as stating essentially the following:> \"don't invent something new [unless you have a good reason to do so],> and in case you don't invent, then adopt an existing W3C technology\".>> Although we view this as a very basic requirement under which we have> been operating, we have no objection to documenting it as such;> therfore, we will add a new general requirement to this effect.>> GG 09-01: OK>> > NOK-2: Use of the TT AF in combination with SVG and SMIL are very> > important and should be mentioned as a requirement. For instance, it> > should be possible to use the TT AF as a 'textstream' media> object in> > a SMIL presentation.>> The current work (and requirements) document focuses solely on the> specification and use of an authoring content format, and not a> distribution format.>> Since SMIL is effectively designed to work with distribution formats> for use by its media objects, we believe it is best to not explicitly> define such usage in the TT Authoring Format Requirements.> Nevertheless, we recognize the need for such a usage, and intend to> address that as possible future work of the TTWG. In this regard, we> would solicit Nokia's participation in helping define such a> distribution format.>> Note that the current requirements document does not exclude the> use of the authoring format as a distribution format; so, it would be> possible, though perhaps not desirable, to use the authoring format> directly as content referenced by a text media object in SMIL. Keep> in mind, however, that it is unlikely that the current authoring> format will be expressed in a format that is suitable for streaming,> particularly not suited for arbitrary stream entry points.>>> GG 09-01: The definition of the scope of the TTWG in the> charter reads (1st bullet): \"Develop a new Timed Text format> that integrates well with other W3C technologies.\". I think> this is a clear requirement to the TTAF. See also comments on NOK-3.>>>> > NOK-3: Use of the TT AF as a distribution format is insufficiently> > represented in use cases and in requirements. It appears that the TT> > AF is primarily intended as an authoring format that serves as input> > to a transcding process into a proprietary distribution format. Use> > of the TT AF as distribution format should be at least equally> > important as serving as an authoring format.>> Your observation is correct. And we do view a distribution format as> important as an authoring format. However, we do not agree that use of> the authoring format directly as a distribution format is desirable.> Further, we have determined that the group should take up the formal> definition of a distribution format only after we have completed an> authoring format.>> One of the primary requirements driving an authoring format is the> existence of many distribution formats, with none of these being> sufficient as an authoring format interchange standard. As a> consequence, our current focus is on satisfying this need rather than> adding one more item to the already large set of distribution formats.>> As a side-bar, we have already noted that SVG would be a reasonable> distribution format.>> GG 09-01: This plan to make two specifications does not> become clear to the reader of the reviewed requirements> document. Furthermore, the charter talks about specifying one> format not two.>> It is not clear to me why a TT format can not serve both> authoring and distribution formats. Why is TT different from> other Web technologies? The TT group should provide clear> evidence that specification of two formats has advantages> over the specification of one format.>> There are use cases where a person wants to first read a TT> document and modify (re-use) this content afterwards. This> use case can likely not be supported with separate authoring> and distribution formats. Person-to-person messaging in the> mobile domain, e.g. Multimedia Messaging (MMS) is one example> for this use case. As of today, the highest use of> synchronized multimedia and SMIL is in MMS.>> In summary, we disagree with the specification of two> separate formats, one for authoring and another one for> distribution, instead of one format that can serve both purposes.>> > NOK-4: A \"Basic\" language profile of the TT AF should also> be defined> > that is suitable for distribution to constraint embedded> devices such> > as mobile terminals. We request adding such a requirement to section> > 4.1.>> We have discussed the issue of defining profiles for the authoring> format and have determined that the axis for determination should be> around authorial usage scenarios, e.g., subtitling versus captioning,> visual presentation versus aural presentation (via text to speech),> and so on.>> When the TTWG does take up the definition of a distribution format,> then it is expected that device capabilities will be a determiner in> profiling the distribution format.>>> GG 09-01: A \"Basic\" profile is needed for a distribution format only.>>> > NOK-5 It must be possible to author TT documents in a device> > independent way. We request adding such a requirement to> section 4.1.>> Because we have focused on an authoring format rather than a> distribution format, the current approach is effectively device> independent, since we are expressing authorial intention and not> expressing device behavior. However, if you should have specific> ideas about some features being device dependent, then please> let us know.>>> GG 09-01: Disagree. A format expressing author intention is> not necessarily device independent. Author intentions are in> many cases highly device specific. Some authors only have one> specific (set of similar) devices) in mind when creating> their content. This is a situation the Web needs to get away from.>> Therefore, I encourage the TTWG to include this quite mild> requirement. A more stringent requirement on DI would be the> following: \"The format should only allow to author TT> documents that are device independent. The format should> prevent that authors from creating documents that dependent> on specific device properties.\">>application/x-pkcs7-signature attachment: smime.p7s",
            "docno": "lists-023-0929224",
            "received": "Fri Jan  9 10:23:10 2004",
            "isoreceived": "20040109152310",
            "sent": "Fri, 9 Jan 2004 10:23:48 -0500",
            "isosent": "20040109152348",
            "name": "Glenn A. Adams",
            "email": "gadams@xfsi.com",
            "subject": "RE: Comments on Working Draft &quot;Timed Text (TT) Authoring Format 1.0 Use Cases and Requirements&quot;",
            "id": "7249D02C4D2DFD4D80F2E040E8CAF37C097697@longxuyen.xfsi.com",
            "charset": "iso-8859-1",
            "inreplyto": "Comments on Working Draft &quot;Timed Text (TT) Authoring Format 1.0 Use Cases and Requirements&quot;",
            "expires": "-1",
            "to": "<guido.grassel@nokia.com>\n",
            "cc": "<Art.Barstow@nokia.com>,<public-tt@w3.org>\n"
        }
    ]
}