{
    "id": "candidate-0188",
    "name": "Ari Schwartz",
    "gender": "MALE",
    "email": "ari@cdt.org",
    "mails": [
        {
            "body": "Review of what has changed:1) Discussion of other laws in the context of \"identifiable\" I'mstill checking with PIPEDA experts to make sure that the reference toCanadian law is correct.2) Removed headers and all mention of the word \"storage\"3) Added a final sentence about \"linked\" to make options clear todata collectors4) Made small changes in the data by type section to make it clearthat it is really about \"identifiers\"Ari------Identity Definitions in the P3P SpecificationIn privacy regulations, guidelines and papers about privacy a varietyof terms are used to describe data that identifies an individual tovarying degrees.The European Union Directive defines \"an identifiable person\" as \"onewho can be identified, directly or indirectly, in particular byreference to an identification number or to one or more factorsspecific to his physical, physiological, mental, economic, culturalor social identity.\"  The Directive also states that in determiningwhether a person is identifiable \"account should be taken of all themeans likely reasonably to be used either by the controller or by anyother person to identify the said person; whereas the principles ofprotection shall not apply to data rendered anonymous in such a waythat the data subject is no longer identifiable.\"In Australia, \"personal information\" is information about anindividual who can be identified, or whose identity could bereasonably ascertained.\"  In Canada \"personal information\" meansinformation about an identifiable individual. In the United States,different sectors have different standards for identifiability ofdata. Similarly, in many other policy documents, terms such as\"personally identifiable information (PII)\" are often not defined orthe cause for heated debate.The P3P Specification Working Group has taken the view point thatmost information referring to an individual is \"identifiable\" in someway.  As with other important areas of the specification, the goal ofthe working group was to allow for a wide variety of understandingsof identity in order to allow data collectors to best express theirpolicy and users to make choices based on a definition of identityinformation that is important to them. (1)\"Identified\" DataThe most common term in the specification is \"identified data\" andfocuses on how the information can be or is being used.\"Identified data\" is information that reasonably can be used by thedata collector to identify an individual.  Admittedly, this is asomewhat subjective standard.  For example, a data collector storingInternet Protocol (IP) addresses  (which can be created dynamicallyor could be static and therefore tied to a particular computer usedby a single individual) should consider the IP address \"identifieddata\" only when an attempt is made to tie the exact addresses to pastrecords or work with others to identify the specific individual orcomputer over a long period of time.  In the more common case, wheredata collectors use IP addressing information in the aggregate ormake no attempt to tie the IP address to a specified individual orcomputer over a long period of time, IP addresses are not consideredenforcement agents with proper subpoena powers) to identify theindividual based on the stored data.As mentioned above, in the P3P context, any data that can be usedreasonably by a data controller or any other person to identify anindividual is considered to be identifiable data. The P3Pspecification uses the term \"identified\" to describe a subset of thisdata that can be reasonably used by a data collector *withoutassistance from other parties* to identify an individual.\"Non-Identifiable\" and \"Linked\" DataThe working group also felt that data collectors should be ableacknowledge when they make specific attempts to anonymize information.The term \"non-identifiable\" data refers to efforts made specificallyto de-identify data.  For example, a data collector collecting andstoring IP addresses but not using them should NOT call this data\"non-identifiable\" even in the common case where they have no plansto identify an actual individual or computer. However, if a Web sitecollects IP addresses, but actively deletes all but the last fourdigits of this information in order to determine short term use, butinsure that a particular individual or computer cannot beconsistently identified, then the data collector can and should callthis information \"non-identifiable.\"  Also, non-identifiable can beused in cases where no information is being collected at all.  Sincemost Web servers are designed to keep Web logs for maintenance, thiswould most likely mean that the data collector has taken specificefforts to ensure the anonymity of users.Under the above definitions, a lot of information could be\"identifiable\" (not specifically made anonymous), but not\"identified\" (reasonably able to be tied to an individual orcomputer).Similarly, the term \"linked\" refers to how information is being usedin connection with a cookie. All data in a cookie or linked to aparticular user must be disclosed in the cookie's policy. Using theterminology above, if the data collector collects \"identifiable\"information about the user it is generally \"linked\" data. Forexample, if the data collector stores a login name in a fileassociated with a persistent cookie and the login name is linked topersonal data, the cookie is clearly \"linked.\"In less clear cut example, if the data collector ties the cookie to aspecific order id in a flat file and that order id is tied topersonal information in a related file, the cookie would be linked toall of the relational data unless specific precautions have beentaken to ensure that a data operator with access to the relationaldata cannot access the flat cookie data and vice versa.In other words, a data collector must: collect no personalinformation; take active steps to make sure that informationreferring to a specific individual cannot be identified; or must usethe \"linked\" tag.IdentifiersThe Working Group decided against an identified or identifiable labelfor particular types of data. However, user agent implementers havethe option of assigning these or other labels themselves and buildinguser interfaces that allow users to make decisions about web sites onthe basis of how they collect and use certain types of data.The Working Group felt that different user agent implementationscould be created to focus on different concerns around data type.Therefore, the working group enabled the creation of a robust dataschema including broad categories of information that may beconsidered sensitive by certain user groups.  The Working Group hopesthat a diverse set of user agents will be created to allow users theability to make identity decisions based on specific collections andtypes of collects if they desire to do so.  For example, a user agentcould allow users to opt to be prompted when medical or financialbeing used.(1)   More information on the debate and the definitions can be foundin Lorrie Faith Cranor's book Web Privacy with P3P, O'Reilly, 2002.--------------------------------------Ari SchwartzAssociate DirectorCenter for Democracy and Technology1634 I Street NW, Suite 1100Washington, DC 20006202 637 9800fax 202 637 0968ari@cdt.orghttp://www.cdt.org------------------------------------",
            "docno": "lists-017-3245506",
            "received": "Mon Aug 18 13:41:17 2003",
            "isoreceived": "20030818174117",
            "sent": "Mon, 18 Aug 2003 13:38:06 0400",
            "isosent": "20030818173806",
            "name": "Ari Schwartz",
            "email": "ri@cdt.org",
            "subject": "[Bug 167] explanation of identified, identifiable, and linked",
            "id": "entifier is being collected, independent of how that information is",
            "charset": "usascii",
            "expires": "1",
            "to": "<public-p3p-spec@w3.org>\n"
        },
        {
            "body": "Report: Web Privacy Policies Confuse Net SurfersWed Jun 25,12:03 AM EThttp://news.yahoo.com/news?tmpl=story2&cid=581&u=/nm/20030625/tc_nm/tech_privacy_dc&printer=1By Andy SullivanWASHINGTON (Reuters) - \"Privacy policies\" that explain a company'sWeb surveillance habits have done little to dispel confusion amongInternet users about how they are tracked online, according to areport released on Wednesday.The dense, legalistic documents that many commercial Web sites postto explain their data-collection habits are more likely to providefalse reassurance than clarity to Web surfers, the University ofPennsylvania's Annenberg Public Policy Center found.[...]Turow recommended that Web sites be required to translate theirprivacy policies into a machine-readable code called P3P that wouldallow users to automatically steer away from sites that they wouldfind too invasive. P3P was introduced over a year ago but has notbeen widely adopted.Web sites should also be required to disclose in plain language whatthey know about their visitors, what they have done with thatinformation, and what they plan to learn about them, he said.------------------------------------------------------------------------Copyright ? 2003 Reuters Limited. All rights reserved. Republicationor redistribution of Reuters content is expressly prohibited withoutthe prior written consent of Reuters. Reuters shall not be liable forany errors or delays in the content, or for any actions taken inreliance thereon.Copyright ? 2003 Yahoo! Inc. All rights reserved.Questions or CommentsPrivacy Policy -Terms of Service - Copyright Policy - Ad Feedback",
            "docno": "lists-017-9495139",
            "received": "Wed Jun 25 09:53:29 2003",
            "isoreceived": "20030625135329",
            "sent": "Wed, 25 Jun 2003 09:53:17 0400",
            "isosent": "20030625135317",
            "name": "Ari Schwartz",
            "email": "ri@cdt.org",
            "subject": "web site P3P adoption report",
            "id": "a05200f0cbb1f594b6ae1@[10.0.1.7]",
            "charset": "iso-88591",
            "expires": "1",
            "to": "public-p3p@w3.org\n"
        },
        {
            "body": "Ari,I owe you the response to your very stringent analysis of the word anddefinition of 'identifiable' and 'identified' from a US culturalperspective.So if you read the following, keep in mind that I try to do the samefrom a european perspective. I try to explain more about the modelbehind the european definitions and understanding of identity andoriginal take-up by the P3P Specification WG that might make it's wayinto data protection (as it makes a lot of sense)So I risk to be long, but I tried to be short in Bugzilla and was notunderstood. So I try from to explain from Adam and Eve on.The EU-Directive defines identifiable at two places:1/ The scope of data protection as such is limited to identifiable dataArticle 2 a states:'personal data' shall mean any information relating to an identified oridentifiable natural person ('data subject'); an identifiable person isone who can be identified, directly or indirectly, in particular byreference to an identification number or to one or more factorsspecific to his physical, physiological, mental, economic, cultural orsocial identity;2/ Identifiable is explained further in consideration 26 of theDirective:(26) Whereas the principles of protection must apply to any informationconcerning an identified or identifiable person; whereas, to determinewhether a person is identifiable, account should be taken of all themeans likely reasonably to be used either by the controller or by anyother person to identify the said person; whereas the principles ofprotection shall not apply to data rendered anonymous in such a way thatthe data subject is no longer identifiable; whereas codes of conductwithin the meaning of Article 27 may be a useful instrument forproviding guidance as to the ways in which data may be renderedanonymous and retained in a form in which identification of the dataThose are my assumptions and definitions as I want to keep P3P somewhatin sync with the Directive (see Art. 10 Taskforce for this goal)So the EU-Directive, if you look carefully at the definitions, does nothave recurse on the intent of the data controller (or processor) toprocess data (use in your case) to identify. To trigger the applicationof data protection law (scope) it is sufficient that with likely andreasonable means, a person is able to say: This is person X (e.g. AriSchwartz). The scope is not limited to the data processor.For this email, identifying is easy, as your email-address is a uniquethe email cited.  So if you would use 12345@w3.org, the W3-Systeam couldstill identify you. So it is still identifiable data. (any person has tobe taken into account)This makes the scope too large to give a basis for a technology tool.While it might be understandable that a law wants to define a very broadscope, it is unusable for most of the decisions that P3P wants to helpwith. That's why we have invented/taken-up the 'identified' term inP3P 1.0, mostly because of the access-issues (access identified and notall potential identifiable data, which would require a lot of processingand identify the requester by doing his request)So despite all the discussions in this world what PII is or what itisn't, despite the misconceptions floating around the world, we betterought to have a conscise concept of identity behind P3P. This concept ofprocessing, purpose, disclosure, sharing, retention, sensitive datatypes and other things into this one term and definition. Doing so couldonly bring us into confusion.So for the sake of clarity, I propose the following definitions for thesuggested three terms.1/ IdentifiableWe always operated under the assumption of the definition in whereas 26of the EU-Directive. If there is a possibility to get to 'who is thatguy' with likely reasonable means by any party, than we have theassumption of identifiable information, thus information that makesassertions about a natural person. The likely and reasonable preventto take science fiction scenarios into account like invading Iraq tofind out who has joked on the phone about those wappons. (I think youmade this point in our earlier discussions ;)2/ non-identifiableThis is the flip-side of 1/. This is reflected in the <non-identifiable>element, which is based directly on the definition. (second phraseafter colon) of whereas 26. P3P gives a hint to render IP-addressesanonymous. This could be taken up by a code of conduct e.g.3/ identifiedThe means (processing of data) described in 1/ have already beenapplied. This makes access to assertions about a natural person easierand faster. This is particularly important for access rights but alsofor the overall risk analysis. So identified is data, that does not needfurther processing in this direction (I think the technical term is'crossing')Those three are all relative to 'data'. Data is an object here. Theattributes to the term data are the three terms above describing therelationsship between a given natural person (also an object here) andthe object 'data'. This relationsship has different levels andqualities. We deliberatly choosed the three described (IMHO)Now, like a cross-roads, there is another concept: The data processing lifecycle:Data isa/ collectedb/ processedc/ transferredd/ deleted(Retention is a sub-group to collection, transfer is a subgroup toprocessing)Now if you suggest to describe 'identified data' as 'how the informationcan be or is being used', or if you describe it as 'reasonably can beused by the data collector to identify an individual, your definitionmixes up identifiable, the processing of some raw data to identifyan individual.In fact you say: We use this raw traffic data to mine it and poke untilwe know who you are, where you live and how you shop.This mixes up the model as it describes a purpose of processing with thecollection of data and also with the relationsship between our objects'natural person' and 'data'. That's why I suggest to keep thisrelationsship and the purpose of processing separate. This is done inmy definitions. So in non-identifiable, they can't find out, inIf I collect identifiable information like IP (not domain), we have toseparate the question whether this is used to find out or not. Thequestion of whether they want to find out or not is an importantquestion, but it has to be treated separatly from the term identity asit is a purpose and normally not a primary purpose ;).A/You might say: We collect identifiable information. This is for the user-agent to decide to use an anonymizer.B/You might say: We use the data in A to find out who you are.(The problem is, today, we can't say that as the purpose section isstill too poor)It doesn't make sense to say:A/ We collect identifiable informationB/ We do not use them to identify you (but we could, so trust us and oursysadmin ;)negative assertions just don't fit into the P3P model.Another cross-roads is so called 'sensitive' data.According to Shannon/Weaver, any data can be sensitive, if it carriesenough information. Did Clinten have sex with Lewinsky? A simple 'yes'from Mister C., a simple bit, could be sufficient.So the EU-Directive takes some info up that is 'usually' very senitive,like financial info, health info, religion and politics. Those are justdefined in the law. I don't think we have sufficient technology today todefine whether data is sensitive or not. We can take those from the OECDand the EU-Directive up as it seems to make sense in front of such abroad agreement. But outside this narrow scope, it is on the userhimself, confronted with the data, to judge whether data is sensitive ornot. And it should surely not mix into the definition of identity,That's why I think we should stick with my definitions described in1/ 2/ and 3/ and revise the Spec accordingly as far as we can get in 1.1Best,RigoOn Fri, Jun 20, 2003 at 12:09:27PM -0400, Ari Schwartz wrote:>> Here is my draft text for addressing the confusion around identity> terms in the spec.>>>> >http://www.w3.org/Bugs/Public/show_bug.cgi?id=167>>>> Identity Definitions in the P3P Specification>> In privacy regulations, guidelines and papers about privacy a variety> of terms are used to describe data that identifies an individual to> varying degrees.  Some common terms such as \"personally identifiable> information (PII)\" are often not defined or the cause for heated> debate.  In different documents, \"identity\" can be tied to:>> 1) how the information can be or is being used,> 2) how the information is stored, or> 3) the type of information.>> The P3P Specification Working Group tried to capture all three of> these ideas so that different implementers and users can make> decisions based on the importance they place on these various> definitions of identity. (1)>> Identity Through Usage (\"identified\" data)>> The most common term in the specification is \"identified data\" and> focuses on how the information can be or is being used.>> \"Identified data\" is information that reasonably can be used by the> data collector to identify an individual.  Admittedly, this is a> somewhat subjective standard.  For example, a data collector storing> Internet Protocol (IP) addresses  (which can be created dynamically> or could be static and therefore tied to a particular computer used> by a single individual) should consider the IP address \"identified> data\" only when an attempt is made to tie the exact addresses to past> records or work with others to identify the specific individual or> computer over a long period of time.  In the more common case, where> data collectors use IP addressing information in the aggregate or> make no attempt to tie the IP address to a specified individual or> computer over a long period of time, IP addresses are not considered> identified even though it is possible for someone (eg, law> enforcement agents with proper subpoena powers) to identify the> individual based on the stored data.>>> Identity Through Storage (\"non-identifiable\" and \"linked\" data)>> The working group also felt that data collectors should be able> acknowledge when they make specific attempts to anonymize what would> otherwise be identifiable in its storage.>> The term \"non-identifiable\" data refers to how the information is> stored.  For example, a data collector collecting and storing IP> addresses but not using them should NOT call this data> \"non-identifiable\" even in the common case where they have no plans> to identify an actual individual or computer. However, if a Web site> collects IP addresses, but actively deletes all but the last four> digits of this information in order to determine short term use, but> insure that a particular individual or computer cannot be> consistently identified, then the data collector can and should call> this information \"non-identifiable.\"  Also, non-identifiable can be> used in cases where no information is being collected at all.  Since> most Web servers are designed to keep Web logs for maintenance, this> would most likely mean that the data collector has taken specific> efforts to ensure the anonymity of users.>> Under the above definitions, a lot of information could be> \"identifiable\" (not specifically made anonymous), but not> \"identified\" (reasonably able to be tied to an individual or> computer).>> Similarly, the term \"linked\" refers to how information is being> stored in connection with a cookie. All data in a cookie or linked to> a particular user must be disclosed in the cookie's policy. Using the> terminology above, if the data collector collects \"identifiable\"> information about the user it is generally \"linked\" data.>> Identity Through Information Type>> The Working Group felt that different user agent implementations> could be created to focus on different concerns around data type.> Therefore, the working group enabled the creation of a robust data> schema including broad categories of information that may be> considered sensitive by certain user groups.  The Working Group hopes> that a diverse set of user agents will be created to allow users the> ability to make identity decisions based on specific collections and> types of collects if they desire to do so.  For example, a user agent> could allow users to opt to be prompted when medical or financial> identifier is being collected, independent of how that information is> being used.>> (1)   More information on the debate and the definitions can be found> in Lorrie Faith Cranor's book Web Privacy with P3P, O'Reilly, 2002.>>>> --> ------------------------------------> Ari Schwartz> Associate Director> Center for Democracy and Technology> 1634 I Street NW, Suite 1100> Washington, DC 20006> 202 637 9800> fax 202 637 0968> ari@cdt.org> http://www.cdt.org> ------------------------------------",
            "docno": "lists-017-4069414",
            "received": "Fri Jul 18 12:58:09 2003",
            "isoreceived": "20030718165809",
            "sent": "Fri, 18 Jul 2003 18:55:27 +0200",
            "isosent": "20030718165527",
            "name": "Rigo Wenning",
            "email": "rigo@w3.org",
            "subject": "is no longer possible;",
            "id": "entifiable or identified.",
            "charset": "usascii",
            "inreplyto": "a05200f0abb18e189aa43&#64;[10.0.1.7]",
            "expires": "1",
            "to": "public-p3p-spec@w3.org\n",
            "cc": " Ari Schwartz<ari@cdt.org>\n"
        },
        {
            "body": "Ari,it is much better than the first draft. I like the introduction. Thereare still some mixings in the text, so see comments inline..On Mon, Aug 18, 2003 at 01:38:06PM -0400, Ari Schwartz wrote:> \"Identified\" Data>> The most common term in the specification is \"identified data\" and> focuses on how the information can be or is being used.The phrase above is the kind of confusion that we wanted to avoid.\"identified\" is a property of data, not a 'use' or what people intend todo with it. The term 'use' belongs to the <purpose> - section of thespecification where we don't use the term identified. So I suggest wetake the lesson from the UA TF and alter the phrase to:he most common term in the specification is \"identified data\" andfocuses on whether a service knows your identity.>> \"Identified data\" is information that reasonably can be used by the> data collector to identify an individual.information that reasonably can be used by the datacollectorto identify an individual is \"identifiable data\". Identified means thatthe identification already happened. This especially important if youremember the worries about somebody coming up and wanting access to allthe info on him in the logs of a large portal site. We decided to saythat if information is well-organized and they know you, they shouldgive access. But we did not want to express access to some plainlog-info, where the pseudonyms (IP e.g) were not resolved.Suggestion:\"Identified data\" is information in a record or profile and already tiedto an individual.> Admittedly, this is a  somewhat subjective standard.> For example, a data collector storing> Internet Protocol (IP) addresses  (which can be created dynamically> or could be static and therefore tied to a particular computer used> by a single individual) should consider the IP address \"identified> data\" only when an attempt is made to tie the exact addresses to past> records or work with others to identify the specific individual or> computer over a long period of time.Ari, the attempt can happen anytime. If I use the identifiable data viaadditional processing to identify an individual, this is purpose ofto do with it. So I'm a bit unhappy with your example.Suggestion (depending on my definition above)For example, a data collector storing Internet Protocol (IP) addresses(which can be created dynamically or could be static and therefore tiedto a particular computer used by a single individual) should considerthe IP address \"identified data\" only when this data is added to therecord or profile of a specific individual.> In the more common case, where> data collectors use IP addressing information in the aggregate or> make no attempt to tie the IP address to a specified individual or> computer over a long period of time, IP addresses are not considered> identified even though it is possible for someone (eg, law> enforcement agents with proper subpoena powers) to identify the> individual based on the stored data.The rest is ok, good workRigo",
            "docno": "lists-017-3260962",
            "received": "Thu Aug 21 16:25:50 2003",
            "isoreceived": "20030821202550",
            "sent": "Wed, 20 Aug 2003 16:47:27 +0200",
            "isosent": "20030820144727",
            "name": "Rigo Wenning",
            "email": "rigo@w3.org",
            "subject": "Re: [Bug 167] explanation of identified, identifiable, and linked",
            "id": "entification. The collection happened earlier and access has nothing",
            "charset": "usascii",
            "inreplyto": "a05200f06bb6691147ff3&#64;[10.0.1.7]",
            "expires": "1",
            "to": " Ari Schwartz<ari@cdt.org>\n",
            "cc": "public-p3p-spec@w3.org\n"
        },
        {
            "body": "Hi Rigo,My definitions were not meant to be from a US cultural perspective.In fact, if I understand them correctly, your definitions are muchcloser to the experience (legal interpretations) of the US PrivacyAct of 1974 then mine are.The reason that I strayed from this view is because of the use ofrelational databases.  A data collector may create a system wherefields are not searched at the time of collection but the person isstill generally identified within the system.My understanding from Europe was that different countries wereinterpreting this differently and it hadn't been worked out.  If youcan point to some definitive writing on this subject, I'd definitelylike to see it.AriAt 6:55 PM +0200 7/18/03, Rigo Wenning wrote:>Ari,>>I owe you the response to your very stringent analysis of the word and>definition of 'identifiable' and 'identified' from a US cultural>perspective.>>So if you read the following, keep in mind that I try to do the same>from a european perspective. I try to explain more about the model>behind the european definitions and understanding of identity and>identifiable. Note that 'identified' does not exist in there, but it is an>original take-up by the P3P Specification WG that might make it's way>into data protection (as it makes a lot of sense)>>So I risk to be long, but I tried to be short in Bugzilla and was not>understood. So I try from to explain from Adam and Eve on.>>The EU-Directive defines identifiable at two places:>1/ The scope of data protection as such is limited to identifiable data>Article 2 a states:>  'personal data' shall mean any information relating to an identified or>  identifiable natural person ('data subject'); an identifiable person is>  one who can be identified, directly or indirectly, in particular by>  reference to an identification number or to one or more factors>  specific to his physical, physiological, mental, economic, cultural or>  social identity;>>2/ Identifiable is explained further in consideration 26 of the>Directive:>>(26) Whereas the principles of protection must apply to any information>concerning an identified or identifiable person; whereas, to determine>whether a person is identifiable, account should be taken of all the>means likely reasonably to be used either by the controller or by any>other person to identify the said person; whereas the principles of>protection shall not apply to data rendered anonymous in such a way that>the data subject is no longer identifiable; whereas codes of conduct>within the meaning of Article 27 may be a useful instrument for>providing guidance as to the ways in which data may be rendered>anonymous and retained in a form in which identification of the data>subject is no longer possible;>>Those are my assumptions and definitions as I want to keep P3P somewhat>in sync with the Directive (see Art. 10 Taskforce for this goal)>>So the EU-Directive, if you look carefully at the definitions, does not>have recurse on the intent of the data controller (or processor) to>process data (use in your case) to identify. To trigger the application>of data protection law (scope) it is sufficient that with likely and>reasonable means, a person is able to say: This is person X (e.g. Ari>Schwartz). The scope is not limited to the data processor.>For this email, identifying is easy, as your email-address is a unique>identifier making clear that you're the particular Ari Schwartz who sent>the email cited.  So if you would use 12345@w3.org, the W3-Systeam could>still identify you. So it is still identifiable data. (any person has to>be taken into account)>>This makes the scope too large to give a basis for a technology tool.>While it might be understandable that a law wants to define a very broad>scope, it is unusable for most of the decisions that P3P wants to help>with. That's why we have invented/taken-up the 'identified' term in>P3P 1.0, mostly because of the access-issues (access identified and not>all potential identifiable data, which would require a lot of processing>and identify the requester by doing his request)>>So despite all the discussions in this world what PII is or what it>isn't, despite the misconceptions floating around the world, we better>ought to have a conscise concept of identity behind P3P. This concept of>identity distinguishes IMHO between non-identifiable, identifiable and>identified. I want to prevent that we lose overview by packing>processing, purpose, disclosure, sharing, retention, sensitive data>types and other things into this one term and definition. Doing so could>only bring us into confusion.>>So for the sake of clarity, I propose the following definitions for the>suggested three terms.>>1/ Identifiable>We always operated under the assumption of the definition in whereas 26>of the EU-Directive. If there is a possibility to get to 'who is that>guy' with likely reasonable means by any party, than we have the>assumption of identifiable information, thus information that makes>assertions about a natural person. The likely and reasonable prevent>to take science fiction scenarios into account like invading Iraq to>find out who has joked on the phone about those wappons. (I think you>made this point in our earlier discussions ;)>>2/ non-identifiable>This is the flip-side of 1/. This is reflected in the <non-identifiable>>element, which is based directly on the definition. (second phrase>after colon) of whereas 26. P3P gives a hint to render IP-addresses>anonymous. This could be taken up by a code of conduct e.g.>>3/ identified>The means (processing of data) described in 1/ have already been>applied. This makes access to assertions about a natural person easier>and faster. This is particularly important for access rights but also>for the overall risk analysis. So identified is data, that does not need>further processing in this direction (I think the technical term is>'crossing')>>Those three are all relative to 'data'. Data is an object here. The>attributes to the term data are the three terms above describing the>relationsship between a given natural person (also an object here) and>the object 'data'. This relationsship has different levels and>qualities. We deliberatly choosed the three described (IMHO)>>Now, like a cross-roads, there is another concept: The data processing life>cycle:>Data is>a/ collected>b/ processed>c/ transferred>d/ deleted>>(Retention is a sub-group to collection, transfer is a subgroup to>processing)>>Now if you suggest to describe 'identified data' as 'how the information>can be or is being used', or if you describe it as 'reasonably can be>used by the data collector to identify an individual, your definition>mixes up identifiable, the processing of some raw data to identify>an individual.>>In fact you say: We use this raw traffic data to mine it and poke until>we know who you are, where you live and how you shop.>>This mixes up the model as it describes a purpose of processing with the>collection of data and also with the relationsship between our objects>'natural person' and 'data'. That's why I suggest to keep this>relationsship and the purpose of processing separate. This is done in>my definitions. So in non-identifiable, they can't find out, in>identifiable, they could find out and in identified, they found out.>>If I collect identifiable information like IP (not domain), we have to>separate the question whether this is used to find out or not. The>question of whether they want to find out or not is an important>question, but it has to be treated separatly from the term identity as>it is a purpose and normally not a primary purpose ;).>>A/You might say: We collect identifiable information. This is for the user>-agent to decide to use an anonymizer.>>B/You might say: We use the data in A to find out who you are.>(The problem is, today, we can't say that as the purpose section is>still too poor)>>It doesn't make sense to say:>>A/ We collect identifiable information>B/ We do not use them to identify you (but we could, so trust us and our>sysadmin ;)>>negative assertions just don't fit into the P3P model.>>Another cross-roads is so called 'sensitive' data.>>According to Shannon/Weaver, any data can be sensitive, if it carries>enough information. Did Clinten have sex with Lewinsky? A simple 'yes'>from Mister C., a simple bit, could be sufficient.>>So the EU-Directive takes some info up that is 'usually' very senitive,>like financial info, health info, religion and politics. Those are just>defined in the law. I don't think we have sufficient technology today to>define whether data is sensitive or not. We can take those from the OECD>and the EU-Directive up as it seems to make sense in front of such a>broad agreement. But outside this narrow scope, it is on the user>himself, confronted with the data, to judge whether data is sensitive or>not. And it should surely not mix into the definition of identity,>identifiable or identified.>>That's why I think we should stick with my definitions described in>1/ 2/ and 3/ and revise the Spec accordingly as far as we can get in 1.1>>Best,>>Rigo>>>>>On Fri, Jun 20, 2003 at 12:09:27PM -0400, Ari Schwartz wrote:>>>>  Here is my draft text for addressing the confusion around identity>>  terms in the spec.>>>>>>>>  >http://www.w3.org/Bugs/Public/show_bug.cgi?id=167>>>>>>>>  Identity Definitions in the P3P Specification>>>>  In privacy regulations, guidelines and papers about privacy a variety>>  of terms are used to describe data that identifies an individual to>>  varying degrees.  Some common terms such as \"personally identifiable>>  information (PII)\" are often not defined or the cause for heated>>  debate.  In different documents, \"identity\" can be tied to:>>>>  1) how the information can be or is being used,>>  2) how the information is stored, or>>  3) the type of information.>>>>  The P3P Specification Working Group tried to capture all three of>>  these ideas so that different implementers and users can make>>  decisions based on the importance they place on these various>>  definitions of identity. (1)>>>>  Identity Through Usage (\"identified\" data)>>>>  The most common term in the specification is \"identified data\" and>>  focuses on how the information can be or is being used.>>>>  \"Identified data\" is information that reasonably can be used by the>>  data collector to identify an individual.  Admittedly, this is a>>  somewhat subjective standard.  For example, a data collector storing>>  Internet Protocol (IP) addresses  (which can be created dynamically>>  or could be static and therefore tied to a particular computer used>>  by a single individual) should consider the IP address \"identified>>  data\" only when an attempt is made to tie the exact addresses to past>>  records or work with others to identify the specific individual or>>  computer over a long period of time.  In the more common case, where>>  data collectors use IP addressing information in the aggregate or>>  make no attempt to tie the IP address to a specified individual or>>  computer over a long period of time, IP addresses are not considered>>  identified even though it is possible for someone (eg, law>>  enforcement agents with proper subpoena powers) to identify the>>  individual based on the stored data.>>>>>>  Identity Through Storage (\"non-identifiable\" and \"linked\" data)>>>>  The working group also felt that data collectors should be able>>  acknowledge when they make specific attempts to anonymize what would>>  otherwise be identifiable in its storage.>>>>  The term \"non-identifiable\" data refers to how the information is>>  stored.  For example, a data collector collecting and storing IP>>  addresses but not using them should NOT call this data>>  \"non-identifiable\" even in the common case where they have no plans>>  to identify an actual individual or computer. However, if a Web site>>  collects IP addresses, but actively deletes all but the last four>>  digits of this information in order to determine short term use, but>>  insure that a particular individual or computer cannot be>>  consistently identified, then the data collector can and should call>>  this information \"non-identifiable.\"  Also, non-identifiable can be>>  used in cases where no information is being collected at all.  Since>  > most Web servers are designed to keep Web logs for maintenance, this>>  would most likely mean that the data collector has taken specific>>  efforts to ensure the anonymity of users.>>>>  Under the above definitions, a lot of information could be>  > \"identifiable\" (not specifically made anonymous), but not>>  \"identified\" (reasonably able to be tied to an individual or>>  computer).>>>>  Similarly, the term \"linked\" refers to how information is being>>  stored in connection with a cookie. All data in a cookie or linked to>>  a particular user must be disclosed in the cookie's policy. Using the>>  terminology above, if the data collector collects \"identifiable\">>  information about the user it is generally \"linked\" data.>>>>  Identity Through Information Type>>>>  The Working Group felt that different user agent implementations>>  could be created to focus on different concerns around data type.>>  Therefore, the working group enabled the creation of a robust data>>  schema including broad categories of information that may be>>  considered sensitive by certain user groups.  The Working Group hopes>>  that a diverse set of user agents will be created to allow users the>>  ability to make identity decisions based on specific collections and>>  types of collects if they desire to do so.  For example, a user agent>>  could allow users to opt to be prompted when medical or financial>>  identifier is being collected, independent of how that information is>>  being used.>>>>  (1)   More information on the debate and the definitions can be found>>  in Lorrie Faith Cranor's book Web Privacy with P3P, O'Reilly, 2002.>>>>>>>>  -->>  ------------------------------------>>  Ari Schwartz>>  Associate Director>>  Center for Democracy and Technology>>  1634 I Street NW, Suite 1100>>  Washington, DC 20006>>  202 637 9800>>  fax 202 637 0968>>  ari@cdt.org>>  http://www.cdt.org>>  --------------------------------------------------------------------------Ari SchwartzAssociate DirectorCenter for Democracy and Technology1634 I Street NW, Suite 1100Washington, DC 20006202 637 9800fax 202 637 0968ari@cdt.orghttp://www.cdt.org------------------------------------",
            "docno": "lists-017-4091451",
            "received": "Fri Jul 18 14:14:58 2003",
            "isoreceived": "20030718181458",
            "sent": "Fri, 18 Jul 2003 14:15:23 0400",
            "isosent": "20030718181523",
            "name": "Ari Schwartz",
            "email": "ri@cdt.org",
            "subject": "Re: [Bug 167] explanation of identified, identifiable, and linked",
            "id": "a05200f17bb3de677b9c6@[67.201.25.179]",
            "charset": "usascii",
            "inreplyto": "20030718165527.GE10714&#64;rigo.w3.org",
            "expires": "1",
            "to": " Rigo Wenning<rigo@w3.org>,public-p3p-spec@w3.org\n"
        },
        {
            "body": "Good points.AriAt 11:18 AM -0400 9/15/03, Lorrie Cranor wrote:>Two small issues with this latest draft:>>>\"Identified data\" is information that in a record or profile and>>can reasonably be>>should be>>\"Identified data\" is information in a record or profile that can reasonably be>>>In other words, a data collector must: collect no personal>>information; take active steps to make sure that information>>referring to a specific individual cannot be identified; or must>>use the \"linked\" tag.>>>>There is no \"linked\" tag... how about \"In other words, a data>collector that uses cookies must.... or must disclose all linked>data in a P3P policy associated with a cookie.\"",
            "docno": "lists-017-6363665",
            "received": "Mon Sep 15 11:27:00 2003",
            "isoreceived": "20030915152700",
            "sent": "Mon, 15 Sep 2003 11:27:12 0400",
            "isosent": "20030915152712",
            "name": "Ari Schwartz",
            "email": "ri@cdt.org",
            "subject": "Re: [Bug 167] explanation of identified, identifiable, and linked",
            "id": "a05200f09bb8b8ab49cc8@[10.0.1.7]",
            "charset": "usascii",
            "inreplyto": "DE2BC467-E78F-11D7-8E6B000393DC889A&#64;research.att.com",
            "expires": "1",
            "to": " Lorrie Cranor<lorrie@research.att.com>,public-p3p-spec@w3.org\n"
        },
        {
            "body": "Here is my draft text for addressing the confusion around identityterms in the spec.>http://www.w3.org/Bugs/Public/show_bug.cgi?id=167Identity Definitions in the P3P SpecificationIn privacy regulations, guidelines and papers about privacy a varietyof terms are used to describe data that identifies an individual tovarying degrees.  Some common terms such as \"personally identifiableinformation (PII)\" are often not defined or the cause for heateddebate.  In different documents, \"identity\" can be tied to:1) how the information can be or is being used,2) how the information is stored, or3) the type of information.The P3P Specification Working Group tried to capture all three ofthese ideas so that different implementers and users can makedecisions based on the importance they place on these variousdefinitions of identity. (1)Identity Through Usage (\"identified\" data)The most common term in the specification is \"identified data\" andfocuses on how the information can be or is being used.\"Identified data\" is information that reasonably can be used by thedata collector to identify an individual.  Admittedly, this is asomewhat subjective standard.  For example, a data collector storingInternet Protocol (IP) addresses  (which can be created dynamicallyor could be static and therefore tied to a particular computer usedby a single individual) should consider the IP address \"identifieddata\" only when an attempt is made to tie the exact addresses to pastrecords or work with others to identify the specific individual orcomputer over a long period of time.  In the more common case, wheredata collectors use IP addressing information in the aggregate ormake no attempt to tie the IP address to a specified individual orcomputer over a long period of time, IP addresses are not consideredenforcement agents with proper subpoena powers) to identify theindividual based on the stored data.Identity Through Storage (\"non-identifiable\" and \"linked\" data)The working group also felt that data collectors should be ableacknowledge when they make specific attempts to anonymize what wouldotherwise be identifiable in its storage.The term \"non-identifiable\" data refers to how the information isstored.  For example, a data collector collecting and storing IPaddresses but not using them should NOT call this data\"non-identifiable\" even in the common case where they have no plansto identify an actual individual or computer. However, if a Web sitecollects IP addresses, but actively deletes all but the last fourdigits of this information in order to determine short term use, butinsure that a particular individual or computer cannot beconsistently identified, then the data collector can and should callthis information \"non-identifiable.\"  Also, non-identifiable can beused in cases where no information is being collected at all.  Sincemost Web servers are designed to keep Web logs for maintenance, thiswould most likely mean that the data collector has taken specificefforts to ensure the anonymity of users.Under the above definitions, a lot of information could be\"identifiable\" (not specifically made anonymous), but not\"identified\" (reasonably able to be tied to an individual orcomputer).Similarly, the term \"linked\" refers to how information is beingstored in connection with a cookie. All data in a cookie or linked toa particular user must be disclosed in the cookie's policy. Using theterminology above, if the data collector collects \"identifiable\"information about the user it is generally \"linked\" data.Identity Through Information TypeThe Working Group felt that different user agent implementationscould be created to focus on different concerns around data type.Therefore, the working group enabled the creation of a robust dataschema including broad categories of information that may beconsidered sensitive by certain user groups.  The Working Group hopesthat a diverse set of user agents will be created to allow users theability to make identity decisions based on specific collections andtypes of collects if they desire to do so.  For example, a user agentcould allow users to opt to be prompted when medical or financialbeing used.(1)   More information on the debate and the definitions can be foundin Lorrie Faith Cranor's book Web Privacy with P3P, O'Reilly, 2002.--------------------------------------Ari SchwartzAssociate DirectorCenter for Democracy and Technology1634 I Street NW, Suite 1100Washington, DC 20006202 637 9800fax 202 637 0968ari@cdt.orghttp://www.cdt.org------------------------------------",
            "docno": "lists-017-4603369",
            "received": "Fri Jun 20 12:16:33 2003",
            "isoreceived": "20030620161633",
            "sent": "Fri, 20 Jun 2003 12:09:27 0400",
            "isosent": "20030620160927",
            "name": "Ari Schwartz",
            "email": "ri@cdt.org",
            "subject": "[Bug 167] explanation of identified, identifiable, and linked",
            "id": "entifier is being collected, independent of how that information is",
            "charset": "usascii",
            "expires": "1",
            "to": "public-p3p-spec@w3.org\n"
        },
        {
            "body": "Final Version with Rigo's suggested changes -- 2 weeks to review (Sept. 17)------Identity Definitions in the P3P SpecificationIn privacy regulations, guidelines and papers about privacy a varietyof terms are used to describe data that identifies an individual tovarying degrees.The European Union Directive defines \"an identifiable person\" as \"onewho can be identified, directly or indirectly, in particular byreference to an identification number or to one or more factorsspecific to his physical, physiological, mental, economic, culturalor social identity.\"  The Directive also states that in determiningwhether a person is identifiable \"account should be taken of all themeans likely reasonably to be used either by the controller or by anyother person to identify the said person; whereas the principles ofprotection shall not apply to data rendered anonymous in such a waythat the data subject is no longer identifiable.\"In Australia, \"personal information\" is information about anindividual who can be identified, or whose identity could bereasonably ascertained.\"  In Canada \"personal information\" meansinformation about an \"identifiable\" individual. In the United States,different sectors have different standards for identifiability ofdata. Similarly, in many other policy documents, terms such as\"personally identifiable information (PII)\" are often not defined orthe cause for heated debate.The P3P Specification Working Group has taken the view point thatmost information referring to an individual is \"identifiable\" in someway.  As with other important areas of the specification, the goal ofthe working group was to allow for a wide variety of understandingsof identity in order to allow data collectors to best express theirpolicy and users to make choices based on a definition of identityinformation that is important to them. (1)\"Identified\" DataThe most common term in the specification is \"identified data\" andfocuses on whether a service knows the data subject's identity.\"Identified data\" is information that in a record or profile and canreasonably be tied to an individual.  Admittedly, this is a somewhatProtocol (IP) addresses  (which can be created dynamically or couldbe static and therefore tied to a particular computer used by asingle individual) should consider the IP address \"identified data\"only when this data is added to the record or profile of a specificindividual.  In the more common case, where data collectors use IPaddressing information in the aggregate or make no attempt to tie theIP address to a specified individual or computer over a long periodof time, IP addresses are not considered identified even though it ispossible for someone (eg, law enforcement agents with proper subpoenapowers) to identify the individual based on the stored data.As mentioned above, in the P3P context, any data that can be usedreasonably by a data controller or any other person to identify anindividual is considered to be identifiable data. The P3Pspecification uses the term \"identified\" to describe a subset of thisdata that can be reasonably be used by a data collector *withoutassistance from other parties* to identify an individual.\"Non-Identifiable\" and \"Linked\" DataThe working group also felt that data collectors should be ableacknowledge when they make specific attempts to anonymize information.The term \"non-identifiable\" data refers to efforts made specificallyto de-identify data.  For example, a data collector collecting andstoring IP addresses but not using them should NOT call this data\"non-identifiable\" even in the common case where they have no plansto identify an actual individual or computer. However, if a Web sitecollects IP addresses, but actively deletes all but the last fourdigits of this information in order to determine short term use, butinsure that a particular individual or computer cannot beconsistently identified, then the data collector can and should callthis information \"non-identifiable.\"  Also, non-identifiable can beused in cases where no information is being collected at all.  Sincemost Web servers are designed to keep Web logs for maintenance, thiswould most likely mean that the data collector has taken specificefforts to ensure the anonymity of users.Under the above definitions, a lot of information could be\"identifiable\" (not specifically made anonymous), but not\"identified\" (reasonably able to be tied to an individual orcomputer).Similarly, the term \"linked\" refers to how information is being usedin connection with a cookie. All data in a cookie or linked to aparticular user must be disclosed in the cookie's policy. Using theterminology above, if the data collector collects \"identifiable\"information about the user it is generally \"linked\" data. Forexample, if the data collector stores a login name in a fileassociated with a persistent cookie and the login name is linked topersonal data, the cookie is clearly \"linked.\"In less clear cut example, if the data collector ties the cookie to aspecific order id in a flat file and that order id is tied topersonal information in a related file, the cookie would be linked toall of the relational data unless specific precautions have beentaken to ensure that a data operator with access to the relationaldata cannot access the flat cookie data and vice versa.In other words, a data collector must: collect no personalinformation; take active steps to make sure that informationreferring to a specific individual cannot be identified; or must usethe \"linked\" tag.IdentifiersThe Working Group decided against an identified or identifiable labelfor particular types of data. However, user agent implementers havethe option of assigning these or other labels themselves and buildinguser interfaces that allow users to make decisions about web sites onthe basis of how they collect and use certain types of data.The Working Group felt that different user agent implementationscould be created to focus on different concerns around data type.Therefore, the working group enabled the creation of a robust dataschema including broad categories of information that may beconsidered sensitive by certain user groups.  The Working Group hopesthat a diverse set of user agents will be created to allow users theability to make identity decisions based on specific collections andtypes of collects if they desire to do so.  For example, a user agentcould allow users to opt to be prompted when medical or financialbeing used.(1)   More information on the debate and the definitions can be foundin Lorrie Faith Cranor's book Web Privacy with P3P, O'Reilly, 2002.--------------------------------------Ari SchwartzAssociate DirectorCenter for Democracy and Technology1634 I Street NW, Suite 1100Washington, DC 20006202 637 9800fax 202 637 0968ari@cdt.orghttp://www.cdt.org--------------------------------------------------------------------------Ari SchwartzAssociate DirectorCenter for Democracy and Technology1634 I Street NW, Suite 1100Washington, DC 20006202 637 9800fax 202 637 0968ari@cdt.orghttp://www.cdt.org------------------------------------",
            "docno": "lists-017-6294460",
            "received": "Wed Sep  3 12:19:30 2003",
            "isoreceived": "20030903161930",
            "sent": "Wed, 3 Sep 2003 12:17:05 0400",
            "isosent": "20030903161705",
            "name": "Ari Schwartz",
            "email": "ri@cdt.org",
            "subject": "ive standard.  For example, a data collector storing Internet",
            "id": "entifier is being collected, independent of how that information is",
            "charset": "usascii",
            "expires": "1",
            "to": "<public-p3p-spec@w3.org>\n"
        },
        {
            "body": "On Fri, Jul 18, 2003 at 02:15:23PM -0400, Ari Schwartz wrote:>> Hi Rigo,>> My definitions were not meant to be from a US cultural perspective.> In fact, if I understand them correctly, your definitions are much> closer to the experience (legal interpretations) of the US Privacy> Act of 1974 then mine are.Ok, that makes sense as the Act of 1974 was in concerto and in sync withthe development in Europe. It only touches the public sector, but thedefinitions of scope (identifiable in our case) are still the same.>> The reason that I strayed from this view is because of the use of> relational databases.  A data collector may create a system where> fields are not searched at the time of collection but the person is> still generally identified within the system.That is exactly the point. Initially, data protection in nationallegislations did _not_ apply to paper-collections. The Directive extendsthe scope to well-organized paper-collections.The parallel I see is the distinction between raw logfile data and dataorganized in a relational database. A simple cross-reference of thetables would link a lot of data to someone's identity. This is muchharder to do for raw logfiles where you'd have to resolve all thepseudonyms (like IP etc), chase for ID's in refererrers and re-organizethe raw data in a relational database (or in RDF).In a relational database, I consider the identifying already be done assoon as there is a link to some identity qualifier like name, address,Social security number, email-address etc.I don't want to explore the fuzzy edge between pseudonyms and'identified' here, as this is another potential rathole. But if acompany had good profile-data in a well-organized relational databasetied to a pseudonym and the same company would have the ability toresolve that pseudonym to the real name of a person without externaldata and help, I would consider this identified as the decision ofspecific means to prevent the identification of a pseudonym (third partye.g.)>> My understanding from Europe was that different countries were> interpreting this differently and it hadn't been worked out.  If you> can point to some definitive writing on this subject, I'd definitely> like to see it.No, I don't think so. In fact, the commission just decided to follow-upwith every diverging definition and remedy the situation so that lawsare more homogenius. I will verify, but you could help me by giving me amore concrete example of what you mean by diverging interpretations. (Ithink the variety is more on the side of permissions than on the side ofscope and definition of identity and identifiable)Best,Rigo>",
            "docno": "lists-017-4155865",
            "received": "Mon Jul 21 05:26:27 2003",
            "isoreceived": "20030721092627",
            "sent": "Mon, 21 Jul 2003 11:23:36 +0200",
            "isosent": "20030721092336",
            "name": "Rigo Wenning",
            "email": "rigo@w3.org",
            "subject": "Re: [Bug 167] explanation of identified, identifiable, and linked",
            "id": "entifying (purpose, processing) lies in their hands unless there are",
            "charset": "usascii",
            "inreplyto": "a05200f17bb3de677b9c6&#64;[67.201.25.179]",
            "expires": "1",
            "to": " Ari Schwartz<ari@cdt.org>\n",
            "cc": "public-p3p-spec@w3.org\n"
        },
        {
            "body": "Updated Draft based on comments from the WG:----Identity Definitions in the P3P SpecificationIn privacy regulations, guidelines and papers about privacy a varietyof terms are used to describe data that identifies an individual tovarying degrees.  The European Union Directive defines \"anindirectly, in particular by reference to an identification number orto one or more factors specific to his physical, physiological,mental, economic, cultural or social identity.\"  The Directive alsostates that in determining whether a person is identifiable \"accountshould be taken of all the means likely reasonably to be used eitherby the controller or by any other person to identify the said person;whereas the principles of protection shall not apply to data renderedanonymous in such a way that the data subject is no longerfor heated debate.In different documents, \"identity\" can be tied to:1) how the information can be or is being used,2) how the information is stored, or3) the type of information.The P3P Specification Working Group tried to capture all three ofthese ideas so that different implementers and users can makedecisions based on the importance they place on these variousdefinitions of identity. (1)Identity Through Usage (\"identified\" data)The most common term in the specification is \"identified data\" andfocuses on how the information can be or is being used.\"Identified data\" is information that reasonably can be used by thedata collector to identify an individual.  Admittedly, this is asomewhat subjective standard.  For example, a data collector storingInternet Protocol (IP) addresses  (which can be created dynamicallyor could be static and therefore tied to a particular computer usedby a single individual) should consider the IP address \"identifieddata\" only when an attempt is made to tie the exact addresses to pastrecords or work with others to identify the specific individual orcomputer over a long period of time.  In the more common case, wheredata collectors use IP addressing information in the aggregate ormake no attempt to tie the IP address to a specified individual orcomputer over a long period of time, IP addresses are not consideredenforcement agents with proper subpoena powers) to identify theindividual based on the stored data.In the P3P Specification, the term \"identifiable\" is used in asimilar way as it as used in the EU Directive. Thus, in the P3Pcontext, any data that can be used reasonably by a data controller orany other person to identify an individual is considered to beto describe a subset of this data that can be reasonably used by adata collector *without assistance from other parties* to identify anindividual.Identity Through Storage (\"non-identifiable\" and \"linked\" data)The working group also felt that data collectors should be ableacknowledge when they make specific attempts to anonymize what wouldotherwise be identifiable in its storage.The term \"non-identifiable\" data refers to how the information isstored.  For example, a data collector collecting and storing IPaddresses but not using them should NOT call this data\"non-identifiable\" even in the common case where they have no plansto identify an actual individual or computer. However, if a Web sitecollects IP addresses, but actively deletes all but the last fourdigits of this information in order to determine short term use, butinsure that a particular individual or computer cannot beconsistently identified, then the data collector can and should callthis information \"non-identifiable.\"  Also, non-identifiable can beused in cases where no information is being collected at all.  Sincemost Web servers are designed to keep Web logs for maintenance, thiswould most likely mean that the data collector has taken specificefforts to ensure the anonymity of users.Under the above definitions, a lot of information could be\"identifiable\" (not specifically made anonymous), but not\"identified\" (reasonably able to be tied to an individual orcomputer).Similarly, the term \"linked\" refers to how information is beingstored in connection with a cookie. All data in a cookie or linked toa particular user must be disclosed in the cookie's policy. Using theterminology above, if the data collector collects \"identifiable\"information about the user it is generally \"linked\" data. Forexample, if the data collector stores a login name in a fileassociated with a persistent cookie and the login name is linked topersonal data, the cookie is clearly \"linked.\"In less clear cut example, if the data collector ties the cookie to aspecific order id in a flat file and that order id is tied topersonal information in a related file, the cookie would be linked toall of the relational data unless specific precautions have beentaken to ensure that a data operator with access to the relationaldata cannot access the flat cookie data and vice versa.Identity Through Information TypeThe Working Group decided against an identified or identifiable labelfor particular types of data. However, user agent implementers havethe option of assigning these or other labels themselves and buildinguser interfaces that allow users to make decisions about web sites onthe basis of how they collect and use certain types of data.The Working Group felt that different user agent implementationscould be created to focus on different concerns around data type.Therefore, the working group enabled the creation of a robust dataschema including broad categories of information that may beconsidered sensitive by certain user groups.  The Working Group hopesthat a diverse set of user agents will be created to allow users theability to make identity decisions based on specific collections andtypes of collects if they desire to do so.  For example, a user agentcould allow users to opt to be prompted when medical or financialbeing used.(1)   More information on the debate and the definitions can be foundin Lorrie Faith Cranor's book Web Privacy with P3P, O'Reilly, 2002.--------------------------------------Ari SchwartzAssociate DirectorCenter for Democracy and Technology1634 I Street NW, Suite 1100Washington, DC 20006202 637 9800fax 202 637 0968ari@cdt.orghttp://www.cdt.org------------------------------------",
            "docno": "lists-017-3038619",
            "received": "Wed Aug  6 12:21:56 2003",
            "isoreceived": "20030806162156",
            "sent": "Wed, 6 Aug 2003 12:22:35 0400",
            "isosent": "20030806162235",
            "name": "Ari Schwartz",
            "email": "ri@cdt.org",
            "subject": "[Bug 167] explanation of identified, identifiable, and linked",
            "id": "entifier is being collected, independent of how that information is",
            "charset": "usascii",
            "expires": "1",
            "to": "<public-p3p-spec@w3.org>\n"
        }
    ]
}