{
    "id": "candidate-0240",
    "name": "Hoylen Sue",
    "gender": "FEMALE",
    "email": "hoylen@dstc.edu.au",
    "mails": [
        {
            "body": "Hi,I'm Alistair Barros participating in this working groupfrom the DSTC, a research centre based insunny Queensland, Australia - http://www.dstc.edu.au.DSTC is no stranger to the W3C and OMG space havingparticipated in a number of technical specifications.Of interest to this group will be the UML Profile forEDOC which provides a business process modelling languagecomponent produced with IBM - http://www.omg.org/cgi-bin/doc?ptc/2002-02-05I have a 16 year IT background split over commercialand research activities involving database, workflowand component (J2EE) based research and applications. Last year Iworked on the design of the Queensland Government'se-service framework which exposed me to the complexities involvedin service configuration and deployment, composition and independentbrokerage. I'm now looking at the implications for service compositionin non-regulating environments.In terms of workflow I looked at extensions to (functiondecomposition based) workflow languages and collaboratedwith a number of researchers who produced the set of workflowpatterns (already being discussed in this group's mail) -http://tmitwww.tm.tue.nl/research/patterns/As a separate thread, I also collaborated on OMG's EDOC BPMspec (mentioned above).The different developments of workflow and choreographyspecifications, in my view, are a *positive* indication of thedemand of process languages, within a demand technologysetting. Workflow of itself, with years of commercialpresence, and zillions of publications, didn't have thiskind of luxury. In this respect I disagree with some of thecaution raised against the emergent \"standards\" and remain skepticalabout a single silver bullet.On the other hand developments/lessons of the past need toguide the rigour and \"completeness\" of new choreographylanguages. The contribution of Wil van de Aalst is animportant pointer to the imperative of expressive power andwell-defined semantics of process languages. We also knowthat distinctions should remain between the concrete and abstractlevels of these languages. And finally we know that newer domainslike web services are bound to bring newer requirements notapparent in the past, and these need to be anticipated withfresh eyes.I agree to participate per the charterhttp://www.w3.org/2003/01/wscwg-charter last revised 2003/01/14I do not have personal knowledge of any IPR claims held by DSTCregarding the subject.Cheers, Alistair._______________________________________________________Dr Alistair BarrosSenior Research ScientistDistributed Systems Technology    Phone: +61 7 33654364Centre http://www.dstc.edu.au   Fax: +61 7 33654311General Purpose South BuildingUniversity of QLD Brisbane 4072 Australia_______________________________________________________",
            "docno": "lists-025-7684083",
            "received": "Wed Jan 29 19:30:25 2003",
            "isoreceived": "20030130003025",
            "sent": "Wed, 29 Jan 2003 18:49:25 +1000",
            "isosent": "20030129084925",
            "name": "Alistair Barros",
            "email": "barros@dstc.edu.au",
            "subject": "Introduction",
            "id": "HIEFLCBPHBOMEAGKKEPIIEEECEAA.abarros@dstc.edu.au",
            "charset": "iso-8859-1",
            "expires": "-1",
            "to": "<public-ws-chor-request@w3.org>\n",
            "cc": "<hoylen@dstc.edu.au>,<public-ws-chor@w3.org>\n"
        },
        {
            "body": "Noe,Thank you for your input on \"XQuery 1.0 and XPath 2.0Functions and Operators\" (last call working draft of 2 May2003).This problem has now been fixed.  The function fn:context-itemno longer exists; fn:last and fn:position now both say\"If the context item is undefined, an error is raised.\"The changes will appear in the next release of the F&Odocument.> Definition for fn:context-item, fn:last, fn:position states:> `Returns the empty sequence if the context is the empty sequence'.>> It should be rather `if there is no context item' as in other parts of spec> Context *is* item and could not be empty.> Also there is no precise definition of term `there is no context item'.>> Definition of dynamic context states:> `If evaluation of an expression relies on some part of the dynamic context> that has not been assigned a value, a dynamic error is raised.'> but functions above `relies' on context item to check if it is not defined> and aren't raising error, so it is not the case.HoylenXML Query Working Group--______________________________________________ Dr Hoylen Sueh.sue@dstc.edu.au                    http://www.dstc.edu.au/",
            "docno": "lists-019-3362132",
            "received": "Thu Nov  6 12:55:11 2003",
            "isoreceived": "20031106175511",
            "sent": "07 Nov 2003 03:34:14 +1000",
            "isosent": "20031106173414",
            "name": "Hoylen Sue",
            "email": "hoylen@dstc.edu.au",
            "subject": "[F&amp;O] 16 Context function: Empty context",
            "id": "co1xsl4d0p.fsf@predator.dstc.edu.au",
            "charset": "us-ascii",
            "inreplyto": "002001c3a08c$153b0180$0201a8c0&#64;a2",
            "expires": "-1",
            "to": "public-qt-comments@w3.org\n",
            "cc": " Noe Michejda<noe_michejda@7thportal.pl>\n"
        }
    ]
}