{
    "id": "candidate-0180",
    "name": "Jeff Edelen",
    "gender": "MALE",
    "email": "jeffrey.a.edelen@aexp.com",
    "mails": [
        {
            "body": "Minutes of the 10 March 2004 P3P 1.1 spec wg callPresent:Lorrie CranorDave StampleyJack HumphreyJeff EdelenRegrets:Rigo WenningGiles Hogben1. Agent and domain relationshipsJack described the intended usage of agent and domainrelationships.  It was acknowledged that the general\"ad server\" agent relationship problem may be too complexto solve at present, but a more simple proposal might beable to effectively address some important scenarios,including \"same entity\" relationships.The need for reciprocation in known-hosts declarations wasalso re-examined, with the result that nobody on the callcould provide an example requiring reciprocation.ACTION: Jack to distribute a rough draft of a simplifiedrelationship proposal that provides non-reciprocal known-hostdeclarations using an HTTP header for compact policies anda PRF element for non-compact policies.2. Clarify what we mean by data linked to a cookieThe latest draft proposal<http://lists.w3.org/Archives/Public/public-p3p-spec/2004Mar/0008.html>was well received, with only minor wording changes suggested and agreedupon.ACTION: Lorrie to make agreed upon changes and submit proposal.3. Proposal to deprecate compact policieshttp://lists.w3.org/Archives/Public/public-p3p-spec/2004Feb/0026.htmland Lorrie's feedback from Microsoft meetingLorrie provided feedback from her meeting with Microsoft.-MS opposes the deprecation of compact policies in P3P 1.1, largelybecause of performance implications due to IE's caching implementation.-MS may be open to deprecation in a future version.-MS is open to supporting a compact policy statement grouping mechanismas part of P3P 1.1, to mitigate problems with compact policy accuracyACTION: All to consider possibility of adding statement grouping tocompact policies representation4. Primary purpose specificationThe group briefly discussed Dave's primary purpose proposal, which soughtto address user needs without requiring the compilation of a comprehensivelist of primary purposes.ACTION: Dave to follow up with Lorrie to further clarify goals.5. Set date/time for next call (March 10?)Next call: 17 March 2004, 11:00am ESTAmerican Express made the followingannotations on 03/10/2004 04:14:23 PM------------------------------------------------------------------------------******************************************************************************\"This message and any attachments are solely for the intended recipient and may contain confidential or privileged information. If you are not the intended recipient, any disclosure, copying, use, or distribution of the information included in this message and any attachments is prohibited.  If you have received this communication in error, please notify us by reply e-mail and immediately and permanently delete this message and any attachments.  Thank you.\"******************************************************************************==============================================================================",
            "docno": "lists-017-7825542",
            "received": "Wed Mar 10 18:16:58 2004",
            "isoreceived": "20040310231658",
            "sent": "Wed, 10 Mar 2004 16:15:33 0700",
            "isosent": "20040310231533",
            "name": "Jeffrey A Edelen",
            "email": "jeffrey.a.edelen@aexp.com",
            "subject": "[Minutes] 10 March 2004 P3P spec call",
            "id": "OF7D73DBB0.5C205D6A-ON07256E53.0070518107256E53.007FA876@ipc.us.aexp.com",
            "charset": "usascii",
            "expires": "1",
            "to": "public-p3p-spec@w3.org\n"
        },
        {
            "body": "Minutes of 10 December 2003 P3P Specification CallPresent:Rigo WenningDave StampleyGiles HogbenBrooks DobbsJack HumphreyJeff Edelen1/ Report on P3P Beyond HTTPRigo provided an update on the P3P and WSDL effort.  Expect P3P to defineattributes in a p3p namespace for use by WSDL.  The discussion went into detailbeyond this scribe's ability to capture in the minutes, but there seemed to beconsensus as to the approach, and ammendments to these minutes are welcomed onthe mailing list.2/ Continued discussion of agent-relationshipsACTION: Jack to distribute revised proposal.In discussion as to the feasibility of using the \"referer\" header, Rigo pointedout that, in addition to other arguments against this approach, the \"referer\"header is not to be sent in the safe zone.After further discussion of typical use-cases involving agent-relationships, itwas agreed that the problem statement requires clarification.ACTION: All to continue to define problem statement on the mailing list.3/ discuss the link-texts from Giles and Jeff+are they ready+Where should they go,Discussed Giles' 10/15 email \"Cookie linking v2\".Jeff requested clarification as to what information linkages need to bedisclosed at set-cookie time.  Rigo's position that all linked information,both on-line and off-line, requires disclosure was agreed, with some discussionas to what constitutes a \"reasonable\" linkage.Giles: Can we apply the concept of proportionality as to what information canbe \"reasonably deduced?\"Brooks: Declare linkages if the architecture employed is the same as anarchitecture one would employ if the intent were to facilitate the linking.(Jeff: My apologies for the phrasing)Rigo's suggestion that we need better guidelines on cookie usage in P3P wasagreed.Discussed the implications of policy evaluation at cookie replay time, versusset-cookie time.  Arguments for policy evaluation at cookie replay time wereadvanced, but further analysis is needed.ACTION: All to continue discussion of policy evaluation at replay time on themailing list.ACTION: Giles to update cookie linking text to address the effects of addinglinked information to an existing cookie, assuming policy evaluation atset-cookie time.  That effect being that a new cookie must be set, with the newpolicy.4/ decision on consent-choicesShould we go for the proposal as is? Which deadline for commentsdo we give?No time for this discussion.5/ Next call proposed for 17 December 2003.American Express made the followingannotations on 12/10/2003 11:33:11 AM------------------------------------------------------------------------------******************************************************************************\"This message and any attachments are solely for the intended recipient and may contain confidential or privileged information. If you are not the intended recipient, any disclosure, copying, use, or distribution of the information included in this message and any attachments is prohibited.  If you have received this communication in error, please notify us by reply e-mail and immediately and permanently delete this message and any attachments.  Thank you.\"******************************************************************************==============================================================================",
            "docno": "lists-017-3546072",
            "received": "Wed Dec 10 13:33:14 2003",
            "isoreceived": "20031210183314",
            "sent": "Wed, 10 Dec 2003 11:33:13 0700",
            "isosent": "20031210183313",
            "name": "Jeffrey A Edelen",
            "email": "jeffrey.a.edelen@aexp.com",
            "subject": "MINUTES of 10 December 2003 P3P Specification Call",
            "id": "OFD57C1F01.CA305B14-ON07256DF8.0065AAA407256DF8.0065E92C@ipc.us.aexp.com",
            "charset": "usascii",
            "expires": "1",
            "to": "public-p3p-spec@w3.org\n"
        },
        {
            "body": "Minutes of the 13 August P3P 1.1 spec wg callPresent:Lorrie CranorPatrick HungRigo WenningGiles HogbenJeff EdelenEric Brunner-WilliamsAri Schwartz1. Task force reports- P3P beyond HTTP - Patrick Hung- Nothing new to report.  Waiting for comments.- WG comments not yet provided to Liberty- ACTION: TF to decide what we want to propose for inclusion in the1.1 spec- User agent behavior - Lorrie Cranor- No comments received on last draft of translation- ACTION: All interested parties to please provide any comments this week- Some legal folks have expressed concern over aspects of the legalterminology used in the spec.  Attempting to collect a proposal to putforward to address these concerns.- ACTION: Lorrie to post a summary of the legal discussion- Article 10 vocabulary issues - Giles Hogben- Nothing new to report- No other TF reports discussed2. Discussion of Ari's revised identified/identifiable/linkclarification draft.- Agreed that headings should be changed, bullet points removed, andverbiage around \"usage\" and \"storage\" re-examined.- Agreed to add rational explaining the need to distinguish betweenidentified and identifiable- ACTION: Ari to update doc and distribute for review3. Discussion of Jeremy's grouping draft and related proposals- Jeremy not present for discussion- Grouping has come up in a couple of contexts- A large number of statements on some policies may overwhelm the user.Grouping of statements can make reading the policy easier.- The same grouping mechanism could potentially be used for consentchoices- Rigo expressed concern that the user would need to figure out whatstatement groups apply, and also that we should encourage multiplepolicies with relevant statements for a site versus a small number oflarge policies- Lorrie observed that many companies have valid legal and organizationalreasons to use large policies, that they will do so, and that statementgrouping may improve the user experience at least somewhat- Awaiting an updated specification from Jeremy that delves into moredetail for potential inclusion in the 1.1 spec4. Discussion of performance issues (raised by Jeremy)- Jeremy not available5. Set date for next call (Aug 20?)- Not discussed (or maybe I just hung up too soon...)American Express made the followingannotations on 08/13/2003 10:13:47 AM------------------------------------------------------------------------------******************************************************************************\"This message and any attachments are solely for the intended recipient and may contain confidential or privileged information. If you are not the intended recipient, any disclosure, copying, use, or distribution of the information included in this message and any attachments is prohibited.  If you have received this communication in error, please notify us by reply e-mail and immediately and permanently delete this message and any attachments.  Thank you.\"******************************************************************************==============================================================================",
            "docno": "lists-017-3171924",
            "received": "Wed Aug 13 13:15:35 2003",
            "isoreceived": "20030813171535",
            "sent": "Wed, 13 Aug 2003 10:22:23 0700",
            "isosent": "20030813172223",
            "name": "Jeffrey A Edelen",
            "email": "jeffrey.a.edelen@aexp.com",
            "subject": "MINUTES: 13 August 2003 P3P spec call",
            "id": "OF2A289CBB.3D5D2D4EON07256D81.005EDC48@ipc.us.aexp.com",
            "charset": "usascii",
            "expires": "1",
            "to": "public-p3p-spec@w3.org\n",
            "cc": "lorrie@research.att.com\n"
        },
        {
            "body": "Minutes of the 23 February 2004 P3P 1.1 spec wg callPresent:Lorrie CranorDave StampleyBrooks DobbsRigo WenningAri SchwartzPatrick HungGiles HogbenJeff Edelen1. Agent and domain relationshipshttp://www.w3.org/Bugs/Public/show_bug.cgi?id=522(Jack please circulate new draft)While no draft was available for review, there was considerable discussionsurrounding the need for a clear definition of an \"ours relationship\" as itpertains to KNOWN-HOSTS.  Brooks suggested that it would be helpful if therewere a way to distinguish between a \"same entity relationship\" and an \"agentrelationship\" to allow user agents to make use of that distinction.ACTION: Brooks to work with Jack on revised draft proposal which will bedistributed to the list.2. Primary purpose specification(Dave please circulate a draft)No updates.ACTION: Dave to meet with Jeff and Ari to prepare a draft for discussion.Others interested in meeting on this topic, please contact Dave.3. Clarify what we mean by data linked to a cookiehttp://www.w3.org/Bugs/Public/show_bug.cgi?id=172There is general consensus that the most current proposal by Lorrie is close.Some questions remain as to the need to disclose \"linkable\" data as \"linked\"when data are co-resident in a logfile but there is no intent to link.  Aredata effectively linked due to proximity in a logfile?ACTION: Lorrie to update proposal to address the issue.4. Proposal to deprecate compact policieshttp://lists.w3.org/Archives/Public/public-p3p-spec/2004Feb/0026.htmlConsiderable support for this proposal has been expressed within the group.Those with concerns are urged to actively participate in the discussion,allowing the group to understand their concerns.5. P3P Generic attribute for XML applicationshttp://lists.w3.org/Archives/Public/public-p3p-spec/2004Feb/0019.htmlDiscussion deferred due to time constraints.6. Set date/time for next callNext call: 1 March 2004, 11:00am ESTAmerican Express made the followingannotations on 02/23/2004 11:08:20 AM------------------------------------------------------------------------------******************************************************************************\"This message and any attachments are solely for the intended recipient and may contain confidential or privileged information. If you are not the intended recipient, any disclosure, copying, use, or distribution of the information included in this message and any attachments is prohibited.  If you have received this communication in error, please notify us by reply e-mail and immediately and permanently delete this message and any attachments.  Thank you.\"******************************************************************************==============================================================================",
            "docno": "lists-017-7180922",
            "received": "Mon Feb 23 13:08:24 2004",
            "isoreceived": "20040223180824",
            "sent": "Mon, 23 Feb 2004 11:09:21 0700",
            "isosent": "20040223180921",
            "name": "Jeffrey A Edelen",
            "email": "jeffrey.a.edelen@aexp.com",
            "subject": "[Minutes] 23 February 2004 P3P spec call",
            "id": "OFF65F3086.8B7F6888-ON07256E43.005E4C4507256E43.0063A2E4@ipc.us.aexp.com",
            "charset": "usascii",
            "expires": "1",
            "to": "public-p3p-spec@w3.org\n"
        },
        {
            "body": "Hi-I just wanted to briefly introduce myself to the other P3P 1.1 Specification WGmembers.  I will be representing American Express on the WG, with particularinterest in the User Agent Behavior and Compact Policies task forces.  As luckwould have it, I'm unavailable for tomorrow's WG call, but I would like toattend the UA TF call on Thursday.Regards,Jeff EdelenAmerican Express---------------------- Forwarded by Jeffrey A Edelen/AMER/TRS/AEXP on06/10/2003 08:42 PM ---------------------------From:  \"Lorrie Cranor\" <lorrie@research.att.com>@w3.org on 06/04/2003 04:00 PMASTSent by:    public-p3p-spec-request@w3.orgSubject:    UA: next UA TF call 12 June, 11 amThe next User agent task force call will be on Thursday, June 12 at 11am US Eastern. We will use our usual dial-in number (seehttp://www.w3.org/P3P/Group/Specification/1.1/meetings.html)AGENDADiscussion of user agent guidelines (and results of full WG discussionon June 11) http://www.w3.org/P3P/2003/ua-guidelines.htmlDiscussion of proposed translation -- we will focus on any feedbackthe remaining areas of disagreement between Lorrie's proposal andJeremy's proposal http://www.w3.org/P3P/2003/p3p-translation.htm  --These areas are:- the access heading and the various access fields- the entity heading- the categories heading- pseudo-analysis- pseudo-decision- individual-analysis- individual-decision- computer- stateAmerican Express made the followingannotations on 06/10/2003 08:53:53 PM------------------------------------------------------------------------------******************************************************************************\"This message and any attachments are solely for the intended recipient and may contain confidential or privileged information. If you are not the intended recipient, any disclosure, copying, use, or distribution of the information included in this message and any attachments is prohibited.  If you have received this communication in error, please notify us by reply e-mail and immediately and permanently delete this message and any attachments.  Thank you.\"******************************************************************************==============================================================================",
            "docno": "lists-017-4430665",
            "received": "by June 10 (PLEASE SEND YOUR FEEDBACK BY JUNE 10!) as well as",
            "isoreceived": "20030611035444",
            "sent": "Tue, 10 Jun 2003 21:02:47 0700",
            "isosent": "20030611040247",
            "name": "Jeffrey A Edelen",
            "email": "jeffrey.a.edelen@aexp.com",
            "subject": "UA: next UA TF call 12 June, 11 am",
            "id": "OF3EEDFE2C.5900A5B4ON07256D42.00153662@ipc.us.aexp.com",
            "charset": "usascii",
            "expires": "1",
            "to": "    public-p3p-spec@w3.org\n",
            "cc": "\n"
        },
        {
            "body": "Hello-I'd like to describe in a bit more detail an issue raised during the 1 Oct 2003spec call.  The discussion was captured in the minutes as follows:4/ Giles: cookie is like a database identifierJeff: whether use is intended or not, one has to declare.GH: doesn't have to be unique ID. It has the purpose to selecta bunch of records in a database.Jeff: cases are sites with single sign-on etc and scope is notalways clear. Has to be clarified what happens with theinformation, e.g. purpose.Jeff: also when converting to compact policy, it loosessemantics and sounds more that the actual collection is.Action: Giles: Write some paragraphs about linked data andcookies.Action: Jeff: Write some paragraphs describing the issue.My observation was that is a common practice for sites to use a single sign-oncookie that can be linked to all of the personally identifiable informationmaintained about the user.  As I understand the spec, the associated cookiepolicy must cover any data that is linked via the cookie.  For someorganizations, such a policy will likely contain many statements, to accountfor the diversity of purposes, data categories, and recipients associated withthe various types of personally identifiable information being maintained.As called out in section 4.5 of the spec, when transforming a full policy to acompact policy, policy information may be lost.\"The transformation of a P3P policy to a P3P compact policy may result in aloss of descriptive policy information -- the compact policy may not containall of the policy information specified in the full P3P policy. Theinformation from the full policy that is discarded when building a compactpolicy includes expiry, data group/data-schema elements, entity elements,consequences elements, and disputes elements are reduced.\"In addition to the losses pointed out above, the information that organizespurposes, categories, and recipients into meaningful statements is lost, aswell.  A full policy might disclose that online contact information may beshared with other-recipients unless the user opts-out but that financialinformation is only used internally.  Once transformed into a compact policy,however, the tie between the data category and who the information is sharedwith is lost.  Perhaps my financial information will be shared unless Iopt-out.  I don't suspect that I'm the first person to point this out, andperhaps this isn't an issue, given the intended usage of compact policies.  Ifa user agent is only going to employ relatively simple rules around cookiehandling (e.g., \"any PII sharing without explicit consent is forbidden\"), thenI suppose this level of granularity is sufficient.Regards,Jeff EdelenAmerican Express made the followingannotations on 10/14/2003 06:35:43 PM------------------------------------------------------------------------------******************************************************************************\"This message and any attachments are solely for the intended recipient and may contain confidential or privileged information. If you are not the intended recipient, any disclosure, copying, use, or distribution of the information included in this message and any attachments is prohibited.  If you have received this communication in error, please notify us by reply e-mail and immediately and permanently delete this message and any attachments.  Thank you.\"******************************************************************************==============================================================================",
            "docno": "lists-017-6119859",
            "received": "Tue Oct 14 21:36:39 2003",
            "isoreceived": "20031015013639",
            "sent": "Tue, 14 Oct 2003 18:46:08 0700",
            "isosent": "20031015014608",
            "name": "Jeffrey A Edelen",
            "email": "jeffrey.a.edelen@aexp.com",
            "subject": "Compact Policies and information loss",
            "id": "OFB7A5C69E.D84A5960-ON07256DBF.0082591A07256DC0.0008C21B@ipc.us.aexp.com",
            "charset": "usascii",
            "expires": "1",
            "to": "public-p3p-spec@w3.org\n"
        }
    ]
}