{
    "id": "candidate-0221",
    "name": "Mary Holstege",
    "gender": "FEMALE",
    "email": "holstege@mathling.com",
    "mails": [
        {
            "body": "Hi Mary,Mary Holstege wrote on 2004-02-12 04:15:46 PM:> [G] [Section 3: Serialization Parameters] Namespace binding generationought> to be explicitly called out either as its own phase or as part of markup> generation.>> On behalf of the XML Schema WG.I need a clarification on this comment.  When you speak of \"Namespacebinding generation\", are you speaking of the process of actually creating,given a namespace node, the characters for an attribute in the serializedresult of the form xmlns:pre=\"uri\" or xmlns=\"uri\"?  Or are you speaking ofthe process of ensuring that, given an element or attribute node whoseexists?Thanks to you and the XML Schema WG for this comment.Thanks,Henry------------------------------------------------------------------Henry Zongaro      Xalan developmentIBM SWS Toronto Lab   T/L 969-6044;  Phone +1 905 413-6044mailto:zongaro@ca.ibm.com",
            "docno": "lists-020-6503123",
            "received": "Fri Mar  5 13:21:35 2004",
            "isoreceived": "20040305182135",
            "sent": "Fri, 5 Mar 2004 13:20:49 -0500",
            "isosent": "20040305182049",
            "name": "is in a particular namespace, a namespace node for that namespace URI",
            "email": "zongaro@ca.ibm.com",
            "subject": "Re: [Serialization] SCHEMA-G",
            "id": "OFDCD7ADF3.F6A892C5-ON85256E4E.0060F7F0-85256E4E.0064C8F4@ca.ibm.com",
            "charset": "US-ASCII",
            "inreplyto": "16427.60674.267000.494188&#64;gargle.gargle.HOWL",
            "expires": "-1",
            "to": "holstege@mathling.com\n",
            "cc": "public-qt-comments@w3.org\n"
        },
        {
            "body": "Mary,In [1], you submitted the following comment on the Last Call WorkingDraft of XSLT 2.0 and XQuery 1.0 Serialization on behalf of the XML SchemaWorking Group.> [H] [Section 4: XML Output Method] The exception to theround-trippability> of the serialization is unclear: \"Additional nodes may be present in thenew> tree, and the values of attribute nodes and text nodes in the new treemay> be different from those in the original tree, due to the characterexpansion> phase of serialization.\">> What additional nodes may be present? How may they differ? As writtenthis> sentence is ambiguous and may be read as allowing _any_ additional nodesin> the tree.Thanks to Mary and the XML Schema Working Group for this comment.The XSL and XQuery Working Groups discussed the comment, and decidedto add a note to clarify the situation.  I would like to add the followingnote to the final bullet of the bulleted list in section 4.<<Note:  The use-character-maps parameter can cause arbitrary characters tobe inserted into the serialized XML document in an unescaped form,including characters that would be considered part of XML markup.  Suchcharacters could result in arbitrary new element nodes, attribute nodes,and so on, in the new tree that results from processing the serialized XMLdocument.>>May I ask you to confirm that this response is acceptable to the XMLSchema Working Group?Thanks,Henry[1]http://lists.w3.org/Archives/Public/public-qt-comments/2004Feb/0268.html------------------------------------------------------------------Henry Zongaro      Xalan developmentIBM SWS Toronto Lab   T/L 969-6044;  Phone +1 905 413-6044mailto:zongaro@ca.ibm.com",
            "docno": "lists-019-11509896",
            "received": "Tue Apr 13 10:36:57 2004",
            "isoreceived": "20040413143657",
            "sent": "Tue, 13 Apr 2004 10:36:16 -0400",
            "isosent": "20040413143616",
            "name": "Henry Zongaro",
            "email": "zongaro@ca.ibm.com",
            "subject": "Re: [Serialization] SCHEMA-H",
            "id": "OF61224C98.D555B9B0-ON85256E74.006EDB0B-85256E75.00503810@ca.ibm.com",
            "charset": "US-ASCII",
            "inreplyto": "16427.60697.230000.575363&#64;gargle.gargle.HOWL",
            "expires": "-1",
            "to": "holstege@mathling.com\n",
            "cc": "public-qt-comments@w3.org\n"
        },
        {
            "body": "Mary:You may have missed the paragraph at the start of 9.4 that explains thatthe extraction functions, in fact, work on the localized value ofdateTime etc.  See below.\"The extraction functions specified below extract a single componentfrom a duration, date or time value. For xs:dateTime, xs:date andxs:time the localized value is used. To get the value of a componentfrom the normalized value, the xs:dateTime, xs:date or xs:time mustfirst be adjusted to UTC or timezone Z. This is illustrated in some ofthe examples in this section.\"The \"adjustment\" functions in 9.6 take a date/time in one timezone andreturn the identical instant in another timezone.  I think this isuseful and we have not had any comments recently that they be removed.As for the other date/time/duration functions, yes, there are a largenumber of them.  We have had considerable discussion on them (before youwere a member of the WG) and the content of the F&O reflects the statusquo.  I'm reluctant to reopen this issue, or we will never get done!All the best, Ashok-----Original Message-----From: public-qt-comments-request@w3.org[mailto:public-qt-comments-request@w3.org] On Behalf Of Mary HolstegeSent: Thursday, March 04, 2004 6:49 AMSubject: [F&O] CER-16 Functions of Durations, Dates, and TimesF&O [9] Functions of Durations, Dates, and TimesThe dateTime, date, and time component accessors are not very useful, astheyalways return the values for Z (UTC) rather than for the implicittimezone orsome specified timezone. Thus for 12/31/2003 at 9am (Pacific) you get2004rather than 2003 as the year. This is because they are defined in termsof theXML Schema canonical forms, which are always in UTC (if a timezone ispresentat all).Similarly, we find the description of the operation of the functions insection 9.6 (adjusting to timezone) and hence their utility unclear, asresultsare shown with strings, none of which is the result of casting a date ordateTime to a string, as none is in canonical form. Given the nature ofthecomponent accessors, it is unclear what the benefit of adjusting thetimezonemight be.Many of the date/time/duration-related functions and operators are ofverylimited utility and add a great deal of implementation cost and userconfusion. Suggest removing all the functions in section 9.4, as theISO8601time formats are readily parsable as strings, perhaps replacing themwithfunctions to map dayTimeDuration and monthDayDurations to numericvalues. Suggest removing all the functions in section 9.6 as well as themultiplication and division operators in section 9.5 as being of verymarginalutility for the cost. The net effect would be substantial reduction inthenumber of functions that implementors must implement and that users mustbeaware of, with no substantial loss of functionality.If the dateTime and time component accessors are kept, then please add aparameter indicating which timezone the accessor should be applied to,orspecify that the accessor should be performed relative to the implicittimezone, or specify that the component should be the value of thecomponent inthe underlying value space.If the timezone adjustment values are kept, it might be appropriate todefinethem as returning string values, or to define functions that will renderdateTime, time, or date values as string values relative to sometimezone (theunderlying timezone component in the value space, the implicit timezone,or atimezone given as a parameter to the function).",
            "docno": "lists-020-7274255",
            "received": "Thu Mar 11 14:36:41 2004",
            "isoreceived": "20040311193641",
            "sent": "Thu, 11 Mar 2004 11:36:06 -0800",
            "isosent": "20040311193606",
            "name": "Ashok Malhotra",
            "email": "shokma@microsoft.com",
            "subject": "RE: [F&amp;O] CER-16 Functions of Durations, Dates, and Times",
            "id": "EDB607C8AC991F40BE646533A1A673E8017EAFBC@RED-MSG-42.redmond.corp.microsoft.com",
            "charset": "us-ascii",
            "inreplyto": "[F&amp;O] CER-16 Functions of Durations, Dates, and Times",
            "expires": "-1",
            "to": " public-qt-comments@w3.org\n"
        },
        {
            "body": "Mary,In [1], you submitted the following comment on the Serialization lastcall draft on behalf of the XML Schema WG.Mary Holstege wrote on 2004-02-12 04:11:28 PM:> [A] [Section 3: Serialization Parameters] This section outlines 15> serialization parameters. These parameters have informal descriptions -such> as 'The value must be yes or no', etc. It is possible to describe allthe> parameters, except 'use-character-maps', using XML Schema data types.> Suggested descriptions are,>>  encoding: a new datatype derived from 'xs:string'>  cdata-section-element: a list of 'xs:QName'>  doctype-system: a new datatype derived from 'xs:string'>  doctype-public: a new datatype derived from 'xs:string'>  escape-uri-attributes: 'xs:boolean'>  include-content-type: 'xs:boolean'>  indent: 'xs:boolean'>  media-type: a new datatype derived from 'xs:string'>  normalize-unicode: 'xs:boolean'>  omit-xml-declaration: 'xs:boolean'>  standalone: 'xs:boolean'>  undeclare-namespaces: 'xs:boolean'>  version: a new datatype derived from 'xs:string'>  use-character-maps: NONE (see related issue, [N])>  method: 'xs:QName'Thanks to you and the Schema WG for this comment.The XSL and XQuery working groups considered the comment, and agreedthat the definitions of the permissible sets of values need to bespecified more clearly.  However, the working groups did not feel it wasnecessary to describe the values with reference to the XML Schema datatypes, as the serialization parameters are not part of an API, but merelya formalism used between specifications.The working groups would like to replace the descriptions of thevalues of the parameters that appears in the bulleted list in Section 3,with a table.  The following is my proposed replacement.<<+----------------------+------------------------------------------------+|PARAMETER NAME        |PERMITTED VALUES FOR PARAMETER                  |+----------------------+------------------------------------------------+|cdata-section-elements|A list of expanded-QNames, possibly empty.      |+----------------------+------------------------------------------------+|doctype-public        |A string of Unicode characters.  This parameter ||                      |is optional.                                    |+----------------------+------------------------------------------------+|doctype-system        |A string of Unicode characters.  This parameter ||                      |is optional.                                    |+----------------------+------------------------------------------------+|encoding              |A string of Unicode characters in the range #x21||                      |to #x7E (that is, printable ASCII characters);  ||                      |the value should be a charset registered with   ||                      |the Internet Assigned Numbers Authority [IANA], ||                      |[RFC2278] or begin with the characters x- or X-.|+----------------------+------------------------------------------------+|escape-uri-attributes |One of the enumerated values yes or no          |+----------------------+------------------------------------------------+|include-content-type  |One of the enumerated values yes or no          |+----------------------+------------------------------------------------+|indent                |One of the enumerated values yes or no          |+----------------------+------------------------------------------------+|media-type            |A string of Unicode characters specifying the   ||                      |media type (MIME content type) [RFC2376]; the   ||                      |charset parameter of the media type must not be ||                      |specified explicitly.                           |+----------------------+------------------------------------------------+|method                |An expanded-QName with a null namespace URI, and||                      |the local part of the name equal to xml, xhtml, ||                      |html or text, or having a non-null namespace    ||                      |URI.  If the namespace URI is non-null, the     ||                      |parameter specifies an implementation-defined   ||                      |output method.                                  |+----------------------+------------------------------------------------+|normalize-unicode     |One of the enumerated values yes or no          |+----------------------+------------------------------------------------+|omit-xml-declaration  |One of the enumerated values yes or no          |+----------------------+------------------------------------------------+|standalone            |One of the enumerated values yes, no or none    |+----------------------+------------------------------------------------+|undeclare-namespaces  |One of the enumerated values yes or no          |+----------------------+------------------------------------------------+|use-character-maps    |A list of pairs, possibly empty, with each pair ||                      |consisting of a single Unicode character and a  ||                      |string of Unicode characters.                   |+----------------------+------------------------------------------------+|version               |A string of Unicode characters.                 |+----------------------+------------------------------------------------+>>May I ask you to confirm that this response is acceptable to the XMLSchema WG?Thanks,Henry------------------------------------------------------------------Henry Zongaro      Xalan developmentIBM SWS Toronto Lab   T/L 969-6044;  Phone +1 905 413-6044mailto:zongaro@ca.ibm.com",
            "docno": "lists-020-8328363",
            "received": "Sun Mar 28 18:19:30 2004",
            "isoreceived": "20040328231930",
            "sent": "Sun, 28 Mar 2004 18:18:19 -0500",
            "isosent": "20040328231819",
            "name": "Henry Zongaro",
            "email": "zongaro@ca.ibm.com",
            "subject": "Re: [Serialization] SCHEMA-A",
            "id": "OF9F75CE87.3524B7C8-ON85256E65.005CDEE0-85256E65.008003E4@ca.ibm.com",
            "charset": "US-ASCII",
            "inreplyto": "16427.60416.536000.956611&#64;gargle.gargle.HOWL",
            "expires": "-1",
            "to": "holstege@mathling.com\n",
            "cc": "public-qt-comments@w3.org\n"
        },
        {
            "body": "Mary,In [1], you submitted the following comment on the Last Call WorkingDraft of XSLT 2.0 and XQuery 1.0 Serialization on behalf of the XML SchemaWorking Group.> [I] [Section 4.3: XML Output Method: the indent Parameter] licenses the> addition of additional whitespace; this is not called out as permittedunder> the rules in section 4, however.Thanks to you and the XML Schema Working Group for this comment.The XSL and XQuery Working Groups discussed the comment, and agreed.The following item will be added to the bulleted list in section 4 toaddress this comment:<<o Additional text nodes consisting of whitespace characters may be presentin the new tree and some text nodes in the new tree may contain additionalwhitespace characters that were not present in the original tree if theindent parameter has the value yes, as described in 4.3 XML Output Method:the indent Parameter.>>May I ask you to confirm that this response is acceptable to the XMLSchema Working Group?Thanks,Henry[1]http://lists.w3.org/Archives/Public/public-qt-comments/2004Feb/0269.html------------------------------------------------------------------Henry Zongaro      Xalan developmentIBM SWS Toronto Lab   T/L 969-6044;  Phone +1 905 413-6044mailto:zongaro@ca.ibm.com",
            "docno": "lists-019-11481403",
            "received": "Tue Apr 13 10:20:02 2004",
            "isoreceived": "20040413142002",
            "sent": "Tue, 13 Apr 2004 10:19:24 -0400",
            "isosent": "20040413141924",
            "name": "Henry Zongaro",
            "email": "zongaro@ca.ibm.com",
            "subject": "Re: [Serialization] SCHEMA-I",
            "id": "OF966257D5.3B20098C-ON85256E74.006EB102-85256E75.004EACD4@ca.ibm.com",
            "charset": "US-ASCII",
            "inreplyto": "16427.60719.582000.558694&#64;gargle.gargle.HOWL",
            "expires": "-1",
            "to": "holstege@mathling.com\n",
            "cc": "public-qt-comments@w3.org\n"
        },
        {
            "body": "> Mary,>>      In [1], you submitted the following comment on the Last> Call Working> Draft of XSLT 2.0 and XQuery 1.0 Serialization on behalf of> the XML Schema> Working Group.>> > [I] [Section 4.3: XML Output Method: the indent Parameter]> licenses the> > addition of additional whitespace; this is not called out> as permitted> under> > the rules in section 4, however.>>      Thanks to you and the XML Schema Working Group for this comment.>>      The XSL and XQuery Working Groups discussed the comment,> and agreed.> The following item will be added to the bulleted list in section 4 to> address this comment:>> <<> o Additional text nodes consisting of whitespace characters> may be present> in the new tree and some text nodes in the new tree may> contain additional> whitespace characters that were not present in the original> tree if the> indent parameter has the value yes, as described in 4.3 XML> Output Method:> the indent Parameter.> >>A point of detail: indentation is only allowed to create new whitespace textnodes, or to modify a text node that consists entirely of whitespacecharacters so that it contains different whitespace characters.Michael Kay",
            "docno": "lists-019-11575705",
            "received": "Tue Apr 13 10:57:59 2004",
            "isoreceived": "20040413145759",
            "sent": "Tue, 13 Apr 2004 15:57:50 +0100",
            "isosent": "20040413145750",
            "name": "Michael Kay",
            "email": "hk@mhk.me.uk",
            "subject": "RE: [Serialization] SCHEMA-I",
            "id": "20040413145758.C6FBDA1312@frink.w3.org",
            "charset": "us-ascii",
            "inreplyto": "OF966257D5.3B20098C-ON85256E74.006EB102-85256E75.004EACD4&#64;ca.ibm.com",
            "expires": "-1",
            "to": "<holstege@mathling.com>\n",
            "cc": "<public-qt-comments@w3.org>\n"
        },
        {
            "body": "Mary,In [1], you submitted the following comment on the Last Call WorkingDraft of XSLT 2.0 and XQuery 1.0 Serialization on behalf of the XML SchemaWorking Group:> [B] [Section 2: Serializing Arbitrary Data Models] \"cast as xs:string\"is a> key phrase in this section. To improve readability, there should be a> pointer to what \"cast as xs:string\" means.>> We found 2 locations where how to \"cast as xs:string\" is indirectly> described,>> [1]>http://www.w3.org/TR/2003/WD-xpath-datamodel-20031112/#ElementNodeAccessors> (see dm:string-value)> [2]>http://www.w3.org/TR/2003/WD-xpath-datamodel-20031112/#AttributeNodeAccessors> (see dm:string-value)>> We found 1 location where how to \"cast to string is directly described,>> [3]http://www.w3.org/TR/2003/WD-xpath-functions-20031112/#casting-to-stringThanks to you and to the working group for this comment.The XSL and XML Query Working Groups discussed the comment, andagreed that the description should indicate that Section 2 ofSerialization should refer to a normative definition of casting to string.The working groups decided the normative definition should be that foundin the Functions and Operators draft.[3]May I ask you to confirm that the working group finds the responseacceptable?Thanks,Henry [On behalf of the XSL and XML Query Working Groups][4]http://lists.w3.org/Archives/Public/public-qt-comments/2004Feb/0262.html------------------------------------------------------------------Henry Zongaro      Xalan developmentIBM SWS Toronto Lab   T/L 969-6044;  Phone +1 905 413-6044mailto:zongaro@ca.ibm.com",
            "docno": "lists-019-12421480",
            "received": "Wed Apr 28 12:08:32 2004",
            "isoreceived": "20040428160832",
            "sent": "Wed, 28 Apr 2004 12:07:30 -0400",
            "isosent": "20040428160730",
            "name": "Henry Zongaro",
            "email": "zongaro@ca.ibm.com",
            "subject": "Re: [Serialization] SCHEMA-B",
            "id": "OFDBF3FA28.8821B096-ON85256E78.00726E67-85256E84.0058936A@ca.ibm.com",
            "charset": "US-ASCII",
            "inreplyto": "16427.60467.589000.72975&#64;gargle.gargle.HOWL",
            "expires": "-1",
            "to": "holstege@mathling.com\n",
            "cc": "public-qt-comments@w3.org\n"
        },
        {
            "body": "F&O [9] Functions of Durations, Dates, and TimesThe dateTime, date, and time component accessors are not very useful, as theyalways return the values for Z (UTC) rather than for the implicit timezone orsome specified timezone. Thus for 12/31/2003 at 9am (Pacific) you get 2004rather than 2003 as the year. This is because they are defined in terms of theXML Schema canonical forms, which are always in UTC (if a timezone is presentat all).Similarly, we find the description of the operation of the functions insection 9.6 (adjusting to timezone) and hence their utility unclear, as resultsare shown with strings, none of which is the result of casting a date ordateTime to a string, as none is in canonical form. Given the nature of thecomponent accessors, it is unclear what the benefit of adjusting the timezonemight be.Many of the date/time/duration-related functions and operators are of verylimited utility and add a great deal of implementation cost and userconfusion. Suggest removing all the functions in section 9.4, as the ISO8601time formats are readily parsable as strings, perhaps replacing them withfunctions to map dayTimeDuration and monthDayDurations to numericvalues. Suggest removing all the functions in section 9.6 as well as themultiplication and division operators in section 9.5 as being of very marginalutility for the cost. The net effect would be substantial reduction in thenumber of functions that implementors must implement and that users must beaware of, with no substantial loss of functionality.If the dateTime and time component accessors are kept, then please add aparameter indicating which timezone the accessor should be applied to, orspecify that the accessor should be performed relative to the implicittimezone, or specify that the component should be the value of the component inthe underlying value space.If the timezone adjustment values are kept, it might be appropriate to definethem as returning string values, or to define functions that will renderdateTime, time, or date values as string values relative to some timezone (theunderlying timezone component in the value space, the implicit timezone, or atimezone given as a parameter to the function).",
            "docno": "lists-020-6210533",
            "received": "Thu Mar  4 10:11:19 2004",
            "isoreceived": "20040304151119",
            "sent": "Thu, 4 Mar 2004 06:49:27 -0800",
            "isosent": "20040304144927",
            "name": "Mary Holstege",
            "email": "holstege@mathling.com",
            "subject": "[F&amp;O] CER-16 Functions of Durations, Dates, and Times",
            "id": "16455.16887.21000.202393@gargle.gargle.HOWL",
            "charset": "us-ascii",
            "expires": "-1",
            "to": "public-qt-comments@w3.org\n"
        },
        {
            "body": "Mary,In [1], you submitted the following comment on the Last Call WorkingDraft of XSLT 2.0 and XQuery 1.0 Serialization on behalf of the XML SchemaWorking Group:Mary Holstege wrote on 2004-02-12 04:18:57 PM:> Editorial>> [P] [Section 3: Serialization Parameters] Though the title is'Serialization> Parameters', this section also outlines the four phases ofserialization.> Request to break this section into two: 'Serialization Parameters' and> 'Serialization'.I have applied the editorial change that you suggested, splitting thesection into two.  I named the second section \"Phases of Serialization\".Thanks to you and the Schema WG for this comment.Thanks,Henry[1]http://lists.w3.org/Archives/Public/public-qt-comments/2004Feb/0276.html------------------------------------------------------------------Henry Zongaro      Xalan developmentIBM SWS Toronto Lab   T/L 969-6044;  Phone +1 905 413-6044mailto:zongaro@ca.ibm.com",
            "docno": "lists-020-5691962",
            "received": "Sun Jun 13 15:21:11 2004",
            "isoreceived": "20040613192111",
            "sent": "Sun, 13 Jun 2004 15:20:41 -0400",
            "isosent": "20040613192041",
            "name": "Henry Zongaro",
            "email": "zongaro@ca.ibm.com",
            "subject": "Re: [Serialization] SCHEMA-P",
            "id": "OFD2036AD0.9DA27C48-ON85256EB2.0069FC34-85256EB2.006A3FFF@ca.ibm.com",
            "charset": "US-ASCII",
            "inreplyto": "16427.60865.21000.99679&#64;gargle.gargle.HOWL",
            "expires": "-1",
            "to": "holstege@mathling.com\n",
            "cc": "public-qt-comments@w3.org\n"
        },
        {
            "body": "Mary,In [1], you submitted the following comment on the Last Call WorkingDraft of XSLT 2.0 and XQuery 1.0 Serialization on behalf of the XML SchemaWorking Group:Mary Holstege wrote on 2004-02-12 04:19:19 PM:> Editorial>> [Q] [Section 4.5: XML Output Method: the omit-xml-declaration Parameter]> This section jams two parameters, omit-xml-declaration and standalone.> Suggestion: split them into 2 sections.Thanks to you and the Schema Working Group for this comment.  I feltthat the effect of the standalone parameter is too tightly coupled withthe effect of the omit-xml-declaration parameter to split this sectioninto two.  Rather than make the proposed change, I decided to rename thesection \"XML Output Method: the omit-xml-declaration and standaloneParameters\".I hope that change will be acceptable to the working group.Thanks,Henry[1]http://lists.w3.org/Archives/Public/public-qt-comments/2004Feb/0278.html------------------------------------------------------------------Henry Zongaro      Xalan developmentIBM SWS Toronto Lab   T/L 969-6044;  Phone +1 905 413-6044mailto:zongaro@ca.ibm.com",
            "docno": "lists-020-5683440",
            "received": "Sun Jun 13 15:18:00 2004",
            "isoreceived": "20040613191800",
            "sent": "Sun, 13 Jun 2004 15:17:18 -0400",
            "isosent": "20040613191718",
            "name": "Henry Zongaro",
            "email": "zongaro@ca.ibm.com",
            "subject": "Re: [Serialization] SCHEMA-Q",
            "id": "OF54A8B8BF.B0EC2867-ON85256EB2.00697203-85256EB2.0069F09E@ca.ibm.com",
            "charset": "US-ASCII",
            "inreplyto": "16427.60887.423000.510510&#64;gargle.gargle.HOWL",
            "expires": "-1",
            "to": "holstege@mathling.com\n",
            "cc": "public-qt-comments@w3.org\n"
        },
        {
            "body": "The W3C XML Schema WG has put out a draft [1] for schema component designators,which provide for the ability to refer to the various components in schemas.We are currently reviewing requirements and use cases for these designators toproperly scope the solution space. We note RDF's interest in the ability torefer to schema components (e.g. [2]). We would like additional detail andclarity on the intended use cases and requirements: does RDF requiredesignators for types? Anonymous types as well? What about other componentssuch as element and attribute declarations, or uses?We look forward to your input and guidance on this matter.-- MaryHolstege@mathling.com[1] http://www.w3.org/2002/12/xml-schema-component-designators.html[2] http://lists.w3.org/Archives/Public/www-xml-schema-comments/2003JanMar/0025.html",
            "docno": "lists-052-7776969",
            "received": "Fri Feb  7 11:50:04 2003",
            "isoreceived": "20030207165004",
            "sent": "Fri, 7 Feb 2003 08:49:50 -0800",
            "isosent": "20030207164950",
            "name": "Mary Holstege",
            "email": "holstege@mathling.com",
            "subject": "Requirements for schema component designators",
            "id": "15939.58286.457000.483346@gargle.gargle.HOWL",
            "charset": "us-ascii",
            "expires": "-1",
            "to": "w3c-rdfcore-wg@w3.org\n",
            "cc": "w3c-xml-schema-ig@w3.org\n"
        },
        {
            "body": ">>>Mary Holstege said:> The W3C XML Schema WG has put out a draft [1] for schema component> designators, which provide for the ability to refer to the various> components in schemas. We are currently reviewing requirements and> use cases for these designators to properly scope the solution> space. We note RDF's interest in the ability to refer to schema> components (e.g. [2]). We would like additional detail and clarity> on the intended use cases and requirements: does RDF require> designators for types? Anonymous types as well? What about other> components such as element and attribute declarations, or uses?>> We look forward to your input and guidance on this matter.>>> -- Mary>    Holstege@mathling.com>> [1] http://www.w3.org/2002/12/xml-schema-component-designators.html> [2] http://lists.w3.org/Archives/Public/www-xml-schema-comments/2003JanMar/0025.htmlOn behalf of the RDF Core Working Group, I'll be coordinating a WGresponse to the draft [1].  I hope we'll be able to get back to youwith something more detailed soon, at least within the next couple ofweeks.Thanks for the note.Dave",
            "docno": "lists-052-8322784",
            "received": "Mon Feb 17 10:00:35 2003",
            "isoreceived": "20030217150035",
            "sent": "Mon, 17 Feb 2003 14:57:03 +0000",
            "isosent": "20030217145703",
            "name": "Dave Beckett",
            "email": "dave.beckett@bristol.ac.uk",
            "subject": "Re: Requirements for schema component designators",
            "id": "19027.1045493823@hoth.ilrt.bris.ac.uk",
            "inreplyto": "holstege&#64;mathling.com",
            "expires": "-1",
            "to": "holstege@mathling.com\n",
            "cc": "w3c-rdfcore-wg@w3.org,w3c-xml-schema-ig@w3.org\n"
        },
        {
            "body": "Mary,In [1], you submitted the following comment on the Last Call WorkingDraft of XSLT 2.0 and XQuery 1.0 Serialization on behalf of the XML SchemaWorking Group:> [C] [Section 2: Serializing Arbitrary Data Models] Saying the processfails> for sequences containing xs:QName or xs:NOTATION nodes seems unhelpful.What> happens if I have such a sequence? This appears to be a serializationerror> because processor is unable to cast an atomic value to string.Suggestion:> replace 'process will fail' statement with 'serialization error'.Thanks to you and the working group for this comment.The XSL and XML Query Working Groups discussed the comment, andagreed that the description should indicate that this is a serializationerror.  In fact, the second and sixth items in the numbered list inSection 2 already normatively indicate that fact.  For clarity, the notein Section 2 will be changed to use the term \"serialization error\" aswell.As that is the change the XML Schema Working Group recommended, Itrust it will be acceptable.  May I ask you to confirm that the workinggroup finds the response acceptable?Thanks,Henry [On behalf of the XSL and XML Query Working Groups][1]http://lists.w3.org/Archives/Public/public-qt-comments/2004Feb/0263.html------------------------------------------------------------------Henry Zongaro      Xalan developmentIBM SWS Toronto Lab   T/L 969-6044;  Phone +1 905 413-6044mailto:zongaro@ca.ibm.com",
            "docno": "lists-019-12412687",
            "received": "Wed Apr 28 12:07:39 2004",
            "isoreceived": "20040428160739",
            "sent": "Wed, 28 Apr 2004 12:06:27 -0400",
            "isosent": "20040428160627",
            "name": "Henry Zongaro",
            "email": "zongaro@ca.ibm.com",
            "subject": "Re: [Serialization] SCHEMA-C",
            "id": "OFC3E99991.600EE3D4-ON85256E78.0070C86A-85256E84.00587AA9@ca.ibm.com",
            "charset": "US-ASCII",
            "inreplyto": "16427.60581.153000.289222&#64;gargle.gargle.HOWL",
            "expires": "-1",
            "to": "holstege@mathling.com\n",
            "cc": "public-qt-comments@w3.org\n"
        },
        {
            "body": "Hi Mary; thanks for your update of dtd2xsd.http://lists.xml.org/archives/xml-dev/200101/msg00481.htmlI'm pleasantly surprised that anybody was ableto make heads or tails of the code, let alonecontribute!I updated my copyhttp://www.w3.org/2000/04/schema_hack/dtd2xsd.pl# by Dan Connolly http://www.w3.org/People/Connolly/ connolly@w3.org#    Bert Bos http://www.w3.org/People/Bos/ <bert@w3.org>#    Yuichi Koike#    Mary Holstege (holstege@mathling.com)# initial hack by DC Apr 2000, based on dtd2bnf by BB Mar 1998;# major revision to Apr 2000 make it actually usable by YK;# tweaks by DC; major update Jan 2001 by MH## see Log since then at end.# $Id: dtd2xsd.pl,v 1.17 2001/01/19 05:59:12 connolly Exp $and made a note in the overivew.http://www.w3.org/2000/04/schema_hack/$Date: 2001/01/19 06:02:36 $I looked over your changes briefly, but not really closely;I trust that your code works. If you find bugs, please keepme informed.--Dan Connolly, W3C http://www.w3.org/People/Connolly/",
            "docno": "lists-097-11350680",
            "received": "Fri Jan 19 01:07:03 2001",
            "isoreceived": "20010119060703",
            "sent": "Fri, 19 Jan 2001 00:06:59 -0600",
            "isosent": "20010119060659",
            "name": "Dan Connolly",
            "email": "connolly@w3.org",
            "subject": "Thanks for dtd2xsd update",
            "id": "3A67D983.B988634B@w3.org",
            "charset": "us-ascii",
            "expires": "-1",
            "to": " Mary Holstege<holstege@mathling.com>,www-archive@w3.org\n"
        },
        {
            "body": "Hi, Michael.Michael Kay wrote on 2004-04-13 10:57:50 AM:> > <<> > o Additional text nodes consisting of whitespace characters> > may be present> > in the new tree and some text nodes in the new tree may> > contain additional> > whitespace characters that were not present in the original> > tree if the> > indent parameter has the value yes, as described in 4.3 XML> > Output Method:> > the indent Parameter.> > >>>> A point of detail: indentation is only allowed to create new whitespacetext> nodes, or to modify a text node that consists entirely of whitespace> characters so that it contains different whitespace characters.Yes - I'll adjust the list item to describe precisely thecircumstances in which an existing text node might differ due to theeffects of the indent parameter.Thanks,Henry------------------------------------------------------------------Henry Zongaro      Xalan developmentIBM SWS Toronto Lab   T/L 969-6044;  Phone +1 905 413-6044mailto:zongaro@ca.ibm.com",
            "docno": "lists-019-11625843",
            "received": "Tue Apr 13 12:19:43 2004",
            "isoreceived": "20040413161943",
            "sent": "Tue, 13 Apr 2004 12:19:04 -0400",
            "isosent": "20040413161904",
            "name": "Henry Zongaro",
            "email": "zongaro@ca.ibm.com",
            "subject": "RE: [Serialization] SCHEMA-I",
            "id": "OF6E90737D.0AAB38A8-ON85256E75.00594CA4-85256E75.0059A1AD@ca.ibm.com",
            "charset": "US-ASCII",
            "inreplyto": "20040413145758.C6FBDA1312&#64;frink.w3.org",
            "expires": "-1",
            "to": "\"Michael Kay\"<mhk@mhk.me.uk>\n",
            "cc": "holstege@mathling.com,public-qt-comments@w3.org\n"
        }
    ]
}