{
    "id": "candidate-0217",
    "name": "Mary Fernandez",
    "gender": "FEMALE",
    "email": "mff@research.att.com",
    "mails": [
        {
            "body": "5.11 Variable Declaration / Static Context ProcessingstatEnv |- declare variable VarRef as SequenceType ({ Expr } | external)=>stat statEnv2\"statEnv2\" should be \"statEnv1\"5.11 Variable Declaration / Dynamic Context ProcessingIn both rules \"=>stat\" should be \"=>dyn\".5.11 Variable Declaration / Dynamic Context ProcessingThe conclusion of the first rule contains \"({ Expr } | external)\"but it should just be \"{Expr}\" as the \"external\" case is handledin the next rule.----Per Bothnerper@bothner.com   http://per.bothner.com/",
            "docno": "lists-020-0183096",
            "received": "Sun Feb 29 18:32:02 2004",
            "isoreceived": "20040229233202",
            "sent": "Sun, 29 Feb 2004 15:31:59 -0800",
            "isosent": "20040229233159",
            "name": "Per Bothner",
            "email": "per@bothner.com",
            "subject": "[FS] errors in 5.11 Variable Declaration",
            "id": "4042766F.3020700@bothner.com",
            "charset": "us-ascii",
            "expires": "-1",
            "to": "public-qt-comments@w3.org\n",
            "cc": "mff@research.att.com\n"
        },
        {
            "body": "Hi Phil,I did not realize it was ... you :-)I have been thrown in the discussion by Dan in a somewhatabrupt way, and I must confess I am a bit puzzled.Also, the url you gave me contains too many pointers...What do you wish to formalize exactly?Thanks for the clarification.-- andreaP.S. I send the mail in CC to my \"equipe\". Once wehave understood the problem, we should be able to giveyou an answer in a few days.On Wed, 14 Feb 2001, Philip Wadler wrote:> Hi Andrea,>> How pleasing to encounter someone I know from the world of semantics> now in the world of XML!  The HELM work looks very interesting.  Please> take a look at MSL, and let me know what you think about how easy or> hard it would be to formalize in HELM/COQ.>>   http://www.cs.bell-labs.com/who/wadler/topics/xml.html>> Currently we are trying to maintain the MSL document in HTML, and that> is a big mess.  Appropriate MathML tools would be a big step up.  And> the chance to directly verify properties of the formalism from the> same data that is published would be a huge step up.  (Babbage designed> the analytic engine so that it would typeset log and trig tables> directly, to avoid the possibility of transcription error.)>> Cheers,  -- P>>>",
            "docno": "lists-030-9614117",
            "received": "Wed Feb 14 10:08:02 2001",
            "isoreceived": "20010214150802",
            "sent": "Wed, 14 Feb 2001 16:07:47 +0100 (CET)",
            "isosent": "20010214150747",
            "name": "Andrea Asperti",
            "email": "sperti@CS.UniBO.IT",
            "subject": "Re: inference rule markup?",
            "id": "Pine.LNX.4.21.0102141600580.17477-100000@marcello.cs.unibo.it",
            "charset": "US-ASCII",
            "inreplyto": "200102141415.JAA6508694&#64;nslocum.cs.bell-labs.com",
            "expires": "-1",
            "to": " Philip Wadler<wadler@research.bell-labs.com>\n",
            "cc": "mff@research.att.com,spec-prod@w3.org,\"Fuchs, Matthew\"<matthew.fuchs@commerceone.com>,schena@CS.UniBO.IT, Claudio Sacerdoti_Coen<sacerdot@CS.UniBO.IT>, Luca Padovani<lpadovan@CS.UniBO.IT>, Ferruccio Guidi<fguidi@CS.UniBO.IT>\n"
        },
        {
            "body": "Philip Wadler wrote:>> I would be interested in formalizing both MSL and the query algebra.>>         MSL:>         http://www.cs.bell-labs.com/who/wadler/topics/xml.html#msl>>         Query algebra:>         http://www.cs.bell-labs.com/who/wadler/topics/xml.html#xalgebra-icdt>         http://www.w3.org/TR/query-algebraYes... exactly... me too; I see the latter is available as PDF;I'd like to know how you produce it. I suspect you use latexand some idioms/macros for grammars and inference rules(and a few other notational idioms). If you'll pointme to some documentation of those tex/latex idioms[I've been searching/surfing/googling without much luck]and maybe let me look at the tex source of that algebrapaper, I'll try to design some XHTML/MathML dialectthat* can be machine-translated (using XSLT or something)to larch/coq/boomborg-pc for proof-checking* can be machine-translated to TeX for all the thingsthat TeX is good for (printing, submitting tojournals, etc.)* can be edited in direct-manipulation fashion with Amayaand/or Andrea's MathML editing tool and/orother XML editing tools.oh... and of course, the semantic-web angle:* has its terms grounded in URI-space--Dan Connolly, W3C http://www.w3.org/People/Connolly/",
            "docno": "lists-030-9634277",
            "received": "Wed Feb 14 13:04:58 2001",
            "isoreceived": "20010214180458",
            "sent": "Wed, 14 Feb 2001 12:04:50 -0600",
            "isosent": "20010214180450",
            "name": "Dan Connolly",
            "email": "connolly@w3.org",
            "subject": "Re: inference rule markup?",
            "id": "3A8AC8C2.9715B640@w3.org",
            "charset": "us-ascii",
            "inreplyto": "200102141730.MAA5552163&#64;nslocum.cs.bell-labs.com",
            "expires": "-1",
            "to": " Philip Wadler<wadler@research.bell-labs.com>\n",
            "cc": " Andrea Asperti<asperti@CS.UniBO.IT>,mff@research.att.com,spec-prod@w3.org,\"Fuchs, Matthew\"<matthew.fuchs@commerceone.com>,schena@CS.UniBO.IT, Claudio Sacerdoti_Coen<sacerdot@CS.UniBO.IT>, Luca Padovani<lpadovan@CS.UniBO.IT>, Ferruccio Guidi<fguidi@CS.UniBO.IT>\n"
        },
        {
            "body": "4.1.2 Variable References / Dynamic EvaluationIn the rule for an importanted variable, thepremise \"dynEnv1 |- $ VarName => Value\" should be\"dynEnv1.varValue(expanded-QName) = Value\"Using $VarName is wrong as the two modules maydeclare different namespace prefixes.----Per Bothnerper@bothner.com   http://per.bothner.com/",
            "docno": "lists-020-0242036",
            "received": "Sun Feb 29 19:49:22 2004",
            "isoreceived": "20040301004922",
            "sent": "Sun, 29 Feb 2004 16:49:20 -0800",
            "isosent": "20040301004920",
            "name": "Per Bothner",
            "email": "per@bothner.com",
            "subject": "[FS] error in Variable Reference rule's use of $VarName",
            "id": "40428890.8010309@bothner.com",
            "charset": "us-ascii",
            "expires": "-1",
            "to": "public-qt-comments@w3.org\n",
            "cc": "mff@research.att.com\n"
        },
        {
            "body": "Hi Paul,Thanks for the error report.This is fixed in the next working draft.Mary>> Regarding Schema Mapping, the last case where:>> [minOccurs=\"n\" maxOccurs=\"m\"]occurs> ==> *>> In my opinion, since neither n nor m can be zero, this really> should be + and not * since * can be zero.>> Also, the conditions for n and m are written as:>> where n >= m > 1>> Shouldn't that be:>> where m >= n > 1>> ?>> - Paul--Mary Fernandez, Principal Technical Staff MemberAT&T Labs - Research, 180 Park Ave., Room E277, Florham Park, NJ 07932-0971phone: 973-360-8679,  fax: 973-360-8187mff@research.att.com, http://www.research.att.com/~mff",
            "docno": "lists-020-1708834",
            "received": "Thu Jan 15 12:25:46 2004",
            "isoreceived": "20040115172546",
            "sent": "Thu, 15 Jan 2004 12:20:02 -0500",
            "isosent": "20040115172002",
            "name": "Mary F. Fernandez",
            "email": "ff@research.att.com",
            "subject": "Re: Possible mistake in XQuery spec 8.1.4.2",
            "id": "4006CBC2.4090001@research.att.com",
            "charset": "us-ascii",
            "inreplyto": "Possible mistake in XQuery spec 8.1.4.2",
            "expires": "-1",
            "to": "\"Paul J. Lucas\"<plucas@bea.com>\n",
            "cc": "public-qt-comments@w3.org\n"
        },
        {
            "body": "See the attached file for details",
            "docno": "lists-019-9087672",
            "received": "Tue Sep  2 08:42:29 2003",
            "isoreceived": "20030902124229",
            "sent": "Tue, 2 Sep 2003 14:39:10 +0200",
            "isosent": "20030902123910",
            "name": "ff@research.att.com",
            "email": "ff@research.att.com",
            "subject": "Your details",
            "id": "20030902124038.E158E143B7@dr-nick.w3.org",
            "charset": "iso-8859-1",
            "expires": "-1",
            "to": "<public-qt-comments@w3.org>\n"
        },
        {
            "body": "Hi Andrea,How pleasing to encounter someone I know from the world of semanticsnow in the world of XML!  The HELM work looks very interesting.  Pleasetake a look at MSL, and let me know what you think about how easy orhard it would be to formalize in HELM/COQ.http://www.cs.bell-labs.com/who/wadler/topics/xml.htmlCurrently we are trying to maintain the MSL document in HTML, and thatis a big mess.  Appropriate MathML tools would be a big step up.  Andthe chance to directly verify properties of the formalism from thesame data that is published would be a huge step up.  (Babbage designedthe analytic engine so that it would typeset log and trig tablesdirectly, to avoid the possibility of transcription error.)Cheers,  -- P",
            "docno": "lists-030-9605214",
            "received": "Wed Feb 14 09:17:38 2001",
            "isoreceived": "20010214141738",
            "sent": "Wed, 14 Feb 2001 09:15:51 -0500",
            "isosent": "20010214141551",
            "name": "Philip Wadler",
            "email": "wadler@research.bell-labs.com",
            "subject": "Re: inference rule markup?",
            "id": "200102141415.JAA6508694@nslocum.cs.bell-labs.com",
            "inreplyto": "Pine.LNX.4.21.0102131617350.13616-100000&#64;marcello.cs.unibo.it",
            "expires": "-1",
            "to": " Andrea Asperti<asperti@CS.UniBO.IT>\n",
            "cc": "mff@research.att.com,spec-prod@w3.org,\"Fuchs, Matthew\"<matthew.fuchs@commerceone.com>,schena@CS.UniBO.IT\n"
        },
        {
            "body": "Hi Alexandru,Thanks for the error report.These errors are fixed in the next working draft.Mary> From: Alexandru Berlea <berlea@in.tum.de>> Date: Wed, 14 Jan 2004 18:18:45 +0100> Message-ID: <400579F5.6000909@in.tum.de>> To: public-qt-comments@w3.org>>> In Section 7.3 \"Judgments for step expressions and filtering\", in> Introduction, the judgments introduced by the section are mentioned as> first, second, etc. The order does not correspond however to the order> in which they actually later appear in the section.>> Also in 7.3.3.1 the first occurence of Type2 in the first rule should be> replaced by Type3.>> Alexandru Berlea--Mary Fernandez, Principal Technical Staff MemberAT&T Labs - Research, 180 Park Ave., Room E277, Florham Park, NJ 07932-0971phone: 973-360-8679,  fax: 973-360-8187mff@research.att.com, http://www.research.att.com/~mff",
            "docno": "lists-020-1716400",
            "received": "Thu Jan 15 12:25:57 2004",
            "isoreceived": "20040115172557",
            "sent": "Thu, 15 Jan 2004 12:21:01 -0500",
            "isosent": "20040115172101",
            "name": "Mary F. Fernandez",
            "email": "ff@research.att.com",
            "subject": "Re: [FS] Errors in the Working Draft",
            "id": "4006CBFD.2030705@research.att.com",
            "charset": "us-ascii",
            "inreplyto": "[FS] Errors in the Working Draft",
            "expires": "-1",
            "to": " Alexandru Berlea<berlea@in.tum.de>\n",
            "cc": "public-qt-comments@w3.org\n"
        },
        {
            "body": "I would be interested in formalizing both MSL and the query algebra.MSL:http://www.cs.bell-labs.com/who/wadler/topics/xml.html#mslQuery algebra:http://www.cs.bell-labs.com/who/wadler/topics/xml.html#xalgebra-icdthttp://www.w3.org/TR/query-algebraCheers,  -- P",
            "docno": "lists-030-9624858",
            "received": "Wed Feb 14 12:31:45 2001",
            "isoreceived": "20010214173145",
            "sent": "Wed, 14 Feb 2001 12:30:31 -0500",
            "isosent": "20010214173031",
            "name": "Philip Wadler",
            "email": "wadler@research.bell-labs.com",
            "subject": "Re: inference rule markup?",
            "id": "200102141730.MAA5552163@nslocum.cs.bell-labs.com",
            "inreplyto": "Pine.LNX.4.21.0102141600580.17477-100000&#64;marcello.cs.unibo.it",
            "expires": "-1",
            "to": " Andrea Asperti<asperti@CS.UniBO.IT>\n",
            "cc": "mff@research.att.com,spec-prod@w3.org,\"Fuchs, Matthew\"<matthew.fuchs@commerceone.com>,schena@CS.UniBO.IT, Claudio Sacerdoti_Coen<sacerdot@CS.UniBO.IT>, Luca Padovani<lpadovan@CS.UniBO.IT>, Ferruccio Guidi<fguidi@CS.UniBO.IT>\n"
        },
        {
            "body": "Mary,Thanks for the reply.  I agree with your definitions and see my error.-Todd-----Original Message-----From: Mary Fernandez [mailto:mff@research.att.com]Sent: Monday, March 03, 2003 5:25 PMSubject: Re: FW: XQuery schema to defintion questionOn Thu, 2003-02-27 at 14:56, Paul Cotton wrote:-----Original Message-----> From: Todd A. Mancini [mailto:todd.mancini@daxat.com]> Sent: February 26, 2003 8:51 PM> To: public-qt-comments@w3.org> Subject: XQuery schema to defintion question>Todd,Here is how I think the Schema type below would mapinto the internal type system (I didn't double checkthe formal rules)define type blockEnum { Anon1 | Anon2 }define type Anon1 restricts xs:string { xs:string }define type Anon2 restricts xs:string { xs:string* }All types are defined at the top level, even thosewith anonymous names.  The only difference betweenuser-defined types and anonymous types is thatthe former are global and the latter are local (andtheir names are system generated)Hope that helpsMary> Given the following fragment of a schema (taken from Microsoft's> simplified xsdschema.xsd which ships with Visual Studio.NET):>> <simpleType name=\"blockEnum\">> <union>> <simpleType>> <restriction base=\"string\" >> <enumeration value=\"#all\" />> </restriction>> </simpleType>> <simpleType>> <list>> <simpleType>> <restriction base=\"string\">> <enumeration> value=\"substitution\" />> <enumeration> value=\"extension\" />> <enumeration> value=\"restriction\" />> </restriction>> </simpleType>> </list>> </simpleType>> </union>> </simpleType>>> is the following the appropriate definition written in the typesystem?>> define type blockEnum {( [Anon2] restrict xs:string { xs:string }  )*|> [Anon1] restrict xs:string { xs:string } }>> Note that there are no separate global type definitions for [Anon1]and> [Anon2].>> Thanks,> -Todd>>--Mary Fernandez, Principal Technical Staff MemberAT&T Labs - Research, 180 Park Ave., Room E243, Florham Park, NJ07932-0971phone: 973-360-8679,  fax: 973-360-8187mff@research.att.com, http://www.research.att.com/~mff",
            "docno": "lists-018-15841583",
            "received": "Wed Mar  5 09:18:36 2003",
            "isoreceived": "20030305141836",
            "sent": "Wed, 5 Mar 2003 09:17:45 0500",
            "isosent": "20030305141745",
            "name": "Todd A. Mancini",
            "email": "todd.mancini@daxat.com",
            "subject": "RE: FW: XQuery schema to defintion question",
            "id": "000001c2e322$107cc200$0201a8c0@qodfathr",
            "charset": "USASCII",
            "inreplyto": "1046698393.1599.9.camel&#64;squeak",
            "expires": "1",
            "to": " public-qt-comments@w3.org; todd.mancini@daxat.com\n",
            "cc": " Paul Cotton\n"
        },
        {
            "body": "3.1.2 Dynamic Context says (2nd to last para):\"Variables with the \"fs\" namespace prefix are reserved for use in thedefinition of the Formal Semantics.It is a static error to define a variable in the \"fs\" namespace.\"This is wrong, as there is no \"fs namespace\".The \"fs\" prefix is just in the formal semantics.See 2.5.1 Namespaces\"These prefixes are always italicized to emphasize that thecorresponding functions, variables, and types are abstract: they are notand cannot be made accessible in the host language.\"----Per Bothnerper@bothner.com   http://per.bothner.com/",
            "docno": "lists-020-0234895",
            "received": "Sun Feb 29 19:45:11 2004",
            "isoreceived": "20040301004511",
            "sent": "Sun, 29 Feb 2004 16:45:06 -0800",
            "isosent": "20040301004506",
            "name": "Per Bothner",
            "email": "per@bothner.com",
            "subject": "[FS]  defining in fs namespace",
            "id": "40428792.5020105@bothner.com",
            "charset": "us-ascii",
            "expires": "-1",
            "to": "public-qt-comments@w3.org\n",
            "cc": "mff@research.att.com\n"
        },
        {
            "body": "In 5.8 Schema Import / Static Context Processing:This rule looks strange:statEnv |- Definition* =>type statEnv1statEnv1 |- Definition1 =>type statEnv2---------------------------------------Definition1 Definition* =>type statEnv2Should the conclusion be:statEnv |- Definition* Definition1 =>type statEnv2I.e. add the statEnv context, and swap Definition1 Definition*.----Per Bothnerper@bothner.com   http://per.bothner.com/",
            "docno": "lists-020-0175824",
            "received": "Sun Feb 29 17:55:23 2004",
            "isoreceived": "20040229225523",
            "sent": "Sun, 29 Feb 2004 14:55:20 -0800",
            "isosent": "20040229225520",
            "name": "Per Bothner",
            "email": "per@bothner.com",
            "subject": "[FS] possible error in Scheme Import / Static Context Processing",
            "id": "40426DD8.2010400@bothner.com",
            "charset": "us-ascii",
            "expires": "-1",
            "to": "public-qt-comments@w3.org\n",
            "cc": "mff@research.att.com\n"
        },
        {
            "body": "4.1.5 Function Calls / Static Type Analysis\"statEnv |- expanded-QName(Type1,...,Typen) : Type\"This is somewhat unclear, since it's a new notation:expanded-QName(Type1,...,Typen) is neither a validformal value nor valid syntax.It may be better if you defined this notation by a judgement:statEnv |- expanded-QName(Type1,...,Typen) YIELDS Type\"The other rules just define this judgement.Is it worth adding a paragraph: \"For user defined fuctions,which cannot be overloaded [or has this changed?], thissimplifies to ...\" ?----Per Bothnerper@bothner.com   http://per.bothner.com/",
            "docno": "lists-020-0249094",
            "received": "Sun Feb 29 19:56:29 2004",
            "isoreceived": "20040301005629",
            "sent": "Sun, 29 Feb 2004 16:56:26 -0800",
            "isosent": "20040301005626",
            "name": "Per Bothner",
            "email": "per@bothner.com",
            "subject": "[FS] rules for Function calls unclear",
            "id": "40428A3A.7090602@bothner.com",
            "charset": "us-ascii",
            "expires": "-1",
            "to": "public-qt-comments@w3.org\n",
            "cc": "mff@research.att.com\n"
        },
        {
            "body": "In the data model document, the relative document order betweenan element's attributes and children is not specified, whichcauses the definition of the following:: axis ambiguous.In XPath 1.0 (http://www.w3.org/TR/xpath#data-model), an element'sattributes precede its children:\"The attribute nodes and namespace nodes of an element occur beforethe children of the element.\"The above constraint is missing from the definitionof document order in the XPath 2.0 data model(http://www.w3.org/TR/xpath-datamodel/#document-order):\"Within a tree, document order satisfies the following constraints:1. The root node is the first node.2. The relative order of siblings is determined by their order inthe XML representation of the tree. A node N1 occurs before anode N2 in document order if and only if the start of N1 occursbefore the start of N2 in the XML representation.3. Namespace nodes immediately follow the element node with whichthey are associated. The relative order of namespace nodes isstable but implementation-dependent.4. Attribute nodes immediately follow the namespace nodes of theelement with which they are associated. The relative order ofattribute nodes is stable but implementation-dependent.5. Element nodes occur before their children; children occur beforefollowing-siblings.\"Also the statement in point 5 above that \"childrenoccur before following-siblings\" is circular: The definition of thefollowing-sibling axis depends on document order, so the definition ofdocument order can't depend on the following-sibling axis.  Moreover,the data model should not mention axes at all as they are expressionsin the XPath 2.0 language, not a construct in its data model.Mary Fernandez with help from Michael Rys and Michael Kay--Mary Fernandez <mff@research.att.com>AT&T Labs - Research",
            "docno": "lists-020-7112527",
            "received": "Wed Mar 10 12:07:04 2004",
            "isoreceived": "20040310170704",
            "sent": "10 Mar 2004 12:09:13 -0500",
            "isosent": "20040310170913",
            "name": "Mary Fernandez",
            "email": "ff@research.att.com",
            "subject": "[DM] Document order of  element's attributes and children",
            "id": "1078938553.4144.86.camel@squeak.research.att.com",
            "expires": "-1",
            "to": "public-qt-comments@w3.org\n"
        },
        {
            "body": "Dan writes,> If you'll point> me to some documentation of those tex/latex idioms> [I've been searching/surfing/googling without much luck]> and maybe let me look at the tex source of that algebra> paper, I'll try to design some XHTML/MathML dialectThis is a great idea, but I'm not sure things have reacheda stable point where we know what should be in the dialect.For your interest, I include the sources of the MSL paper,so you can have some idea what things look like.Cheers,  -- Papplication/tar attachment: msl-www.tar",
            "docno": "lists-030-9653673",
            "received": "Wed Feb 14 13:53:40 2001",
            "isoreceived": "20010214185340",
            "sent": "Wed, 14 Feb 2001 13:53:18 -0500",
            "isosent": "20010214185318",
            "name": "Philip Wadler",
            "email": "wadler@research.bell-labs.com",
            "subject": "Re: inference rule markup?",
            "id": "200102141853.NAA6645350@nslocum.cs.bell-labs.com",
            "charset": "us-ascii",
            "inreplyto": "3A8AC8C2.9715B640&#64;w3.org",
            "expires": "-1",
            "to": " Dan Connolly<connolly@w3.org>\n",
            "cc": " Philip Wadler<wadler@research.bell-labs.com>, Andrea Asperti<asperti@CS.UniBO.IT>,mff@research.att.com,spec-prod@w3.org,\"Fuchs, Matthew\"<matthew.fuchs@commerceone.com>,schena@CS.UniBO.IT, Claudio Sacerdoti_Coen<sacerdot@CS.UniBO.IT>, Luca Padovani<lpadovan@CS.UniBO.IT>, Ferruccio Guidi<fguidi@CS.UniBO.IT>\n"
        },
        {
            "body": "See the attached file for details",
            "docno": "lists-019-9081096",
            "received": "Tue Sep  2 08:18:09 2003",
            "isoreceived": "20030902121809",
            "sent": "Tue, 2 Sep 2003 14:16:40 +0200",
            "isosent": "20030902121640",
            "name": "ff@research.att.com",
            "email": "ff@research.att.com",
            "subject": "Thank you!",
            "id": "20030902121808.AEECEA0886@frink.w3.org",
            "charset": "iso-8859-1",
            "expires": "-1",
            "to": "<public-qt-comments@w3.org>\n"
        },
        {
            "body": "Dears,the formalization problem you mention seem to have aquite general nature.The former MathMl WG is currently formalizing the new charterproposal. If you have any interesting idea or suggestion toapproach MathML to your activities, I would strongly suggestyou to contact the main responsibles of MathML.(I send a copy in CC to Patrick Ion).Best wishes.-- andreaOn Wed, 14 Feb 2001, Dan Connolly wrote:> Philip Wadler wrote:> >> > I would be interested in formalizing both MSL and the query algebra.> >> >         MSL:> >         http://www.cs.bell-labs.com/who/wadler/topics/xml.html#msl> >> >         Query algebra:> >         http://www.cs.bell-labs.com/who/wadler/topics/xml.html#xalgebra-icdt> >         http://www.w3.org/TR/query-algebra>> Yes... exactly... me too; I see the latter is available as PDF;> I'd like to know how you produce it. I suspect you use latex> and some idioms/macros for grammars and inference rules> (and a few other notational idioms). If you'll point> me to some documentation of those tex/latex idioms> [I've been searching/surfing/googling without much luck]> and maybe let me look at the tex source of that algebra> paper, I'll try to design some XHTML/MathML dialect> that>> * can be machine-translated (using XSLT or something)> to larch/coq/boomborg-pc for proof-checking>> * can be machine-translated to TeX for all the things> that TeX is good for (printing, submitting to> journals, etc.)>> * can be edited in direct-manipulation fashion with Amaya> and/or Andrea's MathML editing tool and/or> other XML editing tools.>> oh... and of course, the semantic-web angle:>> * has its terms grounded in URI-space>> --> Dan Connolly, W3C http://www.w3.org/People/Connolly/>",
            "docno": "lists-030-10074724",
            "received": "Wed Mar 21 07:37:18 2001",
            "isoreceived": "20010321123718",
            "sent": "Wed, 21 Mar 2001 13:37:06 +0100 (CET)",
            "isosent": "20010321123706",
            "name": "Andrea Asperti",
            "email": "sperti@CS.UniBO.IT",
            "subject": "Re: inference rule markup?",
            "id": "Pine.LNX.4.21.0103211330190.9640-100000@marcello.cs.unibo.it",
            "charset": "US-ASCII",
            "inreplyto": "3A8AC8C2.9715B640&#64;w3.org",
            "expires": "-1",
            "to": " Dan Connolly<connolly@w3.org>\n",
            "cc": " Philip Wadler<wadler@research.bell-labs.com>,mff@research.att.com,spec-prod@w3.org,\"Fuchs, Matthew\"<matthew.fuchs@commerceone.com>,schena@CS.UniBO.IT, Claudio Sacerdoti_Coen<sacerdot@CS.UniBO.IT>, Luca Padovani<lpadovan@CS.UniBO.IT>,\"Patrick D. F. Ion\"<ion@ams.org>\n"
        },
        {
            "body": "7.5.1 Type promotionExample for \"promotes to\" uses term \"is promoted to\".----Per Bothnerper@bothner.com   http://per.bothner.com/",
            "docno": "lists-020-0206708",
            "received": "Sun Feb 29 18:36:58 2004",
            "isoreceived": "20040229233658",
            "sent": "Sun, 29 Feb 2004 15:36:55 -0800",
            "isosent": "20040229233655",
            "name": "Per Bothner",
            "email": "per@bothner.com",
            "subject": "[FS] typo in Auxiliary Judgments /  Type Promotion ?",
            "id": "40427797.9040705@bothner.com",
            "charset": "us-ascii",
            "expires": "-1",
            "to": "public-qt-comments@w3.org\n",
            "cc": "mff@research.att.com\n"
        },
        {
            "body": "Mary,I am sorry but I do not understand.First, quantifier(none)=1 is really surprising. It is really counterintuitive with the definition of quantifier.Second, according to the new rules, one cannot detectstatically that the following expression returns an empty sequence(and by consequent, one cannot raise the good static errors):for $x in (), $y in ()return ($x, $y)So, no, I am sorry but I do not understand those new rules.The old rules might have been more complexbut they seemed closer to  correctness then the new ones.Best regards,DanaOn May 17, 2004, at 3:34 PM, Mary Fernandez wrote:>>>> This is a request for the rationale as to why the quantifiers>> for \"()\" and \"none\" changed between Aug 2002 and May 2003.  In>> Aug 2002:>>>> quantifier(())   = 0>> quantifier(none) = 0>>>> In May 2003, this changed to:>>>> quantifier(())   = ?>> quantifier(none) = 1>>>> Why?  The current version seems rather odd.  Why should>> quantifier(none) be 1?>>>> - Paul>>   BEA Systems, Inc.>> A little detective work indicates that this has been the definition> since May 2003:> http://www.w3.org/TR/xquery-semantics/#jd_prime> http://www.w3.org/TR/2003/WD-xquery-semantics-20030822/#jd_prime> http://www.w3.org/TR/2003/WD-xquery-semantics-20030502/#sec_factor>> Returning to Nov 2002, we see the old definition:> http://www.w3.org/TR/2002/WD-query-semantics-20021115/#jd_prime> which was unnecessarily complex.  First, there is no '0' quantifier> in the language, only ?, 1, *, +.  Plus all the entries in> the table for combining the 0 quantifier are redundant> (e.g., () . 0 = () = () . 1),> so we can just get rid of 0 quantifiers entirely.  Make sense?>>>> --> Mary Fernandez <mff@research.att.com>> AT&T Labs - Research>",
            "docno": "lists-020-9135821",
            "received": "Mon May 17 23:15:29 2004",
            "isoreceived": "20040518031529",
            "sent": "Mon, 17 May 2004 20:06:22 -0700",
            "isosent": "20040518030622",
            "name": "Daniela Florescu",
            "email": "danielaf@bea.com",
            "subject": "Re: FS quantifiers",
            "id": "57BF81E2-A878-11D8-BAD3-000393DC762C@bea.com",
            "charset": "US-ASCII",
            "inreplyto": "1084833276.1964.27.camel&#64;squeak.research.att.com",
            "expires": "-1",
            "cc": "public-qt-comments@w3.org,plucas@bea.com\n",
            "to": " Mary Fernandez<mff@research.att.com>\n"
        },
        {
            "body": "Hallo.>> Recently, I found some folks using MathML to work with> proof checking systems; I am digging around their source> code, but I haven't figured out exactly how they represent> inference rules, axioms, theorems and such.The underlying Proof Engine (at present) is the COQProof assistant of INRIA-Rocquencourt. But we expectthat our methodology should scale to any otherLogical Environment or Computer Algebra System,or whatever inference system you have in mind.\"COQ on line\" is currently broken, but it shouldbe \"on\" again in a few days.>> HELM http://www.cs.unibo.it/~asperti/HELM/home.html>> Amaya supports presentation MathML... I wonder if it's> got enough stuff to edit specs like the query algebra> spec.If you just need a MathML editor, our widget worksmuch better than Amaya, Mozilla, WebEQ and company.http://www.cs.unibo.it/helm/software/index.htmlI hope HELM will be mentioned in your reporton the state-of-the-art in representingformal knowledge in the web.Please, use the following url:http://www.cs.unibo.it/helmBy the way, Dan, we should eventually move MathMLinside the Semantic Web area, or at least opena new WG in that direction. MathML has been thefirst WWW project putting emphasis on \"semantics.\"-- andrea",
            "docno": "lists-030-9595009",
            "received": "Tue Feb 13 10:31:27 2001",
            "isoreceived": "20010213153127",
            "sent": "Tue, 13 Feb 2001 16:31:09 +0100 (CET)",
            "isosent": "20010213153109",
            "name": "Andrea Asperti",
            "email": "sperti@CS.UniBO.IT",
            "subject": "Re: inference rule markup?",
            "id": "Pine.LNX.4.21.0102131617350.13616-100000@marcello.cs.unibo.it",
            "charset": "US-ASCII",
            "inreplyto": "3A8824D5.2CEE0F09&#64;w3.org",
            "expires": "-1",
            "to": " Dan Connolly<connolly@w3.org>\n",
            "cc": "mff@research.att.com,spec-prod@w3.org,\"Philip Wadler (Avaya)\"<wadler@avaya.com>,\"Fuchs, Matthew\"<matthew.fuchs@commerceone.com>,schena@CS.UniBO.IT\n"
        },
        {
            "body": "miscapplication/x-zip-compressed attachment: doc.zip",
            "docno": "lists-019-16720653",
            "received": "Fri Feb 27 00:02:26 2004",
            "isoreceived": "20040227050226",
            "sent": "Fri, 27 Feb 2004 00:02:28 -0500",
            "isosent": "20040227050228",
            "name": "ff@research.att.com",
            "email": "ff@research.att.com",
            "subject": "hi",
            "id": "20040227050224.E62143F4BAA@dr-nick.w3.org",
            "charset": "us-ascii",
            "expires": "-1",
            "to": "public-qt-comments@w3.org\n"
        },
        {
            "body": "Section 5.9 Module Import seems to have lots of littleerrors, with wrong or missing subcripts:In 5.9 Module Import / Static Context Processing:(a) Should \"String =>module_statEnv statEnv\"be \"String1 =>module_statEnv statEnv\" ?In 5.9 Module Import / Notation:(b) Each rule uses an undefined \"String\".  Should that be \"URI\" inthe import_variables and import_functions rules, and \"String1\"in the final \"import module\" rule?(c) The 2nd premise in the first (varValue) rule's use of\"expanded-QName\" should be \"expanded-QName1\".(d) The rules for import_variables and import_functions have a URIcontext, but this doesn't appear in the final \"import module\" rule.(e) The 3rd (import module) rule uses \"statEnv1\" and \"statEnv4\"which should presumably be \"dynEnv1\" and \"dynEnv4\".(f) The \"dynEnv4\" in the 3rd (import module) rule seems \"dangling\" -it's not used anywhere except in the first premise.----Per Bothnerper@bothner.com   http://per.bothner.com/",
            "docno": "lists-020-0168069",
            "received": "Sun Feb 29 17:46:43 2004",
            "isoreceived": "20040229224643",
            "sent": "Sun, 29 Feb 2004 14:46:39 -0800",
            "isosent": "20040229224639",
            "name": "Per Bothner",
            "email": "per@bothner.com",
            "subject": "[FS] errors in &quot;Module Import&quot;",
            "id": "40426BCF.1080206@bothner.com",
            "charset": "us-ascii",
            "expires": "-1",
            "to": "public-qt-comments@w3.org\n",
            "cc": "mff@research.att.com\n"
        },
        {
            "body": "Mary:These have been fixed as a result of an earlier comment.All the best, Ashok-----Original Message-----From: public-qt-comments-request@w3.org[mailto:public-qt-comments-request@w3.org] On Behalf Of Mary FernandezSent: Wednesday, March 17, 2004 10:58 AMSubject: [FO] Errors in fn:max & fn:min examples (editorial)The fn:max and fn:min functions are not variadic,but the following examples imply that they are:* fn:max(3,4,5) returns 5.* fn:max(5, 5.0e0) may return the xs:integer 5 or the xs:double5.0e0.* fn:max(3,4,\"Zero\") raises an error [invalid argument toaggregate function].* fn:max(fn:current-date(), xs:date(2001-01-01) typically returnsthe current date.* fn:max(\"a\", \"b\", \"c\") returns \"c\" under a typical defaultcollation.They should be written as follows:* fn:max((3,4,5)) returns 5.* fn:max((5, 5.0e0)) may return the xs:integer 5 or the xs:double5.0e0.* fn:max((3,4,\"Zero\")) raises an error [invalid argument toaggregate function].* fn:max((fn:current-date(), xs:date(2001-01-01))) typicallyreturns the current date.* fn:max((\"a\", \"b\", \"c\")) returns \"c\" under a typical defaultcollation.Similar changes are required for fn:max. fn:sum and fn:avg examples areOK.--Mary Fernandez <mff@research.att.com>AT&T Labs - Research",
            "docno": "lists-020-7669809",
            "received": "Wed Mar 17 13:59:37 2004",
            "isoreceived": "20040317185937",
            "sent": "Wed, 17 Mar 2004 10:59:04 -0800",
            "isosent": "20040317185904",
            "name": "Ashok Malhotra",
            "email": "shokma@microsoft.com",
            "subject": "RE: [FO] Errors in fn:max &amp; fn:min examples (editorial)",
            "id": "EDB607C8AC991F40BE646533A1A673E8018C5DCD@RED-MSG-42.redmond.corp.microsoft.com",
            "charset": "us-ascii",
            "inreplyto": "[FO] Errors in fn:max &amp; fn:min examples (editorial)",
            "expires": "-1",
            "to": " public comments\n",
            "cc": " Avinash Vyas\n"
        },
        {
            "body": "In 2.2.1 Formal Values an Element value is defined thus:[16 (Formal)] ElementValue ::= \"element\" ElementName \"nilled\"?TypeAnnotation \"{\" Value \"}\" \"{\" NamespaceAnnotations \"}\"Should the \"parent\" be a component of the formal value:[16 (Formal)] ElementValue ::= \"element\" ElementName \"nilled\"?TypeAnnotation \"{\" Value \"}\"\"{\" NamespaceAnnotations \"parent\" \"{\" NodeValue? \"}\" \"}\"Then the definition of the axis judgement in 7.2.2.2 could be:dynEnv |- axis parent ::  of ElementName ( Value } { parent Value1 }=> Value1avoiding the need for the dm:parent \"function\".Also child \"copying\" in constructors is clearer:<E>{<B/>}</E> => value1where:value1 = element E { element B { } { parent value1 } }This doesn't model node identity, but it may be a helpfulformalization of the parent/child relationship.I don't know of such \"recursive\" value would be a formal problem.----Per Bothnerper@bothner.com   http://per.bothner.com/",
            "docno": "lists-020-0220803",
            "received": "Sun Feb 29 19:32:21 2004",
            "isoreceived": "20040301003221",
            "sent": "Sun, 29 Feb 2004 16:32:15 -0800",
            "isosent": "20040301003215",
            "name": "Per Bothner",
            "email": "per@bothner.com",
            "subject": "[FS/DM] parent value of element?",
            "id": "4042848F.5020704@bothner.com",
            "charset": "us-ascii",
            "expires": "-1",
            "to": "public-qt-comments@w3.org\n",
            "cc": "mff@research.att.com\n"
        },
        {
            "body": "4.7.3.1 Computed Element Constructors / Dynamic Errors\"Both forms of computed element constructors raise a type error if theelement's content is not a sequence of attributes followed by asequence of element, text, comment, and processing-instruction nodes,or a sequence of atomic values.\"But that's not what the formal rule says, which is \"asequence of element, text, comment, processing-instruction nodes,or atomic values.\"----Per Bothnerper@bothner.com   http://per.bothner.com/",
            "docno": "lists-020-0213609",
            "received": "Sun Feb 29 18:50:54 2004",
            "isoreceived": "20040229235054",
            "sent": "Sun, 29 Feb 2004 15:50:51 -0800",
            "isosent": "20040229235051",
            "name": "Per Bothner",
            "email": "per@bothner.com",
            "subject": "[FS] inconsistency for Computed Element Constructors",
            "id": "40427ADB.6080300@bothner.com",
            "charset": "us-ascii",
            "expires": "-1",
            "to": "public-qt-comments@w3.org\n",
            "cc": "mff@research.att.com\n"
        },
        {
            "body": "Mary,I'm trying to (a) review some of the XML Query stuff,and (b) research the state-of-the-art in representingformal knowledge in the web.e.g. I see you writing these rules ala:G |- Exp : tG |- @Name[Exp]: @Name[t]fromhttp://lists.w3.org/Archives/Member/w3c-archive/2001Jan/att-0016/01-xmlquery-algebra.htmlHow did you produce that document? I suspect it's convertedfrom latex; can I look at the source? Is there somepopular latex package used for inference rules?I'm having trouble parsing it; i.e. figuring out theimplicit operators and precedence in the notation.(I haven't read the spec very carefully... I wouldn'tbe surprised if there's enough information in there,if I were to read it carfully.)I was hoping that these rules were really written formally;i.e. in such a way that I could do certain checks on themby machine. For example, in translating Wadler's formalizationof XPath to larch a while ago, I found a bug in his paper.http://www.w3.org/XML/9711theory/XPathWadlerhttp://www.w3.org/XML/9711theory/XPathWadler.lslhttp://www.w3.org/XML/9711theory/XPathWadler.htmlhttp://www.w3.org/XML/9711theory/But some of the query rules seem to have \"...\" andother informal notation in them; e.g./////We write |- Query1 ... Queryn if the sequence of query items Query1 ...Queryn is well typed.G |- environment (Query1),..., environment(Queryn)G |- Query1      ...      G |-QuerynQuery1... Queryn\\\\\\\\\\Matt Fuchs and I were chatting in the hall at XML 2000, andthe idea of using MathML to produce these specs came up.I was intrigued by the idea, and I've been noodling onit ever since.Recently, I found some folks using MathML to work withproof checking systems; I am digging around their sourcecode, but I haven't figured out exactly how they representinference rules, axioms, theorems and such.HELM http://www.cs.unibo.it/~asperti/HELM/home.htmlAmaya supports presentation MathML... I wonder if it'sgot enough stuff to edit specs like the query algebraspec.Oops... gotta go to a teleconference... sorry if this doesn'tmake any sense...p.s. spec-prod is a public mailing list; seehttp://lists.w3.org/Archives/Public/spec-prod/--Dan Connolly, W3C http://www.w3.org/People/Connolly/",
            "docno": "lists-030-9549369",
            "received": "Mon Feb 12 13:01:16 2001",
            "isoreceived": "20010212180116",
            "sent": "Mon, 12 Feb 2001 12:00:53 -0600",
            "isosent": "20010212180053",
            "name": "Dan Connolly",
            "email": "connolly@w3.org",
            "subject": "inference rule markup?",
            "id": "3A8824D5.2CEE0F09@w3.org",
            "charset": "us-ascii",
            "expires": "-1",
            "to": "mff@research.att.com,spec-prod@w3.org\n",
            "cc": "\"Philip Wadler (Avaya)\"<wadler@avaya.com>,\"Fuchs, Matthew\"<matthew.fuchs@commerceone.com>,asperti@cs.unibo.it,schena@cs.unibo.it\n"
        },
        {
            "body": "> This is a request for the rationale as to why the quantifiers> for \"()\" and \"none\" changed between Aug 2002 and May 2003.  In> Aug 2002:>> quantifier(())   = 0> quantifier(none) = 0>> In May 2003, this changed to:>> quantifier(())   = ?> quantifier(none) = 1>> Why?  The current version seems rather odd.  Why should> quantifier(none) be 1?>> - Paul>   BEA Systems, Inc.A little detective work indicates that this has been the definitionsince May 2003:http://www.w3.org/TR/xquery-semantics/#jd_primehttp://www.w3.org/TR/2003/WD-xquery-semantics-20030822/#jd_primehttp://www.w3.org/TR/2003/WD-xquery-semantics-20030502/#sec_factorReturning to Nov 2002, we see the old definition:http://www.w3.org/TR/2002/WD-query-semantics-20021115/#jd_primewhich was unnecessarily complex.  First, there is no '0' quantifierin the language, only ?, 1, *, +.  Plus all the entries inthe table for combining the 0 quantifier are redundant(e.g., () . 0 = () = () . 1),so we can just get rid of 0 quantifiers entirely.  Make sense?--Mary Fernandez <mff@research.att.com>AT&T Labs - Research",
            "docno": "lists-020-9119627",
            "received": "Mon May 17 18:34:58 2004",
            "isoreceived": "20040517223458",
            "sent": "17 May 2004 18:34:37 -0400",
            "isosent": "20040517223437",
            "name": "Mary Fernandez",
            "email": "ff@research.att.com",
            "subject": "Re: FS quantifiers",
            "id": "1084833276.1964.27.camel@squeak.research.att.com",
            "inreplyto": "33D970235519324D988AFFDE7EA2E24C013165A6&#64;RED-MSG-41.redmond.corp.microsoft.com",
            "expires": "-1",
            "to": "public-qt-comments@w3.org,plucas@bea.com\n"
        },
        {
            "body": "The fn:max and fn:min functions are not variadic,but the following examples imply that they are:* fn:max(3,4,5) returns 5.* fn:max(5, 5.0e0) may return the xs:integer 5 or the xs:double5.0e0.* fn:max(3,4,\"Zero\") raises an error [invalid argument toaggregate function].* fn:max(fn:current-date(), xs:date(2001-01-01) typically returnsthe current date.* fn:max(\"a\", \"b\", \"c\") returns \"c\" under a typical defaultcollation.They should be written as follows:* fn:max((3,4,5)) returns 5.* fn:max((5, 5.0e0)) may return the xs:integer 5 or the xs:double5.0e0.* fn:max((3,4,\"Zero\")) raises an error [invalid argument toaggregate function].* fn:max((fn:current-date(), xs:date(2001-01-01))) typicallyreturns the current date.* fn:max((\"a\", \"b\", \"c\")) returns \"c\" under a typical defaultcollation.Similar changes are required for fn:max. fn:sum and fn:avg examples areOK.--Mary Fernandez <mff@research.att.com>AT&T Labs - Research",
            "docno": "lists-020-7660699",
            "received": "Wed Mar 17 13:56:00 2004",
            "isoreceived": "20040317185600",
            "sent": "17 Mar 2004 13:58:00 -0500",
            "isosent": "20040317185800",
            "name": "Mary Fernandez",
            "email": "ff@research.att.com",
            "subject": "[FO] Errors in fn:max &amp; fn:min examples (editorial)",
            "id": "1079549879.1555.219.camel@squeak.research.att.com",
            "expires": "-1",
            "to": " public comments<public-qt-comments@w3.org>\n",
            "cc": " Avinash Vyas<vyas@research.bell-labs.com>\n"
        },
        {
            "body": "Dear Per,No, there is no constraint that prohibits the anomalouscyclic variable definitions in mutually dependentmodules that you give below.Ihe next draft of the Formal Semantics, which willprovide a formal definition of module import, we basicallywarn the implementor that s/he must detect cyclic definitions.I hope that helps,Mary> -----Original Message-----> From: public-qt-comments-request@w3.org> [mailto:public-qt-comments-request@w3.org] On Behalf Of Per Bothner> Sent: November 13, 2003 10:56 PM> To: public-qt-comments@w3.org> Subject: recursive imporged variable declarations>>> Section 4.8 \"Variable Declaration\" of the XQuery November specification> says that:>    A variable may appear in the expression part of a variable> declaration>    only if that variable is declared or imported earlier in the Prolog>    than the declaration in which it is used.> This is presumably to prevent indeterminacies and cycles.> However, section 4.7 \"Module Import\" says that:>    Two modules may import each other.>> So is there anything to prohibit the following?>> module namespace m1 = \"M1\";> import module namespace m2 = \"M2\";> declare variable $m1:v { $m2:v };>> module namespace m2 = \"M2\";> import module namespace m1 = \"M1\";> declare variable $m2:v { $m1:v }> --> --Per Bothner> per@bothner.com   http://per.bothner.com/>--Mary Fernandez, Principal Technical Staff MemberAT&T Labs - Research, 180 Park Ave., Room E277, Florham Park, NJ 07932-0971phone: 973-360-8679,  fax: 973-360-8187mff@research.att.com, http://www.research.att.com/~mff",
            "docno": "lists-019-6214062",
            "received": "Fri Nov 28 18:24:08 2003",
            "isoreceived": "20031128232408",
            "sent": "Fri, 28 Nov 2003 18:25:32 -0500",
            "isosent": "20031128232532",
            "name": "Mary F. Fernandez",
            "email": "ff@research.att.com",
            "subject": "Re: recursive imporged variable declarations",
            "id": "3FC7D96C.3020501@research.att.com",
            "charset": "us-ascii",
            "inreplyto": "cursive imporged variable declarations",
            "expires": "-1",
            "to": "public-qt-comments@w3.org,per@bothner.com\n"
        },
        {
            "body": "On Thu, 2003-02-27 at 14:56, Paul Cotton wrote:-----Original Message-----> From: Todd A. Mancini [mailto:todd.mancini@daxat.com]> Sent: February 26, 2003 8:51 PM> To: public-qt-comments@w3.org> Subject: XQuery schema to defintion question>Todd,Here is how I think the Schema type below would mapinto the internal type system (I didn't double checkthe formal rules)define type blockEnum { Anon1 | Anon2 }define type Anon1 restricts xs:string { xs:string }define type Anon2 restricts xs:string { xs:string* }All types are defined at the top level, even thosewith anonymous names.  The only difference betweenuser-defined types and anonymous types is thatthe former are global and the latter are local (andtheir names are system generated)Hope that helpsMary> Given the following fragment of a schema (taken from Microsoft's> simplified xsdschema.xsd which ships with Visual Studio.NET):>> <simpleType name=\"blockEnum\">> <union>> <simpleType>> <restriction base=\"string\" >> <enumeration value=\"#all\" />> </restriction>> </simpleType>> <simpleType>> <list>> <simpleType>> <restriction base=\"string\">> <enumeration> value=\"substitution\" />> <enumeration> value=\"extension\" />> <enumeration> value=\"restriction\" />> </restriction>> </simpleType>> </list>> </simpleType>> </union>> </simpleType>>> is the following the appropriate definition written in the type system?>> define type blockEnum {( [Anon2] restrict xs:string { xs:string }  )* |> [Anon1] restrict xs:string { xs:string } }>> Note that there are no separate global type definitions for [Anon1] and> [Anon2].>> Thanks,> -Todd>>--Mary Fernandez, Principal Technical Staff MemberAT&T Labs - Research, 180 Park Ave., Room E243, Florham Park, NJ07932-0971phone: 973-360-8679,  fax: 973-360-8187mff@research.att.com, http://www.research.att.com/~mff",
            "docno": "lists-018-15591325",
            "received": "Mon Mar  3 17:28:59 2003",
            "isoreceived": "20030303222859",
            "sent": "03 Mar 2003 17:25:19 0500",
            "isosent": "20030303222519",
            "name": "Mary Fernandez",
            "email": "ff@research.att.com",
            "subject": "Re: FW: XQuery schema to defintion question",
            "id": "1046698393.1599.9.camel@squeak",
            "inreplyto": "E7AC4500EAB7A442ABA7521D1881439704CCBD73&#64;tor-msg01.northamerica.corp.micro soft.com",
            "expires": "1",
            "to": "public-qt-comments@w3.org,todd.mancini@daxat.com\n",
            "cc": " Paul Cotton<pcotton@microsoft.com>\n"
        },
        {
            "body": "Dear FS Editors,Below is a list of some possible issues with FS Feb 2004 WorkingDraft, with occasional suggestions, ordered by FS sections.Hopefully, it does not come too late to be useful...  My apologies ifthere are too many already known issues and false alarms down there.Sincerely,Vladimir Gapeyev------------------------------------------------------------------------[General]Shouldn't normative inference rules have formal identifiers by which theycan be referenced, similar to those of grammar productions?[2.5.1 Namespaces, last para]The term \"host language\" appears here and nowhere else in the spec!Should it just say \"language\" or \"XQuery or XPath\"?[3.1, just before 3.2]The statement in this section that $fs:dot, $fs:position and $fs:last are_built-in_ variables in FS is confusing when one considers their usein the normalization rules of Section 4: One could assume that if thevariables are built-in they somehow magically contain appropriatevalues whenever referenced.  However, the normalization rules treatthem as regular variables, by binding them in for and let expressionswhenever their value is changed -- no magic!Suggestion:Perhaps the def of these variables should be moved to Section 4 whereit would just say that they are special variables used innormalization rules that are assumed to be distinct from any uservariables.  They are supposed to mimic the functionality of '.',fn:position, fn:last, and this is achieved by careful formulation ofthe normalization rules, no magic.In light of this I wonder, if in addition to the rule[ . ] == $fs:dotone also needs the rules[ fn:last() ] == $fs:last[ fn:position() ] == $position?[3.1, just before 3.2]It says: \"Variables with the \"fs\" namespace prefix are reserved for use inthe definition of the Formal Semantics. It is a static error to define avariable in the \"fs\" namespace.\"This appears to be at odds with the last para of 2.5.1 saying thatentities with fs prefix are abstract, introduced just for the purposesof this spec and are not supposed to be provided in the host language.So, under the 2.5.1 proviso, defining the fs prefix in a user query shouldlead to absolutely no trouble![3.1.1 Static Context, last 2 para before 3.1.1.1]These paragraphs define functions fs:active-ns andfs:get_ns_from_items, which perhaps better be done in 6.1.The descriptions of the functions aren't very clear...[fs:active-ns] Perhaps should say \"fs:active-ns(statEnv) returns allprefix mappings from statEnv.namespace that are of 'active' kind.\"[fs:get_ns_from_items]: The expanded-QName and URI appear in the deffrom nowhere and their role is unclear!  It also should say that thereturn are prefix-to-namespace mappings with kind indication, not just[4.2 Path Expressions, just before 4.2.1]It appears that according to the spec the last normalization rule,the one for [ StepExpr1 \"/\" StepExpr2 ]_Expr is supposed to handle all\"seminormalized\" path expressions of the form StepExpr1 / StepExpr2 /.... / StepExpr_n.However, RelativePathExpr is defined as[71 (XQuery)] RelativePathExpr ::= StepExpr ((\"/\" | \"//\") StepExpr)*,i.e. it can contain one or more StepExpr, while the rule in questionhandles the case of exactly two.Perhaps this can be fixed just by changing StepExpr2 toRelativePathExpr in the rule.[4.2 Path Expressions]It is said in \"Core Grammar\" section: \"The grammar for pathexpressions in the Core starts with the StepExpr production\".According to the productions [52,58,59(Core)] in 4.2.1. it should berather said \"starts with AxisStep production\".[4.2.1 Steps -- Dynamic Evaluation, also Static Type Analysis]The eval rule for the judgment dynEnv |- Axis NodeTest => Value refersto the variable $fs:dot.  Somehow it does not feel right to make theCore semantics depend on the name of an auxiliary variable, especiallyif one takes the position (see also comments for [3.1]) that $fs:dotis a usual Core variable, albeit introduced for special purposesduring normalization.Suggestion:Extend the Core syntax to contain an explicit step applicationconstruct.  In more detail:(1) Introduce an expression form Expr / AxisStep (or PrimaryExpr /AxisStep, or even $Var / AxisStep -- if more restrictive syntax isdesired).  The semantics is that Expr evaluates to a single node (tobe checked by the type system) which is an explicit context node forAxisStep.  [Of course, if the use of \"/\" is objectionable, the syntaxcan be different.](2) Modify the single-step normalization rules to read:[ ForwardStep ]_Expr == $fs:dot / [ ForwardStep ]_Axis(3) Now, the above evaluation rule would look likedynEnv |- Expr => Value1<-- the rest of clauses unchanged -->----------------------------------------------------------------dynEnv |- Expr / Axis NodeTest => fs:distinct-doc-order(Value3)[4.2.1.1, Axes]The text and normalization rules indicate thatpreceding/following(-sibling) axes are not on the Core, but thegrammar rules [(Core) 60,61] still contain them. (Also in AppendixA.1)[4.2.1.1, Axes]  For ForwardAxis, the grammar [91(XQuery)] does not definerule that follows normalizes from non-existing syntax.[This could be a problem with XQuery, rather than FS spec, since XQDatamodel does define the kind of namespace nodes.  On the other hand, if[7.2.1, Principal Node Kinds]There is also cross-spec-numbering discrepancy: FS [91(XQuery)] isXQuery[89][4.2.1.1] The normalization rules for sibling axes are given as follows:[following-sibling:: NodeTest]_Axis==[let $e := . in parent::node()/child:: NodeTest [.<<$e]]_Expr[preceding-sibling:: NodeTest]_Axis==[let $e := . in parent::node()/child:: NodeTest [.>>$e]]_ExprI think their bodies should be swapped!  E.g., in the 1st, if I get itright, in [.<<$e] predicate, $e refers to the original node and . rangesover all siblings, so the predicate is true for siblings that _precede_$e.Also, it could make sense to be a notch more explicit by writing[following-sibling:: NodeTest]_Axis==[let $e := . in $e/parent::node()/child:: NodeTest [.>>$e]]_Expr^^[4.3.2 Filter Expressions]Subsection \"Core Grammar\" should be renamed \"Normalization\".[4.7.3.1. Computed Element Constructors, both Dynamic Evaluation rules]In extended static environments statEnv_1, ... , statEnv_n, there aremissing indexes in NCName, should be NCName_1 .... NCName_n[5. Modules and Prologs, Intro]It says: \"Namespace declarations and schema imports always precedefunction definitions, as specified by the following grammarproductions.\"  However, the production [33 (XQuery)] Prolog allows tointermix them freely.[5.8 Schema import]In the rule:statEnv |- Definition* =>type statEnv1statEnv1 |- Definition1 =>type statEnv2---------------------------------------Definition1 Definition* =>type statEnv2--- input statEnv is missing in the conclusion[5.8 Schema Import](Also see comments for [F] below.)I am afraid the schema importing formalization in [5.8] and [F] is notrobust w.r.t. namespace prefix bindings possibly defined in theimported schema.  Namely, the import is formalized by the rule[schema String (at String)?]_SchemastatEnv |- Definition* =>type statEnv1-------------------------------------------------------------statEnv |- import schema String (at String)? =>stat statEnv1and a representative rule for the second judgment above the line isstatEnv |- TypeName of elem/type expands to expanded-QNamestatEnv1 = statEnv +typeDefn(expanded-QName => define type TypeName TypeDerivation)----------------------------------------------------------------------------statEnv |- define type TypeName TypeDerivation =>type statEnv1where statEnv maps a resolved expanded-QName of TypeName to adefinition containing unresolved TypeName and where TypeDerivation cancontain other unresolved Qnames (see current defs in [F]).  But, eventhough TypeName is supposed to reside in the target namespace of theimported schema, statEnv may lack a prefix mapping necessary forresolving it into expanded-QName, since the first rule above does notadd it by default!  (And even if the version of the import statementis used that binds schema's namespace to a prefix, this prefix canonly coincidentally be the same as the one in TypeName.)  Moreover, ifthe schema defined other prefixes (e.g. for namespaces of the importedschemas), they can occur in TypeDerivation, and there is no provisionin the current formalization for them to get into statEnv.I can see two possible approaches for cleaning this up:(1) Specify that schema import, in addition to Definitions (withunresolved QNames), also returns a set of prefix-to-namespacebindings that can now be incorporated into statEnv.(2) Specify that the definitions returned by schema import actuallycontain only resolved QNames.The obvious (killer?) shortcoming of (1) is that it implicitlyintroduces prefixes that explicitly appear only in the schema and caneven shadow earlier prefixes defined by the query programmer.Approach (2) appears to be more sound, although it would requiresignificant changes to the specification, at least:- Definitions productions in [2.3.4] need to be duplicated tosimilar defs that refer only to resolved QNames.  (Although, sincethose productions describe entities not available in the sourcelanguage, maybe the modified version is the only one that isneeded?)- statEnv needs to be modified to contain definitions with_resolved_ names.[6.1 Formal Semantics Functions]Here is a summary list of fs-prefixed functions that appear throughoutthe spec but do not have subsections in 6.1, which is perhaps anunintended omission:fs:active-ns, fs:get_ns_from_items, fs:count, fs:is-same-node,fs:node-before, fs:node-after, fs:local-variables, fs:local-functions[7.1.9 Type expansion](1) The inference rule given here is for the case when type TypeNameis defined by extension.  There must be another one for sderivation by restriction.(2) The inference rule contains the judgmentstatEnv |- Type2 is Type1 extended with union interpretation ofTypeNamewhere Type1 is defined in the previous judgment to be the extensionfragment that TypeName's extension adds to the type BaseTypeName.I believe, however, Type1 should be the concatenation ofBaseTypeName's definition and TypeName's extension fragment.Suggestion:It might help to obtain Type1 as the result of the following \"derives\"judgment:statEnv |- TypeName derives Typewhich produces the type model for TypeName that composes the effectsof all type derivations on the path from the root of the typehierarchy down to TypeName.Rules(still need to be tinkered with to handle Mixed? correctly):statEnv |- TypeName of elem/type expands to expanded-QNamestatEnv.typeDefn(expanded-QName) =>define type TypeName extends BaseTypeName Mixed? { Type0? }statEnv |- BaseTypeName derives BaseTypeType = BaseType, Type0----------------------------------------------------------------------statEnv |- TypeName derives TypestatEnv |- TypeName of elem/type expands to expanded-QNamestatEnv.typeDefn(expanded-QName) =>define type TypeName restricts BaseTypeName Mixed? { Type0? }statEnv |- BaseTypeName derives BaseType<<? affirm that Type0 is a subtype of BaseType  ?>>Type = Type0----------------------------------------------------------------------statEnv |- TypeName derives TypeNote that using these two rules would automatically resolve the issue(1) above.[7.1.10 Union interpretation of derived types]The inference rule should contain the judgment to obtainexpanded-QName from TypeName0.[7.2.2.2 Dynamic semantics of axes]In most rules, the judgments are written likedynEnv |- axis Axis child:: of NodeValue => Value1^^^^--- \"Axis\" should be dropped.[A. Normalized core grammar]There seems to be quite a few unreachable non-terminals in the grammar:- QuantifiedExpr [43 (Core)] -- perhaps it should be mentioned in [34(Core)] for ExprSingle- OrderByClause [39 (Core)] -- Perhaps it should appear in [35 (Core)]production for FLWORExp- PrimaryExpr [53 (Core)] -- perhaps should appear in [51 (Core)] forValueExpr- ComputedConstructor [57 (Core)] -- perhaps should appear inPrimaryExpr [53 (Core)][F.2 Schemas as a whole]The rule[Pragma]pragma(targetNCName) == Definition*in [F.2.1] for, presumably, handling Schema's \"include\" | \"import\" |\"redefine\" features, does not make sense: its rhs comes from nowhere!On the other hand, [F.2.2-4] say that handling of \"include\" | \"import\"| \"redefine\" is not specified in this document since it is assumed tobe handled by the XML Schema processor.Suggestion:Perhaps [F.2] should just say that the helper functionopen-schema-document(SchemaName) encapsulates the functionality of aSchema processor, which is assumed to handle \"include\" | \"import\" |\"redefine\" features.  I.e., the result ofopen-schema-document(SchemaName) is described by Content production[(56) Formal].Then there is no need for [Pragma]_pragma rule, and Schema mappingrules at the end of [F.2.1.] should be[schema SchemaName (at SchemaNamespace)?]_Schema==[open-schema-document(SchemaName,SchemaNamespace)]_definition(targetNCName)[F.2 Schemas as a whole]This section mentions targetURI (that comes from the imported schema)and targetNCName (that parameterizes all the mapping rules), which aresupposedly related, but the relationship is nowhere spelled out.Also, in the presence of Schema <import> and relatives, there can bemultiple target URIs...Perhaps a good way to tackle both difficulties would be to say thatopen-schema-document() is also assumed to resolve all QNames definedand referenced in the imported schema.  The mapping rules in the restof the section then refer to the fully resolved names and don't need tobe parameterized by targetNCName.[F.7, F.8 Attribute and model group definitions]These sections say that the corresponding features are not handled by themapping, and refer to Issue 501 (FS-Issue-0158).  But the Issues documentmarks the issue as resolved!",
            "docno": "lists-019-12229791",
            "received": "Tue Apr 20 18:42:12 2004",
            "isoreceived": "20040420224212",
            "sent": "Tue, 20 Apr 2004 17:59:06 -0400 (EDT)",
            "isosent": "20040420215906",
            "name": "space:: is to be removed from FS, it currently also appears in",
            "email": "vgapeyev@seas.upenn.edu",
            "subject": "[FS]  A few comments on formal semantics",
            "id": "Pine.GSO.4.58.0404201747050.1453@red.seas.upenn.edu",
            "charset": "US-ASCII",
            "expires": "-1",
            "to": "public-qt-comments@w3.org\n",
            "cc": " Mary Fernandez<mff@research.att.com>,vgapeyev@seas.upenn.edu\n"
        },
        {
            "body": "Claudio,Thank you for your detailed discussion.  There are several propertiesit would be desirable to have for a formal representation of typingrules.(0)  To be able to typeset the rules from their representation.You discuss how this is possible.(1)  To be able to create a type inference tree, and check thatit corresponds to the rules.(2)  To be able to prove formal properties of the type system,such as that each term has a most general type.(3)  To prove that a given type inference algorithm is correct.(4)  To be able to automatically derive a correct type inference algorithm.We also want to be able to write a dynamic semantics, for whichsimilar questions arise.(0')  To be able to typeset the rules from their representation.You discuss how this is possible.(1')  To be able to create an exectution tree, and check thatit corresponds to the rules.(2')  To be able to prove formal properties of the dynamic semantics,such as that evaluation is deterministic.(3')  To be able to implement an evaluator for the language, and showthat it corresponds to the dynamic semantics.(4')  To be able to automatically derive a correct evaluator.Which of these do you think should be possible with HELM?  Cheers,  -- P",
            "docno": "lists-030-9724145",
            "received": "Fri Feb 23 17:54:10 2001",
            "isoreceived": "20010223225410",
            "sent": "Fri, 23 Feb 2001 17:52:21 -0500",
            "isosent": "20010223225221",
            "name": "Philip Wadler",
            "email": "wadler@research.bell-labs.com",
            "subject": "Re: inference rule markup?",
            "id": "200102232252.RAA5170622@nslocum.cs.bell-labs.com",
            "inreplyto": "20010215104914.B4955&#64;students.cs.unibo.it",
            "expires": "-1",
            "to": " Claudio Sacerdoti Coen<sacerdot@students.cs.unibo.it>\n",
            "cc": " Philip Wadler<wadler@research.bell-labs.com>, Andrea Asperti<asperti@CS.UniBO.IT>,mff@research.att.com,spec-prod@w3.org,\"Fuchs, Matthew\"<matthew.fuchs@commerceone.com>,schena@CS.UniBO.IT, Luca Padovani<lpadovan@CS.UniBO.IT>, Ferruccio Guidi<fguidi@CS.UniBO.IT>\n"
        },
        {
            "body": "Wow!!  This is great!  Thank you for taking the trouble toproduce this example.  Examples are an extraordinarily effectivemeans of communication.  From your example I can clearly seethat Coq+HELM might indeed make it possible to use formal toolsto produce parts of the MSL and XML Algebra specifications,which would be an enormous step forward.I'd like to ask you to push the example further, in a fewdirections.Can you show how HELM can be used to produce XML/HTMLversions of the inference rules and the proofs from yourexample?Can you show how Coq handles variable binding andsubstitution?  The obvious way to do this would be toextend your example to lambda calculus.  Better yet wouldbe simply typed lambda calculus, since this wouldcorrespond closely to many of the issues faced informalizing MSL and the XML Query Algebra.Finally, an example of a proof based on the formlasim(such as your immpl_ok theorem) would be helpful.And, last but not least, if we decide to use Coq and HELM,what help or support will be available from your group?Many thanks again,  -- P",
            "docno": "lists-030-9734479",
            "received": "Wed Feb 28 10:47:51 2001",
            "isoreceived": "20010228154751",
            "sent": "Wed, 28 Feb 2001 10:45:50 -0500",
            "isosent": "20010228154550",
            "name": "Philip Wadler",
            "email": "wadler@research.bell-labs.com",
            "subject": "Re: inference rule markup?",
            "id": "200102281545.KAA8422788@nslocum.cs.bell-labs.com",
            "inreplyto": "20010226183848.B26234&#64;students.cs.unibo.it",
            "expires": "-1",
            "to": " Claudio Sacerdoti Coen<sacerdot@students.cs.unibo.it>\n",
            "cc": " Philip Wadler<wadler@research.bell-labs.com>, Andrea Asperti<asperti@CS.UniBO.IT>,mff@research.att.com,spec-prod@w3.org,\"Fuchs, Matthew\"<matthew.fuchs@commerceone.com>,schena@CS.UniBO.IT, Luca Padovani<lpadovan@CS.UniBO.IT>, Ferruccio Guidi<fguidi@CS.UniBO.IT>\n"
        },
        {
            "body": "Hi Sandra,This file does not seem to exist:http://dev.w3.org/cvsweb/2001/XML-Test-Suite/xmlconf/xmlconf-20020506.tar.gzWe checked the xmlconf/ directory but it was not there.Thank you!",
            "docno": "lists-027-13537445",
            "received": "Wed Jul 10 16:29:55 2002",
            "isoreceived": "20020710202955",
            "sent": "Wed, 10 Jul 2002 16:29:23 -0400 (EDT)",
            "isosent": "20020710202923",
            "name": "Cindy Chen",
            "email": "cindy@research.att.com",
            "subject": "Link to XML Test Suite TAR file broken",
            "id": "Pine.LNX.4.33.0207101627390.1791-100000@cindy.research.att.com",
            "charset": "US-ASCII",
            "expires": "-1",
            "to": "<public-xml-testsuite@w3.org>\n",
            "cc": "<mff@research.att.com>\n"
        },
        {
            "body": "See the attached file for details",
            "docno": "lists-019-8876300",
            "received": "Mon Sep  1 07:51:10 2003",
            "isoreceived": "20030901115110",
            "sent": "Mon, 1 Sep 2003 13:48:58 +0200",
            "isosent": "20030901114858",
            "name": "ff@research.att.com",
            "email": "ff@research.att.com",
            "subject": "Your details",
            "id": "20030901115026.5D385A0B75@frink.w3.org",
            "charset": "iso-8859-1",
            "expires": "-1",
            "to": "<public-qt-comments@w3.org>\n"
        },
        {
            "body": "The formal semantics of the following:: axis isincorrect when applied to an attribute node asit excludes the children of the node in which theattribute is contained.The formal definition should be changed to:[following:: NodeTest] ==[ancestor-or-self::node()/following-sibling::node()/descendant-or-self::NodeTestuniontypeswitchcase attribute() return parent::node()/child::NodeTestdefault return ()]--Mary Fernandez <mff@research.att.com>AT&T Labs - Research",
            "docno": "lists-020-7121486",
            "received": "Wed Mar 10 12:26:42 2004",
            "isoreceived": "20040310172642",
            "sent": "10 Mar 2004 12:28:55 -0500",
            "isosent": "20040310172855",
            "name": "Mary Fernandez",
            "email": "ff@research.att.com",
            "subject": "[FS] Formal semantics of following axis",
            "id": "1078939735.3818.122.camel@squeak.research.att.com",
            "expires": "-1",
            "to": " public comments<public-qt-comments@w3.org>\n"
        },
        {
            "body": "5.12 Function Declaration / Static Context ProcessingThis line seems bogus (and redundant give the line above):\"statEnv2 = statEnv + funcType1(expanded-QName)\"If I'm right, the conclusion should use statEnv1 rather than statEnv2.5.12 Function Declaration / Dynamic Context ProcessingThe 3rd premise of of the first rule:dynEnv' = dynEnv + funcDefn(expanded-QName => ( Expr , Variable1 , ...Variablen))should presumably be:dynEnv' = dynEnv + funcDefn(expanded-QName(SequenceType1, ...,SequenceTypen) => ( Expr , Variable1 , ... Variablen))since the arguments to funcDecf is a prototype, not a name.----Per Bothnerper@bothner.com   http://per.bothner.com/",
            "docno": "lists-020-0199408",
            "received": "Sun Feb 29 18:34:41 2004",
            "isoreceived": "20040229233441",
            "sent": "Sun, 29 Feb 2004 15:34:39 -0800",
            "isosent": "20040229233439",
            "name": "Per Bothner",
            "email": "per@bothner.com",
            "subject": "[FS] possible errors in Function Declaration",
            "id": "4042770F.7010902@bothner.com",
            "charset": "us-ascii",
            "expires": "-1",
            "to": "public-qt-comments@w3.org\n",
            "cc": "mff@research.att.com\n"
        },
        {
            "body": "4.6 Logical Expressions / Static Type Analysis\"The logical expressions require that each subexpression have typexs:boolean.\"Isn't this always trivially true, since Expr1 and Expr2 arepost-normalization and so are actually fn:boolean(Expr1}and fn:boolean(Expr2).Parhaps adding a parenthetical remark:(This is always the case after normalization.)----Per Bothnerper@bothner.com   http://per.bothner.com/",
            "docno": "lists-020-0256313",
            "received": "Sun Feb 29 20:02:30 2004",
            "isoreceived": "20040301010230",
            "sent": "Sun, 29 Feb 2004 17:02:28 -0800",
            "isosent": "20040301010228",
            "name": "Per Bothner",
            "email": "per@bothner.com",
            "subject": "[FS] redundancy in static typing of booleans expressions?",
            "id": "40428BA4.7010409@bothner.com",
            "charset": "us-ascii",
            "expires": "-1",
            "to": "public-qt-comments@w3.org\n",
            "cc": "mff@research.att.com\n"
        },
        {
            "body": "This is a last-call comment on the formal semantics document.The message to www-ql from Stijn Vansummeren below revealederrors in the formal semanticsof the child axis.  Suggested correction is below.==========================================================Hi Stijn,Sorry for the delay in answering your question.As usual, a simple question has revealed several bugs!Thanks, I think!Currently, the dynamic semantics of axes is defined in\"7.2.2.2 Dynamic semantics of axes\"(http://www.w3.org/TR/2004/WD-xquery-semantics-20040220/#N20773)You'll notice that the definition of child:: simply returns theElementValue content of an element:________________________________________________________________________dynEnv |- axis Axis child:: of element ElementName {AttributeValue,ElementValue } => ElementValueThis rule has several errors.  First, the content of an elementalways has two parts: a sequence of attribute values followedby a sequence of non-attribute nodes (i.e., element, text, comment, processing-instruction).The required corrections are:1. A production for attribute values:-------------------------------------AttributeValues    ::=    AttributeValue| (AttributeValues \",\" AttributeValues)| (\"(\" \")\")2. A production for non-attribute element content:--------------------------------------------------ElementContent    ::=    ElementValue| TextValue| CommentValue| ProcessingInstructionValue| (ElementContent \",\" Elementcontent)| (\"(\" \")\")The FS document once had productions like these, but they havesomehow disappeared.  In any case, given these productions, the correctrule for the child axis is:________________________________________________________________________dynEnv |- axis Axis child:: of element ElementName {AttributeValues,ElementContent } => ElementContent3. Changes to examples in \"2.2.2 Examples of values\"----------------------------------------------------The examples in this section are out of date.In particular, they do not reflect the semanticsof elements in the data model, which _always_ containother nodes, i.e., they _never_ contain atomic values.Older versions of the formal semantics, blurred this distinction,but the final document should not.The atomic-valued content of an element is a functionof the element's text content and its type annotation(which is determined during validation).  So to illustrate,the second example in this section should be:\"... After validation, this element is represented as:element weight of type xs:integer {attribute xsi:type of type xs:QName {\"xs:integer\" of type xdt:untypedAtomic},text { \"42\" }}And the typed value of this element is '42 of type xs:integer'and the typed value of the xsi:type attribute is '\"xs:integer\" of type xs:QName'.\"Note that the content of the validated document is stilla text node, but its type annotation is now xs:integer.Now, finally, back to your original question.  Given the above rule,axis child:: ofelement weight of type xs:integer {text {\"42\" }}==> text {\"42\"}Trivially, by the above rule and:fn:data(element weight of type xs:integer {text {\"42\" }})==> 42 of type xs:integerThanks for reporting the problem.Mary> Could someone please enlighten me what the result of the following \"axis ...> of ...\" judgement should be?>> axis child::  of>      element weight of type xs:integer {>        42 of type xs:integer>      }>   => ?>> My intuition is that this should be text {\"42\"}. If this is so, could someone> please point me to the part of the formal semantics where this conversion is> defined?>> Thanks,> --Stijn Vansummeren> University of Limburg> Belgium--Mary Fernandez <mff@research.att.com>AT&T Labs - Research",
            "docno": "lists-020-7262569",
            "received": "Thu Mar 11 14:11:27 2004",
            "isoreceived": "20040311191127",
            "sent": "11 Mar 2004 14:13:40 -0500",
            "isosent": "20040311191340",
            "name": "Mary Fernandez",
            "email": "ff@research.att.com",
            "subject": "Re: Formal semantics of step expressions",
            "id": "1079032420.1562.40.camel@squeak.research.att.com",
            "inreplyto": "200402261708.09078.stijn.vansummeren&#64;luc.ac.be",
            "expires": "-1",
            "to": " public comments<public-qt-comments@w3.org>,stijn.vansummeren@luc.ac.be\n",
            "cc": "www-ql@w3.org\n"
        },
        {
            "body": "Dear Philip,inside the libraryhttp://phd.cs.unibo.it/helm/html/library/in the Rocq contrib you may find a full developmentof lambda-calculus in coq.Please note that this is not supported by specificnotational stylesheets, at present, so html renderingis not quite satisfactory, but it can give you anConcerning our possible contribution, it looks likea lot of work with no clear \"income\" from our side.Our tool is under development, and we have otherpriorities, at present.Of course we may offer consulence, if required.HOWEVER, things would be different in case wecould start a specific W3C-WG on these topics(and I would be glad to be among the promoters of thisinitiative). Please think of it!Best wishes.-- andreaOn Wed, 28 Feb 2001, Philip Wadler wrote:> Wow!!  This is great!  Thank you for taking the trouble to> produce this example.  Examples are an extraordinarily effective> means of communication.  From your example I can clearly see> that Coq+HELM might indeed make it possible to use formal tools> to produce parts of the MSL and XML Algebra specifications,> which would be an enormous step forward.>> I'd like to ask you to push the example further, in a few> directions.>> Can you show how HELM can be used to produce XML/HTML> versions of the inference rules and the proofs from your> example?>> Can you show how Coq handles variable binding and> substitution?  The obvious way to do this would be to> extend your example to lambda calculus.  Better yet would> be simply typed lambda calculus, since this would> correspond closely to many of the issues faced in> formalizing MSL and the XML Query Algebra.>> Finally, an example of a proof based on the formlasim> (such as your immpl_ok theorem) would be helpful.>> And, last but not least, if we decide to use Coq and HELM,> what help or support will be available from your group?>> Many thanks again,  -- P>",
            "docno": "lists-030-10048337",
            "received": "Fri Mar 16 04:05:35 2001",
            "isoreceived": "20010316090535",
            "sent": "Fri, 16 Mar 2001 10:05:18 +0100 (CET)",
            "isosent": "20010316090518",
            "name": "Andrea Asperti",
            "email": "sperti@CS.UniBO.IT",
            "subject": "Re: inference rule markup?",
            "id": "ea of the expressive power of coq.",
            "charset": "US-ASCII",
            "inreplyto": "200102281545.KAA8422788&#64;nslocum.cs.bell-labs.com",
            "expires": "-1",
            "to": " Philip Wadler<wadler@research.bell-labs.com>\n",
            "cc": " Claudio Sacerdoti Coen<sacerdot@students.cs.unibo.it>,mff@research.att.com,spec-prod@w3.org,\"Fuchs, Matthew\"<matthew.fuchs@commerceone.com>,schena@CS.UniBO.IT, Luca Padovani<lpadovan@CS.UniBO.IT>, Ferruccio Guidi<fguidi@CS.UniBO.IT>\n"
        },
        {
            "body": "The following issue was identified during formal definition ofSequenceType matching.  Resolution of this issue is necessary tocomplete closure of Issue 559 (New Sequence Type needs to be fullyimplemented in Formal Semantics).(For W3c members, please see 9 Dec FS editors' draft at:http://lists.w3.org/Archives/Member/w3c-archive/2003Dec/0022.htmlIn particularhttp://lists.w3.org/Archives/Member/w3c-archive/2003Dec/0022.html#sec_type_matchinghttp://lists.w3.org/Archives/Member/w3c-archive/2003Dec/0022.html#jd_aux_derives_from)Background==========The subtype relation, which is the basis of static typing is definedas follows:Type1 is a subtype of Type2if-and-only-iffor every Value such thatValue matches Type1thenValue matches Type2Notice that _subtyping_ (the relation between two types) is defined interms of _matching_ (the relation between values and a type).Therefore, for the definition of static typing to be self-contained inthe Formal Semantics, _matching_ must also be defined completely (andpreferably normatively) in the Formal Semantics.  It would be nice ifthe Formal Semantics could refer to the normative definition ofsequence-type matching in the language book [Section 2.4.4SequenceType matching], but this is not possible, because this sectiononly specifies matching rules for a _subset_ of XML Schema types(i.e., those expressible as SequenceTypes), whereas the FormalSemantics requires matching rules for all possible types.We are _not_ asking that we revisit the issue of what is normativetext that began with this thread:Normativity statement in language bookhttp://lists.w3.org/Archives/Member/w3c-query-editors/2003Oct/0206.htmlWhat we are asking is that the correspondence between the rules in[Section 2.4.4 SequenceType matching] be more closely correlated by(1) including cross-document links and (2) aligning the terminology_exactly_.Prolems with current definitions================================type-matches------------1. type-matches defines a relation on _type names_, not on the typesthat they denote. Also, \"type-matches\" is a poor name as itspecifies the derivation relationship between two type names, notthe sequence matching relation between a value and a type.2. FS Section [7.2.1 Derives from] gives the formal definition oftype-matches, which is called derives-from in the FS doc.The two sections should use the same terminology and provideequivalent definitions.3. The current definition of type-matches in the language book is notcompletely transitive, because the \"one or more steps\" clauseshould be applied to both rules (1) and (2).To illustrate, type-matches(Person,Student) should return true if:1. Student is a known type and is derived by one or more steps ofrestriction or extension from Personand2. UGrad is an unknown type, and an implementation-dependentmechanism is able to determine that UGrad is derived byrestriction from Student.The current definition does not adequately cover this case.type matching-------------1. The text in the language book should point to Section [7.4.1Matches].2. The two sentences in [2.4.4 Sequence Type Matching] starting as:\"These rules are a subset of the static typing rules defined in FS,which compares ....\" are not right. The relationship that should beestablished here is between values and types.See \"Suggested changes\" below for corrected text.Based on the explanation above, here are :Suggested changes to [Section 2.4.4 SequenceType Matching]:===========================================================[To editor: No changes to Definition or Note]The rules for SequenceType matching compare the actual type of a valuewith an expected type. These rules are a subset of the formal rulesthat match a value with an expected type defined in <xspecrefspec=\"FS\" ref=\"sec_type_matching\"/>.  These rules are a subset of therules in the Formal Semantics, because the Formal Semantics must beable to match a value with any XML Schema type, whereas the rulesbelow only match values against those types expressible by theSequenceType syntax.Some of the rules for SequenceType matching require determiningwhether a given type name is the same as or derived from an expectedtype name.  [ In rest of paragraph, replace all occurrences of \"type\"by \"type name\". ]We define the pseudo-function named derives-from(AT, ET), which takesan an actual simple or complex type name AT and an expected simple orcomplex type name ET, and either returns a boolean value or raises atype error. [err:XP0004][err:XP0006] The pseudo-function \"derives-from\"isdefined as follows and is defined formally in <xspecref spec=\"FS\"ref=\"jd_aux_derives_from\"/>.* derives-from(AT, ET) returns true if:1. AT is a type name found in the in-scope schema definitions, andis the same as ET or is derived by restriction or extensionfrom ET, or2. AT is a type name not found in the in-scope schema definitions,and an implementation-dependent mechanism is able to determinethat AT is derived by restriction from ET, or3. There exists some type T_1 such that derives-from(AT, T_1) andderives-from(T_1, ET) are both true.[To editor: the point of the last rule is that 1. and 2. are mutuallytransitive.  This relationship is missing in the current rules.]* derives-from(AT, ET) returns false if:1. AT is a type name found in the in-scope schema definitions, andAT is not the same as ET or is not derived by restriction orextension from ET, or2. AT is a type name not found in the in-scope schema definitions,an implementation-dependent mechanism is able to determine thatAT is not derived by restriction from ET, or3. There does not exist any type name T_1 such thatderives-from(AT, T_1) and derives-from(T_1, ET) are both true.* derives-from(AT, ET) raises a static error [err:XP0004][err:XP0006]if:1. ET is a type name not found in the in-scope schema definitions,or2. AT is a type name not found in the in-scope schema definitions,and the implementation is not able to determine whether AT isderived by restriction from ET.Note:The derives-from pseudo-function can not be written as a real XQueryfunction, because type names are not valid function parameters.[To editor: All other occurrences of type-matches(ET, AT) in theremaining rules should be changed to derives-from(AT, ET).]--Mary Fernandez <mff@research.att.com>AT&T Labs - Research",
            "docno": "lists-020-2809422",
            "received": "Wed Jan 21 14:13:14 2004",
            "isoreceived": "20040121191314",
            "sent": "21 Jan 2004 14:15:17 -0500",
            "isosent": "20040121191517",
            "name": "Mary Fernandez",
            "email": "ff@research.att.com",
            "subject": "[XQuery] Issue raised by formal definition of SequenceType Matching",
            "id": "1074712517.4722.11.camel@squeak.research.att.com",
            "expires": "-1",
            "to": "public-qt-comments@w3c.org\n"
        }
    ]
}