{
    "id": "candidate-0214",
    "name": "Andrew Eisenberg",
    "gender": "MALE",
    "email": "andrew.eisenberg@us.ibm.com",
    "mails": [
        {
            "body": "Some members of NCITS H2, including IBM, are planning to propose theembedding of XQuery expressions within SQL statements in the next versionof SQL/XML. This feature is made possible by the addition of an XML datatype in SQL/XML:2003. In adding this feature, errors in the evaluation ofan XQuery expression will need to be reflected in SQLSTATE values, whichhave the following description:The character string value returned in an SQLSTATE parameter comprises a2-character class value followed by a 3-character subclass value, eachwith an implementation-defined character set that has a one-octetcharacter encoding form and is restricted to <digit>s and <simple Latinupper case letter>s.We suggest a small number of changes to XQuery to more easily support thereflection of XQuery errors in SQL. We believe that these changes will behelpful in the embedding of XQuery within other environments as well.1. Ensure that the local part of QNames that are defined in XQuery useonly 5 charactersAdd a statement such as the following:2.5.x Identifying ErrorsThe errors that are defined by this specification (indicated by \"an erroris raised: [...]\") will use QNames with local parts that have the formXXYYY, where XX is one of \"XP\" or \"XQ\" and YYY consists of exactly 3characters that are digits.2. Change the existing error QNamesReplace XP0xxx with XPxxx and XQ0xxx with XQxxx.3. Define the \"err:\" namespace prefixChoose a namespace URI that does not change from one version of XQuery toanother.4. Disallow error values that are the empty sequenceThe evaluation of fn:error() and fn:error($arg), where $arg is the emptysequence, should have the effect of raising err:XQnnn (specific value tobe assigned by the XQuery editors). This error would be defined asfollows:XQnnnUnspecified dynamic error.5. Make error values more regularThe fn:error function accepts an argument of type item()?. We suggest thatall errors should be identified by QNames, possibly with an associatednon-QName value. The means by which the non-QName value is provided to ahost environment is implementation-dependent.Specifically, when $arg is a value with a type other than xs:QName, thenthe evaluation of fn:error should have the effect of raising err:XQmmm.This error would be defined as follows:XQmmmUnspecified dynamic error with non-QName value.6. More clearly identify errors that are defined by implementations andusersWe suggest that all errors reported to a host environment be defined inthis specification. Errors raised by an implementation or a user withQName values would be identified by a standard error with an associatedQName value. The means by which the QName value is provided to a hostenvironment is implementation-dependent.Specifically, when $arg is a value with type xs:QName, but it is not aQName defined by this specification, then the evaluation of fn:errorshould have the effect of raising err:XQrrr. This error would be definedas follows:XQrrrImplementation-defined or user-defined error.7. Change the error QNames defined in F&OReplace all of the QNames in Annex D, Error Summary (Non-Normative), withQNames of the form err:XFxxx.8. Make the error QNames Normative in F&OChange the title of Annex D from \" Error Summary (Non-Normative)\" to just\" Error Summary\".Add the following sentence to the beginning of this annex:The error text provided with these errors is non-normative.8. Define error QNames in SerializationSerialization states in numerous places, starting with Section 2,Serializing Arbitrary Data Models, bullet 2, \"It is a serialization errorif ...\"Like XQuery and F&O, QNames should be associated with these errors. TheseQNames should have the form err:XSxxx.-- Andrew--------------------Andrew EisenbergIBM5 Technology Park DriveWestford, MA  01886andrew.eisenberg@us.ibm.comPhone: 978-399-5158    Fax: 978-399-5117",
            "docno": "lists-020-1890497",
            "received": "Mon Jan 19 08:05:27 2004",
            "isoreceived": "20040119130527",
            "sent": "Mon, 19 Jan 2004 08:05:17 -0500",
            "isosent": "20040119130517",
            "name": "Andrew Eisenberg",
            "email": "ndrew.eisenberg@us.ibm.com",
            "subject": "[XQuery]  IBM-XQ-001 - changes to error QNames",
            "id": "OF4E2B39E1.2F2B3754-ON85256E20.0019F591-85256E20.0047E4F6@us.ibm.com",
            "charset": "US-ASCII",
            "expires": "-1",
            "to": "public-qt-comments@w3.org\n",
            "cc": " Don Chamberlin<chamberl@almaden.ibm.com>\n"
        },
        {
            "body": "XQuery currently lacks a mechanism to return metadata describing thepersistent objects of interest to its users. While this capability couldbe added to each of the APIs that are designed for XQuery, we suggest thatit would be better for XQuery to provide this metadata.SQL defines the Information Schema tables that reflect its metadata. Whilethese tables were provided in SQL-92, they have not been widelyimplemented. By the time that they were published, vendors had alreadystarted defining their own tables and API methods to make this type ofinformation available.XQuery users can make reference to a number of objects in their queries.The following table shows each of these objects and describes whichconstructs allow their use.XQuery objectclause that allows the use of this objectschemaSchema Import in prologmoduleModule Import in prologcollationDefault Collation Declaration in prologOrderModifier in OrderBy Clausefunctions such as fn:containscollectionfn:collectiondocumentfn:docXQuery metadata might be provided by a function, fn:metadata. Thisfunction would return the descriptions of schemas, modules, collations,collections, and documents that are accessible to the issuer of the query.A schema would be provided to describe the document or element produced bythis function. Implementations could provide additional metadata byextending the types defined by this schema.An application might request the entire metadata document, or it mightoperate on it with XQuery to return only part of this metadata.We recognize that some XQuery implementations are \"closed world\", with allobjects of these types registered in a repository of some sort, whileothers are \"open world\", attempting to resolve URI's across the world wideweb. We suggest that the objects described by fn:metadata be defined toreturn a subset, possibly an empty subset, of the objects that can be usedin a query. An open world implementation might return no objectdescriptions at all.A user might issue the following query:for $c in fn:metadata()//xqm:collectionreturn fn:data($c/xqm:collection-uri)This query might return the following:http://www.example.com/xqdb1/employeeshttp://www.example.com/xqdb1/divisionshttp://www.example.com/xqdb2/capital-assets...-- Andrew--------------------Andrew EisenbergIBM5 Technology Park DriveWestford, MA  01886andrew.eisenberg@us.ibm.comPhone: 978-399-5158    Fax: 978-399-5117",
            "docno": "lists-020-2453977",
            "received": "Tue Jan 20 17:08:21 2004",
            "isoreceived": "20040120220821",
            "sent": "Tue, 20 Jan 2004 16:58:05 -0500",
            "isosent": "20040120215805",
            "name": "Andrew Eisenberg",
            "email": "ndrew.eisenberg@us.ibm.com",
            "subject": "[XQuery] IBM-XQ-002 - Metadata",
            "id": "OF20F96571.F4635970-ON85256E21.007843A8-85256E21.0078AC26@us.ibm.com",
            "charset": "US-ASCII",
            "expires": "-1",
            "to": "public-qt-comments@w3.org\n",
            "cc": " Don Chamberlin<chamberl@almaden.ibm.com>\n"
        },
        {
            "body": "Hi Andrew,This is a response to the following message, which you posted to thecomments list:http://lists.w3.org/Archives/Public/public-qt-comments/2004Jan/0090.htmlYour comment has been classified as editorial, and assigned to the relevanteditors, who will take it into consideration. An editorial comment is onethat does not change the language that is being specified. Please let meknow if you believe that we have misclassified your issue.Jonathan",
            "docno": "lists-020-3092216",
            "received": "Fri Jan 23 09:29:30 2004",
            "isoreceived": "20040123142930",
            "sent": "Fri, 23 Jan 2004 09:27:28 -0500",
            "isosent": "20040123142728",
            "name": "Jonathan Robie",
            "email": "jonathan.robie@datadirect.com",
            "subject": "qt-2004Jan0090-01: [F&amp;O] Inconsistent formatting of error   conditions",
            "id": "6.0.0.22.2.20040123092610.02677e68@ncmail.datadirect-technologies.com",
            "charset": "us-ascii",
            "expires": "-1",
            "to": " Andrew Eisenberg<andrew.eisenberg@us.ibm.com>\n",
            "cc": "public-qt-comments@w3.org\n"
        },
        {
            "body": "(IBM-FO-043): Section 17 (Casting), paragraph 3 says \"If an empty sequenceis passed to a cast expression, an error is raised [invalid value forcast].\" This is not correct. The XQuery syntax provides a way for the userto specify whether empty sequences are acceptable in a path expression.This feature was first added to the XQuery language document in the Nov.15, 2002 version, after discussions at the Query Working Group meeting atChapel Hill, NC. The feature is described in the XQuery language document,Section 3.12.3 (Cast) as follows:If the result of atomization is an empty sequence:(a) If ? is specified after the target type, the result of the castexpression is an empty sequence.(b) If ? is not specified after the target type, a type error is raised.[XQ0004] [XP0006]This part of the F&O document should be made consistent with the languagedocument.--Don Chamberlin",
            "docno": "lists-020-7607818",
            "received": "Tue Mar 16 19:56:53 2004",
            "isoreceived": "20040317005653",
            "sent": "Tue, 16 Mar 2004 16:56:17 -0800",
            "isosent": "20040317005617",
            "name": "Don Chamberlin",
            "email": "chamberl@almaden.ibm.com",
            "subject": "[F&amp;O] IBM-FO-043: OK to cast an empty sequence",
            "id": "OF6A6B504D.EF36C434-ON88256E5A.00010740-88256E5A.00051EDF@us.ibm.com",
            "charset": "US-ASCII",
            "expires": "-1",
            "to": "public-qt-comments@w3.org\n",
            "cc": " Andrew Eisenberg<andrew.eisenberg@us.ibm.com>, Scott Boag<scott_boag@us.ibm.com>, Henry Zongaro<zongaro@ca.ibm.com>\n"
        },
        {
            "body": "(IBM-FO-044): The F&O document, section 17 (Casting) says \"Constructorfunctions and cast expressions ... both convert a value to a given typewith identical semantics and different syntax.\"  The XQuery languagedocument agrees, in Section 3.12.5 (Constructor Functions): \"Theconstructor function for type T .... has exactly the same semantics as acast expression with target type T.\"But this equivalence does not seem to extend to error messages.(a) The language document, Section 3.12.3 (Cast) says that a Castexpression can raise a type error (XQ0004 or XP0006), a dynamic errorXQ0021 (\"value cannot be cast to the required type\"), or a dynamic errorXQ0029 (\"value does not satisfy facets of target type\"). The languagedocument does not list any errors for constructor functions.(b) The F&O document, on the other hand, lists various casting-relatederror messages with names like \"error in casting to decimal\", \"error incasting to integer\", \"invalid value for cast\", etc. Some target types havespecific error messages, but most do not. It is generally not specifiedwhich errors are dynamic and which are static.The language document and the F&O document are not consistent in theirhandling of errors in casting, and it is not clear whether castexpressions and constructor functions return the same error messages. Thislatter property would be beneficial because it would allow implementationsto transform cast expressions into constructor functions.--Don Chamberlin",
            "docno": "lists-020-7616705",
            "received": "Tue Mar 16 19:58:14 2004",
            "isoreceived": "20040317005814",
            "sent": "Tue, 16 Mar 2004 16:57:39 -0800",
            "isosent": "20040317005739",
            "name": "Don Chamberlin",
            "email": "chamberl@almaden.ibm.com",
            "subject": "[F&amp;O] IBM-FO-044: Errors in casting and constructors",
            "id": "OF6B93062C.2F9A5BBC-ON88256E5A.0002CBF3-88256E5A.00053F11@us.ibm.com",
            "charset": "US-ASCII",
            "expires": "-1",
            "to": "public-qt-comments@w3.org\n",
            "cc": " Andrew Eisenberg<andrew.eisenberg@us.ibm.com>, Scott Boag<scott_boag@us.ibm.com>, Henry Zongaro<zongaro@ca.ibm.com>\n"
        },
        {
            "body": "Nice catch, Andrew!(It should be classified as XPath, though)Michael Kay_____From: public-qt-comments-request@w3.org[mailto:public-qt-comments-request@w3.org] On Behalf Of Andrew EisenbergSent: 09 April 2004 18:59Subject: [XQuery] IBM-XQ-028 NaN ComparisonI believe that \"le\" and \"ge\" return the wrong values when NaN values areprovided for either of the two operands.Consider the following query:let $x := 1.0e0let $nan := xs:double('NaN')return$x eq $nan,        (: will return false :)$x lt $nan,        (: will return false :)$x gt $nan,        (: will return false :)$x le $nan,        (: will return true :)$x ge $nan,        (: will return true :)$x ne $nan        (: will return true :)I believe that \"le\" and \"ge\" should return false to be consistent with IEEE754. They return true because:1) The definition of op:numeric-less-than and  op:numeric-greater-than inF&O both contain the following:\"If $arg1 or $arg2 is NaN, the function returns false.\"2) The Binary Operator table in XQuery, B.2 Operator Mapping, contains thefollowing:A ge B        numeric                numericfn:not(op:numeric-less-than(A, B))        xs:booleanA le B        numeric                numericfn:not(op:numeric-greater-than(A, B))        xs:booleanTo effect the change I suggest, change the that two rows of the BinaryOperator table to the following:A ge B        numeric                numericop:numeric-greater-than(A, B) or op:numeric-equal(A,B)        xs:booleanA le B        numeric                numericop:numeric-less-than(A, B) or op:numeric-equal(A,B)        xs:boolean-- Andrew--------------------Andrew EisenbergIBM4 Technology Park DriveWestford, MA  01886andrew.eisenberg@us.ibm.comPhone: 978-399-5158    Fax: 978-399-7012",
            "docno": "lists-019-11400054",
            "received": "Fri Apr  9 16:01:32 2004",
            "isoreceived": "20040409200132",
            "sent": "Fri, 9 Apr 2004 21:01:27 +0100",
            "isosent": "20040409200127",
            "name": "Michael Kay",
            "email": "hk@mhk.me.uk",
            "subject": "RE: [XQuery] IBM-XQ-028 NaN Comparison",
            "id": "20040409200132.13D7EA0E84@frink.w3.org",
            "charset": "US-ASCII",
            "inreplyto": "OFC8CE6F00.00C6DA31-ON85256E71.00680D47-85256E71.00684F9F&#64;us.ibm.com",
            "expires": "-1",
            "to": " public-qt-comments@w3.org\n"
        },
        {
            "body": "This Last Call comment proposes a new XPath/XQuery function, possiblyexcept in those cases where fn:data() would construct a typed value byconcatenating the string values of descendant elements. In these cases,fn:atom() returns an empty sequence. The definition of fn:atom() is asfollows:fn:atom($arg as item()*) as xdt:anyAtomicType*The result of fn:atom is the sequence of atomic values produced byapplying the following rules to each item in $arg:1. If the item is an atomic value, it is returned.2. If the item is a document node, the result is ().3. If the item is an attribute, text, comment, processing instruction, or4. If the item is an element node (regardless of type annotation) that hasno child element node, the typed value of the node is returned.5. If the item is an element node (regardless of type annotation) that hasa child element node, an empty sequence is returned.The advantages of the proposed function are as follows:(a) Suppose that $node1 and $node2 are element nodes with a typeannotation that permits mixed content. Suppose that $node1 is bound to<node><a>1</a><b>2</b></node>, and $node2 is bound to<node><b>1</b><a>2</a></node>.  Then data($node1) = data($node2) is true,because the typed value returned by the data function ignores nestedmarkup. This is a undesirable result in certain applications. The atom()function would enable a user to avoid this anomaly by writing atom($node1)= atom($node2). In this case both atom() functions would return () and theresult of the predicate would be false.(b) Suppose $sal is bound to the following untyped node:<salary><base>17</base><bonus>25</bonus></salary>.  Consider the predicate$sal > 300. In processing this query, the data function will be implicitlyinvoked and will return the untyped atomic value \"1725\". Comparing thisvalue with 300 will implicitly cast it to the integer 1725. The value ofthe predicate is true. This anomaly could be avoided by using the atomfunction, as follows: atom($sal) > 300. This revised predicate is false.(c) The fn:atom function can be used to search for elements that have agiven atomic value without incurring the cost of concatenating potentiallyhuge volumes of data. For example, consider the query:/book[title = \"War and Peace\"]//*[atom(.) = \"Leo Tolstoy\"]This query can quickly find leaf nodes with the atomic content \"LeoTolstoy\" without computing the string-values of all the intermediate nodesin the tree, some of which are very large (the topmost element containsthe whole book!)We believe that this function is sufficiently important to justifyincluding it in the standard function library in order to makeapplications portable.Cheers,--Don Chamberlin",
            "docno": "lists-020-2244248",
            "received": "Mon Jan 19 21:27:30 2004",
            "isoreceived": "20040120022730",
            "sent": "Mon, 19 Jan 2004 18:27:23 -0800",
            "isosent": "20040120022723",
            "name": "space node, the typed value of the node is returned (same as fn:data).",
            "email": "chamberl@almaden.ibm.com",
            "subject": "[F&amp;O] IBM-FO-001 Request for &quot;atom&quot; function",
            "id": "OFB41358D9.75D438BE-ON88256E21.000D0869-88256E21.000D8617@us.ibm.com",
            "charset": "US-ASCII",
            "expires": "-1",
            "to": "public-qt-comments@w3.org\n",
            "cc": " Andrew Eisenberg<andrew.eisenberg@us.ibm.com>\n"
        },
        {
            "body": "I believe that \"le\" and \"ge\" return the wrong values when NaN values areprovided for either of the two operands.Consider the following query:let $x := 1.0e0let $nan := xs:double('NaN')return$x eq $nan,     (: will return false :)$x lt $nan,     (: will return false :)$x gt $nan,     (: will return false :)$x le $nan,     (: will return true :)$x ge $nan,     (: will return true :)$x ne $nan      (: will return true :)I believe that \"le\" and \"ge\" should return false to be consistent withIEEE 754. They return true because:1) The definition of op:numeric-less-than and  op:numeric-greater-than inF&O both contain the following:\"If $arg1 or $arg2 is NaN, the function returns false.\"2) The Binary Operator table in XQuery, B.2 Operator Mapping, contains thefollowing:A ge B  numeric         numeric fn:not(op:numeric-less-than(A, B))xs:booleanA le B  numeric         numeric fn:not(op:numeric-greater-than(A,B))     xs:booleanTo effect the change I suggest, change the that two rows of the BinaryOperator table to the following:A ge B  numeric         numeric         op:numeric-greater-than(A,B) or op:numeric-equal(A,B)     xs:booleanA le B  numeric         numeric         op:numeric-less-than(A, B)or op:numeric-equal(A,B)        xs:boolean-- Andrew--------------------Andrew EisenbergIBM4 Technology Park DriveWestford, MA  01886andrew.eisenberg@us.ibm.comPhone: 978-399-5158    Fax: 978-399-7012",
            "docno": "lists-019-11390783",
            "received": "Fri Apr  9 14:59:55 2004",
            "isoreceived": "20040409185955",
            "sent": "Fri, 9 Apr 2004 14:59:21 -0400",
            "isosent": "20040409185921",
            "name": "Andrew Eisenberg",
            "email": "ndrew.eisenberg@us.ibm.com",
            "subject": "[XQuery] IBM-XQ-028 NaN Comparison",
            "id": "OFC8CE6F00.00C6DA31-ON85256E71.00680D47-85256E71.00684F9F@us.ibm.com",
            "charset": "US-ASCII",
            "expires": "-1",
            "to": "public-qt-comments@w3.org\n"
        },
        {
            "body": "Don:Your request was discussed at this morning's joint meeting and did notattract enough votes to make the change.The primary arguments were that the function increased complexity andprovided yet another definition of 'value' thatwas insufficiently compelling.  Thank you for your input.All the best, Ashok________________________________From: public-qt-comments-request@w3.org[mailto:public-qt-comments-request@w3.org] On Behalf Of Don ChamberlinSent: Monday, January 19, 2004 6:27 PMSubject: [F&O] IBM-FO-001 Request for \"atom\" functionThis Last Call comment proposes a new XPath/XQuery function, possiblyfn:data(), except in those cases where fn:data() would construct a typedvalue by concatenating the string values of descendant elements. Inthese cases, fn:atom() returns an empty sequence. The definition offn:atom() is as follows:fn:atom($arg as item()*) as xdt:anyAtomicType*The result of fn:atom is the sequence of atomic values produced byapplying the following rules to each item in $arg:1. If the item is an atomic value, it is returned.2. If the item is a document node, the result is ().3. If the item is an attribute, text, comment, processing instruction,or namespace node, the typed value of the node is returned (same asfn:data).4. If the item is an element node (regardless of type annotation) thathas no child element node, the typed value of the node is returned.5. If the item is an element node (regardless of type annotation) thathas a child element node, an empty sequence is returned.The advantages of the proposed function are as follows:(a) Suppose that $node1 and $node2 are element nodes with a typeannotation that permits mixed content. Suppose that $node1 is bound to<node><a>1</a><b>2</b></node>, and $node2 is bound to<node><b>1</b><a>2</a></node>.  Then data($node1) = data($node2) istrue, because the typed value returned by the data function ignoresnested markup. This is a undesirable result in certain applications. Theatom() function would enable a user to avoid this anomaly by writingatom($node1) = atom($node2). In this case both atom() functions wouldreturn () and the result of the predicate would be false.(b) Suppose $sal is bound to the following untyped node:<salary><base>17</base><bonus>25</bonus></salary>.  Consider thepredicate $sal > 300. In processing this query, the data function willbe implicitly invoked and will return the untyped atomic value \"1725\".Comparing this value with 300 will implicitly cast it to the integer1725. The value of the predicate is true. This anomaly could be avoidedby using the atom function, as follows: atom($sal) > 300. This revisedpredicate is false.(c) The fn:atom function can be used to search for elements that have agiven atomic value without incurring the cost of concatenatingpotentially huge volumes of data. For example, consider the query:/book[title = \"War and Peace\"]//*[atom(.) = \"Leo Tolstoy\"]This query can quickly find leaf nodes with the atomic content \"LeoTolstoy\" without computing the string-values of all the intermediatenodes in the tree, some of which are very large (the topmost elementcontains the whole book!)We believe that this function is sufficiently important to justifyincluding it in the standard function library in order to makeapplications portable.Cheers,--Don Chamberlin",
            "docno": "lists-020-7574195",
            "received": "Tue Mar 16 16:43:57 2004",
            "isoreceived": "20040316214357",
            "sent": "Tue, 16 Mar 2004 13:42:22 -0800",
            "isosent": "20040316214222",
            "name": "d fn:atom(). The result of fn:atom() is the same as that of",
            "email": "shokma@microsoft.com",
            "subject": "RE: [F&amp;O] IBM-FO-001 Request for &quot;atom&quot; function",
            "id": "EDB607C8AC991F40BE646533A1A673E8018845FF@RED-MSG-42.redmond.corp.microsoft.com",
            "charset": "us-ascii",
            "inreplyto": "[F&amp;O] IBM-FO-001 Request for &quot;atom&quot; function",
            "expires": "-1",
            "to": " public-qt-comments@w3.org\n",
            "cc": " Andrew Eisenberg\n"
        },
        {
            "body": "Hi Michael,Of course you are right (I'm embarrassed). Thanks for pointing this out.Still, assigning an error code to conflicting default namespacedeclarations in the same prolog would be helpful.Cheers,--Don\"Michael Kay\" <mhk@mhk.me.uk>03/24/2004 01:37 AMTo\"'Don Chamberlin'\" <chamberl@almaden.ibm.com>, <public-qt-comments@w3.org>Andrew Eisenberg/Concord/IBM@IBMUS, Scott Boag/Cambridge/IBM@Lotus,\"'Henry Zongaro'\" <zongaro@ca.ibm.com>SubjectRE: [XQuery] IBM-XQ-027: Namespace and attribute errorsConcerning the phrase in parentheses in (a), surely namespace declarationsare never imported from another module?Michael KayFrom: public-qt-comments-request@w3.org[mailto:public-qt-comments-request@w3.org] On Behalf Of Don ChamberlinSent: 23 March 2004 23:28Subject: [XQuery] IBM-XQ-027: Namespace and attribute errors(IBM-XQ-027): Responding to a request for clarification, I propose thatthe following rules be added to the XQuery specification:(a) A static error is raised if a prolog contains multiple declarationsfor the default element/type namespace or multiple declarations for thedefault function namespace (including declarations imported from othermodules). These conditions are already defined to be errors in Appendix C,but they need clarifying text and error codes.(b) A static error is raised if a direct or computed element constructorcontains multiple specifications of the default element/type namespace(that is, multiple namespace declaration attributes named xmlns, ormultiple local namespace declarations with no prefix). We need an errorcode for this.(c) A static error is raised if a namespace declaration attribute (in adirect element constructor) or a local namespace declaration (in acomputed element constructor) binds a namespace prefix to a zero-lengthURI. There is already an error (XQ0053) that covers this case if it occursin a prolog; this error can be extended to cover the additional cases.(d) A static error is raised if two namespace declaration attributeswithin the same direct element constructor bind the same namespace prefix.There is already an error (XQ0043) that covers this case for localbe extended to cover the additional case.(e) The section on attributes in direct element constructors says \"All theattribute nodes generated by an element constructor must have uniqueviolated. Currently XQ0025 seems to cover only duplicate attribute namesthat occur in the content sequence.--Don Chamberlin",
            "docno": "lists-020-8172543",
            "received": "Fri Mar 26 12:43:24 2004",
            "isoreceived": "20040326174324",
            "sent": "Wed, 24 Mar 2004 17:35:06 -0800",
            "isosent": "20040325013506",
            "name": "s\". We should specify that error XQ0025 is raised if this rule is",
            "email": "chamberl@almaden.ibm.com",
            "subject": "RE: [XQuery] IBM-XQ-027: Namespace and attribute errors",
            "id": "OF9C81D528.A27683A9-ON88256E62.000873FF-88256E62.0008A945@us.ibm.com",
            "charset": "US-ASCII",
            "inreplyto": "200403240938.i2O9c1Bt473594&#64;e31.co.us.ibm.com",
            "expires": "-1",
            "to": " public-qt-comments@w3.org\n",
            "cc": " Andrew Eisenberg; Scott Boag; Henry Zongaro\n"
        },
        {
            "body": "Concerning the phrase in parentheses in (a), surely namespace declarationsare never imported from another module?Michael Kay_____From: public-qt-comments-request@w3.org[mailto:public-qt-comments-request@w3.org] On Behalf Of Don ChamberlinSent: 23 March 2004 23:28Subject: [XQuery] IBM-XQ-027: Namespace and attribute errors(IBM-XQ-027): Responding to a request for clarification, I propose that thefollowing rules be added to the XQuery specification:(a) A static error is raised if a prolog contains multiple declarations forthe default element/type namespace or multiple declarations for the defaultfunction namespace (including declarations imported from other modules).These conditions are already defined to be errors in Appendix C, but theyneed clarifying text and error codes.(b) A static error is raised if a direct or computed element constructorcontains multiple specifications of the default element/type namespace (thatis, multiple namespace declaration attributes named xmlns, or multiple local(c) A static error is raised if a namespace declaration attribute (in adirect element constructor) or a local namespace declaration (in a computedelement constructor) binds a namespace prefix to a zero-length URI. There isalready an error (XQ0053) that covers this case if it occurs in a prolog;this error can be extended to cover the additional cases.(d) A static error is raised if two namespace declaration attributes withinthe same direct element constructor bind the same namespace prefix. There isalready an error (XQ0043) that covers this case for local namespacedeclarations in a computed element constructor; this error can be extendedto cover the additional case.(e) The section on attributes in direct element constructors says \"All theattribute nodes generated by an element constructor must have unique names\".We should specify that error XQ0025 is raised if this rule is violated.Currently XQ0025 seems to cover only duplicate attribute names that occur inthe content sequence.--Don Chamberlin",
            "docno": "lists-020-8034960",
            "received": "Wed Mar 24 04:42:59 2004",
            "isoreceived": "20040324094259",
            "sent": "Wed, 24 Mar 2004 09:37:54 -0000",
            "isosent": "20040324093754",
            "name": "space declarations with no prefix). We need an error code for this.",
            "email": "hk@mhk.me.uk",
            "subject": "RE: [XQuery] IBM-XQ-027: Namespace and attribute errors",
            "id": "20040324094244.189FCA0C83@frink.w3.org",
            "charset": "US-ASCII",
            "inreplyto": "OFE2E6A835.B22AADA4-ON88256E60.0079E1C6-88256E60.0080E25D&#64;us.ibm.com",
            "expires": "-1",
            "to": " public-qt-comments@w3.org\n",
            "cc": " Andrew Eisenberg; Scott Boag; Henry Zongaro\n"
        },
        {
            "body": "The raising of errors has an inconsistent appearance across the family ofdocuments. This issue is purely editorial in nature.XQuery 1.0, in Section 2.1.1, Static Context, states:If analysis of an expression relies on some component of thestatic context that hasnot been assigned a value, a static error is raised.[err:XP0001]Appendix F, Summary of Error Conditions, states:err:XP0001It is a static error if analysis of an expression relies onsome component of the static context that has not been assigned a value.F&O, in Section 7.5.1, fn:contains, states:If the specified collation is unsuitable for this function anerror ?may? be raised[collation unsuitable for this function].Section D, Error Summary (Non-Normative), states:err:FOCH0004, collation unsuitable for this functionFinally, Serialization, in Section 2, Serializing Arbitrary Data Models,states:It is a serialization error if the value cannot be cast toxs:string.I suggest that clauses of this nature be made more consistent in theirstyle. I prefer the style used by XQuery 1.0.-- Andrew--------------------Andrew EisenbergIBM5 Technology Park DriveWestford, MA  01886andrew.eisenberg@us.ibm.comPhone: 978-399-5158    Fax: 978-399-5117",
            "docno": "lists-020-1881939",
            "received": "Mon Jan 19 08:03:16 2004",
            "isoreceived": "20040119130316",
            "sent": "Mon, 19 Jan 2004 07:56:09 -0500",
            "isosent": "20040119125609",
            "name": "Andrew Eisenberg",
            "email": "ndrew.eisenberg@us.ibm.com",
            "subject": "[F&amp;O] Inconsistent formatting of error conditions",
            "id": "OF249B5328.A7645004-ON85256E1F.007FF664-85256E20.00470F17@us.ibm.com",
            "charset": "ISO-8859-1",
            "expires": "-1",
            "to": "public-qt-comments@w3.org\n"
        },
        {
            "body": "This observation has also been made in:http://lists.w3.org/Archives/Public/public-qt-comments/2004Feb/0154.htmlMichael Kay_____From: public-qt-comments-request@w3.org[mailto:public-qt-comments-request@w3.org] On Behalf Of Don ChamberlinSent: 17 March 2004 00:58Subject: [F&O] IBM-FO-044: Errors in casting and constructors(IBM-FO-044): The F&O document, section 17 (Casting) says \"Constructorfunctions and cast expressions ... both convert a value to a given type withagrees, in Section 3.12.5 (Constructor Functions): \"The constructor functionfor type T .... has exactly the same semantics as a cast expression withtarget type T.\"But this equivalence does not seem to extend to error messages.(a) The language document, Section 3.12.3 (Cast) says that a Cast expressioncan raise a type error (XQ0004 or XP0006), a dynamic error XQ0021 (\"valuecannot be cast to the required type\"), or a dynamic error XQ0029 (\"valuedoes not satisfy facets of target type\"). The language document does notlist any errors for constructor functions.(b) The F&O document, on the other hand, lists various casting-related errormessages with names like \"error in casting to decimal\", \"error in casting tointeger\", \"invalid value for cast\", etc. Some target types have specificerror messages, but most do not. It is generally not specified which errorsare dynamic and which are static.The language document and the F&O document are not consistent in theirhandling of errors in casting, and it is not clear whether cast expressionsand constructor functions return the same error messages. This latterproperty would be beneficial because it would allow implementations totransform cast expressions into constructor functions.--Don Chamberlin",
            "docno": "lists-020-7627097",
            "received": "Wed Mar 17 06:05:35 2004",
            "isoreceived": "20040317110535",
            "sent": "Wed, 17 Mar 2004 11:05:29 -0000",
            "isosent": "20040317110529",
            "name": "Michael Kay",
            "email": "hk@mhk.me.uk",
            "subject": "RE: [F&amp;O] IBM-FO-044: Errors in casting and constructors",
            "id": "entical semantics and different syntax.\"  The XQuery language document",
            "charset": "us-ascii",
            "inreplyto": "OF6B93062C.2F9A5BBC-ON88256E5A.0002CBF3-88256E5A.00053F11&#64;us.ibm.com",
            "expires": "-1",
            "to": " public-qt-comments@w3.org\n",
            "cc": " Andrew Eisenberg; Scott Boag; Henry Zongaro\n"
        },
        {
            "body": "Don:We discussed this in Cannes and decided to unify the errors in the F&Odocument.  I responded inhttp://lists.w3.org/Archives/Public/public-qt-comments/2004Mar/0169.htmlI'm not crazy about the wording of the error  \"invalid value forcast/constructor\".  Feel free to suggest better wording.All the best, Ashok________________________________From: public-qt-comments-request@w3.org[mailto:public-qt-comments-request@w3.org] On Behalf Of Michael KaySent: Wednesday, March 17, 2004 3:05 AMSubject: RE: [F&O] IBM-FO-044: Errors in casting and constructorsThis observation has also been made in:http://lists.w3.org/Archives/Public/public-qt-comments/2004Feb/0154.htmlMichael Kay________________________________From: public-qt-comments-request@w3.org[mailto:public-qt-comments-request@w3.org] On Behalf Of Don ChamberlinSent: 17 March 2004 00:58Subject: [F&O] IBM-FO-044: Errors in casting and constructors(IBM-FO-044): The F&O document, section 17 (Casting) says\"Constructor functions and cast expressions ... both convert a value toa given type with identical semantics and different syntax.\"  The XQuerylanguage document agrees, in Section 3.12.5 (Constructor Functions):\"The constructor function for type T .... has exactly the same semanticsas a cast expression with target type T.\"But this equivalence does not seem to extend to error messages.(a) The language document, Section 3.12.3 (Cast) says that aCast expression can raise a type error (XQ0004 or XP0006), a dynamicerror XQ0021 (\"value cannot be cast to the required type\"), or a dynamicerror XQ0029 (\"value does not satisfy facets of target type\"). Thelanguage document does not list any errors for constructor functions.(b) The F&O document, on the other hand, lists variouscasting-related error messages with names like \"error in casting todecimal\", \"error in casting to integer\", \"invalid value for cast\", etc.Some target types have specific error messages, but most do not. It isgenerally not specified which errors are dynamic and which are static.The language document and the F&O document are not consistent intheir handling of errors in casting, and it is not clear whether castexpressions and constructor functions return the same error messages.This latter property would be beneficial because it would allowimplementations to transform cast expressions into constructorfunctions.--Don Chamberlin",
            "docno": "lists-020-7638353",
            "received": "Wed Mar 17 08:18:29 2004",
            "isoreceived": "20040317131829",
            "sent": "Wed, 17 Mar 2004 05:17:57 -0800",
            "isosent": "20040317131757",
            "name": "Ashok Malhotra",
            "email": "shokma@microsoft.com",
            "subject": "RE: [F&amp;O] IBM-FO-044: Errors in casting and constructors",
            "id": "EDB607C8AC991F40BE646533A1A673E8018C5AFB@RED-MSG-42.redmond.corp.microsoft.com",
            "charset": "us-ascii",
            "inreplyto": "[F&amp;O] IBM-FO-044: Errors in casting and constructors",
            "expires": "-1",
            "to": " public-qt-comments@w3.org\n",
            "cc": " Andrew Eisenberg; Scott Boag; Henry Zongaro\n"
        },
        {
            "body": "(IBM-XQ-027): Responding to a request for clarification, I propose thatthe following rules be added to the XQuery specification:(a) A static error is raised if a prolog contains multiple declarationsfor the default element/type namespace or multiple declarations for thedefault function namespace (including declarations imported from othermodules). These conditions are already defined to be errors in Appendix C,but they need clarifying text and error codes.(b) A static error is raised if a direct or computed element constructorcontains multiple specifications of the default element/type namespace(that is, multiple namespace declaration attributes named xmlns, ormultiple local namespace declarations with no prefix). We need an errorcode for this.(c) A static error is raised if a namespace declaration attribute (in adirect element constructor) or a local namespace declaration (in acomputed element constructor) binds a namespace prefix to a zero-lengthURI. There is already an error (XQ0053) that covers this case if it occursin a prolog; this error can be extended to cover the additional cases.(d) A static error is raised if two namespace declaration attributeswithin the same direct element constructor bind the same namespace prefix.There is already an error (XQ0043) that covers this case for localbe extended to cover the additional case.(e) The section on attributes in direct element constructors says \"All theattribute nodes generated by an element constructor must have uniqueviolated. Currently XQ0025 seems to cover only duplicate attribute namesthat occur in the content sequence.--Don Chamberlin",
            "docno": "lists-020-8024443",
            "received": "Tue Mar 23 18:33:02 2004",
            "isoreceived": "20040323233302",
            "sent": "Tue, 23 Mar 2004 15:28:13 -0800",
            "isosent": "20040323232813",
            "name": "s\". We should specify that error XQ0025 is raised if this rule is",
            "email": "chamberl@almaden.ibm.com",
            "subject": "[XQuery] IBM-XQ-027: Namespace and attribute errors",
            "id": "OFE2E6A835.B22AADA4-ON88256E60.0079E1C6-88256E60.0080E25D@us.ibm.com",
            "charset": "US-ASCII",
            "expires": "-1",
            "to": "public-qt-comments@w3.org\n",
            "cc": " Andrew Eisenberg<andrew.eisenberg@us.ibm.com>, Scott Boag<scott_boag@us.ibm.com>, Henry Zongaro<zongaro@ca.ibm.com>\n"
        }
    ]
}