{
    "id": "candidate-0232",
    "name": "Paul Pedersen",
    "gender": "MALE",
    "email": "pcp@post.harvard.edu",
    "mails": [
        {
            "body": "Paul Pedersen wrote:>> ..>WHAT< is this Google promotion doing> on the W3C front page?  Google is a private,> for-profit organization.  I certainly would not> expect to see the W3C providing promotions> for private companies.  My company has paid> $5,000 for membership in the W3C.  Can we> have a promotion on your front page?> Be assured that I will raise this issue as rapidly> as possible to the highest possible level in the> organization.Paul,Our search engine has been down for some time,and we have received a number of complaints thatfinding information on the public Web site and mailinglists is difficult as a result. We are currentlyinvestigating a solution that is more effectivethan our previous search facility.The Team decided that, until we have a long-termsolution in place, it is so important that peoplebe able to search the public Web site and mailinglist archives, that we are willing to live fora short time with the Google logo on the home page(see part 3.3 of their terms and conditions [1]).This situation is temporary.Thank you,- Ian[1] http://www.google.com/services/terms_free.html> ...Paul Pedersen> Cerisent Corporation> CTO & cofounder--Ian Jacobs (ij@w3.org)   http://www.w3.org/People/JacobsTel:                     +1 718 260-9447",
            "docno": "lists-028-5292801",
            "received": "Sun Dec 23 09:10:47 2001",
            "isoreceived": "20011223141047",
            "sent": "Sun, 23 Dec 2001 09:10:46 -0500",
            "isosent": "20011223141046",
            "name": "Ian B. Jacobs",
            "email": "j@w3.org",
            "subject": "Re: Google promotion should be removed",
            "id": "3C25E5E6.A68B3790@w3.org",
            "charset": "us-ascii",
            "inreplyto": "5.1.0.14.0.20011222225001.00a8f790&#64;mail.cerisent.com",
            "expires": "-1",
            "to": " Paul Pedersen<pcp@post.harvard.edu>\n",
            "cc": "site-comments@w3.org\n"
        },
        {
            "body": "Hello, Paul.Your message to site-comments received a quick response from IanJacobs, but there is more information that may be useful.The W3C Team has been in the process of evaluating the Googlesearch service, and considering terms for use of theirsearch technology for both the W3C Public and Member site.Google is the provider of the service, and carries terms andconditions for its use. In this case, W3C is using the Googleproduct.There is nothing inconsistent or new with the use ofthe logo for a product we use. You should be aware that whenwe used Altavista as our search engine, we also were obligedto carry the logo for both Altavista and Compaq (who donated theserver) on the search pages and the results. Altavista, thespinoff company, was not a Member either.As Head of Communications for W3C, I had already spoken with ourdirector about the use of the Google Logo on our site. Given theGoogle current T&Cs, and that Google gives us an effective, operablesearch facility, he approved the use.Should you have further questions, please feel free to write to medirectly.Best regards,JanetIan B. Jacobs wrote:> Paul Pedersen wrote:>>>..>WHAT< is this Google promotion doing>>on the W3C front page?  Google is a private,>>for-profit organization.  I certainly would not>>expect to see the W3C providing promotions>>for private companies.  My company has paid>>$5,000 for membership in the W3C.  Can we>>have a promotion on your front page?>>Be assured that I will raise this issue as rapidly>>as possible to the highest possible level in the>>organization.>>>> Paul,>> Our search engine has been down for some time,> and we have received a number of complaints that> finding information on the public Web site and mailing> lists is difficult as a result. We are currently> investigating a solution that is more effective> than our previous search facility.>> The Team decided that, until we have a long-term> solution in place, it is so important that people> be able to search the public Web site and mailing> list archives, that we are willing to live for> a short time with the Google logo on the home page> (see part 3.3 of their terms and conditions [1]).>> This situation is temporary.>> Thank you,>>  - Ian>> [1] http://www.google.com/services/terms_free.html>>>>>>>...Paul Pedersen>>Cerisent Corporation>>CTO & cofounder>>>----World Wide Web Consortium (W3C)Janet Daly, Head of CommunicationsMIT/LCS NE43-363200 Technology SquareCambridge, MA 02139USAvoice: +1.617.253.5884fax:   +1.617.258.5999http://www.w3.org/janet@w3.org",
            "docno": "lists-028-5308480",
            "received": "Thu Dec 27 14:43:49 2001",
            "isoreceived": "20011227194349",
            "sent": "Thu, 27 Dec 2001 11:43:29 -0800",
            "isosent": "20011227194329",
            "name": "Janet Daly",
            "email": "janet@w3.org",
            "subject": "Use of Google Logo with Search box",
            "id": "3C2B79E1.5050003@w3.org",
            "charset": "us-ascii",
            "inreplyto": "3C25E5E6.A68B3790&#64;w3.org",
            "expires": "-1",
            "to": " Paul Pedersen<pcp@post.harvard.edu>\n",
            "cc": "\"Ian B. Jacobs\"<ij@w3.org>,site-comments@w3.org\n"
        },
        {
            "body": "..>WHAT< is this Google promotion doingon the W3C front page?  Google is a private,for-profit organization.  I certainly would notexpect to see the W3C providing promotionsfor private companies.  My company has paid$5,000 for membership in the W3C.  Can wehave a promotion on your front page?Be assured that I will raise this issue as rapidlyas possible to the highest possible level in theorganization....Paul PedersenCerisent CorporationCTO & cofounder",
            "docno": "lists-028-5278125",
            "received": "Sun Dec 23 08:14:18 2001",
            "isoreceived": "20011223131418",
            "sent": "Sat, 22 Dec 2001 22:54:24 -0800",
            "isosent": "20011223065424",
            "name": "Paul Pedersen",
            "email": "pcp@post.harvard.edu",
            "subject": "Google promotion should be removed",
            "id": "5.1.0.14.0.20011222225001.00a8f790@mail.cerisent.com",
            "charset": "us-ascii",
            "expires": "-1",
            "to": "site-comments@w3.org\n"
        }
    ]
}