{
    "id": "candidate-0199",
    "name": "Sihem Amer-Yahia",
    "gender": "FEMALE",
    "email": "sihem@research.att.com",
    "mails": [
        {
            "body": "Hi There,The ability to follow links and pointers (or anchors) is probablyworthwhile considering.  Take a query such as - \"get all paragraphs thatcontain a citation of a paper authored by Kohonen\".   This is a commonrequirement in bibliography searching where you want the exact context ofthe citation.   If the citation reference is implemented as an anchor(XPointer?) then it will not include explicit author details and hence theparagraphs cannot be selected directly by using \"Kohonen\" as a searchargument.  Rather, having found Kohonen in the bibliography section of anarticle we need to take the citation-id and use it as a search argument inparagraphs selection (indirection).This may be too complex a requirement, but it is certainly a \"nice tohave\".  (This is akin to performing a join following a foreign key in anSQL query)It can be further enhanced if we were to support following links (XLink?)to other documents - for instance, extend the example above to includeselection terms that can only be got at by inspecting the cited Kohonenpaper itself (i.e, another document altogether).  Indirection followingXLinks and XPointers would be a really nice feature in a retrieval engine,albeit perhaps too complicated as an explicit and bare user interfacefeature.Regards,ShlomoShlomo Geva, PhDCentre for Information Technology Innovation(Office: 126 Margaret St, Room 306)Faculty of Information TechnologyQueensland University of TechnologyGPO Box 2434,Brisbane, Q 4001, AUSTRALIA( Phone: +61 7 3864 93267 Fax:      +61 7 3864 93908 Email: s.geva@qut.edu.au",
            "docno": "lists-018-15601482",
            "received": "Mon Mar  3 18:09:35 2003",
            "isoreceived": "20030303230935",
            "sent": "Tue, 04 Mar 2003 08:18:48 +1000",
            "isosent": "20030303221848",
            "name": "Shlomo Geva",
            "email": "s.geva@qut.edu.au",
            "subject": "Indirection in XQuery/XPath",
            "id": "5.1.1.5.2.20030304080615.01cff248@pop.qut.edu.au",
            "charset": "usascii",
            "expires": "1",
            "to": "public-qt-comments@w3.org\n",
            "cc": "sihem@research.att.com,marx@science.uva.nl\n"
        },
        {
            "body": "Hi Sihem,I actually meant this use case to be considered for one of the XML QueryUse Cases:http://www.w3.org/TR/xquery-use-cases/This is not a full-text related use case, but there is a corresponding usecase being that. The use case related to the full-text queries is similarto this one, but the exclusion of content is based on scores instead ofelement names.I'll comment on the possible solutions at member-query-fttf@w3.org.Regards,MiroOn Wed, 3 Mar 2004, Sihem Amer-Yahia wrote:>> Hi Miro,>> We will discuss this proposal at our next meeting and will get back to> you in the next weeks. Please, see my response to your email to> member-query-fttf@w3.org>> Regards,> Sihem>> >Date: Wed, 3 Mar 2004 17:37:29 +0200 (EET)> >From: Miro Lehtonen <mplehton@cs.Helsinki.FI>> >Resent-From: public-qt-comments@w3.org> >Sender: public-qt-comments-request@w3.org> >Resent-Sender: public-qt-comments-request@w3.org> >Precedence: list> >List-Id: <public-qt-comments.w3.org>> >List-Help: <http://www.w3.org/Mail/>> >List-Unsubscribe: <mailto:public-qt-comments-request@w3.org?subject=unsubscribe>> >Content-Type: text/plain; charset=us-ascii> >Content-Length: 2248> >> >> >This use case is a simple transformation of an XML structure. It is> >useful when the document type shows a wide variation in structure. It> >would go nicely under 1.2. in> >> >http://www.w3.org/TR/2003/WD-xquery-use-cases-20031112/> >> >The expected result is based on the sample data in 1.2.3.> >> >Query:> >> >Return the book without image elements. Preserve everything else of the> >book element.> >> >Expected result:> >> ><book>> >  <title>Data on the Web</title>> >  <author>Serge Abiteboul</author>> >  <author>Peter Buneman</author>> >  <author>Dan Suciu</author>> >  <section id=\"intro\" difficulty=\"easy\" >> >    <title>Introduction</title>> >    <p>Text ... </p>> >    <section>> >      <title>Audience</title>> >      <p>Text ... </p>> >    </section>> >    <section>> >      <title>Web Data and the Two Cultures</title>> >      <p>Text ... </p>> >      <figure height=\"400\" width=\"400\">> >        <title>Traditional client/server architecture</title>> ><!-- Image omitted -->> >      </figure>> >      <p>Text ... </p>> >    </section>> >  </section>> >  <section id=\"syntax\" difficulty=\"medium\" >> >    <title>A Syntax For Data</title>> >    <p>Text ... </p>> >    <figure height=\"200\" width=\"500\">> >      <title>Graph representations of structures</title>> ><!-- Image omitted -->> >    </figure>> >    <p>Text ... </p>> >    <section>> >      <title>Base Types</title>> >      <p>Text ... </p>> >    </section>> >    <section>> >      <title>Representing Relational Databases</title>> >      <p>Text ... </p>> >      <figure height=\"250\" width=\"400\">> >        <title>Examples of Relations</title>> ><!-- Image omitted -->> >      </figure>> >    </section>> >    <section>> >      <title>Representing Object Databases</title>> >      <p>Text ... </p>> >    </section>> >  </section>> ></book>> >> >I actually replaced the image elements with a comment which could> >contain something else, as well, e.g. the alternative text of the> >image or the name of the source file.> >> >Presumably, there is a solution for this use case. See 3.4.11 in> >> >http://www.w3.org/TR/2003/WD-xquery-requirements-20031112> >> >Regards,> >> >Miro Lehtonen> >Department of Computer Science> >University of Helsinki> >> >P.S. The e-mail address for public comments should be fixed:> >> >Comments on this document should be sent to the W3C mailing list> >public-qt-comments@w3.org@w3.org> >> >>>>>",
            "docno": "lists-020-6757422",
            "received": "Sun Mar  7 12:29:38 2004",
            "isoreceived": "20040307172938",
            "sent": "Sun, 7 Mar 2004 19:29:35 +0200 (EET)",
            "isosent": "20040307172935",
            "name": "Miro Lehtonen",
            "email": "plehton@cs.Helsinki.FI",
            "subject": "Re: Proposal for a new XML Query Use Case",
            "id": "Pine.LNX.4.44.0403071918220.13353-100000@melkinpaasi.cs.Helsinki.FI",
            "charset": "us-ascii",
            "inreplyto": "200403031601.i23G1TEB6267621&#64;chips.research.att.com",
            "expires": "-1",
            "to": " Sihem Amer-Yahia<sihem@research.att.com>\n",
            "cc": "public-qt-comments@w3.org\n"
        },
        {
            "body": ">From: AndrewWatt2000@aol.com>Message-ID: <42.353373d8.2b82b060@aol.com>>Date: Mon, 17 Feb 2003 16:38:40 EST>To: public-qt-comments@w3.org>Subject: Full-text 20030214 - 3.10>>>What does \"universal\" mean?>>Some amplifying / clarifying text would be useful.>>Andrew WattI assume you're referring to:3.2.4 Q4 Query on Multiple Operands in Every Instance of an ElementFind all books with the words \"ersatz\" and \"publications\" in everypublisher name.In this case, \"universal\" means that the words \"ersatz\" and\"publications\" have to appear in every publisher of a given book. If abook has more than one publisher, all of them should contain the words\"ersatz\" and \"publications\". This is not the usual semantics in XPathin which an \"existential semantics\" is assumed. that is, if acondition is satisfied by one istance of an element, the query returnstrue.The \"universal semantics\" makes sense in the context of the above usecase.ThanksSihem---Sihem Amer-Yahia                     AT&T Labs - ResearchSenior Technical Staff Member        180 Park Ave., Bldg 103, B133sihem@research.att.com               Florham Park, NJ 07932-0971http://www.research.att.com/~sihem   973-360-8957 FAX: 973-360-8871",
            "docno": "lists-018-9439399",
            "received": "Thu Feb 27 19:15:49 2003",
            "isoreceived": "20030228001549",
            "sent": "Thu, 27 Feb 2003 18:49:07 0500 (EST)",
            "isosent": "20030227234907",
            "name": "Sihem AmerYahia",
            "email": "sihem@research.att.com",
            "subject": "Re: Full-text 20030214  3.10",
            "id": "200302272349.SAA05196@bual.research.att.com",
            "charset": "USASCII",
            "inreplyto": "Full-text 20030214  3.10",
            "expires": "1",
            "to": "AndrewWatt2000@aol.com\n",
            "cc": "public-qt-comments@w3.org\n"
        },
        {
            "body": "Sihem Amer-Yahia <sihem@research.att.com> writes:> We will definitely discuss your point and get back to you.The pleasure is mine :-)I'm looking forward to the discussion results.--file-error; Data: (Opening input file no such file or directory ~/.signature)",
            "docno": "lists-018-3852617",
            "received": "Thu Apr 10 11:14:52 2003",
            "isoreceived": "20030410151452",
            "sent": "Thu, 10 Apr 2003 17:12:24 +0200",
            "isosent": "20030410151224",
            "name": "Kai Gro?johann",
            "email": "kai.grossjohann@uniduisburg.de",
            "subject": "Re: FTS usecase: automatically determine granularity of result",
            "id": "844r56fktj.fsf@lucy.is.informatik.uniduisburg.de",
            "charset": "usascii",
            "inreplyto": "200304101442.h3AEghW13030&#64;bual.research.att.com",
            "expires": "1",
            "to": " Sihem Amer-Yahia<sihem@research.att.com>\n",
            "cc": "public-qt-comments@w3.org\n"
        },
        {
            "body": "At one stage XQuery had a fairly general-purpose mechanism for followingreferences from one node to another. However, it was never defined veryprecisely. The difficulty is that there are too many different ways ofdefining relationships in XML: IDREF, URIs, XPointer, application-definedforeign keys, schema-defined key/keyref, and so on.In fact there is a very general mechanism in XQuery that can handle all ofthese - the function call. I think this is the right mechanism, though ifsupport for a particular technique such as XPointer becomes widespread, thenwe should probably provide a specific function to handle it within the corefunction library.Michael Kay-----Original Message-----From: Shlomo Geva [mailto:s.geva@qut.edu.au]Sent: 03 March 2003 22:19Subject: Indirection in XQuery/XPathHi There,The ability to follow links and pointers (or anchors) is probably worthwhileconsidering.  Take a query such as - \"get all paragraphs that contain acitation of a paper authored by Kohonen\".   This is a common requirement inbibliography searching where you want the exact context of the citation.If the citation reference is implemented as an anchor (XPointer?) then itwill not include explicit author details and hence the paragraphs cannot beselected directly by using \"Kohonen\" as a search argument.  Rather, havingfound Kohonen in the bibliography section of an article we need to take thecitation-id and use it as a search argument in paragraphs selection(indirection).This may be too complex a requirement, but it is certainly a \"nice to have\".(This is akin to performing a join following a foreign key in an SQL query)It can be further enhanced if we were to support following links (XLink?) toother documents - for instance, extend the example above to includeselection terms that can only be got at by inspecting the cited Kohonenpaper itself (i.e, another document altogether).  Indirection followingXLinks and XPointers would be a really nice feature in a retrieval engine,albeit perhaps too complicated as an explicit and bare user interfacefeature.Regards,ShlomoShlomo Geva, PhDCentre for Information Technology Innovation(Office: 126 Margaret St, Room 306)Faculty of Information TechnologyQueensland University of TechnologyGPO Box 2434,Brisbane, Q 4001, AUSTRALIA* Phone: +61 7 3864 93267 Fax:      +61 7 3864 9390* Email: s.geva@qut.edu.au",
            "docno": "lists-018-16047255",
            "received": "Mon Mar 10 14:46:19 2003",
            "isoreceived": "20030310194619",
            "sent": "Mon, 10 Mar 2003 20:33:26 +0100",
            "isosent": "20030310193326",
            "name": "Kay, Michael",
            "email": "Michael.Kay@softwareag.com",
            "subject": "RE: Indirection in XQuery/XPath",
            "id": "DFF2AC9E3583D511A21F0008C7E621060453E12C@daemsg02.softwareag.de",
            "inreplyto": "Indirection in XQuery/XPath",
            "expires": "1",
            "to": " public-qt-comments@w3.org\n",
            "cc": " sihem@research.att.com; marx@science.uva.nl\n"
        },
        {
            "body": "Jonathan,I can point out to a preliminary research work in which we focused onapproximating structure in XML. There are several other works (2 ofthem pblished at the same conference) and many others includingGrossjohann's work.Sihem Amer-Yahia, SungRan Cho, Divesh Srivastava: Tree PatternRelaxation, in EDBT 2002.It is available from my webpage www.research.att.com/~sihemPlease, follow the publications pointer.I also have presented a tutorial on Approximating XML Queries in thelast ICDE 2003. The slids will be available this week on my webpage.ThanksSihem",
            "docno": "lists-018-16350240",
            "received": "Mon Mar 24 13:13:48 2003",
            "isoreceived": "20030324181348",
            "sent": "Mon, 24 Mar 2003 13:13:40 0500 (EST)",
            "isosent": "20030324181340",
            "name": "Sihem AmerYahia",
            "email": "sihem@research.att.com",
            "subject": "Re: FTS comments",
            "id": "200303241813.h2OIDeJ00833@bual.research.att.com",
            "charset": "USASCII",
            "inreplyto": "5.2.0.9.0.20030324121707.0118fd70&#64;ncmail.datadirecttechnologies.com",
            "expires": "1",
            "to": "jonathan.robie@datadirect-technologies.com\n",
            "cc": "kai.grossjohann@uni-duisburg.de,public-qt-comments@w3.org\n"
        },
        {
            "body": "Hi Miro,We will discuss this proposal at our next meeting and will get back toyou in the next weeks. Please, see my response to your email tomember-query-fttf@w3.orgRegards,Sihem>Date: Wed, 3 Mar 2004 17:37:29 +0200 (EET)>From: Miro Lehtonen <mplehton@cs.Helsinki.FI>>Resent-From: public-qt-comments@w3.org>Sender: public-qt-comments-request@w3.org>Resent-Sender: public-qt-comments-request@w3.org>Precedence: list>List-Id: <public-qt-comments.w3.org>>List-Help: <http://www.w3.org/Mail/>>List-Unsubscribe: <mailto:public-qt-comments-request@w3.org?subject=unsubscribe>>Content-Type: text/plain; charset=us-ascii>Content-Length: 2248>>>This use case is a simple transformation of an XML structure. It is>useful when the document type shows a wide variation in structure. It>would go nicely under 1.2. in>>http://www.w3.org/TR/2003/WD-xquery-use-cases-20031112/>>The expected result is based on the sample data in 1.2.3.>>Query:>>Return the book without image elements. Preserve everything else of the>book element.>>Expected result:>><book>>  <title>Data on the Web</title>>  <author>Serge Abiteboul</author>>  <author>Peter Buneman</author>>  <author>Dan Suciu</author>>  <section id=\"intro\" difficulty=\"easy\" >>    <title>Introduction</title>>    <p>Text ... </p>>    <section>>      <title>Audience</title>>      <p>Text ... </p>>    </section>>    <section>>      <title>Web Data and the Two Cultures</title>>      <p>Text ... </p>>      <figure height=\"400\" width=\"400\">>        <title>Traditional client/server architecture</title>><!-- Image omitted -->>      </figure>>      <p>Text ... </p>>    </section>>  </section>>  <section id=\"syntax\" difficulty=\"medium\" >>    <title>A Syntax For Data</title>>    <p>Text ... </p>>    <figure height=\"200\" width=\"500\">>      <title>Graph representations of structures</title>><!-- Image omitted -->>    </figure>>    <p>Text ... </p>>    <section>>      <title>Base Types</title>>      <p>Text ... </p>>    </section>>    <section>>      <title>Representing Relational Databases</title>>      <p>Text ... </p>>      <figure height=\"250\" width=\"400\">>        <title>Examples of Relations</title>><!-- Image omitted -->>      </figure>>    </section>>    <section>>      <title>Representing Object Databases</title>>      <p>Text ... </p>>    </section>>  </section>></book>>>I actually replaced the image elements with a comment which could>contain something else, as well, e.g. the alternative text of the>image or the name of the source file.>>Presumably, there is a solution for this use case. See 3.4.11 in>>http://www.w3.org/TR/2003/WD-xquery-requirements-20031112>>Regards,>>Miro Lehtonen>Department of Computer Science>University of Helsinki>>P.S. The e-mail address for public comments should be fixed:>>Comments on this document should be sent to the W3C mailing list>public-qt-comments@w3.org@w3.org>>",
            "docno": "lists-020-5991118",
            "received": "Wed Mar  3 11:01:33 2004",
            "isoreceived": "20040303160133",
            "sent": "Wed, 3 Mar 2004 11:01:29 -0500 (EST)",
            "isosent": "20040303160129",
            "name": "Sihem Amer-Yahia",
            "email": "sihem@research.att.com",
            "subject": "Re: Proposal for a new XML Query Use Case",
            "id": "200403031601.i23G1TEB6267621@chips.research.att.com",
            "charset": "US-ASCII",
            "inreplyto": "Pine.LNX.4.44.0403031724310.9265-100000&#64;melkinpaasi.cs.Helsinki.FI",
            "expires": "-1",
            "to": "mplehton@cs.Helsinki.FI\n",
            "cc": "public-qt-comments@w3.org\n"
        },
        {
            "body": "Chavdar,I believe the use case you sent would be a valuable addition to the FullText Use Cases. I will ask to have it added to a future task forceagenda for consideration.Pat Case, U.S. Library of Congress>>> Chavdar Botev <cbotev@cs.cornell.edu> 11/04/03 13:51 PM >>>We find that it is very useful to be able to incorporate XQueryexpressions within full-text searching expressions and propose that theattached use case be added to the XQuery and XPath Full-Text Use Cases.Best regards,Chavdar Botev--Chavdar BotevCornell UniversityOffice: (+1 607)255 3914",
            "docno": "lists-019-3310982",
            "received": "Wed Nov  5 23:06:21 2003",
            "isoreceived": "20031106040621",
            "sent": "Wed, 05 Nov 2003 23:03:46 -0500",
            "isosent": "20031106040346",
            "name": "Pat Case",
            "email": "pcase@crs.loc.gov",
            "subject": "Re: proposal for a new XQuery and XPath Use Case",
            "id": "sfa981dc.030@crs.loc.gov",
            "charset": "US-ASCII",
            "inreplyto": "sal for a new XQuery and XPath Use Case",
            "expires": "-1",
            "to": "<public-qt-comments@w3.org>\n",
            "cc": "<cbotev@cs.cornell.edu>,<jai@cs.cornell.edu>,<sihem@research.att.com>\n"
        },
        {
            "body": "Hi Kai,I find your email very interesting. Thank you.You are right, we have been considering CAS queries where a userspecify the granularity of the search (which could be the wholedocument) but also, what he is expecting as an answer. What you aresuggesting with CO queries is to consider the case where users mightor might not specify the granularity of the search but do not have tospecify the granularity of what is being returned and the system,using a notion of \"retrievable unit\" (to determine the finestgranularity to be returned), decides what is most appropriate toreturn to the user using some ranking function.My understanding of CO queries is that they generalize search enginequeries where the granularity of what is returned is always adocument. Probably, the reason why we did not consider these queriesis that in XPath/XQuery, the user has the ability to specify that asearch will occur in the whole document but does not have the abilityto specify that the system should decide which elements to return inthe answer. He must specify which answer he is expecting. We have beenthinking about FS queries in the same spirit.We will definitely discuss your point and get back to you.ThanksSihem>For this use-case, I'll assume a collection of books encoded in XML.>I'll assume that a book is structured into parts, each part has>chapters, each chapter has sections, and so on for subsections and>perhaps paragraphs.>>I'll also assume that part, chapter, section, subsection, paragraph,>are what I'll call \"retrievable units\".>>Now consider a user asking \"Give me information about optimization in>multimedia databases.\"  Maybe one of the books (\"specific-book\") is>about this very topic.  Then, clearly, specific-book as a whole should>be returned as a result of this query.  Let's say another book>(\"general-book\") is about database systems in general, and talks about>multimedia database systems in one chapter.  And one section in that>chapter is about optimization in multimedia database systems.  Then,>the right item to retrieve might be section 5.2.>>Note that chapter 5 in general-book is, of course, also an answer to>the query, since it contains all the information desired by the>user.  However, the user will have to read some sections which are>not about the topic of interest, and therefore the answer chapter 5>in book general-book is worse than the answer section 5.2 in the same>book.  This fact should be reflected in the ranking returned by the>system.>>I used the term \"retrievable unit\" because it does not make sense to>return any XML element.  For example, suppose that the introduction of>general-book happens to list the topics of that book in a bulleted>list.  Then the XML element \"<li>query optimization in multimedia>databases</li>\" in that list (using HTML-like tags for illustration>purposes), while matching the query as such, is clearly not a good>answer, since it does not give the user any information.>>About half of the INEX initiative is devoted to this kind of query>(they call these queries \"content-only\" queries, and there is a second>kind of query, called \"content-and-structure\"), so a sizable number of>people believe that this use-case is important.  You can get more>information about INEX on its home page:>http://qmir.dcs.qmw.ac.uk/INEX/>>Regards,>Kai",
            "docno": "lists-018-3840934",
            "received": "Thu Apr 10 10:42:46 2003",
            "isoreceived": "20030410144246",
            "sent": "Thu, 10 Apr 2003 10:42:43 0400 (EDT)",
            "isosent": "20030410144243",
            "name": "Sihem AmerYahia",
            "email": "sihem@research.att.com",
            "subject": "Re: FTS usecase: automatically determine granularity of result",
            "id": "200304101442.h3AEghW13030@bual.research.att.com",
            "charset": "USASCII",
            "inreplyto": "FTS usecase: automatically determine granularity of result",
            "expires": "1",
            "to": "kai.grossjohann@uni-duisburg.de\n",
            "cc": "public-qt-comments@w3.org\n"
        },
        {
            "body": "We find that it is very useful to be able to incorporate XQueryexpressions within full-text searching expressions and propose that theattached use case be added to the XQuery and XPath Full-Text Use Cases.Best regards,Chavdar Botev--Chavdar BotevCornell UniversityOffice: (+1 607)255 3914Use Case: Nested XQuery expressionDescription--------------Find all the books published after 2001 that share a subject with abook on \"Improving Web Site Usability\".This query finds words in an element. It uses an XQuery expressionfor specifying the words to search.* Operands \"Improving Web Site Usability\"* Functionality: word query, and query, nested xquery expression* Context: books/book/metadata//@shortTitle,books/book/metadata//subject* Return: books/book/metadata/title, books/book/metadata/author* Comments: This query returns a book if its date of publishing or oflast revision is after 2001 and one of its subjectscontains the words from a subject of the book whose titleis \"Improving Web Site Usability\". This query uses anXQuery expression to dynamically (at query time) find theExpected result----------------<title shortTitle=\"Usabilityguy Manuscript Guide\">John WesleyUsabilityguy: A Register of His Papers</title><authors><author>Millicent Marigold</author><author>Morty Marigold</author></authors>",
            "docno": "lists-019-3275081",
            "received": "Tue Nov  4 13:51:28 2003",
            "isoreceived": "20031104185128",
            "sent": "Tue, 04 Nov 2003 13:43:35 -0500",
            "isosent": "20031104184335",
            "name": "Chavdar Botev",
            "email": "cbotev@cs.cornell.edu",
            "subject": "of this book.",
            "id": "3FA7F357.1090701@cs.cornell.edu",
            "charset": "us-ascii",
            "expires": "-1",
            "to": "public-qt-comments@w3.org\n",
            "cc": "\"Jayavel Shanmugasundaram\"<jai@cs.cornell.edu>, Sihem Amer-Yahia<sihem@research.att.com>, Chavdar Botev<cbotev@cs.cornell.edu>\n"
        },
        {
            "body": "Hi Vagelis,Thanks for your comments on the XQuery and XPath Full-Text Use Cases.My answers are inlined.Also, for further comments, could you please use this email address:public-qt-comments@w3.orgIt will read the whole FTTF (full-text task force) group and you mightget answers from people with different perspectives (industry,information retrieval, librarians, ...).I am creating a thread in the above mailing list in case people havemore comments.ThanksSihem>From: \"Vagelis Hristidis\" <vagelis@cs.ucsd.edu>>Cc: \"Yannis Papakonstantinou\" <yannis@cs.ucsd.edu>>Date: Mon, 17 Mar 2003 14:02:44 -0800>X-Priority: 3>X-MSMail-Priority: Normal>X-MimeOLE: Produced By Microsoft MimeOLE V6.00.2800.1106>X-MailScanner: PASSED (v1.2.7 40182 h2HM15KY071993 mailbox6.ucsd.edu)>X-Spam-Status: No, hits=-6.6 required=5.0>tests=BAYES_01>version=2.50>X-Spam-Level:>X-Spam-Checker-Version: SpamAssassin 2.50 (1.173-2003-02-20-exp)>Content-Type: text/plain;>charset=\"iso-8859-1\">Content-Length: 965>>Hello Sihem,>we are looking into the problem of keyword search in XML databases (our most>recent work is Vagelis Hristidis, Yannis Papakonstantinou, Andrey Balmin:>Keyword Proximity Search on XML Graphs. ICDE, 2003), and while reading the>W3C draft I got a few questions:>Yes, indeed. I wanted to come listen to you at ICDE but I had aconflict at that time. I will definitely read your paper.>1. Which is the difference between cases 13.2.3 and 13.2.5? They both seem>to look for two phrases where the first one is in an ancestor and the second>in a descendant node>There is not always a major difference between queries. In particular,the two queries you refer to are in Section 13: Use Case \"STRUCTURE\":Queries using XPath Axes whose aim is to combine XPath navigation withfull-text querying and the only difference between 13.2.3 and 13.2.5 sthat one uses the Descendant axis while the other use the Ancestorone.>2. Do you support plain keyword queries of the form: give me an element with>its subelements, such that they contain all the keywords of the query? That>is, the user does not specify any element types, but only a set of keywords.>All queries seem to specify exactly where to search for keywords. Wedo not have a use case that explicitly deals with your concern. It isdefinitely a use case we will have to consider. To make sure Iunderstand your request, an example of the kind of queries you wouldlike to see is:Return book titles and authors for books that contain the words\"usability\" and the word \"performance\" (meaning anywhere in theirdescendant elements without specifying which elements they are).>3. How about IDREFs? Do you plan to support phrases spanning across IDREFs?>We do not have any plans to support searching for phrases spanningIDREFs. Do you have any example we could discuss?>Thank you for your time.>>Regards,>Vagelis>>>-->Vagelis Hristidis>Computer Science & Engineering Dept>University of California, San Diego>email: vagelis@cs.ucsd.edu>URL: http://www.db.ucsd.edu/people/vagelis/>>",
            "docno": "lists-018-16249256",
            "received": "Thu Mar 20 14:37:19 2003",
            "isoreceived": "20030320193719",
            "sent": "Thu, 20 Mar 2003 14:37:17 0500 (EST)",
            "isosent": "20030320193717",
            "name": "Sihem AmerYahia",
            "email": "sihem@research.att.com",
            "subject": "XQuery and XPath FullText Use Cases",
            "id": "200303201937.h2KJbHR24103@bual.research.att.com",
            "charset": "USASCII",
            "inreplyto": "00a601c2ecd0$f091b9b0$0c01a8c0&#64;vagpc",
            "expires": "1",
            "to": "public-qt-comments@w3.org\n",
            "cc": "vagelis@cs.ucsd.edu,yannis@cs.ucsd.edu,sihem@research.att.com\n"
        }
    ]
}