{
    "id": "candidate-0197",
    "name": "John Morris",
    "gender": "MALE",
    "email": "jmorris@cdt.org",
    "mails": [
        {
            "body": "I've reviewed [1] as part of my background research for the \"Beyond-HTTP\"P3P taskforce [2]. I'm not presently able to draw any conclusions withrespect to [2] but I think it's an interesting document and have twocomments.[1] http://www.ietf.org/internet-drafts/draft-ietf-geopriv-reqs-03.txt[2] http://www.w3.org/P3P/2003/04-beyond-http.html[[[5.2. The Location Object and Using Protocol...Location Object (LO): This data contains the Location Informationof the Target, and other fields including an identity orpseudonym of the Target, time information, core Privacy Rules,authenticators, etc.  ...Nothing is said about the semantics of a missing field.  Forinstance, a partially filled object MAY be understood implicitly asthe request to complete it....]]]Since a LO contains the core Privacy Rules, one should *not* permit theabsence of the privacy rule syntax to result in ambigous semanticinterpretation [3].[3] http://www.w3.org/TR/md-policy-design#_Semantic_Clarity[[[5.5. Privacy Rules...A full set of Privacy Rules will likely include both rules that haveonly one possible technical meaning, and rules that will be affectedby a locality's prevailing laws and customs.]]]This, and the example, makes it sound as if these were disjoint sets. \"Youmay not store my location for more than 2 days\" is very clear even if it isoverridden by other (legal) rules. This paragraph seems to be confusing thearticulation of a non-ambiguous rule with the an a posterioriinterpretation of all operative rules that might exceed the knowledge ofthe Rule Maker or Location Recipient beforehand.",
            "docno": "lists-017-2487101",
            "received": "Wed Apr  9 15:13:48 2003",
            "isoreceived": "20030409191348",
            "sent": "Wed, 9 Apr 2003 15:13:02 0400",
            "isosent": "20030409191302",
            "name": "Joseph Reagle",
            "email": "reagle@w3.org",
            "subject": "[BH] Comments on draft-ietf-geopriv-reqs03",
            "id": "200304091513.03020.reagle@w3.org",
            "charset": "usascii",
            "expires": "1",
            "to": "jmpolk@cisco.com,jon.peterson@neustar.biz,dmulligan@law.berkeley.edu,jmorris@cdt.org,Jorge.Cuellar@mchp.siemens.de\n",
            "cc": "public-p3p-spec@w3.org,geopriv@mail.apps.ietf.org\n"
        },
        {
            "body": "Joe,Let me offer my 2 cents in reaction to your comments.   Then, for thebenefit of the \"beyond http\" P3P task force in the W3C (a new effortthat I am just joining within the W3C), I will add at the end of thismessage my quick personal overview of where geopriv is now and whereit is likely to go.  I encourage anyone on the  geopriv list tocorrect or supplement my overview.John MorrisAt 3:13 PM -0400 4/9/03, Joseph Reagle wrote:>I've reviewed [1] as part of my background research for the \"Beyond-HTTP\">P3P taskforce [2]. I'm not presently able to draw any conclusions with>respect to [2] but I think it's an interesting document and have two>comments.>>[1] http://www.ietf.org/internet-drafts/draft-ietf-geopriv-reqs-03.txt>[2] http://www.w3.org/P3P/2003/04-beyond-http.html>>[[[>    5.2. The Location Object and Using Protocol>    ...>       Location Object (LO): This data contains the Location Information>          of the Target, and other fields including an identity or>          pseudonym of the Target, time information, core Privacy Rules,>          authenticators, etc.  ...>>    Nothing is said about the semantics of a missing field.  For>    instance, a partially filled object MAY be understood implicitly as>    the request to complete it....>]]]>>Since a LO contains the core Privacy Rules, one should *not* permit the>absence of the privacy rule syntax to result in ambigous semantic>interpretation [3].>>[3] http://www.w3.org/TR/md-policy-design#_Semantic_ClarityI agree -- and I think that the working assumption of the geopriv WGaddresses this point.  I believe there is agreement in the WG thatthe default rule is that location should receive a high level ofprivacy protection in the absence of rules to the contrary.  In otherwords, the protocol will default to \"do not disclose\" unless aPrivacy Rule (in the LO or external) would permit disclosure.But having said that, I cannot locate anywhere where this defaultassumption is clearly articulated in a WG document.  If it is not, weneed to add it.>[[[>   5.5. Privacy Rules>    ...A full set of Privacy Rules will likely include both rules that have>    only one possible technical meaning, and rules that will be affected>    by a locality's prevailing laws and customs.>]]]>>This, and the example, makes it sound as if these were disjoint sets. \"You>may not store my location for more than 2 days\" is very clear even if it is>overridden by other (legal) rules. This paragraph seems to be confusing the>articulation of a non-ambiguous rule with the an a posteriori>interpretation of all operative rules that might exceed the knowledge of>the Rule Maker or Location Recipient beforehand.I agree that this discussion warrants clarification.  The goal wasnot to suggest two exclusive sets:1.  technically unambiguous rules, and2.  rules that will be affected by local law, etc.Instead, the goal was to acknowledge that (a) some rules can beexpressed in technically unambiguous terms, while (b) other ruleswill not be clear without resort to an applicable legal norm.  Butboth types of rules (a+b) can certainly be affected or overridden bya local law.   What we were concerned about was to make clear thatthe set of (b) rules were still valuable to include even if they didnot have a single unambiguous technical meaning.   But in any event,the clarification you suggest is worthwhile.  I'll work on somespecific language to address the two points raised here.Let me change gears and give the BH/P3P task force a quick overview of geopriv:Greatly summarizing the geopriv charter [4], the mission of the WG isto create a privacy protecting protocol to be used when locationinformation is transmitted.  In the language of the WG, the WG iscreating a \"Location Object\" [LO] which will be able to contain bothlocation information and privacy rules (or a pointer to externalprivacy rules).  The protocol must be usable in situations withconstrained devices with low bandwidth and/or computing power.  TheWG is approaching a final requirements draft [5].That draft says that the Location Object must be able to carry alimited set of privacy rules, and must be able to refer to anexternal set of rules as well.  There is not final agreement onprecisely what privacy rules will be built into a LO, but the mostrecent proposal of some WG participants (including me) is found at[6].  Even a couple of elements in that version, however, are in astate of flux (something that I will try to bring back to the geoprivlist shortly).Looking more broadly, the WG has NOT decided on the format for theexpression of the LO, but XML has certainly been discussed as astrong candidate.   Even more generally, I think that many in thegeopriv WG would be open to using, or at least being compatible with,P3P, so long as that goal did not slow down geopriv's already slow(but significantly accelerating) progress to date.Let me know if there are more specific points about geopriv that thepublic-p3p-spec@w3.org wants to know at this point.....  John[4]  http://www.ietf.org/html.charters/geopriv-charter.html[5]  http://www.ietf.org/internet-drafts/draft-ietf-geopriv-reqs-03.txt[6]  http://www.ietf.org/internet-drafts/draft-morris-geopriv-core-01.txt",
            "docno": "lists-017-2508588",
            "received": "Wed Apr  9 18:05:08 2003",
            "isoreceived": "20030409220508",
            "sent": "Wed, 9 Apr 2003 18:05:00 0400",
            "isosent": "20030409220500",
            "name": "John Morris",
            "email": "jmorris@cdt.org",
            "subject": "Re: [BH] Comments on draft-ietf-geopriv-reqs03",
            "id": "a05200f08baba3e075760@[10.0.1.12]",
            "charset": "usascii",
            "inreplyto": "200304091513.03020.reagle&#64;w3.org",
            "expires": "1",
            "to": " Joseph Reagle<reagle@w3.org>\n",
            "cc": "jmpolk@cisco.com,jon.peterson@neustar.biz,dmulligan@law.berkeley.edu,Jorge.Cuellar@mchp.siemens.de,public-p3p-spec@w3.org,geopriv@mail.apps.ietf.org\n"
        }
    ]
}