{
    "id": "candidate-0169",
    "name": "Vincent Quint",
    "gender": "MALE",
    "email": "Vincent.Quint@inria.fr",
    "mails": [
        {
            "body": ">>Sorry for the inconvenience.>Hey. that's what betas are for; to find these things <g>.",
            "docno": "lists-093-4886775",
            "received": "Thu Sep 18 10:09:20 1997",
            "isoreceived": "19970918140920",
            "sent": "Thu, 18 Sep 1997 10:08:57 -0400",
            "isosent": "19970918140857",
            "name": "James E. LaBarre",
            "email": "jamesl@nrt.net",
            "subject": "Re: Amaya core dump",
            "id": "199709181409.KAA28998@www10.w3.org",
            "charset": "US-ASCII",
            "inreplyto": "Amaya core dump",
            "expires": "-1",
            "to": "<Vincent.Quint@inria.fr>\n",
            "cc": "<www-amaya@w3.org>\n"
        },
        {
            "body": "Well, I am just one person at W3C, and I don't make a lot of web pages (fewerthan I used to). I use Amaya for almost all my stylesheet editing, becauseI like to do it by example. This means that I have to live withoutpositioning for the moment, or to do it manually, and that I have to copy mystylesheet to an external one.just one person's experience.cheersChaalsOn Sat, 8 Feb 2003, Vincent Quint wrote:>Don Spark wrote:>> Which stylesheet editor does the w3c use?>>I guess most people at W3C just use a plain text editor and create>their style sheets by hand. But you can also check:>>http://www.w3.org/Style/CSS/#editors--Charles McCathieNevile  http://www.w3.org/People/Charles  tel: +61 409 134 136SWAD-E http://www.w3.org/2001/sw/Europe         fax(france): +33 4 92 38 78 22Post:   21 Mitchell street, FOOTSCRAY Vic 3011, Australia    orW3C, 2004 Route des Lucioles, 06902 Sophia Antipolis Cedex, France",
            "docno": "lists-096-6884030",
            "received": "Sat Feb  8 10:09:29 2003",
            "isoreceived": "20030208150929",
            "sent": "Sat, 8 Feb 2003 10:09:27 -0500 (EST)",
            "isosent": "20030208150927",
            "name": "Charles McCathieNevile",
            "email": "charles@w3.org",
            "subject": "Re: what amaya is and is not for a nubie",
            "id": "Pine.LNX.4.30.0302081000300.21339-100000@tux.w3.org",
            "charset": "US-ASCII",
            "inreplyto": "20030208103205.5C8173DFD&#64;lihue.inrialpes.fr",
            "expires": "-1",
            "to": " Vincent Quint<Vincent.Quint@inria.fr>\n",
            "cc": " Don Spark<don@modernv.com>,<www-amaya@w3.org>\n"
        },
        {
            "body": "Don Spark wrote:>> Can someone explain to me what amaya is and is not.I answered a similar question last week. Please refer tohttp://lists.w3.org/Archives/Public/www-amaya/2003JanMar/0138.html> I am looking for a good stylesheets editor> and as a browser, amaya does not accurately display> w3c pages like> http://www.w3.org/Style/CSS/This page uses a lot of advanced features of CSS. Many of thesefeatures are not yet implemented in Amaya, such as absolutepositionning, float and list-style.> I would like my pages to look like the old page that seems> to have been there until yesterday.Amaya did a better job with the default style sheets that wereused until yesterday (Blue shadows). But I guess this is thepurpose of the style sheets used on the Style area of the W3C server:to demonstrate what CSS can do, and to stimulate browser developpers.Some recent progress has been made in Amaya to render these pagesbetter. The Gold style used by default now will set a new target forfuture releases of Amaya.> Can amaya create these pages which it cannot display or> am I missing something?You can certainly use Amaya to create such HTML pages.If you look at these pages without any style sheet (or with theHandheld style), or if you just check the source code, you willsee that they are pretty simple. The secret is in the many classattributes they use to refer to style properties defined in stylesheets. You can perfectly use Amaya to create XHTML pages, to linkthe style sheets you like to these pages (command Style/Link...),and to put the right class (command Style/Apply class...) on theXHTML elements.> I have read the amaya manual> and am half way through the Hakon Wium Lie/Bert Bos book> but am unclear about amaya.  Is there a good amaya user webpage?You have some info in the on-line Help pages. There is a FAQ:http://www.w3.org/Amaya/User/FAQ.htmlYou can also check:http://www.w3.org/Amaya/User/Overview.html> Which stylesheet editor does the w3c use?I guess most people at W3C just use a plain text editor and createtheir style sheets by hand. But you can also check:http://www.w3.org/Style/CSS/#editors> DonVincent.-------------------------------------------------------Vincent Quint                       INRIA Rh?ne-AlpesINRIA                               ZIRSTe-mail: Vincent.Quint@inria.fr      655 avenue de l'EuropeTel.: +33 4 76 61 53 62             MontbonnotFax:  +33 4 76 61 52 07             38334 Saint Ismier CedexFrance",
            "docno": "lists-096-6873252",
            "received": "Sat Feb  8 05:32:10 2003",
            "isoreceived": "20030208103210",
            "sent": "Sat, 08 Feb 2003 11:32:05 +0100",
            "isosent": "20030208103205",
            "name": "Vincent Quint",
            "email": "Vincent.Quint@inria.fr",
            "subject": "Re: what amaya is and is not for a nubie",
            "id": "20030208103205.5C8173DFD@lihue.inrialpes.fr",
            "charset": "iso-8859-1",
            "inreplyto": "NCBBLFBGKLHKLGLDBJDKEEPHDKAA.don&#64;modernv.com",
            "expires": "-1",
            "to": "\"Don Spark\"<don@modernv.com>\n",
            "cc": "www-amaya@w3.org\n"
        },
        {
            "body": "Vincent QUINT wrote in reply to J. Blustein>> The buttons on FORM show as icons and cannot>> be used.>>You can activate buttons by clicking them TWICE, like links.>As Amaya is an editor, clicking is used for selecting. Double-click>is used for activating.I should have mentioned that I already tried that.  When I double-clickall I get are some green squares around the icon.  I can't even tell if theform elements are selected or not.  I see the same behaviour in thealternate view.--J. Blustein                   <jamie@csd.uwo.ca>Computer Science Dept., Univ. of Western OntarioMiddlesex Coll., London, Ontario, N6A 5B7 CanadaTel:+1 (519)679-2111 x6902  Fax:+1 (519)661-3515Webpage: http://www.csd.uwo.ca/~jamie/index.html",
            "docno": "lists-093-3604165",
            "received": "Wed Feb 19 02:05:48 1997",
            "isoreceived": "19970219070548",
            "sent": "Wed, 19 Feb 1997 01:05:31 GMT",
            "isosent": "19970219010531",
            "name": "Jamie Blustein",
            "email": "jamie@csd.uwo.ca",
            "subject": "Re: Linux-ELF FORM trouble",
            "id": "199702190105.BAA15524@brown.csd.uwo.ca",
            "inreplyto": "Tue, 18 Feb 1997 14:32:01 +0100",
            "expires": "-1",
            "to": "Vincent.Quint@inria.fr\n",
            "cc": "www-amaya@w3.org\n"
        },
        {
            "body": "D?cade I, Nonidi de Prairial de l'Ann?e 205 de la R?volutionVincent QUINT <Vincent.Quint@imag.fr> writes:>Florian Hars wrote:>> <style type=\"text/css\">>>   A {font-size: 200%; color: yellow}>...>> <h2>Name anchors in <a name=foo>green</a> [...]>CSS1 does not allow you to use the name attribute as a selector in style>rules. As a consequence you cannot control the color of anchor elements>having a name attribute.Why does this apply to the color, but not to the font-size?Why is the anchor element rendered in large green letters?This seems inconsistent to me.>This is a design decision that can be discussed. In Amaya we have put the>emphasis on the editing functionality. (refer to>http://www.w3.org/pub/WWW/TR/NOTE-amaya-970220.html). The space within empty>elements allows you to be aware that there is an element that may need to>be completed or deletedThis is a reasonable and vaild argument. (Well, I wanted the elementsto be invisible. This is why I choose empty tags, non-empty anchorsare so terribly greeen...)  But one could get philosophical about thispoint...>Empty paragraphs insert additional space. Empty anchors also insert additional>space. Should we format empty elements in different ways, depending on their>type?Paragraphs allways insert vertical space. Non-empty Anchors neverinsert anything but their content.  Should anchor tags be rendereddifferently, depending on their content? :-)But what is the additional vertical space introduced before a line ina list containing an empty name tag and the additional linebreak, ifthe empty name tag is the first element after a <li>-element, good for?Florian.--#!/bin/shfor x in 0 100 200 300 400 500 600 700 800 900; dofor y in 0 100 200 300 400 500 600; do xeyes -geometry 100x100+$x+$y &done; done",
            "docno": "lists-093-2667048",
            "received": "Wed May 28 07:37:00 1997",
            "isoreceived": "19970528113700",
            "sent": "28 May 1997 07:38:02 +0200",
            "isosent": "19970528053802",
            "name": "Florian Hars",
            "email": "hars@math.uni-hamburg.de",
            "subject": "Re: Layout peculiarities",
            "id": "m0wWbQx-0001ZMC%fm5a014@Bielefeld.public.uni-hamburg.de",
            "charset": "ISO-8859-1",
            "inreplyto": "Tue, 27 May 1997 12:41:31 +0200",
            "expires": "-1",
            "to": "Vincent.Quint@inria.fr\n",
            "cc": "www-amaya@w3.org\n"
        },
        {
            "body": "On Wed, 6 Nov 1996, Vincent QUINT wrote:> >  Certainly: http://saftsack.fs.uni-bayreuth.de/~marek/ttt/ttt.html> >> >  This contains a simple testpage with two inlined PNGs, both of them> >  transparent, 1-bit grayscale.>> Well, there is a bug somewhere.>> Did you try to change the background color of the whole document body?> When doing that, the background of your images stay white and the> foreground takes the same color as the document background.>> Are you sure that the *background* of your PNGs is transparent? It seems> that it is the *forground* that is transparent.Vincent, (and others)thanks for having a look at this, I really appreciate your help. I thoughtof this point, too. My images are generated by pnmtopng from ablack&white pbm (Portable Bit Map, only two colors). I tried bothpnmtopng -transparent #ffffff img1.pnm > img1.png(this is supposed to have the effect I want - black characters on thebrowser's background) andpnmtopng -transparent #000000 img1.pnm > img1.pngThe behaviour was *almost* the same: The *white* image background isvisible in both cases, but the color of the characters is *grey* in thefirst case and *light grey* in the second. I've prepared another testpage, here are the URLs:http://saftsack.fs.uni-bayreuth.de/~marek/ttt/ttt.html- This is the document with PNGs with -transparent #ffffff. This should bethe one that works in the end, given that everything is ok withlibpng-0.89c, libz-1.0.4 and pnmtopng-2.31http://saftsack.fs.uni-bayreuth.de/~marek/ttt/ttt2.html- This is the version using transparent GIFs instead of PNGs - works okwith netscape and other browsers.http://saftsack.fs.uni-bayreuth.de/~marek/ttt/ttt3.html- This is the same as the first URL, but with -transparent #000000 to showthe effect mentioned above.You can also retrieve the original PNMs fromhttp://saftsack.fs.uni-bayreuth.de/~marek/ttt/img1.pnm and img2.pnm(actually these two are PBMs, i.e. 1-bit image data)Thank you again for your cooperation, I'll be happy to contribute to thedevelopment of the *first* linux browser with proper PNG support!Best regardsMarekPS. I haven't tried multicolor, transparent PNGs yet. Hopefully I'll findsome time to do that, perhaps it will bring us closer to the root of thisproblem.***************************************************************************** Marek Rouchal                            <Marek.Rouchal@uni-bayreuth.de> ** -----------------------\\       http://saftsack.fs.uni-bayreuth.de/~marek ** Unteres Tor 12          \\------------------------------------------------** D-95445 Bayreuth                finger marek@saftsack.fs.uni-bayreuth.de ** Tel/FAX +49-921-511824          for PGP Public Key                       *****************************************************************************",
            "docno": "lists-093-1446415",
            "received": "Thu Nov  7 09:52:07 1996",
            "isoreceived": "19961107145207",
            "sent": "Thu, 7 Nov 1996 09:49:37 +0100 (MET)",
            "isosent": "19961107084937",
            "name": "Marek Rouchal",
            "email": "rek@btfmd1.fs.uni-bayreuth.de",
            "subject": "Re: Bug in PNG support of Amaya",
            "id": "Pine.LNX.3.95.961107092956.17519A-100000@btfmd1.fs.uni-bayreuth.de",
            "charset": "US-ASCII",
            "inreplyto": "199611061729.SAA22165&#64;lifou.inrialpes.fr",
            "expires": "-1",
            "to": "Vincent.Quint@inria.fr\n",
            "cc": "www-amaya@w3.org\n"
        },
        {
            "body": "Hi,Vincent QUINT wrote:> What version are you running? on what platform? Could you send me> a (short) HTML file that shows the problem?This is one of my files shortened down to what is needed to show thebug.<!DOCTYPE HTML PUBLIC \"-//W3C//DTD HTML 3.2 Final//EN\"><HTML><HEAD><TITLE>Catalog of useful link</TITLE></HEAD><BODY><IMG src=\"bar.gif\" border=\"0\"></BODY></HTML>I stored that as t.html.I call amaya t.html and in Amaya I just press the Save Icon. When I do acat t.html in another xterm I see:<img src=\"bar.gif\">If I select the image and open the attribute menu, I see that the borderitem \"checkbox\" is selected. The attributes window opened shows me value0.I change this to say 3, press apply then done, and then press the savebutton again. Then I look at the file again, no border in the img tag.I then tried to create a new document, and I just added the image andthen added the border attribute wth value 3 and saved the file. This iswhat got saved:<!doctype html public \"-//w3c//dtd html 3.2 final//en\"><html><head><title>No title</title><meta name=\"GENERATOR\" content=\"amaya V1.0a Beta\"></head><body><img src=\"/usr/people/claudio/bar.gif\"></body></html>I then tried to add width and height attributes. The same problem there.I use Amaya 1.0a Beta on an SGI Indy with IRIX 5.3.claudioPS: I like it, that you now write out the tags in all lowercaseand not uppercase as Amaya 0.95 did!--Claudio Nieder - Kanalweg 1 - CH-8610 Uster - Switzerlandmailto:claudio@dial.eunet.ch http://www.aps.ch/~claudio/",
            "docno": "lists-093-2203043",
            "received": "Wed May 14 00:22:15 1997",
            "isoreceived": "19970514042215",
            "sent": "Tue, 13 May 1997 23:01:41 +0200",
            "isosent": "19970513210141",
            "name": "Claudio Nieder",
            "email": "claudio@dial.eunet.ch",
            "subject": "Re: Bug: Amaya 1.0 deletes border=0 from &lt;IMG&gt;",
            "id": "3378D6B5.41C6@dial.eunet.ch",
            "charset": "us-ascii",
            "inreplyto": "199705130757.JAA12493&#64;lifou.inrialpes.fr",
            "expires": "-1",
            "to": "Vincent.Quint@inria.fr\n",
            "cc": " Amaya mailing list<www-amaya@w3.org>\n"
        },
        {
            "body": "I am not sure that Amaya is well suited for this use.Have a look at the MathML software page:http://www.w3.org/Math/implementations.htmlVincent.On Fri,  7 May 2004 14:56:35 -0400 (EDT) Delerue Remy <remy.delerue@laposte.net> wrote:>> Hello all,> I want to use Amaya, because it support MathML, in a Java application? I want> to use it to show XHTML document (with MathML in) but I don't want open an> Amaya window, I want able to show document in my application window without> any Amaya's, I just want use the graphical motor for MathML and XHML.> Ymer.--------------------------------------Vincent Quint                       INRIA Rh?ne-AlpesINRIA                               ZIRSTe-mail: Vincent.Quint@inria.fr      655 avenue de l'EuropeTel.: +33 4 76 61 53 62             MontbonnotFax:  +33 4 76 61 52 07             38334 Saint Ismier CedexFrance",
            "docno": "lists-096-13115323",
            "received": "Mon May 24 09:03:47 2004",
            "isoreceived": "20040524130347",
            "sent": "Mon, 24 May 2004 15:03:16 +0200",
            "isosent": "20040524130316",
            "name": "Vincent Quint",
            "email": "Vincent.Quint@inrialpes.fr",
            "subject": "Re: Using Amaya in an other application",
            "id": "20040524150316.63ef6a49.Vincent.Quint@inrialpes.fr",
            "charset": "ISO-8859-1",
            "inreplyto": "200405072055.58060.remy.delerue&#64;laposte.net",
            "expires": "-1",
            "to": "remy@delerue.org\n",
            "cc": "remy.delerue@laposte.net,www-amaya@w3.org\n"
        },
        {
            "body": "This bug is fixed. Thanks for pointing it out.The fix will be available with the next release.Vincent.On Tue,  8 Jun 2004 05:37:26 -0400 (EDT) \"Ulrich Windl\" <Ulrich.Windl@rz.uni-regensburg.de> wrote:>> Hello,>> the following HTML displays a small table with most of the iframe's source below> that table (the iframe's source includes a few tables itself):>> <!DOCTYPE html PUBLIC \"-//W3C//DTD HTML 4.01 Transitional//EN\">> <html>> <head>>   <meta http-equiv=\"Content-Type\" content=\"text/html; charset=iso-8859-1\">>   <meta content=\"text/html; charset=ISO-8859-1\" http-equiv=\"content-type\">>   <title>EMail Viruses detected in KKS</title>>   <meta content=\"Ulrich Windl\" name=\"author\">> </head>>> <body>>> <table style=\"width: 100%; text-align: left;\" border=\"1\" cellspacing=\"2\"> cellpadding=\"2\">>   <tbody>>     <tr>>       <td style=\"vertical-align: top;\">kgate</td>>       <td style=\"vertical-align: top;\">mailgate</td>>     </tr>>     <tr>>       <td style=\"vertical-align: top;\"><iframe>         src=\"http://kgate/emailvirs.html\">>         </iframe>>       </td>>       <td style=\"vertical-align: top;\"><iframe>         src=\"http://mailgate-i.dvm.klinik.uni-regensburg.de/emailvirs.html\">>         </iframe>>       </td>>     </tr>>   </tbody>> </table>> </body>> </html>>> See attachment for a screen shot.>> Regards,> Ulrich>>--------------------------------------Vincent Quint                       INRIA Rh?ne-AlpesINRIA                               ZIRSTe-mail: Vincent.Quint@inria.fr      655 avenue de l'EuropeTel.: +33 4 76 61 53 62             MontbonnotFax:  +33 4 76 61 52 07             38334 Saint Ismier CedexFrance",
            "docno": "lists-096-13264876",
            "received": "Thu Jun 10 13:01:18 2004",
            "isoreceived": "20040610170118",
            "sent": "Thu, 10 Jun 2004 19:00:01 +0200",
            "isosent": "20040610170001",
            "name": "Vincent Quint",
            "email": "Vincent.Quint@inrialpes.fr",
            "subject": "Re: Amaya 8.5 fails to render iframe correctly",
            "id": "20040610190001.30b68ac8.Vincent.Quint@inrialpes.fr",
            "charset": "ISO-8859-1",
            "inreplyto": "40C5A4D9.3482.D4B972&#64;rkdvmks1.ngate.uni-regensburg.de",
            "expires": "-1",
            "to": "\"Ulrich Windl\"<Ulrich.Windl@rz.uni-regensburg.de>\n",
            "cc": "Vincent.Quint@inrialpes.fr,www-amaya@w3.org\n"
        }
    ]
}