{
    "id": "candidate-0166",
    "name": "Tomihisa Kamada",
    "gender": "MALE",
    "email": "tomy@access.co.jp",
    "mails": [
        {
            "body": "Dear Tim and Jon,As Murata-san mailed below, we had a meeting among W3C Japanese members.We are really worrying about the handling of 2-Byte character codes.Murata-san will gather the opitions from Japanese members andmake a proposal. We hope it will be included in the Part 1 Draft.Regards,--- tomy-----------------------------------Dr Tomihisa KamadaExecutive Vice-President, R&DACCESS CO.,LTD.Hirata-Bld. 8F, 2-8-16 Sarugaku-choChiyoda-ku, Tokyo, 101 JAPANTEL +81-3-5259-3535FAX +81-3-5259-3536----------From: Murata MakotoSent: Saturday, June 7, 1997 6:15 PMSubject: Re: Comments on XML Part 1 from Japanese expertsYesterday, I attended an informal W3C meeting chaired by Prof. Saito.I spoke about XML and asked their opinions about a new part forJapanese textWe can develop such a new part, although we need more time to findthe right procedure to do it.  We can mention EUC_JP and Shift-JISin that part.  (Hanakaku kana for names should be disallowed in Part1, though.  And the idegraphic space should not be allowedas a delimiter.)After the meeting, I spoke with Internet experts and HTML experts, and asked their opinion about the ideographic space characterand HTTP content labelling.1) The ideographic spaceThey unanimously agree with me in that the ideographicspace character must not be a delimiter.  Period.A plea to the ERB: please remove the ideographic space from thedefinition of S.2) HTTP content labellingAlthough they (and I) unanimously disagree with Gavin, it is noteasy to write a complete proposal right now.I will circulate my proposal to Japanese collegues and ask fortheir comments.  Then, I will submit the conclusion to thismailing list.To give some idea of the proposed change to the ERB, I give arough sketch.Addition: we might propose to add encoding declarationsas a part of external entity declarations. (See I18N of HTML.)Encoding decisionPriority 1:  If BOM or an encoding declaration exists at the beginningof this external entity or document entity, theyare used to detect the encoding.Priority 2:  If this entity is not a document entity but an externalentity, then:2-1: If an encoding declaration is attached to the externalentity declaration that declares this externalentity, this encoding declaration is used.2-2: The encoding of the external entityor document entity that refers to this external entity isused.Priority 3:  HTTP content labellingPriority 4(optional):  any kind of autodetect or user preference listor locale-settingPriority 5:  UTF-8P.S.  Gavin, please reply to the group only.MakotoFuji Xerox Information SystemsTel: 044-812-7230   Fax: 044-812-7231E-mail: murata@apsdc.ksp.fujixerox.co.jp",
            "docno": "lists-055-15774522",
            "received": "Sat Jun  7 08:52:02 1997",
            "isoreceived": "19970607125202",
            "sent": "Sat, 7 Jun 1997 21:23:33 +0900",
            "isosent": "19970607122333",
            "name": "Tomy Kamada",
            "email": "tomy@access.co.jp",
            "subject": "RE: Comments on XML Part 1 from Japanese experts",
            "id": "01BC7389.0EB09AA0@tomy.access.co.jp",
            "charset": "us-ascii",
            "inreplyto": "Comments on XML Part 1 from Japanese experts",
            "expires": "-1",
            "to": " w3c-sgml-wg@w3.org\n",
            "cc": "\"'Murata Makoto'\"<murata@apsdc.ksp.fujixerox.co.jp>,\"w3c-sgml-wg@w3.org\"<w3c-sgml-wg@w3.org>\n"
        }
    ]
}