{
    "id": "candidate-0205",
    "name": "Pat Case",
    "gender": "MALE",
    "email": "pcase@crs.loc.gov",
    "mails": [
        {
            "body": "Noe,The XML Query and XSL Working Groups discussed and decided to adopt yoursuggestion to eliminate the get- prefix on the functions you cited.Discussion is continuing on the other two issues you raised. Thosedecisions will be sent separately.Pat Case, U.S. Library of Congress>>> \"Noe Michejda\" <noe_michejda@7thportal.pl> 11/01/03 10:16 AM >>>There are few function in spec with 'get-' prefix:get-local-name-from-QNameget-namespace-from-QNameget-namespace-uri-for-prefixget-in-scope-namespacesget-xxx-from-xxxdoes the prefix carries some meaning? Normally they are used forgetter/setter pairs, but in core all functions are side-effect free.So why using longer and harder to remember names?Accessors are very similar set of functions but aren't using 'get-'prefix.For example get-local-name-from-QName should be analogous tolocal-name($n as node)Also hour/minute/second extractors should use singular forms.They are extracting named fields. SQL and most programming librariesalready uses singular forms.I propose to change those names to:local-name-from-QNamenamespace-from-QNamenamespace-for-prefixin-scope-namespaceshour-from-XXXminute-from-XXXsecond-from-XXXday-from-XXXmonth-from-XXXyear-from-XXXI think expression//visit[hour-from-time(@time)=12]looks more natural that//visit[get-hours-from-time(@time)=12]Second thing is doc() vs document()what is the rationale behind having two so similar functions? Especialyif you are tryingto cut down function number. It could be very confusing for users usingdifferent languagesPlus all functionality is available through another core functions sothere is no extra work forimplementators. Possibly it would be better to drop document(), but itsnot possible (compatiblility).So why not leave just document()?Regards,Noe Michejda7th Portal S.C.",
            "docno": "lists-019-3301975",
            "received": "Wed Nov  5 22:53:23 2003",
            "isoreceived": "20031106035323",
            "sent": "Wed, 05 Nov 2003 22:30:04 -0500",
            "isosent": "20031106033004",
            "name": "Pat Case",
            "email": "pcase@crs.loc.gov",
            "subject": "Re: [F&amp;O] Function names",
            "id": "sfa979fa.023@crs.loc.gov",
            "charset": "US-ASCII",
            "inreplyto": "[F&amp;O] Function names",
            "expires": "-1",
            "to": "<noe_michejda@7thportal.pl>,<public-qt-comments@w3.org>\n"
        },
        {
            "body": "Kai,These are all personal responses. I can't speak for Working Group. Seeinline.Pat Case, Librarian, LIS Interface TeamCongressional Research ServiceLibrary of Congress101 Independence Ave., SE, LM-223Washington, DC 20540-7000202-707-9104202-252-3370 (Fax)pcase@crs.loc.gov>>> Kai Gro?johann <kai.grossjohann@uni-duisburg.de> 03/22/03 04:18PM>>>I have read the FTS requirements document and the use cases(http://www.w3.org/TR/xmlquery-full-text-requirements/ andhttp://www.w3.org/TR/xmlquery-full-text-use-cases/), and would liketo make some comments.First of all, I'm happy that work is proceeding in the generaldirection of providing more IR functionality in XQuery.  It is dearto my heart :-)I have two comments:* Application of SCORE to non-text conditions.I believe that vagueness and uncertainty, the central issues ofInformation Retrieval, are vital features for systems even outsidethe domain of full text.  Consider the infamous used-car databaseexample: say the user searches for a white Lincoln Continental from2001 with a given mileage (is that the right word? number of milesrun by that car is what I mean) and price.  There are no full textconditions in this example.  Yet, what happens if there are no carsfulfilling the exact condition but only cars that are \"closematches\"?  One approach would be to interpret the conditionsvaguely.  Another approach requires the user to specify anotherquery to find those \"close matches\".  However, the latter approachrequires the user to know which of the query conditions to relax tofind that close match, and thus requires knowledge of the contentsof the database.  Surely this is not desirable: if the user knewwhat's in the database, why search?Therefore, the \"best match\" approach is important also for non-textconditions.In the requirements document it says that the SCORE language shouldbe either equal to the FTS language or a superset thereof.  Icouldn't find a use case where a vague interpretation is given to anon-text condition.I'm saying that it should be possible for the user to specify avague interpretation for *every* query condition: wherever XQueryallows strict equality, allow vague equality, too.  Wherever XQueryallows strict less-than, allow vague less-than, too.  WhereverXQuery allows Boolean and, allow a vague version, too.  And so on.(XQuery does not seem to allow vague conditions on the XMLstructure, either...)[Pat Case: I too would like to see score applicable to all XQuery.]* Higher-level, semantic, search predicates.The use cases document talks a lot about proximity search and thatthe user should be able to specify various special cases: wordorder required or not required, number of stopwords ornon-stopwords allowed between the matching terms, whether or notan element boundary is allowed, and other things.I think that the user really wishes to do phrase search.All the above specifications are just (poor) approximations on thatgoal.  I don't think that the user wishes to think about the wordorder or the number of intervening stopwords that are allowed.  Theuser just wants to search for \"information retrieval\" and find\"... retrieval of information ...\" but not \"... retrieval.Information about...\".The situation is similar to stemming: in the old days the systemshad wildcards, and then it was up to the user to emulate stemmingwith wildcards.  Now the FTS use cases talk about stemming,carefully sidestepping the problem of actual implementation.In the same vein, I suggest to talk about phrase search, and leavethe implementation up to the, err, implementors.  (Actually, youoffer wildcards in addition to stemming, so I guess it's okay tooffer proximity search in addition to phrase search.  But phrasesearch is more important than proximity search IMHO.)(I think the use cases document uses \"phrase\" to describe asequence of words.  I use \"phrase\" in a linguistic sense of, say, anoun phrase.)[Pat Case: Please remember that a phrase query is a proximity query(ordered, allowing no intervening words).Also  remember we are defining the functionalities which will beavailable for implementors. We don't expect most end users to define theparameters for a proximity query, but we do expect them to profit fromproximity querying.We expect  implementors to build GUIs which utilize proximity queries.For example, a system may take any search terms in the Words search boxand return them in any order within 9 words of each other, then offer aMore button which might use an \"and\" operator. Or the implementors mightbuild queries under buttons or links. The functionality has to be thereso we can develop GUIs for end users.And yes, I do want the functionalities to surface for the small numberof expert users who can use them.I do not emphasize phrase querying because I think it is as dangerousas \"or\" querying is useless. I advise end users to do wider unorderedproximity queries instead. In a system which supports phrase query Iwould build a More button that runs a wider unordered proximity query topick up the missed results. My favorite example is in the internalsystem I work on for congressional documents. Folks search on\"elementary education\" and find very little. It is a reasonable querybut it fails because congressional bills almost exclusively carry thephrase \"elementary and secondary education\". Allow a few interveningcharacters and hundreds of bills are returned.]Kai--A preposition is not a good thing to end a sentence with.",
            "docno": "lists-018-16327383",
            "received": "Mon Mar 24 09:30:11 2003",
            "isoreceived": "20030324143011",
            "sent": "Mon, 24 Mar 2003 09:27:14 0500",
            "isosent": "20030324142714",
            "name": "Pat Case",
            "email": "PCASE@crs.loc.gov",
            "subject": "Re: FTS comments",
            "id": "se7ecf88.014@crs.loc.gov",
            "charset": "ISO-88591",
            "inreplyto": "FTS comments",
            "expires": "1",
            "to": "<kai.grossjohann@uni-duisburg.de>,<public-qt-comments@w3.org>\n",
            "cc": "\"<\"<member-query-fttf@w3.org>\n"
        },
        {
            "body": "Chavdar,I believe the use case you sent would be a valuable addition to the FullText Use Cases. I will ask to have it added to a future task forceagenda for consideration.Pat Case, U.S. Library of Congress>>> Chavdar Botev <cbotev@cs.cornell.edu> 11/04/03 13:51 PM >>>We find that it is very useful to be able to incorporate XQueryexpressions within full-text searching expressions and propose that theattached use case be added to the XQuery and XPath Full-Text Use Cases.Best regards,Chavdar Botev--Chavdar BotevCornell UniversityOffice: (+1 607)255 3914",
            "docno": "lists-019-3310982",
            "received": "Wed Nov  5 23:06:21 2003",
            "isoreceived": "20031106040621",
            "sent": "Wed, 05 Nov 2003 23:03:46 -0500",
            "isosent": "20031106040346",
            "name": "Pat Case",
            "email": "pcase@crs.loc.gov",
            "subject": "Re: proposal for a new XQuery and XPath Use Case",
            "id": "sfa981dc.030@crs.loc.gov",
            "charset": "US-ASCII",
            "inreplyto": "sal for a new XQuery and XPath Use Case",
            "expires": "-1",
            "to": "<public-qt-comments@w3.org>\n",
            "cc": "<cbotev@cs.cornell.edu>,<jai@cs.cornell.edu>,<sihem@research.att.com>\n"
        }
    ]
}