{
    "id": "candidate-0175",
    "name": "Eric Velleman",
    "gender": "MALE",
    "email": "e.velleman@bartimeus.nl",
    "mails": [
        {
            "body": "Given Name: EricFamily Name: VellemanEmail Address: e.velleman@bartimeus.nlOffice Telephone Number:  31 30 6982401Employer / Organization: Bartimeus Accessibility foundationIndicate whether your organization is a W3C Member: YesArea of interest: (Non W3C members please state area of expertise)[ ] develop Web content on a regular basis,[x] work with people with disabilities who use the Web,[ ] have a disability and regularly use the Web,[x] instruct people on developing Web content,[x]or have general usability, development, or accessibility knowledge[x] I have read the WC Guidelines Working Group Charter and agree to the participation criteria therein (please indicate the revision date of the charter, e.g., 2000/01/21).Intellectual Property Rights (check one):[x] To the best of my knowledge, I believe my organization does not have any IPR claims regarding guidelines for the accessibility of Web content.[ ] To the best of my knowledge, I believe my organization has the following IPR claims regarding guidelines for the accessibility of Web content. (Please specify)",
            "docno": "lists-070-10414041",
            "received": "Tue Nov  5 19:20:00 2002",
            "isoreceived": "20021106002000",
            "sent": "Wed, 06 Nov 2002 01:16:36 +0100",
            "isosent": "20021106001636",
            "name": "Eric Velleman",
            "email": "E.Velleman@bartimeus.nl",
            "subject": "Request to Join",
            "id": "sdc86da2.004@bartimeus.nl",
            "charset": "US-ASCII",
            "expires": "-1",
            "to": "wendy@w3.org\n",
            "cc": "w3c-wai-gl@w3.org\n"
        }
    ]
}