{
    "id": "candidate-0194",
    "name": "Robert Horn",
    "gender": "MALE",
    "email": "robert.horn@agfa.com",
    "mails": [
        {
            "body": "Since I might not be able to make the telephone call, I'll note myconcerns.One minor concern was the exclusive mention of EC regulations.  The newermedical regulations (US, Canada, Australia, ...) are all using similarnomenclature where the key factor is whether the data is identifiable.The notion of \"identified\" data is meaningless in these contexts.There are people who are concerned with the difference in intention between\"the person will be identified\" and \"the person could be identified.\"  Thisappears to be distinction that is being conveyed in the \"identified\" versus\"identifiable\".  There are contexts where this distinction is important.E.g., if you can trust the other party's statement of intentions you mightfind this to be important.  So I have no problem with having terms todistinguish these two cases.I find mixing in the use of the term \"storage\" confusing.  All of this datais stored somewhere for some period of time.  How about changing the titleof that section to:\"Non-identifiable\" dataThen the rest of the next three paragraphs reads just fine.  It makes itclear that non-identifiable data has had any identifying informationremoved.The two paragraphs on \"linked\" are less clear.  Is the following a correctrephrasing of the first paragraph?  I would add a section header toseparate it from the previous discussion of non-identifiable data.\"Linked\" dataThe term \"linked\" refers to information that can be associated with acookie. All data in a cookie or linked to a particular user must bedisclosed in the cookie's policy. Using the terminology above, if the datacollector collects \"identifiable\" information about the user that can beassociated with a cookie, then this information is \"linked\" with thecookie. For example, if the data collector stores a login name in a fileassociated with a persistent cookie and the login name is linked topersonal data, the cookie is clearly \"linked.\"R Horn",
            "docno": "lists-017-3121331",
            "received": "Mon Aug 11 17:56:19 2003",
            "isoreceived": "20030811215619",
            "sent": "Mon, 11 Aug 2003 17:45:49 0400",
            "isosent": "20030811214549",
            "name": "Robert Horn",
            "email": "robert.horn@agfa.com",
            "subject": "Re: [Bug 167] explanation of identified, identifiable, and linked",
            "id": "OF14BA1878.DDD65FE7ON85256D7F.0073F235@nafta.local",
            "charset": "usascii",
            "inreplyto": "[Bug 167] explanation of identified, identifiable, and linked",
            "expires": "1",
            "to": "\"Lorrie Cranor<lorrie\"<lorrie@research.att.com>\n",
            "cc": "public-p3p-spec@w3.org, Rigo Wenning<rigo@w3.org>\n"
        }
    ]
}