{
    "id": "candidate-0236",
    "name": "Jayavel Shanmugasundaram",
    "gender": "MALE",
    "email": "jai@cs.cornell.edu",
    "mails": [
        {
            "body": "Chavdar,I believe the use case you sent would be a valuable addition to the FullText Use Cases. I will ask to have it added to a future task forceagenda for consideration.Pat Case, U.S. Library of Congress>>> Chavdar Botev <cbotev@cs.cornell.edu> 11/04/03 13:51 PM >>>We find that it is very useful to be able to incorporate XQueryexpressions within full-text searching expressions and propose that theattached use case be added to the XQuery and XPath Full-Text Use Cases.Best regards,Chavdar Botev--Chavdar BotevCornell UniversityOffice: (+1 607)255 3914",
            "docno": "lists-019-3310982",
            "received": "Wed Nov  5 23:06:21 2003",
            "isoreceived": "20031106040621",
            "sent": "Wed, 05 Nov 2003 23:03:46 -0500",
            "isosent": "20031106040346",
            "name": "Pat Case",
            "email": "pcase@crs.loc.gov",
            "subject": "Re: proposal for a new XQuery and XPath Use Case",
            "id": "sfa981dc.030@crs.loc.gov",
            "charset": "US-ASCII",
            "inreplyto": "sal for a new XQuery and XPath Use Case",
            "expires": "-1",
            "to": "<public-qt-comments@w3.org>\n",
            "cc": "<cbotev@cs.cornell.edu>,<jai@cs.cornell.edu>,<sihem@research.att.com>\n"
        },
        {
            "body": "We find that it is very useful to be able to incorporate XQueryexpressions within full-text searching expressions and propose that theattached use case be added to the XQuery and XPath Full-Text Use Cases.Best regards,Chavdar Botev--Chavdar BotevCornell UniversityOffice: (+1 607)255 3914Use Case: Nested XQuery expressionDescription--------------Find all the books published after 2001 that share a subject with abook on \"Improving Web Site Usability\".This query finds words in an element. It uses an XQuery expressionfor specifying the words to search.* Operands \"Improving Web Site Usability\"* Functionality: word query, and query, nested xquery expression* Context: books/book/metadata//@shortTitle,books/book/metadata//subject* Return: books/book/metadata/title, books/book/metadata/author* Comments: This query returns a book if its date of publishing or oflast revision is after 2001 and one of its subjectscontains the words from a subject of the book whose titleis \"Improving Web Site Usability\". This query uses anXQuery expression to dynamically (at query time) find theExpected result----------------<title shortTitle=\"Usabilityguy Manuscript Guide\">John WesleyUsabilityguy: A Register of His Papers</title><authors><author>Millicent Marigold</author><author>Morty Marigold</author></authors>",
            "docno": "lists-019-3275081",
            "received": "Tue Nov  4 13:51:28 2003",
            "isoreceived": "20031104185128",
            "sent": "Tue, 04 Nov 2003 13:43:35 -0500",
            "isosent": "20031104184335",
            "name": "Chavdar Botev",
            "email": "cbotev@cs.cornell.edu",
            "subject": "of this book.",
            "id": "3FA7F357.1090701@cs.cornell.edu",
            "charset": "us-ascii",
            "expires": "-1",
            "to": "public-qt-comments@w3.org\n",
            "cc": "\"Jayavel Shanmugasundaram\"<jai@cs.cornell.edu>, Sihem Amer-Yahia<sihem@research.att.com>, Chavdar Botev<cbotev@cs.cornell.edu>\n"
        }
    ]
}