{
    "id": "candidate-0189",
    "name": "David Stampley",
    "gender": "MALE",
    "email": "david_stampley@reyrey.com",
    "mails": [
        {
            "body": "Okay.  I have promised to deliver and then gone back and juggled varioustaxonomy configuration.1.  Challenge:  Goal is to facilitate user's ability to make an informedprivacy choice.  A catalog of conceivable primary purposes will inevitablybe incomplete and imprecise.2.  Question:  I assume it is required that the user be able to obtain theprimary purpose info before the web site collects any user data.  Does thismean it is required that the data about primary purpose be transmittedbefore a user views a web page?  As you see from the proposal below, this isa key question.  If the purpose can be linked to the context of the display,a more efficient, context-driven \"primary purpose\" is possible, as in items3.a and 3.b, below.3.  Proposal:  Instead of attempting a comprehensive list (e.g., \"Top 20purposes\"), please comment on purposes specified in the following ways:a.  TRANSPARENT, USER-REQUESTED TRANSACTION:  The primary purpose is thatwhich should be apparent to the user based on clear and conspicuousinformation displayed on a web page at or preceding the point of datacollection required to complete a user's transaction request.  (E.g.,magazine subscription page, product purchase pages))b.  TRANSPARENT, NON-USER-REQUESTED TRANSACTION:  The primary purpose isthat which should be apparent to the user based on clear and conspicuousinformation displayed on a web page at or preceding the point of datacollection required to complete the site's information request.  (E.g.,website solicits information to include in 360-degree, PII-linked profile[yes, I know that this scenario is unlikely]; sweepstakes form wouldprobably fit here, though it would also probably be dual-purposed [3.a +3.b])c.  TRANSPARENT NON-USER-REQUESTED NAVIGATION OR PAGE CONSTRUCTION:E.g., website personalization [local weather based on user's zip code input]c.  NON-TRANSPARENT NON-USER-REQUESTED NAVIGATION OR PAGE CONSTRUCTION:E.g., ad display, redirectd.  NON-TRANSPARENT NON-USER-REQUESTED COLLECTION FOR PURPOSE OFRETAINING INDIVIDUAL DATA:  E.g., might be 360-degree, data aggregation,anonymous, pseudonymous, or identified.d.  NON-TRANSPARENT NON-USER-REQUESTED COLLECTION FOR PURPOSE OTHER THANRETAINING USER'S DATA:  E.g., creation of server logs for audit purposes;website traffic management stats.Dave StampleySenior Corporate Counsel and Director, PrivacyThe Reynolds and Reynolds CompanyOne Reynolds Way, Dayton, OH  45430v.     937-485-0424f.      866-246-0507david_stampley@reyrey.comTHIS EMAIL IS CONFIDENTIAL AND MAY ALSO BE LEGALLY PRIVILEGED.  IF YOU HAVERECEIVED THIS EMAIL IN ERROR, PLEASE NOTIFY THE SENDER IMMEDIATELY BY RETURNEMAIL AND THEN DELETE THIS EMAIL FROM YOUR SYSTEM WITHOUT COPYING OR USINGTHE EMAIL FOR ANY OTHER PURPOSE OR DISCLOSING IT CONTENTS.",
            "docno": "lists-017-7794119",
            "received": "Wed Mar 10 10:56:55 2004",
            "isoreceived": "20040310155655",
            "sent": "Wed, 10 Mar 2004 10:56:51 0500",
            "isosent": "20040310155651",
            "name": "Stampley, David A",
            "email": "David_Stampley@reyrey.com",
            "subject": "Primary Purpose",
            "id": "E8D4EE6BF5F18243A242B376BE0FA53F052E1261@oh18ex04.reyrey.com",
            "expires": "1",
            "to": "\"'public-p3p-spec'\"<public-p3p-spec@w3.org>\n"
        },
        {
            "body": "Call has already started, but wanted to get this in mail to group.Dave StampleySenior Corporate Counsel & Director, Privacyv.937-485-0424  f.866-246-0507david_stampley@reyrey.comTHIS EMAIL IS CONFIDENTIAL AND MAY ALSO BE LEGALLY PRIVILEGED.  IF YOU HAVERECEIVED THIS EMAIL IN ERROR, PLEASE NOTIFY THE SENDER IMMEDIATELY BY RETURNEMAIL AND THEN DELETE THIS EMAIL FROM YOUR SYSTEM WITHOUT COPYING OR USINGTHE EMAIL FOR ANY OTHER PURPOSE OR DISCLOSING IT CONTENTS.application/octet-stream attachment: P3P_Translations_DAS3.mht",
            "docno": "lists-017-3898094",
            "received": "Mon Jul 14 11:10:57 2003",
            "isoreceived": "20030714151057",
            "sent": "Mon, 14 Jul 2003 11:10:44 0400",
            "isosent": "20030714151044",
            "name": "Stampley, David A",
            "email": "David_Stampley@reyrey.com",
            "subject": "Stampley comments",
            "id": "E8D4EE6BF5F18243A242B376BE0FA53FDF325B@oh18ex04.reyrey.com",
            "expires": "1",
            "to": "public-p3p-spec@w3.org\n"
        },
        {
            "body": "Yes.Dave Stampleyv.  937-485-0424f.  937-485-0973david_stampley@reyrey.com-----Original Message-----From: Lorrie Cranor [mailto:lorrie@cs.cmu.edu]Sent: Monday, March 29, 2004 9:48 PMSubject: Re: Primary Purpose rev 3-24-04I don't fully understand why we need a separate action and resultsection. Could these be folded together?LorrieOn Mar 24, 2004, at 11:08 AM, Stampley, David A wrote:> Rev. 3/24/2004>> ?>> PURPOSE/CURRENT:? Expanded descriptions (select all that apply)Result:?>>  ?>> Action:? Acquire data from user (survey, poll, demographics)>> Action:? Acquire user PII>> Action:? Acquire user preferences>> Action:? Provide communications services (email, chat,> videoconference, VoIP)>> Action:? Provide interface of offline user account or relationship>> Action:? Register or enroll user>> Action:? Sales>> Action:? User web search>> ?>> Content:? Adult>> Content:? Charity>> Content:? Children's interest>> Content:? Educational>> Content:? Games, online entertainment, music>> Content:? General interest (gardening, fashion, etc.)>> Content:? Health>> Content:? Health>> Content:? Merchandise, service>> Content:? News, current interest>> Content:? Political>> Content:? Sweepstakes, coupons>> ?>> Result:? Authenticate>> Result:? Authentication setup>> Result:? Contact online>> Result:? Customize online display>> Result:? Fulfill offline>> Result:? Fulfill online>> Result:? Manage user offline account (e.g., bank, credit card)>> Result:? Manage user online account (e.g., Ebay enrollment)>> Result:? Purpose fulfilled by current site>> Result:? Purpose fulfilled by other>> Result:? Respond offline>> Result:? Respond online later>> Result:? Respond online now>> ?>> # # #>>  ?>> Dave>> ?",
            "docno": "lists-017-8131128",
            "received": "Tue Mar 30 10:31:01 2004",
            "isoreceived": "20040330153101",
            "sent": "Tue, 30 Mar 2004 10:29:22 0500",
            "isosent": "20040330152922",
            "name": "Stampley, David A",
            "email": "David_Stampley@reyrey.com",
            "subject": "RE: Primary Purpose rev 3-2404",
            "id": "E8D4EE6BF5F18243A242B376BE0FA53F0647DB9C@oh18ex04.reyrey.com",
            "charset": "iso-88591",
            "inreplyto": "Primary Purpose rev 3-2404",
            "expires": "1",
            "to": " Stampley, David A; 'public-p3p-spec'\n"
        },
        {
            "body": "\"Content\" is the site's designation of the subject-matter component of it'sprimary purpose.I.e., a site might indicate that one of its primary purposes is to: ACQUIREUSER PII to AUTHENTICATE THE USER and FULFILL ONLINE the user's request forGAMING content.Dave Stampleyv.  937-485-0424f.  937-485-0973david_stampley@reyrey.com-----Original Message-----From: Rigo Wenning [mailto:rigo@w3.org]Sent: Tuesday, March 30, 2004 9:24 AMSubject: Re: Primary Purpose rev 3-24-04Am Tuesday 30 March 2004 04:47 verlautbarte Lorrie Cranor :>> I don't fully understand why we need a separate action and result> section. Could these be folded together?I don't understand that either. I additionally don't understand thecontent class. Is this content received or content sent? If it is contentthe base dataschema.Can somebody help?Rigo",
            "docno": "lists-017-8231808",
            "received": ", this is out of scope of P3P. If it is content sent, it duplicates",
            "isoreceived": "20040331170518",
            "sent": "Wed, 31 Mar 2004 18:49:05 +0200",
            "isosent": "20040331164905",
            "name": "Stampley, David A",
            "email": "David_Stampley@reyrey.com",
            "subject": "RE: Primary Purpose rev 3-2404",
            "id": "200403311849.05626.David_Stampley@reyrey.com",
            "charset": "iso-885915",
            "inreplyto": "Primary Purpose rev 3-2404",
            "expires": "1",
            "to": " public-p3p-spec@w3.org\n"
        },
        {
            "body": "I propose the following spec changes to deal with the COURTS and LAWsubelements of DISPUTES:COURTS, CURRENT:  Individual may file a legal complaint against the Website.COURTS, PROPOSED:  The authority referenced in the description may offerrecourse for disputes arising in connection with the privacy statement.LAW, CURRENT:  Disputes arising in connection with the privacy statementwill be resolved in accordance with the law referenced in the description.LAW, PROPOSED:  The laws or regulations referenced in the description mayprovide recourse procedures and remedies for disputes arising in connectionwith the privacy statement.(I used the term \"Web site,\" but I think we discussed standardizingreferences to the entity posting the statement.)Dave Stampleyv.  937-485-0424f.  937-485-0973david_stampley@reyrey.com-----Original Message-----From: Rigo Wenning [mailto:rigo@w3.org]Sent: Friday, October 10, 2003 12:11 PMSubject: AGENDA: 17 Oct P3P spec callThe next P3P specification group conference call will be onWednesday, October 17, 2003, 11 am - 12 pm US Eastern. Dial-ininformation is available athttp://www.w3.org/P3P/Group/Specification/1.1/meetings.htmlAGENDA1. Task force reports- [P3P beyond HTTP - Patrick Hung]- Compact policies - Brooks Dobbs- Article 10 vocabulary issues - Giles Hogben- Agent and domain relationships - Jack Humphrey- Consent choices - Matthias Schunter- Converting P3P data schema to XML schema - Giles Hogben2. P3P in WSDL, next stepscompare thread athttp://lists.w3.org/Archives/Public/public-p3p-spec/2003Oct/0006.html3. P3P Dataschema in XML Schemaplease reviewhttp://lists.w3.org/Archives/Public/public-p3p-spec/2003Oct/0005.html4. Discussion of the court elementcomments athttp://lists.w3.org/Archives/Public/public-p3p-spec/2003Oct/0001.html5. Continued work on P3P 1.0 element definitions and translationshttp://www.w3.org/P3P/2003/p3p-translation.htm5. Set date for next call (Oct. 29)",
            "docno": "lists-017-6156974",
            "received": "Wed Oct 15 10:30:32 2003",
            "isoreceived": "20031015143032",
            "sent": "Wed, 15 Oct 2003 10:30:22 0400",
            "isosent": "20031015143022",
            "name": "Stampley, David A",
            "email": "David_Stampley@reyrey.com",
            "subject": "Courts &amp; Law subelements",
            "id": "E8D4EE6BF5F18243A242B376BE0FA53F02A08705@oh18ex04.reyrey.com",
            "expires": "1",
            "to": " public-p3p-spec\n"
        },
        {
            "body": "Sorry I haven't offered the \"court\" definition I promised, and I failed tocoordinate the fact that today I'm at a conference and won't be on the call.Frankly, I'm still struggling with what could be conveyed that would bemeaningful for what sounds like the few who might now use it.  But it mightbe more important in the future.If LAW allows a site to recite the various laws that might govern thebusiness (e.g., for a bank in the California, GLB, Cal. Financial PrivacyLaw, California Notice of Security Breach, among others)...COURT might not be meaningful if it had the meaning of \"Authority,\" as in\"government agency that has jurisdiction over the privacy rules & affairs ofthis business.\"  For a bank (Bill?) maybe that would be the OCC.  For astate bank, it might be the AG.  Other agencies might still have somejurisdiction, but perhaps there is one authority more important than others.In Canada, AUTHORITY might be the Canadian equivalent of a national bankoverseer, plus the Privacy Commissioner for the nation or the province.It's a bit like I'm trying to find a job for COURT to do.At the bottom line, it the spec were to stay as it is and is optional, thena given site could take it or leave it if the site is concerned aboutunintended implications of using it.Dave Stampleyv.  937-485-0424f.  937-485-0973david_stampley@reyrey.com-----Original Message-----From: Rigo Wenning [mailto:rigo@w3.org]Sent: Tuesday, September 30, 2003 12:17 PMSubject: AGENDA: 1 Oct P3P spec callThe next P3P specification group conference call will be onWednesday, October 1, 2003, 11 am - 12 pm US Eastern. Dial-ininformation is available athttp://www.w3.org/P3P/Group/Specification/1.1/meetings.htmlAGENDA1. Task force reports- [P3P beyond HTTP - Patrick Hung]- Compact policies - Brooks Dobbs- Article 10 vocabulary issues - Giles Hogben- Agent and domain relationships - Jack Humphrey- Consent choices - Matthias Schunter- Converting P3P data schema to XML schema - Giles Hogben- [Signed P3P policies  - Giles Hogben]2. Discussion of disputes definition issues -- seecomments in green at http://www.w3.org/P3P/2003/p3p-translation.htm3. Continued work on P3P 1.0 element definitions and translationshttp://www.w3.org/P3P/2003/p3p-translation.htm4. Linking cookie data and what it meanshttp://www.w3.org/Bugs/Public/show_bug.cgi?id=1725. Set date for next call (Oct. 15)",
            "docno": "lists-017-5923259",
            "received": "Wed Oct  1 10:34:39 2003",
            "isoreceived": "20031001143439",
            "sent": "Wed, 1 Oct 2003 10:34:28 0400",
            "isosent": "20031001143428",
            "name": "Stampley, David A",
            "email": "David_Stampley@reyrey.com",
            "subject": "RE: AGENDA: 1 Oct P3P spec call",
            "id": "E8D4EE6BF5F18243A242B376BE0FA53F02A085CB@oh18ex04.reyrey.com",
            "inreplyto": "AGENDA: 1 Oct P3P spec call",
            "expires": "1",
            "to": " public-p3p-spec\n"
        }
    ]
}