{
    "id": "candidate-0183",
    "name": "Jack Humphrey",
    "gender": "MALE",
    "email": "jhumphrey@coremetrics.com",
    "mails": [
        {
            "body": "Here is a new version of the domain relationship proposal. The firstattachment is a \"clean copy\" and the second has highlighting showing all thechanges made from the previous same-entity domain relationship proposal --less readable but useful if you're familiar with the previous proposal.An HTML version will be posted on the site soon.An overview of the changes:1. Merged in agent proposal, consistent with the definition of recipientelement \"ours\" that includes \"ourselves and entities acting as our agents\"(per Rigo's suggestion)2. Moved PRF KNOWN-HOSTS element inside POLICY-REF element, also stated thatit can occur at the higher level (per Rigo's suggestion)3. Added mention of PRF expiration applying to known-hosts declarations (perdiscussion on recent call)4. Revised P3P header for compact policy usage... I'm still hanging on tothis idea.5. Revised proposed user-agent rules for interpreting known-hosts info6. Added section concerning mentioning user-agent playback issuesPlease read and comment. Thanks.++Jack++<http://www.coremetrics.com/>  Named #1 By Forrester<http://www.coremetrics.com/promos/forrester_report_request.html> ResearchJack HumphreyTeam Lead, Data Acquisition Platform 8940 Research Blvd, Suite 300<http://maps.yahoo.com/py/maps.py?Pyt=Tmap&addr=8940+Research+Blvd,+Suite+300&csz=Austin,+TX+78758&country=us>Austin, TX 78758jhumphrey@coremetrics.com <mailto:jhumphrey@coremetrics.com>tel: 512-826-7300<http://www.plaxo.com/signature/> Powered by Plaxo<http://www.plaxo.com/signature/> Want a signature like this?application/octet-stream attachment: domrelprop200312.pdfapplication/octet-stream attachment: domrelprop200312_diffs.pdf",
            "docno": "lists-017-3556311",
            "received": "Thu Dec 11 00:23:57 2003",
            "isoreceived": "20031211052357",
            "sent": "Wed, 10 Dec 2003 23:19:41 0600",
            "isosent": "20031211051941",
            "name": "Humphrey, Jack",
            "email": "JHumphrey@coremetrics.com",
            "subject": "[Domain/Agent] new proposal",
            "id": "85063BBE668FD411944400D0B744267A02518C1E@ausmail.core.coremetrics.com",
            "charset": "iso-88591",
            "expires": "1",
            "to": "\"'public-p3p-spec@w3.org'\"<public-p3p-spec@w3.org>\n"
        }
    ]
}