{
    "id": "candidate-0248",
    "name": "Sandy Gao",
    "gender": "FEMALE",
    "email": "sandygao@ca.ibm.com",
    "mails": [
        {
            "body": "/ Sandy Gao <sandygao@ca.ibm.com> was heard to say:[...]| 2.1 Accessing unparsed entities|| In section 6.1|| Document nodes have a [unparsed-entities] property, which is a sequence of| entities. They also have accessors \"dm:unparsed-entity-system-id\" and| \"dm:unparsed-entity-public-id\". So there are ways to query the| system/public id of a given entity. Wouldn't it be useful to have an| accessor that exposes all entities within a document node?|| Propose to introduce:|| dm:unparsed-entities($node as document()) as xs:string*|| and optionally:|| dm:unparsed-entity-system-ids($node as document()) as xs:string*| dm:unparsed-entity-public-ids($node as document()) as xs:string*|| (If the above 2 are introduced, then the processor must guarantee the order| of the entities is the same for all 3 accessors.)Thank you for your comment. The WGs have discussed this matter and concludedthat the existing accessors are adequate for the unparsed entity use cases.The WGs have no plans to add any additional accessors.Be seeing you,norm--Norman.Walsh@Sun.COM / XML Standards Architect / Sun Microsystems, Inc.NOTICE: This email message is for the sole use of the intendedrecipient(s) and may contain confidential and privileged information.Any unauthorized review, use, disclosure or distribution is prohibited.If you are not the intended recipient, please contact the sender byreply email and destroy all copies of the original message.",
            "docno": "lists-020-5126986",
            "received": "Fri Jun  4 13:07:00 2004",
            "isoreceived": "20040604170700",
            "sent": "Fri, 04 Jun 2004 13:06:16 -0400",
            "isosent": "20040604170616",
            "name": "Norman Walsh",
            "email": "Norman.Walsh@Sun.COM",
            "subject": "Re: XML Schema WG comments on Data Model",
            "id": "87smdbdzhz.fsf@nwalsh.com",
            "inreplyto": "OFA0FBE4E4.C2E96260-ON85256E36.007E86D1-85256E36.007F8969&#64;ca.ibm.com",
            "expires": "-1",
            "to": " Sandy Gao<sandygao@ca.ibm.com>\n",
            "cc": "public-qt-comments@w3.org,w3c-xml-schema-ig@w3.org\n"
        },
        {
            "body": "/ Sandy Gao <sandygao@ca.ibm.com> was heard to say:| 2.6 \"--\" in comments|| In section 6.6.1|| \"2. The string \"--\" must not occur within the content.\"|| But it's possible to have \"--\" in the content of comments using| entity/character references.|| Proposed fix: to remove this constraint.Entity and character references are not expanded in comments. \"--\" is notallowed in a comment.Be seeing you,norm--Norman.Walsh@Sun.COM / XML Standards Architect / Sun Microsystems, Inc.NOTICE: This email message is for the sole use of the intendedrecipient(s) and may contain confidential and privileged information.Any unauthorized review, use, disclosure or distribution is prohibited.If you are not the intended recipient, please contact the sender byreply email and destroy all copies of the original message.",
            "docno": "lists-019-11058180",
            "received": "Thu Apr  1 16:06:20 2004",
            "isoreceived": "20040401210620",
            "sent": "Thu, 01 Apr 2004 16:05:58 -0500",
            "isosent": "20040401210558",
            "name": "Norman Walsh",
            "email": "Norman.Walsh@Sun.COM",
            "subject": "Re: XML Schema WG comments on Data Model",
            "id": "873c7nl87d.fsf@nwalsh.com",
            "inreplyto": "OFA0FBE4E4.C2E96260-ON85256E36.007E86D1-85256E36.007F8969&#64;ca.ibm.com",
            "expires": "-1",
            "to": "public-qt-comments@w3.org\n"
        }
    ]
}