{
    "id": "candidate-0245",
    "name": "Peter Chen",
    "gender": "MALE",
    "email": "chen@bit.csc.lsu.edu",
    "mails": [
        {
            "body": "Dear Joe:As I mentioned in today's teleconference, I will be glad to workon issues related to data model.IN terms of moving teleconference to naother time slots, I would recommendto avoid conflicts with other XML WG's (For example, I am assoicated withXML Schema and XLink WG's, and their time slots are: 11AM and 1PM onThursdays).-- Peter-----------------------------------------------------------Dr. Peter ChenTel: (225) 388-2483Foster Distiguished Chair ProfessorComputer Science DepartmentFax: (225) 388-1465L.S.U.Baton Rouge, LA 70803, USAwww.csc.lsu.edu/~chenEditor, Data & Knowledge Eng. Journal,  www.elsevier.com/locate/datak-----------------------------------------------------------",
            "docno": "lists-043-10747092",
            "received": "Thu Jul 22 16:43:48 1999",
            "isoreceived": "19990722204348",
            "sent": "Thu, 22 Jul 1999 15:46:21 -0500 (CDT)",
            "isosent": "19990722204621",
            "name": "Dr. Peter Chen",
            "email": "chen@bit.csc.lsu.edu",
            "subject": "Data Model Issues and Teleconferencing Time",
            "id": "Pine.ULT.3.94.990722153941.24312C-100000@bit.csc.lsu.edu",
            "charset": "US-ASCII",
            "inreplyto": "025b01bed3ac$fb367b80$0b0aff0c&#64;lab.gmtsw.com",
            "expires": "-1",
            "to": "\"Joseph M. Reagle Jr.\"<reagle@MIT.EDU>\n",
            "cc": " IETF/W3C XML-DSig WG<w3c-ietf-xmldsig@w3.org>\n"
        },
        {
            "body": "http://www.w3.org/Signature/Minutes/990722-tele.htmlForwarded for WG consideration and comment.[1]IETF [2]W3C   [3]XML Signature WG99-July-22Chairs: Donald Eastlake and Joseph ReagleNote Taker: Joseph ReagleParticipants* *Donald Eastlake 3rd, IBM, <dee3@torque.pothole.com>* *Joseph Reagle, W3C, <reagle@w3.org>* *David Solo, Citigroup, <david.solo@citicorp.com>* *Barb Fox, Microsoft, <bfox@Exchange.Microsoft.com>* *Phillip M Hallam-Baker, VeriSign Inc, <pbaker@verisign.com>* *Peter Lipp, IAIK TU Graz,<Peter.Lipp@iaik.at>* *James Nicholson, Netscape, <>* *Mark Bartel, JetForm Corporation, mbartel@jetform.com* *John M. Boyer, UWI.com, <jboyer@uwi.com>* *Ed Simon , Entrust Technologies Inc., <ed.simon@entrust.com>* *Peter Chen, L.S.U., <chen@bit.csc.lsu.edu>* *Richard Brown, GSU, <rdbrown@globeset.com>* *Hiroshi Maruyama, IBM, <MARUYAMA@jp.ibm.com>* *Brian Lamachia, Microsoft, <bal@microsoft.com>Notes:* Reference Documents:+ [4]Drafts/xmldsig-requirements-990721 [WG draft: candidateconsensus]+ [5]Digital Signatures for XML. [Proposal (non-WG,non-consensus)]* Resulting Document:+Review Outstanding Action Items* [6]Done: Don Eastlake/Joseph Reagle to propose a time forconference calls within a week* [7]Done: Joseph Reagle produce another version of requirementsdocument based on comments for consensus poll within 1.5 weeks.* [8]Done: Joseph Reagle to define how many documents are requiredand author/editor policy within 1.5 weeks.* [9]Done: Dave Solo to post Brown/Solo/Fox proposal* [10]Open: Don Eastlake to fix date and place for face to facemeeting. Will send more info on logistcall.* Open: Working Group Members to review canonicalization documentwhen posted in two weeks.* Open: Working Group Members to review and comment([11]http://www.ietf.org/internet-drafts/draft-ietf-xmldsig-signature-comments-00.txt)Agenda and Open IssuesRequirements* Please send comments.Time of Conference Calls* Continue with present time: Thursdays at 4 ET. Reagle will work tofind an earlier time if possible that is more convenient forEuropeans. The time is likely to be inconvenient for Hiroshi inJapan regardless. Presently, Lipp is the only European involved,Reagle is willing to conference him in from his home.Editor/Authorship* While it is useful to have proposals handy as they provide a niceinstriument of consideration it is easier to build a document andWG concensus by starting with a small document/outline and growingthe issues, consensus, and accepted proposals from it. Also, itmeans -- even with a crufty document with holes -- that everythinghas some status with respect to WG consensus, so it is easier toget external comment/feedback.Outline of Core Syntax Document* Reagle/Brown(990804): will work to produce an outline of the corespec+ Just the core part that we can plug things into. Definecompanion specifications if necessary.+ Requirements document should be included by reference.Core Syntax Proposal* Solo/Brown/Fox (990804): will work to have a rough document ofalternative syntax.Scenarios Document* It would be nice to have a document that describes the scenariouswe are addressing. parralell, cascade, message parts, documents,PDU (protocol data units)* Boyer (990804): volunteers as editor, create draft scenario.+ Boyer: scenario that demonstrates weakenesses in manifestmechanism.+ Boyer: Look to Brown: for scenarios such as how to constructa receipt+ Eastlake: IOTP scenario.+ Lamachia/MS: protocol scenarioData Model* Reagle(990804): create rough data model+ Reagle: convene a call if necessary.+ Brown: scan in data model diagram and send to Reagle.+ Hiroshi and Chen: willing to work on data model.Carry-Over and New Action Items* [12]Open: Don Eastlake (990723): to fix date and place for face toface meeting .* Open: WGMembers (990804): review canonicalization document whenposted* Open: Reagle: Find an ealier time if possible for teleconf.* Open: Reagle/Brown(990804): will work to produce an outline of thecore spec* Open: Solo/Brown/Fox (990804): will work to have a rough documentof alternative syntax.* Open: Boyer (990804): volunteers as editor, create draft scenario.* Open: Reagle(990804): create rough data modelReferences1. http://www.ietf.org/2. http://www.w3.org/3. http://www.w3.org/Signature/Overview.html4. http://www.w3.org/Signature/Drafts/xmldsig-requirements-990721.html5. http://www.w3.org/Signature/Drafts/xmldsig-signature-990618.html6.http://lists.w3.org/Archives/Public/w3c-ietf-xmldsig/1999JulSep/0042.html7.http://lists.w3.org/Archives/Public/w3c-ietf-xmldsig/1999JulSep/0060.html8.http://lists.w3.org/Archives/Public/w3c-ietf-xmldsig/1999JulSep/0039.html9.http://lists.w3.org/Archives/Public/w3c-ietf-xmldsig/1999JulSep/0025.html10.http://lists.w3.org/Archives/Public/w3c-ietf-xmldsig/1999JulSep/0019.html11.http://www.ietf.org/internet-drafts/draft-ietf-xmldsig-signature-comments-00.txt12.http://lists.w3.org/Archives/Public/w3c-ietf-xmldsig/1999JulSep/0019.html_________________________________________________________Joseph Reagle Jr.Policy Analyst           mailto:reagle@w3.orgXML-Signature Co-Chair   http://w3.org/People/Reagle/",
            "docno": "lists-043-10764769",
            "received": "Thu Jul 22 17:36:48 1999",
            "isoreceived": "19990722213648",
            "sent": "Thu, 22 Jul 1999 17:36:56 -0400",
            "isosent": "19990722213656",
            "name": "Joseph M. Reagle Jr.",
            "email": "reagle@w3.org",
            "subject": "Chair Consensus: 990722-tele Minutes",
            "id": "3.0.5.32.19990722173656.04798100@localhost",
            "charset": "us-ascii",
            "expires": "-1",
            "to": "\"IETF/W3C XML-DSig WG\"<w3c-ietf-xmldsig@w3.org>\n"
        }
    ]
}