{
    "id": "candidate-0184",
    "name": "Yuichi Koike",
    "gender": "MALE",
    "email": "koike@ay.jp.nec.com",
    "mails": [
        {
            "body": "[To w3c site-comments and w3c p3p validator maintainer ]Either I'm going mad, or W3.org doesn't comply, even though it's the examplegiven on the p3p validator page.lynx -head -dump www.w3.org<snip>Opt: \"http://www.w3.org/2000/P3Pv1\";ns=1111-PolicyRef: /2000/06/P3P/p3p_www.xml<snip>I can't see a P3P header there either, (and I find nothing in the HTML).I've done only a little research into P3P thus far, but this all seems odd.http://validator.w3.org/p3p/20001215/p3p.pl?uri=http%3A%2F%2Fwww.w3.org%2FYours confused,Calum--Calum I Mac Leod| bordernet |The Scottish Bordershttp://www.bordernet.co.uk",
            "docno": "lists-028-6211815",
            "received": "Mon Jun 18 09:33:00 2001",
            "isoreceived": "20010618133300",
            "sent": "Mon, 18 Jun 2001 09:01:06 -0400 (EDT)",
            "isosent": "20010618130106",
            "name": "Calum I Mac Leod",
            "email": "calum@bordernet.co.uk",
            "subject": "P3P and w3.org?",
            "id": "0b0a01c0f7f7$20f3b840$3a8bbc3e@windoze1",
            "charset": "Windows-1252",
            "expires": "-1",
            "to": "<site-comments@w3.org>,<koike@ay.jp.nec.com>\n"
        },
        {
            "body": "On Mon, Jun 18, 2001, Calum I Mac Leod wrote:> Either I'm going mad, or W3.org doesn't comply, even though it's the example> given on the p3p validator page.>> lynx -head -dump www.w3.org> <snip>> Opt: \"http://www.w3.org/2000/P3Pv1\";ns=11> 11-PolicyRef: /2000/06/P3P/p3p_www.xml> <snip>>> I can't see a P3P header there either, (and I find nothing in the HTML).> I've done only a little research into P3P thus far, but this all seems odd.>> http://validator.w3.org/p3p/20001215/p3p.pl?uri=http%3A%2F%2Fwww.w3.org%2FYour're right, our current implementation of P3P is out of date. We areworking on updating it and will be done as soon as possible.Sorry for any convenience,Dom--Dominique Haza?l-Massieux - http://www.w3.org/People/Dom/W3C's Webmaster at MITmailto:dom@w3.org - tel: +1-617-258-8143",
            "docno": "lists-028-6219468",
            "received": "Mon Jun 18 10:13:09 2001",
            "isoreceived": "20010618141309",
            "sent": "Mon, 18 Jun 2001 10:13:05 -0400",
            "isosent": "20010618141305",
            "name": "Dominique Hazael-Massieux",
            "email": "dom@w3.org",
            "subject": "Re: P3P and w3.org?",
            "id": "20010618101305.B23835@w3.org",
            "charset": "iso-8859-15",
            "inreplyto": "0b0a01c0f7f7$20f3b840$3a8bbc3e&#64;windoze1",
            "expires": "-1",
            "to": " Calum I Mac Leod<calum@bordernet.co.uk>\n",
            "cc": "site-comments@w3.org,koike@ay.jp.nec.com\n"
        }
    ]
}