{
    "id": "candidate-0163",
    "name": "Jon Ferraiolo",
    "gender": "MALE",
    "email": "jon.ferraiolo@adobe.com",
    "mails": [
        {
            "body": "Leigh,Fantastic minutes.Here are a couple of minor corrections in the minutes from the second day.I am quoted as saying:------------Jon Ferraiolo: A clarification. The Vodaphone thing is locked; they do notwant the W3C to take it over; they want it taken over by a standardsorganization going forward. There is no imperative on the W3C to do aprofile. But a following Spring2005 thing could take on low-hanging fruit.------------In this quote, various words are missing.Regarding: \"There is no imperative on the W3C to do a profile\", I believethe words \"within six months\" need to be added to the end of that sentenceIn the last sentence, I think some words are missing. Here is a suggestedreplacement (suggested new words are indented):But a following Spring2005or Fall2005thingis something the W3Ccould take onand might representlow-hanging fruit.\"Thanks.JonAt 03:02 PM 6/4/2004 -0700, Klotz, Leigh wrote:>In completion of Action 2004-06-2.1 (2004jun02.html#ACTION1), I am sending>the draft minutes to this mailing list.>>I apologize for not having gotten the minutes out yesterday, due to illness.>>In accordance with Action 2004-06-2.2 (2004jun02.html#ACTION2) please send>your corrections within one week to the list, or privately to Dean Jackson><dean@w3.org>.>>Leigh.>>>",
            "docno": "lists-023-14417878",
            "received": "Fri Jun  4 23:53:02 2004",
            "isoreceived": "20040605035302",
            "sent": "Fri, 04 Jun 2004 20:15:55 -0700",
            "isosent": "20040605031555",
            "name": "Jon Ferraiolo",
            "email": "jon.ferraiolo@adobe.com",
            "subject": "Re: Draft minutes 2004 Jun 01 and 2004 Jun 02",
            "id": "5.1.1.5.2.20040604200620.04c84698@mailsj-v1.corp.adobe.com",
            "charset": "us-ascii",
            "inreplyto": "51B8ABCE456FD111899900805F6FD6EE17DFD72E&#64;mercury.ADOC.xero x.com",
            "expires": "-1",
            "to": "\"Klotz, Leigh\"<Leigh.Klotz@pahv.xerox.com>,\"'public-webapps-cdf-discuss@w3.org'\"<public-webapps-cdf-discuss@w3.org>\n"
        },
        {
            "body": "Jon,thanks for pointing this out :-)I like what I see....this looks like it will fit my needs.SVG just keep getting better and better....I glad to see SVGP moving forward. I have been telling my Graphic Design Pre press people.....They are becoming more interested :-)We all learn by sharing what we knowRobert A. DiBlasirdiblasi@svgnotebook.comhttp://www.svgnotebook.comMember of the Chicago SVG Group: Chicago IL.>>> Jon Ferraiolo <jon.ferraiolo@adobe.com> 02/20/03 03:14PM >>>Hi Robert,The SVG spec says that you print SVG files as if the animation elementswere just not there.See  http://www.w3.org/TR/SVG/implnote.html#PrintingImplementationNotesJonAt 02:57 PM 2/20/2003 -0600, Robert Diblasi wrote:>Hello,>>I am kinda of confused......normal state....but please give me chance :-)>>I would like to know How animations will be rendered (printed ?)  on a>printing device?>>The article below makes it sound like animations will be printed....I know>this is not the case....but What I want to know is......if any part of the>Animation will be printed (begin of animation) or will none of the>Animation be printed.....If the answer is none...this would mean the SVG>creator(programmer/application) would most likely have to provide a>separate SVG file for Printing SVG images that have Animations in them.>>It would be nice to be able to pick out a moment in the SVG (an SVG file>has a \"beginning\" and a time line) that a printer could use.  I think this>would be a really nice feature for SVG if this was incorporated into the>file. Think of uses a tool that would grab \"screen shots\" of certain times>and then print them out. This would be a nice way to create a handout of a>presentation.>>I look forward to your answer and others responses>>We all learn by sharing what we know>Robert A. DiBlasi>rdiblasi@svgnotebook.com>http://www.svgnotebook.com>Member of the Chicago SVG Group: Chicago IL.>>An article on http://news.com.com/2100-1023-985298.html?tag=fd_top states>this:><snip>>The World Wide Web Consortium (W3C) has issued the first draft of Scalable>Vector Graphics Printing Requirements (SVG Print). The specification will>take unprintable animation and interactive content designed in SVG--a>standardized alternative to Macromedia's Flash language--and turn it into>something a printer can understand.></snip>>>The SVGP  states this:>>4. Special Printing Considerations>http://www.w3.org/TR/2003/WD-SVGPrintReqs-20030218/#sec-features><snip>>Animation and interactive hyperlinking. SVG files may contain animations>and hyperlinks. Printing devices can not perform animation or support>interactive content. Animation and interactivity features are ignored for>SVGP.></snip>>>and this:>>6. Requirements>http://www.w3.org/TR/2003/WD-SVGPrintReqs-20030218/#sec-requirements><snip>>10. Animation>SVGP must not support display of animated content.></snip>",
            "docno": "lists-021-6539829",
            "received": "Thu Feb 20 16:44:51 2003",
            "isoreceived": "20030220214451",
            "sent": "Thu, 20 Feb 2003 15:44:38 -0600",
            "isosent": "20030220214438",
            "name": "Robert Diblasi",
            "email": "rdiblas@wpo.it.luc.edu",
            "subject": "Re: How will animations be rendered?",
            "id": "se54f7f1.051@wpo.it.luc.edu",
            "charset": "US-ASCII",
            "inreplyto": "How will animations be rendered?",
            "expires": "-1",
            "to": "<jon.ferraiolo@adobe.com>,<public-svg-print@w3.org>\n"
        },
        {
            "body": "Hi Robert,The SVG spec says that you print SVG files as if the animation elementswere just not there.See  http://www.w3.org/TR/SVG/implnote.html#PrintingImplementationNotesJonAt 02:57 PM 2/20/2003 -0600, Robert Diblasi wrote:>Hello,>>I am kinda of confused......normal state....but please give me chance :-)>>I would like to know How animations will be rendered (printed ?)  on a>printing device?>>The article below makes it sound like animations will be printed....I know>this is not the case....but What I want to know is......if any part of the>Animation will be printed (begin of animation) or will none of the>Animation be printed.....If the answer is none...this would mean the SVG>creator(programmer/application) would most likely have to provide a>separate SVG file for Printing SVG images that have Animations in them.>>It would be nice to be able to pick out a moment in the SVG (an SVG file>has a \"beginning\" and a time line) that a printer could use.  I think this>would be a really nice feature for SVG if this was incorporated into the>file. Think of uses a tool that would grab \"screen shots\" of certain times>and then print them out. This would be a nice way to create a handout of a>presentation.>>I look forward to your answer and others responses>>We all learn by sharing what we know>Robert A. DiBlasi>rdiblasi@svgnotebook.com>http://www.svgnotebook.com>Member of the Chicago SVG Group: Chicago IL.>>An article on http://news.com.com/2100-1023-985298.html?tag=fd_top states>this:><snip>>The World Wide Web Consortium (W3C) has issued the first draft of Scalable>Vector Graphics Printing Requirements (SVG Print). The specification will>take unprintable animation and interactive content designed in SVG--a>standardized alternative to Macromedia's Flash language--and turn it into>something a printer can understand.></snip>>>The SVGP  states this:>>4. Special Printing Considerations>http://www.w3.org/TR/2003/WD-SVGPrintReqs-20030218/#sec-features><snip>>Animation and interactive hyperlinking. SVG files may contain animations>and hyperlinks. Printing devices can not perform animation or support>interactive content. Animation and interactivity features are ignored for>SVGP.></snip>>>and this:>>6. Requirements>http://www.w3.org/TR/2003/WD-SVGPrintReqs-20030218/#sec-requirements><snip>>10. Animation>SVGP must not support display of animated content.></snip>",
            "docno": "lists-021-6529074",
            "received": "Thu Feb 20 16:16:53 2003",
            "isoreceived": "20030220211653",
            "sent": "Thu, 20 Feb 2003 13:14:53 -0800",
            "isosent": "20030220211453",
            "name": "Jon Ferraiolo",
            "email": "jon.ferraiolo@adobe.com",
            "subject": "Re: How will animations be rendered?",
            "id": "5.1.1.5.2.20030220131240.03dc3610@mailsj-v1.corp.adobe.com",
            "charset": "us-ascii",
            "inreplyto": "se54eceb.082&#64;wpo.it.luc.edu",
            "expires": "-1",
            "to": "\"Robert Diblasi\"<rdiblas@wpo.it.luc.edu>,<public-svg-print@w3.org>\n"
        },
        {
            "body": "Please see the attached zip file for details.application/octet-stream attachment: your_details.zi",
            "docno": "lists-024-9742850",
            "received": "Wed Jun 25 22:35:49 2003",
            "isoreceived": "20030626023549",
            "sent": "Wed, 25 Jun 2003 21:25:12 &ndash;&ndash;0500",
            "isosent": "20030626022512",
            "name": "jon.ferraiolo@adobe.com",
            "email": "jon.ferraiolo@adobe.com",
            "subject": "Re: Movie",
            "id": "20030626022512.8C6D714045@w3c2.w3.org",
            "charset": "iso-8859-1",
            "inreplyto": "Movie",
            "expires": "-1",
            "to": "<public-webont-comments@w3.org>\n"
        }
    ]
}