{
    "id": "candidate-0846",
    "name": "Don Mullen",
    "gender": "MALE",
    "email": "donmullen@tibco.com",
    "mails": [
        {
            "body": "Regrets for this upcoming meeting :-( - I am skiing in Park City, Utah withmy children :-).> 2. Discuss the document Jean-Jacques posted [1]  (50min)Looks like a good start.  I am somewhat concerned about how much we can haveready to present at the next F2F - two weeks out.  Perhaps a portion oftomorrow's meeting could be spent discussing what kind of deliverable we canhave for that meeting.  I know Jonathan would like to see a resolution onfeatures/properties by the end of the F2F, so it seems some kind ofpresentation to the group will be in order.  I think the focus should be onthe presentation, which means drilling in on the specifics of a couple ofthe more compelling use-cases -- and resisting spending too much time on thedetails of the rest.As a WSD WG member, I would want to know:o what are the use cases (we've started this discussion)o why can't this be solved with the general extension mechanism in WSDL?o what else might this affect other than WSD?I would like to volunteer to put time into putting together a presentationfor the F2F.> 3. Decide on date/time for next call (5min)The Tuesday 11am EST is designated as our time slot going forward --correct?Don",
            "docno": "lists-027-10520167",
            "received": "Tue Feb 18 01:29:35 2003",
            "isoreceived": "20030218062935",
            "sent": "Tue, 18 Feb 2003 01:23:55 -0500",
            "isosent": "20030218062355",
            "name": "Don Mullen",
            "email": "donmullen@tibco.com",
            "subject": "RE: Proposed telcon agenda, 2/18",
            "id": "339902DC0E58D411986A00B0D03D843201B24CDF@extmail.rtp.tibco.com",
            "charset": "iso-8859-1",
            "inreplyto": "Proposed telcon agenda, 2/18",
            "expires": "-1",
            "to": "\"'Glen Daniels'\"<gdaniels@macromedia.com>,\"Properties and Features Task Force (E-mail)\"<public-ws-pnf-tf@w3.org>\n"
        },
        {
            "body": "Simon/Philippe:Will you please add Amy Lewis [alewis@tibco.com] to the list?Also, what is the read/write access policy for this list?  Public read /restricted write?If so, it might be helpful to post a list of the currrent subscribers to thelist so we make sure everyone who has expressed interest in being on the thefeatures/properties task force is included.Don-----Original Message-----From: Simon J. Hernandez [mailto:simon@w3.org]Sent: Thursday, February 06, 2003 10:22 AMSubject: New Public mailing list - public-ws-pnf-tf - maintained byPhilippe Le H?garetMaintaining Activity:  Web Services[1]Purpose: Properties and Features Task Force mailing list.Reference: No referent document.1.  http://www.w3.org/2002/ws/",
            "docno": "lists-027-10126274",
            "received": "Thu Feb  6 10:50:44 2003",
            "isoreceived": "20030206155044",
            "sent": "Thu, 6 Feb 2003 10:44:58 -0500 ",
            "isosent": "20030206154458",
            "name": "Don Mullen",
            "email": "donmullen@tibco.com",
            "subject": "RE: New Public mailing list - public-ws-pnf-tf",
            "id": "339902DC0E58D411986A00B0D03D843201B24C2E@extmail.rtp.tibco.com",
            "charset": "iso-8859-1",
            "inreplyto": "New Public mailing list - public-ws-pnf-tf",
            "expires": "-1",
            "to": " public-ws-pnf-tf@w3.org\n",
            "cc": " Amy Lewis<alewis@tibco.com>\n"
        },
        {
            "body": "Yes, that was my reading of Philippe's message as well.Enjoy your skiing holidays,Jean-Jacques.Don Mullen wrote:> The Tuesday 11am EST is designated as our time slot going forward --> correct?",
            "docno": "lists-027-10529211",
            "received": "Tue Feb 18 04:23:57 2003",
            "isoreceived": "20030218092357",
            "sent": "Tue, 18 Feb 2003 10:23:09 +0100",
            "isosent": "20030218092309",
            "name": "Jean-Jacques Moreau",
            "email": "jean-jacques.moreau@crf.canon.fr",
            "subject": "Re: Proposed telcon agenda, 2/18",
            "id": "3E51FB7D.3010905@crf.canon.fr",
            "charset": "us-ascii",
            "inreplyto": "339902DC0E58D411986A00B0D03D843201B24CDF&#64;extmail.rtp.tibco.com",
            "expires": "-1",
            "to": " Don Mullen<donmullen@tibco.com>\n",
            "cc": "\"'Glen Daniels'\"<gdaniels@macromedia.com>,\"Properties and Features Task Force (E-mail)\"<public-ws-pnf-tf@w3.org>\n"
        },
        {
            "body": "Hi Don,Should we get time on the WSA agenda for the same presentation?ColleenDon Mullen wrote:> Regrets for this upcoming meeting :-( - I am skiing in Park City, Utah with> my children :-).>> > 2. Discuss the document Jean-Jacques posted [1]  (50min)>> Looks like a good start.  I am somewhat concerned about how much we can have> ready to present at the next F2F - two weeks out.  Perhaps a portion of> tomorrow's meeting could be spent discussing what kind of deliverable we can> have for that meeting.  I know Jonathan would like to see a resolution on> features/properties by the end of the F2F, so it seems some kind of> presentation to the group will be in order.  I think the focus should be on> the presentation, which means drilling in on the specifics of a couple of> the more compelling use-cases -- and resisting spending too much time on the> details of the rest.>> As a WSD WG member, I would want to know:>> o what are the use cases (we've started this discussion)>> o why can't this be solved with the general extension mechanism in WSDL?>> o what else might this affect other than WSD?>> I would like to volunteer to put time into putting together a presentation> for the F2F.>> > 3. Decide on date/time for next call (5min)>> The Tuesday 11am EST is designated as our time slot going forward --> correct?>> Don",
            "docno": "lists-027-10561333",
            "received": "Tue Feb 18 12:37:56 2003",
            "isoreceived": "20030218173756",
            "sent": "Tue, 18 Feb 2003 10:39:42 -0700",
            "isosent": "20030218173942",
            "name": "Colleen Evans",
            "email": "cevans@sonicsoftware.com",
            "subject": "Re: Proposed telcon agenda, 2/18",
            "id": "3E526FDE.E23B7D9E@sonicsoftware.com",
            "charset": "us-ascii",
            "inreplyto": "339902DC0E58D411986A00B0D03D843201B24CDF&#64;extmail.rtp.tibco.com",
            "expires": "-1",
            "to": " Don Mullen<donmullen@tibco.com>\n",
            "cc": "\"Properties and Features Task Force (E-mail)\"<public-ws-pnf-tf@w3.org>\n"
        },
        {
            "body": "On Thu, 2003-02-06 at 10:44, Don Mullen wrote:> Simon/Philippe:>> Will you please add Amy Lewis [alewis@tibco.com] to the list?done. I added Amy and Youenn before sending the minutes.> Also, what is the read/write access policy for this list?  Public read /> restricted write?read/write for the public after a short discussion with Jonathan. If wehave troubles, we may change the settings or not repeat the mistake.> If so, it might be helpful to post a list of the currrent subscribers to the> list so we make sure everyone who has expressed interest in being on the the> features/properties task force is included.waiting for the online archive to be fixed before sending a generalannouncement.Philippe",
            "docno": "lists-027-10136232",
            "received": "Thu Feb  6 10:54:40 2003",
            "isoreceived": "20030206155440",
            "sent": "06 Feb 2003 10:54:34 -0500",
            "isosent": "20030206155434",
            "name": "Philippe Le Hegaret",
            "email": "plh@w3.org",
            "subject": "RE: New Public mailing list - public-ws-pnf-tf",
            "id": "1044546874.28615.378.camel@jfouffa.w3.org",
            "inreplyto": "339902DC0E58D411986A00B0D03D843201B24C2E&#64;extmail.rtp.tibco.com",
            "expires": "-1",
            "to": " Don Mullen<donmullen@tibco.com>\n",
            "cc": "\"'Simon J. Hernandez'\"<simon@w3.org>,public-ws-pnf-tf@w3.org, Amy Lewis<alewis@tibco.com>\n"
        },
        {
            "body": "OK, mayhap we're not having a call today. :)Philippe, did the call go away?--G> -----Original Message-----> From: Don Mullen [mailto:donmullen@tibco.com]> Sent: Tuesday, March 11, 2003 10:57 AM> To: 'Glen Daniels'; Properties and Features Task Force (E-mail)> Subject: RE: PFTF : where we're at, and call today>>>> Anyone else having trouble dialing in?  I get 'passcode invalid'.>> Don>> -----Original Message-----> From: Glen Daniels [mailto:gdaniels@macromedia.com]> Sent: Tuesday, March 11, 2003 10:20 AM> To: Properties and Features Task Force (E-mail)> Subject: PFTF : where we're at, and call today>>>>> PFTF'ers:>> Well, after much discussion, we managed to get features and> properties into> WSDL 1.2 with an overwhelmingly positive vote.  See the F2F> summary [1] for> a description of what we ended up with.>> At this point, the most immediate job of the task force is complete.> However, I think there is definite value in continuing> forward with the> cross-group TF to flesh out the scenarios we've been> discussing and research> the potential value of the Features/Properties approach to> extension design.>> This needs to be discussed with Jonathan and Mike/Dave, so I> propose today> we have a short telcon simply to discuss future directions,> since I know> everyone's been busy (including myself) and we haven't had an explicit> mandated agenda after the WSDL change.  Sorry for the short> notice, which is> another reason I'm figuring today's call can be very casual.>> 11AM EST, you know the number, you know the passcode [2].> Talk to you then!>> --Glen>> [1] http://lists.w3.org/Archives/Public/www-ws-desc/2003Mar/0019.html> [2] http://www.w3.org/2003/02/14-pftf.html>",
            "docno": "lists-027-10867001",
            "received": "Tue Mar 11 11:03:47 2003",
            "isoreceived": "20030311160347",
            "sent": "Tue, 11 Mar 2003 11:03:19 -0500",
            "isosent": "20030311160319",
            "name": "Glen Daniels",
            "email": "gdaniels@macromedia.com",
            "subject": "RE: PFTF : where we're at, and call today",
            "id": "CB1FF0A474AEA84EA0206D5B05F6A4CB0254FEAB@S1001EXM02.macromedia.com",
            "charset": "iso-8859-1",
            "inreplyto": "PFTF : where we're at, and call today",
            "expires": "-1",
            "to": "\"'Don Mullen'\"<donmullen@tibco.com>, Glen Daniels<gdaniels@macromedia.com>,\"Properties and Features Task Force (E-mail)\"<public-ws-pnf-tf@w3.org>\n"
        },
        {
            "body": "Yup.  Let's plan to discuss the TF's future (if any) on the WSD and WSA calls this week.Thanks, all, sorry about the confusion.--G> -----Original Message-----> From: Don Mullen [mailto:donmullen@tibco.com]> Sent: Tuesday, March 11, 2003 11:04 AM> To: 'Glen Daniels'; Properties and Features Task Force (E-mail)> Subject: RE: PFTF : where we're at, and call today>>>> Let's resolve this and reschedule for next week....>>> -----Original Message-----> From: Glen Daniels [mailto:gdaniels@macromedia.com]> Sent: Tuesday, March 11, 2003 11:03 AM> To: 'Don Mullen'; Glen Daniels; Properties and Features Task Force> (E-mail)> Subject: RE: PFTF : where we're at, and call today>> OK, mayhap we're not having a call today. :)>> Philippe, did the call go away?>> --G>> > -----Original Message-----> > From: Don Mullen [mailto:donmullen@tibco.com]> > Sent: Tuesday, March 11, 2003 10:57 AM> > To: 'Glen Daniels'; Properties and Features Task Force (E-mail)> > Subject: RE: PFTF : where we're at, and call today> >> >> >> > Anyone else having trouble dialing in?  I get 'passcode invalid'.> >> > Don> >> > -----Original Message-----> > From: Glen Daniels [mailto:gdaniels@macromedia.com]> > Sent: Tuesday, March 11, 2003 10:20 AM> > To: Properties and Features Task Force (E-mail)> > Subject: PFTF : where we're at, and call today> >> >> >> >> > PFTF'ers:> >> > Well, after much discussion, we managed to get features and> > properties into> > WSDL 1.2 with an overwhelmingly positive vote.  See the F2F> > summary [1] for> > a description of what we ended up with.> >> > At this point, the most immediate job of the task force is complete.> > However, I think there is definite value in continuing> > forward with the> > cross-group TF to flesh out the scenarios we've been> > discussing and research> > the potential value of the Features/Properties approach to> > extension design.> >> > This needs to be discussed with Jonathan and Mike/Dave, so I> > propose today> > we have a short telcon simply to discuss future directions,> > since I know> > everyone's been busy (including myself) and we haven't had> an explicit> > mandated agenda after the WSDL change.  Sorry for the short> > notice, which is> > another reason I'm figuring today's call can be very casual.> >> > 11AM EST, you know the number, you know the passcode [2].> > Talk to you then!> >> > --Glen> >> > [1]http://lists.w3.org/Archives/Public/www-ws-desc/2003Mar/0019.html> [2] http://www.w3.org/2003/02/14-pftf.html>",
            "docno": "lists-027-10910289",
            "received": "Tue Mar 11 11:11:27 2003",
            "isoreceived": "20030311161127",
            "sent": "Tue, 11 Mar 2003 11:10:57 -0500",
            "isosent": "20030311161057",
            "name": "Glen Daniels",
            "email": "gdaniels@macromedia.com",
            "subject": "RE: PFTF : where we're at, and call today",
            "id": "CB1FF0A474AEA84EA0206D5B05F6A4CB0254FEAC@S1001EXM02.macromedia.com",
            "charset": "iso-8859-1",
            "inreplyto": "PFTF : where we're at, and call today",
            "expires": "-1",
            "to": "\"'Don Mullen'\"<donmullen@tibco.com>, Glen Daniels<gdaniels@macromedia.com>,\"Properties and Features Task Force (E-mail)\"<public-ws-pnf-tf@w3.org>\n"
        },
        {
            "body": "I just spoke to their operator and she said its not on da calendar ...Sanjiva.----- Original Message -----From: \"Glen Daniels\" <gdaniels@macromedia.com><gdaniels@macromedia.com>; \"Properties and Features Task Force (E-mail)\"<public-ws-pnf-tf@w3.org>Sent: Tuesday, March 11, 2003 10:03 PMSubject: RE: PFTF : where we're at, and call today>>> OK, mayhap we're not having a call today. :)>> Philippe, did the call go away?>> --G>> > -----Original Message-----> > From: Don Mullen [mailto:donmullen@tibco.com]> > Sent: Tuesday, March 11, 2003 10:57 AM> > To: 'Glen Daniels'; Properties and Features Task Force (E-mail)> > Subject: RE: PFTF : where we're at, and call today> >> >> >> > Anyone else having trouble dialing in?  I get 'passcode invalid'.> >> > Don> >> > -----Original Message-----> > From: Glen Daniels [mailto:gdaniels@macromedia.com]> > Sent: Tuesday, March 11, 2003 10:20 AM> > To: Properties and Features Task Force (E-mail)> > Subject: PFTF : where we're at, and call today> >> >> >> >> > PFTF'ers:> >> > Well, after much discussion, we managed to get features and> > properties into> > WSDL 1.2 with an overwhelmingly positive vote.  See the F2F> > summary [1] for> > a description of what we ended up with.> >> > At this point, the most immediate job of the task force is complete.> > However, I think there is definite value in continuing> > forward with the> > cross-group TF to flesh out the scenarios we've been> > discussing and research> > the potential value of the Features/Properties approach to> > extension design.> >> > This needs to be discussed with Jonathan and Mike/Dave, so I> > propose today> > we have a short telcon simply to discuss future directions,> > since I know> > everyone's been busy (including myself) and we haven't had an explicit> > mandated agenda after the WSDL change.  Sorry for the short> > notice, which is> > another reason I'm figuring today's call can be very casual.> >> > 11AM EST, you know the number, you know the passcode [2].> > Talk to you then!> >> > --Glen> >> > [1] http://lists.w3.org/Archives/Public/www-ws-desc/2003Mar/0019.html> > [2] http://www.w3.org/2003/02/14-pftf.html> >",
            "docno": "lists-027-10887303",
            "received": "Tue Mar 11 11:07:36 2003",
            "isoreceived": "20030311160736",
            "sent": "Tue, 11 Mar 2003 22:04:46 +0600",
            "isosent": "20030311160446",
            "name": "Sanjiva Weerawarana",
            "email": "sanjiva@watson.ibm.com",
            "subject": "Re: PFTF : where we're at, and call today",
            "id": "00c801c2e7e7$f1db7bf0$a200a8c0@lankabook2",
            "charset": "iso-8859-1",
            "inreplyto": "CB1FF0A474AEA84EA0206D5B05F6A4CB0254FEAB&#64;S1001EXM02.macromedia.com",
            "expires": "-1",
            "to": " \"'Don Mullen'\" <donmullen@tibco.com>; \"Glen Daniels\"\n"
        },
        {
            "body": "Traveling to the West coast.Don",
            "docno": "lists-027-10962042",
            "received": "Tue Mar 18 09:26:18 2003",
            "isoreceived": "20030318142618",
            "sent": "Tue, 18 Mar 2003 09:20:09 -0500",
            "isosent": "20030318142009",
            "name": "Don Mullen",
            "email": "donmullen@tibco.com",
            "subject": "Regrets for 3/18",
            "id": "339902DC0E58D411986A00B0D03D843201B24E55@extmail.rtp.tibco.com",
            "charset": "iso-8859-1",
            "expires": "-1",
            "to": "\"'Glen Daniels'\"<gdaniels@macromedia.com>,\"Properties and Features Task Force (E-mail)\"<public-ws-pnf-tf@w3.org>\n"
        },
        {
            "body": "Let's resolve this and reschedule for next week....-----Original Message-----From: Glen Daniels [mailto:gdaniels@macromedia.com]Sent: Tuesday, March 11, 2003 11:03 AM(E-mail)Subject: RE: PFTF : where we're at, and call todayOK, mayhap we're not having a call today. :)Philippe, did the call go away?--G> -----Original Message-----> From: Don Mullen [mailto:donmullen@tibco.com]> Sent: Tuesday, March 11, 2003 10:57 AM> To: 'Glen Daniels'; Properties and Features Task Force (E-mail)> Subject: RE: PFTF : where we're at, and call today>>>> Anyone else having trouble dialing in?  I get 'passcode invalid'.>> Don>> -----Original Message-----> From: Glen Daniels [mailto:gdaniels@macromedia.com]> Sent: Tuesday, March 11, 2003 10:20 AM> To: Properties and Features Task Force (E-mail)> Subject: PFTF : where we're at, and call today>>>>> PFTF'ers:>> Well, after much discussion, we managed to get features and> properties into> WSDL 1.2 with an overwhelmingly positive vote.  See the F2F> summary [1] for> a description of what we ended up with.>> At this point, the most immediate job of the task force is complete.> However, I think there is definite value in continuing> forward with the> cross-group TF to flesh out the scenarios we've been> discussing and research> the potential value of the Features/Properties approach to> extension design.>> This needs to be discussed with Jonathan and Mike/Dave, so I> propose today> we have a short telcon simply to discuss future directions,> since I know> everyone's been busy (including myself) and we haven't had an explicit> mandated agenda after the WSDL change.  Sorry for the short> notice, which is> another reason I'm figuring today's call can be very casual.>> 11AM EST, you know the number, you know the passcode [2].> Talk to you then!>> --Glen>> [1] http://lists.w3.org/Archives/Public/www-ws-desc/2003Mar/0019.html> [2] http://www.w3.org/2003/02/14-pftf.html>",
            "docno": "lists-027-10899399",
            "received": "Tue Mar 11 11:09:56 2003",
            "isoreceived": "20030311160956",
            "sent": "Tue, 11 Mar 2003 11:03:56 -0500",
            "isosent": "20030311160356",
            "name": "Don Mullen",
            "email": "donmullen@tibco.com",
            "subject": "RE: PFTF : where we're at, and call today",
            "id": "339902DC0E58D411986A00B0D03D843201B24DB3@extmail.rtp.tibco.com",
            "charset": "iso-8859-1",
            "inreplyto": "PFTF : where we're at, and call today",
            "expires": "-1",
            "to": " 'Don Mullen'; Glen Daniels; Properties and Features Task Force\n"
        },
        {
            "body": "I will not be calling in today -- home sick.Don",
            "docno": "lists-027-4196491",
            "received": "Mon Apr 21 09:57:46 2003",
            "isoreceived": "20030421135746",
            "sent": "Mon, 21 Apr 2003 09:50:36 -0400",
            "isosent": "20030421135036",
            "name": "Don Mullen",
            "email": "donmullen@tibco.com",
            "subject": "Regrets for Apr 21",
            "id": "339902DC0E58D411986A00B0D03D8432022569AD@extmail.rtp.tibco.com",
            "charset": "iso-8859-1",
            "expires": "-1",
            "to": "public-ws-desc-meps@w3.org\n"
        },
        {
            "body": "Oy.  I'd really rather not go through that much process, plus my schedule is somewhat variable.  What about some time Friday?  Fridays have worked well in the past.Have we decided we want a weekly call?  I think I missed that part, and thought we were just scheduling the next one.--Glen> -----Original Message-----> From: Don Mullen [mailto:donmullen@tibco.com]> Sent: Tuesday, February 11, 2003 1:56 PM> To: public-ws-pnf-tf@w3.org> Subject: RE: PFTF next telcon>>>>> Agreed.  If everyone on the list who will be participating on> the calls> sends me a private email with the following information:>> o Your Timezone> o Availability -- in blocks of time (your timezone)>   listed in order of preference (most preferred to least)>> I will put together a matrix and proposed weekly meeting time> (or times).> Sending individual messages to the list isn't very productive.>> **Please send by end of day today -- Tuesday**  That way, I can post> tomorrow morning.>> Don>> -----Original Message-----> From: David Orchard [mailto:dorchard@bea.com]> Sent: Tuesday, February 11, 2003 1:06 PM> To: public-ws-pnf-tf@w3.org> Subject: RE: PFTF next telcon>> And not with the xmlp call, which is wednesdays at 11am pst.>> But I hardly think this is ridiculous.  We each have many different> responsibilities, and each time a group starts, it's crazy> finding the best> time.>> Dave>> > -----Original Message-----> > From: public-ws-pnf-tf-request@w3.org> > [mailto:public-ws-pnf-tf-request@w3.org]On Behalf Of Sanjiva> > Weerawarana> > Sent: Tuesday, February 11, 2003 9:34 AM> > To: public-ws-pnf-tf@w3.org> > Subject: Re: PFTF next telcon> >> >> >> > This is ridiculous- we'll never find a slot that'll make everyone> > happy. I suggest Jonathan picks a set of viable times (e.g., times> > that do not overlap with the WS-Desc or WS-Arch calls) and then> > we rotate amongst those on a weekly basis. Some times will be not> > great for some. Such is life.> >> > Sanjiva.>",
            "docno": "lists-027-10415167",
            "received": "Tue Feb 11 14:12:31 2003",
            "isoreceived": "20030211191231",
            "sent": "Tue, 11 Feb 2003 14:11:43 -0500",
            "isosent": "20030211191143",
            "name": "Glen Daniels",
            "email": "gdaniels@macromedia.com",
            "subject": "RE: PFTF next telcon",
            "id": "CB1FF0A474AEA84EA0206D5B05F6A4CB0330498C@S1001EXM02.macromedia.com",
            "charset": "iso-8859-1",
            "inreplyto": "PFTF next telcon",
            "expires": "-1",
            "to": "\"'Don Mullen'\"<donmullen@tibco.com>,\"'public-ws-pnf-tf@w3.org'\"<public-ws-pnf-tf@w3.org>\n"
        },
        {
            "body": "Anyone else having trouble dialing in?  I get 'passcode invalid'.Don-----Original Message-----From: Glen Daniels [mailto:gdaniels@macromedia.com]Sent: Tuesday, March 11, 2003 10:20 AMSubject: PFTF : where we're at, and call todayPFTF'ers:Well, after much discussion, we managed to get features and properties intoWSDL 1.2 with an overwhelmingly positive vote.  See the F2F summary [1] fora description of what we ended up with.At this point, the most immediate job of the task force is complete.However, I think there is definite value in continuing forward with thecross-group TF to flesh out the scenarios we've been discussing and researchthe potential value of the Features/Properties approach to extension design.This needs to be discussed with Jonathan and Mike/Dave, so I propose todaywe have a short telcon simply to discuss future directions, since I knoweveryone's been busy (including myself) and we haven't had an explicitmandated agenda after the WSDL change.  Sorry for the short notice, which isanother reason I'm figuring today's call can be very casual.11AM EST, you know the number, you know the passcode [2].  Talk to you then!--Glen[1] http://lists.w3.org/Archives/Public/www-ws-desc/2003Mar/0019.html[2] http://www.w3.org/2003/02/14-pftf.html",
            "docno": "lists-027-10857616",
            "received": "Tue Mar 11 11:02:26 2003",
            "isoreceived": "20030311160226",
            "sent": "Tue, 11 Mar 2003 10:56:33 -0500",
            "isosent": "20030311155633",
            "name": "Don Mullen",
            "email": "donmullen@tibco.com",
            "subject": "RE: PFTF : where we're at, and call today",
            "id": "339902DC0E58D411986A00B0D03D843201B24DB2@extmail.rtp.tibco.com",
            "charset": "iso-8859-1",
            "inreplyto": "PFTF : where we're at, and call today",
            "expires": "-1",
            "to": " Properties and Features Task Force (E-mail)\n"
        },
        {
            "body": "Agreed.  If everyone on the list who will be participating on the callssends me a private email with the following information:o Your Timezoneo Availability -- in blocks of time (your timezone)listed in order of preference (most preferred to least)I will put together a matrix and proposed weekly meeting time (or times).Sending individual messages to the list isn't very productive.**Please send by end of day today -- Tuesday**  That way, I can posttomorrow morning.Don-----Original Message-----From: David Orchard [mailto:dorchard@bea.com]Sent: Tuesday, February 11, 2003 1:06 PMSubject: RE: PFTF next telconAnd not with the xmlp call, which is wednesdays at 11am pst.But I hardly think this is ridiculous.  We each have many differentresponsibilities, and each time a group starts, it's crazy finding the besttime.Dave> -----Original Message-----> From: public-ws-pnf-tf-request@w3.org> [mailto:public-ws-pnf-tf-request@w3.org]On Behalf Of Sanjiva> Weerawarana> Sent: Tuesday, February 11, 2003 9:34 AM> To: public-ws-pnf-tf@w3.org> Subject: Re: PFTF next telcon>>>> This is ridiculous- we'll never find a slot that'll make everyone> happy. I suggest Jonathan picks a set of viable times (e.g., times> that do not overlap with the WS-Desc or WS-Arch calls) and then> we rotate amongst those on a weekly basis. Some times will be not> great for some. Such is life.>> Sanjiva.",
            "docno": "lists-027-10405259",
            "received": "Tue Feb 11 14:01:31 2003",
            "isoreceived": "20030211190131",
            "sent": "Tue, 11 Feb 2003 13:56:00 -0500",
            "isosent": "20030211185600",
            "name": "Don Mullen",
            "email": "donmullen@tibco.com",
            "subject": "RE: PFTF next telcon",
            "id": "339902DC0E58D411986A00B0D03D843201B24C6D@extmail.rtp.tibco.com",
            "charset": "iso-8859-1",
            "inreplyto": "PFTF next telcon",
            "expires": "-1",
            "to": " public-ws-pnf-tf@w3.org\n"
        },
        {
            "body": "I won't be calling in today either, public holidayGudge>> -----Original Message-----> From: public-ws-desc-meps-request@w3.org> [mailto:public-ws-desc-meps-request@w3.org] On Behalf Of Don Mullen> Sent: 21 April 2003 14:51> To: public-ws-desc-meps@w3.org>>>> I will not be calling in today -- home sick.>> Don>>>",
            "docno": "lists-027-4209946",
            "received": "Mon Apr 21 11:30:43 2003",
            "isoreceived": "20030421153043",
            "sent": "Mon, 21 Apr 2003 08:30:04 -0700",
            "isosent": "20030421153004",
            "name": "Martin Gudgin",
            "email": "gudgin@microsoft.com",
            "subject": "RE: Regrets for Apr 21",
            "id": "7C083876C492EB4BAAF6B3AE0732970E0B344BDC@red-msg-08.redmond.corp.microsoft.com",
            "charset": "us-ascii",
            "inreplyto": "Regrets for Apr 21",
            "expires": "-1",
            "to": "\"Don Mullen\"<donmullen@tibco.com>,<public-ws-desc-meps@w3.org>\n"
        },
        {
            "body": "Seems Thursday is tight.  How about Wed 11:00 PST instead -- easier for alltime zones?Don-----Original Message-----From: David Orchard [mailto:dorchard@bea.com]Sent: Tuesday, February 11, 2003 12:19 PMSubject: RE: PFTF next telconThat doesn't work well for me, as the runs right up to the ws-arch telcon.I need at least a half hour for lunch.12:30 EST?Dave> -----Original Message-----> From: public-ws-pnf-tf-request@w3.org> [mailto:public-ws-pnf-tf-request@w3.org]On Behalf Of Glen Daniels> Sent: Tuesday, February 11, 2003 8:55 AM> To: 'public-ws-pnf-tf@w3.org'> Subject: RE: PFTF next telcon>> 1PM EST works for me.>> > -----Original Message-----> > From: Amelia A. Lewis [mailto:alewis@tibco.com]> > Sent: Tuesday, February 11, 2003 11:34 AM> > To: Sandeep Kumar> > Cc: jean-jacques.moreau@crf.canon.fr; gdaniels@macromedia.com;> > youenn.fablet@crf.canon.fr; public-ws-pnf-tf@w3.org> > Subject: Re: PFTF next telcon> >> >> > On Tue, 11 Feb 2003 08:03:51 -0800> > \"Sandeep Kumar\" <sandkuma@cisco.com> wrote:> >> > >> > > Yes, 6:30 am pst is very early for me. Is 9:30 or 10:00 am> > PST suitable to> > > everyone?> > > That is right after WSD meeting.> >> > It would be *really* nice to have some sort of break between> > meetings.  Half an hour would be enough, but it would really> > help to be able to stand up and walk around a bit.  So I'm> > not thrilled by 9:30 (12:30 EST); would prefer 10:00 (1:00> > EST), half an hour after the end of the WSD meeting.> >> > Amy!> > > - sandeep> > >> > > -----Original Message-----> > > From: public-ws-pnf-tf-request@w3.org> > > [mailto:public-ws-pnf-tf-request@w3.org]On Behalf Of> > Jean-Jacques Moreau> > > Sent: Tuesday, February 11, 2003 7:42 AM> > > To: Glen Daniels> > > Cc: 'FABLET Youenn'; public-ws-pnf-tf@w3.org> > > Subject: Re: PFTF next telcon> > >> > >> > >> > > Sounds ok to me, although I suspect this might be too early for> > > West Costers.> > >> > > Jean-Jacques.> > >> > > Glen Daniels wrote:> > > > That time would be OK with me, though I might suggest :> > > >> > > > a) we take 90 minutes, since we'll presumably be doing> work on the> > > scenarios and it would be good to get some momentum going> > > >> > > > b) we augment the teleconference with IRC, so that we can> > share syntactic> > > examples/proposals without saying \"open-bracket, wsdl colon> > feature, uri> > > equals quote...\" :)> > >> > >> >> >> > --> > Amelia A. Lewis> > Architect, TIBCO/Extensibility, Inc.> > alewis@tibco.com> >>>",
            "docno": "lists-027-10360201",
            "received": "Tue Feb 11 12:38:29 2003",
            "isoreceived": "20030211173829",
            "sent": "Tue, 11 Feb 2003 12:32:53 -0500",
            "isosent": "20030211173253",
            "name": "Don Mullen",
            "email": "donmullen@tibco.com",
            "subject": "RE: PFTF next telcon",
            "id": "339902DC0E58D411986A00B0D03D843201B24C6C@extmail.rtp.tibco.com",
            "charset": "iso-8859-1",
            "inreplyto": "PFTF next telcon",
            "expires": "-1",
            "to": " 'Glen Daniels'; public-ws-pnf-tf@w3.org\n"
        }
    ]
}