{
    "id": "candidate-0906",
    "name": "Vincent Y. Shen",
    "gender": "MALE",
    "email": "shen@cs.ust.hk",
    "mails": [
        {
            "body": "Dear Gerald,The links have been changed to regular hypertext links. We willalso change the page to valid HTML.RgdsAngus SiuWWW10 webmasterGerald Oskoboiny wrote:>> Hi,>> On this page: http://www10.org/>> the link on e.g. \"Tim Berners-Lee\" is \"Javascript:Tim ()\"> instead of being a regular hypertext link. (same for other> keynote speakers, and the link to the privacy statement)>> This does not work in many browsers; please replace it with a> regular hypertext link.>> cf.>>     Web Content Accessibility Guidelines 1.0>     http://www.w3.org/TR/WCAG10/>>     6. Ensure that pages featuring new technologies transform gracefully.>     http://www.w3.org/TR/WCAG10/#gl-new-technologies>> Also, the page is not valid HTML:>>     http://validator.w3.org/check?uri=http%3A//www10.org/>> Thanks,>> --> Gerald Oskoboiny       <gerald@w3.org>  +1 613 261 6630> System Administrator   http://www.w3.org/People/Gerald/> World Wide Web Consortium (W3C)      http://www.w3.org/>",
            "docno": "lists-097-11341044",
            "received": "Mon Jan  8 03:45:21 2001",
            "isoreceived": "20010108084521",
            "sent": "Mon, 8 Jan 2001 03:38:20 -0500 (EST)",
            "isosent": "20010108083820",
            "name": "Angus Siu Tak Tai",
            "email": "ttsiu@cse.cuhk.edu.hk",
            "subject": "Re: inaccessible links on WWW10 home page",
            "id": "200101080837.QAA27875@castle.cs.cuhk.hk",
            "charset": "us-ascii",
            "inreplyto": "20010105182203.A32273&#64;impressive.net",
            "expires": "-1",
            "to": "gerald@w3.org(Gerald Oskoboiny)\n",
            "cc": "webmaster@www10.org.hk,www-archive@w3.org,vshen@itc.gov.hk,shen@cs.ust.hk,yammie@cs.ust.hk(Yammie)\n"
        }
    ]
}