{
    "id": "candidate-0756",
    "name": "Alexander Falk",
    "gender": "MALE",
    "email": "al@altova.com",
    "mails": [
        {
            "body": "Hi,thank you for your message - this is an automated response from our mail-server, because I am currently in San Francisco as a speaker at this year's OracleWorld conference.I will return to the office on Friday, September 12th, and while I have access to e-mail at all times, I will typically only be able to respond to you in the week following my return to the office.If this concerns any Altova product-related issue, you have the following options:- if you are writing about a technical support, please resend your message to mailto:support@altova.com- if you require consulting or development services, please resend your message to mailto:professional-services@altova.com- if you are writing about a sales question, please resend your message to mailto:us-sales@altova.com- if you are writing about a marketing opportunity, please resend your message to mailto:marketing@altova.com- if you are inquiring about a partnership with Altova, please visit our new Altova Partner Portal at http://partners.altova.com- for all other issues, please visit our main web site at http://www.altova.com or contact our general office address at mailto:office@altova.comIf this matter requires more immediate attention, or if you have a personal urgent request, you can also call me on my cell phone, which I have with me at all times - the number is: 1-978-375-1340.If I am temporarily unable to answer that phone, please leave a message on the mobile voice mail system there.Best regards,Alexander... Alexander Falk... President & CEO... Altova, Inc. - markup your mind!... Member of the W3C Advisory Committee===================================================================xmlspy? 2004 - mapforce(tm) 2004 - authentic(tm) 2004 - stylevision(tm) 2004Award-winning tools for developers - web designers - business-usersNEW: XML-to-XML and DB-to-XML Mapping, XML Differencing, XPath 2.0,Microsoft Visual Studio? .NET Integration, Borland C# Builder, MonoAuto-Calculation,  Business Logic Validation, Rich Input FormattingVisit  www.altova.com  to download your free evaluation copy today!===================================================================The information transmitted in this message and/or as an attachmentto it  is intended  only for the  person or  entity to  which it isaddressed and may contain confidential  and/or privileged material.Any  review,  retransmission,  dissemination  or  other use of,  ortaking of any action in reliance upon,  this information by personsor entities other than the intended recipient is prohibited. If youmaterial from any computer.  Altova GmbH  and  Altova, Inc.  do notaccept legal responsibility  for the contents of this message.  Anyviews or opinions  presented are solely  those of the author and donot  necessarily  represent those of  Altova GmbH and  Altova, Inc.unless otherwise specifically stated. Thank you!",
            "docno": "lists-080-1981290",
            "received": "this in error,  please contact  the sender  and delete the",
            "isoreceived": "20030908105716",
            "sent": "Mon, 8 Sep 2003 06:56:07 -0400",
            "isosent": "20030908105607",
            "name": "Alexander Falk",
            "email": "@altova.com",
            "subject": "Out of Office AutoReply: Wicked screensaver",
            "id": "1A43FC0A4DE4104E85C20D50374EFA1E1FAAC1@teaparty.bos.altova.com",
            "charset": "iso-8859-1",
            "expires": "-1",
            "to": "<w3c-wai-ig@w3.org>\n"
        }
    ]
}