{
    "id": "candidate-0981",
    "name": "Jun Fujisawa",
    "gender": "MALE",
    "email": "fujisawa.jun@canon.co.jp",
    "mails": [
        {
            "body": "Hello W3C SVG Printing list members,It is not too late for you to submit a paper abstract or course proposal forthe SVG Open 2004. Looking forward to meet many of you at Tokyo!* * * * *SVG OPEN 2004 DEADLINE EXTENSIONSVG Open 2004, the 3rd Annual Conference on Scalable Vector Graphics willbe held September 7-10, 2004 at Keio University, Japan, on the Mita Campusin Tokyo. The submission deadline for a paper abstract has now been extendedto May 7, 2004. Also, you can use online registration system to submit yourproposal for a course or exhibition. For full details on the conference,tune your Browser to the conference Web site:http://www.svgopen.org/At this third international SVG Open conference, this is your chance todiscuss development experience, products, workflows and strategiesinvolving SVG. The conference language is English; translation facilitieswill be available to encourage English-Japanese communication.PRESENTING A PAPERPresenters are asked to submit an extended abstract, in English, (approx.400 to 800 words) by May 7, 2004 in XHTML 1.1 format. The abstracts arereviewed by a reviewing committee and presenters informed about acceptanceon or before June 4, 2004.If your abstract is accepted, then you will be asked to submit your fullpaper and your presentation slides by July 16, 2004 according toinstructions that will be sent to you. Accepted abstracts, papers andpresentations will be published on the conference CD and Web proceedings.AIM OF THE CONFERENCEScalable Vector Graphics (SVG) is an exciting World Wide Web Consortium(W3C) open standard enabling high-quality, dynamic, interactive, stylablegraphics to be delivered over the Web using accessible, human-readable XML.SVG can be delivered to mobile phones, PDAs, and desktop computers.At the SVG Open 2004 Conference you will have the opportunity to learnabout the SVG standard, how to use it to create effective and compellingWeb content, techniques for developing SVG software solutions, and thelatest developments from the W3C. You will meet the authors of the SVGspecifications and the creators of SVG applications in person, and youwill have the opportunity to provide your own input for futuredevelopment. At the SVG Open 2004 Exhibition, you will get a chance tosee the newest SVG applications and tools at work, and you will hear earlyannouncements of upcoming SVG product releases. SVG Open 2004 courses willenlighten you on SVG, XML and related standards, graphic design and Webapplication design. Courses will be available at both introductory andadvanced levels, in order to serve the needs of all conference attendees.TARGET AUDIENCEThe conference will be of interest to people who are:- Software developers- Web and UI designers- Web application developers- Graphic artists- Creators of database-driven content and applications- Creators of mobile computing solutions- Specialists in Geographic Information Systems, Computer-AidedDesign, modelling, publishing, multimedia and other fields involvingprofessional graphics- Creators and users of data visualization solutions, includingbusiness charting, scientific graphing, schematics, maps, etc.ORGANIZERSThe conference is an SVG community project hosted by Keio University(http://www.keio.ac.jp/) and Canon, Inc. (http://www.canon.com/).The conference is sponsored by the World Wide Web Consortium(http://www.w3.org).FURTHER INFORMATIONFor conference program and exhibition and sponsorship inquiries, pleasee-mail the organizers (team-svgopen-jp@w3.org).--Jun Fujisawa<mailto:fujisawa.jun@canon.co.jp>",
            "docno": "lists-021-6901841",
            "received": "Fri Apr 16 05:15:45 2004",
            "isoreceived": "20040416091545",
            "sent": "Fri, 16 Apr 2004 18:01:48 +0900",
            "isosent": "20040416090148",
            "name": "Jun Fujisawa",
            "email": "fujisawa.jun@canon.co.jp",
            "subject": "SVG Open 2004 - Deadline Extension",
            "id": "p06001016bca55120bdb0@[172.23.45.46]",
            "charset": "us-ascii",
            "expires": "-1",
            "to": " W3C SVG Printing<public-svg-print@w3.org>\n"
        },
        {
            "body": "Hello W3C SVG Printing list members,We are glad to provide the formal announcement of SVG Open 2004!Looking forward to meet many of you at Tokyo.* * * * *SVG OPEN 2004 CALL FOR PARTICIPATIONAnnouncing SVG Open 2004, the 3rd Annual Conference on Scalable VectorGraphics! The conference will be held September 7-10, 2004 at KeioUniversity, Japan, on the Mita Campus in Tokyo. For full details on theconference, tune your Browser to the conference Web site:http://www.svgopen.org/At this third international SVG Open conference, this is your chance todiscuss development experience, products, workflows and strategiesinvolving SVG. The conference language is English; translation facilitieswill be available to encourage English-Japanese communication.We invite all those interested inpresenting a paper,teaching a course,exhibiting at a booth, orsponsoring the conferenceto submit your proposals now.PRESENTING A PAPERPresenters are asked to submit an extended abstract, in English, (approx.400 to 800 words) by April 16, 2004 in XHTML 1.1 format. The abstracts arereviewed by a reviewing commitee and presenters informed about acceptanceon or before May 14, 2004.If your abstract is accepted, then you will be asked to submit your fullpaper and your presentation slides by July 16, 2004 according toinstructions that will be sent to you. Accepted abstracts, papers andpresentations will be published on the conference CD and Web proceedings.AIM OF THE CONFERENCEScalable Vector Graphics (SVG) is an exciting World Wide Web Consortium(W3C) open standard enabling high-quality, dynamic, interactive, stylablegraphics to be delivered over the Web using accessible, human-readable XML.SVG can be delivered to mobile phones, PDAs, and desktop computers.At the SVG Open 2004 Conference you will have the opportunity to learnabout the SVG standard, how to use it to create effective and compellingWeb content, techniques for developing SVG software solutions, and thelatest developments from the W3C. You will meet the authors of the SVGspecifications and the creators of SVG applications in person, and youwill have the opportunity to provide your own input for futuredevelopment. At the SVG Open 2004 Exhibition, you will get a chance tosee the newest SVG applications and tools at work, and you will hear earlyannouncements of upcoming SVG product releases. SVG Open 2004 courses willenlighten you on SVG, XML and related standards, graphic design and Webapplication design. Courses will be available at both introductory andadvanced levels, in order to serve the needs of all conference attendees.TARGET AUDIENCEThe conference will be of interest to people who are:- Software developers- Web and UI designers- Web application developers- Graphic artists- Creators of database-driven content and applications- Creators of mobile computing solutions- Specialists in Geographic Information Systems, Computer-AidedDesign, modelling, publishing, multimedia and other fields involvingprofessional graphics- Creators and users of data visualization solutions, includingbusiness charting, scientific graphing, schematics, maps, etc.ORGANIZERSThe conference is an SVG community project hosted by Keio University(http://www.keio.ac.jp/) and Canon, Inc. (http://www.canon.com/).The conference is sponsored by the World Wide Web Consortium(http://www.w3.org).FURTHER INFORMATIONFor conference program and exhibition and sponsorship inquiries, pleasee-mail the organizers (SVGOpen2004@yahoogroups.com).--Jun Fujisawa<mailto:fujisawa.jun@canon.co.jp>",
            "docno": "lists-021-6944020",
            "received": "Wed Feb 18 01:29:40 2004",
            "isoreceived": "20040218062940",
            "sent": "Wed, 18 Feb 2004 15:24:09 +0900",
            "isosent": "20040218062409",
            "name": "Jun Fujisawa",
            "email": "fujisawa.jun@canon.co.jp",
            "subject": "SVG Open 2004 in Japan - Call for Participation",
            "id": "p06001f0abc58b2338cf9@[172.23.45.51]",
            "charset": "us-ascii",
            "expires": "-1",
            "to": " W3C SVG Printing<public-svg-print@w3.org>\n"
        },
        {
            "body": "Hello,Working with xml2rfc,http://xml.resource.org/I came across a problem. (At least) one of the bibliographic files isnot well formed and thus cannot be processed by an XML system. I wouldlike to help correct this.The file in question ishttp://xml.resource.org/public/rfc/bibxml4/reference.W3C.REC-SVG11-20030114.xmlI suspect that whatever processed the original W3C Rechttp://www.w3.org/TR/2003/REC-SVG11-20030114to produce this file made the invalid assumption that the Rec wasencoded in 8859-1 and that the 'initial' of an editors name could beobtained by taking the first byte of the name.In this case, howevera) the file is in UTF-8b) the editors name is in Japanesec) Japanese names are in the order FAMILY givend) the program took the first byte of the first characterof the family name (Fujisawa in Japanese)e) In UTF-8, such a byte must be followed by anotherf) the closing quote and the space separating this attribute from thenext get gobbled up and the XML is not well formed.Having dealt with why the file is incorrect, the next problem is whatthe correct contents should be. Three possibilities present themselvesa) Since an 'initial' is the first letter of the given or personalfor 'Jun'), use it. (This is email, I can't paste it here ;-)b) Pretend that XML is limited to ASCII and use \"J\" as the initial and\"Fujisawa\" in English as the surname.c) Ask the editor (copied), or some W3C Internationalization expertscompetent in Japanese (copied) if there is any equivalent for'initial' in Japanese.I appreciate that all three of these options require humanintervention rather than machine processing (yes, even option b,because the script still has to skip over the Japanese text to get tothe English text).To offset this, I am happy to submit a revised and manuallyconstructed replacement entry once I know what to put in it. I suspectthat some other SVG specifications (WDs, CR, PR) and some HTMLspecifications edited by Masayasu Ishikawa (copied) will also beaffected.--Chris Lilley                    mailto:chris@w3.orgChair, W3C SVG Working GroupMember, W3C Technical Architecture Group",
            "docno": "lists-099-11093248",
            "received": "Mon Feb 23 18:57:53 2004",
            "isoreceived": "20040223235753",
            "sent": "Tue, 24 Feb 2004 00:57:52 +0100",
            "isosent": "20040223235752",
            "name": ", and since the name in this case consists of one letter (Japanese",
            "email": "chris@w3.org",
            "subject": "Issue with mangled Japanese names in XML binbliographic entries",
            "id": "1836390012.20040224005752@w3.org",
            "charset": "us-ascii",
            "expires": "-1",
            "to": "mrose@dbc.mtview.ca.us\n",
            "cc": "www-archive@w3.org,fujisawa.jun@canon.co.jp,duerst@w3.org,ishida@w3.org,<mimasa@w3.org>\n"
        }
    ]
}