{
    "id": "candidate-0841",
    "name": "Dwight Merriman",
    "gender": "MALE",
    "email": "dmerriman@doubleclick.net",
    "mails": [
        {
            "body": "On Fri, 14 Mar 1997, Jaye, Dan wrote:> I would like to suggest that we provide a mechanism, similar to a> Certificate Authority, that would allow for a \"unverifiable transaction\"> to be verified against a list of valid site certificates.  These> certificates could be assigned levels, perhaps using the E-TRUST> trustmarks, and users could select their privacy level according to> those trustmarks.  The default behavior could be for the cookies to be> rejected from all non-verifiable transactions except for ETrust Level 3> (i.e., anonymous) site certificates.I agree that this is a fine suggestion.  How about changing section 4.3.5,paragraph 1, sentence 4, from:> A transaction is verifiable if the user has the option to review the> request-URI prior to its use in the transaction.> A transaction is verifiable if the user _or a user-designated agent_> has the option to review the request-URI prior to its use in the> transaction.(emphasis for review purposes).Would that give the specification sufficient flexibility for yourrecommendation to be implemented?M. Hedlund <hedlund@best.com>",
            "docno": "lists-010-15250738",
            "received": "Tue Mar 18 11:13:41 1997",
            "isoreceived": "19970318161341",
            "sent": "Tue, 18 Mar 1997 10:07:52 0800 (PST)",
            "isosent": "19970318180752",
            "name": "M. Hedlund",
            "email": "hedlund@best.com",
            "subject": "RE: Unverifiable Transactions / Cookie draft",
            "id": "Pine.SGI.3.95.970318100207.5836G100000@shellx.best.com",
            "charset": "USASCII",
            "inreplyto": "c=US%a=_%p=CMG%l=ANDEXC01-970314233918Z22988&#64;wilexc01.cmgi.com",
            "expires": "1",
            "to": "\n",
            "cc": " 'Yaron Goland'<yarong@microsoft.com>,\"'dmerriman@doubleclick.net'\"<dmerriman@doubleclick.net>,\"'http-wg@cuckoo.hpl.hp.com'\"<http-wg@cuckoo.hpl.hp.com>\n"
        },
        {
            "body": "On Sun, 16 Mar 1997, Larry Masinter wrote (re: rationale for privacyrequirements):> Given how often this issue seems to be raised, do you think it would> help to have a more explicit rationale for this design beyond the mail> messages and and the blow-by-blow commentary of the minutes?I've thought about this a fair amount since receiving this message, but Iam satisfied with the language of section 7.1 (Privacy: User AgentControl).  It doesn't seem to me that the dispute arises from confusionover the intent of the draft; instead, we seem to be arguing over theappropriateness of that intent.M. Hedlund <hedlund@best.com>",
            "docno": "lists-010-15190945",
            "received": "Tue Mar 18 10:16:34 1997",
            "isoreceived": "19970318151634",
            "sent": "Tue, 18 Mar 1997 09:58:03 0800 (PST)",
            "isosent": "19970318175803",
            "name": "M. Hedlund",
            "email": "hedlund@best.com",
            "subject": "Re: Unverifiable Transactions / Cookie draft",
            "id": "Pine.SGI.3.95.970318095353.5836F100000@shellx.best.com",
            "charset": "USASCII",
            "inreplyto": "332BAA2F.779D&#64;parc.xerox.com",
            "expires": "1",
            "to": " Larry Masinter<masinter@parc.xerox.com>\n",
            "cc": " Dwight Merriman<dmerriman@doubleclick.net>,http-wg@cuckoo.hpl.hp.com\n"
        },
        {
            "body": "I'd like to bring up one another (small) point.Virtually all banner advertising on the web relies on redirects forclick-throughs so that click rates can be measured.  This means that theredirection to the advertiser's web site will always be an unverifiabletransaction.So, when a user visits an advertiser's site directly, cookie assignment onthe home/jump page is possible, whereas when the user visits the page viaan advertisement, it will not be possible.Designers of web sites (at least the large percentage who will advertise onthe web) will have to take into account that cookie assignments on theirhome page may fail a large percentage of the time.  If they wish to measurenumber of unique visitors to their site, they will get a highly inaccuratereading since often multiple cookies will be assignied to a single userbefore one \"sticks\".This is not a major flaw, but it is inelegant, and I just want to make sureeveryone has considered this.Dwight",
            "docno": "lists-010-14968882",
            "received": "Mon Mar 17 09:19:17 1997",
            "isoreceived": "19970317141917",
            "sent": "Mon, 17 Mar 1997 12:17:01 0500",
            "isosent": "19970317171701",
            "name": "Dwight Merriman",
            "email": "dmerriman@doubleclick.net",
            "subject": "Re: Unverifiable Transactions / Cookie draft",
            "id": "19970317171811172.AAA969@dell",
            "charset": "ISO-88591",
            "inreplyto": "Unverifiable Transactions / Cookie draft",
            "expires": "1",
            "to": " http<http-wg@cuckoo.hpl.hp.com>\n",
            "cc": "dmk@allegra.att.com,montulli@netscape.com,yarong@microsoft.com\n"
        },
        {
            "body": "Agreed.  But I think if one looks at the long run, which is what is mostimportant for a standard, all the proxies will work properly.I just find it kind of weird that the RFC specs nondeterministic behavior-- sometimes cookies work, sometimes they don't, and you can't always knowwhen they will without a lot of complexity.Dwight----------> From: M. Hedlund <hedlund@best.com>> To: Dwight Merriman <dmerriman@doubleclick.net>> Cc: http <http-wg@cuckoo.hpl.hp.com>; dmk@allegra.att.com;montulli@netscape.com; yarong@microsoft.com> Subject: Re: Unverifiable Transactions / Cookie draft> Date: Monday, March 17, 1997 12:34 PM>>> On Mon, 17 Mar 1997, Dwight Merriman wrote:> > Designers of web sites (at least the large percentage who willadvertise on> > the web) will have to take into account that cookie assignments ontheir> > home page may fail a large percentage of the time.  If they wish tomeasure> > number of unique visitors to their site, they will get a highlyinaccurate> > reading since often multiple cookies will be assignied to a single user> > before one \"sticks\".>> This is reportedly already the case to due to faulty proxies.  I believe> Hotwired keeps an extensive database of which proxies fail to properly> pass-through cookie assignments as a result.>> My point is simply that other system faults already require thecomplexity> you mention.>> M. Hedlund <hedlund@best.com>",
            "docno": "lists-010-14987560",
            "received": "Mon Mar 17 10:48:39 1997",
            "isoreceived": "19970317154839",
            "sent": "Mon, 17 Mar 1997 13:46:05 0500",
            "isosent": "19970317184605",
            "name": "Dwight Merriman",
            "email": "dmerriman@doubleclick.net",
            "subject": "Re: Unverifiable Transactions / Cookie draft",
            "id": "19970317184729847.AAA1016@dell",
            "charset": "ISO-88591",
            "inreplyto": "Unverifiable Transactions / Cookie draft",
            "expires": "1",
            "to": "hedlund@best.com\n",
            "cc": " http<http-wg@cuckoo.hpl.hp.com>,dmk@allegra.att.com,montulli@netscape.com,yarong@microsoft.com\n"
        },
        {
            "body": "On Mon, 17 Mar 1997, Dwight Merriman wrote:> Designers of web sites (at least the large percentage who will advertise on> the web) will have to take into account that cookie assignments on their> home page may fail a large percentage of the time.  If they wish to measure> number of unique visitors to their site, they will get a highly inaccurate> reading since often multiple cookies will be assignied to a single user> before one \"sticks\".This is reportedly already the case to due to faulty proxies.  I believeHotwired keeps an extensive database of which proxies fail to properlypass-through cookie assignments as a result.My point is simply that other system faults already require the complexityyou mention.M. Hedlund <hedlund@best.com>",
            "docno": "lists-010-14978008",
            "received": "Mon Mar 17 10:23:07 1997",
            "isoreceived": "19970317152307",
            "sent": "Mon, 17 Mar 1997 09:34:16 0800 (PST)",
            "isosent": "19970317173416",
            "name": "M. Hedlund",
            "email": "hedlund@best.com",
            "subject": "Re: Unverifiable Transactions / Cookie draft",
            "id": "Pine.SGI.3.95.970317092707.12381C100000@shellx.best.com",
            "charset": "USASCII",
            "inreplyto": "19970317171811172.AAA969&#64;dell",
            "expires": "1",
            "to": " Dwight Merriman<dmerriman@doubleclick.net>\n",
            "cc": " http<http-wg@cuckoo.hpl.hp.com>,dmk@allegra.att.com,montulli@netscape.com,yarong@microsoft.com\n"
        },
        {
            "body": "Dwight Merriman:>>I'd like to bring up one another (small) point.>>Virtually all banner advertising on the web relies on redirects for>click-throughs so that click rates can be measured.  This means that the>redirection to the advertiser's web site will always be an unverifiable>transaction.The redirection won't be unverifiable if the script which does the countingand redirection to the page is on the target site already.>So, when a user visits an advertiser's site directly, cookie assignment on>the home/jump page is possible, whereas when the user visits the page via>an advertisement, it will not be possible.Yes, if the script is on the site which served the banner.  But I don't seethis as a big problem.>Designers of web sites (at least the large percentage who will advertise on>the web) will have to take into account that cookie assignments on their>home page may fail a large percentage of the time.  If they wish to measure>number of unique visitors to their site, they will get a highly inaccurate>reading since often multiple cookies will be assignied to a single user>before one \"sticks\".Some careful design can work around this: suppress assignment of cookie ifthe referer field shows that the user comes from the click-through script.Note however that higly inaccurare readings are almost guaranteed anywaybecause many people disable cookies, or have browsers which do not supportthem.>>This is not a major flaw, but it is inelegant, and I just want to make sure>everyone has considered this.>>DwightKoen.",
            "docno": "lists-010-15617923",
            "received": "Wed Mar 19 02:05:22 1997",
            "isoreceived": "19970319070522",
            "sent": "Mon, 17 Mar 1997 23:17:05 +0100 (MET)",
            "isosent": "19970317221705",
            "name": "Koen Holtman",
            "email": "koen@win.tue.nl",
            "subject": "Re: Unverifiable Transactions / Cookie draft",
            "id": "199703172218.XAA21516@wsooti08",
            "charset": "USASCII",
            "inreplyto": "19970317171811172.AAA969&#64;dell",
            "expires": "1",
            "to": " Dwight Merriman<dmerriman@doubleclick.net>\n",
            "cc": "http-wg@cuckoo.hpl.hp.com,dmk@allegra.att.com,montulli@netscape.com,yarong@microsoft.com\n"
        }
    ]
}