{
    "id": "candidate-0855",
    "name": "Eric Newcomer",
    "gender": "MALE",
    "email": "Eric.Newcomer@iona.com",
    "mails": [
        {
            "body": "Long running transactions<?xml:namespace prefix = o ns = \"urn:schemas-microsoft-com:office:office\" />The fundamental characteristic of a transaction is the ability to join multiple actions into the same unit of work, such that the actions either succeed or fail as a unit. Web services transactions are generally defined as the ability to join two or more Web services into a transactional unit of work.  The transactional unit of work is responsible for ensuring that any state changes performed by participating Web services are either made permanent or undone.A long running transaction is defined as a special case of a transaction, in which one or more of the joined Web services depend upon the completion of an external event.  A \"normal\" transaction can run to completion without external dependencies; a long running transaction may depend upon the completion of an asynchronous event, human intervention, or other time-based activity that must first run to completion on a schedule unrelated to the Web service execution, but on which the Web service completion depends.Long running transactions are implemented using a shared context that tracks the state of the execution.  The context remains active until all web services within the transactional unit run to completion.  Completion can be successful or unsuccessful, and the result of the overall transactional unit is determined by the success or failure of the individual web services.Web services typically join a transaction by including information in the header that registers them into the shared unit of work.  If only two Web services are included, they can manage the shard context themselves.  If more than two Web services register, an independent coordinator may be needed to track the context and maintain a list of registered Web services.The result of the transactional unit (i.e. the disposition of the state changes) depends upon the results of the participating Web services. If all participating Web services complete successfully, the transactional unit completes successfully and the state changes are made permanent. If one or more of the participating Web services fails, the transactional unit also typically fails (although there are exceptions) and the state changes undone.Two major cases need to be addressed:1.Where communication sessions or conversations are available2.Where communication sessions or conversations are not availableIn the first case, context can be shared using the session or conversation, and multiple Web services can be joined using the shared session of conversation.In the second case, context must be maintained in a central place, and information about the completion of the participants must be coordinated. The coordinator responsible for maintaining the context is at the same place where the web service is offered, and to which requests are sent for executing the initial Web service.Without sessions, automatic recovery cannot be implemented, and compensation mechanisms must be used to resolve failures.A coordinator can be used to track participating web services that register to join a transaction, and coordinators themselves can become participants that represent other web services.A context needs a unique identifier to identify it on the network, and could be a Web resource for example.",
            "docno": "lists-098-11707276",
            "received": "Thu Nov 14 11:28:51 2002",
            "isoreceived": "20021114162851",
            "sent": "Thu, 14 Nov 2002 11:28:10 -0500",
            "isosent": "20021114162810",
            "name": "Newcomer, Eric",
            "email": "Eric.Newcomer@iona.com",
            "subject": "long running transactions text",
            "id": "DCF6EF589A22A14F93DFB949FD8C4AB2BA1525@amereast-ems1.IONAGLOBAL.COM",
            "charset": "iso-8859-1",
            "expires": "-1",
            "to": "<www-archive@w3.org>\n"
        },
        {
            "body": "Long running transactionsThe fundamental characteristic of a transaction is the ability to join multiple actions into the same unit of work, such that the actions either succeed or fail as a unit. A transaction is an infrastructure element that can support the coordination of results or operations on state in a multi-step interaction.A Web services transaction is generally defined as the ability to join two or more Web services into a transactional unit of work.  The transactional unit of work is responsible for ensuring that any state changes performed by participating Web services are either made permanent or undone.A long running transaction is defined as a special case of a transaction, in which one or more of the joined Web services either depend upon the completion of an external event, or upon the completion of a lengthy interaction.  A \"normal\" transaction can run to completion without external dependencies; a long running transaction may depend upon the completion of an asynchronous event, human intervention, or other time-based activity that must first run to completion on a schedule unrelated to the Web service execution.  A motivating factor for this type of transaction might be the multiple calls, long lead times, and cumbersome manual processes typically involved in interacting with numerous parties across the Web.Long running transactions are implemented using a shared context that tracks the state of the execution.  The context remains active until all web services within the transactional unit run to completion.  Completion can be successful or unsuccessful, and the result of the overall transactional unit is determined by the success or failure of the individual web services.The overall result of the transactional unit (i.e. the ultimate disposition of the related state changes) depends upon the results of the participating Web services, interpreted according to a set of predetermined rules.  For example, if all participating Web services complete successfully, the transactional unit completes successfully and the state changes are made permanent. If one or more of the participating Web services fails, the transactional unit may also fail and the state changes are undone. Other rules may allow the state changes to be made permanent of undone for a subset of participants.The state changes can be undone using logging associated with persistent stores or by using compensation actions.  Logging mechanisms typically either implement undo or redo algorithms for replacing unmodified data, restoring the state to what it was before the execution of the transaction.  Compensation actions typically execute programs that back out the changes by restoring the original values.Web services can join a transaction by including information that registers them into the same, shared unit of work.  If only two Web services are included, they can manage the shared context themselves.  If more than two Web services register, an independent coordinator may be needed to track the context and maintain a list of registered Web services (and propagate context).Two major cases of context management need to be addressed:1.Where communication sessions (or conversations) are available to maintain shared state2.Where communication sessions (or conversations) are not available to maintain shared stateIn the first case, context can be shared using the session or conversation, and multiple Web services can be joined using the shared session of conversation.  Automatic recovery may be possible for some actions because it can be triggered on a failure condition for the session (or conversation).In the second case, context must be maintained in a central place, and information about the completion of the participants must be coordinated. The coordinator responsible for maintaining the context is at the same place where the web service is offered, and to which requests are sent for executing the initial Web service.A context needs a unique identifier to identify it on the network, and could be a Web resource for example.A coordinator can be used to track participating web services that register to join a transaction, and coordinators themselves can become participants that represent other web services.Candidate technologies in this area include BTP, WS-Transactions, WS-Coord, and the OMG Activity Spec.Issues:Improve definition of long-running transactionLink the concepts to specific architecture elements, such as SOAP and WSDLIncorporate the section better into the overall context of transactionality",
            "docno": "lists-098-11789286",
            "received": "Thu Nov 14 15:55:32 2002",
            "isoreceived": "20021114205532",
            "sent": "Thu, 14 Nov 2002 15:55:01 -0500",
            "isosent": "20021114205501",
            "name": "Newcomer, Eric",
            "email": "Eric.Newcomer@iona.com",
            "subject": "long run txns (reformat again)",
            "id": "DCF6EF589A22A14F93DFB949FD8C4AB2BA153B@amereast-ems1.IONAGLOBAL.COM",
            "charset": "iso-8859-1",
            "expires": "-1",
            "to": "<www-archive@w3.org>\n"
        },
        {
            "body": "It's not a bad idea to wait a bit, our first chore will be to convert the doc into XML and fix some of the organizational/formatting \"bugs\" that remain.-----Original Message-----From: Heather Kreger [mailto:kreger@us.ibm.com]Sent: Tuesday, March 11, 2003 10:57 AMSubject: RE: Incorporation of the managament text into the architecturedo cumentI have to disappear to my day job the rest of this week, so I won't be ableto dig in on this till next week sometime.But its a good question, how do we begin to integrate this into theexisting document? Should we wait for anotherpass from the editors so that we understand the context we are insertinginto better?Heather KregerSTSM, Web Services Lead Architect for SWG Emerging TechnologiesAuthor of \"Java and JMX: Building Manageable Systems\"kreger@us.ibm.com919-543-3211 (t/l 441)  cell:919-496-9572Hao He <Hao.He@thomson.com.au>@w3.org on 03/10/2003 11:17:15 PMSent by:    public-wsawg-mtf-request@w3.org<public-wsawg-mtf@w3.org>Subject:    RE: Incorporation of the managament text into the architecturedo   cumentok,I've subscribed. How do we get started?Hao-----Original Message-----From: Hugo Haas [mailto:hugo@w3.org]Sent: Saturday, March 08, 2003 9:38 AMSubject: Incorporation of the managament text into the architecturedocumentToday, during the face-to-face meeting, we agreed to incorporate theMTF output (including the one presented today up to section 3.2) intothe architecture document. Several people volunteered to participatein this effort.As a concrete way to do this, I have proposed that people work on theMTF mailing list, public-wsawg-mtf@w3.org.For information about subscribing, archives, etc, please see myannouncement email:http://lists.w3.org/Archives/Member/w3c-ws-arch/2003Feb/0068.htmlInterested parties should therefore subscribe to this list and startwork there.Regards,Hugo--Hugo Haas - W3Cmailto:hugo@w3.org - http://www.w3.org/People/Hugo/",
            "docno": "lists-027-11942060",
            "received": "Tue Mar 11 18:52:26 2003",
            "isoreceived": "20030311235226",
            "sent": "Tue, 11 Mar 2003 18:52:06 -0500",
            "isosent": "20030311235206",
            "name": "Newcomer, Eric",
            "email": "Eric.Newcomer@iona.com",
            "subject": "RE: Incorporation of the managament text into the architecture do cument",
            "id": "DCF6EF589A22A14F93DFB949FD8C4AB201073EE4@amereast-ems1.IONAGLOBAL.COM",
            "charset": "iso-8859-1",
            "inreplyto": "Incorporation of the managament text into the architecture do cument",
            "expires": "-1",
            "to": " w3c-ws-arch@w3.org\n",
            "cc": "\n"
        },
        {
            "body": "Hi,For the list of issues:-- Check definitions (are the right ones in the list)-- Resolve agent/resource/service/element overlaps and relationships (i.e. if an agent is manageable do we really need an element)-- If we have a discovery service, what other services do we have?  (Security and transactions come to mind.)-- Are resources by definition manageable or do we need separate concepts?Eric-----Original Message-----From: Francis McCabe [mailto:fgm@fla.fujitsu.com]Sent: Tuesday, March 04, 2003 10:05 PMSubject: Presentation on architectureThere are still issues with the presentation.I was not able to incorporate Katia's image because I couldn't separateit.Frank",
            "docno": "lists-027-11508430",
            "received": "Tue Mar  4 23:50:37 2003",
            "isoreceived": "20030305045037",
            "sent": "Tue, 4 Mar 2003 23:49:59 -0500",
            "isosent": "20030305044959",
            "name": "Newcomer, Eric",
            "email": "Eric.Newcomer@iona.com",
            "subject": "RE: Presentation on architecture",
            "id": "DCF6EF589A22A14F93DFB949FD8C4AB201073E0C@amereast-ems1.IONAGLOBAL.COM",
            "charset": "iso-8859-1",
            "inreplyto": "Presentation on architecture",
            "expires": "-1",
            "to": " public-wsa-refact@w3.org\n"
        },
        {
            "body": "Long running transactionsThe fundamental characteristic of a transaction is the ability to join multiple actions into the same unit of work, such that the actions either succeed or fail as a unit. Web services transactions are generally defined as the ability to join two or more Web services into a transactional unit of work.  The transactional unit of work is responsible for ensuring that any state changes performed by participating Web services are either made permanent or undone.A long running transaction is defined as a special case of a transaction, in which one or more of the joined Web services depend upon the completion of an external event.  A \"normal\" transaction can run to completion without external dependencies; a long running transaction may depend upon the completion of an asynchronous event, human intervention, or other time-based activity that must first run to completion on a schedule unrelated to the Web service execution, but on which the Web service completion depends.Long running transactions are implemented using a shared context that tracks the state of the execution.  The context remains active until all web services within the transactional unit run to completion.  Completion can be successful or unsuccessful, and the result of the overall transactional unit is determined by the success or failure of the individual web services.Web services typically join a transaction by including information in the header that registers them into the shared unit of work.  If only two Web services are included, they can manage the shard context themselves.  If more than two Web services register, an independent coordinator may be needed to track the context and maintain a list of registered Web services.The result of the transactional unit (i.e. the disposition of the state changes) depends upon the results of the participating Web services. If all participating Web services complete successfully, the transactional unit completes successfully and the state changes are made permanent. If one or more of the participating Web services fails, the transactional unit also typically fails (although there are exceptions) and the state changes undone.Two major cases need to be addressed:1.Where communication sessions or conversations are available2.Where communication sessions or conversations are not availableIn the first case, context can be shared using the session or conversation, and multiple Web services can be joined using the shared session of conversation.In the second case, context must be maintained in a central place, and information about the completion of the participants must be coordinated. The coordinator responsible for maintaining the context is at the same place where the web service is offered, and to which requests are sent for executing the initial Web service.Without sessions, automatic recovery cannot be implemented, and compensation mechanisms must be used to resolve failures.A coordinator can be used to track participating web services that register to join a transaction, and coordinators themselves can become participants that represent other web services.A context needs a unique identifier to identify it on the network, and could be a Web resource for example.",
            "docno": "lists-098-11717237",
            "received": "Thu Nov 14 11:32:17 2002",
            "isoreceived": "20021114163217",
            "sent": "Thu, 14 Nov 2002 11:31:46 -0500",
            "isosent": "20021114163146",
            "name": "Newcomer, Eric",
            "email": "Eric.Newcomer@iona.com",
            "subject": "reformat - long running transactions",
            "id": "DCF6EF589A22A14F93DFB949FD8C4AB2BA1527@amereast-ems1.IONAGLOBAL.COM",
            "charset": "iso-8859-1",
            "expires": "-1",
            "to": "<www-archive@w3.org>\n"
        },
        {
            "body": "Long running transactionsThe fundamental characteristic of a transaction is the ability to join multiple actions into the same unit of work, such that the actions either succeed or fail as a unit. A transaction is an infrastructure element that can support the coordination of results or operations on state in a multi-step interaction.A Web services transaction is generally defined as the ability to join two or more Web services into a transactional unit of work.  The transactional unit of work is responsible for ensuring that any state changes performed by participating Web services are either made permanent or undone.A long running transaction is defined as a special case of a transaction, in which one or more of the joined Web services either depend upon the completion of an external event, or upon the completion of a lengthy interaction.  A \"normal\" transaction can run to completion without external dependencies; a long running transaction may depend upon the completion of an asynchronous event, human intervention, or other time-based activity that must first run to completion on a schedule unrelated to the Web service execution.  A motivating factor for this type of transaction might be the multiple calls, long lead times, and cumbersome manual processes typically involved in interacting with numerous parties across the Web.Long running transactions are implemented using a shared context that tracks the state of the execution.  The context remains active until all web services within the transactional unit run to completion.  Completion can be successful or unsuccessful, and the result of the overall transactional unit is determined by the success or failure of the individual web services.The overall result of the transactional unit (i.e. the ultimate disposition of the related state changes) depends upon the results of the participating Web services, interpreted according to a set of predetermined rules.  For example, if all participating Web services complete successfully, the transactional unit completes successfully and the state changes are made permanent. If one or more of the participating Web services fails, the transactional unit may also fail and the state changes are undone. Other rules may allow the state changes to be made permanent of undone for a subset of participants.The state changes can be undone using logging associated with persistent stores or by using compensation actions.  Logging mechanisms typically either implement undo or redo algorithms for replacing unmodified data, restoring the state to what it was before the execution of the transaction.  Compensation actions typically execute programs that back out the changes by restoring the original values.Web services can join a transaction by including information that registers them into the same, shared unit of work.  If only two Web services are included, they can manage the shared context themselves.  If more than two Web services register, an independent coordinator may be needed to track the context and maintain a list of registered Web services (and propagate context).Two major cases of context management need to be addressed:1.Where communication sessions (or conversations) are available to maintain shared state2.Where communication sessions (or conversations) are not available to maintain shared stateIn the first case, context can be shared using the session or conversation, and multiple Web services can be joined using the shared session of conversation.  Automatic recovery may be possible for some actions because it can be triggered on a failure condition for the session (or conversation).In the second case, context must be maintained in a central place, and information about the completion of the participants must be coordinated. The coordinator responsible for maintaining the context is at the same place where the web service is offered, and to which requests are sent for executing the initial Web service.A context needs a unique identifier to identify it on the network, and could be a Web resource for example.A coordinator can be used to track participating web services that register to join a transaction, and coordinators themselves can become participants that represent other web services.Candidate technologies in this area include BTP, WS-Transactions, WS-Coord, and the OMG Activity Spec.Issues:Improve definition of long-running transactionLink the concepts to specific architecture elements, such as SOAP and WSDLIncorporate the section better into the overall context of transactionality",
            "docno": "lists-098-11778305",
            "received": "Thu Nov 14 15:51:37 2002",
            "isoreceived": "20021114205137",
            "sent": "Thu, 14 Nov 2002 15:51:01 -0500",
            "isosent": "20021114205101",
            "name": "Newcomer, Eric",
            "email": "Eric.Newcomer@iona.com",
            "subject": "long run text updated",
            "id": "DCF6EF589A22A14F93DFB949FD8C4AB2BA153A@amereast-ems1.IONAGLOBAL.COM",
            "charset": "iso-8859-1",
            "expires": "-1",
            "to": "<www-archive@w3.org>\n"
        },
        {
            "body": "Right, I'll incorporate these. And I'll pick another concept thanfeature.FrankOn Tuesday, March 4, 2003, at 11:49  PM, Newcomer, Eric wrote:>> Hi,>> For the list of issues:>> -- Check definitions (are the right ones in the list)> -- Resolve agent/resource/service/element overlaps and relationships> (i.e. if an agent is manageable do we really need an element)> -- If we have a discovery service, what other services do we have?> (Security and transactions come to mind.)> -- Are resources by definition manageable or do we need separate> concepts?>> Eric>> -----Original Message-----> From: Francis McCabe [mailto:fgm@fla.fujitsu.com]> Sent: Tuesday, March 04, 2003 10:05 PM> To: public-wsa-refact@w3.org> Subject: Presentation on architecture>>>>> There are still issues with the presentation.>> I was not able to incorporate Katia's image because I couldn't separate> it.>> Frank>",
            "docno": "lists-027-11517432",
            "received": "Wed Mar  5 08:20:59 2003",
            "isoreceived": "20030305132059",
            "sent": "Wed, 5 Mar 2003 08:20:42 -0500",
            "isosent": "20030305132042",
            "name": "Francis McCabe",
            "email": "fgm@fla.fujitsu.com",
            "subject": "Re: Presentation on architecture",
            "id": "43CD4A4D-4F0D-11D7-90EB-000393A3327C@fla.fujitsu.com",
            "charset": "US-ASCII",
            "inreplyto": "DCF6EF589A22A14F93DFB949FD8C4AB201073E0C&#64;amereast-ems1.IONAGLOBAL.COM",
            "expires": "-1",
            "cc": "<public-wsa-refact@w3.org>\n",
            "to": "\"Newcomer, Eric\"<Eric.Newcomer@iona.com>\n"
        },
        {
            "body": "Frank,Great start, lots of good stuff...I will give you a list of additional issues to include when I'm done with the current editing pass.Some comments:-- The SOA definition is not consistent with the definition in the document.-- Feature is not really a core concept of the architecture, not in the sense that it is a \"thing\" within the architecture.  It's the definition of a term that can be applied to the architecture (and equally to any architecture), perhaps it would be better to pick another example to  illustrate the idea, something more core such as a service, or a description-- Add something about constraints?  There are a few listed in the document, such as conformance to Web archtiecture, use of XML Info Set, use of Schemas, etc.-- Should we rename \"stakeholder viewpoints\" -> \"properties\"?Eric-----Original Message-----From: Francis McCabe [mailto:fgm@fla.fujitsu.com]Sent: Tuesday, March 04, 2003 10:05 PMSubject: Presentation on architectureThere are still issues with the presentation.I was not able to incorporate Katia's image because I couldn't separateit.Frank",
            "docno": "lists-027-11499198",
            "received": "Tue Mar  4 22:36:15 2003",
            "isoreceived": "20030305033615",
            "sent": "Tue, 4 Mar 2003 22:35:55 -0500",
            "isosent": "20030305033555",
            "name": "Newcomer, Eric",
            "email": "Eric.Newcomer@iona.com",
            "subject": "RE: Presentation on architecture",
            "id": "DCF6EF589A22A14F93DFB949FD8C4AB201073E06@amereast-ems1.IONAGLOBAL.COM",
            "charset": "iso-8859-1",
            "inreplyto": "Presentation on architecture",
            "expires": "-1",
            "to": " public-wsa-refact@w3.org\n"
        }
    ]
}