{
    "id": "candidate-0786",
    "name": "Francesco Iannuzzelli",
    "gender": "MALE",
    "email": "francesco.iannuzzelli@ivisgroup.com",
    "mails": [
        {
            "body": "The IVIS Group Virus Control Centre discovered a possiblevirus in an email sent by you to francesco.iannuzzelli@ivisgroup.comThis message has now been deleted.Please read this whole email carefully. It explains what hashappened to your email, which suspected virus has been caught,and what to do in order to clean your computer.-----------------------------------------------------------------Some details about the infected message------------------------------------------------------------------To help identify the email:The message sender was:wai-uaag-editor@w3.org(if this is not your email address, the message sender possiblybelongs to a mailing list to which you both subscribe.)The subject of the message was: Re: ApplicationThe message date was: Fri, 1 Jan 1999 12:54:05 +0530The message identifier was: T63549e9581a9fd00048c0The message recipient(s) was/were:francesco.iannuzzelli@ivisgroup.comTo help identify the virus:The Virus Scanner reported the following:Scenarios/Incoming/Ex-employees and banned senders - incoming/Block all incoming messages: 'ItemLength.GE.0'.Scenarios/Incoming/Ex-employees and banned senders - incoming/Block all incoming messages: 'ItemLength.GE.0'.Scenarios/Incoming/Ex-employees and banned senders - incoming/Block all incoming messages: 'ItemLength.GE.0'.Scenarios/Incoming/Ex-employees and banned senders - incoming/Block all incoming messages: 'ItemLength.GE.0'.Scenarios/Incoming/Ex-employees and banned senders - incoming/Block all incoming messages: 'ItemLength.GE.0'.Scenarios/Incoming/Ex-employees and banned senders - incoming/Block all incoming messages: 'ItemLength.GE.0'.Scenarios/Block BadTrans or Yaha or Sobig: A filename matching the file mask was detected: 'details.pif'.Scenarios/Incoming/Detect incoming virus - McAfee CML: 'Data recognised as  W32/Sobig.e@MM virus .'.Scenarios/Incoming/Block incoming executable: 'ItemLength.GE.0'.Scenarios/Incoming/Ex-employees and banned senders - incoming/Block all incoming messages: 'ItemLength.GE.0'.Scenarios/Incoming/Ex-employees and banned senders - incoming/Block all incoming messages: 'ItemLength.GE.0'.Scenarios/Incoming/Ex-employees and banned senders - incoming/Block all incoming messages: 'ItemLength.GE.0'.Scenarios/Incoming/Ex-employees and banned senders - incoming/Block all incoming messages: 'ItemLength.GE.0'.Scenarios/Incoming/Ex-employees and banned senders - incoming/Block all incoming messages: 'ItemLength.GE.0'.The message was deleted.------------------------------------------------------------What should you do now?------------------------------------------------------------If you sent the email from a corporate network, you should firstcontact your local Helpdesk or System Administrator for advice.They will be able to help you clean your workstation.If you sent the email from a personal or home account, you willneed to disinfect your computer yourself. To do this you willneed an anti-virus program. We suggest using one of the leadingindustry anti-virus packages such as McAfee or Norton.",
            "docno": "lists-090-12229609",
            "received": "Wed Jul  9 12:52:31 2003",
            "isoreceived": "20030709165231",
            "sent": "Wed, 9 Jul 2003 17:57:27 +0160 (BST)",
            "isosent": "20030709155727",
            "name": "Alert.Notification@ivisgroup.com",
            "email": "Alert.Notification@ivisgroup.com",
            "subject": "WARNING: Potential virus sent by you!",
            "id": "200307091652.h69GqUvx015846@dr-nick.w3.org",
            "charset": "US-ASCII",
            "expires": "-1",
            "to": "wai-uaag-editor@w3.org\n"
        },
        {
            "body": "The IVIS Group Virus Control Centre discovered a possiblevirus in an email sent by you to francesco.iannuzzelli@ivisgroup.comThis message has now been deleted.Please read this whole email carefully. It explains what hashappened to your email, which suspected virus has been caught,and what to do in order to clean your computer.-----------------------------------------------------------------Some details about the infected message------------------------------------------------------------------To help identify the email:The message sender was:pics-interest@w3.org(if this is not your email address, the message sender possiblybelongs to a mailing list to which you both subscribe.)The subject of the message was: I love you!The message date was: Wed, 7 Apr 2004 09:20:52 +0200The message identifier was: T68d07cc51da9fd0004378The message recipient(s) was/were:francesco.iannuzzelli@ivisgroup.comTo help identify the virus:The Virus Scanner reported the following:Scenarios/Incoming/Detect incoming virus - SAV: A virus has been detected: 'W32/Netsky-P'.Scenarios/Incoming/Block incoming executable: 'ItemLength.GE.0'.The message was deleted.------------------------------------------------------------What should you do now?------------------------------------------------------------If you sent the email from a corporate network, you should firstcontact your local Helpdesk or System Administrator for advice.They will be able to help you clean your workstation.If you sent the email from a personal or home account, you willneed to disinfect your computer yourself. To do this you willneed an anti-virus program. We suggest using one of the leadingindustry anti-virus packages such as McAfee or Norton.",
            "docno": "lists-014-6989753",
            "received": "Wed Apr  7 03:21:18 2004",
            "isoreceived": "20040407072118",
            "sent": "Wed, 7 Apr 2004 08:27:26 +0160 (BST)",
            "isosent": "20040407062726",
            "name": "Alert.Notification@ivisgroup.com",
            "email": "Alert.Notification@ivisgroup.com",
            "subject": "WARNING: Potential virus sent by you!",
            "id": "20040407072118.72E51A0BC4@frink.w3.org",
            "charset": "USASCII",
            "expires": "1",
            "to": "pics-interest@w3.org\n"
        },
        {
            "body": "The IVIS Group Virus Control Centre discovered a possiblevirus in an email sent by you to francesco.iannuzzelli@ivisgroup.comThis message has now been deleted.Please read this whole email carefully. It explains what hashappened to your email, which suspected virus has been caught,and what to do in order to clean your computer.-----------------------------------------------------------------Some details about the infected message------------------------------------------------------------------To help identify the email:The message sender was:public-ws-chor@w3.org(if this is not your email address, the message sender possiblybelongs to a mailing list to which you both subscribe.)The subject of the message was: Re: Thank you!The message date was: Tue, 9 Sep 2003 18:38:13 +0530The message identifier was: T6493177f02a9fd0004470The message recipient(s) was/were:francesco.iannuzzelli@ivisgroup.comTo help identify the virus:The Virus Scanner reported the following:Scenarios/Incoming/Ex-employees and banned senders - incoming/Block all incoming messages: 'ItemLength.GE.0'.Scenarios/Incoming/Ex-employees and banned senders - incoming/Block all incoming messages: 'ItemLength.GE.0'.Scenarios/Incoming/Ex-employees and banned senders - incoming/Block all incoming messages: 'ItemLength.GE.0'.Scenarios/Incoming/Ex-employees and banned senders - incoming/Block all incoming messages: 'ItemLength.GE.0'.Scenarios/Incoming/Ex-employees and banned senders - incoming/Block all incoming messages: 'ItemLength.GE.0'.Scenarios/Block BadTrans or Yaha or Sobig: A filename matching the file mask was detected: 'your_document.pif'.Scenarios/Incoming/Detect incoming virus - SAV: A virus has been detected: 'W32/Sobig-F'.Scenarios/Incoming/Detect incoming virus - McAfee CML: 'Data recognised as  W32/Sobig.f@MM virus .'.Scenarios/Incoming/Block incoming executable: 'ItemLength.GE.0'.Scenarios/Incoming/Ex-employees and banned senders - incoming/Block all incoming messages: 'ItemLength.GE.0'.Scenarios/Incoming/Ex-employees and banned senders - incoming/Block all incoming messages: 'ItemLength.GE.0'.Scenarios/Incoming/Ex-employees and banned senders - incoming/Block all incoming messages: 'ItemLength.GE.0'.Scenarios/Incoming/Ex-employees and banned senders - incoming/Block all incoming messages: 'ItemLength.GE.0'.Scenarios/Detect Worm: The operation completed successfully.Scenarios/Incoming/Ex-employees and banned senders - incoming/Block all incoming messages: 'ItemLength.GE.0'.The message was deleted.------------------------------------------------------------What should you do now?------------------------------------------------------------If you sent the email from a corporate network, you should firstcontact your local Helpdesk or System Administrator for advice.They will be able to help you clean your workstation.If you sent the email from a personal or home account, you willneed to disinfect your computer yourself. To do this you willneed an anti-virus program. We suggest using one of the leadingindustry anti-virus packages such as McAfee or Norton.",
            "docno": "lists-026-9167536",
            "received": "Tue Sep  9 09:08:58 2003",
            "isoreceived": "20030909130858",
            "sent": "Tue, 9 Sep 2003 14:08:49 +0160 (BST)",
            "isosent": "20030909120849",
            "name": "Alert.Notification@ivisgroup.com",
            "email": "Alert.Notification@ivisgroup.com",
            "subject": "WARNING: Potential virus sent by you!",
            "id": "20030909130846.90C2713E85@dr-nick.w3.org",
            "charset": "US-ASCII",
            "expires": "-1",
            "to": "public-ws-chor@w3.org\n"
        }
    ]
}