{
    "id": "candidate-0911",
    "name": "Oreste Signore",
    "gender": "MALE",
    "email": "Oreste.Signore@isti.cnr.it",
    "mails": [
        {
            "body": "Please note thet the correct URL for SMIL translation is:http://www.w3c.it/traduzioni/REC-smil-it.html(Ivan, the link on translation page is OK)Oreste SignoreW3C Office Manager in ItalyUfficio Italiano W3C presso il C.N.R.Istituto di Scienza e Tecnologie dell' Informazione \"A. Faedo\" Areadella Ricerca di Pisa - San Cataldo via G. Moruzzi, 156124 Pisa(Italy)Phone: +39 050 315 2995 (office)+39 348 3962627 (mobile)Fax: +39 050 313 8091 (G3)+39 050 313 8092 (G4)e.mail: oreste@w3.orge.mail: Oreste.Signore@isti.cnr.itwww:\"http://www.w3c.it/\"\"http://www.isti.cnr.it/\"\"http://www.weblab.isti.cnr.it/people/oreste/\"attached mail follows:Hello.from the page:http://www.w3.org/AudioVideo/SMIL/translationsthe link to \"italian\"(http://www.w3c.cnr.it/office/traduzioni/REC-smil-it.html)retur the error: \"Siamo spiacenti ma la pagina richiesta non ? presentesuquesto sito\"traslation:\"sorry, the request page not found\" (error 404).I hope this mail is useful,...sorry for my orrible english :(Regards,Kalimero Palmera",
            "docno": "lists-030-7014333",
            "received": "Fri Mar 12 13:33:48 2004",
            "isoreceived": "20040312183348",
            "sent": "Fri, 12 Mar 2004 19:33:12 +0100",
            "isosent": "20040312183312",
            "name": "Oreste Signore",
            "email": "oreste.signore@isti.cnr.it",
            "subject": "FW: SMIL 1.0 ITALIAN  translations-broken link",
            "id": "00b501c40860$80a9a2a0$e8523092@isti.cnr.it",
            "charset": "iso-8859-1",
            "inreplyto": "SMIL 1.0 ITALIAN  translations-broken link",
            "expires": "-1",
            "to": "smil-editors@w3.org\n",
            "cc": " 'Ivan Herman'<ivan@w3.org>, Gioacchino La Vecchia<gio@w3.org>\n"
        }
    ]
}