{
    "id": "candidate-0779",
    "name": "Jonathan Hassell",
    "gender": "MALE",
    "email": "jonathan.hassell@bbc.co.uk",
    "mails": [
        {
            "body": "Regarding accessibility, BBC is currently engaged in improving onlinestandards, where W3C WAI is a valuable resource. Jonathan Hassell is BBCEditor, Guidelines & Standards (New Media) coordinating pan-organizationworking groups.Deborah-----Original Message-----From: Jungshik Shin [mailto:jshin@i18nl10n.com]Sent: 24 October 2003 10:20Subject: RE: MINUTES: GEO telecon 20031009On Fri, 10 Oct 2003, Deborah Cawkwell wrote:I'm very sorry for my late reply and thansk a lot for your prompt reply.> One of the purposes of our participation in the W3C I18N working group> and standards groups within the organisation is to continually improve> WS sites. We are keen to learn from the rest of the group as well asto> input into the group with problems that we face.That's great. I only wish others in news media did the same :-)(OT : It'd be even nicer of you (or others at BBC) to participate inW3C accessibility working group (http://www.w3.org/WAI) as well. if youdon't at the moment.)> Jungshik is right in that currently we are only using utf-8 wherethere> is no alternative.  This is something we are regularly looking at and> will change over time where it becomes appropriate for our target> audience.I'd argue that the change would be transparent to most audiences rightnow, but I'd not insist that you have to change it right away partlybecause I believe it's not just audience-side but also 'supplier side'(that is, BBC and its reporters and other staffs) that has to be takeninto account.> Regarding the 'lang' tag, we will shortly be implementing this across> our site, in this case to comply with our internal language...> Regarding your writing with the 'lang' tag suggestion and notreceiving> a reply, I can only apologise. We usually try to respond to allNo problem. I'm glad you're gonna implement it across the site soon.JungshikBBCi at http://www.bbc.co.uk/This e-mail (and any attachments) is confidential and may containpersonal views which are not the views of the BBC unless specificallystated.If you have received it in error, please delete it from your system.Do not use, copy or disclose the information in any way nor act inreliance on it and notify the sender immediately. Please note that theBBC monitors e-mails sent or received.Further communication will signify your consent to this.",
            "docno": "lists-016-4737279",
            "received": "Fri Oct 24 06:36:46 2003",
            "isoreceived": "20031024103646",
            "sent": "Fri, 24 Oct 2003 11:27:45 +0100",
            "isosent": "20031024102745",
            "name": "Deborah Cawkwell",
            "email": "deborah.cawkwell@bbc.co.uk",
            "subject": "RE: MINUTES: GEO telecon 20031009",
            "id": "418B7E44473AC34488C9E730D09FF3CF0127E7C2@bbcxue204.bu.bbc.co.uk",
            "charset": "usascii",
            "inreplyto": "MINUTES: GEO telecon 20031009",
            "expires": "1",
            "to": " Deborah Cawkwell\n",
            "cc": " public-i18n-geo@w3.org\n"
        }
    ]
}