{
    "id": "candidate-0927",
    "name": "Andy Teasdale",
    "gender": "MALE",
    "email": "ATeasdale@origoservices.com",
    "mails": [
        {
            "body": "Graham,In RFC3280 you have a description of this item that should do the trick.It is just an integer and can be treated as such.4.1.2.2  Serial numberThe serial number MUST be a positive integer assigned by the CA toeach certificate.  It MUST be unique for each certificate issued by agiven CA (i.e., the issuer name and serial number identify a uniquecertificate).  CAs MUST force the serialNumber to be a non-negativeinteger.brAnders----- Original Message -----From: Graham SimpsonTo: w3c-ietf-xmldsig@w3.orgCc: Andy TeasdaleSent: Thursday, April 29, 2004 11:45Subject: X.509 certificate serial number formatAs far as I can tell, X509 certificates all seem to contain a hexadecimal serial number. However, the schema definition in section 4.4.4 (The X509Data element) of the XML Signature Syntax and Processing document at http://www.w3.org/TR/2002/REC-xmldsig-core-20020212/#sec-X509Data states that the X509SerialNumber element should be of type \"integer\" (presumably this also means it should be in decimal format), and SHOULD be compliant with RFC2253.Unfortunately, RFC2253 doesn't give any indication of format for a serial number, and as far as I can see, only gives instructions on how to convert attribute values from ASN.1 to a string.This is giving me significant problems as I urgently need to find out how to do this conversion, and I feel like I am going round in circles chasing through RFCs!It would be great if someone could give me some advice on how a hex X509 serial number should be converted to an integer for use in XML digital signatures, or point me towards some code or app that might do the job.Regards,GrahamGraham SimpsonUNIPASS Technical Lead, MCSEhttp://www.unipass.co.ukmailto:technical@unipass.co.uk------------------------------------------------------------------------------The information in this e-mail is sent in confidence for the addressee only and may be legally privileged. Unauthorised recipients must preserve this confidentiality and should please advise the sender immediately of the error in transmission. If you are not the intended recipient, any disclosure, copying, distribution or any action taken in reliance on its content is prohibited and may be unlawful. Origo Services Limited accepts no responsibility for any loss or damage resulting directly or indirectly from the use of this e-mail or the contents.------------------------------------------------------------------------------",
            "docno": "lists-046-10643311",
            "received": "Thu Apr 29 06:06:46 2004",
            "isoreceived": "20040429100646",
            "sent": "Thu, 29 Apr 2004 12:04:41 +0200",
            "isosent": "20040429100441",
            "name": "Anders Rundgren",
            "email": "nders.rundgren@telia.com",
            "subject": "Re: X.509 certificate serial number format",
            "id": "001401c42dd1$64ac6150$0500a8c0@arport",
            "charset": "iso-8859-1",
            "inreplyto": "DC65AE678B89004B9CCB202E19482CC7401597&#64;mail.origoservices.local",
            "expires": "-1",
            "to": "\"Graham Simpson\"<GSimpson@Unipass.co.uk>,<w3c-ietf-xmldsig@w3.org>\n",
            "cc": "\"Andy Teasdale\"<ATeasdale@origoservices.com>\n"
        },
        {
            "body": "As far as I can tell, X509 certificates all seem to contain a hexadecimal serial number. However, the schema definition in section 4.4.4 (The X509Data element) of the XML Signature Syntax and Processing document at http://www.w3.org/TR/2002/REC-xmldsig-core-20020212/#sec-X509Data <http://www.w3.org/TR/2002/REC-xmldsig-core-20020212/#sec-X509Data>  states that the X509SerialNumber element should be of type \"integer\" (presumably this also means it should be in decimal format), and SHOULD be compliant withRFC2253.Unfortunately, RFC2253 doesn't give any indication of format for a serial number, and as far as I can see, only gives instructions on how to convert attribute values from ASN.1 to a string.This is giving me significant problems as I urgently need to find out how to do this conversion, and I feel like I am going round in circles chasing through RFCs!It would be great if someone could give me some advice on how a hex X509 serial number should be converted to an integer for use in XML digital signatures, or point me towards some code or app that might do the job.Regards,GrahamGraham SimpsonUNIPASS Technical Lead, MCSEhttp://www.unipass.co.ukmailto:technical@unipass.co.uk <mailto:technical@unipass.co.uk>________________________________The information in this e-mail is sent in confidence for the addressee only and may be legally privileged. Unauthorised recipients must preserve this confidentiality and should please advise the sender immediately of the error in transmission. If you are not the intended recipient, any disclosure, copying, distribution or any action taken in reliance on its content is prohibited and may be unlawful. Origo Services Limited accepts no responsibility for any loss or damage resulting directly or indirectly fromthe use of this e-mail or the contents.________________________________",
            "docno": "lists-046-10633085",
            "received": "Thu Apr 29 05:49:15 2004",
            "isoreceived": "20040429094915",
            "sent": "Thu, 29 Apr 2004 10:45:56 +0100",
            "isosent": "20040429094556",
            "name": "Graham Simpson",
            "email": "GSimpson@Unipass.co.uk",
            "subject": "X.509 certificate serial number format",
            "id": "DC65AE678B89004B9CCB202E19482CC7401597@mail.origoservices.local",
            "charset": "us-ascii",
            "expires": "-1",
            "to": "<w3c-ietf-xmldsig@w3.org>\n",
            "cc": "\"Andy Teasdale\"<ATeasdale@origoservices.com>\n"
        }
    ]
}