{
    "id": "candidate-0811",
    "name": "Kangchan Lee",
    "gender": "MALE",
    "email": "chan@w3.org",
    "mails": [
        {
            "body": "Hi,I finished the translation of'Web Content Accessibility Guidelines 1.0',and its appendices into Korean.It is available athttp://myhome.hanafos.com/~gregshin/wcag_trans/wai-pageauth.htmlAny comments will be welcomed.----------------------------------------------Greg Shin (??????)Researcher, IT Cyber University Consortium / Hanaro Dream Inc, Koreahttp://myhome.hanafos.com/~gregshingregshin at hanafos dot com",
            "docno": "lists-057-15528259",
            "received": "Thu Jul 31 09:49:52 2003",
            "isoreceived": "20030731134952",
            "sent": "Thu, 31 Jul 2003 22:49:41 +0900",
            "isosent": "20030731134941",
            "name": "Greg Shin",
            "email": "gregshin@hanafos.com",
            "subject": "Korean translation of Web Content Accessibility Guidelines 1.0 finished",
            "id": "000001c3576a$97d1ba00$d762b7d3@dreamx.com",
            "charset": "uc-kr",
            "expires": "-1",
            "to": "<w3c-translators@w3.org>\n",
            "cc": "<chan@w3.org>\n"
        },
        {
            "body": "Dear Ivan,Thanks for adding WCAG 1.0 Korean translation.However, I found that current WCAG 1.0 Korean translation links are brokenin W3's page.Please modify that link tohttp://myhome.hanafos.com/~gregshin/wcag_trans/wai-pageauth.htmlIn addition, I'd like to tell you that two more Korean translationdocuments are now available.(1) Checklist of Checkpoints for Web Content Accessibility Guidelines 1.0http://myhome.hanafos.com/~gregshin/wcag_trans/full-checklist.html(2) List of Checkpoints for Web Content Accessibility Guidelines 1.0http://myhome.hanafos.com/~gregshin/wcag_trans/checkpoint-list.htmlSincerely,Greg Shin",
            "docno": "lists-057-15558161",
            "received": "Sat Aug  2 03:22:14 2003",
            "isoreceived": "20030802072214",
            "sent": "Sat, 2 Aug 2003 16:22:03 +0900",
            "isosent": "20030802072203",
            "name": "Greg Shin",
            "email": "gregshin@hanafos.com",
            "subject": "WCAG Korean translation link broken",
            "id": "000201c358c6$c5f3e450$d762b7d3@dreamx.com",
            "charset": "uc-kr",
            "inreplyto": "3F2A21B5.6090303&#64;w3.org",
            "expires": "-1",
            "to": "<w3c-translators@w3.org>\n",
            "cc": "\"'Ivan Herman'\"<ivan@w3.org>,<chan@w3.org>\n"
        },
        {
            "body": "Kangchan,Thank you very much.One smallish remark: I made a mistake in denoting korean as 'kr' in thelanguage tags. I turns out that this was the wrong iso code, it shouldhave been 'ko'!IvanKangchan Lee wrote:> Dear all,>> In W3C Korean Office, We(with Namhyung Kim, who is a volunteer for> Korean translation of W3C TRs), have made Korean Translation of> XPointer Recs and WD like follows;>>  - XPointer Framework, Rec,> http://www.w3c.or.kr/Translation/xptr/xptr-framework.html>  - XPointer element() Scheme, Rec,> http://www.w3c.or.kr/Translation/xptr/xptr-element.html>  - XPointer xmlns() Scheme, Rec,> http://www.w3c.or.kr/Translation/xptr/xptr-xmlns.html>  - XPointer xpointer() Scheme, WD,> http://www.w3c.or.kr/Translation/xptr/xptr-xpointer.html>> And, I also made a RDF file for Ivan and Martin. Refer to> http://www.w3c.or.kr/Translation/rdf-data/xptr-kr.rdf file.>> Best Regards,> Kangchan Lee.--Ivan HermanW3C Head of OfficesC/o W3C Benelux Office at CWI, Kruislaan 4131098SJ Amsterdam, The Netherlandstel: +31-20-5924163; mobile: +31-641044153;URL: http://www.w3.org/People/all?pictures=yes#ivan",
            "docno": "lists-057-14045064",
            "received": "Tue May 13 02:58:17 2003",
            "isoreceived": "20030513065817",
            "sent": "Tue, 13 May 2003 08:59:05 +0200",
            "isosent": "20030513065905",
            "name": "Ivan Herman",
            "email": "van@w3.org",
            "subject": "Re: XPointer Translation in Korean",
            "id": "3EC097B9.4070702@w3.org",
            "charset": "us-ascii",
            "inreplyto": "8470181DABD5D511B3E700D0B7A8AC4A03410FF5&#64;cms3",
            "expires": "-1",
            "to": "chan@w3.org\n",
            "cc": "w3c-translators@w3.org,\"'Martin Duerst'\"<duerst@w3.org>\n"
        },
        {
            "body": "Dear all,In W3C Korean Office, We(with Namhyung Kim, who is a volunteer forKorean translation of W3C TRs), have made Korean Translation ofXPointer Recs and WD like follows;- XPointer Framework, Rec,http://www.w3c.or.kr/Translation/xptr/xptr-framework.html- XPointer element() Scheme, Rec,http://www.w3c.or.kr/Translation/xptr/xptr-element.html- XPointer xmlns() Scheme, Rec,http://www.w3c.or.kr/Translation/xptr/xptr-xmlns.html- XPointer xpointer() Scheme, WD,http://www.w3c.or.kr/Translation/xptr/xptr-xpointer.htmlAnd, I also made a RDF file for Ivan and Martin. Refer tohttp://www.w3c.or.kr/Translation/rdf-data/xptr-kr.rdf file.Best Regards,Kangchan Lee.",
            "docno": "lists-057-14025677",
            "received": "Mon May 12 21:20:41 2003",
            "isoreceived": "20030513012041",
            "sent": "Tue, 13 May 2003 10:18:31 +0900",
            "isosent": "20030513011831",
            "name": "Kangchan Lee",
            "email": "chan@w3.org",
            "subject": "XPointer Translation in Korean",
            "id": "8470181DABD5D511B3E700D0B7A8AC4A03410FF5@cms3",
            "charset": "ks_c_5601-1987",
            "expires": "-1",
            "to": "<w3c-translators@w3.org>\n",
            "cc": "\"'Ivan Herman'\"<ivan@w3.org>,\"'Martin Duerst'\"<duerst@w3.org>\n"
        }
    ]
}