{
    "id": "candidate-0798",
    "name": "Yoshiyuki Kitahara",
    "gender": "MALE",
    "email": "ykitahara@infoteria.co.jp",
    "mails": [
        {
            "body": "RDFCore,On monday night there was a major power outage at MIT, and this hastaken down a number of W3C services, most importantly our mailing listsand mailing list archives.The main W3C Web site should still be accessible, since it is alsoserved from our French and Japanese mirror sites. If you have troublereaching http://www.w3.org/ this is probably DNS-related, switching tohttp://web3.w3.org/ should work. The lists.w3.org Web service is not,however, mirrored, and so remains inaccessible for now. The RDF IRCchannel at irc.openprojects.net 6667 (#rdfig #rdfcore) are unaffected bythe situation at MIT.It is taking some time to get electricity restored; I believe thecurrent expectation is that we'll have power later in the (US) day. Inthe meantime, mail is being queued up on W3C's other servers and will bedelivered to the lists when we're back.As a stopgap, I have extracted all the email addresses from the WGMembers page, adding the non-w3.org addresses for myself, DanC,Eric(*). We can use this as an ad-hoc To:/CC: list (copying thew3c-rdfcore-wg address for archival) while waiting for things to get fixed.Sorry for the inconvenience,Dan(*) Brian, does Art have an HP address? could you pass this on...",
            "docno": "lists-047-0190477",
            "received": "Thu Aug  9 09:07:00 2001",
            "isoreceived": "20010809130700",
            "sent": "Wed, 8 Aug 2001 16:26:00 +0100 (BST)",
            "isosent": "20010808152600",
            "name": "Dan Brickley",
            "email": "Daniel.Brickley@bristol.ac.uk",
            "subject": "W3C-MIT server outage: mailing lists are down",
            "id": "Pine.GSO.4.21.0108081602390.1234-100000@mail.ilrt.bris.ac.uk",
            "charset": "US-ASCII",
            "expires": "-1",
            "to": " Brian McBride<brian_mcbride@hp.com>,em@w3.org,barstow@w3.org,dave.beckett@bristol.ac.uk,frank@hwg.org,connolly@w3.org,rdaniel@interwoven.com,bdehora@interx.com,jos.deroo.jd@belgium.agfa.com,rael@oreilly.com,jan.grant@bristol.ac.uk,martyn.horner@profium.com,ykitahara@infoteria.co.jp,Graham.Klyne@MIMEsweeper.com,mkopchenov@brience.com,kwonhj@nca.or.kr,ora.lassila@nokia.com,fmanola@mitre.org,snakamura@infoteria.co.jp,spetschu@ca.ibm.com,pgr@jaxo.com, Aaron Swartz<aswartz@upclink.com>,mdean@bbn.com,w3@guha.com,phayes@ai.uwf.edu,melnik@db.stanford.edu\n",
            "cc": "emiller@columbus.rr.com,connolly.1990@alumni.utexas.net,w3c-rdfcore-wg@w3.org,danbri-w3c@rdfweb.org\n"
        },
        {
            "body": "[kind of selfreply...]> ??? could it be that [ :p :o] (as one token)> is an existental but that we *could* assert> forall _:s such that _:s :p :o. ???> (we actually do use the former and then> query with some kind of univeral/template> (which can contain the 'normal' existentials))we actually see that{{:s [ rdfs:subpropertyOf :p] :o} log:implies {:s :p :o}}a log:Truth; log:forAll :s, :p, :o.gives the same \"cwm -think\" result as{{:z rdfs:subPropertyOf :p. :s :z :o} log:implies {:s :p :o}}a log:Truth; log:forAll :s, :p, :o, :z.but *not* the same result as{{:z rdfs:subPropertyOf :p. :s :z :o} log:implies {:s :p :o}}a log:Truth; log:forAll :s, :p, :o; log:forSome :z.it could/should be similar for the case of rdfcore 'facts'(the things behind log:implies)--Jos De Roo, AGFA http://www.agfa.com/w3c/jdroo/",
            "docno": "lists-047-0207818",
            "received": "Thu Aug  9 09:07:02 2001",
            "isoreceived": "20010809130702",
            "sent": "Wed, 8 Aug 2001 17:57:28 +0100",
            "isosent": "20010808165728",
            "name": "jos.deroo.jd@belgium.agfa.com",
            "email": "jos.deroo.jd@belgium.agfa.com",
            "subject": "Re: A use case for anon nodes - action from telecon [Was: W3C-MIT server  outage: mailing lists are down]",
            "id": "OF673DD934.4CC4E628-ON41256AA2.005D0183@bayer-ag.com",
            "charset": "us-ascii",
            "inreplyto": "A use case for anon nodes - action from telecon [Was: W3C-MIT server  outage: mailing lists are down]",
            "expires": "-1",
            "to": "Daniel.Brickley@bristol.ac.uk\n",
            "cc": "brian_mcbride@hp.com,em@w3.org,barstow@w3.org,dave.beckett@bristol.ac.uk,frank@hwg.org,connolly@w3.org,rdaniel@interwoven.com,bdehora@interx.com,jos.deroo.jd@belgium.agfa.com,rael@oreilly.com,jan.grant@bristol.ac.uk,martyn.horner@profium.com,ykitahara@infoteria.co.jp,Graham.Klyne@MIMEsweeper.com,mkopchenov@brience.com,kwonhj@nca.or.kr,ora.lassila@nokia.com,fmanola@mitre.org,snakamura@infoteria.co.jp,spetschu@ca.ibm.com,pgr@jaxo.com,aswartz@upclink.com,mdean@bbn.com,w3@guha.com,phayes@ai.uwf.edu,melnik@db.stanford.edu,emiller@columbus.rr.com,connolly.1990@alumni.utexas.net,w3c-rdfcore-wg@w3.org,danbri-w3c@rdfweb.org\n"
        }
    ]
}