{
    "id": "candidate-0848",
    "name": "Charles Myers",
    "gender": "MALE",
    "email": "crm@adobe.com",
    "mails": [
        {
            "body": "I would like to thank all of your for allowing me to have served on theWAI ATAG for a short time. Due to a job responsibility change here inAdobe, I will no longer be driving the Accessibility Initiative andtherefore will not be able to participate in ATAG any longer. Areplacement has yet to be named, but if Adobe wishes to continue toserve on this working group, Chuck Myers will notify you of areplacement on a future date.Thank you again for all your support, and I wish you the best on thecontinued success of WAI.Best Regards,Doug Grude",
            "docno": "lists-060-2742089",
            "received": "Thu Dec  5 13:25:57 2002",
            "isoreceived": "20021205182557",
            "sent": "Thu, 5 Dec 2002 10:25:08 -0800",
            "isosent": "20021205182508",
            "name": "Doug Grude",
            "email": "dgrude@adobe.com",
            "subject": "Regrets",
            "id": "001801c29c8b$a530ef30$bc262099@WSDGRUDE",
            "charset": "us-ascii",
            "expires": "-1",
            "to": "<w3c-wai-au@w3.org>\n",
            "cc": "<crm@adobe.com>,\"'Cynthia Becker'\"<cbecker@adobe.com>,\"'Loretta Guarino Reid'\"<lguarino@adobe.com>,\"Marci\"<mhildt@adobe.com>\n"
        }
    ]
}