{
    "id": "candidate-0983",
    "name": "Christophe Jolif",
    "gender": "MALE",
    "email": "cjolif@ilog.fr",
    "mails": [
        {
            "body": "right.So, in the second \"circle into circle\" we have:<g transform=\"translate(15, 65) scale(2)\"><!-- Draw marker using user space units --><circle cx=\"7.5\" cy=\"7.5\" r=\"2.5\" style=\"fill:black\"/><!-- Draw marker using percentages: 7.5 = 1.667% of 450--><circle cx=\"1.667%\" cy=\"1.667%\" r=\".3333%\" style=\"fill:red\"/></g>Notice the radius of .3333%.Now, to match the first example, the radius of the red circle shouldeventuallygive \"3\".The radius is computed with respect to the length of the diagonal of theviewport,here it's sqrt(450*450) which is about 636.Given that we have a scale of 2, if we want a radius of 3, we should setthe radiusto 1.5 (as in the first example) which is about .2358% of the diagonal,not .3333%.Am I right ?stefChristophe Jolif wrote:> Stephane,>> Stephane Conversy wrote:> >> > Hello.> >> > I still don't get how to deal with absolute and relative values.> > in coords-unitsProc-BE-04.svg, we have:> >> > <g transform=\"translate(15, 45) scale(2)\">> >                         <!-- Draw marker using user space units -->> >                         <circle cx=\"7.5\" cy=\"7.5\" r=\"2.5\"> > style=\"fill:black\"/>> >                         <!-- Draw CSS marker using px units -->> >                         <circle cx=\"7.5px\" cy=\"7.5px\" r=\"1.5px\"> > style=\"fill:red\"/>> >                 </g>> >> > is cx (7.5px) in the red circle affected by the scale(2) transformin> > the> > parent group ?>> Yes it is. Both user space units and css units are modified by> transformations.>--stephane conversyecole des mines de nantes",
            "docno": "lists-030-15901755",
            "received": "Tue Feb  6 09:52:34 2001",
            "isoreceived": "20010206145234",
            "sent": "Tue, 06 Feb 2001 15:52:35 +0100",
            "isosent": "20010206145235",
            "name": "Stephane Conversy",
            "email": "conversy@emn.fr",
            "subject": "Re: coords-unitsProc-BE-04.svg: still don't get it.",
            "id": "3A800FB3.D33F6EB5@emn.fr",
            "charset": "us-ascii",
            "inreplyto": "3A800191.36B98FC5&#64;ilog.fr",
            "expires": "-1",
            "to": " Christophe Jolif<cjolif@ilog.fr>\n",
            "cc": "svg-testsuite-comments@w3.org,www-svg@w3.org\n"
        },
        {
            "body": "Oups...Please continue this thread with both www-svg@w3.org and www-dom-ig@w3.orgThanks.----------  Forwarded Message  ----------Subject: Re: ISSUE: clientX and clientY coordinates in DOM MouseEventsDate: Fri, 11 Jan 2002 18:36:15 +0100From: Thierry Kormann <tkormann@ilog.fr>On Friday 11 January 2002 18:20, Christophe Jolif wrote:> > The DOM specification clearly says that whatever the EventTarget is,> > clientX and clientY must be relative to the user agent drawing area.> > Having the correct behavior for both SVG and DOM is only possible in a> > plugin environment (two separate DOM tree - two different user agent).>> we can easily understand the \"nearest\" 'svg' element in that sentence> and not the \"outermost\" as it is not explicitely stated. The sentence> below in the spec (which is an error by the way as there is no> relatedNode attribute that I know on MouseEvent in DOM Level 2 only a> relatedTarget but which has already a usefull meaning for mouseout/over)> is more explicit: \"relatedNode is the corresponding outermost 'svg'> element.\". So maybe forgotten the \"outermost\" is just a typo...You are right. outermost is probably missing and I forgot to mention thatrelatedNode should be relatedTarget.> > [A]> >> > Ask the DOM WG to errate the DOM Level 2 Events module and change the DOM> > Level 3 Events module saying something like:> >> > clientX - The horizontal coordinate at which the event occured relative> > to coordinate system of the EventTarget.> >> > clientY - The horizontal coordinate at which the event occured relative> > to coordinate system of the EventTarget.>> Maybe \"coordinate system of the EventTarget\" wording is a not very clear> (at least for SVG context) because it sounds to me as if it was the> current (user) coordinate system for the target and not the (outermost?)> viewport coordinate system of the target.I agree.> > [B]> >> > Add an errata to the SVG1.0 spec explaining that clientX and clientY have> > the same behavior than in the DOM specification (and that will break> > existing SVG content using clientX and clientY - that's to say, most of> > the dynamic SVG content using scripting).>> I doubt it will break a lot of content because there's not a lot of> multi-namespace SVG content out there at the time!If SVG provides the same definition that DOM 2, clientX and clientY will berelative to the coordinate system of the ''plugin window'' (not theviewport).> Does it means something for all DOM implementations? Can't we inherit> form DOM MouseEvent and add the fields we need?The goal of the DOM WG is to provide generic APIs. They may be interested(and they are, I am sure :) in such a mecanism.Thierry.-------------------------------------------------------",
            "docno": "lists-104-6876357",
            "received": "Mon Jan 21 12:39:44 2002",
            "isoreceived": "20020121173944",
            "sent": "Fri, 11 Jan 2002 12:39:08 -0500 (EST)",
            "isosent": "20020111173908",
            "name": "Thierry Kormann",
            "email": "tkormann@ilog.fr",
            "subject": "Fwd: Re: ISSUE: clientX and clientY coordinates in DOM MouseEvents",
            "id": "200201111739.g0BHd2919451@quokka.inria.fr",
            "charset": "iso-8859-1",
            "expires": "-1",
            "to": " Christophe Jolif <cjolif@ilog.fr>\n",
            "cc": " w3c-svg-wg@w3.org, w3c-dom-wg@w3.org\n"
        },
        {
            "body": "Hello,A little question about compatibility between DOM leve 1 and 2:Should I rely on the fact that an application (in my case a Java one)using the interfaces of the DOM Level 1 binding should also run on animplementation of the DOM Level 2 without rebuilding it? In other words,is the intend of DOM Level 2 interfaces to be compatible with DOM Level1 ones without any modifications in the deployment process?Thanks,--Christophe",
            "docno": "lists-103-3934222",
            "received": "Mon Jun 26 05:29:37 2000",
            "isoreceived": "20000626092937",
            "sent": "Mon, 26 Jun 2000 11:26:34 +0200",
            "isosent": "20000626092634",
            "name": "Christophe Jolif",
            "email": "cjolif@ilog.fr",
            "subject": "appplication using DOM Level 1 / Level 2",
            "id": "395721CA.C36929A0@ilog.fr",
            "charset": "us-ascii",
            "expires": "-1",
            "to": "www-dom@w3.org\n"
        },
        {
            "body": "On Friday 11 January 2002 18:20, Christophe Jolif wrote:> > The DOM specification clearly says that whatever the EventTarget is,> > clientX and clientY must be relative to the user agent drawing area.> > Having the correct behavior for both SVG and DOM is only possible in a> > plugin environment (two separate DOM tree - two different user agent).> we can easily understand the \"nearest\" 'svg' element in that sentence> and not the \"outermost\" as it is not explicitely stated. The sentence> below in the spec (which is an error by the way as there is no> relatedNode attribute that I know on MouseEvent in DOM Level 2 only a> relatedTarget but which has already a usefull meaning for mouseout/over)> is more explicit: \"relatedNode is the corresponding outermost 'svg'> element.\". So maybe forgotten the \"outermost\" is just a typo...You are right. outermost is probably missing and I forgot to mention thatrelatedNode should be relatedTarget.> > [A]> >> > Ask the DOM WG to errate the DOM Level 2 Events module and change the DOM> > Level 3 Events module saying something like:> >> > clientX - The horizontal coordinate at which the event occured relative> > to coordinate system of the EventTarget.> >> > clientY - The horizontal coordinate at which the event occured relative> > to coordinate system of the EventTarget.>> Maybe \"coordinate system of the EventTarget\" wording is a not very clear> (at least for SVG context) because it sounds to me as if it was the> current (user) coordinate system for the target and not the (outermost?)> viewport coordinate system of the target.I agree.> > [B]> >> > Add an errata to the SVG1.0 spec explaining that clientX and clientY have> > the same behavior than in the DOM specification (and that will break> > existing SVG content using clientX and clientY - that's to say, most of> > the dynamic SVG content using scripting).>> I doubt it will break a lot of content because there's not a lot of> multi-namespace SVG content out there at the time!If SVG provides the same definition that DOM 2, clientX and clientY will berelative to the coordinate system of the ''plugin window'' (not theviewport).> Does it means something for all DOM implementations? Can't we inherit> form DOM MouseEvent and add the fields we need?The goal of the DOM WG is to provide generic APIs. They may be interested(and they are, I am sure :) in such a mecanism.Thierry.",
            "docno": "lists-104-6866160",
            "received": "Mon Jan 21 12:39:37 2002",
            "isoreceived": "20020121173937",
            "sent": "Fri, 11 Jan 2002 12:36:26 -0500 (EST)",
            "isosent": "20020111173626",
            "name": "Thierry Kormann",
            "email": "tkormann@ilog.fr",
            "subject": "Re: ISSUE: clientX and clientY coordinates in DOM MouseEvents",
            "id": "200201111736.g0BHaF919441@quokka.inria.fr",
            "charset": "iso-8859-1",
            "inreplyto": "3C3F1EEB.8D9A4A27&#64;ilog.fr",
            "expires": "-1",
            "to": " Christophe Jolif<cjolif@ilog.fr>\n",
            "cc": "w3c-svg-wg@w3.org,w3c-dom-wg@w3.org\n"
        },
        {
            "body": "Armelle,A Document can have only ONE child of type ELEMENT_NODE (this is the\"document element\").see DOM spec :http://www.w3.org/TR/2000/REC-DOM-Level-2-Core-20001113/core.html#ID-1590626202If you replace doc.appendChild(....) by element.appendChild(...) ininsertFragment this should solve your problem even if I'm not sure itwill give the result you are expecting...CLECH Armelle FTRD/DMI/LAN wrote:>> I am kind of lost here.> my code is the following. I have a> [test] org.apache.xerces.dom.DOMExceptionImpl: DOM006 Hierarchy request> error> [test] org.apache.xerces.dom.DOMExceptionImpl: DOM006 Hierarchy request> error> on the appendChild call in insertFragment method. If I remove this two lines> It works really fine.> Can anyone help please .>> main> {>         DocumentImpl docum = new DocumentImpl();>>         DocumentFragment> docC=requeteCollecte.cpgnCreation(array,dateModif,docum);>         // I create the fragment with this method : DocumentFragment doc => docum.createDocumentFragment();>>         Document doc = requeteCollecte.insertFragment(docC,docum);> }>>     public Document insertFragment(DocumentFragment fragment, Document doc)>     {>         if(doc!=null)>             {>                 Element element = doc.createElement(\"creation\");>                 doc.appendChild(element);>                 NodeList list = fragment.getChildNodes();>                 if(list!=null)>                     {>                         for(int i=0;i<list.getLength();i++)>                             {>                                 doc.appendChild(list.item(i));>                             }>                     }>                 NamedNodeMap att = fragment.getAttributes();>                 if(att!=null)>                     {>                         for(int j=0;j<att.getLength();j++)>                             {>                                 doc.appendChild(att.item(j));>                             }>                     }>             }>         return doc;>     }>> Armelle Clech--Christophe",
            "docno": "lists-103-10216886",
            "received": "Wed Nov 22 05:03:47 2000",
            "isoreceived": "20001122100347",
            "sent": "Wed, 22 Nov 2000 11:01:56 +0100",
            "isosent": "20001122100156",
            "name": "Christophe Jolif",
            "email": "cjolif@ilog.fr",
            "subject": "Re: error on appendChild",
            "id": "3A1B9994.B0E679B6@ilog.fr",
            "charset": "us-ascii",
            "inreplyto": "CDE201D3CAB3D411955B00062938239E44236C&#64;l-mhs2.lannion.cnet.fr",
            "expires": "-1",
            "to": " CLECH Armelle FTRD/DMI/LAN<armelle.clech@rd.francetelecom.fr>\n",
            "cc": "www-dom@w3.org\n"
        },
        {
            "body": "Stephane,Stephane Conversy wrote:>> Hello.>> I still don't get how to deal with absolute and relative values.> in coords-unitsProc-BE-04.svg, we have:>> <g transform=\"translate(15, 45) scale(2)\">>                         <!-- Draw marker using user space units -->>                         <circle cx=\"7.5\" cy=\"7.5\" r=\"2.5\"> style=\"fill:black\"/>>                         <!-- Draw CSS marker using px units -->>                         <circle cx=\"7.5px\" cy=\"7.5px\" r=\"1.5px\"> style=\"fill:red\"/>>                 </g>>> is cx (7.5px) in the red circle affected by the scale(2) transform in> the> parent group ?Yes it is. Both user space units and css units are modified bytransformations.--Christophe",
            "docno": "lists-030-15885643",
            "received": "Tue Feb  6 08:55:34 2001",
            "isoreceived": "20010206135534",
            "sent": "Tue, 06 Feb 2001 14:52:17 +0100",
            "isosent": "20010206135217",
            "name": "Christophe Jolif",
            "email": "cjolif@ilog.fr",
            "subject": "Re: coords-unitsProc-BE-04.svg: still don't get it.",
            "id": "3A800191.36B98FC5@ilog.fr",
            "charset": "us-ascii",
            "inreplyto": "3A7FFDA0.8B8A8A76&#64;emn.fr",
            "expires": "-1",
            "to": " Stephane Conversy<conversy@emn.fr>\n",
            "cc": "svg-testsuite-comments@w3.org,www-svg@w3.org\n"
        },
        {
            "body": "Christophe Jolif wrote:>> Hello,>> A little question about compatibility between DOM leve 1 and 2:>> Should I rely on the fact that an application (in my case a Java one)> using the interfaces of the DOM Level 1 binding should also run on an> implementation of the DOM Level 2 without rebuilding it? In other words,> is the intend of DOM Level 2 interfaces to be compatible with DOM Level> 1 ones without any modifications in the deployment process?Yes, backward compatibility is always our priority for the DOM. We only madeclarifications in DOM Level 2. DOM Level 3 will also be backwardcompatible with DOM Level 1 and DOM Level 2.Philippe",
            "docno": "lists-103-3984702",
            "received": "Mon Jun 26 14:30:10 2000",
            "isoreceived": "20000626183010",
            "sent": "Mon, 26 Jun 2000 14:30:06 -0400",
            "isosent": "20000626183006",
            "name": "Philippe Le Hegaret",
            "email": "plh@w3.org",
            "subject": "Re: appplication using DOM Level 1 / Level 2",
            "id": "3957A12E.807BFAF3@w3.org",
            "charset": "us-ascii",
            "inreplyto": "395721CA.C36929A0&#64;ilog.fr",
            "expires": "-1",
            "to": " Christophe Jolif<cjolif@ilog.fr>\n",
            "cc": "www-dom@w3.org\n"
        }
    ]
}