{
    "id": "candidate-0912",
    "name": "Gary Sikora",
    "gender": "MALE",
    "email": "gary.sikora@progeny.net",
    "mails": [
        {
            "body": "Jane,We are very interested in seeing how FormFaces (www.formfaces.com) canbe used for this opportunity ... Stew Bittel will be in contact with youto set up a teleconference if you so incline.Very respectfully,Gary SikoraFormFaces Product Managergary.sikora@progeny.net703.368.6107x109-----Original Message-----From: Jane Roberts [mailto:jane.roberts@toplev.com]Sent: Sunday, February 29, 2004 5:35 AMSubject: e-Forms Partnership PossibilitesWe are the manufacturers of OfficeForms.  We are a British Company andOfficeForms is an e-Forms product, which has been on the market since1996.It is now a poweful product, having been available for all those yearsandcontains a number of solutions, please see www.toplev.com if you wouldlikemore detailed background.We've been watching the development of XForms for several years now andtheupshot of that is that this year we are planning to build XForms supportinto our product.  We've done some preliminary technical research onthisalready, identified a couple of possible types of integration we may doandbelieve we can have this support available very quickly, if we need to.I am looking at the strategic opportunities in this and am particularlykeento know if anyone in the XForms community / market would be interestedinsome sort of strategic partnership with us?  My mind is open on the typeofpartnership we might enter into here, but if anyone would like todiscussthis with me, please email me your phone number and web address and I'llgive you a call to discuss?Best RegardsJane E RobertsInternational Sales & MarketingToplevel OfficeFormsLeaders in Electronic FormsToplevel Computing Ltd, Bath Road Trading Estate, Stroud, GL5 3QF,UnitedKingdom.Tel +44 1453 753955 Fax +44 1453 753933",
            "docno": "lists-108-7673765",
            "received": "Mon Mar  1 16:15:51 2004",
            "isoreceived": "20040301211551",
            "sent": "Mon, 1 Mar 2004 16:15:51 -0500",
            "isosent": "20040301211551",
            "name": "Sikora, Gary",
            "email": ": jane.roberts@toplev.com     www.toplev.com",
            "subject": "RE: e-Forms Partnership Possibilites",
            "id": "390F231507E5CC4996ACACE92CEC9CCA227FDC@es3.progeny.net",
            "charset": "us-ascii",
            "inreplyto": "-Forms Partnership Possibilites",
            "expires": "-1",
            "to": " www-forms@w3.org\n",
            "cc": "\"Bittel, Stewart\"<sbittel@progeny.net>\n"
        }
    ]
}