{
    "id": "candidate-0751",
    "name": "David Duce",
    "gender": "MALE",
    "email": "daduce@brookes.ac.uk",
    "mails": [
        {
            "body": "For now I am going to keep collecting stuff in the archive of this thread,but I hope to use it to update the SVG access note (at least to include asection on current and future work - we need something on implementationanyway). For anyone who doesn't know how to find the archives, this threadbegins at http://lists.w3.org/Archives/Public/wai-xtech/2001Jul/0000 and canthen be followed. So I would request that future posts remove people from tehI am adding here a reference to work by Zdenek Mikovec who has done somevery similar work at Czech Technical University. I am hoping that the contactdetails are still current - the page has not been updated for 18 months, butthe BIS project is what I am referring to.http://cs.felk.cvut.cz/~xmikovec/(Thanks to Lori Stefano Petrucci and Patrick Roth from University of Geneva,who have been doing related work - http://websound.unige.ch/ and some moreclosely related stuff I can't find on the web yet - and pointed meto this)ChaalsOn Mon, 2 Jul 2001, Ivan Herman wrote:That is really interesting. It is a friend of mine (Dave Duke) who drew myattention on a book C. Strothotte and T. Strothotte, Seeing Between Pixels,SpringerVerlag, Heidelberg, (1997), which has a chapter on the issue,although they concentrate a bit more on 3D graphics rendered for braile.Have you seen the prototype?My original posting is really a complement. They themselves say that theygo through the SVG tree and get the <desc> and <title> elements as sourceof information; my problem was that there is a need for a 'structure' forthat kind of information.It might be a good idea to have a collection of all these tools and methodsin one place for the WAI group...IvanAt 11:14 02-07-01, Charles McCathieNevile wrote:>there was a paper presented on tactile graphics using SVG at the CSUN>conference on disabilities last March:>>Smart Figures, SVG and Accessible Web Graphics>by John Gardner and Vladimir Bulatov>>http://www.csun.edu/cod/conf2001/proceedings/0103gardner.html>>cheers>>Charles>>On Mon, 2 Jul 2001, Daniel Dardailler wrote:>>   > One more remark: this may not be the only way to help the accessibility>   > issue in SVG. One exciting, but very research-hungry line might be to>   > consider a specialized graphics renderer for SVG to produce Braile> output,>   > for example. I know that some work have been done on Braile rendering>   > before but it is still a relatively isolated line of work, but it> might be>   > an exciting line of work!>>   By Braille, do you really mean tactile graphics (e.g. raised dots in a>   2d map) ?  For regular Braille (text), the conversion from svg to html>   gives you most of the solution.>>>-->Charles McCathieNevile    http://www.w3.org/People/Charles  phone: +61 409>134 136>W3C Web Accessibility Initiative     http://www.w3.org/WAI    fax: +1 617>258 5999>Location: 21 Mitchell street FOOTSCRAY Vic 3011, Australia>(or W3C INRIA, Route des Lucioles, BP 93, 06902 Sophia Antipolis Cedex,>France)Ivan HermanHead of Offices, World Wide Web ConsortiumC/o W3C Dutch Office hosted at CWI,  Kruislaan 413, 1098 SJ Amsterdamtel:           +31-20-5924163fax:          +31-20-5924312mobile:     +31-62-8881369 (does not work when I am in the US)email:       ivan@w3.org--Charles McCathieNevile    http://www.w3.org/People/Charles  phone: +61 409 134 136W3C Web Accessibility Initiative     http://www.w3.org/WAI    fax: +1 617 258 5999Location: 21 Mitchell street FOOTSCRAY Vic 3011, Australia(or W3C INRIA, Route des Lucioles, BP 93, 06902 Sophia Antipolis Cedex, France)",
            "docno": "lists-091-7554304",
            "received": "Thu Jul  5 11:54:45 2001",
            "isoreceived": "20010705155445",
            "sent": "Thu, 5 Jul 2001 11:53:57 -0400 (EDT)",
            "isosent": "20010705155357",
            "name": "Charles McCathieNevile",
            "email": "charles@w3.org",
            "subject": "Re: Request for feedbacks on SVG Accessibility, linearization,  RDF,  etc...",
            "id": "Pine.LNX.4.30.0107051142480.32701-100000@tux.w3.org",
            "charset": "US-ASCII",
            "inreplyto": "5.1.0.14.2.20010702133447.00a9f2d0&#64;Localhost",
            "expires": "-1",
            "to": " Ivan Herman<ivan@w3.org>,<xmikovec@fel.cvut.cz>\n",
            "cc": " list, unless people say otherwise.\n"
        },
        {
            "body": "That is really interesting. It is a friend of mine (Dave Duke) who drew myattention on a book C. Strothotte and T. Strothotte, Seeing Between Pixels,SpringerVerlag, Heidelberg, (1997), which has a chapter on the issue,although they concentrate a bit more on 3D graphics rendered for braile.Have you seen the prototype?My original posting is really a complement. They themselves say that theygo through the SVG tree and get the <desc> and <title> elements as sourceof information; my problem was that there is a need for a 'structure' forthat kind of information.It might be a good idea to have a collection of all these tools and methodsin one place for the WAI group...IvanAt 11:14 02-07-01, Charles McCathieNevile wrote:>there was a paper presented on tactile graphics using SVG at the CSUN>conference on disabilities last March:>>Smart Figures, SVG and Accessible Web Graphics>by John Gardner and Vladimir Bulatov>>http://www.csun.edu/cod/conf2001/proceedings/0103gardner.html>>cheers>>Charles>>On Mon, 2 Jul 2001, Daniel Dardailler wrote:>>   > One more remark: this may not be the only way to help the accessibility>   > issue in SVG. One exciting, but very research-hungry line might be to>   > consider a specialized graphics renderer for SVG to produce Braile> output,>   > for example. I know that some work have been done on Braile rendering>   > before but it is still a relatively isolated line of work, but it> might be>   > an exciting line of work!>>   By Braille, do you really mean tactile graphics (e.g. raised dots in a>   2d map) ?  For regular Braille (text), the conversion from svg to html>   gives you most of the solution.>>>-->Charles McCathieNevile    http://www.w3.org/People/Charles  phone: +61 409>134 136>W3C Web Accessibility Initiative     http://www.w3.org/WAI    fax: +1 617>258 5999>Location: 21 Mitchell street FOOTSCRAY Vic 3011, Australia>(or W3C INRIA, Route des Lucioles, BP 93, 06902 Sophia Antipolis Cedex,>France)Ivan HermanHead of Offices, World Wide Web ConsortiumC/o W3C Dutch Office hosted at CWI,  Kruislaan 413, 1098 SJ Amsterdamtel:           +31-20-5924163fax:          +31-20-5924312mobile:     +31-62-8881369 (does not work when I am in the US)",
            "docno": "lists-091-7526402",
            "received": "Mon Jul  2 07:41:26 2001",
            "isoreceived": "20010702114126",
            "sent": "Mon, 02 Jul 2001 13:39:51 +0200",
            "isosent": "20010702113951",
            "name": "Ivan Herman",
            "email": ":       ivan@w3.org",
            "subject": "Re: Request for feedbacks on SVG Accessibility, linearization,   RDF, etc...",
            "id": "5.1.0.14.2.20010702133447.00a9f2d0@Localhost",
            "charset": "us-ascii",
            "inreplyto": "Pine.LNX.4.30.0107020507100.17246-100000&#64;tux.w3.org",
            "expires": "-1",
            "to": " Charles McCathieNevile<charles@w3.org>,<dd@w3.org>\n",
            "cc": " WAI Cross-group list<wai-xtech@w3.org>, David J Duke<D.Duke@bath.ac.uk>, Art Barstow<barstow@w3.org>,<marja@w3.org>, Dan Brickley<danbri@w3.org>, Bob Hopgood<bhopgood@brookes.ac.uk>, David A Duce<daduce@brookes.ac.uk>\n"
        },
        {
            "body": "* text/html attachment: stored",
            "docno": "lists-065-3920755",
            "received": "Sat Jan 31 20:13:16 2004",
            "isoreceived": "20040201011316",
            "sent": "Sun,  1 Feb 2004 09:16:11 +0800",
            "isosent": "20040201011611",
            "name": "daduce@brookes.ac.uk",
            "email": "daduce@brookes.ac.uk",
            "subject": "PC Shop",
            "id": "200401311903171.SM01076@wsfo.net",
            "charset": "",
            "expires": "-1",
            "to": " <daduce@brookes.ac.uk>\n"
        },
        {
            "body": "> One more remark: this may not be the only way to help the accessibility> issue in SVG. One exciting, but very research-hungry line might be to> consider a specialized graphics renderer for SVG to produce Braile output,> for example. I know that some work have been done on Braile rendering> before but it is still a relatively isolated line of work, but it might be> an exciting line of work!By Braille, do you really mean tactile graphics (e.g. raised dots in a2d map) ?  For regular Braille (text), the conversion from svg to htmlgives you most of the solution.",
            "docno": "lists-091-7495649",
            "received": "Mon Jul  2 04:52:33 2001",
            "isoreceived": "20010702085233",
            "sent": "Mon, 02 Jul 2001 10:52:10 +0200",
            "isosent": "20010702085210",
            "name": "Daniel Dardailler",
            "email": "danield@w3.org",
            "subject": "Re: Request for feedbacks on SVG Accessibility, linearization, RDF, etc...",
            "id": "200107020852.f628qAH21021@zidane.inria.fr",
            "inreplyto": "Request for feedbacks on SVG Accessibility, linearization, RDF, etc...",
            "expires": "-1",
            "to": " Ivan Herman<ivan@w3.org>\n",
            "cc": "w3c-wai-pf@w3.org,wai-xtech@w3.org, David J Duke<D.Duke@bath.ac.uk>, Art Barstow<barstow@w3.org>,marja@w3.org, Dan Brickley<danbri@w3.org>, Bob Hopgood<bhopgood@brookes.ac.uk>, David A Duce<daduce@brookes.ac.uk>\n"
        },
        {
            "body": "* text/html attachment: stored",
            "docno": "lists-062-16743860",
            "received": "Sat Jan 31 20:13:39 2004",
            "isoreceived": "20040201011339",
            "sent": "Sun,  1 Feb 2004 09:16:36 +0800",
            "isosent": "20040201011636",
            "name": "daduce@brookes.ac.uk",
            "email": "daduce@brookes.ac.uk",
            "subject": "PC Shop",
            "id": "200401311903171.SM01076@wsfo.net",
            "charset": "",
            "expires": "-1",
            "to": " <daduce@brookes.ac.uk>\n"
        },
        {
            "body": "Dear all,I spent my last week or so picking up the work some people at W3C did onaccessibility of SVG. Unfortunately, simply due to resource problems, therewas no follow up on these for a while, in spite of the fact that SVG isbecoming both closer to rec and more widespread in practice.As a short summary: an RDF vocabulary is to be developed to describe thecontent of an SVG image. This RDF description could be part of the SVG fileitself and specialized readers can use those and some of the humanannotation of the SVG content itself to generate a textual representationof the image. The methodology itself has been experimented with a while agothrough the SVG linearization work (http://www.w3.org/WAI/ER/ASVG/) but, asI said, there was no continuation of it since. This is where I picked upthe issue again.What I have done until now is at: http://www.w3.org/2001/svgRdf/ I wouldreally appreciate to receive comments on these, which would help us inmoving towards a more mature version!One more remark: this may not be the only way to help the accessibilityissue in SVG. One exciting, but very research-hungry line might be toconsider a specialized graphics renderer for SVG to produce Braile output,for example. I know that some work have been done on Braile renderingbefore but it is still a relatively isolated line of work, but it might bean exciting line of work!IvanIvan HermanHead of Offices, World Wide Web ConsortiumC/o W3C Dutch Office hosted at CWI,  Kruislaan 413, 1098 SJ Amsterdamtel:           +31-20-5924163fax:          +31-20-5924312mobile:     +31-62-8881369 (does not work when I am in the US)",
            "docno": "lists-091-7483929",
            "received": "Mon Jul  2 03:37:37 2001",
            "isoreceived": "20010702073737",
            "sent": "Mon, 02 Jul 2001 09:35:47 +0200",
            "isosent": "20010702073547",
            "name": "Ivan Herman",
            "email": ":       ivan@w3.org",
            "subject": "Request for feedbacks on SVG Accessibility, linearization,   RDF, etc...",
            "id": "5.1.0.14.2.20010702092041.00a95890@Localhost",
            "charset": "us-ascii",
            "expires": "-1",
            "to": "w3c-wai-pf@w3.org,wai-xtech@w3.org\n",
            "cc": "w3t-comm@w3.org, David J Duke<D.Duke@bath.ac.uk>, Art Barstow<barstow@w3.org>,<marja@w3.org>, Dan Brickley<danbri@w3.org>, Bob Hopgood<bhopgood@brookes.ac.uk>, David A Duce<daduce@brookes.ac.uk>\n"
        },
        {
            "body": "* text/html attachment: stored",
            "docno": "lists-091-6001775",
            "received": "Sat Jan 31 20:13:51 2004",
            "isoreceived": "20040201011351",
            "sent": "Sun,  1 Feb 2004 09:16:49 +0800",
            "isosent": "20040201011649",
            "name": "daduce@brookes.ac.uk",
            "email": "daduce@brookes.ac.uk",
            "subject": "PC Shop",
            "id": "200401311903171.SM01076@wsfo.net",
            "charset": "",
            "expires": "-1",
            "to": " <daduce@brookes.ac.uk>\n"
        },
        {
            "body": "there was a paper presented on tactile graphics using SVG at the CSUNconference on disabilities last March:Smart Figures, SVG and Accessible Web Graphicsby John Gardner and Vladimir Bulatovhttp://www.csun.edu/cod/conf2001/proceedings/0103gardner.htmlcheersCharlesOn Mon, 2 Jul 2001, Daniel Dardailler wrote:> One more remark: this may not be the only way to help the accessibility> issue in SVG. One exciting, but very research-hungry line might be to> consider a specialized graphics renderer for SVG to produce Braile output,> for example. I know that some work have been done on Braile rendering> before but it is still a relatively isolated line of work, but it might be> an exciting line of work!By Braille, do you really mean tactile graphics (e.g. raised dots in a2d map) ?  For regular Braille (text), the conversion from svg to htmlgives you most of the solution.--Charles McCathieNevile    http://www.w3.org/People/Charles  phone: +61 409 134 136W3C Web Accessibility Initiative     http://www.w3.org/WAI    fax: +1 617 258 5999Location: 21 Mitchell street FOOTSCRAY Vic 3011, Australia(or W3C INRIA, Route des Lucioles, BP 93, 06902 Sophia Antipolis Cedex, France)",
            "docno": "lists-091-7514346",
            "received": "Mon Jul  2 05:16:36 2001",
            "isoreceived": "20010702091636",
            "sent": "Mon, 2 Jul 2001 05:14:54 -0400 (EDT)",
            "isosent": "20010702091454",
            "name": "Charles McCathieNevile",
            "email": "charles@w3.org",
            "subject": "Re: Request for feedbacks on SVG Accessibility, linearization, RDF,  etc...",
            "id": "Pine.LNX.4.30.0107020507100.17246-100000@tux.w3.org",
            "charset": "US-ASCII",
            "inreplyto": "200107020852.f628qAH21021&#64;zidane.inria.fr",
            "expires": "-1",
            "to": "<dd@w3.org>\n",
            "cc": " Ivan Herman<ivan@w3.org>, WAI Cross-group list<wai-xtech@w3.org>, David J Duke<D.Duke@bath.ac.uk>, Art Barstow<barstow@w3.org>,<marja@w3.org>, Dan Brickley<danbri@w3.org>, Bob Hopgood<bhopgood@brookes.ac.uk>, David A Duce<daduce@brookes.ac.uk>\n"
        }
    ]
}