{
    "id": "candidate-0806",
    "name": "Eugene Kuznetsov",
    "gender": "MALE",
    "email": "eugene@datapower.com",
    "mails": [
        {
            "body": "> To the original questioner, this whole thread should provide much-needed> confirmation that XML DSIG is so mature, that a whole bunch of people> are already cranky about some implementations not being properly> compliant, and others have had time to develop a bad attitude. That's a> mark of a mature standard!I have to agree with this one also.  *chuckle*Don Parkhttp://www.docuverse.com/http://www.docuverse.com/blog/donpark/",
            "docno": "lists-046-9904127",
            "received": "Sun Oct 19 21:00:09 2003",
            "isoreceived": "20031020010009",
            "sent": "Sun, 19 Oct 2003 17:56:20 -0700",
            "isosent": "20031020005620",
            "name": "Don Park",
            "email": "donpark@docuverse.com",
            "subject": "RE: How much XML Signature is mature?",
            "id": "002901c396a4$fa4f74a0$6601a8c0@rainbow",
            "charset": "us-ascii",
            "inreplyto": "030101c3968e$6e9e33d0$ee6184c1&#64;EKi4100",
            "expires": "-1",
            "to": "<eugene@datapower.com>,<w3c-ietf-xmldsig@w3.org>\n"
        },
        {
            "body": "> from the datapower XSLTMark tests [1]. I'm not sure how much it tells us> other than there's a large difference in performance between the> implementations.Exactly, that is probably the most important conclusion. Also, someof the published XSLTMark results out there are starting to get alittle out of date with current XSLT engine versions, but you canalways download it and run tests yourself.On the topic of nodes vs. subtrees and XPath directly, XPath itselfis not the problem. It *is* possible to make those operationsextremely efficient (that's part of what DataPower does). I reallydoubt that having a different selection approach with a moreobscure specification will help either interoperability or efficiencyin the long run -- it's good to keep reusing XPath and XSLT wheneverpossible, since at least there are folks working on buidling wirespeedengines for those specifications. Who's got XPointer optimizationexperience? ;-)\\\\ Eugene Kuznetsov\\\\ eugene@datapower.com\\\\ DataPower Technology, Inc.",
            "docno": "lists-046-3159141",
            "received": "Sat Feb  2 15:32:39 2002",
            "isoreceived": "20020202203239",
            "sent": "Sat, 2 Feb 2002 15:37:51 -0500",
            "isosent": "20020202203751",
            "name": "Eugene Kuznetsov",
            "email": "ugene@datapower.com",
            "subject": "RE: History: Question on C14N list of nodes instead of subtrees",
            "id": "NDBBLGLOJMHANDPKJOCOCEJNFEAA.eugene@datapower.com",
            "charset": "iso-8859-1",
            "inreplyto": "200202011723.MAA25616&#64;tux.w3.org",
            "expires": "-1",
            "to": "<reagle@w3.org>,\"John Boyer\"<JBoyer@PureEdge.com>,\"merlin\"<merlin@baltimore.ie>\n",
            "cc": "<w3c-ietf-xmldsig@w3.org>\n"
        },
        {
            "body": "> IMHO, these issues are of little importance to Visa, issuers,> and merchants because there are not enough incentives for them> to correct these problems at this time.  Why in the world would> a merchant want to pull  down their system for even ten minutes> so XML experts can sleep at night?Why did they use XML to begin with?Don, scratch Rich's suggestion -- why don't you just tell them tobase64-encode SET, wrap it in some angle-brackets, and carry on asbefore. ;-) What the hell is the point of using XML specs if you don'tintend it to interoperate?As someone who already has hardware that does XML crypto, I'munimpressed that special breaking of the standard is required foreither hardware support or security.> They just need to remove mention of XML DSig from their papers and> everyone would be happy :)Aleksey, actually, that's a good suggestion -- maybe the W3C would liketo take this up?To the original questioner, this whole thread should provide much-neededconfirmation that XML DSIG is so mature, that a whole bunch of peopleare already cranky about some implementations not being properlycompliant, and others have had time to develop a bad attitude. That's amark of a mature standard!\\\\ Eugene Kuznetsov, Chairman & CTO\\\\ eugene@datapower.com\\\\ DataPower Technology, Inc.\\\\ http://www.datapower.com - XS40 XML Security Gateway",
            "docno": "lists-046-9895000",
            "received": "Sun Oct 19 18:22:45 2003",
            "isoreceived": "20031019222245",
            "sent": "Sun, 19 Oct 2003 18:14:54 -0400",
            "isosent": "20031019221454",
            "name": "Eugene Kuznetsov",
            "email": "ugene@datapower.com",
            "subject": "RE: How much XML Signature is mature?",
            "id": "030101c3968e$6e9e33d0$ee6184c1@EKi4100",
            "charset": "us-ascii",
            "inreplyto": "003001c39677$0668ec40$6601a8c0&#64;rainbow",
            "expires": "-1",
            "to": "\"'Don Park'\"<donpark@docuverse.com>,<w3c-ietf-xmldsig@w3.org>\n"
        },
        {
            "body": "Hi Eugene,<eugene>On the topic of nodes vs. subtrees and XPath directly, XPath itselfis not the problem. It *is* possible to make those operationsextremely efficient (that's part of what DataPower does). I reallydoubt that having a different selection approach with a moreobscure specification will help either interoperability or efficiencyin the long run -- it's good to keep reusing XPath and XSLT wheneverpossible, since at least there are folks working on buidling wirespeedengines for those specifications. Who's got XPointer optimizationexperience? ;-)</eugene>XPath is a big part of the problem right now.  Based on the run-timeperformance posted by Merlin, the XPath implementations are clearly notachieving optimal performance profiles.  Otherwise the runtime curveswould look like O(n log n) and not the ~ O(n^1.5 log n) curve we appearto be seeing.I therefore agree with you that optimization of XPath could make a bigimprovement. Unfortunately, this is one of those cases whereoptimization creates perceived non-interoperability.  If a documentsignature takes 1 second to validate on one implementation and 20seconds under everyone else's implementation, then migrating off theimplementation that achieves the 1 second performance is a practicalimpossibility.As to whether nodes vs. subtrees will make a difference, I think it willmake a very big difference.  Because the slowness of XPathimplementations is a problem, if we run it once to identify some subtreeroots, then we get rid of the really slow part of the implementation.Once the subtree roots to include/exclude are identified, then customDOM calls can be used to expand those subtrees (or the complement ofthem in the exclude case).  These custom DOM calls would be easy tounderstand and implement efficiently (i.e. there's no way running anXPath expression on every subtree node will *ever* catch up no matterhow much optimization is done).John Boyer, Ph.D.PureEdge Solutions, Inc.\\\\ Eugene Kuznetsov\\\\ eugene@datapower.com\\\\ DataPower Technology, Inc.",
            "docno": "lists-046-3184250",
            "received": "Mon Feb  4 14:52:51 2002",
            "isoreceived": "20020204195251",
            "sent": "Mon, 4 Feb 2002 11:52:14 -0800",
            "isosent": "20020204195214",
            "name": "John Boyer",
            "email": "JBoyer@PureEdge.com",
            "subject": "RE: History: Question on C14N list of nodes instead of subtrees",
            "id": "7874BFCCD289A645B5CE3935769F0B52350097@tigger.PureEdge.com",
            "inreplyto": "History: Question on C14N list of nodes instead of subtrees",
            "expires": "-1",
            "to": "\"Eugene Kuznetsov\"<eugene@datapower.com>,<reagle@w3.org>,\"merlin\"<merlin@baltimore.ie>\n",
            "cc": "<w3c-ietf-xmldsig@w3.org>\n"
        },
        {
            "body": "> This leads to> an integriy problem: if the schema associated with a message> is lost or> corrupted, the signature on the document becomes> non-verifiable and legal> non-repudiation is lost.You basically have to look towards having internal, trusted versions ofschemas if you don't trust the source of the schema. There would then bemappings in the trusted domain.",
            "docno": "lists-046-7071952",
            "received": "Sun Oct  6 20:23:46 2002",
            "isoreceived": "20021007002346",
            "sent": "Sun, 6 Oct 2002 20:26:49 -0400",
            "isosent": "20021007002649",
            "name": "Eugene Kuznetsov",
            "email": "ugene@datapower.com",
            "subject": "RE: Schema &amp; non-repudiation query",
            "id": "005401c26d98$3ab7dd20$e216a8c0@EKi4100",
            "charset": "US-ASCII",
            "inreplyto": "A4B31994DAD0A040B37CDCEFB8E0914423CA32&#64;EXGAU570BSM00.oceania.corp.anz.com",
            "expires": "-1",
            "to": "\"'Pitt, Esmond'\"<pitte@anz.com>,\"'XML Signature'\"<w3c-ietf-xmldsig@w3.org>\n"
        }
    ]
}