{
    "id": "candidate-0949",
    "name": "Walter Waterfeld",
    "gender": "MALE",
    "email": "Walter.Waterfeld@softwareag.com",
    "mails": [
        {
            "body": "Walter,In [1] Michael Kay submitted the following comment from Software AG.Michael Kay wrote on 2003-11-27 06:56:34 AM:> SAG-XQ-005 Serializing Arbitrary Sequences> We don't think that the mechanism for serializing an arbitrary> sequence described in section 2 of the Serialization specification> meets any known user requirement.> We do think that there is a requirement for an interoperable> serialization format for an arbitrary sequence, and that this should> be defined. We think that the requirement is for a format that wraps> each item in the sequence in an XML wrapper providing information> about the type, the value, and in the case of nodes, the name of the> node. For example, an attribute node might be serialized as> <res:attribute name=\"my:att\" type=\"my:shoesize\" value=\"7.3\"/>> In the case of elements and documents, the tree rooted at that node> would be serialized. The format would be extensible to allow> implementation-defined attributes that represent the identity of> nodes, allowing the information to be used for a subsequent update,> or for creating hyperlinks.> (Note, technically we are talking here about a representation of an> arbitrary sequence in the form of a document. Serializing that> document is entirely orthogonal).Thanks to Michael and Software AG for raising the comment.The XSL and XQuery working groups considered this comment and relatedcomments.  There was general agreement that there is some need for amechanism for serializing arbitrary sequences that preserves most or allof the properties of the items in an arbitrary sequence that is beingserialized.However, the working groups decided that precisely defining all ofthe requirements for such a mechanism at this stage would be difficult,and would likely lead to a solution that would not satisfy real userrequirements.  Therefore, the working groups decided to consider such afeature for a future revision of the recommendations, and close thiscomment without any changes to the specifications.May I ask you to confirm that this resolution is acceptable?Thanks,Henry[1]http://lists.w3.org/Archives/Public/public-qt-comments/2003Nov/0305.html------------------------------------------------------------------Henry Zongaro      Xalan developmentIBM SWS Toronto Lab   T/L 969-6044;  Phone +1 905 413-6044mailto:zongaro@ca.ibm.com",
            "docno": "lists-020-8227965",
            "received": "Sat Mar 27 21:47:47 2004",
            "isoreceived": "20040328024747",
            "sent": "Sat, 27 Mar 2004 21:47:06 -0500",
            "isosent": "20040328024706",
            "name": "Henry Zongaro",
            "email": "zongaro@ca.ibm.com",
            "subject": "Fw: [XQuery] SAG-XQ-005 Serializing Arbitrary Sequences",
            "id": "OFF39AF958.3142717A-ON85256E63.00784F71-85256E65.000F4B64@ca.ibm.com",
            "charset": "US-ASCII",
            "inreplyto": "[XQuery] SAG-XQ-005 Serializing Arbitrary Sequences",
            "expires": "-1",
            "to": "Walter.Waterfeld@softwareag.com\n",
            "cc": "public-qt-comments@w3.org,mhk@mhk.me.uk\n"
        },
        {
            "body": "Hello Henry,although I do not understand all the arguments, I can live with that decision;especially as we have a high interest in a finished XQuery recommendationas early as possible.Best regardsWalter-----Urspr?ngliche Nachricht-----Von: Henry Zongaro [mailto:zongaro@ca.ibm.com]Gesendet: Sonntag, 28. M?rz 2004 04:47An: Waterfeld, Dr. WalterBetreff: Fw: [XQuery] SAG-XQ-005 Serializing Arbitrary SequencesWalter,In [1] Michael Kay submitted the following comment from Software AG.Michael Kay wrote on 2003-11-27 06:56:34 AM:> SAG-XQ-005 Serializing Arbitrary Sequences> We don't think that the mechanism for serializing an arbitrary> sequence described in section 2 of the Serialization specification> meets any known user requirement.> We do think that there is a requirement for an interoperable> serialization format for an arbitrary sequence, and that this should> be defined. We think that the requirement is for a format that wraps> each item in the sequence in an XML wrapper providing information> about the type, the value, and in the case of nodes, the name of the> node. For example, an attribute node might be serialized as> <res:attribute name=\"my:att\" type=\"my:shoesize\" value=\"7.3\"/>> In the case of elements and documents, the tree rooted at that node> would be serialized. The format would be extensible to allow> implementation-defined attributes that represent the identity of> nodes, allowing the information to be used for a subsequent update,> or for creating hyperlinks.> (Note, technically we are talking here about a representation of an> arbitrary sequence in the form of a document. Serializing that> document is entirely orthogonal).Thanks to Michael and Software AG for raising the comment.The XSL and XQuery working groups considered this comment and relatedcomments.  There was general agreement that there is some need for amechanism for serializing arbitrary sequences that preserves most or allof the properties of the items in an arbitrary sequence that is beingserialized.However, the working groups decided that precisely defining all ofthe requirements for such a mechanism at this stage would be difficult,and would likely lead to a solution that would not satisfy real userrequirements.  Therefore, the working groups decided to consider such afeature for a future revision of the recommendations, and close thiscomment without any changes to the specifications.May I ask you to confirm that this resolution is acceptable?Thanks,Henry[1]http://lists.w3.org/Archives/Public/public-qt-comments/2003Nov/0305.html------------------------------------------------------------------Henry Zongaro      Xalan developmentIBM SWS Toronto Lab   T/L 969-6044;  Phone +1 905 413-6044mailto:zongaro@ca.ibm.com",
            "docno": "lists-020-8369840",
            "received": "Mon Mar 29 09:21:53 2004",
            "isoreceived": "20040329142153",
            "sent": "Mon, 29 Mar 2004 15:58:01 +0200",
            "isosent": "20040329135801",
            "name": "Walter.Waterfeld@softwareag.com",
            "email": "Walter.Waterfeld@softwareag.com",
            "subject": "AW: [XQuery] SAG-XQ-005 Serializing Arbitrary Sequences",
            "id": "353A4C6079E2A24BA9B675CE9A5C71F4C35805@DAEMSG03.eur.ad.sag",
            "charset": "iso-8859-1",
            "expires": "-1",
            "to": "<zongaro@ca.ibm.com>\n",
            "cc": " public-qt-comments@w3.org; mhk@mhk.me.uk\n"
        }
    ]
}