{
    "id": "candidate-0964",
    "name": "Tadashi Yamagishi",
    "gender": "MALE",
    "email": "yamagi_t@itg.hitachi.co.jp",
    "mails": [
        {
            "body": "Hello, my name is Yoko Seki and ( once my AC rep confirms in reply tothis message ) I will be representing Hitachi, Ltd. in this workinggroup.My background is based on workflow management systems and recently Ihave developed XML/SOAP adaptor for them.I would like to make use of what this working group will output andenhance Hitachi's workflow products.I agree to participate per the charterhttp://www.w3.org/2003/01/wscwg-charterlast revised 2003/01/14I do not have personal knowledge of any IPR claims held by Hitachi, Ltd.regarding Web services choreography.Yoko---Yoko SekiHitachi, Ltd.mail-to:y-seki@sdl.hitachi.co.jptel:+81-44-966-9111(ext:3219)",
            "docno": "lists-025-7587839",
            "received": "Mon Jan 20 23:15:17 2003",
            "isoreceived": "20030121041517",
            "sent": "Tue, 21 Jan 2003 13:11:27 +0900",
            "isosent": "20030121041127",
            "name": "Yoko SEKI",
            "email": "y-seki@sdl.hitachi.co.jp",
            "subject": "Introduction",
            "id": "3E2CC86F.6E60EDCA@sdl.hitachi.co.jp",
            "charset": "iso-2022-jp",
            "expires": "-1",
            "to": "martin.chapman@oracle.com,steve@enigmatec.net,ylafon@w3.org,hugo@w3.org\n",
            "cc": "public-ws-chor@w3.org,yamagi_t@itg.hitachi.co.jp\n"
        },
        {
            "body": "Hello, I'm Jim Hendler,  and since I am the AC rep for myorganization (the Maryland Information and Network Dynamics Lab atthe University of Maryland) I guess I will also be in this workinggroup.My own background arises primarily through involvement in theSemantic Web, I coauthored the Scientific American article of thatWeb research since the mid-90s.  In the web services arena, I've beeninterested in the interaction of Semantics and Web services for along time.  From about 1999-2001 I worked at the US Defense AdvancedResearch Projects Agency (DARPA) where I was chief scientist forinformation systems and ran some prograns in \"agent-based computing\"- these were generally related to service-based computing, includingthe CoABS project whcih did service-based middleware, and the DARPAAgent Markup Language (DAML) program, which gave rise to the DAML-Swork mentioned in our charter.  Currently I am cochair of the W3C WebOntology Working Group, which hopes to bring our language (OWL) toLast Call in the next couple of weeks, and I also serve on theSemantic Web Coordination Group.  In between telecons, I also manageto run a research group [1], which is working in the dynamiccomposition of services using semantics.I agree to participate per the charterhttp://www.w3.org/2003/01/wscwg-charterlast revised 2003/01/14I do not have personal knowledge of any IPR claims held by the MIND Labregarding Web services choreography.[1] http://www.mindswap.org--Professor James Hendler  hendler@cs.umd.eduDirector, Semantic Web and Agent Technologies  301-405-2696Maryland Information and Network Dynamics Lab.  301-405-6707 (Fax)Univ of Maryland, College Park, MD 20742  240-731-3822 (Cell)http://www.cs.umd.edu/users/hendler",
            "docno": "lists-025-7596324",
            "received": "Mon Jan 20 23:40:14 2003",
            "isoreceived": "20030121044014",
            "sent": "Mon, 20 Jan 2003 23:39:57 -0500",
            "isosent": "20030121043957",
            "name": "with Tim Berners-Lee and Ora Lassila, and have been doing Sem",
            "email": "hendler@cs.umd.edu",
            "subject": "Re: Introduction",
            "id": "p05200f03ba527db4d387@[10.0.1.3]",
            "charset": "us-ascii",
            "inreplyto": "3E2CC86F.6E60EDCA&#64;sdl.hitachi.co.jp",
            "expires": "-1",
            "to": " Yoko SEKI<y-seki@sdl.hitachi.co.jp>,martin.chapman@oracle.com,steve@enigmatec.net,ylafon@w3.org,hugo@w3.org\n",
            "cc": "public-ws-chor@w3.org,yamagi_t@itg.hitachi.co.jp\n"
        },
        {
            "body": "All,This confirms my approval of Yoko Seki as the Hitachi, Ltd.representative to the W3C Web Service Choreography Working Group.Regards, Tadashi Yamagishi---Tadashi YamagishiW3C AC Representative of Hitachi, Ltd.mail-to:yamagi_t@itg.hitachi.co.jptel:+81-45-862-8729>Hello, my name is Yoko Seki and ( once my AC rep confirms in reply to>this message ) I will be representing Hitachi, Ltd. in this working>group.>My background is based on workflow management systems and recently I>have developed XML/SOAP adaptor for them.>I would like to make use of what this working group will output and>enhance Hitachi's workflow products.>I agree to participate per the charter>   http://www.w3.org/2003/01/wscwg-charter>   last revised 2003/01/14>I do not have personal knowledge of any IPR claims held by Hitachi, Ltd.>regarding Web services choreography.>>Yoko>>--->Yoko Seki>Hitachi, Ltd.>mail-to:y-seki@sdl.hitachi.co.jp>tel:+81-44-966-9111(ext:3219)>",
            "docno": "lists-025-7622487",
            "received": "Sun Jan 26 19:50:15 2003",
            "isoreceived": "20030127005015",
            "sent": "Mon, 27 Jan 2003 09:39:36 +0900",
            "isosent": "20030127003936",
            "name": "yamagi_t@itg.hitachi.co.jp",
            "email": "yamagi_t@itg.hitachi.co.jp",
            "subject": "Re:Introduction",
            "id": "200301270039.JAA20401@smgw01.itg.hitachi.co.jp.",
            "charset": "ISO-2022-JP",
            "inreplyto": "Introduction",
            "expires": "-1",
            "to": "<public-ws-chor@w3.org>\n",
            "cc": "<martin.chapman@oracle.com>,<steve@enigmatec.net>,<ylafon@w3.org>,<hugo@w3.org>,<y-seki@sdl.hitachi.co.jp>\n"
        }
    ]
}