{
    "id": "candidate-0960",
    "name": "Dov Winer",
    "gender": "MALE",
    "email": "dovw@isoc.org.il",
    "mails": [
        {
            "body": "I'm still interested in opinions on this matter.I gather the original message caught some of youat a bad time, so here it is again.Please do reply. I don't think weneed a teleconference to discuss this, but Ido need at least a few explicit replies.On Thu, 2003-05-29 at 14:02, Dan Connolly wrote:> The Israel Internet Association (http://www.isoc.org.il)> is a W3C member. Their advisory committee representative> has asked that they be represented in the URI CG> by Mr. Nahum Korda; details about what ISOC-IL does> and how it relates to this CG are below.>> You may recall...>>   \"Membership of the group consists of liaisons from the>   various related activities. The URI CG may decide>   (by consensus) to add relationships.\">   -- http://www.w3.org/2001/12/URI/#Membership>> I talked with my co-chair, Norm, about mechanisms for> making such a decision... a telcon seems like overkill...> we agreed that the chair can put a question to the group;> if it's seconded and nobody objects after a week or so,> we'll announce that we've achieved consensus.>> So... I propose that Mr. Korda join us to represent> ISOC-IL. Anybody else think this is a good idea?> Or a bad idea?>>> Details from ISOC-IL:>> [[[[> Regarding the Israel Internet Association (http://www.isoc.org.il ):> We have national responsibilities regarding the Internet and Information> Society in Israel.> We maintain the IIX (Israel Internet exchange) and are in charge of> domain name> registration under the TLD .IL. We make every effort to update and> involve relevant> academic, governmental, industrial, professional and other public bodies> on Internet> developments. We represent Israel in the main relevant international> bodies dealing> with Internet governance and protocols development.> Last year we have organized a Semantic Web seminar in cooperation with> the European> Commission. Almost all relevant academic and professional bodies in> Israel sponsored this> initiative. Most of them were, until then, not very much aware of the> relevance of the Semantic> Web (see: http://www.ejewish.info/reka/sw).>>> Regarding the URI initiative coordinating group:> Following your announcement of the renewal of the W3C URI activity I> have contacted some> of the main schema maintainers in Israel: the officer in charge of> numbering at the Ministry> of Communication; the intelligent Identity Card initiative at the> Ministry of Finance; the ISBN> registrar in Israel; the Israel Bar Code Association and others. I had> the pleasure to prepare> a brief and introduce ENUM and the RFC2806 and some of the projects> implementing it to> the relevant officer at the Ministry of Communication.> The Board of the Israel Internet Association decided that the renewed> URI initiative of the W3C> is of enough importance to warrant the necessary allocation of resources> for our active involvement.> We intend to participate actively in the initiative. We will continue> and have the relevant bodies in> Israel aware of its strategic implications and the need to embed it in> their schema development> work plans.> We are hiring Mr. Nahum Korda for this purpose. He is competent for the> task and has some> suggestions regarding URI development. I am sure that he is able to make> a significant> contribution and after consulting the latest documents he will expand on> that.> I am quite sure that, if necessary, our Board will provide for the> involvement of other paid> consultants in this process.>> Best regards,>> Dov>> Dov Winer> W3C AC Representative for the> Israel Internet Association ? ISOC-IL> dovw@isoc.org.il> ]]]]--Dan Connolly, W3C http://www.w3.org/People/Connolly/",
            "docno": "lists-023-2137370",
            "received": "Mon Jun 16 11:28:20 2003",
            "isoreceived": "20030616152820",
            "sent": "16 Jun 2003 10:28:46 -0500",
            "isosent": "20030616152846",
            "name": "Dan Connolly",
            "email": "connolly@w3.org",
            "subject": "Re: ISOC-IL representative in the URI CG",
            "id": "1055777326.27167.131.camel@dirk.dm93.org",
            "charset": "windows-1251",
            "inreplyto": "1054234974.4101.191.camel&#64;dirk.dm93.org",
            "expires": "-1",
            "to": "public-uri-cg@w3.org\n"
        },
        {
            "body": "The Israel Internet Association (http://www.isoc.org.il)is a W3C member. Their advisory committee representativehas asked that they be represented in the URI CGby Mr. Nahum Korda; details about what ISOC-IL doesand how it relates to this CG are below.You may recall...\"Membership of the group consists of liaisons from thevarious related activities. The URI CG may decide(by consensus) to add relationships.\"-- http://www.w3.org/2001/12/URI/#MembershipI talked with my co-chair, Norm, about mechanisms formaking such a decision... a telcon seems like overkill...we agreed that the chair can put a question to the group;if it's seconded and nobody objects after a week or so,we'll announce that we've achieved consensus.So... I propose that Mr. Korda join us to representISOC-IL. Anybody else think this is a good idea?Or a bad idea?Details from ISOC-IL:[[[[Regarding the Israel Internet Association (http://www.isoc.org.il ):We have national responsibilities regarding the Internet and InformationSociety in Israel.We maintain the IIX (Israel Internet exchange) and are in charge ofdomain nameregistration under the TLD .IL. We make every effort to update andinvolve relevantacademic, governmental, industrial, professional and other public bodieson Internetdevelopments. We represent Israel in the main relevant internationalbodies dealingwith Internet governance and protocols development.Last year we have organized a Semantic Web seminar in cooperation withthe EuropeanCommission. Almost all relevant academic and professional bodies inIsrael sponsored thisinitiative. Most of them were, until then, not very much aware of therelevance of the SemanticWeb (see: http://www.ejewish.info/reka/sw).Regarding the URI initiative coordinating group:Following your announcement of the renewal of the W3C URI activity Ihave contacted someof the main schema maintainers in Israel: the officer in charge ofnumbering at the Ministryof Communication; the intelligent Identity Card initiative at theMinistry of Finance; the ISBNregistrar in Israel; the Israel Bar Code Association and others. I hadthe pleasure to preparea brief and introduce ENUM and the RFC2806 and some of the projectsimplementing it tothe relevant officer at the Ministry of Communication.The Board of the Israel Internet Association decided that the renewedURI initiative of the W3Cis of enough importance to warrant the necessary allocation of resourcesfor our active involvement.We intend to participate actively in the initiative. We will continueand have the relevant bodies inIsrael aware of its strategic implications and the need to embed it intheir schema developmentwork plans.We are hiring Mr. Nahum Korda for this purpose. He is competent for thetask and has somesuggestions regarding URI development. I am sure that he is able to makea significantcontribution and after consulting the latest documents he will expand onthat.I am quite sure that, if necessary, our Board will provide for theinvolvement of other paidconsultants in this process.Best regards,DovDov WinerW3C AC Representative for theIsrael Internet Association ? ISOC-ILdovw@isoc.org.il]]]]--Dan Connolly, W3C http://www.w3.org/People/Connolly/",
            "docno": "lists-023-2358513",
            "received": "Thu May 29 15:02:35 2003",
            "isoreceived": "20030529190235",
            "sent": "29 May 2003 14:02:55 -0500",
            "isosent": "20030529190255",
            "name": "Dan Connolly",
            "email": "connolly@w3.org",
            "subject": "ISOC-IL representative in the URI CG",
            "id": "1054234974.4101.191.camel@dirk.dm93.org",
            "charset": "windows-1251",
            "expires": "-1",
            "to": "public-uri-cg@w3.org\n"
        },
        {
            "body": "Fine with me.--RayDan Connolly wrote:> The Israel Internet Association (http://www.isoc.org.il)> is a W3C member. Their advisory committee representative> has asked that they be represented in the URI CG> by Mr. Nahum Korda; details about what ISOC-IL does> and how it relates to this CG are below.>> You may recall...>>   \"Membership of the group consists of liaisons from the>   various related activities. The URI CG may decide>   (by consensus) to add relationships.\">   -- http://www.w3.org/2001/12/URI/#Membership>> I talked with my co-chair, Norm, about mechanisms for> making such a decision... a telcon seems like overkill...> we agreed that the chair can put a question to the group;> if it's seconded and nobody objects after a week or so,> we'll announce that we've achieved consensus.>> So... I propose that Mr. Korda join us to represent> ISOC-IL. Anybody else think this is a good idea?> Or a bad idea?>> Details from ISOC-IL:>> [[[[> Regarding the Israel Internet Association (http://www.isoc.org.il ):> We have national responsibilities regarding the Internet and Information> Society in Israel.> We maintain the IIX (Israel Internet exchange) and are in charge of> domain name> registration under the TLD .IL. We make every effort to update and> involve relevant> academic, governmental, industrial, professional and other public bodies> on Internet> developments. We represent Israel in the main relevant international> bodies dealing> with Internet governance and protocols development.> Last year we have organized a Semantic Web seminar in cooperation with> the European> Commission. Almost all relevant academic and professional bodies in> Israel sponsored this> initiative. Most of them were, until then, not very much aware of the> relevance of the Semantic> Web (see: http://www.ejewish.info/reka/sw).>>> Regarding the URI initiative coordinating group:> Following your announcement of the renewal of the W3C URI activity I> have contacted some> of the main schema maintainers in Israel: the officer in charge of> numbering at the Ministry> of Communication; the intelligent Identity Card initiative at the> Ministry of Finance; the ISBN> registrar in Israel; the Israel Bar Code Association and others. I had> the pleasure to prepare> a brief and introduce ENUM and the RFC2806 and some of the projects> implementing it to> the relevant officer at the Ministry of Communication.> The Board of the Israel Internet Association decided that the renewed> URI initiative of the W3C> is of enough importance to warrant the necessary allocation of resources> for our active involvement.> We intend to participate actively in the initiative. We will continue> and have the relevant bodies in> Israel aware of its strategic implications and the need to embed it in> their schema development> work plans.> We are hiring Mr. Nahum Korda for this purpose. He is competent for the> task and has some> suggestions regarding URI development. I am sure that he is able to make> a significant> contribution and after consulting the latest documents he will expand on> that.> I am quite sure that, if necessary, our Board will provide for the> involvement of other paid> consultants in this process.>> Best regards,>> Dov>> Dov Winer> W3C AC Representative for the> Israel Internet Association ? ISOC-IL> dovw@isoc.org.il> ]]]]>> --> Dan Connolly, W3C http://www.w3.org/People/Connolly/",
            "docno": "lists-023-2149047",
            "received": "Mon Jun 16 11:30:28 2003",
            "isoreceived": "20030616153028",
            "sent": "Mon, 16 Jun 2003 11:30:21 -0400",
            "isosent": "20030616153021",
            "name": "Ray Denenberg",
            "email": "rden@loc.gov",
            "subject": "Re: ISOC-IL representative in the URI CG",
            "id": "3EEDE28D.6B4C1E45@loc.gov",
            "charset": "iso-8859-1",
            "inreplyto": "1054234974.4101.191.camel&#64;dirk.dm93.org",
            "expires": "-1",
            "to": " Dan Connolly<connolly@w3.org>\n",
            "cc": "public-uri-cg@w3.org\n"
        },
        {
            "body": "I agree with Leslie in the sense that I think it wouldbe good to check with the prospective participant tomake sure that his expectations reasonably match withthe purpose of the group. If that's the case, then Ithink this participation would be fine.Regards,    Martin.At 10:28 03/06/16 -0500, Dan Connolly wrote:>I'm still interested in opinions on this matter.>I gather the original message caught some of you>at a bad time, so here it is again.>>Please do reply. I don't think we>need a teleconference to discuss this, but I>do need at least a few explicit replies.>>On Thu, 2003-05-29 at 14:02, Dan Connolly wrote:> > The Israel Internet Association (http://www.isoc.org.il)> > is a W3C member. Their advisory committee representative> > has asked that they be represented in the URI CG> > by Mr. Nahum Korda; details about what ISOC-IL does> > and how it relates to this CG are below.> >> > You may recall...> >> >   \"Membership of the group consists of liaisons from the> >   various related activities. The URI CG may decide> >   (by consensus) to add relationships.\"> >   -- http://www.w3.org/2001/12/URI/#Membership> >> > I talked with my co-chair, Norm, about mechanisms for> > making such a decision... a telcon seems like overkill...> > we agreed that the chair can put a question to the group;> > if it's seconded and nobody objects after a week or so,> > we'll announce that we've achieved consensus.> >> > So... I propose that Mr. Korda join us to represent> > ISOC-IL. Anybody else think this is a good idea?> > Or a bad idea?> >> >> > Details from ISOC-IL:> >> > [[[[> > Regarding the Israel Internet Association (http://www.isoc.org.il ):> > We have national responsibilities regarding the Internet and Information> > Society in Israel.> > We maintain the IIX (Israel Internet exchange) and are in charge of> > domain name> > registration under the TLD .IL. We make every effort to update and> > involve relevant> > academic, governmental, industrial, professional and other public bodies> > on Internet> > developments. We represent Israel in the main relevant international> > bodies dealing> > with Internet governance and protocols development.> > Last year we have organized a Semantic Web seminar in cooperation with> > the European> > Commission. Almost all relevant academic and professional bodies in> > Israel sponsored this> > initiative. Most of them were, until then, not very much aware of the> > relevance of the Semantic> > Web (see: http://www.ejewish.info/reka/sw).> >> >> > Regarding the URI initiative coordinating group:> > Following your announcement of the renewal of the W3C URI activity I> > have contacted some> > of the main schema maintainers in Israel: the officer in charge of> > numbering at the Ministry> > of Communication; the intelligent Identity Card initiative at the> > Ministry of Finance; the ISBN> > registrar in Israel; the Israel Bar Code Association and others. I had> > the pleasure to prepare> > a brief and introduce ENUM and the RFC2806 and some of the projects> > implementing it to> > the relevant officer at the Ministry of Communication.> > The Board of the Israel Internet Association decided that the renewed> > URI initiative of the W3C> > is of enough importance to warrant the necessary allocation of resources> > for our active involvement.> > We intend to participate actively in the initiative. We will continue> > and have the relevant bodies in> > Israel aware of its strategic implications and the need to embed it in> > their schema development> > work plans.> > We are hiring Mr. Nahum Korda for this purpose. He is competent for the> > task and has some> > suggestions regarding URI development. I am sure that he is able to make> > a significant> > contribution and after consulting the latest documents he will expand on> > that.> > I am quite sure that, if necessary, our Board will provide for the> > involvement of other paid> > consultants in this process.> >> > Best regards,> >> > Dov> >> > Dov Winer> > W3C AC Representative for the> > Israel Internet Association  x ISOC-IL> > dovw@isoc.org.il> > ]]]]>>-->Dan Connolly, W3C http://www.w3.org/People/Connolly/",
            "docno": "lists-023-2160537",
            "received": "Mon Jun 16 14:45:45 2003",
            "isoreceived": "20030616184545",
            "sent": "Mon, 16 Jun 2003 14:23:43 -0400",
            "isosent": "20030616182343",
            "name": "Martin Duerst",
            "email": "duerst@w3.org",
            "subject": "Re: ISOC-IL representative in the URI CG",
            "id": "4.2.0.58.J.20030616142151.073539a8@localhost",
            "charset": "ISO-2022-JP",
            "inreplyto": "1055777326.27167.131.camel&#64;dirk.dm93.org",
            "expires": "-1",
            "to": " Dan Connolly<connolly@w3.org>,public-uri-cg@w3.org\n"
        },
        {
            "body": "I'm having troubles reconciling the exact purpose of thisgroup and what such a paid consultant would be able todo with/for/within it.I'm a little concerned that ISOC-IL is looking for thisgroup to be doing something it isn't; or perhaps I'm justmissing the link that is obvious to them.Can you share some insight?Leslie.Dan Connolly wrote:> The Israel Internet Association (http://www.isoc.org.il)> is a W3C member. Their advisory committee representative> has asked that they be represented in the URI CG> by Mr. Nahum Korda; details about what ISOC-IL does> and how it relates to this CG are below.>> You may recall...>>   \"Membership of the group consists of liaisons from the>   various related activities. The URI CG may decide>   (by consensus) to add relationships.\">   -- http://www.w3.org/2001/12/URI/#Membership>> I talked with my co-chair, Norm, about mechanisms for> making such a decision... a telcon seems like overkill...> we agreed that the chair can put a question to the group;> if it's seconded and nobody objects after a week or so,> we'll announce that we've achieved consensus.>> So... I propose that Mr. Korda join us to represent> ISOC-IL. Anybody else think this is a good idea?> Or a bad idea?>>> Details from ISOC-IL:>> [[[[> Regarding the Israel Internet Association (http://www.isoc.org.il ):> We have national responsibilities regarding the Internet and Information> Society in Israel.> We maintain the IIX (Israel Internet exchange) and are in charge of> domain name> registration under the TLD .IL. We make every effort to update and> involve relevant> academic, governmental, industrial, professional and other public bodies> on Internet> developments. We represent Israel in the main relevant international> bodies dealing> with Internet governance and protocols development.> Last year we have organized a Semantic Web seminar in cooperation with> the European> Commission. Almost all relevant academic and professional bodies in> Israel sponsored this> initiative. Most of them were, until then, not very much aware of the> relevance of the Semantic> Web (see: http://www.ejewish.info/reka/sw).>>> Regarding the URI initiative coordinating group:> Following your announcement of the renewal of the W3C URI activity I> have contacted some> of the main schema maintainers in Israel: the officer in charge of> numbering at the Ministry> of Communication; the intelligent Identity Card initiative at the> Ministry of Finance; the ISBN> registrar in Israel; the Israel Bar Code Association and others. I had> the pleasure to prepare> a brief and introduce ENUM and the RFC2806 and some of the projects> implementing it to> the relevant officer at the Ministry of Communication.> The Board of the Israel Internet Association decided that the renewed> URI initiative of the W3C> is of enough importance to warrant the necessary allocation of resources> for our active involvement.> We intend to participate actively in the initiative. We will continue> and have the relevant bodies in> Israel aware of its strategic implications and the need to embed it in> their schema development> work plans.> We are hiring Mr. Nahum Korda for this purpose. He is competent for the> task and has some> suggestions regarding URI development. I am sure that he is able to make> a significant> contribution and after consulting the latest documents he will expand on> that.> I am quite sure that, if necessary, our Board will provide for the> involvement of other paid> consultants in this process.>> Best regards,>> Dov>> Dov Winer> W3C AC Representative for the> Israel Internet Association ? ISOC-IL> dovw@isoc.org.il> ]]]]>>---------------------------------------------------------------------\"Reality:Yours to discover.\"-- ThinkingCatLeslie Daigleleslie@thinkingcat.com-------------------------------------------------------------------",
            "docno": "lists-023-2125220",
            "received": "Tue Jun  3 16:36:14 2003",
            "isoreceived": "20030603203614",
            "sent": "Tue, 03 Jun 2003 16:37:00 -0400",
            "isosent": "20030603203700",
            "name": "Leslie Daigle",
            "email": "slie@thinkingcat.com",
            "subject": "Re: ISOC-IL representative in the URI CG",
            "id": "3EDD06EC.6010203@thinkingcat.com",
            "charset": "windows-1251",
            "inreplyto": "1054234974.4101.191.camel&#64;dirk.dm93.org",
            "expires": "-1",
            "to": " Dan Connolly<connolly@w3.org>\n",
            "cc": "public-uri-cg@w3.org\n"
        },
        {
            "body": "I'm having troubles reconciling the exact purpose of thisgroup and what such a paid consultant would be able todo with/for/within it.I'm a little concerned that ISOC-IL is looking for thisgroup to be doing something it isn't; or perhaps I'm justmissing the link that is obvious to them.Can you share some insight?Leslie.Dan Connolly wrote:> The Israel Internet Association (http://www.isoc.org.il)> is a W3C member. Their advisory committee representative> has asked that they be represented in the URI CG> by Mr. Nahum Korda; details about what ISOC-IL does> and how it relates to this CG are below.>> You may recall...>>   \"Membership of the group consists of liaisons from the>   various related activities. The URI CG may decide>   (by consensus) to add relationships.\">   -- http://www.w3.org/2001/12/URI/#Membership>> I talked with my co-chair, Norm, about mechanisms for> making such a decision... a telcon seems like overkill...> we agreed that the chair can put a question to the group;> if it's seconded and nobody objects after a week or so,> we'll announce that we've achieved consensus.>> So... I propose that Mr. Korda join us to represent> ISOC-IL. Anybody else think this is a good idea?> Or a bad idea?>>> Details from ISOC-IL:>> [[[[> Regarding the Israel Internet Association (http://www.isoc.org.il ):> We have national responsibilities regarding the Internet and Information> Society in Israel.> We maintain the IIX (Israel Internet exchange) and are in charge of> domain name> registration under the TLD .IL. We make every effort to update and> involve relevant> academic, governmental, industrial, professional and other public bodies> on Internet> developments. We represent Israel in the main relevant international> bodies dealing> with Internet governance and protocols development.> Last year we have organized a Semantic Web seminar in cooperation with> the European> Commission. Almost all relevant academic and professional bodies in> Israel sponsored this> initiative. Most of them were, until then, not very much aware of the> relevance of the Semantic> Web (see: http://www.ejewish.info/reka/sw).>>> Regarding the URI initiative coordinating group:> Following your announcement of the renewal of the W3C URI activity I> have contacted some> of the main schema maintainers in Israel: the officer in charge of> numbering at the Ministry> of Communication; the intelligent Identity Card initiative at the> Ministry of Finance; the ISBN> registrar in Israel; the Israel Bar Code Association and others. I had> the pleasure to prepare> a brief and introduce ENUM and the RFC2806 and some of the projects> implementing it to> the relevant officer at the Ministry of Communication.> The Board of the Israel Internet Association decided that the renewed> URI initiative of the W3C> is of enough importance to warrant the necessary allocation of resources> for our active involvement.> We intend to participate actively in the initiative. We will continue> and have the relevant bodies in> Israel aware of its strategic implications and the need to embed it in> their schema development> work plans.> We are hiring Mr. Nahum Korda for this purpose. He is competent for the> task and has some> suggestions regarding URI development. I am sure that he is able to make> a significant> contribution and after consulting the latest documents he will expand on> that.> I am quite sure that, if necessary, our Board will provide for the> involvement of other paid> consultants in this process.>> Best regards,>> Dov>> Dov Winer> W3C AC Representative for the> Israel Internet Association ? ISOC-IL> dovw@isoc.org.il> ]]]]>>---------------------------------------------------------------------\"Reality:Yours to discover.\"-- ThinkingCatLeslie Daigleleslie@thinkingcat.com-------------------------------------------------------------------",
            "docno": "lists-023-2113047",
            "received": "Tue Jun  3 16:36:14 2003",
            "isoreceived": "20030603203614",
            "sent": "Tue, 03 Jun 2003 16:37:00 -0400",
            "isosent": "20030603203700",
            "name": "Leslie Daigle",
            "email": "slie@thinkingcat.com",
            "subject": "Re: ISOC-IL representative in the URI CG",
            "id": "1059641438.IAA22192@phantom.w3.org",
            "charset": "windows-1251",
            "inreplyto": "1054234974.4101.191.camel&#64;dirk.dm93.org",
            "expires": "-1",
            "to": " Dan Connolly<connolly@w3.org>\n",
            "cc": "public-uri-cg@w3.org\n"
        }
    ]
}