{
    "id": "candidate-0957",
    "name": "Stephen Williams",
    "gender": "MALE",
    "email": "sdw@lig.net",
    "mails": [
        {
            "body": "Actually, the NEWS specification (RFC 1026) requires the space, whilethe MAIL specification (RFC 822) does not.Do we care?Harald A",
            "docno": "lists-034-11845673",
            "received": "Tue Jan 17 15:54:01 1995 EST",
            "sent": "Tue, 17 Jan 1995 11:14:19 +0100",
            "name": "Harald.T.Alvestrand@uninett.no",
            "email": "Harald.T.Alvestrand@uninett.no",
            "subject": "Re: mailserver scheme, third round",
            "id": "199501171014.LAA06250@dale.uninett.no",
            "inreplyto": "ab40a2470602100304b5@[165.227.40.37]",
            "to": " ietf-lists@proper.com (Paul Hoffman)\n",
            "cc": " sdw@lig.net (Stephen D. Williams), berg@pool.informatik.rwth-aachen.de,04b5@[165.227.40.37]>\n"
        },
        {
            "body": "sdw@lig.net (Stephen D. Williams) writes:>That is part of why I say that having user configured filtering at>an ISP level proxy is a perfect way to introduce ratings/filtering/selectingi've been thinking about a proxy-based system for a few weeks as areplacement for the surfwatch type distributed list systems. instead,an organization runs a proxy server programmed with their list ofeither inclusive or exclusive URLs, and users simply proxy off of<filter.pope.org> or <filter.aclu.org> or whatever organization theuser feels will serve their desires. browsers could have passwordprotection on the proxy field to prevent kids from changing it to<proxy.playboy.com>.the effort involved here is hacking a proxy daemon to check an accesscontrol list before fetching a URL, and building these ACLs (the trulyhard part.) but in the absence of self-labeled material or suitable AIto distinguish between \"dirty\" and \"clean\" content, ACLs will probablybe a fact of life.this certainly involves less work than where the server recreatesdirecotry trees and users fill out cgi-forms to determine what contentthey want to recieve and so forth. i think we're talking about mostly thesame thing, but you seem to be heading towards something moreelaborate than i am. i'm looking for third parties to createproxy-filters, and users to choose one based on whom they think mostmatches their interests.but i am convinced of the proxy-based solution as it solves otherproblems. this system is pretty scalable, since people will naturallychoose many different proxy servers, the load is spread out. sitesthat get heavy traffic can have several proxy machines servingrequests in round robin. one organization can have several levels offiltering by having different proxy machines. the motion pictureassociation could have <x-rated.mpa.com> and<g-rated.mpa.com>. services could charge for this proxy service,probably by some sort of subscription, and deny all connections notfrom subscribers.this system allows for many many different viewpoints to beaccomodated, while providing a scalable, fundable, least effortdesign without mucking with existing protocols or having to attachadditional information to existing documents.comments?-avi",
            "docno": "lists-034-13810763",
            "received": "Tue Jun 20 14:14:36 1995 EST",
            "sent": "Tue, 20 Jun 1995 14:08:58 -0400",
            "name": "Avi Harris Baumstein",
            "email": "vi@clas.ufl.edu",
            "subject": "Re: Criticism of Kidcode (was Re: KidCode: Next steps )",
            "id": "199506201809.OAA02990@cutter.clas.ufl.edu",
            "inreplyto": "m0sO7V2-0009yNC@sdwsys",
            "to": " sdw@lig.net (Stephen D. Williams)\n",
            "cc": " nazgul@utopia.com (Kee Hinckley), lilley@afs.mcc.ac.uk,<m0sO7V2-0009yNC@sdwsys>\n"
        },
        {
            "body": ">I agree, but don't have time to look it up today, that the spec requires>a space after the :...  Almost positive, and I've seen parsing code>that insists on it.  Just as the blank line delimits the header,>the space delimits the tag.  (Technically, the colon does, and I>wouldn't want to try having a : in the tag, but the space further>delimits it.)I don't know the insides of the parsers, but I think I know how to readRFC822. From the spec:3.1.2.  STRUCTURE OF HEADER FIELDSOnce a field has been unfolded, it may be viewed as being com-posed of a field-name followed by a colon (\":\"), followed by afield-body, and  terminated  by  a  carriage-return/line-feed.The  field-name must be composed of printable ASCII characters(i.e., characters that  have  values  between  33.  and  126.,decimal, except colon).  The field-body may be composed of anyASCII characters, except CR or LF.  (While CR and/or LF may bepresent  in the actual text, they are removed by the action ofunfolding the field.). . .3.2.  HEADER FIELD DEFINITIONS. . .field       =  field-name \":\" [ field-body ] CRLF. . .I don't see any space in there.>Why reply if I don't have time to get the spec?  I don't know...You mean you don't carry a copy around with you? :-)",
            "docno": "lists-034-11841524",
            "received": "Mon Jan 16 17:26:09 1995 EST",
            "sent": "Mon, 16 Jan 1995 14:27:12 -0800",
            "name": "Paul Hoffman",
            "email": "tf-lists@proper.com",
            "subject": "Re: mailserver scheme, third round",
            "id": "ab40a2470602100304b5@[165.227.40.37]",
            "inreplyto": "mailserver scheme, third round",
            "to": " sdw@lig.net (Stephen D. Williams)\n",
            "cc": " berg@pool.informatik.rwth-aachen.de, uri@bunyip.com\n"
        },
        {
            "body": "> At 3:41 PM 6/19/95, lilley wrote:> >Those influential (and monied) groups who care about such things can then> >finance the proxies and their URC resolvers to implement whatever type> >of cens^H^H^H^Hfiltering is desired.> A proxy based system really doesn't scale, money or no-money.I think you're wrong: All ISP's, companies, and Internet sites with morethan a few users should have proxies for http, ftp, nntp (Newsserversare the most common proxy of course).  Of course single global proxiesdon't work, but neither would a small set of central news servers.Local proxies (aggregating gateways) Reduce load on upstream sites.This causes the whole net to scale better.That is part of why I say that having user configured filtering atan ISP level proxy is a perfect way to introduce ratings/filtering/selecting.I'm pressed for time now, so I'm slow in implementing the following, butI'll put out the design in case anyone has time on their hands:(This assumes you've read my previous postings to rating@junction.net. Emailfor a repeat.  Note that I spent a fair amount of time researching possiblemeta-data formats.  There are several competing 'future standards' currently.)Create a form that allows a user to select filtering information forprimary and secondary users (children).  Also allow selection of metainformation to be categorized or search upon.  This could be usedto highlight desired information that is new.  (from www-announce, site-wide.meta files, comprehensive ratings servers, etc.)I'm planning on creating a cgi program that compares it's arguments witha database of sites, users, and cached information.  To begin with, itwould match based on IP address.  Later, it would prompt for user informationat the beginning of a session.Either through configuration or through modifications (I'm going to either usercern_http or spinner), map all URL's to /cgi-bin/filter/*.  For each document,access a local .meta file, then site/.meta, then site/directory/.meta, thenURL.meta, in reverse order.  Read document, scanning for > tags.Create the cached URL.meta file.Compare to user settings.Either return document, or return page showing why page was unavailable.For a user to use, they only have to point their client to this proxy server.> Kee Hinckley      Utopia Inc. - Cyberspace Architects=81    617/721-6100> nazgul@utopia.com                               http://www.utopia.com/> I'm not sure which upsets me more: that people are so unwilling to accept> responsibility for their own actions, or that they are so eager to regulate> everyone else's.sdw--Stephen D. Williams 25Feb1965 VW,OH (FBI ID) sdw@lig.net http://www.lig.net/sdwConsultant, Vienna,VA Mar95- 703-918-1491W 43392 Wayside Cir.,Ashburn, VA 22011OO/Unix/Comm/NN       ICBM/GPS: 39 02 37N, 77 29 16W home, 38 54 04N, 77 15 56WPres.: Concinnous Consulting,Inc.;SDW Systems;Local Internet Gateway Co.;28May95",
            "docno": "lists-034-13796926",
            "received": "Tue Jun 20 13:08:57 1995 EST",
            "sent": "Tue, 20 Jun 1995 13:54:07 -0400 (EDT)",
            "name": "Stephen D. Williams",
            "email": "sdw@lig.net",
            "subject": "Re: Criticism of Kidcode (was Re: KidCode: Next steps )",
            "id": "m0sO7V2-0009yNC@sdwsys",
            "inreplyto": "v02120d12ac0ca54ccfa4@[204.57.39.3]",
            "to": " nazgul@utopia.com (Kee Hinckley)\n",
            "cc": " lilley@afs.mcc.ac.uk, m.koster@nexor.co.uk, nsb@nsb.fv.com,0, 95 12:37:45 pm\n"
        },
        {
            "body": "...> Here is another related thought.  There seem to be three kinds of URLs> that correspond to the underlying communication modes.  The mailto and> mailserver schemes send a message but don't expect a message in return> (there may or may not be a return mail message).  Most schemes send a> message and expect a single return message (even if it may be> multi-part).  Some schemes, such as telnet and z3950s, start up a> session for sending and receiving multiple messages.  These three> modes of communication seem to cover the territory completely.I would like to amplify the last mode:  I've always been botheredthat httpd/www is very screen/batch oriented (a la 3270 SEND, althoughcarried to a wonderful conclusion) and didn't have a good wayof doing session oriented connections.Some ideas which should be possible right in the browser with noother changes other than the ability to listen for continuous streamsof html:logging, monitoring, updates, interactive games (multi user, temporal),stocks, weather, chatting systems (IRC interface!), etc.These could benefit by having an html client and being integrated.Pragmatically we probably don't want to go too far along the spectrumfrom current modes to full X Windows support, but I think a little more isneeded.And of course, the 3D/VR generation of WWW may have combinations ofall of these or possibly a new paradigm.> Daniel LaLiberte (liberte@ncsa.uiuc.edu)> National Center for Supercomputing Applications> http://union.ncsa.uiuc.edu/~liberte/sdw--Stephen D. Williams    25Feb1965 VW,OH      sdw@lig.net http://www.lig.net/sdwSenior Consultant      510.503.9227 CA Page 513.496.5223 OH Page BA Aug94-Dec95OO R&D AI:NN/ES crypto     By Buggy: 2464 Rosina Dr., Miamisburg, OH 45342-6430Firewalls/WWW servers ICBM: 39 38 34N 84 17 12W home, 37 58 41N 122 01 48W workPres.: Concinnous Consulting,Inc.;SDW Systems;Local Internet Gateway Co.29Nov94",
            "docno": "lists-034-11791401",
            "received": "Wed Jan 11 16:28:05 1995 EST",
            "sent": "Wed, 11 Jan 1995 16:31:31 +0000 (GMT)",
            "name": "Stephen D. Williams",
            "email": "sdw@lig.net",
            "subject": "Re: Second round for new URL scheme (mailserver)",
            "id": "m0rS5xM-0009v8C@sdwsys",
            "inreplyto": "9501111746.AA21862@void.ncsa.uiuc.edu",
            "to": " liberte@ncsa.uiuc.edu (Daniel LaLiberte)\n",
            "cc": " uri@bunyip.comJan 11, 95 11:46:11 am\n"
        },
        {
            "body": "> Thank you for all the comments on pre-draft 1. Below is pre-draft 2, which> I think answers all the issues brought up. In doing so, it also opens a few> more that should be discussed before I commit it to full IETF draft-hood.> Security: I added a discussion about the need for client software to show> the user the full message before sending it.> Name: Based on Dirk's OK, I changed the name of the scheme to \"mailserver\",I wish nice short 'ms' was more in favor...> which is already quasi-reserved in RFC1738. After reading the pros and> cons, I still chose not to try to extend mailto because I'm pretty sure> many current versions of Web clients will break if I did. This is not to> say that we can't make changes to any existing schemes. However, the> changes made here are new fields and the URLs need to be parsed completely> differently. To me, the makes \"mailto\" useful for people and \"mailserver\"> useful for, well, mail servers.> Scalability: Dirk pointed out that whatever we do now should be made> scalable so that it doesn't have to be revised later (and to prevent the> need for a third \"mailxxx\" scheme!). Thus, I added the optional additional> headers at the end of the URL, and pointed out the security problems of> them.> Encoding: I added notes about encoding.> If there aren't any big problems shown this week, I'll turn this into a> real IETF draft and let the folks at the IANA know that \"mailserver\" has a> draft definition. I'll also contact the big Web client writers so that it> can be included.> --Paul Hoffman> ===============> Status of this memo> <insert generic Internet Draft preamble here>> Abstract> A new URL scheme, \"mailserver\", is defined. It allows mail client software> to create RFC822 mail messages from a URL.> Description> In the URL specification, RFC1738, the \"mailto\" scheme is defined and is> described as:>      Unlike many URLs, the mailto scheme does not represent a data>      object to be accessed directly; there is no sense in which it designates>      an object.> However, there are many resources on the Internet that can only be accessed> by mail that cannot be described by the mailto scheme. To access such an> object, the mail message must have a specified subject and/or content. For> instance, many mail response servers will return a file if you send a mail> message with the proper request.> The \"mailserver\" URL has the form:>      mailserver:<rfc822-addr-spec>/<subject>//[<other-headers>]As noted, this is better:mailserver:<rfc822-addr-spec>/headers:dat///<lines>Issues:'variables': full name (needed for some listservs), mailfrom, formentriesForm data formatted into messageEncoding typesPossible support for email forms: structured ascii, EDI/MIME, etc.Although some of these can't be implemented easily, the syntax shouldexpect them.  Variable expansion might be hard, but needed.How about ${name} style.> Client software would prepare a mail message with the <subject> text as the> subject and the  text as the body of the message.> Thus, the \"mailto\" scheme will be used to give the mailing address of a> person or of a mailserver that requires no subject or message body; the> \"mailserver\" scheme is used to give a template that will cause the> specified resource to be returned.> Examples> A URL for a mail response system that requires the name of the file in the> subject might be:> <mailserver:infobot@kwf.com/current-issue//>> A mail response system that requires a \"send\" request in the body might> have a URL that looks like:> <mailserver:infobot@kwf.com//send%20current-issue/>> The \"mailserver\" scheme would also help people get another type of Internet> resource, namely mailing lists. For example:> <mailserver:majordomo@kwf.com//subscribe%20bamboo-l>> Encoding> RFC1738 requires that many characters in URLs be encoded. This affects the> mailserver scheme for some common characters that might appear in subjects> or message contents. Two such characters are space (\" \", ASCII hex 20) and> forward slash (\"/\", ASCII hex 2F). Note the two examples above that use> \"%20\" for space in the message body.> People creating mailserver URLs must be careful to encode any reserved> characters that are used in the URLs so that properly-written URL> interpreters can read them. Also, client software that reads URLs must be> careful to decode strings before creating the mail message so that the mail> messages appear in a form that the recipient will understand.> Additional headers> A mailserver URL can include additional headers for the client software to> add to the message. Each header is in the form:> <header-name>:<text>/> Thus, a URL with a \"bcc:\" header might look like:> <mailserver:infobot@kwf.com/current-issue//bcc:jean@kwf.com/>> See the \"Security\" section below for important considerations for using> additional headers.> Additional BNF for RFC1738> mailserverurl    = \"mailserver:\" encoded822addr \"/\" subject_text \"/\">                    body_text \"/\" *[extra_header \"/\"]> subject_text     = *[uchar]> body_text        = *[uchar]> extra_header     = encoded822header \":\" extra_text> encoded822header = 1*xchar  ; further defined in RFC822> extra_text       = *[uchar]> Security> The mailserver scheme is intended to send a message from one user to> another, and thus can introduce many security concerns. Mail messages can> be logged at the originating site, the recipient site, and intermediary> sites along the delivery path. If the messages are not encoded, they can> also be read at any of those sites.> A mailserver URL gives a template for a message that can be sent by mail> client software. The contents of that template may be opaque or difficult> to read by the user at the time of specifying the URL. Thus, a mail client> should never send a message based on a mailserver URL without first showing> the user the full message that will be sent (including all headers,> including those specified in the URL) and asking the user for approval to> send the message. Examples of problems with sending unapproved mail> include:> - mail that breaks laws upon delivery, such as making illegal threats> - mail that identifies the sender as someone interested in breaking laws> - mail that identifies the sender to an unwanted third party> - mail that causes a financial charge to be incurred on the sender> - mail that causes an action on the recipient machine that causes damage> that might be attributed to the sender> If a mailserver URL has additional headers, these headers can cause> security problems, such as identifying the sender to a malicious third> party. Further, the additional headers can cause undefined actions in some> mail programs that may compromise security. Security-conscious mail clients> should scrutinize the additional headers and their contents before> including them in mail messages; some clients might even choose to ignore> some or all of the additional headers in a URL.> Author contact information:> Paul E. Hoffman> Proper Publishing> 127 Segre Place> Santa Cruz, CA  95060 USA> Tel: 408-426-6222> phoffman@proper.com--Stephen D. Williams    25Feb1965 VW,OH      sdw@lig.net http://www.lig.net/sdwSenior Consultant      510.503.9227 CA Page 513.496.5223 OH Page BA Aug94-Dec95OO R&D AI:NN/ES crypto     By Buggy: 2464 Rosina Dr., Miamisburg, OH 45342-6430Firewalls/WWW servers ICBM: 39 38 34N 84 17 12W home, 37 58 41N 122 01 48W workPres.: Concinnous Consulting,Inc.;SDW Systems;Local Internet Gateway Co.29Nov94",
            "docno": "lists-034-11754054",
            "received": "Wed Jan 11 01:58:33 1995 EST",
            "sent": "Wed, 11 Jan 1995 02:02:00 +0000 (GMT)",
            "name": "Stephen D. Williams",
            "email": "sdw@lig.net",
            "subject": "Re: Second round for new URL scheme (mailserver)",
            "id": "m0rRsNt-0009vAC@sdwsys",
            "inreplyto": "ab3775cf000210038cd0@DialupEudora",
            "to": " ietf-lists@proper.com (Paul Hoffman)\n",
            "cc": " uri@bunyip.com95 04:16:41 pm\n"
        },
        {
            "body": "> >Just a random thought: RFC822 does not require a space to follow the> >delimiting colon of a field name.  So, does this mean that your example> >merely describes a Subject field without a leading space?  Or does it> >mean that the mailserver URL should always cause a space to be added> >in the final message?I agree, but don't have time to look it up today, that the spec requiresa space after the :...  Almost positive, and I've seen parsing codethat insists on it.  Just as the blank line delimits the header,the space delimits the tag.  (Technically, the colon does, and Iwouldn't want to try having a : in the tag, but the space furtherdelimits it.)Why reply if I don't have time to get the spec?  I don't know...> Neither. It means that, even though most of us are used to seeing things> like \"Subject: list\" in our mail clients, people should not create URLs> like <mailserver://bigstate.edu/Subject:%20list/>. The leading space (which> must be encoded) is superfluous, and may be confusing to some mail servers> who expect no leading whitespace in the Subject header.> --Paul Hoffman> --Proper Publishing--Stephen D. Williams    25Feb1965 VW,OH      sdw@lig.net http://www.lig.net/sdwSenior Consultant      510.503.9227 CA Page 513.496.5223 OH Page BA Aug94-Dec95OO R&D AI:NN/ES crypto     By Buggy: 2464 Rosina Dr., Miamisburg, OH 45342-6430Firewalls/WWW servers ICBM: 39 38 34N 84 17 12W home, 37 58 41N 122 01 48W workPres.: Concinnous Consulting,Inc.;SDW Systems;Local Internet Gateway Co.29Nov94",
            "docno": "lists-034-11837060",
            "received": "Mon Jan 16 16:49:15 1995 EST",
            "sent": "Mon, 16 Jan 1995 16:52:14 +0000 (GMT)",
            "name": "Stephen D. Williams",
            "email": "sdw@lig.net",
            "subject": "Re: mailserver scheme, third round",
            "id": "m0rTufC-0009v9C@sdwsys",
            "inreplyto": "ab4087e005021003d063@[165.227.40.37]",
            "to": " ietf-lists@proper.com (Paul Hoffman)\n",
            "cc": " berg@pool.informatik.rwth-aachen.de, uri@bunyip.com16, 95 12:34:23 pm\n"
        },
        {
            "body": "> Kee Hinkley wrote:> > At 1:54 PM 6/20/95, Stephen D. Williams wrote:> > >> ???^^^^^^^^^^^> > >> At 3:41 PM 6/19/95, lilley wrote:> > >> >Those influential (and monied) groups who care about such things can the=> > n> > >> >finance the proxies and their URC resolvers to implement whatever type> > >> >of cens^H^H^H^Hfiltering is desired.> > >>> > >> A proxy based system really doesn't scale, money or no-money.> I would like to see some backup for this rather bold assertion.Not from me, watch for missing attribution...> Chris Lilley, Technical Authorsdw--Stephen D. Williams 25Feb1965 VW,OH (FBI ID) sdw@lig.net http://www.lig.net/sdwConsultant, Vienna,VA Mar95- 703-918-1491W 43392 Wayside Cir.,Ashburn, VA 22011OO/Unix/Comm/NN       ICBM/GPS: 39 02 37N, 77 29 16W home, 38 54 04N, 77 15 56WPres.: Concinnous Consulting,Inc.;SDW Systems;Local Internet Gateway Co.;28May95",
            "docno": "lists-034-13833639",
            "received": "Tue Jun 20 15:37:42 1995 EST",
            "sent": "Tue, 20 Jun 1995 16:23:26 -0400 (EDT)",
            "name": "Stephen D. Williams",
            "email": "sdw@lig.net",
            "subject": "Re: Criticism of Kidcode (was Re: KidCode: Next steps )",
            "id": "m0sO9pW-0009yNC@sdwsys",
            "inreplyto": "6627.9506201813@afs.mcc.ac.uk",
            "to": " lilley@afs.mcc.ac.uk (lilley)\n",
            "cc": " nazgul@utopia.com, sdw@lig.net, lilley@afs.mcc.ac.uk, m.koster@nexor.co.uk,56 pm\n"
        },
        {
            "body": "...> I have a modified version of named that allows a variety of> interesting games to be played in response to a domain name request.> One of the uses I put this to is to direct requests to multiple> IP addresses depending on the network of origin of the requestor.>> It attempts to address part of the \"appropriate retrieval decision\"> problem that some of you know I am concerned with.I've noticed this with a few sites, and it's on my list of thingsto investigate...   Is there a 'standard modified' version yet?I've also notice that telnet has built in handling of trying eachA record returned: I wish cern_http lib would do that.> </rr>>sdw--Stephen D. Williams    25Feb1965 VW,OH      sdw@lig.net http://www.lig.net/sdwSenior Consultant    513-865-9599 FAX/LIG   513.496.5223 OH Page BA Aug94-Feb95OO R&D AI:NN/ES crypto     By Buggy: 2464 Rosina Dr., Miamisburg, OH 45342-6430Firewall/WWW srvrs ICBM/GPS: 39 38 34N 84 17 12W home, 37 58 41N 122 01 48W wrkPres.: Concinnous Consulting,Inc.;SDW Systems;Local Internet Gateway Co.28Jan95",
            "docno": "lists-009-3310214",
            "received": "Sun Feb 12 15:32:19 1995",
            "isoreceived": "19950212203219",
            "sent": "Sun, 12 Feb 1995 18:31:49 +0000 (GMT)",
            "isosent": "19950212183149",
            "name": "Stephen D. Williams",
            "email": "sdw@lig.net",
            "subject": "Re: DNS vs HOME PAGE[S]?",
            "id": "m0rdj5P0009vAC@sdwsys",
            "charset": "USASCII",
            "inreplyto": "199502112322.AA05318&#64;ahhh.internet.com",
            "expires": "1",
            "to": "raisch@internet.com\n",
            "cc": "rv@deins.informatik.uni-dortmund.de,uri@bunyip.com,http-wg%cuckoo.hpl.hp.com@hplb.hpl.hp.com,connolly@hal.com,stumpf@informatik.tu-muenchen.de\n"
        },
        {
            "body": "> I have a concern I'd like to air.  Actually, it's more of a nagging feeling of> unease than a concern.  But here goes...> There is a question in my mind regarding the purpose to which we would like to> put URLs.  The crux of this question is that mailto: and mailserver: do not,I> believe, describe means which can be used to retrieve network resources.I view URLs as just that: a locator system (global naming system) ofresources.  That doesn't mean that they are all resources that returndata immediately as their only function.If you use 'access' instead of 'retrieve', I think you might see morepossibilities.  Also, I could easily see how a client could monitor(Yes, that implies a client/helper with pop3/imap builtin, whichI wish I had.)> I have always understood a URL to be composed of three important parts:>       - How we will retrieve the stated resource  -- (http, gopher, etc.)>       - From where we will retrieve a resource -- (host:port)>       - What resource we will retrieve -- (opaque URL specific info)> Rather than a prescription which can be used to retrieve network accessible> resources, these URLs provide a means of initiating a process, which can,> perhaps, initiate the retrieval of a network accessible resource -- through a> channel external to the browser, but is not necessarily required to.  We seem> to already have a method of initiating processes such as these, the CGI API,no?> Now, is it just me or does this grate on others as well?  I don't think thatwe> really understand what we did when we defined the mailto: URL, and guess I am> concerned how this will affect our understanding and the ultimate deploymentof> URNs.> Comments?>               </rr>--Stephen D. Williams    25Feb1965 VW,OH      sdw@lig.net http://www.lig.net/sdwSenior Consultant      510.503.9227 CA Page 513.496.5223 OH Page BA Aug94-Dec95OO R&D AI:NN/ES crypto     By Buggy: 2464 Rosina Dr., Miamisburg, OH 45342-6430Firewalls/WWW servers ICBM: 39 38 34N 84 17 12W home, 37 58 41N 122 01 48W workPres.: Concinnous Consulting,Inc.;SDW Systems;Local Internet Gateway Co.29Nov94",
            "docno": "lists-034-11748765",
            "received": "email and show a queue of received items to retrive.",
            "sent": "Wed, 11 Jan 1995 01:49:47 +0000 (GMT)",
            "name": "Stephen D. Williams",
            "email": "sdw@lig.net",
            "subject": "Re: Problem with mail URLs - was Re: Second round...",
            "id": "m0rRsC7-0009v8C@sdwsys",
            "inreplyto": "199501102047.AA10965@ahhh.internet.com",
            "to": " raisch@internet.com\n",
            "cc": " ietf-lists@proper.com, chrisf@sour.sw.oz.au, uri@bunyip.com,10, 95 03:48:06 pm\n"
        },
        {
            "body": "...> obstructionism.  We are, at the base, discussing how the content of> the Web will be understood and how we will interact with it in the> future; these are concerns as important as they are immediate.Exactly.  We have an opportunity to add value to existing and futuredata via metadata.>       For those who believe that there is an immediate need to> establish a reasonable, voluntary labelling scheme, Martijn Koster and> Ronald Daniel have made very cogent arguments about the need to keep> access control, labelling, and subject description apart.  RonaldI agree, although I don't think the mechanism should be separate.Only the values of the metadata and interpretation should differ.> Daniel's discussion of URC indicates a working group which is dealing> with this issue in a very cogent and complete manner.  For those who> need something more immediately, Martijn's work with Robot exclusion> may provide a workable, ready-to-hand solution.  According to the> Robot exclusion standard, robots check for a file called \"robots.txt\"> at any site they traverse; it lists user agent, then the partial URLMy take is that this could immediately take the form of .meta files./.meta for sitewide, /.../.meta for subtrees, and /.../filename.metafor file specific.  With the additional capability of embedding themetadata as tags in formats amenable to it (ie. HTML).  The .metafiles can be retrieved as simple files or automatically added toMIME headers, etc.  The use of the metadata can be multifaceted.Only general arenas and syntaxes of metadata need to be created now,and if done carefully will be extendable to adopt all the current andfuture projects relating to metadata.  (URC, OCLC, WWW.org, etc.)...>       Ultimately, of course, it's a hack, and it would need to be> replaced.  Several interesting methods for replacing it have been> discussed; I believe that the URC method with SOAPs covers the ground> very well.  I have also request to beta test the \"Silk\" URA, and I> encourage others interested in this issue to do the same; if it canLikewise...I think that the important points are defining the metadata format(meta meta data: ), immediate methods ofaccess to metadata if it can be done in an upward compatible way(naming conventions, proxy servers, trivially modified clients), andpersuit of very complete models of metadata, etc. access(URN/URC/URA)....> which don't interest them.  We should not be choosing for them what> might interest them or what they should ignore, and interim solutions> we may have that do that should make clear that even the author's> opinion of a work should not be its sole reference for appropriate> audience.>                       Regards,>                               Ted Hardie>                               NASA NAICI don't believe that many have seen my earlier proposals, so I'll reposthere:Subject: Re: New Internet Draft on protecting children AND free speechDate: Fri, 9 Jun 1995 01:03:39 -0400 (EDT)dnew@sgf.fv.com, nsb@nsb.fv.com> First all - I *have* read, digested, and thought about the KidCode> proposal.  Here are some points to ponder, both pro and con.Likewise...> 1)  This is not a \"bad\" idea per say, but there are some> realities that need to be applied to the idea of adding> \"KidCode\" into the name of everything....> 2) The rating authority section just touches on the idea....> 3) It might get the U.S. government off the idea of needing>    censorship laws, but I doubt it.  These are politicians who...Let me try to clarify the current proposed solutions, IMHO, so that wecan talk about pros and cons more clearly:Index: Goals - Meta Info - Retrieval Method - Misc - One DesignGoals:Prevent censorship (ie. via government laws, inuendo, etc.)Lower risk to providers of access and informationIncrease quality of information availableInsure longevity of openness of Internet communicationMake Internet access more 'safe' and controllable for minorsMeta Information to be added:Meta objects that contain implicitly or explicitly:Authority, Viewpoint, indexes/content/attributes(ICA), ICA typeICA info can be divided pretty broadly into factual infoand opinion/ratings with a fuzzy intersection.(Librarians believe for instance that they can indexand categorize in an objective matter.)Authority = Author, Other (commercial, group, gov's, schools)Viewpoint = Author, US, Iran, High School, etc. (estimatedfrom the expertise of the Authority; ie. I would beguessing about suitability for Iran with my currenthear-say knowledge.  One of the attributes couldindicate veracity.)Attributes (aka: content, indexes, ratings, etc.) = any kindof system of meta information.  Objective, factualattributes being clearly defined measures (body count,number of erogenous zones, mention of electronmicroscopes).  Subjective, opinion information (ie.ratings) being suitability for ages, status,societies, etc.ICA Type = Attribute format/standard indicator.  Could beKidCode, URC's, LC, CC, etc.There are lots of possible policy, usage, filtering,deployment, etc. issues that are relavent.Retrieval Method:Technical details by which meta information and filteringspecs are fed to a meta-info comparator and a decision is madeabout what action to take by a browser (or browser proxy).Designs on the table (that I noticed):Document Tags (html) (META or CONTENT tag, URC's, etc.)Header Tags (rfc822/news version of Document Tags)Mime Tags (either as header or as multi-part document doc)Transaction (Radius?, html) server for retrieval clearing.Note that this could include hierarchies a la DNS,'feeds' a la Netnews(Usenet), subscription a lamailling lists, etc.  Could be positive and/ornegative.Server subtree wide meta retrievalCaching proxy with cached 'ratings' using any other method.(Note that this allows implementation now withoutchanging browser.  Also, for ppp, slip, etc. meansthat retrictions couldn't be bypassed easily.)URL encoding (KidCode.1)URL Forms encoding (KidCode.2)Misc:Multiple methods and attribute standards will need to besupported.  Multiple simultaneous meta-information sourcesneeds to be supported by the browser/browser proxy.Existing and emerging meta-information standards shouldbe adopted asap.  (I have a growing list now.)Mapping needs to be provided so that factual information canbe converted to ratings and so that minimal filteringselections can be matched against multiple authorities andattribute typings.This effort should be used to allow better ways to findinfo along with filtering out unwanted info.All types of communication should be covered: all IP,telnet, etc.  (This is mostly said by mentioning URL's.)Only the frame work needs to be standardized, although itwould be beneficial to have at least one sanctionedattribute typing standard to start using for immediatepurposes.News, as an example, could be done as Headers by Author, groupmessages (similar to a control message in my original scheme)and ratings servers by third parties, and groupwide default bycharter organizers.My favorite deployment path and meta standard is:Establish simple meta URL/www/html conventions (*.meta, plusdirectory .meta and system //.meta data) for retrieval of metainformation pertaining to a document.  Something easily cachable.Assemble current meta-info standards and either extend or createonly what's missing.Create one or more ratings server methods (http and radius possibly).Modify www proxy/caching servers (cern_httpd, etc.).  The advantageto this is a) modified clients aren't required, b) covers multipleprotocols, c) when used as the only method to get through a firewallis effective in preventing client side workarounds like reinstalling.Classification of type of account/filtering profile could be donebased on both static information about the account, ip address, etc.and also dynamically based on typing in a password to acurrent-session adult access form.Regarding c): I would be very upset if this were used to censor adultsand an proposing this only for the case where an ISP is sellingppp/slip access to a minor or a family that wishes to ensurerestrictions on their account.Then modify clients to allow personal filtering.Comments Requested.sdw--Stephen D. Williams 25Feb1965 VW,OH (FBI ID) sdw@lig.net http://www.lig.net/sdwConsultant, Vienna,VA Mar95- 703-918-1491W 43392 Wayside Cir.,Ashburn, VA 22011OO/Unix/Comm/NN       ICBM/GPS: 39 02 37N, 77 29 16W home, 38 54 04N, 77 15 56WPres.: Concinnous Consulting,Inc.;SDW Systems;Local Internet Gateway Co.;28May95",
            "docno": "lists-034-13860224",
            "received": "Tue Jun 20 18:48:08 1995 EST",
            "sent": "Tue, 20 Jun 1995 19:34:06 -0400 (EDT)",
            "name": "Stephen D. Williams",
            "email": "sdw@lig.net",
            "subject": "Re: Agent-mediated access, kidcode critiques, and community standards",
            "id": "m0sOCo3-0009u7C@sdwsys",
            "inreplyto": "199506201827.LAA09250@merlot.arc.nasa.gov",
            "to": " droelke@spirit.aud.alcatel.com (Daniel R. Oelke)\n",
            "cc": " caci@media.mit.edu, www-talk@www10.w3.org, rating@junction.net,\n"
        },
        {
            "body": "Stephen D. Williams wrote> I've noticed this with a few sites, and it's on my list of things> to investigate...   Is there a 'standard modified' version yet?>> I've also notice that telnet has built in handling of trying each> A record returned: I wish cern_http lib would do that.The Library of Common Code has for the last couple of releases had thisfeature. However, it does more than that: it caches all DNS lookups andwhen it finds a multihomed host, it times the connection, so that it onthe next request can select the fastest IP-address. If one IP-addressfails, the module tries the other ones until it finds one or all ofthem fails. This was first written to optimize transatlantic multihomedhosts of which info.cern.ch is one. I don't think that there are thatmany hosts of this type around for the moment, but it works for`normal' multihomed hosts as well.I have written some information but can't say the URL right now as I amhaving problems with AFS backup :-( That's why you might not be able toaccess the www.w3.org server depending on what IP-address you get. Thegeneral info page for the Library ishttp://www.w3.org/hypertext/WWW/Library/Status.htmlWe hope to get mailing lists back up in a couple of days. We are waitingfor some new machiens which will arrive next week.-- cheers --Henrik Frystyk",
            "docno": "lists-009-3335728",
            "received": "Sun Feb 12 16:13:33 1995",
            "isoreceived": "19950212211333",
            "sent": "Sun, 12 Feb 1995 19:11:24 +0500",
            "isosent": "19950212141124",
            "name": "Henrik Frystyk",
            "email": "frystyk@bay.lcs.mit.edu",
            "subject": "Re: DNS vs HOME PAGE[S]?",
            "id": "9502130011.AA00625@bay.lcs.mit.edu",
            "inreplyto": "DNS vs HOME PAGE[S]?",
            "expires": "1",
            "to": "raisch@internet.com,sdw@lig.net\n",
            "cc": "http-wg%cuckoo.hpl.hp.com@hplb.hpl.hp.com\n"
        },
        {
            "body": "At 1:54 PM 6/20/95, Stephen D. Williams wrote:>>>> At 3:41 PM 6/19/95, lilley wrote:>> >Those influential (and monied) groups who care about such things can the=n>> >finance the proxies and their URC resolvers to implement whatever type>> >of cens^H^H^H^Hfiltering is desired.>>>> A proxy based system really doesn't scale, money or no-money.>I think you're wrong: All ISP's, companies, and Internet sites with more>than a few users should have proxies for http, ftp, nntp (Newsservers>are the most common proxy of course).  Of course single global proxies>don't work, but neither would a small set of central news servers.Single global proxies are what was mentioned as an alternative.Your quick summary sound intriguiing, but too terse to evaluate.Kee Hinckley      Utopia Inc. - Cyberspace Architects=81    617/721-6100nazgul@utopia.com                               http://www.utopia.com/I'm not sure which upsets me more: that people are so unwilling to acceptresponsibility for their own actions, or that they are so eager to regulateeveryone else's.",
            "docno": "lists-034-13806879",
            "received": "Tue Jun 20 14:11:53 1995 EST",
            "sent": "Tue, 20 Jun 1995 14:03:34 -0400",
            "name": "Kee Hinckley",
            "email": "nazgul@utopia.com",
            "subject": "Re: Criticism of Kidcode (was Re: KidCode: Next steps )",
            "id": "v02120d16ac0cbc4835fd@[204.57.39.3]",
            "inreplyto": "Criticism of Kidcode (was Re: KidCode: Next steps )",
            "to": " sdw@lig.net (Stephen D. Williams)\n",
            "cc": " lilley@afs.mcc.ac.uk, m.koster@nexor.co.uk, nsb@nsb.fv.com,\n"
        },
        {
            "body": "> On Apr 12,  3:35pm, Renato Iannella wrote:> > If the URN denotes that uri.host.edu is the> > name server, what can happen if the ns is down?> >> > Since the \"uri\" part of the hostname is not> > specified in the URN, can we try uri2.host.edu ??> DNS allows more than one IP address to be associated with a single> FQDN. Typicaly proactice now is to do a gethostbyname(), look> at the first IP address, and fail if you can't talk with it. We> want client writers to be a little more tenacious in this. Keep> the list of addresses, try one. If it fails try another. Keep> doing that until you succeed or run out of IP addresses.I agree!  I was surprised when I noticed a Unix telnet client thatdid this.  It's a very good way to do load balancing.An option to determine the best available IP at a given time would alsobe nice.  It could measure round trip, hop count, and response time.> Ron Daniel Jr.                     email: rdaniel@lanl.gov> Advanced Computing Lab             voice: (505) 665 0597> MS B287                              fax: (505) 665 4939> Los Alamos National Laboratory      http://www.acl.lanl.gov/~rdaniel/> Los Alamos, NM  87545          tautology:\"Conformity is very popular\"--Stephen D. Williams 25Feb1965 VW,OH (FBI ID) sdw@lig.net http://www.lig.net/sdwSenior Consultant, Manhattan Feb95- | 513-865-9599 FAX/LIG 513.496.5223 OH PageOO R&D AI:NN/ES crypto DBMS RPC/CS  |2464 Rosina Dr., Miamisburg, OH 45342-6430Firewall/WWW srvrs|ICBM/GPS: 39 38 34N 84 17 12W home, 40 47 00N 73 58 00W wrkPres.: Concinnous Consulting,Inc.;SDW Systems;Local Internet Gateway Co.;1Mar95",
            "docno": "lists-034-10224112",
            "received": "Wed Apr 12 15:16:26 1995 EST",
            "sent": "Wed, 12 Apr 1995 14:11:45 +0000 (GMT)",
            "name": "Stephen D. Williams",
            "email": "sdw@lig.net",
            "subject": "Re: uri.host is down?",
            "id": "m0rz394-0009tGC@sdwsys",
            "inreplyto": "9504120925.ZM7767@macrdan.acl.lanl.gov",
            "to": " rdaniel@lanl.gov\n",
            "cc": " ren@dstc.edu.au, uri@bunyip.comApr 12, 95 09:03:04 am\n"
        },
        {
            "body": "Some mailservers require a special non-standard header (X-?)to indicate with mailing list is intended.  The Linux developerlists are this way, although I believe you can put the header inthe body if you can't affect the header.Priority, expiry, etc. and other things that might need to beignored should go there.  In other words: headers are easilyignored by software that doesn't understand them, while bodytext is usually required to be fully within some syntax.Thus headers are a good place to put 'hints', upwardcompatible enhancements, meta info, etc.> There are two issues: capabilities and syntax> One requirement for the capabilities of the 'mailserver' URL scheme is> that it be at least as capable as the \"message/external-body> access-type=mail-server\" outlined in RFC1521.TXT. Specifying subject> is important, but (at least by this criteria) header fields other than> subject isn't.  Being able to supply multi-line data is important.> I don't know if we have stronger requirements for \"mailserver\"; for> example, for fill in fields, etc., you might be better off having a> form with a ACTION=\"mailto:\" URL.--Stephen D. Williams    25Feb1965 VW,OH      sdw@lig.net http://www.lig.net/sdwSenior Consultant      510.503.9227 CA Page 513.496.5223 OH Page BA Aug94-Dec95OO R&D AI:NN/ES crypto     By Buggy: 2464 Rosina Dr., Miamisburg, OH 45342-6430Firewalls/WWW servers ICBM: 39 38 34N 84 17 12W home, 37 58 41N 122 01 48W workPres.: Concinnous Consulting,Inc.;SDW Systems;Local Internet Gateway Co.29Nov94",
            "docno": "lists-034-11796454",
            "received": "Wed Jan 11 17:17:25 1995 EST",
            "sent": "Wed, 11 Jan 1995 17:20:52 +0000 (GMT)",
            "name": "Stephen D. Williams",
            "email": "sdw@lig.net",
            "subject": "Re: Second round for new URL scheme (mailserver)",
            "id": "m0rS6j7-0009v8C@sdwsys",
            "inreplyto": "95Jan11.010728pst.2760@golden.parc.xerox.com",
            "to": " masinter@parc.xerox.com (Larry Masinter)\n",
            "cc": " uri@bunyip.comr\" at Jan 11, 95 01:07:19 am\n"
        },
        {
            "body": "Kee Hinkley wrote:> At 1:54 PM 6/20/95, Stephen D. Williams wrote:> >>> >> At 3:41 PM 6/19/95, lilley wrote:> >> >Those influential (and monied) groups who care about such things can the=> n> >> >finance the proxies and their URC resolvers to implement whatever type> >> >of cens^H^H^H^Hfiltering is desired.> >>> >> A proxy based system really doesn't scale, money or no-money.I would like to see some backup for this rather bold assertion.> >I think you're wrong: All ISP's, companies, and Internet sites with more> >than a few users should have proxies for http, ftp, nntp (Newsservers> >are the most common proxy of course).  Of course single global proxies> >don't work, but neither would a small set of central news servers.> Single global proxies are what was mentioned as an alternative.If you were referring to my original post, then no I was _not_ talkingabout a single global proxy to solve this! I was talking about local proxiesused to filter requests (and act as a local cache, of course) by talkingto a URC server. I do not see how that would not scale. The URC servers wouldof course be replicated, and communicate SAPs using peer networking - ratherlike the Harvest system.--Chris Lilley, Technical Author+-------------------------------------------------------------------+|       Manchester and North HPC Training & Education Centre        |+-------------------------------------------------------------------+| Computer Graphics Unit,             Email: Chris.Lilley@mcc.ac.uk || Manchester Computing Centre,        Voice: +44 161 275 6045       || Oxford Road, Manchester, UK.          Fax: +44 161 275 6040       || M13 9PL                            BioMOO: ChrisL                 ||     URI: http://info.mcc.ac.uk/CGU/staff/lilley/lilley.html       |+-------------------------------------------------------------------+|     \"The first W in WWW will not wait.\"   Fran=E7ois Yergeau        |+-------------------------------------------------------------------+",
            "docno": "lists-034-13815951",
            "received": "Tue Jun 20 14:15:03 1995 EST",
            "sent": "Tue, 20 Jun 1995 19:13:56 +0100 (BST)",
            "name": "lilley",
            "email": "y@afs.mcc.ac.uk",
            "subject": "Re: Criticism of Kidcode (was Re: KidCode: Next steps )",
            "id": "6627.9506201813@afs.mcc.ac.uk",
            "inreplyto": "v02120d16ac0cbc4835fd@[204.57.39.3]",
            "to": " nazgul@utopia.com (Kee Hinckley)\n",
            "cc": " sdw@lig.net, lilley@afs.mcc.ac.uk, m.koster@nexor.co.uk, nsb@nsb.fv.com,0, 95 02:03:34 pm\n"
        },
        {
            "body": "...> I have a modified version of named that allows a variety of> interesting games to be played in response to a domain name request.> One of the uses I put this to is to direct requests to multiple> IP addresses depending on the network of origin of the requestor.> It attempts to address part of the \"appropriate retrieval decision\"> problem that some of you know I am concerned with.I've noticed this with a few sites, and it's on my list of thingsto investigate...   Is there a 'standard modified' version yet?I've also notice that telnet has built in handling of trying eachA record returned: I wish cern_http lib would do that.>       </rr>sdw--Stephen D. Williams    25Feb1965 VW,OH      sdw@lig.net http://www.lig.net/sdwSenior Consultant    513-865-9599 FAX/LIG   513.496.5223 OH Page BA Aug94-Feb95OO R&D AI:NN/ES crypto     By Buggy: 2464 Rosina Dr., Miamisburg, OH 45342-6430Firewall/WWW srvrs ICBM/GPS: 39 38 34N 84 17 12W home, 37 58 41N 122 01 48W wrkPres.: Concinnous Consulting,Inc.;SDW Systems;Local Internet Gateway Co.28Jan95",
            "docno": "lists-034-11252041",
            "received": "Sun Feb 12 18:30:49 1995 EST",
            "sent": "Sun, 12 Feb 1995 18:31:49 +0000 (GMT)",
            "name": "Stephen D. Williams",
            "email": "sdw@lig.net",
            "subject": "Re: DNS vs HOME PAGE[S]?",
            "id": "m0rdj5P-0009vAC@sdwsys",
            "inreplyto": "199502112322.AA05318@ahhh.internet.com",
            "to": " raisch@internet.com\n",
            "cc": " rv@deins.informatik.uni-dortmund.de, uri@bunyip.com,11, 95 06:24:31 pm\n"
        }
    ]
}