{
    "id": "candidate-0978",
    "name": "Cyril Concolato",
    "gender": "MALE",
    "email": "cyril.concolato@enst.fr",
    "mails": [
        {
            "body": "As far as I understand it, the semantics of synchronizing timelinesbetween locked continuous media, as shown in my video+audio+textexample below, accounts for both pauses and seeks in the syncmaster,and would also account for discontinuities in the timeline of thesyncmaster.SMIL doesn't specify how a specific continuous media's internaltimeline is formulated, it merely assumes that the is some internaltimeline, and it is up to the media specific decoder to interpretthat timeline in a manner that can serve as a syncmaster for othercontinuous media that are locked to that timeline.So, for example, if each of the locked continuous media used aPCR based with a reconstructed STC, or used another internaltime code, like SMPTE 12M, then discontinuities in the syncmaster's timeline would cause seeks in any dependent mediaelement's timeline.Note that SMIL 2.0 also defines seek semantics for hyperlinkingin time and accounts for synchronization between locked continuousmedia in this context.Please read SMIL 2.0 Timing and Synchronization [1], specificallythe sections on syncBehvaior, syncTolerance, syncMaster, and hyperlinkseek behaviors.Perhaps Patrick Schmitz can comment on the accuracy of thisinterpretation.Regards,Glenn[1] http://www.w3.org/TR/smil20/smil-timing.html-----Original Message-----From: Johnb@screen.subtitling.com [mailto:Johnb@screen.subtitling.com]Sent: Wednesday, February 19, 2003 5:00 AMSubject: RE: Why use time as a unit of measurement? (was: Proposal 0.0)Glenn wrote:> As an FYI, SMIL 2.0 already supports what you describe below via> the syncMaster attribute. For example,> <par>>   <video src=\"...\" syncBehavior=\"locked\" syncMaster=\"true\"/>>   <audio src=\"...\" syncBehavior=\"locked\"/>>   <textstream src=\"...\" syncBehavior=\"locked\" syncTolerance=\"0.5s\"/>> </par>> In this example, the video media serves as the sync master, while> the audio and text streams are locked to the video. The text stream> may slip up to +/- 0.5s from sync without resync.If I am correct in my understanding of SMIL2.0 documentation - this allows you to specifythe tolerance of timing between streams, and to specify which stream is the masterreference for timing.Useful, but I don't see how this allows SMIL 2.0 to workfor the practical subtitling of broadcast video.I'll try to explain why.A subtitle file is created from a master tape of a video program.That master tape is timecoded probably (but not necessarily) with timing starting typically from 10.00hrs.The master tape has a duration of say 1.5 hrs, so the first timecode is 10.00 and the last 11.30.The subtitle file uses the timecodes as a reference to the exact position (frame accurate)in the master tape for the presentation timing of the subtitles / captions.When played by the Movie Channel X - a section of the tape may not be played(i.e. the master tape is edited to produce the playout master).This might occur to remove a sex scene for example. But the start timecode is still 10.00and the last is still 11.30. There is a discontinuity in the middle.Now the subtitle file would **not** be edited. [Editing subtitle files is expensive].The subtitle file uses timecode references - so when the playout tape is used it can stillalign the subtitles correctly.When the same video program is played by a different channel - or after the 9.00pm watershed- the full [or a different amount of] content may be played. The **same** subtitle file still works.The **same** subtitle file may be re-used for all playouts that are derived from the original master tape.This relationship between the tape timecode and the file also allows interruptions to thesubtitled video program for news and advert insertion - without affecting the synchronisationof the subtitles to the video program.I guess the question I am asking is - where in SMIL 2.0 does it describe how you lock astream to an **external** clock, that may be stopped,moving at a non 1s to 1s rate, or going backwards **and that may jump**.Is this intended to be left as an issue for the UA - if so - surely there shouldbe some markup to indicate this is the intended behaviour?I would say that in video broadcast, it is the timecode timeline that is thecontrolling synchronisation source, everything is synchronised by the timecode. In SMIL 2.0,from the documentation I've read and the examples I've seen - there appears an underlying assumptionthat video plays forward linearly - and that you can reference using the played duration of the video.This works fine for the presentation scenario - but does not appear to allow the kind ofsynchronisation **through the editing / distribution process** that broadcast subtitling requires.SMIL 2.0 does not appear to offer mechanisms to make SMIL based documentsresilient to changes in the media streams they use as master synchronisation sources.As usual, all comments solely wrt broadcast subtitling, and all IMHO :-)regardsJohn BirchThe views and opinions expressed are the author's own and do not necessarilyreflect the views and opinions of Screen Subtitling Systems Limited.",
            "docno": "lists-022-15540836",
            "received": "Wed Feb 19 07:12:08 2003",
            "isoreceived": "20030219121208",
            "sent": "Wed, 19 Feb 2003 07:12:04 -0500",
            "isosent": "20030219121204",
            "name": "Glenn A. Adams",
            "email": "glenn@xfsi.com",
            "subject": "RE: Why use time as a unit of measurement? (was: Proposal 0.0)",
            "id": "7249D02C4D2DFD4D80F2E040E8CAF37C01FBD0@longxuyen.xfsi.com",
            "charset": "iso-8859-1",
            "inreplyto": "Why use time as a unit of measurement? (was: Proposal 0.0)",
            "expires": "-1",
            "to": " Glenn A. Adams; cyril.concolato@enst.fr; J.Glauert@sys.uea.ac.uk; singer@apple.com\n",
            "cc": " public-tt@w3.org\n"
        },
        {
            "body": "Dear John, all,> A new par-like construct could be designed where the second stream> (TT) is locked to the first (video). The video can be stopped,> started, rewound, played at variable speed, have ads inserted, etc.> The corresponding parts of the TT stream are displayed in sync (cued> in and cued out as required).>> This could probably be seen as syntactic sugar for \"pure\" SMIL, but> would be much more compact since all the triggering is implicit.This behavior very much ressembles to the OCR dependency in MPEG-4.For those who may not know MPEG-4 very well, let me explain this notiona little bit more in details. Within MPEG-4 Systems, you have the BinaryFormat for Scenes (BIFS) which is a binary format to describe thespatial and temporal layout of the presentation as well as the mediathat compose the presentation (Audio, Video, 2D/3D Graphics and Text).The synchronization is not described within the BIFS description. Forthat purpose, you have the Object Description Framework (ODF) which bythe means of an Object Descriptor (OD) describes, among other things,the synchronisation properties of a media. Hence, in the OD, you canspecify that the clock reference of a media stream is the clock ofanother stream. Therefore, when the user clicks on the video to start,stop or pause it, the other stream is automatically started, stopped orpaused. In your case, the clock reference of the TT stream is the clockof the video stream.To map this into a SMIL-like notion, I would rather see this notion beput in the header section of the document than in a par element.Since a stream can depend only on one clock, you don't want tomanipulate this at the par element level but instead declare it once forthe whole presentation (document).Best Regards,Cyril Concolato--Ecole Nationale Sup?rieure des T?l?communications, ParisDept. Comelec46, rue Barrault 75013 ParisTel: +33145817991    Fax: +33145804036",
            "docno": "lists-022-15504957",
            "received": "Tue Feb 18 08:18:04 2003",
            "isoreceived": "20030218131804",
            "sent": "Tue, 18 Feb 2003 14:13:23 +0100",
            "isosent": "20030218131323",
            "name": "Cyril Concolato",
            "email": "cyril.concolato@enst.fr",
            "subject": "Re: Why use time as a unit of measurement? (was: Proposal 0.0)",
            "id": "3E523173.90900@enst.fr",
            "charset": "ISO-8859-1",
            "inreplyto": "05111b12ba76bdd3874a&#64;[62.253.44.45]",
            "expires": "-1",
            "to": " John Glauert<J.Glauert@sys.uea.ac.uk>\n",
            "cc": "Johnb@screen.subtitling.com,singer@apple.com,public-tt@w3.org\n"
        },
        {
            "body": "As an FYI, SMIL 2.0 already supports what you describe below viathe syncMaster attribute. For example,<par><video src=\"...\" syncBehavior=\"locked\" syncMaster=\"true\"/><audio src=\"...\" syncBehavior=\"locked\"/><textstream src=\"...\" syncBehavior=\"locked\" syncTolerance=\"0.5s\"/></par>In this example, the video media serves as the sync master, whilethe audio and text streams are locked to the video. The text streammay slip up to +/- 0.5s from sync without resync.G.> -----Original Message-----> From: Cyril Concolato [mailto:cyril.concolato@enst.fr]> Sent: Tuesday, February 18, 2003 8:13 AM> To: John Glauert> Cc: Johnb@screen.subtitling.com; singer@apple.com; public-tt@w3.org> Subject: Re: Why use time as a unit of measurement? (was:> Proposal 0.0)>>>> Dear John, all,>> > A new par-like construct could be designed where the second stream> > (TT) is locked to the first (video). The video can be stopped,> > started, rewound, played at variable speed, have ads inserted, etc.> > The corresponding parts of the TT stream are displayed in> sync (cued> > in and cued out as required).> >> > This could probably be seen as syntactic sugar for \"pure\" SMIL, but> > would be much more compact since all the triggering is implicit.>> This behavior very much ressembles to the OCR dependency in MPEG-4.>> For those who may not know MPEG-4 very well, let me explain> this notion> a little bit more in details. Within MPEG-4 Systems, you have> the Binary> Format for Scenes (BIFS) which is a binary format to describe the> spatial and temporal layout of the presentation as well as the media> that compose the presentation (Audio, Video, 2D/3D Graphics> and Text).> The synchronization is not described within the BIFS description. For> that purpose, you have the Object Description Framework (ODF)> which by> the means of an Object Descriptor (OD) describes, among other things,> the synchronisation properties of a media. Hence, in the OD, you can> specify that the clock reference of a media stream is the clock of> another stream. Therefore, when the user clicks on the video> to start,> stop or pause it, the other stream is automatically started,> stopped or> paused. In your case, the clock reference of the TT stream is> the clock> of the video stream.>> To map this into a SMIL-like notion, I would rather see this> notion be> put in the header section of the document than in a par element.> Since a stream can depend only on one clock, you don't want to> manipulate this at the par element level but instead declare> it once for> the whole presentation (document).>> Best Regards,>> Cyril Concolato>> --> Ecole Nationale Sup?rieure des T?l?communications, Paris> Dept. Comelec> 46, rue Barrault 75013 Paris> Tel: +33145817991    Fax: +33145804036>>>>",
            "docno": "lists-022-15514894",
            "received": "Tue Feb 18 16:11:51 2003",
            "isoreceived": "20030218211151",
            "sent": "Tue, 18 Feb 2003 16:11:48 -0500",
            "isosent": "20030218211148",
            "name": "Glenn A. Adams",
            "email": "glenn@xfsi.com",
            "subject": "RE: Why use time as a unit of measurement? (was: Proposal 0.0)",
            "id": "7249D02C4D2DFD4D80F2E040E8CAF37C01FBCB@longxuyen.xfsi.com",
            "charset": "iso-8859-1",
            "inreplyto": "Why use time as a unit of measurement? (was: Proposal 0.0)",
            "expires": "-1",
            "to": "\"Cyril Concolato\"<cyril.concolato@enst.fr>,\"John Glauert\"<J.Glauert@sys.uea.ac.uk>\n",
            "cc": "<Johnb@screen.subtitling.com>,<singer@apple.com>,<public-tt@w3.org>\n"
        },
        {
            "body": "Glenn wrote:> As an FYI, SMIL 2.0 already supports what you describe below via> the syncMaster attribute. For example,> <par>>   <video src=\"...\" syncBehavior=\"locked\" syncMaster=\"true\"/>>   <audio src=\"...\" syncBehavior=\"locked\"/>>   <textstream src=\"...\" syncBehavior=\"locked\" syncTolerance=\"0.5s\"/>> </par>> In this example, the video media serves as the sync master, while> the audio and text streams are locked to the video. The text stream> may slip up to +/- 0.5s from sync without resync.If I am correct in my understanding of SMIL2.0 documentation - this allowsyou to specifythe tolerance of timing between streams, and to specify which stream is themasterreference for timing.Useful, but I don't see how this allows SMIL 2.0 to workfor the practical subtitling of broadcast video.I'll try to explain why.A subtitle file is created from a master tape of a video program.That master tape is timecoded probably (but not necessarily) with timingstarting typically from 10.00hrs.The master tape has a duration of say 1.5 hrs, so the first timecode is10.00 and the last 11.30.The subtitle file uses the timecodes as a reference to the exact position(frame accurate)in the master tape for the presentation timing of the subtitles / captions.When played by the Movie Channel X - a section of the tape may not be played(i.e. the master tape is edited to produce the playout master).This might occur to remove a sex scene for example. But the start timecodeis still 10.00and the last is still 11.30. There is a discontinuity in the middle.Now the subtitle file would **not** be edited. [Editing subtitle files isexpensive].The subtitle file uses timecode references - so when the playout tape isused it can stillalign the subtitles correctly.When the same video program is played by a different channel - or after the9.00pm watershed- the full [or a different amount of] content may be played. The **same**subtitle file still works.The **same** subtitle file may be re-used for all playouts that are derivedfrom the original master tape.This relationship between the tape timecode and the file also allowsinterruptions to thesubtitled video program for news and advert insertion - without affectingthe synchronisationof the subtitles to the video program.I guess the question I am asking is - where in SMIL 2.0 does it describe howyou lock astream to an **external** clock, that may be stopped,moving at a non 1s to 1s rate, or going backwards **and that may jump**.Is this intended to be left as an issue for the UA - if so - surely thereshouldbe some markup to indicate this is the intended behaviour?I would say that in video broadcast, it is the timecode timeline that is thecontrolling synchronisation source, everything is synchronised by thetimecode. In SMIL 2.0,from the documentation I've read and the examples I've seen - there appearsan underlying assumptionthat video plays forward linearly - and that you can reference using theplayed duration of the video.This works fine for the presentation scenario - but does not appear to allowthe kind ofsynchronisation **through the editing / distribution process** thatbroadcast subtitling requires.SMIL 2.0 does not appear to offer mechanisms to make SMIL based documentsresilient to changes in the media streams they use as master synchronisationsources.As usual, all comments solely wrt broadcast subtitling, and all IMHO :-)regardsJohn BirchThe views and opinions expressed are the author's own and do not necessarilyreflect the views and opinions of Screen Subtitling Systems Limited.",
            "docno": "lists-022-15528421",
            "received": "Wed Feb 19 04:50:56 2003",
            "isoreceived": "20030219095056",
            "sent": "Wed, 19 Feb 2003 09:59:56 -0000",
            "isosent": "20030219095956",
            "name": "Johnb@screen.subtitling.com",
            "email": "Johnb@screen.subtitling.com",
            "subject": "RE: Why use time as a unit of measurement? (was: Proposal 0.0)",
            "id": "11E58A66B922D511AFB600A0244A722E093EE5@NTMAIL",
            "inreplyto": "Why use time as a unit of measurement? (was: Proposal 0.0)",
            "expires": "-1",
            "to": "glenn@xfsi.com,cyril.concolato@enst.fr,J.Glauert@sys.uea.ac.uk,singer@apple.com\n",
            "cc": "public-tt@w3.org\n"
        }
    ]
}