{
    "id": "candidate-1078",
    "name": "Glenn Marcy",
    "gender": "FEMALE",
    "email": "gmarcy@us.ibm.com",
    "mails": [
        {
            "body": "What is the final agreement on this one?SandraAt 02:59 PM 11/7/2003 +0000, Richard Tobin wrote:> > (1) ibm-valid-P02-ibm02v01.xml> > The UTF-8 code for LSEP (2028) in this file seems to be wrong.> > I believe it should be e2 80 a8, the file has e0 9f ac which is> > a non-shortest UTF-8 sequence for something else.> >> > [GM] Agree, a typo, the byte sequence corresponds to the character #x7EC> > and should be changed to e2 80 a8, but its still a valid document.>>It's not the shortest sequence for 7EC, so it's a UTF-8 error and>therefore not well-formed.>>-- RichardSandra I. MartinezNational Institute of Standards and Technology100 Bureau Drive, Stop 8970,Gaithersburg, Md. 20899(301) 975-3579sandra.martinez@nist.gov",
            "docno": "lists-027-14472824",
            "received": "Fri Nov  7 15:41:02 2003",
            "isoreceived": "20031107204102",
            "sent": "Fri, 07 Nov 2003 15:39:26 -0500",
            "isosent": "20031107203926",
            "name": "Sandra Martinez",
            "email": "sandra.martinez@nist.gov",
            "subject": "Re: IBM's XML 1.1 tests",
            "id": "5.0.0.25.2.20031107153830.04c44178@mailserver.nist.gov",
            "charset": "us-ascii",
            "inreplyto": "200311071459.OAA21745&#64;rhymer.cogsci.ed.ac.uk",
            "expires": "-1",
            "to": " Richard Tobin<richard@cogsci.ed.ac.uk>\n",
            "cc": " Glenn Marcy<gmarcy@us.ibm.com>,public-xml-testsuite@w3.org, Richard Tobin<richard@cogsci.ed.ac.uk>\n"
        },
        {
            "body": "Hi,I have found some problems with the test suite in CVS.These problems fall into two categories.  First, some of the teststhat reference external parameter entities (or the external DTDsubset) do not indicate so in their description.  Second, thereare several tests that use either US-ASCII or ISO-8859-1 encodingswhich are not required by minimally conforming processors.  In allbut one case this only required changing the encoding declarationto UTF-8.  I have included a copy of the entire file for the onecase where the data had to be reencoded in UTF-8 from ISO-8859-1.It would be great if you could pick these changes up so that Ican resume testing with an official unmodified version of thetest suite and no longer need maintain these changes locally.Best Regards,Glenndiff -r xmlconf/ibm/ibm_oasis_not-wf.xmlxmlconf_old/ibm/ibm_oasis_not-wf.xml557c557< <TEST URI=\"not-wf/P28a/ibm28an01.xml\" TYPE=\"not-wf\"ID=\"ibm-not-wf-P28a-ibm28an01.xml\" ENTITIES=\"none\" SECTIONS=\"2.8\">---> <TEST URI=\"not-wf/P28a/ibm28an01.xml\" TYPE=\"not-wf\"ID=\"ibm-not-wf-P28a-ibm28an01.xml\" ENTITIES=\"parameter\" SECTIONS=\"2.8\">1266c1266<   <TEST URI=\"not-wf/P62/ibm62n02.xml\" TYPE=\"not-wf\"ID=\"ibm-not-wf-P62-ibm62n02.xml\" ENTITIES=\"none\" SECTIONS=\"3.4\">--->   <TEST URI=\"not-wf/P62/ibm62n02.xml\" TYPE=\"not-wf\"ID=\"ibm-not-wf-P62-ibm62n02.xml\" ENTITIES=\"parameter\" SECTIONS=\"3.4\">diff -r xmlconf/ibm/not-wf/P13/ibm13n03.xmlxmlconf_old/ibm/not-wf/P13/ibm13n03.xml1c1< <?xml version=\"1.0\" encoding=\"ISO-8859-1\"?>---> ???<?xml version=\"1.0\" encoding=\"utf-8\"?>3c3<       <!ENTITY info PUBLIC \"This is a test ? \" \"student.dtd\">--->       <!ENTITY info PUBLIC \"This is a test ?? \" \"student.dtd\">6c6< <!-- testing invalid pubid char with ?  -->---> <!-- testing invalid pubid char with ??  -->diff -r xmlconf/ibm/not-wf/P13/student.dtdxmlconf_old/ibm/not-wf/P13/student.dtd1c1< <?xml encoding=\"US-ASCII\"?>---> <?xml encoding=\"utf-8\"?>diff -r xmlconf/ibm/not-wf/p28a/ibm28an01.xmlxmlconf_old/ibm/not-wf/p28a/ibm28an01.xml1c1< <?xml version=\"1.0\" encoding=\"us-ascii\" ?>---> <?xml version=\"1.0\" encoding=\"utf-8\" ?>diff -r xmlconf/ibm/valid/P01/ibm01v01.xmlxmlconf_old/ibm/valid/P01/ibm01v01.xml1c1< <?xml version=\"1.0\" encoding=\"us-ascii\" standalone=\"yes\" ?>---> <?xml version=\"1.0\" encoding=\"utf-8\" standalone=\"yes\" ?>diff -r xmlconf/ibm/valid/P09/student.dtdxmlconf_old/ibm/valid/P09/student.dtd1c1< <?xml encoding=\"US-ASCII\"?>---> <?xml encoding=\"utf-8\"?>diff -r xmlconf/ibm/valid/P11/student.dtdxmlconf_old/ibm/valid/P11/student.dtd1c1< <?xml encoding=\"US-ASCII\"?>---> <?xml encoding=\"utf-8\"?>diff -r xmlconf/ibm/valid/P12/student.dtdxmlconf_old/ibm/valid/P12/student.dtd1c1< <?xml encoding=\"US-ASCII\"?>---> <?xml encoding=\"utf-8\"?>diff -r xmlconf/ibm/valid/P13/student.dtdxmlconf_old/ibm/valid/P13/student.dtd1c1< <?xml encoding=\"US-ASCII\"?>---> <?xml encoding=\"utf-8\"?>diff -r xmlconf/ibm/valid/P22/ibm22v01.xmlxmlconf_old/ibm/valid/P22/ibm22v01.xml1c1< <?xml version=\"1.0\" encoding=\"us-ascii\" ?>---> <?xml version=\"1.0\" encoding=\"utf-8\" ?>diff -r xmlconf/ibm/valid/P22/ibm22v05.xmlxmlconf_old/ibm/valid/P22/ibm22v05.xml1c1< <?xml version=\"1.0\" encoding=\"us-ascii\" ?>---> <?xml version=\"1.0\" encoding=\"utf-8\" ?>diff -r xmlconf/ibm/valid/P22/ibm22v06.xmlxmlconf_old/ibm/valid/P22/ibm22v06.xml1c1< <?xml version=\"1.0\" encoding=\"us-ascii\" ?>---> <?xml version=\"1.0\" encoding=\"utf-8\" ?>diff -r xmlconf/ibm/valid/P22/ibm22v07.xmlxmlconf_old/ibm/valid/P22/ibm22v07.xml1c1< <?xml version=\"1.0\" encoding=\"us-ascii\" ?>---> <?xml version=\"1.0\" encoding=\"utf-8\" ?>diff -r xmlconf/ibm/valid/P28/ibm28v02.xmlxmlconf_old/ibm/valid/P28/ibm28v02.xml1c1< <?xml version=\"1.0\" encoding=\"us-ascii\" ?>---> <?xml version=\"1.0\" encoding=\"utf-8\" ?>diff -r xmlconf/ibm/valid/P29/ibm29v01.xmlxmlconf_old/ibm/valid/P29/ibm29v01.xml1c1< <?xml version=\"1.0\" encoding=\"us-ascii\" ?>---> <?xml version=\"1.0\" encoding=\"utf-8\" ?>diff -r xmlconf/ibm/valid/P29/ibm29v02.xmlxmlconf_old/ibm/valid/P29/ibm29v02.xml1c1< <?xml version=\"1.0\" encoding=\"us-ascii\" ?>---> <?xml version=\"1.0\" encoding=\"utf-8\" ?>diff -r xmlconf/sun/not-wf/decl01.ent xmlconf_old/sun/not-wf/decl01.ent1c1< <?xml version=\"1.0\" encoding=\"iso-8859-1\" standalone=\"yes\"?>---> <?xml version=\"1.0\" encoding=\"utf-8\" standalone=\"yes\"?>diff -r xmlconf/sun/sun-not-wf.xml xmlconf_old/sun/sun-not-wf.xml44c44,45< <TEST URI=\"not-wf/cond01.xml\" ID=\"cond01\" TYPE=\"not-wf\" SECTIONS=\"3.4[61]\">---> <TEST URI=\"not-wf/cond01.xml\" ID=\"cond01\" TYPE=\"not-wf\" SECTIONS=\"3.4[61]\">     ENTITIES=\"parameter\">47c48,49< <TEST URI=\"not-wf/cond02.xml\" ID=\"cond02\" TYPE=\"not-wf\" SECTIONS=\"3.4[61]\">---> <TEST URI=\"not-wf/cond02.xml\" ID=\"cond02\" TYPE=\"not-wf\" SECTIONS=\"3.4[61]\">     ENTITIES=\"parameter\">81c83,84< <TEST URI=\"not-wf/dtd07.xml\" ID=\"dtd07\" TYPE=\"not-wf\" SECTIONS=\"4.3.1[77]\">---> <TEST URI=\"not-wf/dtd07.xml\" ID=\"dtd07\" TYPE=\"not-wf\" SECTIONS=\"4.3.1[77]\">     ENTITIES=\"parameter\">119c122,123< <TEST URI=\"not-wf/encoding07.xml\" ID=\"encoding07\" TYPE=\"not-wf\"SECTIONS=\"4.3.1 [77]\">---> <TEST URI=\"not-wf/encoding07.xml\" ID=\"encoding07\" TYPE=\"not-wf\"SECTIONS=\"4.3.1 [77]\">     ENTITIES=\"parameter\">application/octet-stream attachment: ibm13n03.xml",
            "docno": "lists-027-14612066",
            "received": "Fri Sep 26 12:44:08 2003",
            "isoreceived": "20030926164408",
            "sent": "Fri, 26 Sep 2003 11:43:56 -0500",
            "isosent": "20030926164356",
            "name": "Glenn Marcy",
            "email": "gmarcy@us.ibm.com",
            "subject": "[public-xml-testsuite] &lt;none&gt;",
            "id": "OF44D1A028.8F36444E-ON85256DAD.005B129A-85256DAD.005BEA7A@us.ibm.com",
            "charset": "iso-8859-1",
            "expires": "-1",
            "to": "public-xml-testsuite@w3.org\n"
        },
        {
            "body": "This is the e-mail I sent to Glenn last week.Sandra>Date: Thu, 04 Apr 2002 14:56:07 -0500>To: \"Glenn Marcy\" <gmarcy@us.ibm.com>>From: Sandra Martinez <sandra.martinez@nist.gov>>Subject: Re: Agenda for XML Core WG telcon of 2002 March 27>>Glenn,>>         In relation to the unresolved issues;>>         On TS15, Can you help me with this one?  I am not sure on how to> proceed with the instruction of removing the non-deterministic content> models. I understand what a not-deterministic content models means but I> do not know what exactly to remove and  how is going to affect the rest> of the document, especially in the dtdtest.dtd.>>         On TS18, I am not sure how the original test looked like I have> an old version and they look the same to me. I just sent Paul  an updated> version of the issues table with a pointer to the original e-mail.> Hopefully you can get a better understanding of the issue with the> original e-mail.>>         On TS14, I added \"the update of cxml.html recommendation\"  under> the deferred status in the issues table.>>         I already made the changes, in my working copy,  you recommended> on issue TS16.  If we can get TS15 done and Ts18 the test suite will be> ready to published. I am ready to place these issues on countdown, except> for TS18. What do you think?>>Thank you, very much!!!>>>Sandra>>>>At 01:49 PM 3/25/2002 -0500, you wrote:>>> > ACTION to Glenn:  Send email on remaining issues with suggested>> > resolutions.>>>>TS05>>>>   Japanese test are intended to test encoding and japanese character.>>   There is a declaration for <!ENTITY lt \"<\"> is totally not useful>>   in the scope of the test intention.  And they  are already in the>>   XMLTEST suite.>>>>Resolution to remove the offending declaration.  Action to also>>note that a future test case should be created to test that parsers>>reject such declarations as not well-formed.  (BTW, what is the>>process for us to track requests for future tests that are not>>targeted for this next release of the suite?)>>>>TS14>>>>   Output file has PI before the DTD (wrong per SUN canonical form>>   definition)-  Not yet updated.The only definition for the Sun>>   canonical form that I have found is the one packaged with the>>   conformance tests.  This is labelled \"Draft 1\" and does, as you>>   state, indicate that the DTD should appear first.   The link to>>   the online document is broken.  I wonder if all of the current>>   implementations currently emit PIs in the order (relative to the>>   DTD) that they appear (as ours does).>>>>Propose to leave this as is and update cxml.html to conform to existing>>practice.  As observed, implementations of the test harness emit the>>DOCTYPE immediately before the root element, which would cause it to>>follow any PIs before the root element.  There is nothing to be gained>>at this point by declaring those implementations as not conforming to a>>non-standard \"specification\" of a canonical form.>>>>TS15>>>>   <test names omitted> contain non-deterministic content models.>>>>Proposed resolution to remove those content models is acceptable.>>>>TS16>>>>   Related to normalization of attribute values. The canonical output of>>   the attribute \"nmtokens\" is wrong as it is missing a space (#x20)>>   character.>>>>   There has been some confusion about the validity of tokens separated>>   by character references to whitespace (which depends on the definitions>>   of Names and Nmtokens).  They were outlawed by first edition erratum 62,>>   which was reversed by erratum 108 (apparently) because of a>>   misunderstanding) and have been outlawed again by second editions erratum>>   20.  The end result is that there examples are not valid and should>>   therefore not have any canonical output!>>>>Since these tests are supposed to be used for valid standalone document>>tests, and not for finding errors with invalid character referenced in>>attribute values, the character reference &#x20; should simply be removed>>from \"nmtokens\" attribute.>>>>TS18>>>>   xmltest/not-wf/sa/176.xml>>   xmltest/valid/sa/093.xml>>>>   Input files changed line-ends.>>>>Not sure what this is referring to, unless it is just another simple>>problem with>>EOL handling w.r.t. CVS.  If there is a \"historical\" version of these>>files, say>>from an earlier release of the suite, that was identical except for line>>ends, I>>would agree that we should not be arbrarily changing such files.>>>>Regards,>>Glenn>>Sandra I. Martinez>National Institute of Standards and Technology>100 Bureau Drive, Stop 8970,>Gaithersburg, Md. 20899>>(301) 975-3579>sandra.martinez@nist.govSandra I. MartinezNational Institute of Standards and Technology100 Bureau Drive, Stop 8970,Gaithersburg, Md. 20899(301) 975-3579sandra.martinez@nist.gov",
            "docno": "lists-027-13465622",
            "received": "Wed Apr 10 11:33:44 2002",
            "isoreceived": "20020410153344",
            "sent": "Wed, 10 Apr 2002 11:32:32 -0400",
            "isosent": "20020410153232",
            "name": "Sandra Martinez",
            "email": "sandra.martinez@nist.gov",
            "subject": "Fwd: Re: Agenda for XML Core WG telcon of 2002 March 27",
            "id": "5.0.0.25.2.20020410112505.027bb730@mailserver.nist.gov",
            "charset": "us-ascii",
            "expires": "-1",
            "to": "public-xml-testsuite@w3.org\n"
        },
        {
            "body": "Ok!! I will work on these ones. I Will let you know if I have questions.SandraAt 08:43 AM 11/7/2003 -0600, Glenn Marcy wrote:>Sandra,>>Here are some of the updates for the IBM 1.1 test contributions.  Can you>update>these in CVS and I'll work on the remaining issues.>>Appologies for the problems.  The tests were written a while back, things>changed,>comments were not updated properly, etc.  Anyways here are some comments.>>(1) ibm-valid-P02-ibm02v01.xml>The UTF-8 code for LSEP (2028) in this file seems to be wrong.>I believe it should be e2 80 a8, the file has e0 9f ac which is>a non-shortest UTF-8 sequence for something else.>>[GM] Agree, a typo, the byte sequence corresponds to the character #x7EC and>should be changed to e2 80 a8, but its still a valid document.>>>(2)ibm-valid-P02-ibm02v04.xml &>(3)ibm-valid-P03-ibm03v08.xml>>[GM] Tests that were originally added for clarifications (are NEL & LESP>in S)>and are no longer valid.  Updated tests are attached above.>>>(4) ibm-valid-P04-ibm04v01.xml, ibm-valid-P05-ibm05v01.xml,>    ibm-valid-P05-ibm05v02.xml, ibm-valid-P05-ibm05v03.xml,>    ibm-valid-P05-ibm05v05.xml>These contain names that use colons in ways not allowed by namespaces,>so they need NAMESPACE=\"no\" in the config file.>(5) ibm-valid-P05-ibm05v05.xml>...>>[GM] Agree, the config file will have to be modified as suggested.>We treat these as namespaces=\"no\" in our suite though.>>>(6) ibm-valid-P03-ibm03v*.xml>[GM] Agree.>>>(7) ibm-valid-P46-ibm46i01.xml, ibm-valid-P46-ibm46i02.xml>[GM] Similar to (2) (3), agree the comment now needs to be changed.>>>(8) ibm-not-wf-P02-ibm02n09.xml>[GM]Agree, updated test attached.>>>>>(9) ibm-not-wf-P02-ibm02n0??.xml>[GM] Agree, the file names mentioned above need to be fixed in the>configuration file.>>>(10) ibm-not-wf-P02-ibm02n10.xml>This file is supposed to contain \"control character 0x100\".  But 100 is>not a control character, and in fact the file contains a non-shortest UTF-8>sequence.>>[GM] Attached a modified test case, the comment in the config file will>have to be updated.>>>>(11) ibm-not-wf-P02-ibm02n13.xml>This file is supposed to contain \"control character 0x0D\" which would>be legal, but in fact contains control-A.  (Mabe all the tests>corresponding to legal control characters have been messed up?)>>[GM] Attached a modified test case, the comment in the config file will>have to be updated.>>>>>(12) ibm-not-wf-P02-ibm02n38.xml>This file is supposed to contain \"control character 0x86\" but in fact>contains 82.  Probably this is because it's between 84 and a real 86,>and 85 is NEL.>>[GM] This test contains a embeded control characters x82, x83 and x84.>The comment in the configuration file needs to be updated.>>>(13) ibm-not-wf-P02-ibm02n58.xml>This file is supposed to contain \"control character 0x99\" but in fact>contains a non-shortest UTF-8 sequence.>>[GM] Attached updated test>>>(15) ibm-not-wf-P04-ibm04n2[1-4].xml ibm-not-wf-P04a-ibm04an2[1-4].xml>These are supposed to have bogus surrogates, but instead have question>marks.>[GM] Agree, the characters somehow got messed up.  I have attached fixed>tests.>>>>>>>(16) ibm-not-wf-P04a-ibm04an0[1-3].xml, ibm-not-wf-P04a-ibm04an1[1-2].xml>These don't have the characters they are claimed to, probably a UTF-8>screwup.>>[GM] Agree, Incorrect comments, they should have been>ibm-not-wf-P04a-ibm04an0[1-3].xml - #xB8, #0xA1 and #0xAF>ibm-not-wf-P04a-ibm04an1[1-2].xml - #0x203D and #0x2041>>>(17) ibm-not-wf-P04a-ibm04an17.xml, ibm-not-wf-P04a-ibm04an18.xml>Test for 2edc and 2fed which are in fact legal.>>[GM] Agree, Incorrect comments, they should have been #x2BDC and #x2A30>>>(18) ibm-not-wf-P05-ibm05n02.xml>Purports to test for illegal name char 300, but actually has 3000>which is also illegal.>>[GM] Agree, test case with illegal name char x300 attached.>>>>>(19) ibm-not-wf-P77-ibm77n13.xml>This doesn't test what it claims to; it is not-wf because the document>entity is 1.0 and an external entity is 1.1.>>[GM] Agree, the comment needs to be corrected.>>That's all for now.>>Thanks,>Glenn>>>>>>>>>>>>>>Sandra I. MartinezNational Institute of Standards and Technology100 Bureau Drive, Stop 8970,Gaithersburg, Md. 20899(301) 975-3579sandra.martinez@nist.gov",
            "docno": "lists-027-14460088",
            "received": "Fri Nov  7 10:03:01 2003",
            "isoreceived": "20031107150301",
            "sent": "Fri, 07 Nov 2003 10:01:36 -0500",
            "isosent": "20031107150136",
            "name": "Sandra Martinez",
            "email": "sandra.martinez@nist.gov",
            "subject": "Re: IBM's XML 1.1 tests",
            "id": "5.0.0.25.2.20031107095934.01ecb7e8@mailserver.nist.gov",
            "charset": "us-ascii",
            "inreplyto": "OF448D70FB.19833D14-ON85256DD7.00504E35-85256DD7.0050DA50&#64; us.ibm.com",
            "expires": "-1",
            "to": " Glenn Marcy<gmarcy@us.ibm.com>\n",
            "cc": "public-xml-testsuite@w3.org, Richard Tobin<richard@cogsci.ed.ac.uk>\n"
        },
        {
            "body": "Sandra,We still have the following problems...ibm/not-wf/P32/ibm32n09.xml still says:<!DOCTYPE animal SYSTEM \"ibm32i09.dtd\" [but it needs to say:<!DOCTYPE animal SYSTEM \"ibm32n09.dtd\" [There is also the following problem discovered by the Xercesparser that I am not sure how to solve.Output Tests:ibm-valid-P28-ibm28v02.xmlibm-valid-P29-ibm29v01.xmlibm-valid-P29-ibm29v02.xmlibm-valid-P57-ibm57v01.xmlibm-valid-P58-ibm58v01.xmlibm-valid-P58-ibm58v02.xmlibm-valid-P70-ibm70v01.xmlXerces resolves and returns the complete path of systemIds fornotation decls, where as the actual outputs do not and can notcontain complete resolved paths for systemIds.  Xerces appearsto behave in accordance with the SAX API...notationDecl.....If a system identifier is present, and it is a URL, theSAX parser must resolve it fully before passing it to theapplication through this event.I am not sure what we can do at this point to support expectedresults files for documents that have absolute path names intheir infoset.Does anyone have any thoughts or suggestions for how thisissue can be addressed?  Otherwise, I think that we would needto remove the expected results files for these tests.Regards,Glenn",
            "docno": "lists-027-13996657",
            "received": "Thu May 23 11:05:31 2002",
            "isoreceived": "20020523150531",
            "sent": "Thu, 23 May 2002 11:04:51 -0400",
            "isosent": "20020523150451",
            "name": "Glenn Marcy",
            "email": "gmarcy@us.ibm.com",
            "subject": "More test suite problems",
            "id": "OF1CF2DD19.766B8E77-ON85256BC2.00528F0B@rchland.ibm.com",
            "charset": "us-ascii",
            "expires": "-1",
            "to": " Sandra Martinez<sandra.martinez@nist.gov>\n",
            "cc": "public-xml-testsuite@w3.org,w3c-xml-core-wg@w3.org\n"
        },
        {
            "body": "Can someone generate the output for sun/valid/optional.xml?Thank you in advance!!!Sandra>>>>>>>>>>>The test file was changed to change/remove ambiguous content models, butthe expected results file was not updated.diff -r xmlconf_orig/sun/valid/out/optional.xmlxmlconf/sun/valid/out/optional.xml1c1< <root>&#10;    &#10;    <once><e></e></once>&#10;&#10;<twice><e></e><e></e></twice>&#10;&#10;&#10;<once-or-twice-a><e></e></once-or-twice-a>&#10;<once-or-twice-b><e></e></once-or-twice-b>&#10;<once-or-twice-c><e></e></once-or-twice-c>&#10;<once-or-twice-d><e></e></once-or-twice-d>&#10;<once-or-twice-e><e></e></once-or-twice-e>&#10;&#10;<once-or-twice-a><e></e><e></e></once-or-twice-a>&#10;<once-or-twice-b><e></e><e></e></once-or-twice-b>&#10;<once-or-twice-c><e></e><e></e></once-or-twice-c>&#10;<once-or-twice-d><e></e><e></e></once-or-twice-d>&#10;<once-or-twice-e><e></e><e></e></once-or-twice-e>&#10;&#10;&#10;<once-or-more-1a><e></e></once-or-more-1a>&#10;<once-or-more-1b><e></e></once-or-more-1b>&#10;<once-or-more-1c><e></e></once-or-more-1c>&#10;<once-or-more-1d><e></e></once-or-more-1d>&#10;<once-or-more-1e><e></e></once-or-more-1e>&#10;&#10;<once-or-more-1a><e></e><e></e></once-or-more-1a>&#10;<once-or-more-1b><e></e><e></e></once-or-more-1b>&#10;    <once-or-more-1c><e></e><e></e></once-or-more-1c>&#10;<once-or-more-1d><e></e><e></e></once-or-more-1d>&#10;<once-or-more-1e><e></e><e></e></once-or-more-1e>&#10;&#10;<once-or-more-1a><e></e><e></e><e></e></once-or-more-1a>&#10;<once-or-more-1b><e></e><e></e><e></e></once-or-more-1b>&#10;<once-or-more-1c><e></e><e></e><e></e></once-or-more-1c>&#10;<once-or-more-1d><e></e><e></e><e></e></once-or-more-1d>&#10;<once-or-more-1e><e></e><e></e><e></e></once-or-more-1e>&#10;&#10;<once-or-more-1a><e></e><e></e><e></e><e></e></once-or-more-1a>&#10;<once-or-more-1b><e></e><e></e><e></e><e></e></once-or-more-1b>&#10;<once-or-more-1c><e></e><e></e><e></e><e></e></once-or-more-1c>&#10;<once-or-more-1d><e></e><e></e><e></e><e></e></once-or-more-1d>&#10;<once-or-more-1e><e></e><e></e><e></e><e></e></once-or-more-1e>&#10;&#10;&#10;    <once-or-more-2a><e></e></once-or-more-2a>&#10;<once-or-more-2b><e></e></once-or-more-2b>&#10;    <once-or-more-2c><e></e></once-or-more-2c>&#10;    <once-or-more-2d><e></e></once-or-more-2d>&#10;<once-or-more-2e><e></e></once-or-more-2e>&#10;&#10;<once-or-more-2a><e></e><e></e></once-or-more-2a>&#10;<once-or-more-2b><e></e><e></e></once-or-more-2b>&#10;<once-or-more-2c><e></e><e></e></once-or-more-2c>&#10;<once-or-more-2d><e></e><e></e></once-or-more-2d>&#10;<once-or-more-2e><e></e><e></e></once-or-more-2e>&#10;&#10;<once-or-more-2a><e></e><e></e><e></e></once-or-more-2a>&#10;<once-or-more-2b><e></e><e></e><e></e></once-or-more-2b>&#10;<once-or-more-2c><e></e><e></e><e></e></once-or-more-2c>&#10;<once-or-more-2d><e></e><e></e><e></e></once-or-more-2d>&#10;<once-or-more-2e><e></e><e></e><e></e></once-or-more-2e>&#10;&#10;<once-or-more-2a><e></e><e></e><e></e><e></e></once-or-more-2a>&#10;<once-or-more-2b><e></e><e></e><e></e><e></e></once-or-more-2b>&#10;<once-or-more-2c><e></e><e></e><e></e><e></e></once-or-more-2c>&#10;<once-or-more-2d><e></e><e></e><e></e><e></e></once-or-more-2d>&#10;<once-or-more-2e><e></e><e></e><e></e><e></e></once-or-more-2e>&#10;&#10;</root>\\ No newline at end of file---> <root>&#10;    &#10;    <once><e></e></once>&#10;&#10;<twice><e></e><e></e></twice>&#10;&#10;&#10;<once-or-twice-a><e></e></once-or-twice-a>&#10;<once-or-twice-b><e></e></once-or-twice-b>&#10;<once-or-twice-c><e></e></once-or-twice-c>&#10;<once-or-twice-d><e></e></once-or-twice-d>&#10;<once-or-twice-e><e></e></once-or-twice-e>&#10;&#10;<once-or-twice-a><e></e><e></e></once-or-twice-a>&#10;<once-or-twice-b><e></e><e></e></once-or-twice-b>&#10;<once-or-twice-c><e></e><e></e></once-or-twice-c>&#10;<once-or-twice-d><e></e><e></e></once-or-twice-d>&#10;<once-or-twice-e><e></e><e></e></once-or-twice-e>&#10;&#10;&#10;<once-or-more-a><e></e></once-or-more-a>&#10;<once-or-more-b><e></e></once-or-more-b>&#10;<once-or-more-c><e></e></once-or-more-c>&#10;<once-or-more-d><e></e></once-or-more-d>&#10;<once-or-more-e><e></e></once-or-more-e>&#10;&#10;<once-or-more-a><e></e><e></e></once-or-more-a>&#10;<once-or-more-b><e></e><e></e></once-or-more-b>&#10;    <once-or-more-c><e></e><e></e></once-or-more-c>&#10;<once-or-more-d><e></e><e></e></once-or-more-d>&#10;<once-or-more-e><e></e><e></e></once-or-more-e>&#10;&#10;<once-or-more-a><e></e><e></e><e></e></once-or-more-a>&#10;<once-or-more-b><e></e><e></e><e></e></once-or-more-b>&#10;<once-or-more-c><e></e><e></e><e></e></once-or-more-c>&#10;<once-or-more-d><e></e><e></e><e></e></once-or-more-d>&#10;<once-or-more-e><e></e><e></e><e></e></once-or-more-e>&#10;&#10;<once-or-more-a><e></e><e></e><e></e><e></e></once-or-more-a>&#10;<once-or-more-b><e></e><e></e><e></e><e></e></once-or-more-b>&#10;<once-or-more-c><e></e><e></e><e></e><e></e></once-or-more-c>&#10;<once-or-more-d><e></e><e></e><e></e><e></e></once-or-more-d>&#10;<once-or-more-e><e></e><e></e><e></e><e></e></once-or-more-e>&#10;&#10;&#10;</root>\\ No newline at end of fileSandra I. MartinezNational Institute of Standards and Technology100 Bureau Drive, Stop 8970,Gaithersburg, Md. 20899(301) 975-3579sandra.martinez@nist.gov",
            "docno": "lists-027-13917676",
            "received": "Thu May 16 11:35:32 2002",
            "isoreceived": "20020516153532",
            "sent": "Thu, 16 May 2002 11:33:22 -0400",
            "isosent": "20020516153322",
            "name": "Sandra Martinez",
            "email": "sandra.martinez@nist.gov",
            "subject": "Re: XML Test Suite download",
            "id": "5.0.0.25.2.20020516112023.00aaa7e0@mailserver.nist.gov",
            "charset": "us-ascii",
            "inreplyto": "OF5ABEC66A.E95C626E-ON85256BB9.00563B15&#64;rchland.ibm.com",
            "expires": "-1",
            "to": "\"Glenn Marcy\"<gmarcy@us.ibm.com>\n",
            "cc": " Sandra Martinez<sandra.martinez@nist.gov>,public-xml-testsuite@w3.org,w3c-xml-core-wg@w3.org\n"
        },
        {
            "body": "Thank you!! but notice the name of the test,  ibm02v01  --- the one youunder the right test name.SandraAt 12:18 PM 11/13/2003 -0600, Glenn Marcy wrote:>Sandra writes:> > Glenn I still need an update for ibm-valid-P02-ibm02v01.xml>>Sorry, I had it in an earlier note that I missed sending along to you.>>Attached is test ibm-valid-P02-ibm02v01.xml>>-GlennSandra I. MartinezNational Institute of Standards and Technology100 Bureau Drive, Stop 8970,Gaithersburg, Md. 20899(301) 975-3579sandra.martinez@nist.gov",
            "docno": "lists-027-14540355",
            "received": "Thu Nov 13 13:26:58 2003",
            "isoreceived": "20031113182658",
            "sent": "me is the correct test but incorrect name (ibm02v011) I will save it",
            "isosent": "20031113182524",
            "name": "Sandra Martinez",
            "email": "sandra.martinez@nist.gov",
            "subject": "Re: IBM's XML 1.1 tests",
            "id": "5.0.0.25.2.20031113132329.01f85560@mailserver.nist.gov",
            "charset": "us-ascii",
            "inreplyto": "OF14849EE1.345EAD75-ON85256DDD.00646497-85256DDD.00649507&#64; us.ibm.com",
            "expires": "-1",
            "to": " Glenn Marcy<gmarcy@us.ibm.com>\n",
            "cc": "public-xml-testsuite@w3.org, Sandra Martinez<sandra.martinez@nist.gov>\n"
        },
        {
            "body": "> Unless we want to change the Infoset spec and break the> ability to do proper catalog resolution, I think we should> leave things as is and have a note that says that people who> use a tool that uses the broken SAX API will get different> results.I agree that the test suite should not be changed.This isn't a parser API test, nor is it an infoset implementationtest.  The test suite requires a particular format, and the factthat it doesn't match what SAX returns merely means that the SAXtest harness has to do some extra work.-- Richard",
            "docno": "lists-027-13603581",
            "received": "Mon Jun  3 16:23:44 2002",
            "isoreceived": "20020603202344",
            "sent": "Mon, 3 Jun 2002 21:22:39 +0100 (BST)",
            "isosent": "20020603202239",
            "name": "Richard Tobin",
            "email": "richard@cogsci.ed.ac.uk",
            "subject": "Re: More test suite problems",
            "id": "200206032022.VAA10208@rhymer.cogsci.ed.ac.uk",
            "inreplyto": "Mon, 03 Jun 2002 10:10:25 -0500",
            "expires": "-1",
            "to": " Paul Grosso<pgrosso@arbortext.com>,\"Glenn Marcy\"<gmarcy@us.ibm.com>,public-xml-testsuite@w3.org\n",
            "cc": "w3c-xml-core-wg@w3.org\n"
        },
        {
            "body": "Thank you Glenn, I have no idea how the line break got in there but isremoved, the other two are also fixed -- changes are committed to the CVSand the new download contains the changes. See the XML TS main page.http://xw2k.sdct.itl.nist.gov/martinez/xml0402ts/2001/XML-Test-Suite/xmlconf/newcover.htmlSandra>Well, it still seems to be not quite there...>>1)  The sun/valid/out/optional.xml file needs to not end with>     a line break for the expected results comparison to work.>     This was either added by sending it as an attachment or>     introduced by a text editor, or perhaps even CVS, but the>     correct contents do not end with a line break.>>2) The sun invalid test descriptions still reference the file>    sun/invalid/not-sa03.xml, which is now a not-wf test.  The>    reference needs to be moved/removed as appropriate.>>3) The ibm-valid-P02-ibm02v01.xml file is still referenced>    as a not-wf test despite being well-formed.  As I mentioned>    in my previous note:>>   \"This file had been corrupted, see TS09 and TS13, but seems>   to have been fixed now.  The test description needs to be>   changed back.>>diff -r xmlconf_orig/ibm/ibm_oasis_valid.xml>xmlconf/ibm/ibm_oasis_valid.xml>29,30c29,31><   <TEST URI=\"valid/P02/ibm02v01.xml\" TYPE=\"not-wf\" ID>=\"ibm-valid-P02-ibm02v01.xml\" ENTITIES=\"none\" SECTIONS=\"2.2\">><      Contains malformed UTF-8 characters.>---> >   <TEST URI=\"valid/P02/ibm02v01.xml\" TYPE=\"valid\" ID>=\"ibm-valid-P02-ibm02v01.xml\" ENTITIES=\"none\" SECTIONS=\"2.2\">> >     Tests <B>Char</B> with 3 characters - 2 boundaries plus 1 in the>middle - for> >      each range plus #x20 #x9 #xD #xA>>Otherwise, things look okay.>>Best Regards,>GlennSandra I. MartinezNational Institute of Standards and Technology100 Bureau Drive, Stop 8970,Gaithersburg, Md. 20899(301) 975-3579sandra.martinez@nist.gov",
            "docno": "lists-027-13952578",
            "received": "Fri May 17 14:56:49 2002",
            "isoreceived": "20020517185649",
            "sent": "Fri, 17 May 2002 14:54:42 -0400",
            "isosent": "20020517185442",
            "name": "Sandra Martinez",
            "email": "sandra.martinez@nist.gov",
            "subject": "Re: XML Test Suite download and report",
            "id": "5.0.0.25.2.20020517144557.00aab420@mailserver.nist.gov",
            "charset": "us-ascii",
            "inreplyto": "OF97BB1D2B.D0BDF868-ON85256BBC.005A553D&#64;rchland.ibm.com",
            "expires": "-1",
            "to": "\"Glenn Marcy\"<gmarcy@us.ibm.com>\n",
            "cc": "public-xml-testsuite@w3.org, Sandra Martinez<sandra.martinez@nist.gov>,w3c-xml-core-wg@w3.org\n"
        },
        {
            "body": "Sandra,Here are some of the updates for the IBM 1.1 test contributions.  Can youupdatethese in CVS and I'll work on the remaining issues.Appologies for the problems.  The tests were written a while back, thingschanged,comments were not updated properly, etc.  Anyways here are some comments.(1) ibm-valid-P02-ibm02v01.xmlThe UTF-8 code for LSEP (2028) in this file seems to be wrong.I believe it should be e2 80 a8, the file has e0 9f ac which isa non-shortest UTF-8 sequence for something else.[GM] Agree, a typo, the byte sequence corresponds to the character #x7ECandshould be changed to e2 80 a8, but its still a valid document.(2)ibm-valid-P02-ibm02v04.xml &(3)ibm-valid-P03-ibm03v08.xml[GM] Tests that were originally added for clarifications (are NEL & LESPin S)and are no longer valid.  Updated tests are attached above.(4) ibm-valid-P04-ibm04v01.xml, ibm-valid-P05-ibm05v01.xml,ibm-valid-P05-ibm05v02.xml, ibm-valid-P05-ibm05v03.xml,ibm-valid-P05-ibm05v05.xmlThese contain names that use colons in ways not allowed by namespaces,so they need NAMESPACE=\"no\" in the config file.(5) ibm-valid-P05-ibm05v05.xml...[GM] Agree, the config file will have to be modified as suggested.We treat these as namespaces=\"no\" in our suite though.(6) ibm-valid-P03-ibm03v*.xml[GM] Agree.(7) ibm-valid-P46-ibm46i01.xml, ibm-valid-P46-ibm46i02.xml[GM] Similar to (2) (3), agree the comment now needs to be changed.(8) ibm-not-wf-P02-ibm02n09.xml[GM]Agree, updated test attached.(9) ibm-not-wf-P02-ibm02n0??.xml[GM] Agree, the file names mentioned above need to be fixed in theconfiguration file.(10) ibm-not-wf-P02-ibm02n10.xmlThis file is supposed to contain \"control character 0x100\".  But 100 isnot a control character, and in fact the file contains a non-shortestUTF-8sequence.[GM] Attached a modified test case, the comment in the config file willhave to be updated.(11) ibm-not-wf-P02-ibm02n13.xmlThis file is supposed to contain \"control character 0x0D\" which wouldbe legal, but in fact contains control-A.  (Mabe all the testscorresponding to legal control characters have been messed up?)[GM] Attached a modified test case, the comment in the config file willhave to be updated.(12) ibm-not-wf-P02-ibm02n38.xmlThis file is supposed to contain \"control character 0x86\" but in factcontains 82.  Probably this is because it's between 84 and a real 86,and 85 is NEL.[GM] This test contains a embeded control characters x82, x83 and x84.The comment in the configuration file needs to be updated.(13) ibm-not-wf-P02-ibm02n58.xmlThis file is supposed to contain \"control character 0x99\" but in factcontains a non-shortest UTF-8 sequence.[GM] Attached updated test(15) ibm-not-wf-P04-ibm04n2[1-4].xml ibm-not-wf-P04a-ibm04an2[1-4].xmlThese are supposed to have bogus surrogates, but instead have questionmarks.[GM] Agree, the characters somehow got messed up.  I have attached fixedtests.(16) ibm-not-wf-P04a-ibm04an0[1-3].xml, ibm-not-wf-P04a-ibm04an1[1-2].xmlThese don't have the characters they are claimed to, probably a UTF-8screwup.[GM] Agree, Incorrect comments, they should have beenibm-not-wf-P04a-ibm04an0[1-3].xml - #xB8, #0xA1 and #0xAFibm-not-wf-P04a-ibm04an1[1-2].xml - #0x203D and #0x2041(17) ibm-not-wf-P04a-ibm04an17.xml, ibm-not-wf-P04a-ibm04an18.xmlTest for 2edc and 2fed which are in fact legal.[GM] Agree, Incorrect comments, they should have been #x2BDC and #x2A30(18) ibm-not-wf-P05-ibm05n02.xmlPurports to test for illegal name char 300, but actually has 3000which is also illegal.[GM] Agree, test case with illegal name char x300 attached.(19) ibm-not-wf-P77-ibm77n13.xmlThis doesn't test what it claims to; it is not-wf because the documententity is 1.0 and an external entity is 1.1.[GM] Agree, the comment needs to be corrected.That's all for now.Thanks,Glennapplication/octet-stream attachment: ibm02v04.xmlapplication/octet-stream attachment: ibm03v08.xmlapplication/octet-stream attachment: ibm02n09.xmlapplication/octet-stream attachment: ibm02n10.xmlapplication/octet-stream attachment: ibm02n13.xmlapplication/octet-stream attachment: ibm02n58.xmlapplication/octet-stream attachment: ibm04n24.xmlapplication/octet-stream attachment: ibm04n22.xmlapplication/octet-stream attachment: ibm04n23.xmlapplication/octet-stream attachment: ibm04n21.xmlapplication/octet-stream attachment: ibm04an24.xmlapplication/octet-stream attachment: ibm04an22.xmlapplication/octet-stream attachment: ibm04an23.xmlapplication/octet-stream attachment: ibm04an21.xmlapplication/octet-stream attachment: ibm05n02.xml",
            "docno": "lists-027-14438201",
            "received": "Fri Nov  7 09:43:23 2003",
            "isoreceived": "20031107144323",
            "sent": "Fri, 7 Nov 2003 08:43:07 -0600",
            "isosent": "20031107144307",
            "name": "Glenn Marcy",
            "email": "gmarcy@us.ibm.com",
            "subject": "Re: IBM's XML 1.1 tests",
            "id": "OF448D70FB.19833D14-ON85256DD7.00504E35-85256DD7.0050DA50@us.ibm.com",
            "charset": "us-ascii",
            "inreplyto": "IBM's XML 1.1 tests",
            "expires": "-1",
            "to": "public-xml-testsuite@w3.org\n",
            "cc": " Richard Tobin<richard@cogsci.ed.ac.uk>\n"
        },
        {
            "body": "> According to table 3.1B of Unicode 3.2, the sequence e0 9f ac is not> a valid UTF-8 sequence.Right.  But if you don't check that it's legal, and follow the naturalalgorithm for decoding it, you will get 7EC.  Some implementationsjust apply the algorithm blindly without checking.There were two mistakes: the code point used was 2028 decimal (= 7EC hex)instead of 2028 hex.  And 2028 decimal was encoded as a 3-byte sequenceinstead of a 2-byte sequence.-- Richard",
            "docno": "lists-027-14499069",
            "received": "Fri Nov  7 18:26:10 2003",
            "isoreceived": "20031107232610",
            "sent": "Fri, 7 Nov 2003 23:25:14 GMT",
            "isosent": "20031107232514",
            "name": "Richard Tobin",
            "email": "richard@cogsci.ed.ac.uk",
            "subject": "Re: IBM's XML 1.1 tests",
            "id": "200311072325.XAA03787@sorley.cogsci.ed.ac.uk",
            "inreplyto": "Fri, 7 Nov 2003 16:20:20 -0500",
            "expires": "-1",
            "to": "\"Karl Waclawek\"<karl@waclawek.net>,<public-xml-testsuite@w3.org>\n",
            "cc": "\"Glenn Marcy\"<gmarcy@us.ibm.com>,\"Sandra Martinez\"<sandra.martinez@nist.gov>,\"Richard Tobin\"<richard@cogsci.ed.ac.uk>\n"
        },
        {
            "body": "Well, it still seems to be not quite there...1)  The sun/valid/out/optional.xml file needs to not end witha line break for the expected results comparison to work.This was either added by sending it as an attachment orintroduced by a text editor, or perhaps even CVS, but thecorrect contents do not end with a line break.2) The sun invalid test descriptions still reference the filesun/invalid/not-sa03.xml, which is now a not-wf test.  Thereference needs to be moved/removed as appropriate.3) The ibm-valid-P02-ibm02v01.xml file is still referencedas a not-wf test despite being well-formed.  As I mentionedin my previous note:\"This file had been corrupted, see TS09 and TS13, but seemsto have been fixed now.  The test description needs to bechanged back.diff -r xmlconf_orig/ibm/ibm_oasis_valid.xmlxmlconf/ibm/ibm_oasis_valid.xml29,30c29,31<   <TEST URI=\"valid/P02/ibm02v01.xml\" TYPE=\"not-wf\" ID=\"ibm-valid-P02-ibm02v01.xml\" ENTITIES=\"none\" SECTIONS=\"2.2\"><      Contains malformed UTF-8 characters.--->   <TEST URI=\"valid/P02/ibm02v01.xml\" TYPE=\"valid\" ID=\"ibm-valid-P02-ibm02v01.xml\" ENTITIES=\"none\" SECTIONS=\"2.2\">>     Tests <B>Char</B> with 3 characters - 2 boundaries plus 1 in themiddle - for>      each range plus #x20 #x9 #xD #xAOtherwise, things look okay.Best Regards,Glenn",
            "docno": "lists-027-13943086",
            "received": "Fri May 17 12:39:27 2002",
            "isoreceived": "20020517163927",
            "sent": "Fri, 17 May 2002 12:37:23 -0400",
            "isosent": "20020517163723",
            "name": "Glenn Marcy",
            "email": "gmarcy@us.ibm.com",
            "subject": "Re: XML Test Suite download and report",
            "id": "OF97BB1D2B.D0BDF868-ON85256BBC.005A553D@rchland.ibm.com",
            "charset": "us-ascii",
            "inreplyto": "XML Test Suite download and report",
            "expires": "-1",
            "to": "public-xml-testsuite@w3.org\n",
            "cc": " Sandra Martinez<sandra.martinez@nist.gov>,w3c-xml-core-wg@w3.org\n"
        },
        {
            "body": "> What is the final agreement on this one?I think we're agreed to change it to e2 80 a8, the only question iswhether the old, mistaken value is legal or not, and we don't have todecide that.-- Richard",
            "docno": "lists-027-14491032",
            "received": "Fri Nov  7 18:20:16 2003",
            "isoreceived": "20031107232016",
            "sent": "Fri, 7 Nov 2003 23:20:13 GMT",
            "isosent": "20031107232013",
            "name": "Richard Tobin",
            "email": "richard@cogsci.ed.ac.uk",
            "subject": "Re: IBM's XML 1.1 tests",
            "id": "200311072320.XAA03771@sorley.cogsci.ed.ac.uk",
            "inreplyto": "Fri, 07 Nov 2003 15:39:26 -0500",
            "expires": "-1",
            "to": " Sandra Martinez<sandra.martinez@nist.gov>, Richard Tobin<richard@cogsci.ed.ac.uk>\n",
            "cc": " Glenn Marcy<gmarcy@us.ibm.com>,public-xml-testsuite@w3.org, Richard Tobin<richard@cogsci.ed.ac.uk>\n"
        },
        {
            "body": "Done.SandraAt 11:43 AM 9/26/2003 -0500, Glenn Marcy wrote:>Hi,>>I have found some problems with the test suite in CVS.>>These problems fall into two categories.  First, some of the tests>that reference external parameter entities (or the external DTD>subset) do not indicate so in their description.  Second, there>are several tests that use either US-ASCII or ISO-8859-1 encodings>which are not required by minimally conforming processors.  In all>but one case this only required changing the encoding declaration>to UTF-8.  I have included a copy of the entire file for the one>case where the data had to be reencoded in UTF-8 from ISO-8859-1.>>It would be great if you could pick these changes up so that I>can resume testing with an official unmodified version of the>test suite and no longer need maintain these changes locally.>>Best Regards,>Glenn>>>>>diff -r xmlconf/ibm/ibm_oasis_not-wf.xml xmlconf_old/ibm/ibm_oasis_not-wf.xml>557c557>< <TEST URI=\"not-wf/P28a/ibm28an01.xml\" TYPE=\"not-wf\">ID=\"ibm-not-wf-P28a-ibm28an01.xml\" ENTITIES=\"none\" SECTIONS=\"2.8\">>---> > <TEST URI=\"not-wf/P28a/ibm28an01.xml\" TYPE=\"not-wf\"> ID=\"ibm-not-wf-P28a-ibm28an01.xml\" ENTITIES=\"parameter\" SECTIONS=\"2.8\">>1266c1266><   <TEST URI=\"not-wf/P62/ibm62n02.xml\" TYPE=\"not-wf\">ID=\"ibm-not-wf-P62-ibm62n02.xml\" ENTITIES=\"none\" SECTIONS=\"3.4\">>---> >   <TEST URI=\"not-wf/P62/ibm62n02.xml\" TYPE=\"not-wf\"> ID=\"ibm-not-wf-P62-ibm62n02.xml\" ENTITIES=\"parameter\" SECTIONS=\"3..4\">>diff -r xmlconf/ibm/not-wf/P13/ibm13n03.xml>xmlconf_old/ibm/not-wf/P13/ibm13n03.xml>1c1>< <?xml version=\"1.0\" encoding=\"ISO-8859-1\"?>>---> > ???<?xml version=\"1.0\" encoding=\"utf-8\"?>>3c3><         <!ENTITY info PUBLIC \"This is a test ? \" \"student.dtd\">>---> >         <!ENTITY info PUBLIC \"This is a test ?? \" \"student.dtd\">>6c6>< <!-- testing invalid pubid char with ?  -->>---> > <!-- testing invalid pubid char with ??  -->>diff -r xmlconf/ibm/not-wf/P13/student.dtd>xmlconf_old/ibm/not-wf/P13/student.dtd>1c1>< <?xml encoding=\"US-ASCII\"?>>---> > <?xml encoding=\"utf-8\"?>>diff -r xmlconf/ibm/not-wf/p28a/ibm28an01.xml>xmlconf_old/ibm/not-wf/p28a/ibm28an01.xml>1c1>< <?xml version=\"1.0\" encoding=\"us-ascii\" ?>>---> > <?xml version=\"1.0\" encoding=\"utf-8\" ?>>diff -r xmlconf/ibm/valid/P01/ibm01v01.xml>xmlconf_old/ibm/valid/P01/ibm01v01.xml>1c1>< <?xml version=\"1.0\" encoding=\"us-ascii\" standalone=\"yes\" ?>>---> > <?xml version=\"1.0\" encoding=\"utf-8\" standalone=\"yes\" ?>>diff -r xmlconf/ibm/valid/P09/student.dtd>xmlconf_old/ibm/valid/P09/student.dtd>1c1>< <?xml encoding=\"US-ASCII\"?>>---> > <?xml encoding=\"utf-8\"?>>diff -r xmlconf/ibm/valid/P11/student.dtd>xmlconf_old/ibm/valid/P11/student.dtd>1c1>< <?xml encoding=\"US-ASCII\"?>>---> > <?xml encoding=\"utf-8\"?>>diff -r xmlconf/ibm/valid/P12/student.dtd>xmlconf_old/ibm/valid/P12/student.dtd>1c1>< <?xml encoding=\"US-ASCII\"?>>---> > <?xml encoding=\"utf-8\"?>>diff -r xmlconf/ibm/valid/P13/student.dtd>xmlconf_old/ibm/valid/P13/student.dtd>1c1>< <?xml encoding=\"US-ASCII\"?>>---> > <?xml encoding=\"utf-8\"?>>diff -r xmlconf/ibm/valid/P22/ibm22v01.xml>xmlconf_old/ibm/valid/P22/ibm22v01.xml>1c1>< <?xml version=\"1.0\" encoding=\"us-ascii\" ?>>---> > <?xml version=\"1.0\" encoding=\"utf-8\" ?>>diff -r xmlconf/ibm/valid/P22/ibm22v05.xml>xmlconf_old/ibm/valid/P22/ibm22v05.xml>1c1>< <?xml version=\"1.0\" encoding=\"us-ascii\" ?>>---> > <?xml version=\"1.0\" encoding=\"utf-8\" ?>>diff -r xmlconf/ibm/valid/P22/ibm22v06.xml>xmlconf_old/ibm/valid/P22/ibm22v06.xml>1c1>< <?xml version=\"1.0\" encoding=\"us-ascii\" ?>>---> > <?xml version=\"1.0\" encoding=\"utf-8\" ?>>diff -r xmlconf/ibm/valid/P22/ibm22v07.xml>xmlconf_old/ibm/valid/P22/ibm22v07.xml>1c1>< <?xml version=\"1.0\" encoding=\"us-ascii\" ?>>---> > <?xml version=\"1.0\" encoding=\"utf-8\" ?>>diff -r xmlconf/ibm/valid/P28/ibm28v02.xml>xmlconf_old/ibm/valid/P28/ibm28v02.xml>1c1>< <?xml version=\"1.0\" encoding=\"us-ascii\" ?>>---> > <?xml version=\"1.0\" encoding=\"utf-8\" ?>>diff -r xmlconf/ibm/valid/P29/ibm29v01.xml>xmlconf_old/ibm/valid/P29/ibm29v01.xml>1c1>< <?xml version=\"1.0\" encoding=\"us-ascii\" ?>>---> > <?xml version=\"1.0\" encoding=\"utf-8\" ?>>diff -r xmlconf/ibm/valid/P29/ibm29v02.xml>xmlconf_old/ibm/valid/P29/ibm29v02.xml>1c1>< <?xml version=\"1.0\" encoding=\"us-ascii\" ?>>---> > <?xml version=\"1.0\" encoding=\"utf-8\" ?>>diff -r xmlconf/sun/not-wf/decl01.ent xmlconf_old/sun/not-wf/decl01.ent>1c1>< <?xml version=\"1.0\" encoding=\"iso-8859-1\" standalone=\"yes\"?>>---> > <?xml version=\"1.0\" encoding=\"utf-8\" standalone=\"yes\"?>>diff -r xmlconf/sun/sun-not-wf.xml xmlconf_old/sun/sun-not-wf.xml>44c44,45>< <TEST URI=\"not-wf/cond01.xml\" ID=\"cond01\" TYPE=\"not-wf\" SECTIONS=\"3.4>[61]\">>---> > <TEST URI=\"not-wf/cond01.xml\" ID=\"cond01\" TYPE=\"not-wf\" SECTIONS=\"3.4> [61]\"> >     ENTITIES=\"parameter\">>47c48,49>< <TEST URI=\"not-wf/cond02.xml\" ID=\"cond02\" TYPE=\"not-wf\" SECTIONS=\"3.4>[61]\">>---> > <TEST URI=\"not-wf/cond02.xml\" ID=\"cond02\" TYPE=\"not-wf\" SECTIONS=\"3.4> [61]\"> >     ENTITIES=\"parameter\">>81c83,84>< <TEST URI=\"not-wf/dtd07.xml\" ID=\"dtd07\" TYPE=\"not-wf\" SECTIONS=\"4.3.1>[77]\">>---> > <TEST URI=\"not-wf/dtd07.xml\" ID=\"dtd07\" TYPE=\"not-wf\" SECTIONS=\"4.3.1> [77]\"> >     ENTITIES=\"parameter\">>119c122,123>< <TEST URI=\"not-wf/encoding07.xml\" ID=\"encoding07\" TYPE=\"not-wf\">SECTIONS=\"4.3.1 [77]\">>---> > <TEST URI=\"not-wf/encoding07.xml\" ID=\"encoding07\" TYPE=\"not-wf\"> SECTIONS=\"4.3.1 [77]\"> >     ENTITIES=\"parameter\">Sandra I. MartinezNational Institute of Standards and Technology100 Bureau Drive, Stop 8970,Gaithersburg, Md. 20899(301) 975-3579sandra.martinez@nist.gov",
            "docno": "lists-027-14626011",
            "received": "Tue Sep 30 15:59:01 2003",
            "isoreceived": "20030930195901",
            "sent": "Tue, 30 Sep 2003 15:58:22 -0400",
            "isosent": "20030930195822",
            "name": "Sandra Martinez",
            "email": "sandra.martinez@nist.gov",
            "subject": "Re: [public-xml-testsuite] &lt;none&gt;",
            "id": "5.0.0.25.2.20030930155807.01ec33a8@mailserver.nist.gov",
            "charset": "iso-8859-1",
            "inreplyto": "OF44D1A028.8F36444E-ON85256DAD.005B129A-85256DAD.005BEA7A&#64; us.ibm.com",
            "expires": "-1",
            "to": " Glenn Marcy<gmarcy@us.ibm.com>\n",
            "cc": "public-xml-testsuite@w3.org\n"
        },
        {
            "body": "I have long thought the SAX API is broken in this regard.Unless we want to change the Infoset spec and break theability to do proper catalog resolution, I think we shouldleave things as is and have a note that says that people whouse a tool that uses the broken SAX API will get differentresults.  And we should tell the Xerces folks that theirparser is broken.  After all, that is what a test suiteis for, isn't it?paulAt 09:03 2002 05 28 -0400, Glenn Marcy wrote:>Glenn writes:>>There is also the following problem discovered by the Xerces>>parser that I am not sure how to solve.>>>>Output Tests:>>ibm-valid-P28-ibm28v02.xml>>ibm-valid-P29-ibm29v01.xml>>ibm-valid-P29-ibm29v02.xml>>ibm-valid-P57-ibm57v01.xml>>ibm-valid-P58-ibm58v01.xml>>ibm-valid-P58-ibm58v02.xml>>ibm-valid-P70-ibm70v01.xml>>>>Xerces resolves and returns the complete path of systemIds for>>notation decls, where as the actual outputs do not and can not>>contain complete resolved paths for systemIds.  Xerces appears>>to behave in accordance with the SAX API...>>>>    notationDecl>>    .....>>    If a system identifier is present, and it is a URL, the>>    SAX parser must resolve it fully before passing it to the>>    application through this event.>>>>I am not sure what we can do at this point to support expected>>results files for documents that have absolute path names in>>their infoset.>>>>Does anyone have any thoughts or suggestions for how this>>issue can be addressed?  Otherwise, I think that we would need>>to remove the expected results files for these tests.>>One thing that I should have mentioned is that SAX is certainly>inconsistant with the Infoset specification on this point given>this description from Notation information item:>>  2. [system identifier] The system identifier of the notation,>     as it appears in the declaration of the notation, without>     any additional URI escaping applied by the processor. If>     no system identifier was specified, this property has no>     value.>>However, if most people are testing conformance using the SAX>API and the SAX implementations are \"correct\" then we cannot>get the correct infoset to test expected results conformance.>>One idea that came to me would be to add a new attribute to>the test suite descriptions similar to NAMESPACE that could>be used by a SAX based test harness to identify those tests>that cannot be compared with the expected output.>>Best Regards,>Glenn",
            "docno": "lists-027-13593655",
            "received": "Mon Jun  3 15:59:35 2002",
            "isoreceived": "20020603195935",
            "sent": "Mon, 03 Jun 2002 10:10:25 -0500",
            "isosent": "20020603151025",
            "name": "Paul Grosso",
            "email": "pgrosso@arbortext.com",
            "subject": "Re: More test suite problems",
            "id": "4.3.2.7.2.20020603170730.01a4faa0@172.27.10.30",
            "charset": "us-ascii",
            "inreplyto": "OF3F169D61.7EEA5BF3-ON85256BC7.00464287&#64;rchland.ibm.com",
            "expires": "-1",
            "to": "\"Glenn Marcy\"<gmarcy@us.ibm.com>,public-xml-testsuite@w3.org\n",
            "cc": "w3c-xml-core-wg@w3.org\n"
        },
        {
            "body": "Sandra writes:> Glenn I still need an update for ibm-valid-P02-ibm02v01.xmlSorry, I had it in an earlier note that I missed sending along to you.Attached is test ibm-valid-P02-ibm02v01.xml-Glennapplication/octet-stream attachment: ibm02v01.xml",
            "docno": "lists-027-14532627",
            "received": "Thu Nov 13 13:19:29 2003",
            "isoreceived": "20031113181929",
            "sent": "Thu, 13 Nov 2003 12:18:36 -0600",
            "isosent": "20031113181836",
            "name": "Glenn Marcy",
            "email": "gmarcy@us.ibm.com",
            "subject": "Re: IBM's XML 1.1 tests",
            "id": "OF14849EE1.345EAD75-ON85256DDD.00646497-85256DDD.00649507@us.ibm.com",
            "charset": "us-ascii",
            "inreplyto": "IBM's XML 1.1 tests",
            "expires": "-1",
            "to": "public-xml-testsuite@w3.org\n",
            "cc": " Sandra Martinez<sandra.martinez@nist.gov>\n"
        },
        {
            "body": "> (1) ibm-valid-P02-ibm02v01.xml> The UTF-8 code for LSEP (2028) in this file seems to be wrong.> I believe it should be e2 80 a8, the file has e0 9f ac which is> a non-shortest UTF-8 sequence for something else.>> [GM] Agree, a typo, the byte sequence corresponds to the character #x7EC> and should be changed to e2 80 a8, but its still a valid document.It's not the shortest sequence for 7EC, so it's a UTF-8 error andtherefore not well-formed.-- Richard",
            "docno": "lists-027-14452131",
            "received": "Fri Nov  7 10:00:02 2003",
            "isoreceived": "20031107150002",
            "sent": "Fri, 7 Nov 2003 14:59:56 GMT",
            "isosent": "20031107145956",
            "name": "Richard Tobin",
            "email": "richard@cogsci.ed.ac.uk",
            "subject": "Re: IBM's XML 1.1 tests",
            "id": "200311071459.OAA21745@rhymer.cogsci.ed.ac.uk",
            "inreplyto": "Fri, 7 Nov 2003 08:43:07 -0600",
            "expires": "-1",
            "to": " Glenn Marcy<gmarcy@us.ibm.com>,public-xml-testsuite@w3.org\n",
            "cc": " Richard Tobin<richard@cogsci.ed.ac.uk>\n"
        },
        {
            "body": "I will take care of the first one.SandraAt 11:04 AM 5/23/2002 -0400, Glenn Marcy wrote:>Sandra,>>We still have the following problems...>>ibm/not-wf/P32/ibm32n09.xml still says:>>   <!DOCTYPE animal SYSTEM \"ibm32i09.dtd\" [>>but it needs to say:>>   <!DOCTYPE animal SYSTEM \"ibm32n09.dtd\" [>>There is also the following problem discovered by the Xerces>parser that I am not sure how to solve.>>Output Tests:>ibm-valid-P28-ibm28v02.xml>ibm-valid-P29-ibm29v01.xml>ibm-valid-P29-ibm29v02.xml>ibm-valid-P57-ibm57v01.xml>ibm-valid-P58-ibm58v01.xml>ibm-valid-P58-ibm58v02.xml>ibm-valid-P70-ibm70v01.xml>>Xerces resolves and returns the complete path of systemIds for>notation decls, where as the actual outputs do not and can not>contain complete resolved paths for systemIds.  Xerces appears>to behave in accordance with the SAX API...>>     notationDecl>     .....>     If a system identifier is present, and it is a URL, the>     SAX parser must resolve it fully before passing it to the>     application through this event.>>I am not sure what we can do at this point to support expected>results files for documents that have absolute path names in>their infoset.>>Does anyone have any thoughts or suggestions for how this>issue can be addressed?  Otherwise, I think that we would need>to remove the expected results files for these tests.>>Regards,>GlennSandra I. MartinezNational Institute of Standards and Technology100 Bureau Drive, Stop 8970,Gaithersburg, Md. 20899(301) 975-3579sandra.martinez@nist.gov",
            "docno": "lists-027-14005876",
            "received": "Thu May 23 11:15:17 2002",
            "isoreceived": "20020523151517",
            "sent": "Thu, 23 May 2002 11:13:06 -0400",
            "isosent": "20020523151306",
            "name": "Sandra Martinez",
            "email": "sandra.martinez@nist.gov",
            "subject": "Re: More test suite problems",
            "id": "5.0.0.25.2.20020523111107.0276b648@mailserver.nist.gov",
            "charset": "us-ascii",
            "inreplyto": "OF1CF2DD19.766B8E77-ON85256BC2.00528F0B&#64;rchland.ibm.com",
            "expires": "-1",
            "to": "\"Glenn Marcy\"<gmarcy@us.ibm.com>\n",
            "cc": " Sandra Martinez<sandra.martinez@nist.gov>,public-xml-testsuite@w3.org,w3c-xml-core-wg@w3.org\n"
        },
        {
            "body": "Sandra,Here is the set of changes that I needed to make to get the test suite torun/pass.Please fix the ones that are merely simple mistakes.  If you have anydoubts aboutthe others, please open issues in the test-suite-issues document.Thanks,GlennTest \"ibm-invalid-P32-ibm32i02.xml\" is actually not-wellformed since itviolatesthe WFC: Entity Declared constraint.  This was the issue that I raised withthegroup on how it seemed odd that a standalone=\"yes\" would make a validdocumentnot-wellformed instead of simply invalid, but the group agreed that the WFCdoesin fact apply.diff -r xmlconf_orig/ibm/ibm_oasis_invalid.xmlxmlconf/ibm/ibm_oasis_invalid.xml36,37c36,37<   <TEST URI=\"invalid/P32/ibm32i02.xml\" TYPE=\"invalid\" ID=\"ibm-invalid-P32-ibm32i02.xml\" ENTITIES=\"parameter\" SECTIONS=\"2.9\" OUTPUT=\"invalid/P32/out/ibm32i02.xml\"><     This test violates VC: Standalone Document Declaration in P32.--->   <TEST URI=\"invalid/P32/ibm32i02.xml\" TYPE=\"not-wf\" ID=\"ibm-invalid-P32-ibm32i02.xml\" ENTITIES=\"parameter\" SECTIONS=\"2.9\" OUTPUT=\"invalid/P32/out/ibm32i02.xml\">>     This test violates WFC: Entity Declared in P68.This is the same issue.diff -r xmlconf_orig/sun/sun-invalid.xml xmlconf/sun/sun-invalid.xml79,81c79,81<     SECTIONS=\"2.9\" TYPE=\"invalid\"><     Tests the Standalone Document Declaration VC, ensuring that<     a reference to externally defined entity causes a validityerror.</TEST>--->     SECTIONS=\"2.9\" TYPE=\"not-wf\">>     Tests the Entity Declared WFC, ensuring that>     a reference to externally defined entity causes a well-formednesserror.</TEST>This file had been corrupted, see TS09 and TS13, but seems to have beenfixed now.The test description needs to be changed back.diff -r xmlconf_orig/ibm/ibm_oasis_valid.xmlxmlconf/ibm/ibm_oasis_valid.xml29,30c29,31<   <TEST URI=\"valid/P02/ibm02v01.xml\" TYPE=\"not-wf\" ID=\"ibm-valid-P02-ibm02v01.xml\" ENTITIES=\"none\" SECTIONS=\"2.2\"><      Contains malformed UTF-8 characters.--->   <TEST URI=\"valid/P02/ibm02v01.xml\" TYPE=\"valid\" ID=\"ibm-valid-P02-ibm02v01.xml\" ENTITIES=\"none\" SECTIONS=\"2.2\">>     Tests <B>Char</B> with 3 characters - 2 boundaries plus 1 in themiddle - for>      each range plus #x20 #x9 #xD #xAThere is a typo in this file (and some minor whitespace inconsistancies).diff -r xmlconf_orig/oasis/oasis.xml xmlconf/oasis/oasis.xml888c888< <TEST TYPE='no-wf' SECTIONS='2.6[16]'--->   <TEST TYPE='not-wf' SECTIONS='2.6[16]'892d891<This file has now been moved to the valid directory, but the old entry inthesun-error file needs to be removed.diff -r xmlconf_orig/sun/sun-error.xml xmlconf/sun/sun-error.xml7,11d6< <TEST URI=\"invalid/pe01.xml\" ID=\"pe01\" SECTIONS=\"2.8\" TYPE=\"error\"><     Parameter entities must consist of a series of complete markup<     declarations of the types allowed by the nonterminal<     <EM>markupdecl</EM>, interespersed with whitespace or PERefs.</TEST><The file was moved but the path in the test description was not updated.diff -r xmlconf_orig/sun/sun-valid.xml xmlconf/sun/sun-valid.xml7c7< <TEST URI=\"invalid/pe01.xml\" ID=\"pe01\" ENTITIES=\"parameter\" SECTIONS=\"2.8\" TYPE=\"valid\">---> <TEST URI=\"valid/pe01.xml\" ID=\"pe01\" ENTITIES=\"parameter\" SECTIONS=\"2.8\"TYPE=\"valid\">The test file was changed to change/remove ambiguous content models, butthe expected results file was not updated.diff -r xmlconf_orig/sun/valid/out/optional.xmlxmlconf/sun/valid/out/optional.xml1c1< <root>&#10;    &#10;    <once><e></e></once>&#10;&#10;<twice><e></e><e></e></twice>&#10;&#10;&#10;<once-or-twice-a><e></e></once-or-twice-a>&#10;<once-or-twice-b><e></e></once-or-twice-b>&#10;<once-or-twice-c><e></e></once-or-twice-c>&#10;<once-or-twice-d><e></e></once-or-twice-d>&#10;<once-or-twice-e><e></e></once-or-twice-e>&#10;&#10;<once-or-twice-a><e></e><e></e></once-or-twice-a>&#10;<once-or-twice-b><e></e><e></e></once-or-twice-b>&#10;<once-or-twice-c><e></e><e></e></once-or-twice-c>&#10;<once-or-twice-d><e></e><e></e></once-or-twice-d>&#10;<once-or-twice-e><e></e><e></e></once-or-twice-e>&#10;&#10;&#10;<once-or-more-1a><e></e></once-or-more-1a>&#10;<once-or-more-1b><e></e></once-or-more-1b>&#10;<once-or-more-1c><e></e></once-or-more-1c>&#10;<once-or-more-1d><e></e></once-or-more-1d>&#10;<once-or-more-1e><e></e></once-or-more-1e>&#10;&#10;<once-or-more-1a><e></e><e></e></once-or-more-1a>&#10;<once-or-more-1b><e></e><e></e></once-or-more-1b>&#10;    <once-or-more-1c><e></e><e></e></once-or-more-1c>&#10;<once-or-more-1d><e></e><e></e></once-or-more-1d>&#10;<once-or-more-1e><e></e><e></e></once-or-more-1e>&#10;&#10;<once-or-more-1a><e></e><e></e><e></e></once-or-more-1a>&#10;<once-or-more-1b><e></e><e></e><e></e></once-or-more-1b>&#10;<once-or-more-1c><e></e><e></e><e></e></once-or-more-1c>&#10;<once-or-more-1d><e></e><e></e><e></e></once-or-more-1d>&#10;<once-or-more-1e><e></e><e></e><e></e></once-or-more-1e>&#10;&#10;<once-or-more-1a><e></e><e></e><e></e><e></e></once-or-more-1a>&#10;<once-or-more-1b><e></e><e></e><e></e><e></e></once-or-more-1b>&#10;<once-or-more-1c><e></e><e></e><e></e><e></e></once-or-more-1c>&#10;<once-or-more-1d><e></e><e></e><e></e><e></e></once-or-more-1d>&#10;<once-or-more-1e><e></e><e></e><e></e><e></e></once-or-more-1e>&#10;&#10;&#10;    <once-or-more-2a><e></e></once-or-more-2a>&#10;<once-or-more-2b><e></e></once-or-more-2b>&#10;    <once-or-more-2c><e></e></once-or-more-2c>&#10;    <once-or-more-2d><e></e></once-or-more-2d>&#10;<once-or-more-2e><e></e></once-or-more-2e>&#10;&#10;<once-or-more-2a><e></e><e></e></once-or-more-2a>&#10;<once-or-more-2b><e></e><e></e></once-or-more-2b>&#10;<once-or-more-2c><e></e><e></e></once-or-more-2c>&#10;<once-or-more-2d><e></e><e></e></once-or-more-2d>&#10;<once-or-more-2e><e></e><e></e></once-or-more-2e>&#10;&#10;<once-or-more-2a><e></e><e></e><e></e></once-or-more-2a>&#10;<once-or-more-2b><e></e><e></e><e></e></once-or-more-2b>&#10;<once-or-more-2c><e></e><e></e><e></e></once-or-more-2c>&#10;<once-or-more-2d><e></e><e></e><e></e></once-or-more-2d>&#10;<once-or-more-2e><e></e><e></e><e></e></once-or-more-2e>&#10;&#10;<once-or-more-2a><e></e><e></e><e></e><e></e></once-or-more-2a>&#10;<once-or-more-2b><e></e><e></e><e></e><e></e></once-or-more-2b>&#10;<once-or-more-2c><e></e><e></e><e></e><e></e></once-or-more-2c>&#10;<once-or-more-2d><e></e><e></e><e></e><e></e></once-or-more-2d>&#10;<once-or-more-2e><e></e><e></e><e></e><e></e></once-or-more-2e>&#10;&#10;</root>\\ No newline at end of file---> <root>&#10;    &#10;    <once><e></e></once>&#10;&#10;<twice><e></e><e></e></twice>&#10;&#10;&#10;<once-or-twice-a><e></e></once-or-twice-a>&#10;<once-or-twice-b><e></e></once-or-twice-b>&#10;<once-or-twice-c><e></e></once-or-twice-c>&#10;<once-or-twice-d><e></e></once-or-twice-d>&#10;<once-or-twice-e><e></e></once-or-twice-e>&#10;&#10;<once-or-twice-a><e></e><e></e></once-or-twice-a>&#10;<once-or-twice-b><e></e><e></e></once-or-twice-b>&#10;<once-or-twice-c><e></e><e></e></once-or-twice-c>&#10;<once-or-twice-d><e></e><e></e></once-or-twice-d>&#10;<once-or-twice-e><e></e><e></e></once-or-twice-e>&#10;&#10;&#10;<once-or-more-a><e></e></once-or-more-a>&#10;<once-or-more-b><e></e></once-or-more-b>&#10;<once-or-more-c><e></e></once-or-more-c>&#10;<once-or-more-d><e></e></once-or-more-d>&#10;<once-or-more-e><e></e></once-or-more-e>&#10;&#10;<once-or-more-a><e></e><e></e></once-or-more-a>&#10;<once-or-more-b><e></e><e></e></once-or-more-b>&#10;    <once-or-more-c><e></e><e></e></once-or-more-c>&#10;<once-or-more-d><e></e><e></e></once-or-more-d>&#10;<once-or-more-e><e></e><e></e></once-or-more-e>&#10;&#10;<once-or-more-a><e></e><e></e><e></e></once-or-more-a>&#10;<once-or-more-b><e></e><e></e><e></e></once-or-more-b>&#10;<once-or-more-c><e></e><e></e><e></e></once-or-more-c>&#10;<once-or-more-d><e></e><e></e><e></e></once-or-more-d>&#10;<once-or-more-e><e></e><e></e><e></e></once-or-more-e>&#10;&#10;<once-or-more-a><e></e><e></e><e></e><e></e></once-or-more-a>&#10;<once-or-more-b><e></e><e></e><e></e><e></e></once-or-more-b>&#10;<once-or-more-c><e></e><e></e><e></e><e></e></once-or-more-c>&#10;<once-or-more-d><e></e><e></e><e></e><e></e></once-or-more-d>&#10;<once-or-more-e><e></e><e></e><e></e><e></e></once-or-more-e>&#10;&#10;&#10;</root>\\ No newline at end of fileI cannot find the tests that these two entries are referring to.  Thedescriptions seem strange talking about tests marked as invalid violatinga WFC, so I suspect that the tests were removed through the descriptionsremained.  Therefore, I have deleted these entries.diff -r xmlconf_orig/xmltest/xmltest.xml xmlconf/xmltest/xmltest.xml673,682d672< <TEST TYPE=\"invalid\" ENTITIES=\"both\" ID=\"invalid--010\"<     URI=\"invalid/010.xml\" SECTIONS=\"2.8\"><     This test violates WFC:PE Between Declarations in Production 28a.<     The last character of a markup declaration is not contained in thesame<     parameter-entity text replacement.</TEST>< <TEST TYPE=\"invalid\" ENTITIES=\"both\" ID=\"invalid--011\"<     URI=\"invalid/011.xml\" SECTIONS=\"2.8\"><     This test violates WFC:PE Between Declarations in Production 28a.<     The last character of a markup declaration is not contained in thesame<     parameter-entity text replacement.</TEST>That's all !!-Glenn",
            "docno": "lists-027-13896100",
            "received": "Tue May 14 11:44:20 2002",
            "isoreceived": "20020514154420",
            "sent": "Tue, 14 May 2002 11:43:34 -0400",
            "isosent": "20020514154334",
            "name": "Glenn Marcy",
            "email": "gmarcy@us.ibm.com",
            "subject": "Re: XML Test Suite download",
            "id": "OF5ABEC66A.E95C626E-ON85256BB9.00563B15@rchland.ibm.com",
            "charset": "us-ascii",
            "inreplyto": "XML Test Suite download",
            "expires": "-1",
            "to": " Sandra Martinez<sandra.martinez@nist.gov>\n",
            "cc": "public-xml-testsuite@w3.org,w3c-xml-core-wg@w3.org\n"
        },
        {
            "body": "Forgot that attachments are taken out of line.  Just to be clear,the three ibm_*.xml files go into xmlconf/ibm/xml-1.1 and thetestcases.dtd goes into xmlconf.Sorry about the possible confusion.-Glenn",
            "docno": "lists-027-14251227",
            "received": "Wed Dec  3 11:45:49 2003",
            "isoreceived": "20031203164549",
            "sent": "Wed, 3 Dec 2003 11:45:39 -0500",
            "isosent": "20031203164539",
            "name": "Glenn Marcy",
            "email": "gmarcy@us.ibm.com",
            "subject": "Re: Test suite changes for Validation",
            "id": "OF9664C309.6FD80343-ON85256DF1.005BCE25-85256DF1.005C125B@us.ibm.com",
            "charset": "us-ascii",
            "inreplyto": "Test suite changes for Validation",
            "expires": "-1",
            "to": "public-xml-testsuite@w3.org\n",
            "cc": "richard@cogsci.ed.ac.uk,w3c-xml-core-wg@w3.org\n"
        },
        {
            "body": "I noticed that the following line appears in xmlconf.xml<TESTSUITE PROFILE=\"OASIS draft v1.0 Second Edition;with 15 March updates by Mary Brady)\">We need to decide what this should really say.  As far asI know, this is used to uniquely identify a release of thetest suite so that when someone says they conform to thesuite you can ask them to tell you which version they areusing.  This information needs to be different any timethere is a public release of any changes so that we canmaintain some sanity in supporting this stuff.Regards,Glenn",
            "docno": "lists-027-13963210",
            "received": "Tue May 21 08:27:46 2002",
            "isoreceived": "20020521122746",
            "sent": "Tue, 21 May 2002 08:27:11 -0400",
            "isosent": "20020521122711",
            "name": "Glenn Marcy",
            "email": "gmarcy@us.ibm.com",
            "subject": "Re: XML Test Suite download and report",
            "id": "OFA801A265.1F0BBE1D-ON85256BC0.0043BCD4@rchland.ibm.com",
            "charset": "us-ascii",
            "inreplyto": "XML Test Suite download and report",
            "expires": "-1",
            "to": "public-xml-testsuite@w3.org\n",
            "cc": "w3c-xml-core-wg@w3.org\n"
        },
        {
            "body": "Sandra,The updated configuration files are attached.  Looks like they were beingupdated in CVS after we started pulling all this together, but attachingthemanyways for completeness.(14) Tests invalid NameStartChars x2b00 and 2bff(16) Updated comment in the test case.(17) Tests invalid NameChars xFDD0 and xFDEFRegards,Glennapplication/octet-stream attachment: ibm_not-wf.xmlapplication/octet-stream attachment: ibm_invalid.xmlapplication/octet-stream attachment: ibm_valid.xmlapplication/octet-stream attachment: ibm04n18.xmlapplication/octet-stream attachment: ibm04n17.xmlapplication/octet-stream attachment: ibm04an12.xmlapplication/octet-stream attachment: ibm04an02.xmlapplication/octet-stream attachment: ibm04an03.xmlapplication/octet-stream attachment: ibm04an11.xmlapplication/octet-stream attachment: ibm04an01.xmlapplication/octet-stream attachment: ibm04an18.xmlapplication/octet-stream attachment: ibm04an17.xml",
            "docno": "lists-027-14515186",
            "received": "Wed Nov 12 10:46:39 2003",
            "isoreceived": "20031112154639",
            "sent": "Wed, 12 Nov 2003 09:46:29 -0600",
            "isosent": "20031112154629",
            "name": "Glenn Marcy",
            "email": "gmarcy@us.ibm.com",
            "subject": "Re: IBM's XML 1.1 tests",
            "id": "OFADCB1961.347F61E9-ON85256DDC.0056645B-85256DDC.0056A7BC@us.ibm.com",
            "charset": "us-ascii",
            "inreplyto": "IBM's XML 1.1 tests",
            "expires": "-1",
            "to": "public-xml-testsuite@w3.org\n"
        },
        {
            "body": "> > > (1) ibm-valid-P02-ibm02v01.xml> > > The UTF-8 code for LSEP (2028) in this file seems to be wrong.> > > I believe it should be e2 80 a8, the file has e0 9f ac which is> > > a non-shortest UTF-8 sequence for something else.I am no expert on Unicode, but have sometimes the need to understand it.According to table 3.1B of Unicode 3.2, the sequence e0 9f ac is nota valid UTF-8 sequence. That much I understand. At this point I was assumingthat this table allows one to check valid/shortest sequences.> > > [GM] Agree, a typo, the byte sequence corresponds to the character #x7EC> > > and should be changed to e2 80 a8, but its still a valid document.> >> >It's not the shortest sequence for 7EC, so it's a UTF-8 error and> >therefore not well-formed.Now, this confuses me. The UTF-8 table allows this sequence, but it cannotmap to 7EC, but must map to somewhere in the range 1000 to CFFF.So, is it now a sequence for 7EC, and if yes, where am I wrong?Karl",
            "docno": "lists-027-14482067",
            "received": "Fri Nov  7 16:20:29 2003",
            "isoreceived": "20031107212029",
            "sent": "Fri, 7 Nov 2003 16:20:20 -0500",
            "isosent": "20031107212020",
            "name": "Karl Waclawek",
            "email": "karl@waclawek.net",
            "subject": "Re: IBM's XML 1.1 tests",
            "id": "006b01c3a574$f2cd5c40$9e539696@citkwaclaww2k",
            "charset": "iso-8859-1",
            "inreplyto": "5.0.0.25.2.20031107153830.04c44178&#64;mailserver.nist.gov",
            "expires": "-1",
            "to": "<public-xml-testsuite@w3.org>\n",
            "cc": "\"Glenn Marcy\"<gmarcy@us.ibm.com>,\"Sandra Martinez\"<sandra.martinez@nist.gov>,\"Richard Tobin\"<richard@cogsci.ed.ac.uk>\n"
        },
        {
            "body": "I've fixed the following files in the test suite:These files go into the 2001/XML-Test-Suite/xmlconf/ibm/xml-1.1directory.  They fix the ID=\"...\" attributes to be unique.I've also added an xml:base Attlist decl for the TESTCASESelement to the top-level testcases.dtd file:The only other validity failure in the testsuite descriptionsis that the eduni/errata-2e/errata2e.xml file containsRECOMMENDATION=\"XML1.0-errata2e\" attributes, which is not oneof the defined values.  I leave this to Richard to resolve.Regards,Glennapplication/octet-stream attachment: ibm_valid.xmlapplication/octet-stream attachment: ibm_not-wf.xmlapplication/octet-stream attachment: ibm_invalid.xmlapplication/octet-stream attachment: testcases.dtd",
            "docno": "lists-027-14242561",
            "received": "Wed Dec  3 11:41:16 2003",
            "isoreceived": "20031203164116",
            "sent": "Wed, 3 Dec 2003 10:40:59 -0600",
            "isosent": "20031203164059",
            "name": "Glenn Marcy",
            "email": "gmarcy@us.ibm.com",
            "subject": "Test suite changes for Validation",
            "id": "OFE1CCB66E.B09455FD-ON85256DF1.005A8E6A-85256DF1.005BA4DA@us.ibm.com",
            "charset": "us-ascii",
            "expires": "-1",
            "to": "public-xml-testsuite@w3.org\n",
            "cc": "richard@cogsci.ed.ac.uk,w3c-xml-core-wg@w3.org\n"
        },
        {
            "body": "For TS17, the problem statement is:Character reference appear in the output file instead of a spaceThe input is:<!DOCTYPE doc [<!ELEMENT doc (#PCDATA)><!ATTLIST doc a CDATA #IMPLIED>]><doc a=\"x&#9;y\"></doc>And the output is:<doc a=\"x&#9;y\"></doc>(Two other tests are the same expect for character refs to LF andCR instead of TAB)I see no reason to accept the problem statement and believe thatthe current test is correct.Regards,Glenn",
            "docno": "lists-027-13458513",
            "received": "Wed Apr  3 11:20:13 2002",
            "isoreceived": "20020403162013",
            "sent": "Wed, 3 Apr 2002 11:19:31 -0500",
            "isosent": "20020403161931",
            "name": "Glenn Marcy",
            "email": "gmarcy@us.ibm.com",
            "subject": "Proposed test suite issue resolution",
            "id": "OF3F473952.4BE0D932-ON85256B90.0058FE62@rchland.ibm.com",
            "charset": "us-ascii",
            "expires": "-1",
            "to": "public-xml-testsuite@w3.org\n",
            "cc": "w3c-xml-core-wg@w3.org\n"
        },
        {
            "body": "Richard writes:>Why is this a problem now?  Surely the test harnesses must have made this>work in earlier releases?My understanding is that the change to the Xerces parser to conform to theSAX API in this respect was relatively recent.  It certainly was the casethat when I last ran the conformance suite against Xerces myself this wasnot a problem, but that would have been about a year ago.",
            "docno": "lists-027-14058067",
            "received": "Wed May 29 09:59:37 2002",
            "isoreceived": "20020529135937",
            "sent": "Wed, 29 May 2002 09:57:50 -0400",
            "isosent": "20020529135750",
            "name": "Glenn Marcy",
            "email": "gmarcy@us.ibm.com",
            "subject": "Re: More test suite problems",
            "id": "OF6D70783B.4DBAC687-ON85256BC8.0049E5FB@rchland.ibm.com",
            "charset": "us-ascii",
            "inreplyto": "More test suite problems",
            "expires": "-1",
            "to": " Richard Tobin<richard@cogsci.ed.ac.uk>\n",
            "cc": "public-xml-testsuite@w3.org, Sandra Martinez<sandra.martinez@nist.gov>,w3c-xml-core-wg@w3.org\n"
        },
        {
            "body": "I will take care of these changes.SandraQuoting Glenn Marcy <gmarcy@us.ibm.com>:> Hi,>> I have found some problems with the test suite in CVS.>> These problems fall into two categories.  First, some of the tests> that reference external parameter entities (or the external DTD> subset) do not indicate so in their description.  Second, there> are several tests that use either US-ASCII or ISO-8859-1 encodings> which are not required by minimally conforming processors.  In all> but one case this only required changing the encoding declaration> to UTF-8.  I have included a copy of the entire file for the one> case where the data had to be reencoded in UTF-8 from ISO-8859-1.>> It would be great if you could pick these changes up so that I> can resume testing with an official unmodified version of the> test suite and no longer need maintain these changes locally.>> Best Regards,> Glenn>>>>> diff -r xmlconf/ibm/ibm_oasis_not-wf.xml> xmlconf_old/ibm/ibm_oasis_not-wf.xml> 557c557> < <TEST URI=\"not-wf/P28a/ibm28an01.xml\" TYPE=\"not-wf\"> ID=\"ibm-not-wf-P28a-ibm28an01.xml\" ENTITIES=\"none\" SECTIONS=\"2.8\">> ---> > <TEST URI=\"not-wf/P28a/ibm28an01.xml\" TYPE=\"not-wf\"> ID=\"ibm-not-wf-P28a-ibm28an01.xml\" ENTITIES=\"parameter\" SECTIONS=\"2.8\">> 1266c1266> <   <TEST URI=\"not-wf/P62/ibm62n02.xml\" TYPE=\"not-wf\"> ID=\"ibm-not-wf-P62-ibm62n02.xml\" ENTITIES=\"none\" SECTIONS=\"3.4\">> ---> >   <TEST URI=\"not-wf/P62/ibm62n02.xml\" TYPE=\"not-wf\"> ID=\"ibm-not-wf-P62-ibm62n02.xml\" ENTITIES=\"parameter\" SECTIONS=\"3.4\">> diff -r xmlconf/ibm/not-wf/P13/ibm13n03.xml> xmlconf_old/ibm/not-wf/P13/ibm13n03.xml> 1c1> < <?xml version=\"1.0\" encoding=\"ISO-8859-1\"?>> ---> > ???<?xml version=\"1.0\" encoding=\"utf-8\"?>> 3c3> <       <!ENTITY info PUBLIC \"This is a test ? \" \"student.dtd\">> ---> >       <!ENTITY info PUBLIC \"This is a test ?? \" \"student.dtd\">> 6c6> < <!-- testing invalid pubid char with ?  -->> ---> > <!-- testing invalid pubid char with ??  -->> diff -r xmlconf/ibm/not-wf/P13/student.dtd> xmlconf_old/ibm/not-wf/P13/student.dtd> 1c1> < <?xml encoding=\"US-ASCII\"?>> ---> > <?xml encoding=\"utf-8\"?>> diff -r xmlconf/ibm/not-wf/p28a/ibm28an01.xml> xmlconf_old/ibm/not-wf/p28a/ibm28an01.xml> 1c1> < <?xml version=\"1.0\" encoding=\"us-ascii\" ?>> ---> > <?xml version=\"1.0\" encoding=\"utf-8\" ?>> diff -r xmlconf/ibm/valid/P01/ibm01v01.xml> xmlconf_old/ibm/valid/P01/ibm01v01.xml> 1c1> < <?xml version=\"1.0\" encoding=\"us-ascii\" standalone=\"yes\" ?>> ---> > <?xml version=\"1.0\" encoding=\"utf-8\" standalone=\"yes\" ?>> diff -r xmlconf/ibm/valid/P09/student.dtd> xmlconf_old/ibm/valid/P09/student.dtd> 1c1> < <?xml encoding=\"US-ASCII\"?>> ---> > <?xml encoding=\"utf-8\"?>> diff -r xmlconf/ibm/valid/P11/student.dtd> xmlconf_old/ibm/valid/P11/student.dtd> 1c1> < <?xml encoding=\"US-ASCII\"?>> ---> > <?xml encoding=\"utf-8\"?>> diff -r xmlconf/ibm/valid/P12/student.dtd> xmlconf_old/ibm/valid/P12/student.dtd> 1c1> < <?xml encoding=\"US-ASCII\"?>> ---> > <?xml encoding=\"utf-8\"?>> diff -r xmlconf/ibm/valid/P13/student.dtd> xmlconf_old/ibm/valid/P13/student.dtd> 1c1> < <?xml encoding=\"US-ASCII\"?>> ---> > <?xml encoding=\"utf-8\"?>> diff -r xmlconf/ibm/valid/P22/ibm22v01.xml> xmlconf_old/ibm/valid/P22/ibm22v01.xml> 1c1> < <?xml version=\"1.0\" encoding=\"us-ascii\" ?>> ---> > <?xml version=\"1.0\" encoding=\"utf-8\" ?>> diff -r xmlconf/ibm/valid/P22/ibm22v05.xml> xmlconf_old/ibm/valid/P22/ibm22v05.xml> 1c1> < <?xml version=\"1.0\" encoding=\"us-ascii\" ?>> ---> > <?xml version=\"1.0\" encoding=\"utf-8\" ?>> diff -r xmlconf/ibm/valid/P22/ibm22v06.xml> xmlconf_old/ibm/valid/P22/ibm22v06.xml> 1c1> < <?xml version=\"1.0\" encoding=\"us-ascii\" ?>> ---> > <?xml version=\"1.0\" encoding=\"utf-8\" ?>> diff -r xmlconf/ibm/valid/P22/ibm22v07.xml> xmlconf_old/ibm/valid/P22/ibm22v07.xml> 1c1> < <?xml version=\"1.0\" encoding=\"us-ascii\" ?>> ---> > <?xml version=\"1.0\" encoding=\"utf-8\" ?>> diff -r xmlconf/ibm/valid/P28/ibm28v02.xml> xmlconf_old/ibm/valid/P28/ibm28v02.xml> 1c1> < <?xml version=\"1.0\" encoding=\"us-ascii\" ?>> ---> > <?xml version=\"1.0\" encoding=\"utf-8\" ?>> diff -r xmlconf/ibm/valid/P29/ibm29v01.xml> xmlconf_old/ibm/valid/P29/ibm29v01.xml> 1c1> < <?xml version=\"1.0\" encoding=\"us-ascii\" ?>> ---> > <?xml version=\"1.0\" encoding=\"utf-8\" ?>> diff -r xmlconf/ibm/valid/P29/ibm29v02.xml> xmlconf_old/ibm/valid/P29/ibm29v02.xml> 1c1> < <?xml version=\"1.0\" encoding=\"us-ascii\" ?>> ---> > <?xml version=\"1.0\" encoding=\"utf-8\" ?>> diff -r xmlconf/sun/not-wf/decl01.ent xmlconf_old/sun/not-wf/decl01.ent> 1c1> < <?xml version=\"1.0\" encoding=\"iso-8859-1\" standalone=\"yes\"?>> ---> > <?xml version=\"1.0\" encoding=\"utf-8\" standalone=\"yes\"?>> diff -r xmlconf/sun/sun-not-wf.xml xmlconf_old/sun/sun-not-wf.xml> 44c44,45> < <TEST URI=\"not-wf/cond01.xml\" ID=\"cond01\" TYPE=\"not-wf\" SECTIONS=\"3.4> [61]\">> ---> > <TEST URI=\"not-wf/cond01.xml\" ID=\"cond01\" TYPE=\"not-wf\" SECTIONS=\"3.4> [61]\"> >     ENTITIES=\"parameter\">> 47c48,49> < <TEST URI=\"not-wf/cond02.xml\" ID=\"cond02\" TYPE=\"not-wf\" SECTIONS=\"3.4> [61]\">> ---> > <TEST URI=\"not-wf/cond02.xml\" ID=\"cond02\" TYPE=\"not-wf\" SECTIONS=\"3.4> [61]\"> >     ENTITIES=\"parameter\">> 81c83,84> < <TEST URI=\"not-wf/dtd07.xml\" ID=\"dtd07\" TYPE=\"not-wf\" SECTIONS=\"4..3.1> [77]\">> ---> > <TEST URI=\"not-wf/dtd07.xml\" ID=\"dtd07\" TYPE=\"not-wf\" SECTIONS=\"4..3.1> [77]\"> >     ENTITIES=\"parameter\">> 119c122,123> < <TEST URI=\"not-wf/encoding07.xml\" ID=\"encoding07\" TYPE=\"not-wf\"> SECTIONS=\"4.3.1 [77]\">> ---> > <TEST URI=\"not-wf/encoding07.xml\" ID=\"encoding07\" TYPE=\"not-wf\"> SECTIONS=\"4.3.1 [77]\"> >     ENTITIES=\"parameter\">>",
            "docno": "lists-027-14576910",
            "received": "Wed Oct  1 12:42:15 2003",
            "isoreceived": "20031001164215",
            "sent": "Mon, 29 Sep 2003 08:22:41 -0400 (EDT)",
            "isosent": "20030929122241",
            "name": "rtines@nist.gov",
            "email": "rtines@nist.gov",
            "subject": "Re: [public-xml-testsuite] &lt;none&gt;",
            "id": "1064838123.3f7823ebafc9f@imp.nist.gov",
            "inreplyto": "OF44D1A028.8F36444E-ON85256DAD.005B129A-85256DAD.005BEA7A&#64;us.ibm.com",
            "expires": "-1",
            "to": " Glenn Marcy<gmarcy@us.ibm.com>\n",
            "cc": "public-xml-testsuite@w3.org\n"
        },
        {
            "body": "Glenn writes:>There is also the following problem discovered by the Xerces>parser that I am not sure how to solve.>>Output Tests:>ibm-valid-P28-ibm28v02.xml>ibm-valid-P29-ibm29v01.xml>ibm-valid-P29-ibm29v02.xml>ibm-valid-P57-ibm57v01.xml>ibm-valid-P58-ibm58v01.xml>ibm-valid-P58-ibm58v02.xml>ibm-valid-P70-ibm70v01.xml>>Xerces resolves and returns the complete path of systemIds for>notation decls, where as the actual outputs do not and can not>contain complete resolved paths for systemIds.  Xerces appears>to behave in accordance with the SAX API...>>    notationDecl>    .....>    If a system identifier is present, and it is a URL, the>    SAX parser must resolve it fully before passing it to the>    application through this event.>>I am not sure what we can do at this point to support expected>results files for documents that have absolute path names in>their infoset.>>Does anyone have any thoughts or suggestions for how this>issue can be addressed?  Otherwise, I think that we would need>to remove the expected results files for these tests.One thing that I should have mentioned is that SAX is certainlyinconsistant with the Infoset specification on this point giventhis description from Notation information item:2. [system identifier] The system identifier of the notation,as it appears in the declaration of the notation, withoutany additional URI escaping applied by the processor. Ifno system identifier was specified, this property has novalue.However, if most people are testing conformance using the SAXAPI and the SAX implementations are \"correct\" then we cannotget the correct infoset to test expected results conformance.One idea that came to me would be to add a new attribute tothe test suite descriptions similar to NAMESPACE that couldbe used by a SAX based test harness to identify those teststhat cannot be compared with the expected output.Best Regards,Glenn",
            "docno": "lists-027-14023698",
            "received": "Tue May 28 09:04:04 2002",
            "isoreceived": "20020528130404",
            "sent": "Tue, 28 May 2002 09:03:12 -0400",
            "isosent": "20020528130312",
            "name": "Glenn Marcy",
            "email": "gmarcy@us.ibm.com",
            "subject": "Re: More test suite problems",
            "id": "OF3F169D61.7EEA5BF3-ON85256BC7.00464287@rchland.ibm.com",
            "charset": "us-ascii",
            "inreplyto": "More test suite problems",
            "expires": "-1",
            "to": "public-xml-testsuite@w3.org\n",
            "cc": "w3c-xml-core-wg@w3.org\n"
        },
        {
            "body": "> Xerces resolves and returns the complete path of systemIds for> notation decls, where as the actual outputs do not and can not> contain complete resolved paths for systemIds.  Xerces appears> to behave in accordance with the SAX API...The definition of the canonical forms (sun/cxml.html) specifies thatthe shortest possible relative URI should be output.  This isinconsistent with the infoset - which is the way it is to allow forcatalogues and redirection - but should be easily derivable from thevalue SAX returns.Why is this a problem now?  Surely the test harnesses must have made thiswork in earlier releases?-- Richard",
            "docno": "lists-027-14041901",
            "received": "Wed May 29 09:16:02 2002",
            "isoreceived": "20020529131602",
            "sent": "Wed, 29 May 2002 14:15:17 +0100 (BST)",
            "isosent": "20020529131517",
            "name": "Richard Tobin",
            "email": "richard@cogsci.ed.ac.uk",
            "subject": "Re: More test suite problems",
            "id": "200205291315.OAA01716@rhymer.cogsci.ed.ac.uk",
            "inreplyto": "Thu, 23 May 2002 11:04:51 -0400",
            "expires": "-1",
            "to": "\"Glenn Marcy\"<gmarcy@us.ibm.com>, Sandra Martinez<sandra.martinez@nist.gov>\n",
            "cc": "public-xml-testsuite@w3.org,w3c-xml-core-wg@w3.org\n"
        },
        {
            "body": "I have completed all the updates. CVS is ready to be checked. Glenn I stillneed an update  foribm-valid-P02-ibm02v01.xmlSandraAt 09:46 AM 11/12/2003 -0600, Glenn Marcy wrote:>Sandra,>>>The updated configuration files are attached.  Looks like they were being>updated in CVS after we started pulling all this together, but attaching them>anyways for completeness.>>>>>>(14) Tests invalid NameStartChars x2b00 and 2bff>>>>>(16) Updated comment in the test case.>>>>(17) Tests invalid NameChars xFDD0 and xFDEF>>>Regards,>Glenn>>>>>>>>>>>Sandra I. MartinezNational Institute of Standards and Technology100 Bureau Drive, Stop 8970,Gaithersburg, Md. 20899(301) 975-3579sandra.martinez@nist.gov",
            "docno": "lists-027-14524269",
            "received": "Thu Nov 13 09:22:17 2003",
            "isoreceived": "20031113142217",
            "sent": "Thu, 13 Nov 2003 09:21:39 -0500",
            "isosent": "20031113142139",
            "name": "Sandra Martinez",
            "email": "sandra.martinez@nist.gov",
            "subject": "Re: IBM's XML 1.1 tests",
            "id": "5.0.0.25.2.20031113091650.01ecb120@mailserver.nist.gov",
            "charset": "us-ascii",
            "inreplyto": "OFADCB1961.347F61E9-ON85256DDC.0056645B-85256DDC.0056A7BC&#64; us.ibm.com",
            "expires": "-1",
            "to": " Glenn Marcy<gmarcy@us.ibm.com>\n",
            "cc": "public-xml-testsuite@w3.org\n"
        },
        {
            "body": "Here are some proposals for resolving issues: TS05,TS14,TS15,TS16,TS18TS05Japanese test are intended to test encoding and japanese character.There is a declaration for <!ENTITY lt \"<\"> is totally not usefulin the scope of the test intention.  And they  are already in theXMLTEST suite.Resolution to remove the offending declaration.  Action to alsonote that a future test case should be created to test that parsersreject such declarations as not well-formed.  (BTW, what is theprocess for us to track requests for future tests that are nottargeted for this next release of the suite?)TS14Output file has PI before the DTD (wrong per SUN canonical formdefinition)-  Not yet updated.The only definition for the Suncanonical form that I have found is the one packaged with theconformance tests.  This is labelled \"Draft 1\" and does, as youstate, indicate that the DTD should appear first.   The link tothe online document is broken.  I wonder if all of the currentimplementations currently emit PIs in the order (relative to theDTD) that they appear (as ours does).Propose to leave this as is and update cxml.html to conform to existingpractice.  As observed, implementations of the test harness emit theDOCTYPE immediately before the root element, which would cause it tofollow any PIs before the root element.  There is nothing to be gainedat this point by declaring those implementations as not conforming to anon-standard \"specification\" of a canonical form.TS15<test names omitted> contain non-deterministic content models.Proposed resolution to remove those content models is acceptable.TS16Related to normalization of attribute values. The canonical output ofthe attribute \"nmtokens\" is wrong as it is missing a space (#x20)character.There has been some confusion about the validity of tokens separatedby character references to whitespace (which depends on the definitionsof Names and Nmtokens).  They were outlawed by first edition erratum 62,which was reversed by erratum 108 (apparently) because of amisunderstanding) and have been outlawed again by second editions erratum20.  The end result is that there examples are not valid and shouldtherefore not have any canonical output!Since these tests are supposed to be used for valid standalone documenttests, and not for finding errors with invalid character referenced inattribute values, the character reference &#x20; should simply be removedfrom \"nmtokens\" attribute.TS18xmltest/not-wf/sa/176.xmlxmltest/valid/sa/093.xmlInput files changed line-ends.Not sure what this is referring to, unless it is just another simpleproblem withEOL handling w.r.t. CVS.  If there is a \"historical\" version of thesefiles, sayfrom an earlier release of the suite, that was identical except for lineends, Iwould agree that we should not be arbrarily changing such files.Regards,Glenn",
            "docno": "lists-027-13843300",
            "received": "Mon Mar 25 16:20:40 2002",
            "isoreceived": "20020325212040",
            "sent": "Mon, 25 Mar 2002 16:20:02 -0500",
            "isosent": "20020325212002",
            "name": "Glenn Marcy",
            "email": "gmarcy@us.ibm.com",
            "subject": "Test suite proposals",
            "id": "OFB3EB1B6C.6F40E35B-ON85256B87.0074F414@rchland.ibm.com",
            "charset": "us-ascii",
            "expires": "-1",
            "to": "public-xml-testsuite@w3.org\n"
        }
    ]
}