{
    "id": "candidate-1065",
    "name": "Niko Matsakis",
    "gender": "MALE",
    "email": "niko@datapower.com",
    "mails": [
        {
            "body": "> There are a couple of differences between xsl:element and> LREs that I think could have been more clear in the XSLT 1.0> spec; since the 2.0 spec doesn't seem to have changed either> of these things, I'm bringing them up as a suggestion for how> to improve the Working Draft.>> The first difference has to do with namespace aliases.  It> seems to me that there is no interaction between xsl:element> and namespace-aliases. However, I don't think is crystal> clear.  I think putting a single sentence in xsl:element to> the effect of>> \"Namespace aliases have no effect on the resulting element.\">> would be helpful.The section 11.1.4 in which Namespace Aliasing is described is part ofsection 11.1 which describes literal result elements, and it states clearlythat namespace aliases apply to:<quote>* the namespace URI in the expanded-QName of a literal result element inthe stylesheet* the namespace URI in the expanded-QName of an attribute specified on aliteral result element in the stylesheet* the string value of a namespace node on a literal result element inthe stylesheet.</quote>So I don't think there can be any room for doubt that it doesn't apply towould be that people might then worry that there was no equivalent noteunder xsl:attribute, or xsl:namespace, any of the other places where>> Furthermore, I would add another sentence along the lines of:>> \"Elements generated with xsl:element have no implied namespace> bindings other than those required to be a valid XML> 1.0 document.\">> Since that seems to be the intent of the spec, but is not> explicitely stated.>The specification for xsl:element states:\"The content of the xsl:element instruction is a sequence constructor forthe children, attributes, and namespaces of the created element. Thesequence obtained by evaluating this sequence constructor is used toconstruct the content of the element, as described in 5.6.1 ConstructingComplex Content.\"If you follow the reference to 5.6.1, it makes it clear that the namespacenodes for the new element (which is what I imagine you mean by the \"impliedresult of evaluating the sequence constructor, and (b) the namespace nodescreated by the namespace fixup process described in 5.6.3.I realise that the specification in this area is not easy to read, and thatsome examples might help. Your summary of the rules is reasonably correct,but it does not cover all cases, and I fear that if it were expanded to makeit completely correct, then it would amount to a respecification of thecurrent rules using different language, which would simply create the riskof inconsistency.Thanks for the comments.Michael Kay",
            "docno": "lists-018-12105814",
            "received": "Mon Jun  2 08:20:04 2003",
            "isoreceived": "20030602122004",
            "sent": "Mon, 2 Jun 2003 14:19:55 +0200 ",
            "isosent": "20030602121955",
            "name": "space bindings\") are (a) the namespace nodes that are present in the",
            "email": "Michael.Kay@softwareag.com",
            "subject": "RE: Differences between xsl:element and LRE",
            "id": "DFF2AC9E3583D511A21F0008C7E62106073DCEA7@daemsg02.softwareag.de",
            "inreplyto": "Differences between xsl:element and LRE",
            "expires": "1",
            "to": " Niko Matsakis<niko@datapower.com>,public-qt-comments@w3c.org\n"
        },
        {
            "body": "> questions as to how those annotations are to be transmitted, I think this> will prevent a serious performance hurdle to XSLT transformers, especially> highly optimizing transformers.By \"prevent\", I meant \"present\".Niko",
            "docno": "lists-019-3691175",
            "received": "Thu Nov 13 09:15:04 2003",
            "isoreceived": "20031113141504",
            "sent": "Thu, 13 Nov 2003 09:15:14 -0500 (EST)",
            "isosent": "20031113141514",
            "name": "Niko Matsakis",
            "email": "niko@datapower.com",
            "subject": "Re: [XSLT2.0] PSVI, XPath, and optimization",
            "id": "Pine.LNX.4.44.0311130914510.1343-100000@diomedes.datapower.com",
            "charset": "US-ASCII",
            "inreplyto": "Pine.LNX.4.44.0311130847010.1343-100000&#64;diomedes.datapower.com",
            "expires": "-1",
            "to": "public-qt-comments@w3.org\n"
        },
        {
            "body": "There are a couple of differences between xsl:element and LREs that Ithink could have been more clear in the XSLT 1.0 spec; since the 2.0 specdoesn't seem to have changed either of these things, I'm bringing them upas a suggestion for how to improve the Working Draft.The first difference has to do with namespace aliases.  It seems to methat there is no interaction between xsl:element and namespace-aliases.However, I don't think is crystal clear.  I think putting a single\"Namespace aliases have no effect on the resulting element.\"would be helpful.Furthermore, I would add another sentence along the lines of:\"Elements generated with xsl:element have no implied namespacebindings other than those required to be a valid XML 1.0 document.\"Since that seems to be the intent of the spec, but is not explicitely stated.Also, if I am wrong in my understanding of the spec, such that those twostatements above are not valid, I would certainly like to know!Thanks,Niko MatsakisDataPower.com",
            "docno": "lists-019-2862524",
            "received": "Tue May 27 12:49:33 2003",
            "isoreceived": "20030527164933",
            "sent": "ce in xsl:element to the effect of",
            "isosent": "20030527165051",
            "name": "Niko Matsakis",
            "email": "niko@datapower.com",
            "subject": "Differences between xsl:element and LRE",
            "id": "Pine.LNX.4.44.0305271240260.14156-100000@diomedes.datapower.com",
            "charset": "US-ASCII",
            "expires": "-1",
            "to": "public-qt-comments@w3c.org\n"
        },
        {
            "body": "> Many people are hoping that in the example you cite, it will be possible for> processors to predict the types statically, from knowledge of the schema.> It's an open question, as far as I'm concerned, how frequently this will be> possible, given the dynamic nature of template rules; I'm sure that> implementors will come up with ideas that we haven't thought of yet.I expect the answer will be that this is doable if the schema is simple enoughand the stylesheet is declarative enough, and I am sure that optimizing engineswill be obliged to try, but I think the gain will be slim to none in thekind of complicated cases where speed is really necessary.In any case, knowing what schema the document conforms to doesn't help usto know when the user is using *no schema*, which I expect to be a verycommon case.Also, if we are banking on people declaring their schemas, I think thereshould be a very straightforward mechanism to assert that the input treecomplies to a given schema, which doesn't seem to exist right now, but Iconfess to not having read the working draft in its entirety, so I may havemissed it.> Even if it turns out that dynamic despatch of polymorphic operators such as> \"+\" is needed quite often, working with a type-annotated input tree might> still give significant performance improvements by reducing the need for> dynamic conversion of string values to typed values. Deciding at run-time> whether to do date addition or integer addition is a fairly trivial overhead> compared with the cost of converting strings to numbers or dates.This is a valid point; however, it doesn't take into account the overheadof dynamic storage and the like.  For a Java interpreter, you're already payingthat cost anyhow.  For a product like ours, which compiles XSLT down toassembly level instructions, it's a tremendous advantage to be able to storea variable or parameter simply as an int rather than as an object that encodesits type and value.In addition, you're simply pushing the time spent converting from a stringinto the schema engine and out of the xslt processor.  This could be a win ifwe are going to be processing every integer in the document more than once, butotherwise you'll end up doing MORE string conversions unless you do themlazilly, in which case we're right back where we started only now we haveadditional dynamic overhead.  I suppose that the schema engine might be doingthese conversions anyway just to check that the type is valid, but on thewhole I do not think overall speed will benefit from schema annotated trees.> It's always true, of course, that the implementor has complete control> over how the input tree is built, and that includes the ability to> build the tree without type annotations, or with a bit set that causes the> XSLT processor not to see the type annotations.This is not helpful to the optimizer, however, because we have no idea ifthe user is going to build that input tree without annotations or not untilpresented with the input document, and the next one that comes along mayhave annotations.This is the big difference between this type of information and the ambiguitiesintroduced by parameters in 1.0, for example: parameters were staticallyanalyable given the stylesheet, and in most cases it was possible to assignthem a type.I would argue for doing everything you can do make ambiguity staticallyresolvable.> Thanks for a thoughtful comment.And thank you for the quick and thoughtful reply.Niko Matsakis",
            "docno": "lists-019-3750559",
            "received": "Thu Nov 13 12:16:07 2003",
            "isoreceived": "20031113171607",
            "sent": "Thu, 13 Nov 2003 12:16:19 -0500 (EST)",
            "isosent": "20031113171619",
            "name": "Niko Matsakis",
            "email": "niko@datapower.com",
            "subject": "RE: [XSLT2.0] PSVI, XPath, and optimization",
            "id": "Pine.LNX.4.44.0311131131360.1343-100000@diomedes.datapower.com",
            "charset": "US-ASCII",
            "inreplyto": "DFF2AC9E3583D511A21F0008C7E62106073DD2AC&#64;daemsg02.software-ag.de",
            "expires": "-1",
            "to": "\"Kay, Michael\"<Michael.Kay@softwareag.com>\n",
            "cc": "\"public-qt-comments@w3.org\"<public-qt-comments@w3.org>\n"
        },
        {
            "body": "Thanks for the comment. We will register this as a last call comment and youwill get a full response from the WG in due course; but allow me to give myimmediate reactions.>> I have a question about the interaction between the PSVI and> XPath 2.0. If I understand things correctly, a schema-aware> XSLT processor is supposed to respect the PSVI annotations on> the original XML tree.  Leaving aside questions as to how> those annotations are to be transmitted, I think this will> prevent a serious performance hurdle to XSLT transformers,> especially highly optimizing transformers.>> Let's use an example stylesheet with only one template:>> <xsl:template match=\"top\">> <xsl:value-of select=\"a+b\"/>> </xsl:template>>>> Now, assume that it is fed this input doc.  I'm using> xsi:type attributes to indicate the PSVI typing information,> though of course it could have come from a schema or some> other source:>> <top>> <a xsi:type=\"xs:integer\">22</a>> <b xsi:type=\"xs:integer\">44</b>> </top>>> I would assume the output of this execution is '66'.  On the> other hand, if we fed it this input document:>>> <top>> <!-- Note: I can't remember the syntax for schema dates> and durations off the top of my head, so> forgive my informal> notation here -->> <a xsi:type=\"xs:gDate\">Mar 20, 2003</a>> <b xsi:type=\"xs:duration\">1 month</b>> </top>>> Am I correct that we would expect the output to be \"Apr 20,> 2003\" (or something similar, I forget the details of> duration+date addition)?Yes, your assumptions about the behaviour are correct.>> If so, that's a real drag.  It used to be possible to> determine statically the types of almost every expression in> a stylesheet.  The only exception were parameters, where it> was possible to pass parameters of two different types to a> single template.Parameters were indeed the main exception in XSLT 1.0, though that's a verybig exception. If we can educate users to declare the types of theirparameters in 2.0, then we will have made a big step forward.Many people are hoping that in the example you cite, it will be possible forprocessors to predict the types statically, from knowledge of the schema.It's an open question, as far as I'm concerned, how frequently this will bepossible, given the dynamic nature of template rules; I'm sure thatimplementors will come up with ideas that we haven't thought of yet.Even if it turns out that dynamic despatch of polymorphic operators such as\"+\" is needed quite often, working with a type-annotated input tree mightstill give significant performance improvements by reducing the need fordynamic conversion of string values to typed values. Deciding at run-timewhether to do date addition or integer addition is a fairly trivial overheadcompared with the cost of converting strings to numbers or dates.>> For a highly optimizing XSLT engine, that allowed you to> avoid the overhead of dynamic typing in places where it> wasn't needed.  In my experience, this can be a very big deal.>> I understand that the committee is committed to schema typing> in XSLT 2.0. I would suggest, however, that it not be the> default behavior, but that the user specifically request that> PSVI annotations be respected.  At a minimum, you could have> an attribute that specifically stated that PSVI annotations> be disregarded, which would allow the engine to optimize more> aggressively.We have looked at adding such an attribute, and we would have added itexcept that we ran into problems finding an acceptable syntax and semanticsfor it. I'm sure that we'll take another look at this in the light of yourcomment. It's always true, of course, that the implementor has completecontrol over how the input tree is built, and that includes the ability tobuild the tree without type annotations, or with a bit set that causes theXSLT processor not to see the type annotations.>> I know that the working group has gone to great pains to> ensure that all expressions behave naturally when no typing> information is available, but I'm not sure that you've> considered the ramifications to performance of making schema> annotations enabled by default.>>Thanks for a thoughtful comment.Michael Kay",
            "docno": "lists-019-3728176",
            "received": "Thu Nov 13 11:23:28 2003",
            "isoreceived": "20031113162328",
            "sent": "Thu, 13 Nov 2003 17:20:50 +0100",
            "isosent": "20031113162050",
            "name": "Kay, Michael",
            "email": "Michael.Kay@softwareag.com",
            "subject": "RE: [XSLT2.0] PSVI, XPath, and optimization",
            "id": "DFF2AC9E3583D511A21F0008C7E62106073DD2AC@daemsg02.software-ag.de",
            "inreplyto": "[XSLT2.0] PSVI, XPath, and optimization",
            "expires": "-1",
            "to": " Niko Matsakis<niko@datapower.com>,public-qt-comments@w3.org\n"
        },
        {
            "body": "Thanks for the comment. We will discuss this in the working group.We tried to find the right balance here between doing what users new toXSLT 2.0 would expect as the natural behavior, and retaining backwardscompatibility with 1.0. There are arguments both ways, and no obviouslyright answer.One of the factors that comes into play is that it's fairly natural in2.0 to use xsl:value-of to generate the value of a list-valued elementor attribute, supplying a sequence (say of integers) as the input. It'strue that we could require the \"separator\" attribute to get thisbehavior, but many of us felt that this should be the default.Regards,Michael Kay> -----Original Message-----> From: public-qt-comments-request@w3.org> [mailto:public-qt-comments-request@w3.org] On Behalf Of Niko Matsakis> Sent: 06 January 2004 20:42> To: public-qt-comments@w3c.org> Subject: [XSLT2.0] value-of and backwards compatibility>>>> I am writing to raise some concerns about two interrelated issues:>> 1. Backwards Compatibility Mode is used too liberally to mask> unnecessary changes in behavior.  Familiar elements and> constructs ought to do the same thing in XSLT 1.0 and 2.0 to> the fullest extent possible.>> 2. In a related vein, the new behavior causes hidden> performance penalties.>> --------------------------------------------------------------> --------------> 1. Backwards Compatibility>> An example of these concerns is xsl:value-of; I have not yet> read the spec completely, but I am sure that there are more.>> In the case of value-of, the default behavior for a 2.0> processor is to output the concatenated string value of all> elements of the sequence (possibly with a separator).  If,> however, the element is in backwards compatibility mode, the> 1.0 semantics of only outputting the first node are used.>> I think this is bad for two reasons: it's inconsistent with 1.0,> and it's a likely speed hit (see section 2).>> Changing the value of the version attribute should not cause> the elements> on the stylesheet to start doing completely different things.>  I think it will cause undue confusion for new users of XSLT> 2.0.  I could understand making the change if this were an> area of the spec widely criticized> (RTFs), but for something like value-of the current behavior> seems perfectly adequate.>> I suspect that the reason this change was made is that> xsl:value-of can now take XSLT children that form a sequence> constructor.  That raises the question, I assume, of what to> do with this:>> <xsl:value-of>> <a>hi</a>> <b>ho</b>> </xsl:value-of>>> as currently defined, this will produce \"hi ho\".  Using the> 1.0 \"take the first item\" rule, this would produce \"hi\".> Clearly the former is more natural, though it's not what I> would expect (which is \"hiho\").>> I see a number of ways to solve this.  Perhaps have the lack> of a separator attribute mean that only the first item is> used; this makes the Sequence Constructor case output \"hi\"> not \"hi ho\", so one could say that the separator in Sequence> Constructor cases defaults to \" \".  Now everything works as> expected: using select preserves the old behavior, using the> sequence constructor still outputs all the items constructed,> not just the first one.>> This makes the code mildly inconsistent between the two> syntaxes, but I think that's okay.  People wouldn't write> XSLT instructions they don't want executed, but they often> write xpath expressions that could potentially select more> nodes than they want.  This gets in to my optimization> concerns below; furthermore, it preserves backwards compatibility.>> Another option is to create an <xsl:join separator=\" \"> and> get rid of the separator attributes on everything else.  This> means the above example would only output \"hi\", but you could> easily get it to output \"hi ho\". This would be consistent> between the xpath and xslt and would simplify the spec> because the commands for joining things would only be located> in one place instead of being present on many different elements.>> Using the Backwards Compatibility Mode to relax type> restrictions makes sense.  Using it to select between two> different behaviors for a given element seems excessive,> particularly when it egregiously breaks backwards compatibility.>> --------------------------------------------------------------> --------------> 2. Speed>> Furthermore: the new value-of carries a hidden performance> penalty.  If the select expression refers to exactly one> node, as is commonly the case, the new definition will> require iterating over all nodes that might match the> expression, rather than stopping at the first match.  In the> above example, \"a/b\", an XSLT processor used to be able to> stop at the first \"b\" node, but now must continue searching.> I am sure that there are other places where the entire> sequence is used that used to use only the first item, though> I have not combed the spec enough to know.>> I think that changing rules that used to take only the first> node so that they now select multiple nodes will result in> \"gotcha!\" performance penalties for longtime users.  Writing> XSLT that executes efficiently is hard enough without the> language changing the rules under your feet.>>>> Thank you for your time and consideration.>> Niko Matsakis> DataPower Technology>>",
            "docno": "lists-020-1138703",
            "received": "Wed Jan  7 09:15:28 2004",
            "isoreceived": "20040107141528",
            "sent": "Wed, 7 Jan 2004 15:12:04 +0100",
            "isosent": "20040107141204",
            "name": "Kay, Michael",
            "email": "Michael.Kay@softwareag.com",
            "subject": "RE: [XSLT2.0] value-of and backwards compatibility",
            "id": "37B64F4BA60E9E4FB9F60929E0598024287783@DAEMSG03.eur.ad.sag",
            "charset": "us-ascii",
            "inreplyto": "[XSLT2.0] value-of and backwards compatibility",
            "expires": "-1",
            "to": "\"Niko Matsakis\"<niko@datapower.com>,<public-qt-comments@w3c.org>\n"
        },
        {
            "body": "I have a question about the interaction between the PSVI and XPath 2.0.If I understand things correctly, a schema-aware XSLT processor is supposedto respect the PSVI annotations on the original XML tree.  Leaving asidequestions as to how those annotations are to be transmitted, I think thiswill prevent a serious performance hurdle to XSLT transformers, especiallyhighly optimizing transformers.Let's use an example stylesheet with only one template:<xsl:template match=\"top\"><xsl:value-of select=\"a+b\"/></xsl:template>Now, assume that it is fed this input doc.  I'm using xsi:type attributesto indicate the PSVI typing information, though of course it could havecome from a schema or some other source:<top><a xsi:type=\"xs:integer\">22</a><b xsi:type=\"xs:integer\">44</b></top>I would assume the output of this execution is '66'.  On the other hand,if we fed it this input document:<top><!-- Note: I can't remember the syntax for schema datesand durations off the top of my head, so forgive my informalnotation here --><a xsi:type=\"xs:gDate\">Mar 20, 2003</a><b xsi:type=\"xs:duration\">1 month</b></top>Am I correct that we would expect the output to be \"Apr 20, 2003\" (orsomething similar, I forget the details of duration+date addition)?If so, that's a real drag.  It used to be possible to determine staticallythe types of almost every expression in a stylesheet.  The only exceptionwere parameters, where it was possible to pass parameters of two differenttypes to a single template.For a highly optimizing XSLT engine, that allowed you to avoid the overheadof dynamic typing in places where it wasn't needed.  In my experience, thiscan be a very big deal.I understand that the committee is committed to schema typing in XSLT 2.0.I would suggest, however, that it not be the default behavior, but that theuser specifically request that PSVI annotations be respected.  At a minimum,you could have an attribute that specifically stated that PSVI annotationsbe disregarded, which would allow the engine to optimize more aggressively.I know that the working group has gone to great pains to ensure that allexpressions behave naturally when no typing information is available, butI'm not sure that you've considered the ramifications to performance ofmaking schema annotations enabled by default.Thanks,Niko MatsakisDataPower Technology",
            "docno": "lists-019-3681323",
            "received": "Thu Nov 13 09:01:52 2003",
            "isoreceived": "20031113140152",
            "sent": "Thu, 13 Nov 2003 09:02:04 -0500 (EST)",
            "isosent": "20031113140204",
            "name": "Niko Matsakis",
            "email": "niko@datapower.com",
            "subject": "[XSLT2.0] PSVI, XPath, and optimization",
            "id": "Pine.LNX.4.44.0311130847010.1343-100000@diomedes.datapower.com",
            "charset": "US-ASCII",
            "expires": "-1",
            "to": "public-qt-comments@w3.org\n"
        },
        {
            "body": "I am writing to raise some concerns about two interrelated issues:1. Backwards Compatibility Mode is used too liberally to mask unnecessarychanges in behavior.  Familiar elements and constructs ought to do the samething in XSLT 1.0 and 2.0 to the fullest extent possible.2. In a related vein, the new behavior causes hidden performance penalties.----------------------------------------------------------------------------1. Backwards CompatibilityAn example of these concerns is xsl:value-of; I have not yet read the speccompletely, but I am sure that there are more.In the case of value-of, the default behavior for a 2.0 processor is to outputthe concatenated string value of all elements of the sequence (possibly witha separator).  If, however, the element is in backwards compatibility mode,the 1.0 semantics of only outputting the first node are used.I think this is bad for two reasons: it's inconsistent with 1.0,and it's a likely speed hit (see section 2).Changing the value of the version attribute should not cause the elementson the stylesheet to start doing completely different things.  I think itwill cause undue confusion for new users of XSLT 2.0.  I could understandmaking the change if this were an area of the spec widely criticized(RTFs), but for something like value-of the current behavior seems perfectlyadequate.I suspect that the reason this change was made is that xsl:value-of can nowtake XSLT children that form a sequence constructor.  That raises thequestion, I assume, of what to do with this:<xsl:value-of><a>hi</a><b>ho</b></xsl:value-of>as currently defined, this will produce \"hi ho\".  Using the 1.0 \"take thefirst item\" rule, this would produce \"hi\".  Clearly the former is more natural,though it's not what I would expect (which is \"hiho\").I see a number of ways to solve this.  Perhaps have the lack of a separatorattribute mean that only the first item is used; this makes the SequenceConstructor case output \"hi\" not \"hi ho\", so one could say that the separatorin Sequence Constructor cases defaults to \" \".  Now everything works asexpected: using select preserves the old behavior, using the sequenceconstructor still outputs all the items constructed, not just the first one.This makes the code mildly inconsistent between the two syntaxes, but I thinkthat's okay.  People wouldn't write XSLT instructions they don't want executed,but they often write xpath expressions that could potentially select more nodesthan they want.  This gets in to my optimization concerns below; furthermore,it preserves backwards compatibility.Another option is to create an <xsl:join separator=\" \"> and get rid of theseparator attributes on everything else.  This means the above examplewould only output \"hi\", but you could easily get it to output \"hi ho\".This would be consistent between the xpath and xslt and would simplify thespec because the commands for joining things would only be located in oneplace instead of being present on many different elements.Using the Backwards Compatibility Mode to relax type restrictions makessense.  Using it to select between two different behaviors fora given element seems excessive, particularly when it egregiously breaksbackwards compatibility.----------------------------------------------------------------------------2. SpeedFurthermore: the new value-of carries a hidden performance penalty.  If theselect expression refers to exactly one node, as is commonly the case, thenew definition will require iterating over all nodes that might match theexpression, rather than stopping at the first match.  In the above example,\"a/b\", an XSLT processor used to be able to stop at the first \"b\" node, butnow must continue searching.  I am sure that there are other places wherethe entire sequence is used that used to use only the first item, though Ihave not combed the spec enough to know.I think that changing rules that used to take only the first node so that theynow select multiple nodes will result in \"gotcha!\" performance penalties forlongtime users.  Writing XSLT that executes efficiently is hard enough withoutthe language changing the rules under your feet.Thank you for your time and consideration.Niko MatsakisDataPower Technology",
            "docno": "lists-020-1126966",
            "received": "Tue Jan  6 15:41:52 2004",
            "isoreceived": "20040106204152",
            "sent": "Tue, 6 Jan 2004 15:41:40 -0500 (EST)",
            "isosent": "20040106204140",
            "name": "Niko Matsakis",
            "email": "niko@datapower.com",
            "subject": "[XSLT2.0] value-of and backwards compatibility",
            "id": "Pine.LNX.4.44.0401061458460.1166-100000@diomedes.datapower.com",
            "charset": "US-ASCII",
            "expires": "-1",
            "to": "public-qt-comments@w3c.org\n"
        }
    ]
}