{
    "id": "candidate-1036",
    "name": "Ken Laskey",
    "gender": "MALE",
    "email": "klaskey@mitre.org",
    "mails": [
        {
            "body": "Ken - as your comments mostly address the Requirements document, Iasked Jeff Heflin, the editor, to write the response.  However, therewere a couple of things where he felt the chair needed to beinvolved, so I've done some editing and am sending this - consider ita joint effort (but he did most of the work)please let us know if you'll accept this response.Jim HKen Laskey wrote:>>  Jim,>>  Thank you for your email of 9 June 2003 which responds to comments I>  submitted during the OWL Last Call and my apologies for taking so long in>  responding back.  As you noted, we had extensive discussions during the WWW>  conference in Budapest and in consideration of those discussions, I would>  like to make some specific suggestions beyond the more general nature of my>  previous comments.  These suggestions, which currently focus on the use>  cases,  address what I feel are gaps to which I alluded more generally in>  my previous comments.  My intent in making these suggestions is to>  establish a more complete context for the current OWL contributions and (as>  my Ph.D. advisor always demanded) the significance of those contributions>  in advancing the Semantic Web.Ken,We'd like to thank you for your thorough review and detailed suggestions.>  My suggestions also represent an evolution in the use cases from a set of>  relevant challenges to a statement which includes how the current work>  provides an enabler to eventual solutions.  I have found this useful in>  other work because it maintains a clear connection between the initial>  motivators and the current state of advancement.  Also, I believe this is>  important because while the use cases are comprehensive in illustrating the>  challenges, it is a disservice to give the impression that OWL in and of>  itself will provide the solution.  Rather, OWL is seen as a critical>  enabling technology and the distinct OWL contributions should be made clear.We do not believe the Use Cases and Requirements is the right place forthe discussion you desire. To truly explain how OWL meets a particularrequirement would require a detailed description of the relevantfeatures, duplicating much material from other OWL documents. However, wecan understand how the document might be read in such a way as to leadto a false impression of the intended capabilities of OWL. In some casesbelow, I suggest alternative wordings that should help prevent thisconfusion.>  The following are specific edits and additions which I propose:>>  <original section=\"2\"  paragraph=\"1\">>  Ontologies can be used to improve existing Web-based applications and may>  enable new uses of the Web. In this section we describe six representative>  use cases of Web ontologies. Note that this is not an exhaustive list, but>  instead a cross-section of interesting use cases.>  </original>>>  <comment>>  Add to the end of the paragraph:>>  Also note that the present OWL charter bounds the scope to that necessary>  to capture sufficient information to support reasoning applications but>  does not in itself include the complete semantics required to capture>  probablistic or conditional aspects which these use cases may imply.>  </comment>Instead, we propose to add:\"These use cases served as a guideline in choosing requirements for theOWL language (see Section 4). The requirements were chosen based on theaspects of the use cases that the working group considered mostimportant, while considering the scope of the OWL charter and otherdesign constraints. As such, one should not assume that OWL willdirectly support every aspect of the use cases.\">  <original section=\"2.1\" paragraph=\"3\">>  Of course, such a technique relies on content providers annotating their>  pages with the web ontology language, but if we assume that these owners>  will try to distribute their content as widely as possible, then we can>  expect that they would be willing to do this.>  </original>>>  <comment>>  This is a questionable assumption because providers are notoriously bad at>  creating useful metadata and thus I believe this undercuts your overall>  argument.  Suggested alternate text:>>  Such a technique relies on content providers using the Web ontology>  language to capture high-quality ontology relationships, and an objective>  of OWL is to enable sufficiently rich and useful metadata content to>  motivate the necessary effort.  It is a separate challenge to minimize this>  effort and an ontology language will likely have a greater impact if it can>  facilitate metadata capture as an nonintrusive part of any information>  creation process.>  </comment>Okay, we will make this change.>  <original section=\"2.2\" paragraph=\"3\">>  An example of such knowledge would be that a \"Late Georgian chest of>  drawers\" is typically made of mahogany. This knowledge is crucial for real>  semantic queries, e.g. a user query for \"antique mahogany storage>  furniture\" could match with images of Late Georgian chests of drawers, even>  if nothing is said about wood type in the image annotation.>  </original>>>  <comment>>  OWL supports equivalence relationships but not probablistic relationships>  such as \"typically made of mahogany\".  The concept \"typically\"would likely>  be application-specific reasoning which might be supported by a value>  mapping ontology, but this logic goes beyond OWL capabilities.  Suggest>  adding to the end of the paragraph:>>  While OWL in its present form does not intrinsically support such>  probablistic or conditional associations useful in real semantic queries,>  application-specific semantics could be encoded in OWL to support such>  functionality.>  </comment>Actually, the use case was talking about defeasible inheritancereasoning, not probability. Although probability can be clearly of usein some use cases, the working group did not consider it an importantrequirement, although support for probabilistic information is impliedby Requirement R12. Attaching Information to Statements. However,you are right that the \"typically\" is misleading here, and thereforewe will change this to read\"...a `Late Georgian chest of drawers', in the absence of otherinformation, would be assumed to be `made of mahogany.'  Thisknowledge ... \"which we agree will be less misleading.>  <original section=\"2.3\" paragraph=\"1\">>  A single taxonomy is often limiting because many things can fall under>  multiple categories.>  </original>>>  <comment>>  The limitation of a single ontology is not in the possibility of multiple>  categories (relevant multiple categories can coexist in a single ontology)>  but that the categories included in any single ontology represent the view>  which the ontology author needed to capture.  As a more accurate statement>  of the problem, I suggest the following be substituted for the original:>>  A single ontology is often limiting because the constituent categories are>  likely constrained to those representing one view and one granularity of a>  domain, and the ability to simultaneously work with multiple ontologies>  increases the richness of description.>  </comment>Good suggestion. We will make the change.>  <original section=\"2.3\" paragraph=\"3\">>  A typical problem for each of these types of users is that they may not>  share terminology with the authors of the desired content. The salesperson>  may not know the technical name for a desired feature or technical people>  in different fields might use different terms for the same concept. For>  such problems, it would be useful for each class of user to have different>  ontologies of terms, but have each ontology interrelated so translations>  can be performed automatically.>  </original>>>  <comment>>  In many situations, the usage of terminology within an ontology may not be>  exact in existing data stores, and we need to leverage existing resources>  rather than implying that these must be repairedto enable conclusive>  translation.  To encompass this need, I suggest adding the following to the>  end of the paragraph:>>  OWL does not account for fuzzinessin the alignment of terms in different>  vocabularies but it can capture sufficient usage examples to support>  application-specific processing.>  </comment>Given our revised statement to the opening of section 2 and the fact thatfuzzy reasoning is not in the list of requirements, we'd prefer notto add such a statement.>  <original section=\"2.5\" paragraph=\"2\">>  This type of agent requires domain ontologies that represent the terms for>  restaurants, hotels, etc. and service ontologies to represent the terms>  used in the actual services. When building the actual services, the>  information may come from a number of sources, such as portals,>  service-specific sites, reservation sites and the general Web.>  </original>>>  <comment>>  The discussion of agents and services switches the focus a bit from>  information to the applications.  A noncritical suggestion is to add the>  following text at the end of the paragraph:>>  For a service environment, an ontology language will enable information>  capture necessary for applications to discriminate and balance among user>  preferences.>  </comment>We will change the paragraph to:\"This type of agent requires domain ontologies that represent the termsforrestaurants, hotels, etc. and service ontologies to represent the termsused in the actual services. These ontologies will enable the capture ofinformation necessary for applications to discriminate and balance amonguser preferences. Such information may be provided by a number ofsources, such as portals, service-specific sites, reservation sites andthe general Web.\">>  <original section=\"2.6\" paragraph=\"4\">>  The interoperation scenarios are dynamic in nature (i.e., devices appear>  and disappear at any moment as their owners carry them from one room or>  building to another) and do not involve humans in the loop as far as>  (re-)configuration is concerned.>>  Given that device functionality can be modeled as web services, the needs>  for this use case are somewhat similar to the needs for DAML-S>  (particularly the issues surrounding the expressiveness of the language).>>  The tasks involved in the utilization of services involve discovery,>  contracting, and composition. The contracting of services may involve>  representing information about security, privacy and trust, as well as>  about compensation-related details (the provider of a service may have to>  be compensated for services rendered). In particular, it is a goal that>  corporate or organizational security policies be expressed in>  application-neutral form, thus enabling constraint representation across>  the diversity of enforcement mechanisms (e.g., firewalls, filters/scanners,>  traffic monitors, application-level routers and load-balancers).>>  Given that RDF-based schemes for representing information about device>  characteristics have started to be adopted (namely, W3C's Composite>  Capability/Preference Profile (CC/PP) and WAP Forum's User Agent Profile or>  UAProf), an additional need is compatibility with RDF at some level.>  </original>>>  <comment>>  In reading paragraphs 4 through 7, paragraphs 5 and 7 feel like disjointed>  inserts and do not provide significant context or motivation.  I suggest>  combining paragraphs 4 and 6, and incorporating elements of paragraphs 5>  and 7 to give the following:>>  The interoperation scenarios are dynamic in nature (i.e., devices appear>  and disappear at any moment as their owners carry them from one room or>  building to another) and do not involve humans in the loop as far as>  (re-)configuration is concerned. The tasks involved in the utilization of>  services involve discovery, contracting, and composition. The contracting>  of services may involve representing information about security, privacy>  and trust, as well as about compensation-related details (the provider of a>  service may have to be compensated for services rendered). In particular,>  it is a goal that corporate or organizational security policies be>  expressed in application-neutral form, thus enabling constraint>  representation across the diversity of enforcement mechanisms (e.g.,>  firewalls, filters/scanners, traffic monitors, application-level routers>  and load-balancers).>>  Thus, an ontology language will be used to describe the characteristics of>  devices, the means of access to such devices, the policy established by the>  owner for use of a device, and other technical constraints and requirements>  that affect incorporating a device into a ubiquitous computing>  network.  The needs established for DAML-S (particularly the issues>  surrounding the expressiveness of the language) and the RDF-based schemes>  for representing information about device characteristics (namely, W3C's>  Composite Capability/Preference Profile (CC/PP) and WAP Forum's User Agent>  Profile or UAProf) directly relate to this use case and the resource>  infrastructure which will support applications which will negotiate and>  dynamically configure ad hoc networks.>  </comment>Excellent change. We will make it.>  <original section=\"3\" paragraph=\"1\">>  Design goals describe general motivations for the language that do not>  necessarily result from any single use case. In this section, we describe>  eight design goals for the Web ontology language. For each goal, we>  describe the tasks it supports and explain the rationale for the goal. We>  also describe the degree to which RDF and RDF Schema supports the goal.>  </original>>>  <comment>>  This comment generally relates to all subsections of Section 3.  The design>  goals need to address what the Web language will contribute to a perceived>  challenge and not just what the high-level challenge is.  Why is a>  particular design goal important enough to include and what is OWLs>  intended contribution to meeting the challenge?  To this end, I suggest>  each design goal include a section for OWL approach and current>  contributionbefore the RDF(S) Support.  This improves the description of>  where we would like to be (the design goal), how far we had come (the>  RDF(S) contribution so far), and how the present work (the OWL>  contribution) moves us forward.  Note, in the interest of not delaying this>  response further, I have not provided suggested text for each section but>  would be willing to discuss details later.We agree that doing what you ask here would be a useful thing tohave, but doing it right would go well beyond the scope of thisrequirements document (and will be the job of those who write theeventual OWL books).   However, it is the case that a way to trackwhere each of our objectives and requirements are discussed in ourdocuments would be useful.  During the CR period we will endeavor toproduce this mapping and consider including it in as an Appendix tothis or one of our other documents.>  Additionally, the chosen design goals have an uneven connection between>  them.  As a reader, I am looking for a common thread and the presentation>  does not provide this.  I suggest the following replace the current>paragraph:>>  Design goals describe general motivations for the language that do not>  necessarily result from any single use case. In this section, we describe>  eight design goals for the Web ontology language, in particular those>  dealing with>  - using established ontologies>  - changing established ontologies>  - interacting established ontologies>  - detecting inconsistencies across ontologies and instances of use>  - providing a balance between expressivity and scalability when creating>  ontologies>  - avoiding unnecessary complexity which may discourage widespread adoption>  - maintaining compatibility with other standards>  - supporting internationalization>  For each goal, we describe the tasks it supports and explain the rationale>  for the goal. We also describe the OWL approach in advancing these goals>  and the degree to which RDF and RDF Schema currently provides support.>  </comment>This is a good idea, we'll accept it although slightly changing thewording to be more consistent with the remainder of our document:\"Design goals describe general motivations for the language that do notnecessarily result from any single use case. Along with the use cases,these motivate the requirements and objectives in Sections 4 and 5. Inthis section, we describe eight design goals for the Web ontologylanguage, in particular those dealing with:- using established ontologies- changing established ontologies- integrating established ontologies- detecting inconsistencies across ontologies and instances of use- providing a balance between expressivity and scalability whencreatingontologies- avoiding unnecessary complexity which may discourage widespreadadoption- maintaining compatibility with other standards- supporting internationalizationFor each goal, we describe the tasks it supports and explain therationale for the goal. We also describe the degree to which RDF and RDFSchema supports the goal.\">  <original section=\"3.1\" paragraph=\"1\">>  Ontologies should be publicly available and different data sources should>  be able to commit to the same ontology for shared meaning. Also, ontologies>  should be able to extend other ontologies in order to provide additional>  definitions.>  </original>>>  <comment>>  In my suggested wording for Section 3, I more generally describe the focus>  of this section as using established ontologies.  The current wording only>  includes shared use of the same snapshot of an ontology or defining>  ontology extensions, but general examples of use and extension quickly>  require the sibling concepts of pruning/contraction, reorganization, and>  combinations.  The need for versioning to track such changes is alluded to>  in Section 3.2, but acknowledging these capabilities seems an obvious>  omission here.  I suggest the following wording replace the original:>>  Ontologies should be publicly available and different data sources should>  be able to commit to the same ontology for shared meaning. To ensure the>  maximum degree of semantic capture, support is needed to identify ontology>  extensions to provide additional definitions, ontology reorganization to>  modify the view of a domain without reinventing existing concepts,>  combining multiple ontologies to allow higher level views to use more>  detailed descriptions, and locally pruning shared ontologies to eliminate>  overlap in combined ontologies or to reduce overhead in dealing with>  ontology details that are not needed for the application at hand.>  </comment>We think this is redundant with sections 3.2 and 3.3 and would prefernot to add it.>  <original section=\"3.4\" paragraph=\"3\">>  Justification:>  The Web is decentralized, allowing anyone to say anything. As a result,>  different viewpoints may be contradictory, or even false information may be>  provided. In order to prevent agents from combining incompatible data or>  from taking consistent data and evolving it into an inconsistent state, it>  is important that inconsistencies can be detected automatically.>  </original>>>  <comment>>  Adding a section following this on the OWL contribution is especially>  important because the solution space is not obvious.  The author examples>  (Bucky Beaver or Penelope Ashe) I previously used may be a good basis for>  discussion of how OWL would support detecting and responding to such>  inconsistency.  It is an extremely important concept because it deals>  directly with using Web resources as these exist (now and in the future)>  and does not just put the onus on the resource owner to redo things>  \"correctly\".>  </comment>The degree to which this design goal influenced our design can bediscovered by looking at what requirements it motivated. In this case itis: R7. Class definition primitives, R8. Property definition primitives,and R14. Cardinality constraints. It also motivates objectives O3, O4,and O14.>  <original section=\"3.5\" paragraph=\"3\">>  Justification:>  There are over one billion pages on the Web, and the potential application>  of the Semantic Web to embedded devices and agents poses even larger>  amounts of information that must be handled. The web ontology language>  should support reasoning systems that scale well. However, the language>  should also be as expressive as possible, so that users can state the kinds>  of knowledge that is important to their applications.>  </original>>>  <comment>>  The first four design goals describe realproblems which this and the>  following, while certainly as important, are less concrete situations.  An>  OWL contribution section following the justification would be useful to>  indicate how the OWL 1.0 spec is believed to have accomplished a reasonable>  balance.  I understand OWL Lite, OWL DL, and OWL Full, but a few words here>  would provide context and continuity.>  </comment>For this particular case, we do not believe that the Requirementsdocument is the right place for this discussion.  In particular, theintent of the overview document was to provide more of suchdiscussion, and we think that it is addressed well there.  Thus, we'dprefer not to add this discussion again here.>  <original section=\"3.6\" paragraph=\"3\">>  Justification:>  Although ideally most users will be isolated from the language by front end>  tools, the basic philosophy of the language must be natural and easy to>  learn. Furthermore, early adopters, tool developers, and power users may>  work directly with the syntax, meaning human readable (and writable) syntax>  is desirable.>  </original>>>  <comment>>  Much the same as I said for Section 3.5.  Something more germane to OWL is>  needed rather than a general motherhood statement that ease of use is>  good.  In addition, OWL will require a firmer grounding in the underlying>  concepts than say did XML because for OWL the encoding of tag syntax is a>  trivial problem compared with organizing ontology concepts in a>  domain.  While tool support will be important, keeping the underlying>  concepts accessible will be much more critical.>  </comment>The details of how we meet this objective are discussed in greatdetail throughout the guide and the overview document - thus, what weproposed above, tracking which requirements and objectives arehandled where, should help with this.>  At this stage, I have not gone into detailed comments on OWL syntax because>  I see no need to create further delay that would be introduced by>  suggesting revisions of existing syntax and the associated implementations>  to incorporate noncritical changes.  However, the one shortcoming that>  seems to be easily addressed is in the area of disjoint classes.  In>  section 5.3 of the OWL Language Guide, it notes that \"the number of>  disjointness assertions grows proportionally to n^2\".  The rationale that>  \"n is typically small\" is the sort that is often quickly proved wrong.  I>  would suggest the addition of a mutallyDisjointWith syntax something like>>               <owl:mutuallyDisjointWith>>                           <owl:disjointClass rdf:resource=class1/>>                           <owl:disjointClass rdf:resource=class2/>>                           <owl:disjointClass rdf:resource=class3/>>                           <...>>               </owl:mutallyDisjointWith>The working group did consider adding this in response to an earliercomment , but decided not to (see the reply Dan Connolly sent at[1]).  There are some syntax issues that make it difficult to expressthe way you propose above.  However, there is a workaorund where onedoes not need the N^2 statements, as described by Ian Horrocks in[2], and we will add a pointer to that to our issues list to make itclearer what to do when the number of classes is large.>  Again, I apologize for the delay in submitting this response but my>  organization change has proven to be time consuming and I believe the>  changes I propose here are consistent with the issues we have previously>  discussed.  I would be open to discussing these further as would be useful.Thank you again for your comments. Please respond topublic-webont-comments@w3.org to let us know if our responses aresatisfactoy.Jeff and Jim>  Ken>[1]http://lists.w3.org/Archives/Public/public-webont-comments/2003Jun/0038.html[2] http://lists.w3.org/Archives/Public/www-webont-wg/2003Jul/0157.html--Professor James Hendler  hendler@cs.umd.eduDirector, Semantic Web and Agent Technologies  301-405-2696Maryland Information and Network Dynamics Lab.  301-405-6707 (Fax)Univ of Maryland, College Park, MD 20742  *** 240-277-3388 (Cell)http://www.cs.umd.edu/users/hendler      *** NOTE CHANGED CELL NUMBER ***",
            "docno": "lists-024-8546958",
            "received": "Fri Jul 18 10:53:46 2003",
            "isoreceived": "20030718145346",
            "sent": "Fri, 18 Jul 2003 10:53:44 -0400",
            "isosent": "20030718145344",
            "name": "Jim Hendler",
            "email": "hendler@cs.umd.edu",
            "subject": "Re: comments on OWL Last Call drafts",
            "id": "p05200f92bb3db8f79eca@[10.0.1.3]",
            "charset": "us-ascii",
            "inreplyto": "comments on OWL Last Call drafts",
            "expires": "-1",
            "to": "klaskey@mitre.org\n",
            "cc": "public-webont-comments@w3.org\n"
        },
        {
            "body": "On Tue, 2004-05-11 at 09:42, Peter F. Patel-Schneider wrote:> I would feel much happier with this draft if some of the fundamental> issues that Pat Hayes has pointed out had been addressed.  Without> resolution of these issues I don't see any point in the document.Hi Peter,I, too, would be happy if the document addressed everyone's issues!I cannot imagine getting there other than by increments. This drafttakes into account what the TAG has discussed thus far, and thensome. I look forward to ongoing improvement._ Ian--Ian Jacobs (ij@w3.org)   http://www.w3.org/People/JacobsTel:                     +1 718 260-9447",
            "docno": "lists-023-15125745",
            "received": "Tue May 11 11:28:19 2004",
            "isoreceived": "20040511152819",
            "sent": "Tue, 11 May 2004 11:28:10 -0400",
            "isosent": "20040511152810",
            "name": "Ian B. Jacobs",
            "email": "j@w3.org",
            "subject": "Re: 10 May 2004 Editor's Draft of Architecture Document - reviewer responses requested",
            "id": "1084289289.10472.21.camel@seabright",
            "inreplyto": "20040511.094211.73002602.pfps&#64;research.bell-labs.com",
            "expires": "-1",
            "to": "\"Peter F. Patel-Schneider\"<pfps@research.bell-labs.com>\n",
            "cc": "T.Hammond@elsevier.com,elharo@metalab.unc.edu,dmkarr@earthlink.net,bob.ducharme@lexisnexis.com,dbooth@w3.org,tjg@star.le.ac.uk,patrick.stickler@nokia.com,sandro@w3.org,dom@w3.org,djw@w3.org,jacek.kopecky@systinet.com,duerst@w3.org,stephane@w3.org,kendall@monkeyfist.com,klaskey@mitre.org, Al Gilman<Alfred.S.Gilman@ieee.org>,lesch@w3.org,cmsmcq@w3.org,bparsia@isr.umd.edu,gk@ninebynine.org,public-webarch-comments@w3.org,www-tag@w3.org\n"
        },
        {
            "body": "Hello,In preparation for the TAG's face-to-face meeting this week, I'vemade available the 10 May 2004 Editor's Draft of the ArchitectureDocument:http://www.w3.org/2001/tag/2004/webarch-20040510/This draft supersedes the 7 May draft; I incorporated a few extrachanges I had wanted to make based on TAG resolutions.The remainder of this email includes information about:1) Diff resources2) List of issues addressedBelow there is a list of names and issue URIs. If your name ison the list (and in the \"To\" line above), it means that thisdraft MAY address the issues that you raised that are listedbelow. Each issue URI points to details of the proposal toaddress your issue.Although the TAG has not yet agreed to these proposals,I welcome your comments about proposals that concern yourissues; please send those comments to public-webarch-comments@w3.org. Inparticular, please indicate whether the text as proposed satisfies youfor that issue orhow it might be edited to satisfy you.Thank you,- Ian================1 Diff resources================This draft consists of a number of proposals to address LastCall issues; the TAG has not yet reviewed these proposals.Here is an annotated Last Call draft with proposals listed inline:http://www.w3.org/2001/tag/2003/lc1209/webarchWithProposals.htmlNote: The annotated draft does not show all proposed edits,only those corresponding directly to an issue.----------------Diff files (only useful for parts of the document):Diff between the 7 May and 10 May drafts:http://www.w3.org/2001/tag/2004/webarch-20040510/diff-20040507Diff between the 10 May draft and the Last Call draft:http://www.w3.org/2001/tag/2004/webarch-20040510/diff-20031209----------------Lists of changes:Changes between the Last Call draft and the 7 May draft:http://www.w3.org/2001/tag/webarch/changes#changes-20040510Changes between the 7 May draft and the 10 May draft:http://www.w3.org/2001/tag/webarch/changes#changes-20040507==================2 Issues addressed==================This draft includes proposals to address the following Last Callissues:a) From Tony Hammondhttp://www.w3.org/2001/tag/2003/lc1209/issues.html#hammond2b) From Elliotte Rusty Haroldhttp://www.w3.org/2001/tag/2003/lc1209/issues.html#harold1c) From David Karrhttp://www.w3.org/2001/tag/2003/lc1209/issues.html#karr1d) From Bob DuCharmehttp://www.w3.org/2001/tag/2003/lc1209/issues.html#ducharme1e) From David Boothhttp://www.w3.org/2001/tag/2003/lc1209/issues.html#booth2http://www.w3.org/2001/tag/2003/lc1209/issues.html#booth3f) From Tim Goodwinhttp://www.w3.org/2001/tag/2003/lc1209/issues.html#goodwin1g) From Patrick Sticklerhttp://www.w3.org/2001/tag/2003/lc1209/issues.html#stickler1http://www.w3.org/2001/tag/2003/lc1209/issues.html#stickler2http://www.w3.org/2001/tag/2003/lc1209/issues.html#stickler3http://www.w3.org/2001/tag/2003/lc1209/issues.html#stickler5http://www.w3.org/2001/tag/2003/lc1209/issues.html#stickler6http://www.w3.org/2001/tag/2003/lc1209/issues.html#stickler7http://www.w3.org/2001/tag/2003/lc1209/issues.html#stickler9http://www.w3.org/2001/tag/2003/lc1209/issues.html#stickler10I did not incorporated the following editorial suggestionsfrom Patrick:Section 3.2, para 1, last sentence:Consider changing to \"A message may even include metadataabout the message itself (for message-integrity checks, forinstance).Section 3.3.1, last para, last sentence:This last sentence could either be removed orclarified/reworked.h) From Peter Patel-Schneiderhttp://www.w3.org/2001/tag/2003/lc1209/issues.html#pps1i) From Sandro Hawkehttp://www.w3.org/2001/tag/2003/lc1209/issues.html#hawke2http://www.w3.org/2001/tag/2003/lc1209/issues.html#hawke3http://www.w3.org/2001/tag/2003/lc1209/issues.html#hawke4http://www.w3.org/2001/tag/2003/lc1209/issues.html#hawke7http://www.w3.org/2001/tag/2003/lc1209/issues.html#hawke8http://www.w3.org/2001/tag/2003/lc1209/issues.html#hawke9http://www.w3.org/2001/tag/2003/lc1209/issues.html#hawke10I did not implement the suggestion that the media type forthe first example be changed from \"application/xhtml+xml\"to the simpler \"text/html\" (although I did fix the graphicand text to be consistent).j) From Dominique Hazael-Massieuxhttp://www.w3.org/2001/tag/2003/lc1209/issues.html#dhm1http://www.w3.org/2001/tag/2003/lc1209/issues.html#dhm2http://www.w3.org/2001/tag/2003/lc1209/issues.html#dhm5http://www.w3.org/2001/tag/2003/lc1209/issues.html#dhm6http://www.w3.org/2001/tag/2003/lc1209/issues.html#dhm7k) From Danny Weitznerhttp://www.w3.org/2001/tag/2003/lc1209/issues.html#weitzner1l) From Jacek Kopeckyhttp://www.w3.org/2001/tag/2003/lc1209/issues.html#kopecky1http://www.w3.org/2001/tag/2003/lc1209/issues.html#kopecky6I did not adjust the definition of \"Link\" in the term index.m) From Martin Duersthttp://www.w3.org/2001/tag/2003/lc1209/issues.html#duerst1n) From the Device Independence Working Group[Stephane Boyera addressed here]http://www.w3.org/2001/tag/2003/lc1209/issues.html#diwg2http://www.w3.org/2001/tag/2003/lc1209/issues.html#diwg3o) From Kendall Clarkhttp://www.w3.org/2001/tag/2003/lc1209/issues.html#clark5http://www.w3.org/2001/tag/2003/lc1209/issues.html#clark7http://www.w3.org/2001/tag/2003/lc1209/issues.html#clark8http://www.w3.org/2001/tag/2003/lc1209/issues.html#clark11http://www.w3.org/2001/tag/2003/lc1209/issues.html#clark12p) From Ken Laskeyhttp://www.w3.org/2001/tag/2003/lc1209/issues.html#laskey1q) From Al Gilmanhttp://www.w3.org/2001/tag/2003/lc1209/issues.html#gilman1r) From Susan Leschhttp://www.w3.org/2001/tag/2003/lc1209/issues.html#lesch1s) From the XML Schema Working Group[Michael Sperberg-McQueen addressed here]http://www.w3.org/2001/tag/2003/lc1209/issues.html#schema1http://www.w3.org/2001/tag/2003/lc1209/issues.html#schema4http://www.w3.org/2001/tag/2003/lc1209/issues.html#schema15http://www.w3.org/2001/tag/2003/lc1209/issues.html#schema17http://www.w3.org/2001/tag/2003/lc1209/issues.html#schema18http://www.w3.org/2001/tag/2003/lc1209/issues.html#schema19http://www.w3.org/2001/tag/2003/lc1209/issues.html#schema20http://www.w3.org/2001/tag/2003/lc1209/issues.html#schema21For schema4, the Schema WG asked for a stronger statementalong the lines of \"Don't use content negotiation\", which Idid not add.For schema21 (editorial issues), I did not address these points:[3.5.1] We are surprised to not see a best practicerecommendation here.[4.5.3] (And elsewhere) If namespace prefixes are used, thereshould be a table indicating their bindings to URIs.[4.5.6] and [4.5.8] highlight a lot of problems, but make norecommendations about what to do about them.t) From Michael Sperberg-McQueenhttp://www.w3.org/2001/tag/2003/lc1209/issues.html#msm2http://www.w3.org/2001/tag/2003/lc1209/issues.html#msm3I did not remove the shadow from the illustration as Michaelrecommended.u) From Bijan Parsiahttp://www.w3.org/2001/tag/2003/lc1209/issues.html#parsia20v) From Graham Klynehttp://www.w3.org/2001/tag/2003/lc1209/issues.html#klyne1http://www.w3.org/2001/tag/2003/lc1209/issues.html#klyne11http://www.w3.org/2001/tag/2003/lc1209/issues.html#klyne12--Ian Jacobs (ij@w3.org)   http://www.w3.org/People/JacobsTel:                     +1 718 260-9447",
            "docno": "lists-022-13397018",
            "received": "Mon May 10 21:33:44 2004",
            "isoreceived": "20040511013344",
            "sent": "Mon, 10 May 2004 21:31:51 -0400",
            "isosent": "20040511013151",
            "name": "Ian B. Jacobs",
            "email": "j@w3.org",
            "subject": "10 May 2004 Editor's Draft of Architecture Document - reviewer responses requested",
            "id": "1084239111.1435.60.camel@seabright",
            "expires": "-1",
            "to": ".Hammond@elsevier.com,elharo@metalab.unc.edu,dmkarr@earthlink.net,bob.ducharme@lexisnexis.com,dbooth@w3.org,tjg@star.le.ac.uk,patrick.stickler@nokia.com,pfps@research.bell-labs.com,sandro@w3.org,dom@w3.org,djw@w3.org,jacek.kopecky@systinet.com,duerst@w3.org,stephane@w3.org,kendall@monkeyfist.com,klaskey@mitre.org,Alfred.S.Gilman@IEEE.org,lesch@w3.org,cmsmcq@w3.org,bparsia@isr.umd.edu,gk@ninebynine.org\n",
            "cc": "public-webarch-comments@w3.org,www-tag@w3.org\n"
        },
        {
            "body": "Jim,Thank you for your email of 9 June 2003 which responds to comments Isubmitted during the OWL Last Call and my apologies for taking so long inresponding back.  As you noted, we had extensive discussions during the WWWconference in Budapest and in consideration of those discussions, I wouldlike to make some specific suggestions beyond the more general nature of myprevious comments.  These suggestions, which currently focus on the usecases,  address what I feel are gaps to which I alluded more generally inmy previous comments.  My intent in making these suggestions is toestablish a more complete context for the current OWL contributions and (asmy Ph.D. advisor always demanded) the significance of those contributionsin advancing the Semantic Web.My suggestions also represent an evolution in the use cases from a set ofrelevant challenges to a statement which includes how the current workprovides an enabler to eventual solutions.  I have found this useful inother work because it maintains a clear connection between the initialmotivators and the current state of advancement.  Also, I believe this isimportant because while the use cases are comprehensive in illustrating thechallenges, it is a disservice to give the impression that OWL in and ofitself will provide the solution.  Rather, OWL is seen as a criticalenabling technology and the distinct OWL contributions should be made clear.The following are specific edits and additions which I propose:<original section=\"2\"  paragraph=\"1\">Ontologies can be used to improve existing Web-based applications and mayenable new uses of the Web. In this section we describe six representativeuse cases of Web ontologies. Note that this is not an exhaustive list, butinstead a cross-section of interesting use cases.</original><comment>Add to the end of the paragraph:Also note that the present OWL charter bounds the scope to that necessaryto capture sufficient information to support reasoning applications butdoes not in itself include the complete semantics required to captureprobablistic or conditional aspects which these use cases may imply.</comment><original section=\"2.1\" paragraph=\"3\">Of course, such a technique relies on content providers annotating theirpages with the web ontology language, but if we assume that these ownerswill try to distribute their content as widely as possible, then we canexpect that they would be willing to do this.</original><comment>This is a questionable assumption because providers are notoriously bad atcreating useful metadata and thus I believe this undercuts your overallargument.  Suggested alternate text:Such a technique relies on content providers using the Web ontologylanguage to capture high-quality ontology relationships, and an objectiveof OWL is to enable sufficiently rich and useful metadata content tomotivate the necessary effort.  It is a separate challenge to minimize thiseffort and an ontology language will likely have a greater impact if it canfacilitate metadata capture as an nonintrusive part of any informationcreation process.</comment><original section=\"2.2\" paragraph=\"3\">An example of such knowledge would be that a \"Late Georgian chest ofdrawers\" is typically made of mahogany. This knowledge is crucial for realsemantic queries, e.g. a user query for \"antique mahogany storagefurniture\" could match with images of Late Georgian chests of drawers, evenif nothing is said about wood type in the image annotation.</original><comment>OWL supports equivalence relationships but not probablistic relationshipssuch as \"typically made of mahogany\".  The concept \"typically\"would likelybe application-specific reasoning which might be supported by a valuemapping ontology, but this logic goes beyond OWL capabilities.  Suggestadding to the end of the paragraph:While OWL in its present form does not intrinsically support suchprobablistic or conditional associations useful in real semantic queries,application-specific semantics could be encoded in OWL to support suchfunctionality.</comment><original section=\"2.3\" paragraph=\"1\">A single taxonomy is often limiting because many things can fall undermultiple categories.</original><comment>The limitation of a single ontology is not in the possibility of multiplecategories (relevant multiple categories can coexist in a single ontology)but that the categories included in any single ontology represent the viewwhich the ontology author needed to capture.  As a more accurate statementof the problem, I suggest the following be substituted for the original:A single ontology is often limiting because the constituent categories arelikely constrained to those representing one view and one granularity of adomain, and the ability to simultaneously work with multiple ontologiesincreases the richness of description.</comment><original section=\"2.3\" paragraph=\"3\">A typical problem for each of these types of users is that they may notshare terminology with the authors of the desired content. The salespersonmay not know the technical name for a desired feature or technical peoplein different fields might use different terms for the same concept. Forsuch problems, it would be useful for each class of user to have differentontologies of terms, but have each ontology interrelated so translationscan be performed automatically.</original><comment>In many situations, the usage of terminology within an ontology may not beexact in existing data stores, and we need to leverage existing resourcesrather than implying that these must be repairedto enable conclusivetranslation.  To encompass this need, I suggest adding the following to theend of the paragraph:OWL does not account for fuzzinessin the alignment of terms in differentvocabularies but it can capture sufficient usage examples to supportapplication-specific processing.</comment><original section=\"2.5\" paragraph=\"2\">This type of agent requires domain ontologies that represent the terms forrestaurants, hotels, etc. and service ontologies to represent the termsused in the actual services. When building the actual services, theinformation may come from a number of sources, such as portals,service-specific sites, reservation sites and the general Web.</original><comment>The discussion of agents and services switches the focus a bit frominformation to the applications.  A noncritical suggestion is to add thefollowing text at the end of the paragraph:For a service environment, an ontology language will enable informationcapture necessary for applications to discriminate and balance among userpreferences.</comment><original section=\"2.6\" paragraph=\"4\">The interoperation scenarios are dynamic in nature (i.e., devices appearand disappear at any moment as their owners carry them from one room orbuilding to another) and do not involve humans in the loop as far as(re-)configuration is concerned.Given that device functionality can be modeled as web services, the needsfor this use case are somewhat similar to the needs for DAML-S(particularly the issues surrounding the expressiveness of the language).The tasks involved in the utilization of services involve discovery,contracting, and composition. The contracting of services may involverepresenting information about security, privacy and trust, as well asabout compensation-related details (the provider of a service may have tobe compensated for services rendered). In particular, it is a goal thatcorporate or organizational security policies be expressed inapplication-neutral form, thus enabling constraint representation acrossthe diversity of enforcement mechanisms (e.g., firewalls, filters/scanners,traffic monitors, application-level routers and load-balancers).Given that RDF-based schemes for representing information about devicecharacteristics have started to be adopted (namely, W3C's CompositeCapability/Preference Profile (CC/PP) and WAP Forum's User Agent Profile orUAProf), an additional need is compatibility with RDF at some level.</original><comment>In reading paragraphs 4 through 7, paragraphs 5 and 7 feel like disjointedinserts and do not provide significant context or motivation.  I suggestcombining paragraphs 4 and 6, and incorporating elements of paragraphs 5and 7 to give the following:The interoperation scenarios are dynamic in nature (i.e., devices appearand disappear at any moment as their owners carry them from one room orbuilding to another) and do not involve humans in the loop as far as(re-)configuration is concerned. The tasks involved in the utilization ofservices involve discovery, contracting, and composition. The contractingof services may involve representing information about security, privacyand trust, as well as about compensation-related details (the provider of aservice may have to be compensated for services rendered). In particular,it is a goal that corporate or organizational security policies beexpressed in application-neutral form, thus enabling constraintrepresentation across the diversity of enforcement mechanisms (e.g.,firewalls, filters/scanners, traffic monitors, application-level routersand load-balancers).Thus, an ontology language will be used to describe the characteristics ofdevices, the means of access to such devices, the policy established by theowner for use of a device, and other technical constraints and requirementsthat affect incorporating a device into a ubiquitous computingnetwork.  The needs established for DAML-S (particularly the issuessurrounding the expressiveness of the language) and the RDF-based schemesfor representing information about device characteristics (namely, W3C'sComposite Capability/Preference Profile (CC/PP) and WAP Forum's User AgentProfile or UAProf) directly relate to this use case and the resourceinfrastructure which will support applications which will negotiate anddynamically configure ad hoc networks.</comment><original section=\"3\" paragraph=\"1\">Design goals describe general motivations for the language that do notnecessarily result from any single use case. In this section, we describeeight design goals for the Web ontology language. For each goal, wedescribe the tasks it supports and explain the rationale for the goal. Wealso describe the degree to which RDF and RDF Schema supports the goal.</original><comment>This comment generally relates to all subsections of Section 3.  The designgoals need to address what the Web language will contribute to a perceivedchallenge and not just what the high-level challenge is.  Why is aparticular design goal important enough to include and what is OWLsintended contribution to meeting the challenge?  To this end, I suggesteach design goal include a section for OWL approach and currentcontributionbefore the RDF(S) Support.  This improves the description ofwhere we would like to be (the design goal), how far we had come (theRDF(S) contribution so far), and how the present work (the OWLcontribution) moves us forward.  Note, in the interest of not delaying thisresponse further, I have not provided suggested text for each section butwould be willing to discuss details later.Additionally, the chosen design goals have an uneven connection betweenthem.  As a reader, I am looking for a common thread and the presentationdoes not provide this.  I suggest the following replace the current paragraph:Design goals describe general motivations for the language that do notnecessarily result from any single use case. In this section, we describeeight design goals for the Web ontology language, in particular thosedealing with- using established ontologies- changing established ontologies- interacting established ontologies- detecting inconsistencies across ontologies and instances of use- providing a balance between expressivity and scalability when creatingontologies- avoiding unnecessary complexity which may discourage widespread adoption- maintaining compatibility with other standards- supporting internationalizationFor each goal, we describe the tasks it supports and explain the rationalefor the goal. We also describe the OWL approach in advancing these goalsand the degree to which RDF and RDF Schema currently provides support.</comment><original section=\"3.1\" paragraph=\"1\">Ontologies should be publicly available and different data sources shouldbe able to commit to the same ontology for shared meaning. Also, ontologiesshould be able to extend other ontologies in order to provide additionaldefinitions.</original><comment>In my suggested wording for Section 3, I more generally describe the focusof this section as using established ontologies.  The current wording onlyincludes shared use of the same snapshot of an ontology or definingontology extensions, but general examples of use and extension quicklyrequire the sibling concepts of pruning/contraction, reorganization, andcombinations.  The need for versioning to track such changes is alluded toin Section 3.2, but acknowledging these capabilities seems an obviousomission here.  I suggest the following wording replace the original:Ontologies should be publicly available and different data sources shouldbe able to commit to the same ontology for shared meaning. To ensure themaximum degree of semantic capture, support is needed to identify ontologyextensions to provide additional definitions, ontology reorganization tomodify the view of a domain without reinventing existing concepts,combining multiple ontologies to allow higher level views to use moredetailed descriptions, and locally pruning shared ontologies to eliminateoverlap in combined ontologies or to reduce overhead in dealing withontology details that are not needed for the application at hand.</comment><original section=\"3.4\" paragraph=\"3\">Justification:The Web is decentralized, allowing anyone to say anything. As a result,different viewpoints may be contradictory, or even false information may beprovided. In order to prevent agents from combining incompatible data orfrom taking consistent data and evolving it into an inconsistent state, itis important that inconsistencies can be detected automatically.</original><comment>Adding a section following this on the OWL contribution is especiallyimportant because the solution space is not obvious.  The author examples(Bucky Beaver or Penelope Ashe) I previously used may be a good basis fordiscussion of how OWL would support detecting and responding to suchinconsistency.  It is an extremely important concept because it dealsdirectly with using Web resources as these exist (now and in the future)and does not just put the onus on the resource owner to redo things\"correctly\".</comment><original section=\"3.5\" paragraph=\"3\">Justification:There are over one billion pages on the Web, and the potential applicationof the Semantic Web to embedded devices and agents poses even largeramounts of information that must be handled. The web ontology languageshould support reasoning systems that scale well. However, the languageshould also be as expressive as possible, so that users can state the kindsof knowledge that is important to their applications.</original><comment>The first four design goals describe realproblems which this and thefollowing, while certainly as important, are less concrete situations.  AnOWL contribution section following the justification would be useful toindicate how the OWL 1.0 spec is believed to have accomplished a reasonablebalance.  I understand OWL Lite, OWL DL, and OWL Full, but a few words herewould provide context and continuity.</comment><original section=\"3.6\" paragraph=\"3\">Justification:Although ideally most users will be isolated from the language by front endtools, the basic philosophy of the language must be natural and easy tolearn. Furthermore, early adopters, tool developers, and power users maywork directly with the syntax, meaning human readable (and writable) syntaxis desirable.</original><comment>Much the same as I said for Section 3.5.  Something more germane to OWL isneeded rather than a general motherhood statement that ease of use isgood.  In addition, OWL will require a firmer grounding in the underlyingconcepts than say did XML because for OWL the encoding of tag syntax is atrivial problem compared with organizing ontology concepts in adomain.  While tool support will be important, keeping the underlyingconcepts accessible will be much more critical.</comment>At this stage, I have not gone into detailed comments on OWL syntax becauseI see no need to create further delay that would be introduced bysuggesting revisions of existing syntax and the associated implementationsto incorporate noncritical changes.  However, the one shortcoming thatseems to be easily addressed is in the area of disjoint classes.  Insection 5.3 of the OWL Language Guide, it notes that \"the number ofdisjointness assertions grows proportionally to n^2\".  The rationale that\"n is typically small\" is the sort that is often quickly proved wrong.  Iwould suggest the addition of a mutallyDisjointWith syntax something like<owl:mutuallyDisjointWith><owl:disjointClass rdf:resource=class1/><owl:disjointClass rdf:resource=class2/><owl:disjointClass rdf:resource=class3/><...></owl:mutallyDisjointWith>Again, I apologize for the delay in submitting this response but myorganization change has proven to be time consuming and I believe thechanges I propose here are consistent with the issues we have previouslydiscussed.  I would be open to discussing these further as would be useful.Ken-------------------------------------------------------------------------------------/   KenLaskey                                                                   \\|   MITRE Corporation, M/S H305        phone: 703-883-7934   ||   7515 Colshire Drive                        fax: 703-883-1379        |\\   McLean VA 22102-7508                                                  /------------------------------------------------------------------------------------",
            "docno": "lists-024-8172933",
            "received": "Fri Jul  4 17:22:17 2003",
            "isoreceived": "20030704212217",
            "sent": "Fri, 04 Jul 2003 17:18:46 -0400",
            "isosent": "20030704211846",
            "name": "Ken Laskey",
            "email": "klaskey@mitre.org",
            "subject": "Re: comments on OWL Last Call drafts",
            "id": "5.2.1.1.0.20030704164953.00b8ceb0@mailsrv2.mitre.org",
            "charset": "us-ascii",
            "inreplyto": "comments on OWL Last Call drafts",
            "expires": "-1",
            "to": " Jim Hendler<hendler@cs.umd.edu>,public-webont-comments@w3.org\n"
        },
        {
            "body": "I would feel much happier with this draft if some of the fundamentalissues that Pat Hayes has pointed out had been addressed.  Withoutresolution of these issues I don't see any point in the document.As a particular illustrative example that leapt out at me while I wasreading the document, I quote, from Section 1Each resource is identified by a URI.and from Section 2Resources exist before URIs; a resource may be identified by zeroURIs.Peter F. Patel-SchneiderFrom: \"Ian B. Jacobs\" <ij@w3.org>Subject: 10 May 2004 Editor's Draft of Architecture Document - reviewer responses requestedDate: Mon, 10 May 2004 21:31:51 -0400> Hello,>> In preparation for the TAG's face-to-face meeting this week, I've> made available the 10 May 2004 Editor's Draft of the Architecture> Document:>    http://www.w3.org/2001/tag/2004/webarch-20040510/>> This draft supersedes the 7 May draft; I incorporated a few extra> changes I had wanted to make based on TAG resolutions.>> The remainder of this email includes information about:>>  1) Diff resources>  2) List of issues addressed>> Below there is a list of names and issue URIs. If your name is> on the list (and in the \"To\" line above), it means that this> draft MAY address the issues that you raised that are listed> below. Each issue URI points to details of the proposal to> address your issue.>> Although the TAG has not yet agreed to these proposals,> I welcome your comments about proposals that concern your> issues; please send those comments to public-webarch-comments@w3.org. In> particular, please indicate whether the text as proposed satisfies you> for that issue or> how it might be edited to satisfy you.>> Thank you,>>  - Ian",
            "docno": "lists-023-15107624",
            "received": "Tue May 11 09:45:05 2004",
            "isoreceived": "20040511134505",
            "sent": "Tue, 11 May 2004 09:42:11 -0400 (EDT)",
            "isosent": "20040511134211",
            "name": "Peter F. Patel-Schneider",
            "email": "pfps@research.bell-labs.com",
            "subject": "Re: 10 May 2004 Editor's Draft of Architecture Document - reviewer  responses requested",
            "id": "20040511.094211.73002602.pfps@research.bell-labs.com",
            "charset": "us-ascii",
            "inreplyto": "1084239111.1435.60.camel&#64;seabright",
            "expires": "-1",
            "to": "ij@w3.org\n",
            "cc": "T.Hammond@elsevier.com,elharo@metalab.unc.edu,dmkarr@earthlink.net,bob.ducharme@lexisnexis.com,dbooth@w3.org,tjg@star.le.ac.uk,patrick.stickler@nokia.com,sandro@w3.org,dom@w3.org,djw@w3.org,jacek.kopecky@systinet.com,duerst@w3.org,stephane@w3.org,kendall@monkeyfist.com,klaskey@mitre.org,Alfred.S.Gilman@IEEE.org,lesch@w3.org,cmsmcq@w3.org,bparsia@isr.umd.edu,gk@ninebynine.org,public-webarch-comments@w3.org,www-tag@w3.org\n"
        },
        {
            "body": "Hello,In preparation for the TAG's face-to-face meeting this week, I'vemade available the 10 May 2004 Editor's Draft of the ArchitectureDocument:http://www.w3.org/2001/tag/2004/webarch-20040510/This draft supersedes the 7 May draft; I incorporated a few extrachanges I had wanted to make based on TAG resolutions.The remainder of this email includes information about:1) Diff resources2) List of issues addressedBelow there is a list of names and issue URIs. If your name ison the list (and in the \"To\" line above), it means that thisdraft MAY address the issues that you raised that are listedbelow. Each issue URI points to details of the proposal toaddress your issue.Although the TAG has not yet agreed to these proposals,I welcome your comments about proposals that concern yourissues; please send those comments to public-webarch-comments@w3.org. Inparticular, please indicate whether the text as proposed satisfies youfor that issue orhow it might be edited to satisfy you.Thank you,- Ian================1 Diff resources================This draft consists of a number of proposals to address LastCall issues; the TAG has not yet reviewed these proposals.Here is an annotated Last Call draft with proposals listed inline:http://www.w3.org/2001/tag/2003/lc1209/webarchWithProposals.htmlNote: The annotated draft does not show all proposed edits,only those corresponding directly to an issue.----------------Diff files (only useful for parts of the document):Diff between the 7 May and 10 May drafts:http://www.w3.org/2001/tag/2004/webarch-20040510/diff-20040507Diff between the 10 May draft and the Last Call draft:http://www.w3.org/2001/tag/2004/webarch-20040510/diff-20031209----------------Lists of changes:Changes between the Last Call draft and the 7 May draft:http://www.w3.org/2001/tag/webarch/changes#changes-20040510Changes between the 7 May draft and the 10 May draft:http://www.w3.org/2001/tag/webarch/changes#changes-20040507==================2 Issues addressed==================This draft includes proposals to address the following Last Callissues:a) From Tony Hammondhttp://www.w3.org/2001/tag/2003/lc1209/issues.html#hammond2b) From Elliotte Rusty Haroldhttp://www.w3.org/2001/tag/2003/lc1209/issues.html#harold1c) From David Karrhttp://www.w3.org/2001/tag/2003/lc1209/issues.html#karr1d) From Bob DuCharmehttp://www.w3.org/2001/tag/2003/lc1209/issues.html#ducharme1e) From David Boothhttp://www.w3.org/2001/tag/2003/lc1209/issues.html#booth2http://www.w3.org/2001/tag/2003/lc1209/issues.html#booth3f) From Tim Goodwinhttp://www.w3.org/2001/tag/2003/lc1209/issues.html#goodwin1g) From Patrick Sticklerhttp://www.w3.org/2001/tag/2003/lc1209/issues.html#stickler1http://www.w3.org/2001/tag/2003/lc1209/issues.html#stickler2http://www.w3.org/2001/tag/2003/lc1209/issues.html#stickler3http://www.w3.org/2001/tag/2003/lc1209/issues.html#stickler5http://www.w3.org/2001/tag/2003/lc1209/issues.html#stickler6http://www.w3.org/2001/tag/2003/lc1209/issues.html#stickler7http://www.w3.org/2001/tag/2003/lc1209/issues.html#stickler9http://www.w3.org/2001/tag/2003/lc1209/issues.html#stickler10I did not incorporated the following editorial suggestionsfrom Patrick:Section 3.2, para 1, last sentence:Consider changing to \"A message may even include metadataabout the message itself (for message-integrity checks, forinstance).Section 3.3.1, last para, last sentence:This last sentence could either be removed orclarified/reworked.h) From Peter Patel-Schneiderhttp://www.w3.org/2001/tag/2003/lc1209/issues.html#pps1i) From Sandro Hawkehttp://www.w3.org/2001/tag/2003/lc1209/issues.html#hawke2http://www.w3.org/2001/tag/2003/lc1209/issues.html#hawke3http://www.w3.org/2001/tag/2003/lc1209/issues.html#hawke4http://www.w3.org/2001/tag/2003/lc1209/issues.html#hawke7http://www.w3.org/2001/tag/2003/lc1209/issues.html#hawke8http://www.w3.org/2001/tag/2003/lc1209/issues.html#hawke9http://www.w3.org/2001/tag/2003/lc1209/issues.html#hawke10I did not implement the suggestion that the media type forthe first example be changed from \"application/xhtml+xml\"to the simpler \"text/html\" (although I did fix the graphicand text to be consistent).j) From Dominique Hazael-Massieuxhttp://www.w3.org/2001/tag/2003/lc1209/issues.html#dhm1http://www.w3.org/2001/tag/2003/lc1209/issues.html#dhm2http://www.w3.org/2001/tag/2003/lc1209/issues.html#dhm5http://www.w3.org/2001/tag/2003/lc1209/issues.html#dhm6http://www.w3.org/2001/tag/2003/lc1209/issues.html#dhm7k) From Danny Weitznerhttp://www.w3.org/2001/tag/2003/lc1209/issues.html#weitzner1l) From Jacek Kopeckyhttp://www.w3.org/2001/tag/2003/lc1209/issues.html#kopecky1http://www.w3.org/2001/tag/2003/lc1209/issues.html#kopecky6I did not adjust the definition of \"Link\" in the term index.m) From Martin Duersthttp://www.w3.org/2001/tag/2003/lc1209/issues.html#duerst1n) From the Device Independence Working Group[Stephane Boyera addressed here]http://www.w3.org/2001/tag/2003/lc1209/issues.html#diwg2http://www.w3.org/2001/tag/2003/lc1209/issues.html#diwg3o) From Kendall Clarkhttp://www.w3.org/2001/tag/2003/lc1209/issues.html#clark5http://www.w3.org/2001/tag/2003/lc1209/issues.html#clark7http://www.w3.org/2001/tag/2003/lc1209/issues.html#clark8http://www.w3.org/2001/tag/2003/lc1209/issues.html#clark11http://www.w3.org/2001/tag/2003/lc1209/issues.html#clark12p) From Ken Laskeyhttp://www.w3.org/2001/tag/2003/lc1209/issues.html#laskey1q) From Al Gilmanhttp://www.w3.org/2001/tag/2003/lc1209/issues.html#gilman1r) From Susan Leschhttp://www.w3.org/2001/tag/2003/lc1209/issues.html#lesch1s) From the XML Schema Working Group[Michael Sperberg-McQueen addressed here]http://www.w3.org/2001/tag/2003/lc1209/issues.html#schema1http://www.w3.org/2001/tag/2003/lc1209/issues.html#schema4http://www.w3.org/2001/tag/2003/lc1209/issues.html#schema15http://www.w3.org/2001/tag/2003/lc1209/issues.html#schema17http://www.w3.org/2001/tag/2003/lc1209/issues.html#schema18http://www.w3.org/2001/tag/2003/lc1209/issues.html#schema19http://www.w3.org/2001/tag/2003/lc1209/issues.html#schema20http://www.w3.org/2001/tag/2003/lc1209/issues.html#schema21For schema4, the Schema WG asked for a stronger statementalong the lines of \"Don't use content negotiation\", which Idid not add.For schema21 (editorial issues), I did not address these points:[3.5.1] We are surprised to not see a best practicerecommendation here.[4.5.3] (And elsewhere) If namespace prefixes are used, thereshould be a table indicating their bindings to URIs.[4.5.6] and [4.5.8] highlight a lot of problems, but make norecommendations about what to do about them.t) From Michael Sperberg-McQueenhttp://www.w3.org/2001/tag/2003/lc1209/issues.html#msm2http://www.w3.org/2001/tag/2003/lc1209/issues.html#msm3I did not remove the shadow from the illustration as Michaelrecommended.u) From Bijan Parsiahttp://www.w3.org/2001/tag/2003/lc1209/issues.html#parsia20v) From Graham Klynehttp://www.w3.org/2001/tag/2003/lc1209/issues.html#klyne1http://www.w3.org/2001/tag/2003/lc1209/issues.html#klyne11http://www.w3.org/2001/tag/2003/lc1209/issues.html#klyne12--Ian Jacobs (ij@w3.org)   http://www.w3.org/People/JacobsTel:                     +1 718 260-9447",
            "docno": "lists-023-15071187",
            "received": "Mon May 10 21:33:45 2004",
            "isoreceived": "20040511013345",
            "sent": "Mon, 10 May 2004 21:31:51 -0400",
            "isosent": "20040511013151",
            "name": "Ian B. Jacobs",
            "email": "j@w3.org",
            "subject": "10 May 2004 Editor's Draft of Architecture Document - reviewer responses requested",
            "id": "1084239111.1435.60.camel@seabright",
            "expires": "-1",
            "to": ".Hammond@elsevier.com,elharo@metalab.unc.edu,dmkarr@earthlink.net,bob.ducharme@lexisnexis.com,dbooth@w3.org,tjg@star.le.ac.uk,patrick.stickler@nokia.com,pfps@research.bell-labs.com,sandro@w3.org,dom@w3.org,djw@w3.org,jacek.kopecky@systinet.com,duerst@w3.org,stephane@w3.org,kendall@monkeyfist.com,klaskey@mitre.org,Alfred.S.Gilman@IEEE.org,lesch@w3.org,cmsmcq@w3.org,bparsia@isr.umd.edu,gk@ninebynine.org\n",
            "cc": "public-webarch-comments@w3.org,www-tag@w3.org\n"
        }
    ]
}