{
    "id": "candidate-1037",
    "name": "Ora Lassila",
    "gender": "MALE",
    "email": "ora.lassila@nokia.com",
    "mails": [
        {
            "body": "Folks,guha wrote:> My suggestion is to purge it from the M&S spec> and add an appendix showing how containers> can be implemented on top of the smaller healthier RDF.I think I would be in favor of an approach where we have an \"inner\" core andan \"outer\" core, but completely purging the spec seems *very* dangerous.> What does it buy us? Makes the spec simpler, easier> to understand, implement, ...Yes, but it also buys potential non-interoperability, when folks startreinventing their own ways of doing containers etc. I am not against anyoneinventing new schemes, just that there ought to be one that's \"preferred\" toensure some baseline interoperability. I do not believe that just havingtriples and nothing else constitutes interoperability.Regards,- Ora (wearing the pragmatist hat today)--Ora Lassila, mailto:ora.lassila@nokia.com, +1 (781) 993-4603Research Fellow, Nokia Research Center / Boston",
            "docno": "lists-047-10022875",
            "received": "Wed Jun 13 09:21:44 2001",
            "isoreceived": "20010613132144",
            "sent": "Wed, 13 Jun 2001 08:21:29 -0500",
            "isosent": "20010613132129",
            "name": "Ora.Lassila@nokia.com",
            "email": "Ora.Lassila@nokia.com",
            "subject": "RE: (tentative) container model proposal",
            "id": "B9CFA6CE8FFDD211A1FB0008C7894E460417FF3A@bseis01nok",
            "inreplyto": "(tentative) container model proposal",
            "expires": "-1",
            "to": "guha@alpiri.com\n",
            "cc": "w3c-rdfcore-wg@w3.org\n"
        },
        {
            "body": "Pat Hayes wrote:>1. The basic RDF model, if I am at last beginning to understand it,>is that triples represent information about things, and that this>information is inherently 'partial' in that it is always possible to>add more. Following this line of thinking, knowing that the 8th item>in a sequence is A, say, is partial knowledge of the sequence which>can stand on its own, and says what it says independently of any>context; and it seems quite reasonable that one could have partial>information about a sequence, ie knowing its 8th element is A is>independent of knowing its 7th element is B.>2. If containers of one kind or another are used to encode>information by applications, then the position of some data element>in a sequence might be used to encode information that should be>preserved.This makes sense to me, and removes a lot of the \"awkwardness\" of theoriginal container model (complete, consecutive numbering). I am with Pat onthis.>3. Similarly, it might be quite handy to be able to tell when one has>incomplete information about the contents of a container. For>example, a parser might want to know if all the parts of some>expression are present.For \"complete\" containers one could always take the daml:collectionapproach, I suppose. For \"incomplete\", unordered containers, some type ofsimple \"membership\" relation might also do... although now we are gettinginto vocabulary issues that might not even be part of the core.Regards,- Ora--Ora Lassila, mailto:ora.lassila@nokia.com, +1 (781) 993-4603Research Fellow, Nokia Research Center / Boston",
            "docno": "lists-047-9348127",
            "received": "Fri Jun  8 10:16:58 2001",
            "isoreceived": "20010608141658",
            "sent": "Fri, 8 Jun 2001 09:16:18 -0500 ",
            "isosent": "20010608141618",
            "name": "Ora.Lassila@nokia.com",
            "email": "Ora.Lassila@nokia.com",
            "subject": "RE: (tentative) container model proposal",
            "id": "B9CFA6CE8FFDD211A1FB0008C7894E460417FF21@bseis01nok",
            "inreplyto": "(tentative) container model proposal",
            "expires": "-1",
            "to": "danbri@w3.org,phayes@ai.uwf.edu\n",
            "cc": "w3c-rdfcore-wg@w3.org\n"
        },
        {
            "body": "RDFCore,On monday night there was a major power outage at MIT, and this hastaken down a number of W3C services, most importantly our mailing listsand mailing list archives.The main W3C Web site should still be accessible, since it is alsoserved from our French and Japanese mirror sites. If you have troublereaching http://www.w3.org/ this is probably DNS-related, switching tohttp://web3.w3.org/ should work. The lists.w3.org Web service is not,however, mirrored, and so remains inaccessible for now. The RDF IRCchannel at irc.openprojects.net 6667 (#rdfig #rdfcore) are unaffected bythe situation at MIT.It is taking some time to get electricity restored; I believe thecurrent expectation is that we'll have power later in the (US) day. Inthe meantime, mail is being queued up on W3C's other servers and will bedelivered to the lists when we're back.As a stopgap, I have extracted all the email addresses from the WGMembers page, adding the non-w3.org addresses for myself, DanC,Eric(*). We can use this as an ad-hoc To:/CC: list (copying thew3c-rdfcore-wg address for archival) while waiting for things to get fixed.Sorry for the inconvenience,Dan(*) Brian, does Art have an HP address? could you pass this on...",
            "docno": "lists-047-0190477",
            "received": "Thu Aug  9 09:07:00 2001",
            "isoreceived": "20010809130700",
            "sent": "Wed, 8 Aug 2001 16:26:00 +0100 (BST)",
            "isosent": "20010808152600",
            "name": "Dan Brickley",
            "email": "Daniel.Brickley@bristol.ac.uk",
            "subject": "W3C-MIT server outage: mailing lists are down",
            "id": "Pine.GSO.4.21.0108081602390.1234-100000@mail.ilrt.bris.ac.uk",
            "charset": "US-ASCII",
            "expires": "-1",
            "to": " Brian McBride<brian_mcbride@hp.com>,em@w3.org,barstow@w3.org,dave.beckett@bristol.ac.uk,frank@hwg.org,connolly@w3.org,rdaniel@interwoven.com,bdehora@interx.com,jos.deroo.jd@belgium.agfa.com,rael@oreilly.com,jan.grant@bristol.ac.uk,martyn.horner@profium.com,ykitahara@infoteria.co.jp,Graham.Klyne@MIMEsweeper.com,mkopchenov@brience.com,kwonhj@nca.or.kr,ora.lassila@nokia.com,fmanola@mitre.org,snakamura@infoteria.co.jp,spetschu@ca.ibm.com,pgr@jaxo.com, Aaron Swartz<aswartz@upclink.com>,mdean@bbn.com,w3@guha.com,phayes@ai.uwf.edu,melnik@db.stanford.edu\n",
            "cc": "emiller@columbus.rr.com,connolly.1990@alumni.utexas.net,w3c-rdfcore-wg@w3.org,danbri-w3c@rdfweb.org\n"
        },
        {
            "body": "Another query language possibly worth adding to the comparison is that of the Wilbur Semantic Web Toolkit (dubbed \"WQL\"). I have written an analysis of WQL's capabilities vis-a-vis the recently published comparison and its 14 \"tests\". The draft is available here:http://wilbur-rdf.sourceforge.net/2004/05/11-comparison.shtmlIn summary, I consider two separate languages: \"Plain\" WQL, using only the Wilbur query API, and WQL+CL, where \"Plain\" WQL query results are manipulated using simple Common Lisp scripting. WQL was designed to be integrated to Common Lisp as an access mechanism. This, and the fact that Common Lisp, through the function EVAL, allows the dynamic runtime execution of arbitrary expressions, justifies the consideration of WQL+CL as a \"query language\".\"Plain\" WQL is capable of satisfying a subset of the tests, but WQL+CL can successfully evaluate *all* tests (albeit some queries are a bit cumbersome :-). Details are included in the above paper.Questions and comments are welcome.Regards,- Ora--Ora Lassila  mailto:ora.lassila@nokia.com  http://www.lassila.orgResearch Fellow, Nokia Research Center-----Original Message-----From: www-webont-wg-request@w3.org[mailto:www-webont-wg-request@w3.org]On Behalf Of ext massimo@w3.orgSent: Friday, April 30, 2004 6:41 AMontoweb-language-sig@cs.man.ac.uk; public-rdf-dawg@w3.org;semanticweb@yahoogroups.com; seweb-list@www1-c703.uibk.ac.at;www-webont-wg@w3.org; www-rdf-interest@w3.org; www-rdf-logic@w3.org;www-rdf-rules@w3.org; Raphael Volz; pha@aifb.uni-karlsruhe.de;jbroeks@cs.vu.nlSubject: Re: A Comparison of RDF Query Languages<quote>Related to the recent work of the RDF Data Access Working Group [1], wehave compared six proposals for RDF query languages.<snip/>[2] http://www.aifb.uni-karlsruhe.de/WBS/pha/rdf-query/</quote>Andreas,interesting work; to this regard, you might also want not to skip W3C'sMetalog (cf. http://www.w3.org/RDF/Metalog ).On the criteria in [2], obviously one might add many differentothers as well. Given DAWG's scope, DB-like ops like joins etc mightprofitably be included in the list. It would be also nice to expressthose use cases in terms of abstract properties, rather than singleuse cases: this will help better shaping the requirements document,keeping a high level of abstraction and generality.Bests,-M",
            "docno": "lists-020-12472727",
            "received": "Tue May 11 22:45:55 2004",
            "isoreceived": "20040512024555",
            "sent": "Tue, 11 May 2004 22:39:56 -0400",
            "isosent": "20040512023956",
            "name": "Ora.Lassila@nokia.com",
            "email": "Ora.Lassila@nokia.com",
            "subject": "Wilbur Query Language [was: RE: A Comparison of RDF Query Languages]",
            "id": "A6D9D7495456414BA08DB655C2AC6712015821C9@bsebe001.americas.nokia.com",
            "charset": "iso-8859-1",
            "expires": "-1",
            "to": " Andreas Eberhart\n",
            "cc": " daml-all@daml.org; ontoweb-list@www1-c703.uibk.ac.at;\n"
        },
        {
            "body": "+cc:em,hugoStefan,If this is in any way part of the WebOnt WG work, please don't use aYahooGroups list. If it isn't, please don't call it 'the WebOntrequirements working group for XXX'. The WG mailing list, www-ws and/orwww-archive should be used; if there's need for a separate forum, let'stalk about that. Using www-ws seems like an excellent idea, particularlygiven the importance of connecting Semantic Web and Web Serviceperspectives (and communities).It's important that we keep all these discussions visible...Dan(www-archive lurker ;-)On Thu, 6 Dec 2001, Stefan Decker wrote:> Dear all,>> thanks for agreeing to participate in in the WebOnt requirements working group> for Web Services.>> Regarding the yahoo mailing list:>>   - the purpose of the WOLWebServices mailing list is to simplify>     our internal communication>     Public discussion should not go the the WOLWebServices mailing list.>     The mailing list is not endorsed by W3C and should not be seen as a> part of the>     WebOnt working group as such, since it just covers our private> communication.>>   - I need your explicit permission to add you to the> WOLWebServices  mailing list. The>     mailing list is covered by the Yahoo Privacy statement>     http://privacy.yahoo.com/privacy/us/fininfo/index.html, so I need also> your agreement>     to that. The mailing list and the archives are not visible for>     non-mailing-list members, and only mailing-list members can post.>      Please cc www-archive@w3.org in your response.>>   - Eric Miller has suggest to use the W3C Web-Services Mailing list as the> public>     forum for discussion ( www-ws@w3.org )>     The archives of the web-services mailing list can be found at>     http://lists.w3.org/Archives/Public/www-ws/>     I suggest that we also subscribe to this mailing list>     (send mail to www-ws-request@w3.org with Subject: subscribe )>> All the best,>>          Stefan>>>>>>",
            "docno": "lists-097-9465593",
            "received": "Fri Dec  7 06:19:53 2001",
            "isoreceived": "20011207111953",
            "sent": "Fri, 7 Dec 2001 06:19:44 -0500 (EST)",
            "isosent": "20011207111944",
            "name": "Dan Brickley",
            "email": "danbri@w3.org",
            "subject": "Re: Mailing List",
            "id": "Pine.LNX.4.30.0112070615020.25392-100000@tux.w3.org",
            "charset": "US-ASCII",
            "inreplyto": "5.1.0.14.2.20011206110730.08c03f10&#64;db.stanford.edu",
            "expires": "-1",
            "to": " Stefan Decker<stefan@db.stanford.edu>\n",
            "cc": "<ora.lassila@nokia.com>,<finin@cs.umbc.edu>,<mdean@bbn.com>,<lynne.thompson@unisys.com>,<www-archive@w3.org>,<hendler@cs.umd.edu>,<em@w3.org>,<hugo@w3.org>, Dan Connolly<connolly@w3.org>\n"
        },
        {
            "body": "Hi Ora,I've checked my mail archive and the list archive and I can't find your'regrets'.  If there was some glitch in the mail system, forward yourcopy and we'll correct the minutes.BrianOra.Lassila@nokia.com wrote:>> Hmm... I thought I had sent regrets; anyway, I am pretty sure I wasn't there> :-)>>         - Ora>> --> Ora Lassila, mailto:ora.lassila@nokia.com, +1 (781) 993-4603> Research Fellow, Nokia Research Center / Boston>> > ----------> > From:         ext Jan Grant> > Sent:         Friday, June 8, 2001 12:26> > To:   RDFCore Working Group> > Subject:      RDFcore Minutes: 2001-06-08 Teleconference (for review)> >> > RDFCore WG 2001-06-07 Teleconference minutes> >> > Transcript:> >       http://ilrt.org/discovery/chatlogs/rdfcore/2001-06-08> >> > Agenda:> >       http://lists.w3.org/Archives/Public/w3c-rdfcore-wg/2001Jun/0086.html> >> > Roll call:> >> >   Participants:> >   - Art Barstow> >   - Dave Beckett (.5 scribe)> >   - Dan Brickley (chair)> >   - Brian McBride (chair)> >   - Jos De Roo> >   - Bill dehOra> >   - Mike Dean> >   - Jan Grant (.5 scribe)> >   - R.V. Guha> >   - Pat Hayes> >   - Ora Lassila> >   - Frank Manola> >   - Eric Miller> >   - Stephen Petschulat> >   - Aaron Swartz> >> >   Regrets: Martyn Horner, Graham Klyne> >> > Review Agenda:> >> >   - Jos De Roo: would like some discussion on the containers,> >     reification issues for AOB if time.> >> > Minutes of the last meeting:> >> >       http://lists.w3.org/Archives/Public/w3c-rdfcore-wg/2001Jun/0008.html> > with correction> >       http://lists.w3.org/Archives/Public/w3c-rdfcore-wg/2001Jun/0050.html> >> > Confirm following actions completed:> >> > D1: Dan Brickley  send analysis (#rdf-container-syntax-ambiguity and> >                   #rdf-containers-syntax-vs-schema)to rdfcore-wg list> >   DONE.> >> > D2: Brian McBride edit the errata per the resolutions above; i.e. those> >     regarding #rdf-ns-prefix-confusion.  [ArtB to work with Brian to get> >     Brian write access to the errata and to determine a strategy for> >     maintaining the appropriate documents.]> >   DONE.> >> > ACTION: JUN-01-01-#3: Jos: review the test cases for> > rdfms-empty-property-element> >   DONE.> >> > ACTION: JUN-01-01-#4: DaveB: review the test cases for> > rdfms-empty-property-element> >   DONE.> >> > ACTION: JUN-01-01-#7: Jan: summarize what XML-Base might do for RDF.> >   DONE.> >> > ACTION: JUN-01-01-#8: DanC: send a note to the WG that points> >    out the bug in the spec regarding aboutEach> >   DONE.> >> >> > Review status of following actions:> >> >  A1: Dan Brickley: Solicit RDF feature usage info from Guha and report> >      back to the group.> >   DONE.> >> >  A4: Guha: re #rdfms-reification-required: Present analaysis to list> >      for discussion.> >   CONTINUES.> >> > ACTION: JUN-01-01-#1: Martyn: create test cases rdfms-resource-semantics> >   CONTINUES.> >> > ACTION: JUN-01-01-#2: FrankM: create tests case for reification.> >   CONTINUES. (Frank reports these as under development)> >> > ACTION: JUN-01-01-#5: Eric: investigate a test case repository for the> >    WG.  The repository must facilitat WG members adding and modifying> >    test cases.> >   CONTINUES. (Eric reports team access to repository in place)> >> > ACTION: JUN-01-01-#9: Ora: send a note to the WG that describes> >    how aboutEach is being used and how it was implemented> >   CONTINUES.> >> >> > Issues discussion:> >> >> > Issue #1> >> > http://www.w3.org/2000/03/rdf-tracking/#rdfms-empty-property-elements> >> >   Owner: Jan Grant> >> > Consensus that the test cases are OK.> > RESOLUTION: the consolidated test cases represent RDFCore's decision on> >   this; the issue can be closed once those test cases are all in one> >   place.> > AP: 2001-06-08#1: Jan: Consolidate, renumber and repost test cases.> >> >> > Issue #2> >> > http://www.w3.org/2000/03/rdf-tracking/#rdf-containers-syntax-ambiguity> > http://www.w3.org/2000/03/rdf-tracking/#rdf-containers-syntax-vs-schema> >> >   Owner: Dan Brickley> >> > Some discussion about the behaviour of various RDF implementations with> > regard to (re-)numbering container members. The consensus seemed to be> > that RDFMS did not preclude an RDF implementation from handling partial> > descriptions of containers.> > Aaron: pointed out this didn't resolve the open syntax issues.> >> > AP: 2001-06-08#2: Dan Brickley: write this up in more detail for the> >         list> > AP: 2001-06-08#3: Brian McBride: pick up on the syntax issues now the> >         model details have been clarified.> >> >> > Issue #3> >> > http://www.w3.org/2000/03/rdf-tracking/#rdfms-difference-between-ID-and-ab> > out> >> >   Owner: Aaron Swartz> >> > Aaron: summarised earlier email discussing this> >       http://lists.w3.org/Archives/Public/w3c-rdfcore-wg/2001Jun/0019.html> > Aaron: Leaning towards proposal #2> > Dave Beckett: third proposal: much code seems to treat rdf:ID and> >        rdf:about as effectively synonyms. The triples generated would> >        be the same.> >> > AP: 2001-06-08#4: Brian McBride to write up this third proposed> >        interpretation> >   CONTINUES.> >> >> > Issue #4> >> > http://www.w3.org/2000/03/rdf-tracking/#rdfms-xml-base> >> >   Owner: Jan Grant> >> > Discussion revolved around whether admitting this to RDFMS was in scope;> > their were concerns about versioning requirements since new documents> > using xml:base would produce different output on older parsers.> > Pat: making RDF malleable in the face of future changes to XML:Base is> >       not a good thing.> >> > AP: 2001-06-08#5: Eric: to talk to the XLM Processing Workshop about RDF> >       requirements from XML:Base> >> >   CONTINUES. (Take to email)> >> >> > Review of updated issues list document:> >> > http://www.w3.org/2000/03/rdf-tracking/> >> > AP: 2001-06-08#6: ALL: comments to list> >> >> > Date of next meeting:> >> >   One week, 2001-06-15.> >> > (The phone number to be advised, but it should remain constant until> > September)> >> > --> > jan grant, ILRT, University of Bristol. http://www.ilrt.bris.ac.uk/> > Tel +44(0)117 9287163 Fax +44 (0)117 9287112 RFC822 jan.grant@bris.ac.uk> > Unfortunately, I have a very good idea how fast my keys are moving.> >> >",
            "docno": "lists-047-9387590",
            "received": "Fri Jun  8 14:10:27 2001",
            "isoreceived": "20010608181027",
            "sent": "Fri, 08 Jun 2001 19:08:24 +0100",
            "isosent": "20010608180824",
            "name": "Brian McBride",
            "email": "bwm@hplb.hpl.hp.com",
            "subject": "Re: RDFcore Minutes: 2001-06-08 Teleconference (for review)",
            "id": "3B211497.CEB90937@hplb.hpl.hp.com",
            "charset": "us-ascii",
            "inreplyto": "B9CFA6CE8FFDD211A1FB0008C7894E460417FF26&#64;bseis01nok",
            "expires": "-1",
            "to": "ra.Lassila@nokia.com\n",
            "cc": "w3c-rdfcore-wg@w3.org\n"
        },
        {
            "body": "[kind of selfreply...]> ??? could it be that [ :p :o] (as one token)> is an existental but that we *could* assert> forall _:s such that _:s :p :o. ???> (we actually do use the former and then> query with some kind of univeral/template> (which can contain the 'normal' existentials))we actually see that{{:s [ rdfs:subpropertyOf :p] :o} log:implies {:s :p :o}}a log:Truth; log:forAll :s, :p, :o.gives the same \"cwm -think\" result as{{:z rdfs:subPropertyOf :p. :s :z :o} log:implies {:s :p :o}}a log:Truth; log:forAll :s, :p, :o, :z.but *not* the same result as{{:z rdfs:subPropertyOf :p. :s :z :o} log:implies {:s :p :o}}a log:Truth; log:forAll :s, :p, :o; log:forSome :z.it could/should be similar for the case of rdfcore 'facts'(the things behind log:implies)--Jos De Roo, AGFA http://www.agfa.com/w3c/jdroo/",
            "docno": "lists-047-0207818",
            "received": "Thu Aug  9 09:07:02 2001",
            "isoreceived": "20010809130702",
            "sent": "Wed, 8 Aug 2001 17:57:28 +0100",
            "isosent": "20010808165728",
            "name": "jos.deroo.jd@belgium.agfa.com",
            "email": "jos.deroo.jd@belgium.agfa.com",
            "subject": "Re: A use case for anon nodes - action from telecon [Was: W3C-MIT server  outage: mailing lists are down]",
            "id": "OF673DD934.4CC4E628-ON41256AA2.005D0183@bayer-ag.com",
            "charset": "us-ascii",
            "inreplyto": "A use case for anon nodes - action from telecon [Was: W3C-MIT server  outage: mailing lists are down]",
            "expires": "-1",
            "to": "Daniel.Brickley@bristol.ac.uk\n",
            "cc": "brian_mcbride@hp.com,em@w3.org,barstow@w3.org,dave.beckett@bristol.ac.uk,frank@hwg.org,connolly@w3.org,rdaniel@interwoven.com,bdehora@interx.com,jos.deroo.jd@belgium.agfa.com,rael@oreilly.com,jan.grant@bristol.ac.uk,martyn.horner@profium.com,ykitahara@infoteria.co.jp,Graham.Klyne@MIMEsweeper.com,mkopchenov@brience.com,kwonhj@nca.or.kr,ora.lassila@nokia.com,fmanola@mitre.org,snakamura@infoteria.co.jp,spetschu@ca.ibm.com,pgr@jaxo.com,aswartz@upclink.com,mdean@bbn.com,w3@guha.com,phayes@ai.uwf.edu,melnik@db.stanford.edu,emiller@columbus.rr.com,connolly.1990@alumni.utexas.net,w3c-rdfcore-wg@w3.org,danbri-w3c@rdfweb.org\n"
        },
        {
            "body": "Hi,I am the co-editor of the original RDF M+S spec and a member of both earlierRDF WGs. I was a visiting fellow at W3C (at MIT) in 1996-1997, now Nokia'srepresentative to the W3C AC and a member of the W3C AB.At Nokia, I am a Research Fellow at the Nokia Research Center (NRC) as wellas the Chief Scientist for Nokia Venture Partners (a $650M venture capitalfund). I founded NRC's Agent Technology group in 1998 and ran it until theend of 2000. I have now returned to actually doing research (as opposed tomanaging people who do research).I also represent Nokia in the DARPA Agent Markup Language program (DAML),including the Joint US/EU Committee on Agent Markup Languages (aka \"JointCommittee\") and the DAML-Process subgroup (working on modeling web servicesemantics using DAML).In my previous life I was a Project Manager at CMU Robotics Institute(working on large-scale logistics scheduling and frame-based representation)and a Research Scientist at Helsinki University of Technology (working onproduction scheduling and frame-based representation systems).My home page is at http://www.lassila.org/Looking forward to fixing some bugs in the RDF spec(s). Generally I amfairly happy with RDF as it is and do not advocate any major surgery (thepatient is not dead and is not even bleeding very badly :-).Kind regards,- Ora--Ora Lassila, mailto:ora.lassila@nokia.com, +1 (781) 993-4603Research Fellow, Nokia Research Center / Boston",
            "docno": "lists-046-16222946",
            "received": "Wed Apr 18 09:42:10 2001",
            "isoreceived": "20010418134210",
            "sent": "Wed, 18 Apr 2001 08:41:42 -0500",
            "isosent": "20010418134142",
            "name": "Ora.Lassila@nokia.com",
            "email": "Ora.Lassila@nokia.com",
            "subject": "Introduction: Ora Lassila",
            "id": "B9CFA6CE8FFDD211A1FB0008C7894E46012CF19B@bseis01nok",
            "expires": "-1",
            "to": "w3c-rdfcore-wg@w3.org\n"
        },
        {
            "body": "Hi Ora,Thanks for letting us know.  Please could you circulate to the list yourproposals for #rdfms-editorial.BrianOra.Lassila@nokia.com wrote:>> I am traveling and cannot make the teleconference this time.>> Regards,>>         - Ora>> --> Ora Lassila, mailto:ora.lassila@nokia.com, +1 (781) 993-4603> Research Fellow, Nokia Research Center / Boston",
            "docno": "lists-047-15370871",
            "received": "Fri May 18 05:03:37 2001",
            "isoreceived": "20010518090337",
            "sent": "Fri, 18 May 2001 10:03:08 +0100",
            "isosent": "20010518090308",
            "name": "Brian McBride",
            "email": "bwm@hplb.hpl.hp.com",
            "subject": "Re: Regrests",
            "id": "3B04E54C.25C6FF6E@hplb.hpl.hp.com",
            "charset": "us-ascii",
            "inreplyto": "B9CFA6CE8FFDD211A1FB0008C7894E460417FE99&#64;bseis01nok",
            "expires": "-1",
            "to": "ra.Lassila@nokia.com\n",
            "cc": "w3c-rdfcore-wg@w3.org\n"
        },
        {
            "body": "Regarding the xml:lang, I don't think it is a bug. I always thought that itwould be a characteristic of the string (the literal value), and since M+Sdid not really address primitive data types, it wouldn't have to beconcerned of xml:lang either.How do we propose adding it? As a qualification of the actual propertyvalue?Regards,- Ora--Ora Lassila, <ora.lassila@nokia.com>Research ManagerAgent Technology, Nokia Research Center / Boston+1 (781) 993-4603 (please note new email & phone number!)> ----------> From:         EXT Tim Berners-Lee> Sent:         Thursday, April 6, 2000 20:20> To:   sw99@w3.org> Subject:      Issues list - delayed message> (I found this in a window I had not gotten around to pressing send on)>> Danbri,> Kudos for getting going on this.> It is good to give credit where credit is due for issued, and not always> jut> to point to the director as well!> - XML lang not being in the model  was brought up by Sergey> http://lists.w3.org/Archives/Public/www-rdf-interest/2000Jan/0053.html> Thoiugh that suggests adding itto the model rather than removing it from> th> esyntax.> Folks,xml:lang is not represented in the RDF model according to RDF M&S> 1.0,> which is IMO a bug in the specs.> - The issue of Alt, Bag and Seq being searated out from the basic model is> brought up in> http://lists.w3.org/Archives/Public/www-rdf-interest/2000Feb/0115.html for> example.> - Issue: need for \"poorest man\" serializeion> http://lists.w3.org/Archives/Public/www-rdf-interest/2000Feb/0115.html> As a next step I'd like to have a \"poorest man\" RDF/XML> serialization:<rdf>>   <triple subject=\"[URI]\" predicate=\"[URI]\" object=\"[URI]\"/>>   <triple subject=\"[URI]\" predicate=\"[URI]\">[PDCATA]</triple>  ...</rdf>> These may not be the first occurrences.  But I think all the issued I> pulled> out I pulled out of previous messages.  pointers to the first raising we> can> find would be a godo idea.> As regards state, I think we can do a broader categorization.> - Bug fix, propose for 1.1  (ml lang, some reference issues?)> - Simplification (like removing PICS bits, aabouteachprefix, lang, etc).> Doesn't affect other features => wait to see if IG wanst tto start an> action> to do them> - Syntax change which can be done back-compatibly with existing syntax =>> suggest trials with software.> Or something like that. Then we concldue, there are only 2 bugs and there> is> a consensus for a version 1.5, but we need to work on x and y at teh IG> level. O",
            "docno": "lists-033-13446420",
            "received": "Thu Apr  6 20:25:23 2000",
            "isoreceived": "20000407002523",
            "sent": "Thu, 6 Apr 2000 19:22:54 -0500 ",
            "isosent": "20000407002254",
            "name": "Ora.Lassila@nokia.com",
            "email": "Ora.Lassila@nokia.com",
            "subject": "RE: Issues list - delayed message",
            "id": "B9CFA6CE8FFDD211A1FB0008C7894E46012CEA7F@bseis01nok",
            "charset": "windows-1252",
            "inreplyto": "Issues list - delayed message",
            "to": " timbl@w3.org\n",
            "cc": " sw99@w3.org\n"
        },
        {
            "body": "On Tue, 10 Sep 2002, Jim Hendler wrote:> Stevan- don't have time for a long response, and rarely respond to> such things - but since we've known each other a long time - let me> give you a quick response -- I personally believe that the single> most interesting thing about the web is that symbol grounding (in web> space) is doable, and that it is what the semantic web is based on in> almost every respect (although I think many in the SW community don't> realize it yet).  You might want to take some time to wander through> Tim Berners-Lee's writings about web design [1] - and particularly> his ideas about why URIs are so important and how they can be used to> anchor meaning (start with [2] and follow links).   I think you'll> see stuff relating to a lot of your interests -- the mapping to your> definitions of symbol grounding are not immediate and 1-1, but I> think you'll see a lot of interesting work there.>> I wish I had more time to discuss this with you in detail, but I'm> busy trying to build the SW and not worrying as much about the> philosophy and meaning as some people would like.  Pat Hayes is very> involved, he'd be a great foil for discussion of this stuff...>> [1] http://www.w3.org/DesignIssues/> [2] http://www.w3.org/DesignIssues/Meaning.htmlHi Jim,Nice to hear from you again!First, as I admire your and Tim's work, I want to make it clear that thisis merely a \"semantic\" disagreement (about the semantics of \"semantic\"),and not (necessarily) a philosophical disagreement -- and certainly not apractical disagreement about the nature or value of the work.I think the URL you sent me says it all: \"Grounding the meaning of adocument in URI space\" (or, as you put it, \"symbol grounding (in webspace)\": That's grounding symbols in symbols, not symbols in theirmeanings!So all I'm saying is that \"The Syntactic Web\" would have been literallythe right descriptor -- and still further testimony to how muchsemantically interpretable mileage can be gotten out of pure syntaxalone! No shame in that!Cheers, StevanPS The \"Semantically Intrepretable Web\" would be another straightforwardway of putting it, without needlessly turning the meaning of \"grounding\"(or of \"meaning\") on its head...> At 6:05 PM +0100 9/10/02, Stevan Harnad wrote:> >Date: Tue, 10 Sep 2002 18:05:36 +0100 (BST)> >From: Stevan Harnad <harnad@ecs.soton.ac.uk>> >To: Michael Luck <mml@ecs.soton.ac.uk>> >cc: Nick Jennings <nrj@ecs.soton.ac.uk>,> >    Tim Berners-Lee WWW EJ <timbl@info.cern.ch>,> >    James Hendler <hendler@cs.umd.edu>, ora.lassila@nokia.com> >Subject: The Syntactic Web> >X-ECS-MailScanner: Found to be clean> >> >Hi Michael!> >> >Your paper:> >> >>  Title:   Where are the Semantics on the Semantic Web?> >> >looks very interesting (and I wish I could be there!).> >> >I have some questions (based on the abstract -- if you have links to> >full text, please send them to me!):> >> >>  In this paper, we address the question: How can we create a network of> >>  semantically integrated communities on the World Wide Web? We first> >>  clarify some confusion about what \"semantics\" means and introduce a> >>  semantic continuum ranging from the kind of semantics that exist on> >>  the Web today to a rich semantic infrastructure on the Semantic Web of> >>  the future. We clarify what is meant by \"semantic integration\"> >>  introducing and defining a \"gold standard\" whereby two agents that> >>  have never met before can successfully exchange information.> >> >As far as I can tell, this is about coordinating the symbol use of many> >(at least two) symbol-systems (software agents). Coordinated symbol use> >is certainly potentially very useful -- but it seems to me it is not> >semantics!> >> >Semantics involves 2 more components (actually 3, but the 3rd, conscious> >meaning, we'd better ignore!):> >> >(1) The real objects (referents) to which symbols refer> >> >(2) The means by which the symbols are connected to their referents> >> >>  We acknowledge that this gold standard will only be reachable in limited> >>  circumstances, and that a variety of approaches will be needed to> >>  achieve successful agent interaction in practical situations on the> >>  semantic Web. Towards this end, we introduce several architectures for> >>  achieving semantic integration. Each are defined and compared on the> >>  basis of how the following questions are answered. Who and when are> >>  semantic mappings created between agent ontologies?> >> >As is (to some no doubt yawnfully) well-known in ECS, I've always had> >problems understanding the notion of \"ontologies\": They seem to be used> >in computation with a meaning almost diametrically the opposite of their> >dictionary (or philosophical, for this is a term from philosophy) meaning:> >> >The dictionary meaning of ontology is: What there is, what exists, what> >\"reality\" actually contains. Examples of things there are would> >be people, chairs, storms, September 11 etc. (i.e., concrete objects,> >states, events) plus greeness, roundness, differentiable functions, prime> >numbers (i.e., parts and features of concrete objects, as well as abstract> >properties). Examples of things there AREN'T would be unicorns (I don't> >mean pictures of unicorns, I mean the creatures themselves), tachyons> >(particles that move faster than light: ruled out by current-best physics> >theory, when last heard from) and squared-circles (provably impossible).> >> >But the thing to notice is that \"ontology\" means those very> >objects, states, etc. (that exist). (It can also mean a theory of> >which things exist, Occam's razor, etc., but let's forget about that> >meta-theoretic notion of ontology here.)> >> >In terms of the above, an ontology would contain (1), above, the actual> >objects to which symbols (words) refer.> >> >And the symbol-grounding problem (the one I work on, on and off)> >http://cogprints.ecs.soton.ac.uk/archive/00000615/index.html> >is the problem of how to connect symbols to the real objects to which they> >refer. For otherwise, mere symbol/symbol connections are \"ungrounded\"> >-- their mean is not intrinsic to the symbol system, but needs to be> >\"projected\" on them by the mind of an external interpreter.> >> >Now, for coordinating the exchanges of software agents it may not be> >necessary to worry about the symbol-grounding problem at all. A great> >deal of mileage might be derivable from symbol/symbol interactions> >alone, without worrying about their meanings. Here \"ontology\" would> >simply be a set of symbols that REFERS TO objects; not the objects> >themselves.> >> >But then my only question is: Why would anyone want to call that> >semantics, rather than the SYNTAX that it really is? Syntax is the> >(algorithmic) manipulation of symbols purely on the basis of their> >SHAPES (which are arbitrary in relation to their meanings, they are> >merely a notational convention), not on the basis of their MEANINGS.> >> >\"Semantics\" is defined precisely in contrast to syntax: Syntax is> >symbol-shape-manipulation, independent of meaning (apart from what an> >external interpreter might project onto the symbols and manipulations).> >Semantics is defined as what it is that the symbols actually mean (i.e.,> >(1) and (2) above).> >> >>  Is the> >>  architecture point to point between each agents, or mediated through> >>  another ontology? What is the nature of agreements among the agents?> >>  We conclude by making some predictions and reccomendations on how the> >>  semantic Web will evolve in the coming years.> >> >I have no doubt that your algorithms will help coordinate the> >interactions of software agents (i.e., of dynamic symbol systems, plus> >data, i.e., static symbol systems). But I wonder why everyone does not> >call the \"Semantic Web\" what it really is: the SYNTACTIC WEB! If the> >syntactic manipulation of ungrounded symbols is sufficient to accomplish> >all the things it accomplishes (in terms of coherent, semantically> >interpretable -- by us -- symbols and symbolic agent-interactions),> >then why not give the credit where the credit is due: to the syntax,> >not the \"semantics\"?> >> >Best wishes,> >> >Stevan>> --> Professor James Hendler  hendler@cs.umd.edu> Director, Semantic Web and Agent Technologies  301-405-2696> Maryland Information and Network Dynamics Lab.  301-405-6707 (Fax)> Univ of Maryland, College Park, MD 20742  240-731-3822 (Cell)> http://www.cs.umd.edu/users/hendler>",
            "docno": "lists-098-14966000",
            "received": "Wed Sep 11 11:44:24 2002",
            "isoreceived": "20020911154424",
            "sent": "Tue, 10 Sep 2002 17:47:50 -0400 (EDT)",
            "isosent": "20020910214750",
            "name": "Stevan Harnad",
            "email": "harnad@ecs.soton.ac.uk",
            "subject": "Re: The Syntactic Web",
            "id": "Pine.GSO.4.10.10209102211490.28605-100000@pandora",
            "charset": "US-ASCII",
            "inreplyto": "0511170bb9a40395a15d&#64;[129.2.176.36]",
            "expires": "-1",
            "to": " Jim Hendler<hendler@cs.umd.edu>\n",
            "cc": " Michael Luck<mml@ecs.soton.ac.uk>, Nick Jennings<nrj@ecs.soton.ac.uk>,ora.lassila@nokia.com,www-archive@w3.org, Tim Berners-Lee<timbl@w3.org>\n"
        },
        {
            "body": "As observed with other working groups that I have been involved, they have apublic mailing list where the WG's discussion takes place. Administrativeand member-confidential topics are discussed using another mailing listaddress. Both are within the w3c.org domain.  For example, the XML Protocolworking group has the xml-dist-app@w3.org mailing list (Archived)for theirpublic WG discussion, and another for WG members only. Hence, there was noneed to set-up a yahoo mailing list.-----Original Message-----From: Stefan Decker [mailto:stefan@db.stanford.edu]Sent: Thursday, December 06, 2001 11:33 AMLynne RSubject: Mailing ListDear all,thanks for agreeing to participate in in the WebOnt requirements workinggroupfor Web Services.Regarding the yahoo mailing list:- the purpose of the WOLWebServices mailing list is to simplifyour internal communicationPublic discussion should not go the the WOLWebServices mailing list.The mailing list is not endorsed by W3C and should not be seen as apart of theWebOnt working group as such, since it just covers our privatecommunication.- I need your explicit permission to add you to theWOLWebServices  mailing list. Themailing list is covered by the Yahoo Privacy statementhttp://privacy.yahoo.com/privacy/us/fininfo/index.html, so I need alsoyour agreementto that. The mailing list and the archives are not visible fornon-mailing-list members, and only mailing-list members can post.Please cc www-archive@w3.org in your response.- Eric Miller has suggest to use the W3C Web-Services Mailing list as thepublicforum for discussion ( www-ws@w3.org )The archives of the web-services mailing list can be found athttp://lists.w3.org/Archives/Public/www-ws/I suggest that we also subscribe to this mailing list(send mail to www-ws-request@w3.org with Subject: subscribe )All the best,Stefan",
            "docno": "lists-097-9349168",
            "received": "Thu Dec  6 14:47:54 2001",
            "isoreceived": "20011206194754",
            "sent": "Thu, 6 Dec 2001 13:46:53 -0600 ",
            "isosent": "20011206194653",
            "name": "Thompson, Lynne R",
            "email": "Lynne.Thompson@unisys.com",
            "subject": "RE: Mailing List",
            "id": "F87D090845D31F44B2D8DB6BFD3EDFEA1FAF57@USMV-EXCH3.na.uis.unisys.com",
            "charset": "iso-8859-1",
            "inreplyto": "Mailing List",
            "expires": "-1",
            "to": " ora.lassila@nokia.com; finin@cs.umbc.edu; mdean@bbn.com; Thompson,\n",
            "cc": " www-archive@w3.org; hendler@cs.umd.edu; Dan Connolly\n"
        },
        {
            "body": "Dear all,thanks for agreeing to participate in in the WebOnt requirements working groupfor Web Services.Regarding the yahoo mailing list:- the purpose of the WOLWebServices mailing list is to simplifyour internal communicationPublic discussion should not go the the WOLWebServices mailing list.The mailing list is not endorsed by W3C and should not be seen as apart of theWebOnt working group as such, since it just covers our privatecommunication.- I need your explicit permission to add you to theWOLWebServices  mailing list. Themailing list is covered by the Yahoo Privacy statementhttp://privacy.yahoo.com/privacy/us/fininfo/index.html, so I need alsoyour agreementto that. The mailing list and the archives are not visible fornon-mailing-list members, and only mailing-list members can post.Please cc www-archive@w3.org in your response.- Eric Miller has suggest to use the W3C Web-Services Mailing list as thepublicforum for discussion ( www-ws@w3.org )The archives of the web-services mailing list can be found athttp://lists.w3.org/Archives/Public/www-ws/I suggest that we also subscribe to this mailing list(send mail to www-ws-request@w3.org with Subject: subscribe )All the best,Stefan",
            "docno": "lists-097-9338649",
            "received": "Thu Dec  6 14:33:07 2001",
            "isoreceived": "20011206193307",
            "sent": "Thu, 06 Dec 2001 11:33:25 -0800",
            "isosent": "20011206193325",
            "name": "Stefan Decker",
            "email": "stefan@db.stanford.edu",
            "subject": "Mailing List",
            "id": "5.1.0.14.2.20011206110730.08c03f10@db.stanford.edu",
            "charset": "us-ascii",
            "expires": "-1",
            "to": "ra.lassila@nokia.com,finin@cs.umbc.edu,mdean@bbn.com,lynne.thompson@unisys.com\n",
            "cc": "www-archive@w3.org,hendler@cs.umd.edu, Dan Connolly<connolly@w3.org>\n"
        },
        {
            "body": "[snip]Hi folks,I stumbled across this thread on www-archive (an archival rather thandiscussion list :) but since I've longstanding interest in both RDF andthe 'symbol grounding' debate, I can't resist jumping in.Steven, I share your concern that some folk are using the word 'meaning'in an over-generous sense, and that much of what we've done with RDF andOWL has been in the world of abstract syntactic structures. The piece ofthe puzzle that connects those to society and human practice is far fromclear, at this stage. URIs are important, but don't provide the entirestory.We claim that RDF has propositional content, but don't (yet? ever?)enumerate the factors relevant to fixing (and discovering) that content.Given an infinitely well funded scientist and an RDF document, how woulds/he set about working out what the content of the document was, andwhether it was true? (for related grumblings re role of model theories,seehttp://lists.w3.org/Archives/Public/www-rdf-interest/2002Aug/0175.html).The closest we get to this topic in the RDF specs is a paragraph in ourmost recent working draft,http://www.w3.org/TR/rdf-concepts/#section-Social[[RDF/XML documents, i.e. encodings of RDF graphs, can be used to makerepresentations of claims or assertions about the 'real' world. RDF graphsmay be asserted to be true, and such an assertion should be understood tocarry the same social import and responsibilities as an assertion in anyother format. A combination of social (e.g. legal) and technical machinery(protocols, file formats, publication frameworks) provide the contextsthat fix the intended meanings of the vocabulary of some piece of RDF, andwhich distinguish assertions from other uses (e.g. citations, denals orillustrations).]]Nailing down more details of this 'combination of social and technicalmachinery' will be tricky (to put it mildly), but is critical if we wantRDF documents to be the sort of thing people can wave around in court.Or, more generally, that can be used as records of obligations andcommitments...Sorry to jump in. Maybe we could move this thread to www-rdf-interest@w3.org?Dan--mailto:danbri@w3.orghttp://www.w3.org/People/DanBri/",
            "docno": "lists-098-14997194",
            "received": "Wed Sep 11 12:25:13 2002",
            "isoreceived": "20020911162513",
            "sent": "Wed, 11 Sep 2002 12:25:05 -0400 (EDT)",
            "isosent": "20020911162505",
            "name": "Dan Brickley",
            "email": "danbri@w3.org",
            "subject": "Re: The Syntactic Web",
            "id": "Pine.LNX.4.30.0209111214450.17157-100000@tux.w3.org",
            "charset": "US-ASCII",
            "inreplyto": "Pine.GSO.4.10.10209102211490.28605-100000&#64;pandora",
            "expires": "-1",
            "to": " Stevan Harnad<harnad@ecs.soton.ac.uk>\n",
            "cc": " Jim Hendler<hendler@cs.umd.edu>, Michael Luck<mml@ecs.soton.ac.uk>, Nick Jennings<nrj@ecs.soton.ac.uk>,<ora.lassila@nokia.com>,<www-archive@w3.org>, Tim Berners-Lee<timbl@w3.org>,<gerald@w3.org>\n"
        },
        {
            "body": "Following that argument, one should take the top N conceptsthat will be used with RDF and include it in the standard. Basedon existing implementation data, you should be looking atincluding tags having to do with authorship, thumbnailimage,etc. Containers are way way down the list.guhaOra.Lassila@nokia.com wrote:> Folks,>> guha wrote:> > My suggestion is to purge it from the M&S spec> > and add an appendix showing how containers> > can be implemented on top of the smaller healthier RDF.>> I think I would be in favor of an approach where we have an \"inner\" core and> an \"outer\" core, but completely purging the spec seems *very* dangerous.>> > What does it buy us? Makes the spec simpler, easier> > to understand, implement, ...>> Yes, but it also buys potential non-interoperability, when folks start> reinventing their own ways of doing containers etc. I am not against anyone> inventing new schemes, just that there ought to be one that's \"preferred\" to> ensure some baseline interoperability. I do not believe that just having> triples and nothing else constitutes interoperability.>> Regards,>>         - Ora (wearing the pragmatist hat today)>> --> Ora Lassila, mailto:ora.lassila@nokia.com, +1 (781) 993-4603> Research Fellow, Nokia Research Center / Boston",
            "docno": "lists-047-10294929",
            "received": "Wed Jun 13 21:36:47 2001",
            "isoreceived": "20010614013647",
            "sent": "Wed, 13 Jun 2001 18:35:03 -0700",
            "isosent": "20010614013503",
            "name": "R.V.Guha",
            "email": "guha@guha.com",
            "subject": "Re: (tentative) container model proposal",
            "id": "3B2814C7.FB92B524@guha.com",
            "charset": "us-ascii",
            "inreplyto": "B9CFA6CE8FFDD211A1FB0008C7894E460417FF3A&#64;bseis01nok",
            "expires": "-1",
            "to": "ra.Lassila@nokia.com\n",
            "cc": "guha@alpiri.com,w3c-rdfcore-wg@w3.org\n"
        },
        {
            "body": "Stevan- don't have time for a long response, and rarely respond tosuch things - but since we've known each other a long time - let megive you a quick response -- I personally believe that the singlemost interesting thing about the web is that symbol grounding (in webspace) is doable, and that it is what the semantic web is based on inalmost every respect (although I think many in the SW community don'trealize it yet).  You might want to take some time to wander throughTim Berners-Lee's writings about web design [1] - and particularlyhis ideas about why URIs are so important and how they can be used toanchor meaning (start with [2] and follow links).   I think you'llsee stuff relating to a lot of your interests -- the mapping to yourdefinitions of symbol grounding are not immediate and 1-1, but Ithink you'll see a lot of interesting work there.I wish I had more time to discuss this with you in detail, but I'mbusy trying to build the SW and not worrying as much about thephilosophy and meaning as some people would like.  Pat Hayes is veryinvolved, he'd be a great foil for discussion of this stuff...[1] http://www.w3.org/DesignIssues/[2] http://www.w3.org/DesignIssues/Meaning.htmlAt 6:05 PM +0100 9/10/02, Stevan Harnad wrote:>Date: Tue, 10 Sep 2002 18:05:36 +0100 (BST)>From: Stevan Harnad <harnad@ecs.soton.ac.uk>>X-Sender: harnad@pandora>To: Michael Luck <mml@ecs.soton.ac.uk>>cc: Nick Jennings <nrj@ecs.soton.ac.uk>,>    Tim Berners-Lee WWW EJ <timbl@info.cern.ch>,>    James Hendler <hendler@cs.umd.edu>, ora.lassila@nokia.com>Subject: The Syntactic Web>X-ECS-MailScanner: Found to be clean>>Hi Michael!>>Your paper:>>>  Title:   Where are the Semantics on the Semantic Web?>>looks very interesting (and I wish I could be there!).>>I have some questions (based on the abstract -- if you have links to>full text, please send them to me!):>>>  In this paper, we address the question: How can we create a network of>>  semantically integrated communities on the World Wide Web? We first>>  clarify some confusion about what \"semantics\" means and introduce a>>  semantic continuum ranging from the kind of semantics that exist on>>  the Web today to a rich semantic infrastructure on the Semantic Web of>>  the future. We clarify what is meant by \"semantic integration\">>  introducing and defining a \"gold standard\" whereby two agents that>>  have never met before can successfully exchange information.>>As far as I can tell, this is about coordinating the symbol use of many>(at least two) symbol-systems (software agents). Coordinated symbol use>is certainly potentially very useful -- but it seems to me it is not>semantics!>>Semantics involves 2 more components (actually 3, but the 3rd, conscious>meaning, we'd better ignore!):>>(1) The real objects (referents) to which symbols refer>>(2) The means by which the symbols are connected to their referents>>>  We acknowledge that this gold standard will only be reachable in limited>>  circumstances, and that a variety of approaches will be needed to>>  achieve successful agent interaction in practical situations on the>>  semantic Web. Towards this end, we introduce several architectures for>>  achieving semantic integration. Each are defined and compared on the>>  basis of how the following questions are answered. Who and when are>>  semantic mappings created between agent ontologies?>>As is (to some no doubt yawnfully) well-known in ECS, I've always had>problems understanding the notion of \"ontologies\": They seem to be used>in computation with a meaning almost diametrically the opposite of their>dictionary (or philosophical, for this is a term from philosophy) meaning:>>The dictionary meaning of ontology is: What there is, what exists, what>\"reality\" actually contains. Examples of things there are would>be people, chairs, storms, September 11 etc. (i.e., concrete objects,>states, events) plus greeness, roundness, differentiable functions, prime>numbers (i.e., parts and features of concrete objects, as well as abstract>properties). Examples of things there AREN'T would be unicorns (I don't>mean pictures of unicorns, I mean the creatures themselves), tachyons>(particles that move faster than light: ruled out by current-best physics>theory, when last heard from) and squared-circles (provably impossible).>>But the thing to notice is that \"ontology\" means those very>objects, states, etc. (that exist). (It can also mean a theory of>which things exist, Occam's razor, etc., but let's forget about that>meta-theoretic notion of ontology here.)>>In terms of the above, an ontology would contain (1), above, the actual>objects to which symbols (words) refer.>>And the symbol-grounding problem (the one I work on, on and off)>http://cogprints.ecs.soton.ac.uk/archive/00000615/index.html>is the problem of how to connect symbols to the real objects to which they>refer. For otherwise, mere symbol/symbol connections are \"ungrounded\">-- their mean is not intrinsic to the symbol system, but needs to be>\"projected\" on them by the mind of an external interpreter.>>Now, for coordinating the exchanges of software agents it may not be>necessary to worry about the symbol-grounding problem at all. A great>deal of mileage might be derivable from symbol/symbol interactions>alone, without worrying about their meanings. Here \"ontology\" would>simply be a set of symbols that REFERS TO objects; not the objects>themselves.>>But then my only question is: Why would anyone want to call that>semantics, rather than the SYNTAX that it really is? Syntax is the>(algorithmic) manipulation of symbols purely on the basis of their>SHAPES (which are arbitrary in relation to their meanings, they are>merely a notational convention), not on the basis of their MEANINGS.>>\"Semantics\" is defined precisely in contrast to syntax: Syntax is>symbol-shape-manipulation, independent of meaning (apart from what an>external interpreter might project onto the symbols and manipulations).>Semantics is defined as what it is that the symbols actually mean (i.e.,>(1) and (2) above).>>>  Is the>>  architecture point to point between each agents, or mediated through>>  another ontology? What is the nature of agreements among the agents?>>  We conclude by making some predictions and reccomendations on how the>>  semantic Web will evolve in the coming years.>>I have no doubt that your algorithms will help coordinate the>interactions of software agents (i.e., of dynamic symbol systems, plus>data, i.e., static symbol systems). But I wonder why everyone does not>call the \"Semantic Web\" what it really is: the SYNTACTIC WEB! If the>syntactic manipulation of ungrounded symbols is sufficient to accomplish>all the things it accomplishes (in terms of coherent, semantically>interpretable -- by us -- symbols and symbolic agent-interactions),>then why not give the credit where the credit is due: to the syntax,>not the \"semantics\"?>>Best wishes,>>Stevan--Professor James Hendler  hendler@cs.umd.eduDirector, Semantic Web and Agent Technologies  301-405-2696Maryland Information and Network Dynamics Lab.  301-405-6707 (Fax)Univ of Maryland, College Park, MD 20742  240-731-3822 (Cell)http://www.cs.umd.edu/users/hendler",
            "docno": "lists-098-14898448",
            "received": "Tue Sep 10 16:24:58 2002",
            "isoreceived": "20020910202458",
            "sent": "Tue, 10 Sep 2002 16:24:26 -0400",
            "isosent": "20020910202426",
            "name": "Jim Hendler",
            "email": "hendler@cs.umd.edu",
            "subject": "Re: The Syntactic Web",
            "id": "p0511170bb9a40395a15d@[129.2.176.36]",
            "charset": "us-ascii",
            "inreplyto": "Pine.GSO.4.10.10209101719550.26342-100000&#64;pandora",
            "expires": "-1",
            "to": " Stevan Harnad<harnad@ecs.soton.ac.uk>, Michael Luck<mml@ecs.soton.ac.uk>\n",
            "cc": " Nick Jennings<nrj@ecs.soton.ac.uk>, Tim Berners-Lee WWW EJ<timbl@info.cern.ch>,ora.lassila@nokia.com,www-archive@w3.org\n"
        },
        {
            "body": "I am traveling and cannot make the teleconference this time.Regards,- Ora--Ora Lassila, mailto:ora.lassila@nokia.com, +1 (781) 993-4603Research Fellow, Nokia Research Center / Boston",
            "docno": "lists-047-15327476",
            "received": "Thu May 17 20:16:02 2001",
            "isoreceived": "20010518001602",
            "sent": "Thu, 17 May 2001 19:15:49 -0500",
            "isosent": "20010518001549",
            "name": "Ora.Lassila@nokia.com",
            "email": "Ora.Lassila@nokia.com",
            "subject": "Regrests",
            "id": "B9CFA6CE8FFDD211A1FB0008C7894E460417FE99@bseis01nok",
            "expires": "-1",
            "to": "w3c-rdfcore-wg@w3.org\n"
        },
        {
            "body": "Hmm... I thought I had sent regrets; anyway, I am pretty sure I wasn't there:-)- Ora--Ora Lassila, mailto:ora.lassila@nokia.com, +1 (781) 993-4603Research Fellow, Nokia Research Center / Boston> ----------> From: ext Jan Grant> Sent: Friday, June 8, 2001 12:26> To: RDFCore Working Group> Subject: RDFcore Minutes: 2001-06-08 Teleconference (for review)>> RDFCore WG 2001-06-07 Teleconference minutes>> Transcript:> http://ilrt.org/discovery/chatlogs/rdfcore/2001-06-08>> Agenda:> http://lists.w3.org/Archives/Public/w3c-rdfcore-wg/2001Jun/0086.html>> Roll call:>>   Participants:>   - Art Barstow>   - Dave Beckett (.5 scribe)>   - Dan Brickley (chair)>   - Brian McBride (chair)>   - Jos De Roo>   - Bill dehOra>   - Mike Dean>   - Jan Grant (.5 scribe)>   - R.V. Guha>   - Pat Hayes>   - Ora Lassila>   - Frank Manola>   - Eric Miller>   - Stephen Petschulat>   - Aaron Swartz>>   Regrets: Martyn Horner, Graham Klyne>> Review Agenda:>>   - Jos De Roo: would like some discussion on the containers,>     reification issues for AOB if time.>> Minutes of the last meeting:>> http://lists.w3.org/Archives/Public/w3c-rdfcore-wg/2001Jun/0008.html> with correction> http://lists.w3.org/Archives/Public/w3c-rdfcore-wg/2001Jun/0050.html>> Confirm following actions completed:>> D1: Dan Brickley  send analysis (#rdf-container-syntax-ambiguity and>                   #rdf-containers-syntax-vs-schema)to rdfcore-wg list>   DONE.>> D2: Brian McBride edit the errata per the resolutions above; i.e. those>     regarding #rdf-ns-prefix-confusion.  [ArtB to work with Brian to get>     Brian write access to the errata and to determine a strategy for>     maintaining the appropriate documents.]>   DONE.>> ACTION: JUN-01-01-#3: Jos: review the test cases for> rdfms-empty-property-element>   DONE.>> ACTION: JUN-01-01-#4: DaveB: review the test cases for> rdfms-empty-property-element>   DONE.>> ACTION: JUN-01-01-#7: Jan: summarize what XML-Base might do for RDF.>   DONE.>> ACTION: JUN-01-01-#8: DanC: send a note to the WG that points>    out the bug in the spec regarding aboutEach>   DONE.>>> Review status of following actions:>>  A1: Dan Brickley: Solicit RDF feature usage info from Guha and report>      back to the group.>   DONE.>>  A4: Guha: re #rdfms-reification-required: Present analaysis to list>      for discussion.>   CONTINUES.>> ACTION: JUN-01-01-#1: Martyn: create test cases rdfms-resource-semantics>   CONTINUES.>> ACTION: JUN-01-01-#2: FrankM: create tests case for reification.>   CONTINUES. (Frank reports these as under development)>> ACTION: JUN-01-01-#5: Eric: investigate a test case repository for the>    WG.  The repository must facilitat WG members adding and modifying>    test cases.>   CONTINUES. (Eric reports team access to repository in place)>> ACTION: JUN-01-01-#9: Ora: send a note to the WG that describes>    how aboutEach is being used and how it was implemented>   CONTINUES.>>> Issues discussion:>>> Issue #1>> http://www.w3.org/2000/03/rdf-tracking/#rdfms-empty-property-elements>>   Owner: Jan Grant>> Consensus that the test cases are OK.> RESOLUTION: the consolidated test cases represent RDFCore's decision on>   this; the issue can be closed once those test cases are all in one>   place.> AP: 2001-06-08#1: Jan: Consolidate, renumber and repost test cases.>>> Issue #2>> http://www.w3.org/2000/03/rdf-tracking/#rdf-containers-syntax-ambiguity> http://www.w3.org/2000/03/rdf-tracking/#rdf-containers-syntax-vs-schema>>   Owner: Dan Brickley>> Some discussion about the behaviour of various RDF implementations with> regard to (re-)numbering container members. The consensus seemed to be> that RDFMS did not preclude an RDF implementation from handling partial> descriptions of containers.> Aaron: pointed out this didn't resolve the open syntax issues.>> AP: 2001-06-08#2: Dan Brickley: write this up in more detail for the>         list> AP: 2001-06-08#3: Brian McBride: pick up on the syntax issues now the>         model details have been clarified.>>> Issue #3>> http://www.w3.org/2000/03/rdf-tracking/#rdfms-difference-between-ID-and-ab> out>>   Owner: Aaron Swartz>> Aaron: summarised earlier email discussing this> http://lists.w3.org/Archives/Public/w3c-rdfcore-wg/2001Jun/0019.html> Aaron: Leaning towards proposal #2> Dave Beckett: third proposal: much code seems to treat rdf:ID and>        rdf:about as effectively synonyms. The triples generated would>        be the same.>> AP: 2001-06-08#4: Brian McBride to write up this third proposed>        interpretation>   CONTINUES.>>> Issue #4>> http://www.w3.org/2000/03/rdf-tracking/#rdfms-xml-base>>   Owner: Jan Grant>> Discussion revolved around whether admitting this to RDFMS was in scope;> their were concerns about versioning requirements since new documents> using xml:base would produce different output on older parsers.> Pat: making RDF malleable in the face of future changes to XML:Base is>       not a good thing.>> AP: 2001-06-08#5: Eric: to talk to the XLM Processing Workshop about RDF>       requirements from XML:Base>>   CONTINUES. (Take to email)>>> Review of updated issues list document:>> http://www.w3.org/2000/03/rdf-tracking/>> AP: 2001-06-08#6: ALL: comments to list>>> Date of next meeting:>>   One week, 2001-06-15.>> (The phone number to be advised, but it should remain constant until> September)>> --> jan grant, ILRT, University of Bristol. http://www.ilrt.bris.ac.uk/> Tel +44(0)117 9287163 Fax +44 (0)117 9287112 RFC822 jan.grant@bris.ac.uk> Unfortunately, I have a very good idea how fast my keys are moving.>>",
            "docno": "lists-047-9372082",
            "received": "Fri Jun  8 12:37:03 2001",
            "isoreceived": "20010608163703",
            "sent": "Fri, 8 Jun 2001 11:36:40 -0500 ",
            "isosent": "20010608163640",
            "name": "Ora.Lassila@nokia.com",
            "email": "Ora.Lassila@nokia.com",
            "subject": "RE: RDFcore Minutes: 2001-06-08 Teleconference (for review)",
            "id": "B9CFA6CE8FFDD211A1FB0008C7894E460417FF26@bseis01nok",
            "charset": "iso-8859-1",
            "inreplyto": "RDFcore Minutes: 2001-06-08 Teleconference (for review)",
            "expires": "-1",
            "to": "w3c-rdfcore-wg@w3.org\n"
        },
        {
            "body": "I think strings with lang specifications should be treated just likewe should treat something like 5kg. i.e., 5kg=11lb just asWelcome(english)=Wilkommen(german).guhaDan Brickley wrote:> If not a bug, a glitch. If you're saying that xml:lang values are> similiar to datatypes, I agree. Some literal may have a type> (eg. foo:floatPoint) and/or an xml:lang. This does clash with the model's> insistence that literals can't have properties though...> dan> On Thu, 6 Apr 2000 Ora.Lassila@nokia.com wrote:> > Regarding the xml:lang, I don't think it is a bug. I always thought that it> > would be a characteristic of the string (the literal value), and since M+S> > did not really address primitive data types, it wouldn't have to be> > concerned of xml:lang either.> >> > How do we propose adding it? As a qualification of the actual property> > value?> >> > Regards,> >> >       - Ora> >> > --> > Ora Lassila, <ora.lassila@nokia.com>> > Research Manager> > Agent Technology, Nokia Research Center / Boston> > +1 (781) 993-4603 (please note new email & phone number!)> >> >> > > ----------> > > From:       EXT Tim Berners-Lee> > > Sent:       Thursday, April 6, 2000 20:20> > > To:         sw99@w3.org> > > Subject:    Issues list - delayed message> > >> > > (I found this in a window I had not gotten around to pressing send on)> > >> > >> > > Danbri,> > >> > >> > > Kudos for getting going on this.> > >> > > It is good to give credit where credit is due for issued, and not always> > > jut> > > to point to the director as well!> > >> > > - XML lang not being in the model  was brought up by Sergey> > > http://lists.w3.org/Archives/Public/www-rdf-interest/2000Jan/0053.html> > > Thoiugh that suggests adding itto the model rather than removing it from> > > th> > > esyntax.> > > Folks,xml:lang is not represented in the RDF model according to RDF M&S> > > 1.0,> > > which is IMO a bug in the specs.> > >> > >> > > - The issue of Alt, Bag and Seq being searated out from the basic model is> > > brought up in> > > http://lists.w3.org/Archives/Public/www-rdf-interest/2000Feb/0115.html for> > > example.> > >> > >> > > - Issue: need for \"poorest man\" serializeion> > > http://lists.w3.org/Archives/Public/www-rdf-interest/2000Feb/0115.html> > > As a next step I'd like to have a \"poorest man\" RDF/XML> > > serialization:<rdf>> > >   <triple subject=\"[URI]\" predicate=\"[URI]\" object=\"[URI]\"/>> > >   <triple subject=\"[URI]\" predicate=\"[URI]\">[PDCATA]</triple>  ...</rdf>> > >> > >> > > These may not be the first occurrences.  But I think all the issued I> > > pulled> > > out I pulled out of previous messages.  pointers to the first raising we> > > can> > > find would be a godo idea.> > >> > > As regards state, I think we can do a broader categorization.> > >> > > - Bug fix, propose for 1.1  (ml lang, some reference issues?)> > > - Simplification (like removing PICS bits, aabouteachprefix, lang, etc).> > > Doesn't affect other features => wait to see if IG wanst tto start an> > > action> > > to do them> > > - Syntax change which can be done back-compatibly with existing syntax =>> > > suggest trials with software.> > >> > > Or something like that. Then we concldue, there are only 2 bugs and there> > > is> > > a consensus for a version 1.5, but we need to work on x and y at teh IG> > > level. O> > >> > >> > >> >",
            "docno": "lists-033-13475417",
            "received": "Thu Apr  6 21:34:52 2000",
            "isoreceived": "20000407013452",
            "sent": "Thu, 06 Apr 2000 18:40:36 -0700",
            "isosent": "20000407014036",
            "name": "Guha",
            "email": "guha@epinions-inc.com",
            "subject": "Re: Issues list - delayed message",
            "id": "38ED3C93.EF41C576@epinions-inc.com",
            "inreplyto": "Pine.LNX.4.20.0004062034230.16436-100000@tux.w3.org",
            "to": " Dan Brickley <danbri@w3.org>\n",
            "cc": " Ora.Lassila@nokia.com, timbl@w3.org, sw99@w3.org\n"
        },
        {
            "body": "If not a bug, a glitch. If you're saying that xml:lang values aresimiliar to datatypes, I agree. Some literal may have a type(eg. foo:floatPoint) and/or an xml:lang. This does clash with the model'sinsistence that literals can't have properties though...danOn Thu, 6 Apr 2000 Ora.Lassila@nokia.com wrote:> Regarding the xml:lang, I don't think it is a bug. I always thought that it> would be a characteristic of the string (the literal value), and since M+S> did not really address primitive data types, it wouldn't have to be> concerned of xml:lang either.> How do we propose adding it? As a qualification of the actual property> value?> Regards,>       - Ora> --> Ora Lassila, <ora.lassila@nokia.com>> Research Manager> Agent Technology, Nokia Research Center / Boston> +1 (781) 993-4603 (please note new email & phone number!)> > ----------> > From:       EXT Tim Berners-Lee> > Sent:       Thursday, April 6, 2000 20:20> > To:         sw99@w3.org> > Subject:    Issues list - delayed message> >> > (I found this in a window I had not gotten around to pressing send on)> >> >> > Danbri,> >> >> > Kudos for getting going on this.> >> > It is good to give credit where credit is due for issued, and not always> > jut> > to point to the director as well!> >> > - XML lang not being in the model  was brought up by Sergey> > http://lists.w3.org/Archives/Public/www-rdf-interest/2000Jan/0053.html> > Thoiugh that suggests adding itto the model rather than removing it from> > th> > esyntax.> > Folks,xml:lang is not represented in the RDF model according to RDF M&S> > 1.0,> > which is IMO a bug in the specs.> >> >> > - The issue of Alt, Bag and Seq being searated out from the basic model is> > brought up in> > http://lists.w3.org/Archives/Public/www-rdf-interest/2000Feb/0115.html for> > example.> >> >> > - Issue: need for \"poorest man\" serializeion> > http://lists.w3.org/Archives/Public/www-rdf-interest/2000Feb/0115.html> > As a next step I'd like to have a \"poorest man\" RDF/XML> > serialization:<rdf>> >   <triple subject=\"[URI]\" predicate=\"[URI]\" object=\"[URI]\"/>> >   <triple subject=\"[URI]\" predicate=\"[URI]\">[PDCATA]</triple>  ...</rdf>> >> >> > These may not be the first occurrences.  But I think all the issued I> > pulled> > out I pulled out of previous messages.  pointers to the first raising we> > can> > find would be a godo idea.> >> > As regards state, I think we can do a broader categorization.> >> > - Bug fix, propose for 1.1  (ml lang, some reference issues?)> > - Simplification (like removing PICS bits, aabouteachprefix, lang, etc).> > Doesn't affect other features => wait to see if IG wanst tto start an> > action> > to do them> > - Syntax change which can be done back-compatibly with existing syntax =>> > suggest trials with software.> >> > Or something like that. Then we concldue, there are only 2 bugs and there> > is> > a consensus for a version 1.5, but we need to work on x and y at teh IG> > level. O> >> >> >",
            "docno": "lists-033-13465193",
            "received": "Thu Apr  6 20:36:06 2000",
            "isoreceived": "20000407003606",
            "sent": "Thu, 6 Apr 2000 20:36:05 -0400 (EDT)",
            "isosent": "20000407003605",
            "name": "Dan Brickley",
            "email": "danbri@w3.org",
            "subject": "RE: Issues list - delayed message",
            "id": "Pine.LNX.4.20.0004062034230.16436-100000@tux.w3.org",
            "inreplyto": "B9CFA6CE8FFDD211A1FB0008C7894E46012CEA7F@bseis01nok",
            "to": " Ora.Lassila@nokia.com\n",
            "cc": " timbl@w3.org, sw99@w3.org\n"
        }
    ]
}