{
    "id": "candidate-1081",
    "name": "Richard Tobin",
    "gender": "MALE",
    "email": "richard@inf.ed.ac.uk",
    "mails": [
        {
            "body": "Thank you! I will forward this response.Sandra At 04:18 PM 6/8/2004 +0100, Richard Tobin wrote:> >   It looks like Graham is right. The intention of the test was to test> > invalid CDATA syntax and in not really doing that. CDATA is not even> > included a part o the content model description given in the> > specification.  Can some address this issue?>>The test is:>>  <!DOCTYPE doc [>  <!ELEMENT doc CDATA>>  ]>>  <doc></doc>>>This was allowed in SGML and declared that the element had CDATA content.>It is a syntax error in XML.>>Don't confuse it with>>  <!ELEMENT doc (CDATA)>>>which would declare doc to contain an element called \"CDATA\".>>There is nothing wrong with the test, though the description doesn't>explain the motivation to people who don't remember SGML.>>-- RichardSandra I. MartinezNational Institute of Standards and Technology100 Bureau Drive, Stop 8970,Gaithersburg, Md. 20899(301) 975-3579sandra.martinez@nist.gov",
            "docno": "lists-027-14892627",
            "received": "Tue Jun  8 11:58:38 2004",
            "isoreceived": "20040608155838",
            "sent": "Tue, 08 Jun 2004 11:58:29 -0400",
            "isosent": "20040608155829",
            "name": "Sandra Martinez",
            "email": "sandra.martinez@nist.gov",
            "subject": "Re: Test xmlconf/xmltest/not-wf/sa/128.xml",
            "id": "5.0.0.25.2.20040608115727.038187b8@mailserver.nist.gov",
            "charset": "us-ascii",
            "inreplyto": "20040608151809.D7065F4390&#64;macintosh.inf.ed.ac.uk",
            "expires": "-1",
            "to": "richard@inf.ed.ac.uk(Richard Tobin)\n",
            "cc": "public-xml-testsuite@w3.org, Sandra Martinez<sandra.martinez@nist.gov>,w3c-xml-core-wg@w3.org\n"
        }
    ]
}