{
    "id": "candidate-1035",
    "name": "Ann Bassetti",
    "gender": "FEMALE",
    "email": "ann.bassetti@boeing.com",
    "mails": [
        {
            "body": "Dear Richard and all,This is to inform you that I'm attending the Tech Plenary in Cannes andI'm very happy to join the Group.I'm sorry, I didn't register for the meeting yet. I hope it won'tdisrurb too much.Looking forward to meeting you all there.regards, NajibRichard Ishida wrote:>If you are planning to attend the GEO meeting at the Tech Plenary, please go to>>http://www.w3.org/2002/09/wbs/35125/tp2004/>>and register asap for the meeting.>>>>Currently registered attendees and observers are:>>===================>>Attendance for the Internationalization GEO (Guidelines, Education & Outreach) Task Force meeting>>Registered as WG participant:>>    * Richard Ishida <ishida@w3.org> (W3C/ERCIM) : attending monday>    * Martin D??rst <duerst@w3.org> (W3C/Keio) : attending monday>>The following people have requested observer status; if you are a chair of this group and said that observers were accepted at the Chair discretion, you need to let them know if they are accepted or not.>>    * Ann Bassetti <ann.bassetti@boeing.com> (Boeing Company) : attending monday>    * Ivan Herman <ivan@w3.org> (Center for Mathematics and Computer Science (CWI)) : attending monday>    * Nicolas Duboc <nduboc@ilog.fr> (ILOG, S.A.) : attending monda>>======================>>>>============>Richard Ishida>W3C>>contact info: http://www.w3.org/People/Ishida/>>http://www.w3.org/International/>http://www.w3.org/International/geo/>>>>>--Najib TOUNSI (mailto:tounsi@w3.org)Bureau W3C au Maroc (http://www.w3c.org.ma/)Ecole Mohammadia d'Ingenieurs, BP 765 Agdal-RABAT Maroc (Morocco)Phone : +212 (0) 37 68 71 74  Fax : +212 (0) 37 77 88 53Mobile: +212 (0) 61 22 00 30",
            "docno": "lists-016-6471104",
            "received": "Fri Feb 27 12:55:21 2004",
            "isoreceived": "20040227175521",
            "sent": "Fri, 27 Feb 2004 17:53:16 +0100",
            "isosent": "20040227165316",
            "name": "Najib Tounsi",
            "email": "ntounsi@emi.ac.ma",
            "subject": "Re: Please register for the GEO meeting",
            "id": "403F75FC.2010001@emi.ac.ma",
            "charset": "UTF8",
            "inreplyto": "000f01c3f856$b59f0780$6501a8c0&#64;w3cishida",
            "expires": "1",
            "to": " Richard Ishida<ishida@w3.org>\n",
            "cc": " GEO<public-i18n-geo@w3.org>, Coralie Mercier<coralie@w3.org>\n"
        },
        {
            "body": "If you are planning to attend the GEO meeting at the Tech Plenary, please go tohttp://www.w3.org/2002/09/wbs/35125/tp2004/and register asap for the meeting.Currently registered attendees and observers are:===================Attendance for the Internationalization GEO (Guidelines, Education & Outreach) Task Force meetingRegistered as WG participant:* Richard Ishida <ishida@w3.org> (W3C/ERCIM) : attending monday* Martin D??rst <duerst@w3.org> (W3C/Keio) : attending mondayThe following people have requested observer status; if you are a chair of this group and said that observers were accepted at the Chair discretion, you need to let them know if they are accepted or not.* Ann Bassetti <ann.bassetti@boeing.com> (Boeing Company) : attending monday* Ivan Herman <ivan@w3.org> (Center for Mathematics and Computer Science (CWI)) : attending monday* Nicolas Duboc <nduboc@ilog.fr> (ILOG, S.A.) : attending monda==================================Richard IshidaW3Ccontact info: http://www.w3.org/People/Ishida/http://www.w3.org/International/http://www.w3.org/International/geo/",
            "docno": "lists-016-6373119",
            "received": "Sat Feb 21 03:42:59 2004",
            "isoreceived": "20040221084259",
            "sent": "Sat, 21 Feb 2004 08:42:58 0000",
            "isosent": "20040221084258",
            "name": "Richard Ishida",
            "email": "shida@w3.org",
            "subject": "Please register for the GEO meeting",
            "id": "000f01c3f856$b59f0780$6501a8c0@w3cishida",
            "charset": "utf8",
            "expires": "1",
            "to": "\"GEO\"<public-i18n-geo@w3.org>\n"
        }
    ]
}