{
    "id": "candidate-1033",
    "name": "Mark Needleman",
    "gender": "MALE",
    "email": "markn@sirsi.com",
    "mails": [
        {
            "body": "Lesliethis came up because of a conference call I was participating in with NISO -Im also on the W3C URI CG and this was raised there as well - I sent a noteto the chair of the OpenURL committee about this but havent gotten aresponse for him yet eitherIll let Pat continue to coordinate this from the NISO site since I thinksome of what she wants to talk about is more general then OpenURL - butthere are some OpenURL specific issues that need discussionMark Needleman-----Original Message-----From: Leslie Daigle [mailto:leslie@thinkingcat.com]Sent: Wednesday, May 21, 2003 2:37 PMSubject: Re: URIs and OpenURLs (was:upcoming events for URI CGschedule?)Sometime ago, I got a call from Pat Harris, of NISO,wanting to do some coordinating with IETF, W3C andOpenURL folk over the NISO standards work in this area.I said, sure, let's telechat.  I haven't heard anythingfrom her in weeks (and her mail responder says shewon't be back until May 27), but I began to wonder --has anyone from W3C-land heard from her?  Anyone elseaware of an effort to have a conversation?I'm still trying to get a grip on where the points ofoverlap with teh IANA registry are (and oughtn't be).Leslie.Martin Duerst wrote:>> At 09:53 03/05/09 -0400, Ray Denenberg wrote:>>> I really don't think the OpenURL folks honestly believe that their>> scheme will be adopted; I think they've put it up out of some>> frustration and cynicism. I don't completely understand why they think>> these things that they want to identify cannot be accomodated within>> the URI framework either with one or two new URI schemes or new URN>> namespace identifiers.  However I suspect it is because they have>> concluded that it is nearly impossible, or at least very difficult, to>> get new schemes or namspaces approved.>>> Hello Ray,>> If the OpenURL people have concluded that to register new schemes> or URN namespaces is very difficult, then I think they are wrong.>> I think deployment of new schemes/namespaces is difficult, but> that's a different issue. For registration, a decent registration> document and some thoroughness in following through is mostly> what is needed.>> So I think it would be worth to find out more about whether your> suspicion is true, and how it could be corrected.>>> Regards,    Martin.>---------------------------------------------------------------------\"Reality:Yours to discover.\"-- ThinkingCatLeslie Daigleleslie@thinkingcat.com-------------------------------------------------------------------",
            "docno": "lists-023-2347334",
            "received": "Wed May 21 15:47:17 2003",
            "isoreceived": "20030521194717",
            "sent": "Wed, 21 May 2003 14:43:07 -0500",
            "isosent": "20030521194307",
            "name": "Mark Needleman",
            "email": "rkn@sirsi.com",
            "subject": "RE: URIs and OpenURLs (was:upcoming events for URI CG schedule?)",
            "id": "DC32C8CEB3F8D311B6B5009027DE5AD5073F7381@stlmail.dra.com",
            "charset": "iso-8859-1",
            "inreplyto": "URIs and OpenURLs (was:upcoming events for URI CG schedule?)",
            "expires": "-1",
            "to": " public-uri-cg@w3.org\n"
        }
    ]
}