{
    "id": "candidate-1007",
    "name": "Yih-Farn Chen",
    "gender": "MALE",
    "email": "chen@research.att.com",
    "mails": [
        {
            "body": ">              WWW2003 CALL FOR PAPERS>   The Twelfth International World Wide Web Conference>>           May 20-24, 2003, Budapest, Hungary>                http://www2003.org/cfp.htm>>      Paper submission deadline: November 15, 2002>>The International World Wide Web Conference Committee (IW3C2) and the>Computer and Automation Research Institute of the Hungarian Academy of>Sciences (MTA SZTAKI) cordially invite you to participate in the>Twelfth International World Wide Web Conference on May 20-24, 2003, in>Budapest, Hungary.>>International researchers, technologists, and leaders from academia,>industry, and government will gather at WWW2003 to define, refine,>present, demonstrate, and discuss the latest ideas and developments.>>The technical program will include refereed paper presentations,>alternate track presentations (see below), plenary sessions, panels,>and poster sessions. Tutorials and workshops will precede the main>program, and a Developers Day will follow, which will be devoted to>in-depth technical sessions designed specifically for web developers.>>Hungary is situated at the heart of Europe, and has the fastest>growing economy in the region, especially with respect to information>technology and telecommunication. Budapest is one of the most>beautiful capitals of the world, and is easy to reach by air or on>ground. The warm hospitality of the people, excellent food, reliable>and frequent public transportation, vivid cultural life, and rich>museums attract millions of visitors every year. Hungary has a>visitor-friendly visa policy, economically priced services and goods,>and a pleasant climate, making it one of the most popular meeting>venues worldwide.>>IMPORTANT DATES>>*** Paper submission deadline: November 15, 2002 ***>Author notification (papers): January 31, 2003>Final papers due: February 28, 2003>>Poster submission deadline: January 15, 2003>Author notification (posters): February 28, 2003>>Tutorial/workshop proposals deadline: October 15, 2002>Panel proposals deadline: November 15, 2002>Industrial track deadline: March 15, 2003>Developers Day deadline: March 15, 2003>>Conference: May 20-24, 2003>>REFEREED PAPERS TRACK>>WWW2003 seeks original papers describing research in all areas of the>web. Papers should not have been published or be in submission at>another conference or journal. Topics include but are not limited to:>>* Applications>* Browsers and User Interfaces>* Electronic Commerce>* Hypermedia>* Mobility and Wireless Access>* Multimedia>* Performance and Reliability>* Search and Data Mining>* Security and Privacy>* Semantic Web>* Web Engineering [New for WWW2003]>>Submissions should present original reports of substantive new>work. Papers should properly place the work within the field, cite>related work, and clearly indicate the innovative aspects of the work>and its contribution to the field. Papers will be peer-reviewed by at>least 3 reviewers from an International Program Committee. Accepted>papers will appear in the conference proceedings published by the>Association for Computing Machinery (ACM), and will also be accessible>to the general public via http://www2003.org/. Authors are not>required to transfer copyright. Papers must be submitted>electronically in PDF format, and must be formatted using the ACM>proceedings format. Detailed formatting requirements will be available>on http://www2003.org/. The official language of the conference is>English.>>Inquiries can be sent to www2003-pc-chairs@necmail.com.>>ALTERNATE TRACKS>>Alternate tracks include a combination of peer-reviewed papers and>invited presentations. Formatting and publication details will be>available on http://www2003.org/.>>* Education>* Global Community>* Industrial Track>* Practice & Experience>* Web Services [New for WWW2003]>* W3C Track (latest news and views from the World Wide Web Consortium)>* Panels>>Inquiries can be sent to www2003-pc-chairs@necmail.com.>>PROGRAM COMMITTEE CO-CHAIRS>>Yih-Farn Robin Chen, AT&T Labs - Research, chen@research.att.com>L?szl? Kov?cs, MTA SZTAKI, laszlo.kovacs@sztaki.hu>Steve Lawrence, NEC Research Institute, lawrence-www@necmail.com>>POSTERS>>Posters provide a forum for late-breaking research, and facilitate>feedback in an informal setting. Posters are peer-reviewed. Formatting>and publication details will be available on http://www2003.org/.>>The poster area provides an opportunity for researchers and>practitioners to present and demonstrate their recent web-related>research, and to obtain feedback from their peers in an informal>setting. It gives conference attendees a way to learn about innovative>works in progress in a timely and informal manner.>>Inquiries can be sent to king@cse.cuhk.edu.hk.>>TUTORIALS AND WORKSHOPS>>A program of tutorials will cover topics of current interest to web>design, development, services, operation, use, and evaluation. These>half and full-day sessions will be led by internationally recognized>experts and experienced instructors using prepared content.>>Workshops provide an opportunity for researchers, designers, leaders,>and practitioners to explore current web R&D issues through a more>focused and in-depth manner than is possible in a traditional>conference session. Participants typically present position statements>and hold in-depth discussions with their peers within the workshop>setting.>>Inquiries about the WWW2003 tutorials and workshops can be sent to>bieber@oak.njit.edu.>>DEVELOPERS DAY>>Developers Day (D-Day) will be devoted to the interests of web>developers, and will offer in-depth discussions of technologies and>tools at the forefront of the web. This day-long program will consist>of several parallel streams focused on specific content areas. D-Day>sessions are designed to be timely and state-of-the-art.>>Inquiries about the WWW2003 Developers Day can be sent to ivan@w3.org.>>REFEREED TRACK AREA CHAIRS>>Applications:>Vice Chair: Fred Douglis, IBM Research, USA>Deputy Vice Chair: Maarten van Steen, VU Amsterdam, Netherlands>>Browsers and UI:>Vice Chair: Marc Najork, Microsoft Research, USA>Deputy Vice Chair: Juliana Freire, OGI/OHSU, USA>>E-commerce:>Vice Chair: Michael Wellman, University of Michigan, USA>Deputy Vice Chair: John Riedl, University of Minnesota, USA>>Hypermedia:>Vice Chair: m.c. schraefel, University of Toronto, Canada>Deputy Vice Chair: Peter N?rnberg, Aalborg University Esbjerg, Denmark>>Mobility and Wireless Access:>Vice Chair: Minoru Etoh, NTT DoCoMo, Japan>Deputy Vice Chair: Sarolta Dibuz, Ericsson, Hungary>>Multimedia:>Vice Chair: James Wang, Penn State University, USA>Deputy Vice Chair: Eric Chang, Microsoft Research, China>>Performance and Reliability:>Vice Chair: Craig E. Wills, WPI, USA>Deputy Vice Chair: Mike Dahlin, UT Austin, USA>>Search and Data Mining:>Vice Chair: Soumen Chakrabarti, Indian Institute of Technology, India>Deputy Vice Chair: Prabhakar Raghavan, Verity, USA>>Security and Privacy:>Vice Chair: Avi Rubin, AT&T Labs - Research, USA>Deputy Vice Chair: Brian LaMacchia, Microsoft, USA>>Semantic Web:>Vice Chair: Ian Horrocks, University of Manchester, UK>Deputy Vice Chair: Brian McBride, HP, Bristol, UK>>Web Engineering:>Vice Chair: Martin Gaedke, University of Karlsruhe, Germany>Deputy Vice Chair: Daniel Schwabe, Pontifical Catholic University of Rio de Janeiro, Brazil>>ALTERNATE TRACK CHAIRS>>Education:>Co-Chair: Paul De Bra, Eindhoven University of Technology, Netherlands>Co-Chair: Wolfgang Nejdl, University of Hannover, Germany>>Global Communities:>Co-Chair: David De Roure, University of Southampton, UK>Co-Chair: Liddy Nevile, University of Melbourne, Australia>>Industrial Track:>Chair: Mario Jeckle, DaimlerChrysler, Germany>Deputy Chair: Mary Ellen Zurko, IBM Software Group>>Practice & Experience:>Chair: Arun Iyengar, IBM Research, USA>Deputy Chair: Krishna Kant, Intel>>Web Services:>Chair: Steve Vinoski, IONA Technologies, USA>Deputy Chair: Francisco (Paco) Curbera, IBM Research, USA>>W3C:>Chair: Marie-Claire Forgue, France>>Panels:>Chair: Carole Goble, University of Manchester, UK>Deputy Chair: Bernard Horan, Sun Microsystems Ltd, UK>>TUTORIALS AND WORKSHOPS CO-CHAIRS>>Michael Bieber, New Jersey Institute of Technology, bieber@oak.njit.edu>Beatrix Toth, MTA SZTAKI, Beatrix.Toth@ella.hu>>POSTER CO-CHAIRS>>Irwin King, The Chinese University of Hong Kong, king@cse.cuhk.edu.hk>Tamas Maray, Technical University of Budapest, Hungary, maray@fsz.bme.hu>>DEVELOPERS DAY CO-CHAIRS>>Ivan Herman, W3C, ivan@w3.org>J?nos Sz?l, M?V Informatics, janos_szel@freemail.hu>>CONFERENCE CO-CHAIRS>>Gusztav Hencsey, MTA SZTAKI, hencsey@sztaki.hu>Bebo White, Stanford Linear Accelerator Center, bebo@slac.stanford.edu>>IW3C2 LIAISON TO WWW2003>>Ivan Herman, W3C, ivan@w3.org>>IW3C2 LIAISON TO THE PROGRAM COMMITTEE>>Arun Iyengar, IBM Research, USA, aruni@us.ibm.com>>CONFERENCE ORGANIZERS>>International World Wide Web Conference Committee (IW3C2), http://www.iw3c2.org/>>Computer and Automation Research Institute of the Hungarian Academy of>Sciences (MTA SZTAKI), http://www.sztaki.hu/>>CONFERENCE PARTNERS>>* International Federation for Information Processing Working Group 6.4>on Internet Applications Engineering (IFIP WG 6.4)>>* The World Wide Web Consortium (W3C)>>General questions about WWW2003 may be sent to info@www2003.org--wendy a chisholmworld wide web consortiumweb accessibility initiativeseattle, wa usa/--",
            "docno": "lists-070-5819950",
            "received": "Fri Jul 26 12:32:47 2002",
            "isoreceived": "20020726163247",
            "sent": "Fri, 26 Jul 2002 12:33:56 -0400",
            "isosent": "20020726163356",
            "name": "Wendy A Chisholm",
            "email": "wendy@w3.org",
            "subject": "Fwd: WWW2003 Budapest, Hungary - Call for Papers",
            "id": "5.1.0.14.2.20020726123322.00aca3a0@localhost",
            "charset": "iso-8859-1",
            "expires": "-1",
            "to": "w3c-wai-gl@w3.org\n"
        },
        {
            "body": "My apologizes for multiple copies.-------------------------------------WWW2003 CALL FOR PAPERSThe Twelfth International World Wide Web ConferenceMay 20-24, 2003, Budapest, Hungaryhttp://www2003.org/Paper submission deadline: November 15, 2002The International World Wide Web Conference Committee (IW3C2) and theComputer and Automation Research Institute of the Hungarian Academy ofSciences (MTA SZTAKI) cordially invite you to participate in theTwelfth International World Wide Web Conference on May 20-24, 2003, inBudapest, Hungary.International researchers, technologists, and leaders from academia,industry, and government will gather at WWW2003 to define, refine,present, demonstrate, and discuss the latest ideas and developments.The technical program will include refereed paper presentations,alternate tracks including an Industrial track (see below), plenarysessions, panels, and poster sessions. Tutorials and workshops willprecede the main program, and a Developers Day will follow, which willbe devoted to in-depth technical sessions designed specifically forweb developers.Hungary is situated at the heart of Europe, and has one of the fastestgrowing economies in the region, especially with respect toinformation technology and telecommunication. Budapest is one of themost beautiful capitals of the world, and is easy to reach by air oron ground. The warm hospitality of the people, excellent food,reliable and frequent public transportation, vivid cultural life, andrich museums attract millions of visitors every year. Hungary has avisitor-friendly visa policy, economically priced services and goods,and a pleasant climate, making it one of the most popular meetingvenues worldwide.IMPORTANT DATES*** Paper submission deadline: November 15, 2002 ***Author notification (papers): January 31, 2003Final papers due: February 28, 2003Poster submission deadline: January 15, 2003Author notification (posters): February 28, 2003Tutorial/workshop proposals deadline: October 15, 2002Panel proposals deadline: November 15, 2002Conference: May 20-24, 2003REFEREED PAPERS TRACKWWW2003 seeks original papers describing research in all areas of theweb. Papers should not have been published or be in submission atanother conference or journal. Topics include but are not limited to:* Applications* Browsers and User Interfaces* Electronic Commerce* Hypermedia* Mobility and Wireless Access* Multimedia* Performance and Reliability* Search and Data Mining* Security and Privacy* Semantic Web* Web Engineering [New for WWW2003]Submissions should present original reports of substantive newwork. Papers should properly place the work within the field, citerelated work, and clearly indicate the innovative aspects of the workand its contribution to the field. We will not accept any paper which,at the time of submission, is under review for or has already beenpublished or accepted for publication in a journal or anotherconference.Papers will be peer-reviewed by at least 3 reviewers from anInternational Program Committee. Accepted papers will appear in theconference proceedings published by the Association for ComputingMachinery (ACM), and will also be accessible to the general public viahttp://www2003.org/. Authors are not required to transfercopyright. Detailed formatting and submission requirements areavailable at http://www2003.org/cfp.htm. Inquiries can be sent towww2003-pc-chairs@necmail.com.ALTERNATE TRACKSAlternate tracks include a combination of peer-reviewed papers andinvited presentations. Accepted papers will appear in a separateprinted proceedings to the main refereed track proceedings (excludingPanels and the Industrial and W3C tracks).* Education* Global Community* Industrial Track* Practice & Experience* Web Services [New for WWW2003]* W3C Track (latest news and views from the World Wide Web Consortium)* PanelsDetailed formatting and submission requirements are available athttp://www2003.org/cfp.htm. Inquiries can be sent towww2003-pc-chairs@necmail.com.INDUSTRIAL TRACKThe Industrial Track provides a forum for vendors, open sourcedevelopers, and industry, academic, and government deployers. For moreinformation and submission details see http://www2003.org/it/.Inquiries can be sent to mario@jeckle.de.PROGRAM COMMITTEE CO-CHAIRSYih-Farn Robin Chen, AT&T Labs - Research, chen@research.att.comL x s, MTA SZTAKI, laszlo.kovacs@sztaki.huSteve Lawrence, NEC Research Institute, lawrence-www@necmail.comPOSTERSPosters provide a forum for late-breaking research, and facilitatefeedback in an informal setting. Posters are peer-reviewed. The posterarea provides an opportunity for researchers and practitioners topresent and demonstrate their recent web-related research, and toobtain feedback from their peers in an informal setting. It givesconference attendees a way to learn about innovative works in progressin a timely and informal manner. Formatting and submissionrequirements are available at http://www2003.org/cfp.htm. Inquiriescan be sent to king@cse.cuhk.edu.hk.TUTORIALS AND WORKSHOPSA program of tutorials will cover topics of current interest to webdesign, development, services, operation, use, and evaluation. Thesehalf and full-day sessions will be led by internationally recognizedexperts and experienced instructors using prepared content.Workshops provide an opportunity for researchers, designers, leaders,and practitioners to explore current web R&D issues through a morefocused and in-depth manner than is possible in a traditionalconference session. Participants typically present position statementsand hold in-depth discussions with their peers within the workshopsetting.For more information and submission details seehttp://www2003.org/tut&ws.htm. Inquiries can be sent tobieber@oak.njit.edu.PANELSPanels provide an interactive forum that will engage both panelistsand the audience in lively discussion of important and oftencontroversial issues. For more information and submission details seehttp://www2003.org/panels.htm. Inquiries can be sent tocarole@cs.man.ac.uk.AWARDSBest Paper, Best Student Paper, Best Alternate Track Paper, BestAlternate Track Student Paper, Best Poster, Best Student Poster, andBest Presentation awards will be presented at the conference.DEVELOPERS DAYDevelopers Day (D-Day) will be devoted to the interests of webdevelopers, and will offer in-depth discussions of technologies andtools at the forefront of the web. This day-long program will consistof several parallel streams focused on specific content areas. D-Daysessions are designed to be timely and state-of-the-art.For more information and submission details see http://www2003.org/dd/.Inquiries can be sent to ivan@w3.org.REFEREED TRACK AREA CHAIRSApplications:Vice Chair: Fred Douglis, IBM Research, USADeputy Vice Chair: Maarten van Steen, VU Amsterdam, NetherlandsBrowsers and UI:Vice Chair: Marc Najork, Microsoft Research, USADeputy Vice Chair: Juliana Freire, OGI/OHSU, USAE-commerce:Vice Chair: Michael Wellman, University of Michigan, USADeputy Vice Chair: John Riedl, University of Minnesota, USAHypermedia:Vice Chair: m.c. schraefel, University of Toronto, CanadaDeputy Vice Chair: Peter N x nberg, Aalborg University Esbjerg, DenmarkMobility and Wireless Access:Vice Chair: Minoru Etoh, NTT DoCoMo, JapanDeputy Vice Chair: Sarolta Dibuz, Ericsson, HungaryMultimedia:Vice Chair: James Wang, Penn State University, USADeputy Vice Chair: Eric Chang, Microsoft Research, ChinaPerformance and Reliability:Vice Chair: Craig E. Wills, WPI, USADeputy Vice Chair: Mike Dahlin, UT Austin, USASearch and Data Mining:Vice Chair: Soumen Chakrabarti, Indian Institute of Technology, IndiaDeputy Vice Chair: Prabhakar Raghavan, Verity, USASecurity and Privacy:Vice Chair: Avi Rubin, AT&T Labs - Research, USADeputy Vice Chair: Brian LaMacchia, Microsoft, USASemantic Web:Vice Chair: Ian Horrocks, University of Manchester, UKDeputy Vice Chair: Brian McBride, HP, Bristol, UKWeb Engineering:Vice Chair: Martin Gaedke, University of Karlsruhe, GermanyDeputy Vice Chair: Daniel Schwabe, Pontifical Catholic University of Rio de Janeiro, BrazilALTERNATE TRACK CHAIRSEducation:Co-Chair: Paul De Bra, Eindhoven University of Technology, NetherlandsCo-Chair: Wolfgang Nejdl, University of Hannover, GermanyGlobal Communities:Co-Chair: David De Roure, University of Southampton, UKCo-Chair: Liddy Nevile, La Trobe University, AustraliaIndustrial Track:Chair: Mario Jeckle, DaimlerChrysler, GermanyDeputy Chair: Mary Ellen Zurko, IBM Software GroupPractice & Experience:Chair: Arun Iyengar, IBM Research, USADeputy Chair: Krishna Kant, IntelWeb Services:Chair: Steve Vinoski, IONA Technologies, USADeputy Chair: Francisco (Paco) Curbera, IBM Research, USAW3C:Chair: Marie-Claire Forgue, W3C, FrancePanels:Chair: Carole Goble, University of Manchester, UKDeputy Chair: Bernard Horan, Sun Microsystems Ltd, UKTUTORIALS AND WORKSHOPS CO-CHAIRSMichael Bieber, New Jersey Institute of Technology, bieber@oak.njit.eduBeatrix Toth, MTA SZTAKI, Beatrix.Toth@ella.huPOSTER CO-CHAIRSIrwin King, The Chinese University of Hong Kong, king@cse.cuhk.edu.hkTamas Maray, Technical University of Budapest, Hungary, maray@fsz.bme.huDEVELOPERS DAY CO-CHAIRSIvan Herman, W3C, ivan@w3.orgJanos Sz x , M x V Informatics, janos_szel@freemail.huCONFERENCE CO-CHAIRSGusztav Hencsey, MTA SZTAKI, hencsey@sztaki.huBebo White, Stanford Linear Accelerator Center, bebo@slac.stanford.eduIW3C2 LIAISON TO WWW2003Ivan Herman, W3C, ivan@w3.orgIW3C2 LIAISON TO THE PROGRAM COMMITTEEArun Iyengar, IBM Research, USA, aruni@us.ibm.comCONFERENCE ORGANIZERSInternational World Wide Web Conference Committee (IW3C2), http://www.iw3c2.org/Computer and Automation Research Institute of the Hungarian Academy ofSciences (MTA SZTAKI), http://www.sztaki.hu/CONFERENCE PARTNERSInternational Federation for Information Processing Working Group 6.4on Internet Applications Engineering (IFIP WG 6.4), and the World WideWeb Consortium (W3C).General questions about WWW2003 may be sent to info@www2003.org",
            "docno": "lists-100-3962309",
            "received": "Tue Oct  1 00:08:47 2002",
            "isoreceived": "20021001040847",
            "sent": "Tue, 01 Oct 2002 13:08:40 +0900",
            "isosent": "20021001040840",
            "name": "Minoru Etoh",
            "email": "toh@mml.yrp.nttdocomo.co.jp",
            "subject": "WWW2003 CALL FOR PAPERS",
            "id": "20021001125723.2AAA.ETOH@mml.yrp.nttdocomo.co.jp",
            "charset": "ISO-2022-JP",
            "expires": "-1",
            "to": "www-di@w3c.org\n",
            "cc": " Sarolta Dibuz<Sarolta.Dibuz@eth.ericsson.se>,etoh@mml.yrp.nttdocomo.co.jp\n"
        },
        {
            "body": "My apologizes for multiple copies.-------------------------------------WWW2003 CALL FOR PAPERSThe Twelfth International World Wide Web ConferenceMay 20-24, 2003, Budapest, Hungaryhttp://www2003.org/Paper submission deadline: November 15, 2002The International World Wide Web Conference Committee (IW3C2) and theComputer and Automation Research Institute of the Hungarian Academy ofSciences (MTA SZTAKI) cordially invite you to participate in theTwelfth International World Wide Web Conference on May 20-24, 2003, inBudapest, Hungary.International researchers, technologists, and leaders from academia,industry, and government will gather at WWW2003 to define, refine,present, demonstrate, and discuss the latest ideas and developments.The technical program will include refereed paper presentations,alternate tracks including an Industrial track (see below), plenarysessions, panels, and poster sessions. Tutorials and workshops willprecede the main program, and a Developers Day will follow, which willbe devoted to in-depth technical sessions designed specifically forweb developers.Hungary is situated at the heart of Europe, and has one of the fastestgrowing economies in the region, especially with respect toinformation technology and telecommunication. Budapest is one of themost beautiful capitals of the world, and is easy to reach by air oron ground. The warm hospitality of the people, excellent food,reliable and frequent public transportation, vivid cultural life, andrich museums attract millions of visitors every year. Hungary has avisitor-friendly visa policy, economically priced services and goods,and a pleasant climate, making it one of the most popular meetingvenues worldwide.IMPORTANT DATES*** Paper submission deadline: November 15, 2002 ***Author notification (papers): January 31, 2003Final papers due: February 28, 2003Poster submission deadline: January 15, 2003Author notification (posters): February 28, 2003Tutorial/workshop proposals deadline: October 15, 2002Panel proposals deadline: November 15, 2002Conference: May 20-24, 2003REFEREED PAPERS TRACKWWW2003 seeks original papers describing research in all areas of theweb. Papers should not have been published or be in submission atanother conference or journal. Topics include but are not limited to:* Applications* Browsers and User Interfaces* Electronic Commerce* Hypermedia* Mobility and Wireless Access* Multimedia* Performance and Reliability* Search and Data Mining* Security and Privacy* Semantic Web* Web Engineering [New for WWW2003]Submissions should present original reports of substantive newwork. Papers should properly place the work within the field, citerelated work, and clearly indicate the innovative aspects of the workand its contribution to the field. We will not accept any paper which,at the time of submission, is under review for or has already beenpublished or accepted for publication in a journal or anotherconference.Papers will be peer-reviewed by at least 3 reviewers from anInternational Program Committee. Accepted papers will appear in theconference proceedings published by the Association for ComputingMachinery (ACM), and will also be accessible to the general public viahttp://www2003.org/. Authors are not required to transfercopyright. Detailed formatting and submission requirements areavailable at http://www2003.org/cfp.htm. Inquiries can be sent towww2003-pc-chairs@necmail.com.ALTERNATE TRACKSAlternate tracks include a combination of peer-reviewed papers andinvited presentations. Accepted papers will appear in a separateprinted proceedings to the main refereed track proceedings (excludingPanels and the Industrial and W3C tracks).* Education* Global Community* Industrial Track* Practice & Experience* Web Services [New for WWW2003]* W3C Track (latest news and views from the World Wide Web Consortium)* PanelsDetailed formatting and submission requirements are available athttp://www2003.org/cfp.htm. Inquiries can be sent towww2003-pc-chairs@necmail.com.INDUSTRIAL TRACKThe Industrial Track provides a forum for vendors, open sourcedevelopers, and industry, academic, and government deployers. For moreinformation and submission details see http://www2003.org/it/.Inquiries can be sent to mario@jeckle.de.PROGRAM COMMITTEE CO-CHAIRSYih-Farn Robin Chen, AT&T Labs - Research, chen@research.att.comL x s, MTA SZTAKI, laszlo.kovacs@sztaki.huSteve Lawrence, NEC Research Institute, lawrence-www@necmail.comPOSTERSPosters provide a forum for late-breaking research, and facilitatefeedback in an informal setting. Posters are peer-reviewed. The posterarea provides an opportunity for researchers and practitioners topresent and demonstrate their recent web-related research, and toobtain feedback from their peers in an informal setting. It givesconference attendees a way to learn about innovative works in progressin a timely and informal manner. Formatting and submissionrequirements are available at http://www2003.org/cfp.htm. Inquiriescan be sent to king@cse.cuhk.edu.hk.TUTORIALS AND WORKSHOPSA program of tutorials will cover topics of current interest to webdesign, development, services, operation, use, and evaluation. Thesehalf and full-day sessions will be led by internationally recognizedexperts and experienced instructors using prepared content.Workshops provide an opportunity for researchers, designers, leaders,and practitioners to explore current web R&D issues through a morefocused and in-depth manner than is possible in a traditionalconference session. Participants typically present position statementsand hold in-depth discussions with their peers within the workshopsetting.For more information and submission details seehttp://www2003.org/tut&ws.htm. Inquiries can be sent tobieber@oak.njit.edu.PANELSPanels provide an interactive forum that will engage both panelistsand the audience in lively discussion of important and oftencontroversial issues. For more information and submission details seehttp://www2003.org/panels.htm. Inquiries can be sent tocarole@cs.man.ac.uk.AWARDSBest Paper, Best Student Paper, Best Alternate Track Paper, BestAlternate Track Student Paper, Best Poster, Best Student Poster, andBest Presentation awards will be presented at the conference.DEVELOPERS DAYDevelopers Day (D-Day) will be devoted to the interests of webdevelopers, and will offer in-depth discussions of technologies andtools at the forefront of the web. This day-long program will consistof several parallel streams focused on specific content areas. D-Daysessions are designed to be timely and state-of-the-art.For more information and submission details see http://www2003.org/dd/.Inquiries can be sent to ivan@w3.org.REFEREED TRACK AREA CHAIRSApplications:Vice Chair: Fred Douglis, IBM Research, USADeputy Vice Chair: Maarten van Steen, VU Amsterdam, NetherlandsBrowsers and UI:Vice Chair: Marc Najork, Microsoft Research, USADeputy Vice Chair: Juliana Freire, OGI/OHSU, USAE-commerce:Vice Chair: Michael Wellman, University of Michigan, USADeputy Vice Chair: John Riedl, University of Minnesota, USAHypermedia:Vice Chair: m.c. schraefel, University of Toronto, CanadaDeputy Vice Chair: Peter N x nberg, Aalborg University Esbjerg, DenmarkMobility and Wireless Access:Vice Chair: Minoru Etoh, NTT DoCoMo, JapanDeputy Vice Chair: Sarolta Dibuz, Ericsson, HungaryMultimedia:Vice Chair: James Wang, Penn State University, USADeputy Vice Chair: Eric Chang, Microsoft Research, ChinaPerformance and Reliability:Vice Chair: Craig E. Wills, WPI, USADeputy Vice Chair: Mike Dahlin, UT Austin, USASearch and Data Mining:Vice Chair: Soumen Chakrabarti, Indian Institute of Technology, IndiaDeputy Vice Chair: Prabhakar Raghavan, Verity, USASecurity and Privacy:Vice Chair: Avi Rubin, AT&T Labs - Research, USADeputy Vice Chair: Brian LaMacchia, Microsoft, USASemantic Web:Vice Chair: Ian Horrocks, University of Manchester, UKDeputy Vice Chair: Brian McBride, HP, Bristol, UKWeb Engineering:Vice Chair: Martin Gaedke, University of Karlsruhe, GermanyDeputy Vice Chair: Daniel Schwabe, Pontifical Catholic University of Rio de Janeiro, BrazilALTERNATE TRACK CHAIRSEducation:Co-Chair: Paul De Bra, Eindhoven University of Technology, NetherlandsCo-Chair: Wolfgang Nejdl, University of Hannover, GermanyGlobal Communities:Co-Chair: David De Roure, University of Southampton, UKCo-Chair: Liddy Nevile, La Trobe University, AustraliaIndustrial Track:Chair: Mario Jeckle, DaimlerChrysler, GermanyDeputy Chair: Mary Ellen Zurko, IBM Software GroupPractice & Experience:Chair: Arun Iyengar, IBM Research, USADeputy Chair: Krishna Kant, IntelWeb Services:Chair: Steve Vinoski, IONA Technologies, USADeputy Chair: Francisco (Paco) Curbera, IBM Research, USAW3C:Chair: Marie-Claire Forgue, W3C, FrancePanels:Chair: Carole Goble, University of Manchester, UKDeputy Chair: Bernard Horan, Sun Microsystems Ltd, UKTUTORIALS AND WORKSHOPS CO-CHAIRSMichael Bieber, New Jersey Institute of Technology, bieber@oak.njit.eduBeatrix Toth, MTA SZTAKI, Beatrix.Toth@ella.huPOSTER CO-CHAIRSIrwin King, The Chinese University of Hong Kong, king@cse.cuhk.edu.hkTamas Maray, Technical University of Budapest, Hungary, maray@fsz.bme.huDEVELOPERS DAY CO-CHAIRSIvan Herman, W3C, ivan@w3.orgJanos Sz x , M x V Informatics, janos_szel@freemail.huCONFERENCE CO-CHAIRSGusztav Hencsey, MTA SZTAKI, hencsey@sztaki.huBebo White, Stanford Linear Accelerator Center, bebo@slac.stanford.eduIW3C2 LIAISON TO WWW2003Ivan Herman, W3C, ivan@w3.orgIW3C2 LIAISON TO THE PROGRAM COMMITTEEArun Iyengar, IBM Research, USA, aruni@us.ibm.comCONFERENCE ORGANIZERSInternational World Wide Web Conference Committee (IW3C2), http://www.iw3c2.org/Computer and Automation Research Institute of the Hungarian Academy ofSciences (MTA SZTAKI), http://www.sztaki.hu/CONFERENCE PARTNERSInternational Federation for Information Processing Working Group 6.4on Internet Applications Engineering (IFIP WG 6.4), and the World WideWeb Consortium (W3C).General questions about WWW2003 may be sent to info@www2003.org",
            "docno": "lists-100-3983055",
            "received": "Tue Oct  1 20:03:20 2002",
            "isoreceived": "20021002000320",
            "sent": "Wed, 02 Oct 2002 09:03:10 +0900",
            "isosent": "20021002000310",
            "name": "Minoru Etoh",
            "email": "toh@mml.yrp.nttdocomo.co.jp",
            "subject": "WWW2003 CALL FOR PAPERS",
            "id": "20021001130850.2AB6.ETOH@mml.yrp.nttdocomo.co.jp",
            "charset": "ISO-2022-JP",
            "expires": "-1",
            "to": "www-di@w3c.org\n",
            "cc": " Sarolta Dibuz<Sarolta.Dibuz@eth.ericsson.se>,etoh@mml.yrp.nttdocomo.co.jp\n"
        },
        {
            "body": "You can use the web version of CIAO.  Visit either the demo site athttp://www.research.att.com/~chen/web-demoor the home page of CIAOhttp://www.research.att.com/~chen/ciao--Yih-Farn Chen   (Robin)     AT&T Research--------------------------------------------------------------------2B-138, 600 Mountain Avenue, Murray Hill, NJ 07974-0636attached mail follows:Saw this on the http-wg list -- completely wrong place for it -- and no reply.Thought you might want to contact the author.Return-Path: cuckoo.hpl.hp.com!http-wg-requestReceived: by toucan; Thu Nov 28 10:11:01 EST 1996Received: from hplb.hpl.hp.com by research; Thu Nov 28 10:08:21 EST 1996Received: from cuckoo.hpl.hp.com by hplb.hpl.hp.com; Thu, 28 Nov 1996 15:00:22 GMTReceived: by cuckoo.hpl.hp.com(1.37.109.16/15.6+ISC) id AA251613198; Thu, 28 Nov 1996 14:59:58 GMTResent-Date: Thu, 28 Nov 1996 14:59:58 GMTDate: Thu, 28 Nov 1996 15:56:55 +0100From: doan@cambur.emse.fr (Bich-lien Doan)Message-Id: <199611281456.PAA12198@groseille.chic>Subject: build a web graphMime-Version: 1.0Content-Type: text/plain; charset=us-asciiContent-Transfer-Encoding: 7bitContent-Md5: Vq/udqxot8rjgK6wXPzTcg==Resent-Message-Id: <\"Sc9NZ.0.p86.OZQdo\"@cuckoo>Resent-From: http-wg@cuckoo.hpl.hp.comX-Mailing-List: <http-wg@cuckoo.hpl.hp.com> archive/latest/1981X-Loop: http-wg@cuckoo.hpl.hp.comPrecedence: listResent-Sender: http-wg-request@cuckoo.hpl.hp.comhello,Has anybody written a program which build the hypertext graph for a web site?Before doing a c program, I want to know if that existsthank youbl doan*        Bich-Lien DOAN                                             **        Ecole Nationale des Mines de Saint-Etienne                 **        Centre SIMADE                                              **        158, cours Fauriel  42023 Saint-Etienne Cedex 2, France    *",
            "docno": "lists-010-12669167",
            "received": "Tue Dec  3 06:50:49 1996",
            "isoreceived": "19961203115049",
            "sent": "Tue, 03 Dec 1996 09:32:08 0500",
            "isosent": "19961203143208",
            "name": "YihFarn Robin Chen",
            "email": ": chen@research.att.com  phone: (908)-582-7483  fax: (908)-582-3063",
            "subject": "[Fwd: fwd: web graph query]",
            "id": "32A439E8.167E@research.att.com",
            "charset": "usascii",
            "expires": "1",
            "to": " http-wg%cuckoo.hpl.hp.com@hplb.hpl.hp.com\n"
        }
    ]
}