{
    "id": "candidate-1085",
    "name": "Molly Holzschlag",
    "gender": "FEMALE",
    "email": "molly@molly.com",
    "mails": [
        {
            "body": "Jim and I had a similar discussion a few weeks ago.  This helped meclarify my thinking, but I don't necessarily agreed with all of Jim'sviews.Anyway, in the context of the WASP document:Why use XHTML 1.0?One possible reasons:It's the latest recommended version of HTML, according to W3C. If thisis not the case (it's experimental, browsers aren't ready for it, etc.)the W3C page should be updated to reflect this otherwise W3C are givingthe wrong signals.The WaSP page says \"XHTML is easier to maintain\".I would agree with Jim that this is misleading - the current generationof tools aren't XHTML-ready; XHTML validators aren't widely deployed,give ambiguous results, etc.The WaSP page says 'The margin for errors in HTML is much broader thanin XHTML, where the rules are very clear.'I'd draw the opposite conclusion.  The HTML spec allows mixed case forelements, quoted or unquoted attributes in many cases, etc.  HTML istherefore more tolerant of not only errors but also different approachesto producing compliant HTML; unlike XHTML which does not provide suchflexibility.The WaSP page says \"HTML is easier to teach and to learnThe syntax rules defined by XML are far more consistent than those foundin HTML and therefore easier to explain than the SGML rules on whichHTML is based.\"Partly true, but most people won't be learning from scratch and willhave to unlearn current HTML.The WaSP page says 'XHTML is XSL ready'I agree this is a valid reason - but there's still the MIME type issueto consider.Incidentally the MIME type issue is a reason why XHTML is not easier tomaintain.  Put an unescaped ampersand or an MS Windows character in aHTML page and it's still viewable on many platforms; do the same in anXHTML document with an XHTML MIME type and you get nothing.  XHTML isless fault-tolerant but more rigorous - a simple \"XHTML is easier tomaintain\" slogan is quite clearly incorrect.>> \"Switching from HTML 4.01 to XHTML 1.0 brings almost no> direct benefits for the visitors of your Web site\">> Almost no? - could you expand on the benefits it does bring,> as this was what I was hoping to get from the question, and> alluding to, but not listing the benefits has left me just> wanting more.Wouldn't \"Switching from HTML 4.01 to XHTML 1.0 currently brings almostnodirect benefits for the visitors of your Web site but the ability tomake use of XSLT provides the potential for a range of benefits\" be areasonable comment to make?>> I really do appreciate the work of the QA team and the WASP,> and I'm sorry that my responses to their articles are> generally negative, but I do believe their decision to defend> a bad technology decision (XHTML as text/html) should not be> supported, and it should have to actually talk the truth and> not gloss over the flaws.>The position I'm coming to is that XHTML + correct MIME type should bedeployed today in circumstances in which compliant XHTML 1.0 can beguaranteed - typically with software which can impose compliance doingthe creation.  XHTML 1.0 is not recommended for use with HTML authoringtools unless they can force strict compliance or unless there is apublication process which addresses these issues (and using vi to writedirectly to Web file store can't do that!).Brian> Hi,>> The first of my two almost certainly predictable responses to...>> http://www.webstandards.org/learn/askw3c/oct2003.html>> (This is for the errors/lack of clarirty in the document, the> other is to attempt to rebut the arguments)>> [in XHTML 1.0]> \"empty elements are terminated using a space and a trailing slash\">> no they're not in XHTML, they're closed by a trailing slash -> the whitespace is not relevant.>> Next is not strictly an error, but in the context of> authoring XHTML 1.0 today, where Appendix C compliance is> essential, the example has:>> <p xml:lang=\"fr\"> ... </p>>> This is not allowed under Appendix C. which requires that> xml:lang and lang be duplicated.>> Also, you state that only syntax not semantics have changed,> I do not agree with this statement, in HTML and XHTML>> <script type=\"appliction/x-jims-script\">> <!--> // -->> </script>>> Has different semantics - in HTML the <!-- is part of a> script, in XHTML it is a comment.  The semantics may not> matter to most people, but the application/x-jims-script> actually considers <!-- to mean write the current date. and> // --> to write the current time.  Utterly contrived example> of course, but an example of how the semantics of elements> have changed IMO (what's a comment in XHTML is a script in HTML)>>> \"In HTML, [...] termination of many elements [...] are> allowed and commonplace.\">> Could you provide an example of an element in HTML which is> allowed to not be terminated. (as opposed to a tag of course> which can, AIUI it is not possible to have a valid HTML> document with elements not closed.)>> Enough of the errors, although they need fixing before the> rest of the document can be taken seriously, now the actual> content of the document:>> \"Switching from HTML 4.01 to XHTML 1.0 brings almost no> direct benefits for the visitors of your Web site\">> Almost no? - could you expand on the benefits it does bring,> as this was what I was hoping to get from the question, and> alluding to, but not listing the benefits has left me just> wanting more.>> \"XHTML is easier to maintain\">> This glosses over the fact that there are no QA tools to> ensure XHTML Appendix C compliance, without these, I can't> see how the claim can be justified - especially as one of the> statements isn't even detectable by the W3's own XHTML> validator, or any other validator/QA tool I know of.>> \"The margin for errors in HTML is much broader than in XHTML,> where the rules are very clear\">> What are unclear about the rules of HTML4 ?  The W3's> validator, and other SGML based validation appear to have no> problem in validating to the HTML rules - Is the document> intending to suggest that the HTML 4 specification> is flawed?   I have large problems with the XHTML> specification for example> Appendix C.1 suggests avoiding PI's and Appendix C.14> suggests using PI's - this contradiction in the specification> is not what I'd call clear.>> I really do appreciate the work of the QA team and the WASP,> and I'm sorry that my responses to their articles are> generally negative, but I do believe their decision to defend> a bad technology decision (XHTML as text/html) should not be> supported, and it should have to actually talk the truth and> not gloss over the flaws.>> Cheers,>> Jim.>>",
            "docno": "lists-015-11322069",
            "received": "Thu Oct 30 13:50:17 2003",
            "isoreceived": "20031030185017",
            "sent": "Thu, 30 Oct 2003 18:50:14 0000",
            "isosent": "20031030185014",
            "name": "Brian Kelly",
            "email": "B.Kelly@ukoln.ac.uk",
            "subject": "RE: WASP asks the W3  XHTML 1.0 or HTML 4.01",
            "id": "005a01c39f16$a7a5e570$d513268a@ukoln.ac.uk",
            "charset": "USASCII",
            "inreplyto": "00ba01c39f0e$f911fcd0$428f9bd9&#64;Snork",
            "expires": "1",
            "to": " 'Jim Ley'<jim@jibbering.com>,public-evangelist@w3.org,molly@molly.com\n"
        },
        {
            "body": "Hi Bjoern,> What's the current status of this project?This is so interesting that you ask this today.  I was coordinating this forWaSP, but things got busy and you know how that goes.  Just yesterday Ireferred someone to the article we did back in December, and I realized thatthis was a very worthy project and I would like to resume working on it.That said, I do have a good follow-up article that I was working on withOlivier and Karl, so I will commit to finishing that and publishing it onthe WaSP site.I'm really grateful you asked this question because combined with my thoughtonly yesterday it confirms my sense that this is a very good opportunity andone that I don't want to see lost by the wayside.The help I could use here would be a list of great topic ideas, this way wecan put together an editorial calendar of sorts and work on a topic a month.I look forward to everyone's thoughts!MollyMolly E. Holzschlag,  Communications DirectorWorld Organization of Webmasters, http://www.joinwow.org/personal site: http://www.molly.com/molly@molly.com",
            "docno": "lists-015-10464021",
            "received": "Tue Jul 29 08:56:32 2003",
            "isoreceived": "20030729125632",
            "sent": "Tue, 29 Jul 2003 05:56:06 0700",
            "isosent": "20030729125606",
            "name": "Molly E. Holzschlag",
            "email": "olly@Molly.COM",
            "subject": "Re: WaSP Asks the W3C",
            "id": "002401c355d0$c7bee1c0$9d00a8c0@molly",
            "charset": "iso-88591",
            "inreplyto": "3f3826fc.574965036&#64;smtp.bjoern.hoehrmann.de",
            "expires": "1",
            "to": " Bjoern Hoehrmann<derhoermi@gmx.net>\n",
            "cc": "public-evangelist@w3.org\n"
        },
        {
            "body": "Hi Ian,Thanks for your great suggestions.  I really like what you say aboutclarification and audience.  Obviously, this is the first toe in the bigpool, and everyone's comments are more than welcome/necessary to help makethis a success.I'll look at your suggestions and modify the document a bit for clarity.Thanks again,MollyMolly E. HolzschlagEducation DirectorWorld Organization of WebmastersAuthor / Instructor / Web Designerweb: http://www.molly.com/",
            "docno": "lists-015-6803556",
            "received": "Mon Dec  9 20:23:15 2002",
            "isoreceived": "20021210012315",
            "sent": "Mon, 09 Dec 2002 18:21:48 0700",
            "isosent": "20021210012148",
            "name": "Molly E. Holzschlag",
            "email": ": molly@molly.com",
            "subject": "RE: Comments on &quot;WaSP Asks the W3C&quot;",
            "id": "DPENIEGCFCOOCPBENLJLMELHCGAA.molly@molly.com",
            "charset": "usascii",
            "inreplyto": "3DF4CF49.40305&#64;w3.org",
            "expires": "1",
            "to": "\"Ian B. Jacobs\"<ij@w3.org>,public-evangelist@w3.org\n"
        },
        {
            "body": "In an effort to assist developers and designers in understanding detailedissues when working with web standards, WaSP and the W3C kick off a newproject today.The project, \"WaSP Asks the W3C\" involves WaSP Steering Committee membersculling questions from supporters and asking members of the W3C's QualityAssurance Group for insight and details. WaSP hopes you'll find the projectworthwhile.The first article is on properly specifying character sets.http://www.webstandards.org/learn/askw3c/dec2002.htmlDiscussion can take place here.Looking forward to your thoughts,MollyMolly E. HolzschlagEducation DirectorWorld Organization of WebmastersAuthor / Instructor / Web Designerweb: http://www.molly.com/",
            "docno": "lists-015-6787615",
            "received": "Mon Dec  9 10:30:16 2002",
            "isoreceived": "20021209153016",
            "sent": "Mon, 09 Dec 2002 08:28:53 0700",
            "isosent": "20021209152853",
            "name": "Molly E. Holzschlag",
            "email": ": molly@molly.com",
            "subject": "WaSP Asks the W3C",
            "id": "DPENIEGCFCOOCPBENLJLAEKKCGAA.molly@molly.com",
            "charset": "iso-88591",
            "expires": "1",
            "to": "public-evangelist@w3.org\n"
        },
        {
            "body": "Spam Arrest Sender VerificationCould someone unsubscribe Molly? Appareantly she does not want to receive messages from any sender to the list unless each sender verifies his email address - I wonder how many mails she even get from the list ;)----- Original Message -----From: MollyTo: public-evangelist-w3@jscript.dkSent: Friday, August 30, 2002 11:02 AMSubject: RE: Re: CSS and Netscape (verification)Molly here,I'm protecting myself from receiving junk mail.Just this once, click the link below so I can receive your emails.You won't have to do this again.http://spamarrest.com/a?68689800:53525You are receiving this message in response to your email to molly@molly.com, a Spam Arrest customer.Spam Arrest requests that senders verify themselves before their email is delivered.When you click the above link, you will be taken to a page with a graphic on it. Simply read the word in the graphic, type it into the form, and you're verified.You will only need to do this once per Spam Arrest customer.",
            "docno": "lists-015-6372237",
            "received": "Fri Aug 30 05:25:41 2002",
            "isoreceived": "20020830092541",
            "sent": "Fri, 30 Aug 2002 11:26:40 +0200",
            "isosent": "20020830092640",
            "name": "Thor Larholm",
            "email": "public-evangelistw3@jscript.dk",
            "subject": "Re: Re: CSS and Netscape (verification)",
            "id": "000f01c25007$594718e0$858370d4@thor2k",
            "charset": "iso-88591",
            "inreplyto": "2240637.1030697965567.JavaMail.root&#64;server1.spamarrest.com",
            "expires": "1",
            "to": "\"Molly\"<molly@molly.com>,<public-evangelist@w3.org>\n"
        }
    ]
}