{
    "id": "candidate-1082",
    "name": "Daniel Veillard",
    "gender": "MALE",
    "email": "daniel@veillard.com",
    "mails": [
        {
            "body": "From my viewpoint (i.e., not representing the WG), the focus of therequest wasn't to \"push\" a particular way to support this onto DOM;rather, to solicit feedback from DOM about how it would be bestaccommodated. Based on the discussion so far, subclassing seems to be agood approach, but it sounds likely that it would need to be done by aWG other than DOM.On May 6, 2004, at 7:19 AM, Daniel Veillard wrote:>> On Sat, May 01, 2004 at 02:15:16PM -0400, Elliotte Rusty Harold wrote:>>>> At 3:47 PM +0200 5/1/04, Robin Berjon wrote:>>>>> DOM Level 2 HTML also does not deal with XML. It's the DOM all the>>> same.>>> SMIL and SVG DOMs have non-XML features, yet they integrate well,>>> strongly, and usefully with the Core DOM. If that's pollution, it>>> would seem we are much polluted already, and people are liking it.>>>> Those work by subclassing the existing DOM interfaces. I read this>> proposal to be requesting modifications to the core of DOM, a very>> different thing. If that's not the case, and they just want to>> subclass, then why do they need support for the DOM Core group>> instead of doing it themselves as the SVG and SMIL groups have done?>>>> However, SMIL and SVG are XML. XOP is not. I really question whether>> trying to present XOP as XML is the right path, especially since they>> seem to find it onerous to use the existing APIs for processing XML.>>>> HTML is not XML (though XHTML is) and this is partly responsible for>> the mess that is DOM. And people do not like it. In fact, I would say>> that web developers who have to deal with HTML DOMs are even less>> fond of the DOM than XML developers are.>>   +1>>  I'm with Eliotte here. Either subclass or simply make a new API set,> it doesn't have to be pushed to the DOM level. If you are not handling> Markup based structures then use another API, maybe it already exists> maybe not, but in the later case it's not a reason to push it in DOM> which is already complex enough.>> Daniel>> --> Daniel Veillard      | libxml Gnome XML XSLT toolkit> http://xmlsoft.org/> daniel@veillard.com  | Rpmfind RPM search engine http://rpmfind.net/> http://veillard.com/ |>>--Mark Nottingham   Principal TechnologistOffice of the CTO   BEA Systems",
            "docno": "lists-105-1525676",
            "received": "Thu May  6 14:03:13 2004",
            "isoreceived": "20040506180313",
            "sent": "Thu, 6 May 2004 10:47:00 -0700",
            "isosent": "20040506174700",
            "name": "Mark Nottingham",
            "email": "rk.nottingham@bea.com",
            "subject": "Re: Request for review: XOP",
            "id": "6042A6BE-9F85-11D8-9AC2-000A95BD86C0@bea.com",
            "charset": "US-ASCII",
            "inreplyto": "20040506141936.GD29756&#64;daniel.veillard.com",
            "expires": "-1",
            "cc": " Elliotte Rusty Harold<elharo@metalab.unc.edu>,xmlp-comments@w3.org,www-dom@w3.org, Robin Berjon<robin.berjon@expway.fr>, XMLP Dist App<xml-dist-app@w3.org>\n",
            "to": "daniel@veillard.com\n"
        },
        {
            "body": "On Sat, May 01, 2004 at 02:15:16PM -0400, Elliotte Rusty Harold wrote:>> At 3:47 PM +0200 5/1/04, Robin Berjon wrote:>> >DOM Level 2 HTML also does not deal with XML. It's the DOM all the same.> > SMIL and SVG DOMs have non-XML features, yet they integrate well,> >strongly, and usefully with the Core DOM. If that's pollution, it> >would seem we are much polluted already, and people are liking it.>> Those work by subclassing the existing DOM interfaces. I read this> proposal to be requesting modifications to the core of DOM, a very> different thing. If that's not the case, and they just want to> subclass, then why do they need support for the DOM Core group> instead of doing it themselves as the SVG and SMIL groups have done?>> However, SMIL and SVG are XML. XOP is not. I really question whether> trying to present XOP as XML is the right path, especially since they> seem to find it onerous to use the existing APIs for processing XML.>> HTML is not XML (though XHTML is) and this is partly responsible for> the mess that is DOM. And people do not like it. In fact, I would say> that web developers who have to deal with HTML DOMs are even less> fond of the DOM than XML developers are.+1I'm with Eliotte here. Either subclass or simply make a new API set,it doesn't have to be pushed to the DOM level. If you are not handlingMarkup based structures then use another API, maybe it already existsmaybe not, but in the later case it's not a reason to push it in DOMwhich is already complex enough.Daniel--Daniel Veillard      | libxml Gnome XML XSLT toolkit  http://xmlsoft.org/daniel@veillard.com  | Rpmfind RPM search engine http://rpmfind.net/http://veillard.com/ |",
            "docno": "lists-105-1515689",
            "received": "Thu May  6 10:20:16 2004",
            "isoreceived": "20040506142016",
            "sent": "Thu, 6 May 2004 16:19:36 +0200",
            "isosent": "20040506141936",
            "name": "Daniel Veillard",
            "email": "daniel@veillard.com",
            "subject": "Re: Request for review: XOP",
            "id": "20040506141936.GD29756@daniel.veillard.com",
            "charset": "us-ascii",
            "inreplyto": "06010202bcb9986d95cf&#64;[192.168.254.88]",
            "expires": "-1",
            "to": " Elliotte Rusty Harold<elharo@metalab.unc.edu>\n",
            "cc": " Robin Berjon<robin.berjon@expway.fr>,www-dom@w3.org, XMLP Dist App<xml-dist-app@w3.org>,xmlp-comments@w3.org\n"
        },
        {
            "body": "On Thu, May 06, 2004 at 10:47:00AM -0700, Mark Nottingham wrote:> From my viewpoint (i.e., not representing the WG), the focus of the> request wasn't to \"push\" a particular way to support this onto DOM;> rather, to solicit feedback from DOM about how it would be best> accommodated. Based on the discussion so far, subclassing seems to be a> good approach, but it sounds likely that it would need to be done by a> WG other than DOM.Okay, that sounds reasonable, subclassing is fine. My main worryis that DOM is already considered complex, and has a lot of differentextensions. The only thing more or less clear to users is that it isan API to process parsed markup languages, and it's probably betterto avoid using the \"DOM\" name for anything which is not strongly tiedto markup.Daniel--Daniel Veillard      | libxml Gnome XML XSLT toolkit  http://xmlsoft.org/daniel@veillard.com  | Rpmfind RPM search engine http://rpmfind.net/http://veillard.com/ |",
            "docno": "lists-105-1536658",
            "received": "Thu May  6 15:09:41 2004",
            "isoreceived": "20040506190941",
            "sent": "Thu, 6 May 2004 21:09:29 +0200",
            "isosent": "20040506190929",
            "name": "Daniel Veillard",
            "email": "daniel@veillard.com",
            "subject": "Re: Request for review: XOP",
            "id": "20040506190929.GH29756@daniel.veillard.com",
            "charset": "us-ascii",
            "inreplyto": "6042A6BE-9F85-11D8-9AC2-000A95BD86C0&#64;bea.com",
            "expires": "-1",
            "to": " Mark Nottingham<mark.nottingham@bea.com>\n",
            "cc": "daniel@veillard.com, Elliotte Rusty Harold<elharo@metalab.unc.edu>,xmlp-comments@w3.org,www-dom@w3.org, Robin Berjon<robin.berjon@expway.fr>, XMLP Dist App<xml-dist-app@w3.org>\n"
        }
    ]
}