{
    "id": "candidate-1047",
    "name": "Carlos A. Velasco",
    "gender": "MALE",
    "email": "Carlos.Velasco@fit.fraunhofer.de",
    "mails": [
        {
            "body": "Hi Carlos.Countries could just say that they require  WCAG Core or higher.   ThePluses are just to let people get credit for doing more (and incentive to gohigher than the minimum for a country)Gregg-- ------------------------------Gregg C Vanderheiden Ph.D.Professor - Ind. Engr. & BioMed Engr.Director - Trace R & D CenterUniversity of Wisconsin-Madison-----Original Message-----From: w3c-wai-gl-request@w3.org [mailto:w3c-wai-gl-request@w3.org] On BehalfOf Carlos A VelascoSent: Tuesday, June 10, 2003 2:11 PMSubject: Re: Please review: Updated draft of conformance section for nextdraftHi Wendy, all,Just a quick thought. We are all well aware that one of the problems ofexpressing conformance to WCAG 1.0 was \"how do I explain this to anon-technical person\" (e.g. legislator, politician, manager, etc.). Thedifferent drafts of WCAG 2.0 seem to become more and more cumbersome inthis issue. We shall probably start to think that we are not writing forourselves, as the abstract says \"... and to use wording that may beunderstood by a more varied audience.\"In Germany, WCAG 1.0 has been adopted as legislation, combining WCAG 1.0A and AA into Priority 1 items, and AAA as Priority 2 (almost). Wehave discussed this issue with people involved in the legal process, andbasically, there is no chance a legal document can deal with AConformance, A+ Conformance, AA- Conformance and so on (not to mentionCore+1, Core+2, etc.). In Europe, most countries are adopting or intendto adopt WCAG in one way or another. And they want to update to WCAG2.0, when the moment comes (at least, in Germany). Conformance is a keyissue, and we shall make it simpler.2 (Euro-)cents from an outsider.regards,carlosWendy A Chisholm wrote:> Hello,>> At last week's meeting, I took an action to update the draft conformance> section based on discussion.  It is attached.>> Major changes:>> 1. added \"Best Practice items to do not need to be met to claim> conformance to a Checkpoint.\" to explanations of Core and Extended.> 2. added summary of issues with Core+ to bullet 4 of \"Conformance Claims\">> --wendy>>> ------------------------------------------------------------------------>>>       Conformance>> *Reviewer's Note:* As we publish this Working Draft of WCAG 2.0, the> WCAG WG is in the midst of significantly changing the conformance scheme> from previous drafts. This section outlines the conformance structure> used throughout this document. Feedback, comments, and proposals are> encouraged.>> Checkpoints are divided into two groups:>> *Core*>     To conform to WCAG 2.0, the Required Success Criteria of Core>     Checkpoints must be satisfied. Best Practice items to do not need to>     be met to claim conformance to a Checkpoint.> *Extended*>     These are additional checkpoints that may be reported in addition to>     Core conformance if the Required Success Criteria for a given>     Extended Checkpoint are satisfied. Best Practice items to do not>     need to be met to claim conformance to a Checkpoint.>>>         Conformance Claims>>    1. No conformance claim of any type may be made unless all Required>       Success Criteria have been met for all Core Checkpoints.>    2. If /all/ of the Required Success Criteria for /all/ Core>       Checkpoints have been met, then a conformance claim of \"WCAG 2.0>       Core\" can be made.>    3. If /all/ of the Required Success Criteria for /all/ Core /and all/>       Extended Checkpoints have been met, then a conformance claim of>       \"WCAG 2.0 Extended\" can be made.>    4. If /all/ of the Required Success Criteria for /all/ Core and>       /some/ Extended Checkpoints have been met, then a conformance>       claim of \"WCAG 2.0 Core+\" can be made. *Reviewer's Note*: Feedback>       from WCAG 1.0 indicates that developers often do not attempt to>       meet any Priority 2 Checkpoints because there is no way to>       indicate in the conformance claim that they have \"done more than>       Level A but not enough to claim Level AA.\" \"Core+\" is a proposal>       that allows developers to say, \"I do more than Core but not all of>       the Extended.\" However, the WCAG WG has several issues and>       questions about Core+ conformance claims:>           * How should conformance claims state /which/ Extended>             Checkpoints are met? in metadata? in a site accessibility>             statement? some other method?>           * How should conformance claims state /how many/ Extended>             Checkpoints are met? in metadata? with core+n (n=number of>             Extended checkpoints)? in a site accessibility statement?>             some other method?>           * If Core+ is claimed, should we require a statement about>             which Extended checkpoints are met?>           * Is there a separate logo for each level: core, core+, and>             extended? If so,what does the logo point to?>           * Comparisons of Core+ conformance claims can not be made>             unless detailed information is provided about the Extended>             checkpoints that are met.>           * Should detailed conformance information be provided in>             metadata? There is doubt that it will be kept up to date,>             especially if the site becomes/less/ accessible over time.>             Also, we may be unable to require metadata since some>             companies have indicated that the legal and ISO 9000>             ramifications would prevent them from posting metadata>             describing the exact conformance.>           * If it were possible to claim \"Core+n\" where \"n\" denotes the>             number of Extended Checkpoints that are met, some developers>             report that they would be encouraged to meet more Extended>             Checkpoints and increase the number they can report.>             However, people are likely to compare the number and these>             comparisons could be misleading. For example, a site that>             claims \"Core+2\" could be more accessible than a site that>             claims \"Core+3\" depending on which checkpoints are met.>> All conformance claims must include (at minimum):>>    1. The version of the guidelines to which a conformance claim is made>       and the dated URI of the guidelines document.>    2. The scope of the conformance claim. The scope describes which>       parts of a site or application are included in the claim.>       *Reviewer's Note:*Should exclusions be allowed for certain types>       of content, such as third-party or copyrighted material that is>       being reprinted? How does one define scope? Is it an end-to-end>       process that the user should be able to complete? Is it a path>       through accessible content?>    3. The set of checkpoints being claimed (Core or Extended).>    4. The date the conformance claim was made.>>>         Sites that conform to WCAG 1.0>> Sites that currently conform to WCAG 1.0 that want to shift towards WCAG> 2.0 will want to capitalize on past accessibility efforts. A qualified> conformance statement could allow them this flexibility. For example, a> conformance claim might include the following statement, \"Materials> created or modified before 24 April 2003 conform to WCAG 1.0. Materials> created or modified on or after 24 April 2003 conform to WCAG 2.0.\">> *Reviewer's Note:* In some instances, the WCAG 2.0 Working Draft may be> easier to conform to than the WCAG 1.0 Recommendation while other> criteria might be harder to meet in WCAG 2.0 than in WCAG 1.0. The WCAG> WG will consider the differences between WCAG 1.0 and WCAG 2.0> conformance and offer advice to developers who currently conform to WCAG> 1.0. This advice might take the form of a WCAG 1.0 conformance profile> to WCAG 2.0 and information about migrating from WCAG 1.0 to WCAG 2.0.> This advice is not yet available.>--Dr Carlos A Velasco - mailto:Carlos.Velasco@fit.fraunhofer.deFraunhofer-Institut f?r Angewandte Informationstechnik (FIT.LIFE)[Fraunhofer Institute for Applied Information Technology (FIT.LIFE)]http://access.fit.fraunhofer.de/Barrierefreie Informations- und Kommunikationstechnologie f?r AlleSchloss Birlinghoven, D53757 Sankt Augustin (Germany)Tel: +49-2241-142609 Fax: +49-2241-1442609",
            "docno": "lists-070-16189808",
            "received": "Wed Jun 11 01:27:23 2003",
            "isoreceived": "20030611052723",
            "sent": "Wed, 11 Jun 2003 00:24:48 -0500",
            "isosent": "20030611052448",
            "name": "Gregg Vanderheiden",
            "email": "gv@trace.wisc.edu",
            "subject": "RE: Please review: Updated draft of conformance section for next draft",
            "id": "008c01c32fda$054faeb0$026fa8c0@USD320002X",
            "charset": "iso-8859-1",
            "inreplyto": "3EE62D59.5020502&#64;fit.fraunhofer.de",
            "expires": "-1",
            "to": " Wendy A Chisholm\n",
            "cc": " w3c-wai-gl@w3.org\n"
        },
        {
            "body": "I agree with Gregg.The problem now in Europe is that in some countries (like Italy) some partof the government wanna create normative \"section 508-like\" and not the fullreceipt of the WCAG.Also, i remember that in the European Community pages [1] talks about \"WAI\"that is not only WCAG :)[1]http://europa.eu.int/information_society/topics/citizens/accessibility/web/wai_2002/",
            "docno": "lists-070-16208454",
            "received": "Wed Jun 11 03:07:07 2003",
            "isoreceived": "20030611070707",
            "sent": "Wed, 11 Jun 2003 09:06:14 +0200",
            "isosent": "20030611070614",
            "name": "Roberto Scano - IWA/HWG",
            "email": "rscano@iwa-italy.org",
            "subject": "Re: Please review: Updated draft of conformance section for next draft",
            "id": "009c01c32fe7$fb86c450$0100a8c0@NBRSIWA",
            "charset": "iso-8859-1",
            "inreplyto": "008c01c32fda$054faeb0$026fa8c0&#64;USD320002X",
            "expires": "-1",
            "to": "<gv@trace.wisc.edu>,\"'Carlos A Velasco'\"<Carlos.Velasco@fit.fraunhofer.de>,\"'Wendy A Chisholm'\"<wendy@w3.org>\n",
            "cc": "<w3c-wai-gl@w3.org>\n"
        },
        {
            "body": "Hi Wendy, all,Just a quick thought. We are all well aware that one of the problems ofexpressing conformance to WCAG 1.0 was \"how do I explain this to anon-technical person\" (e.g. legislator, politician, manager, etc.). Thedifferent drafts of WCAG 2.0 seem to become more and more cumbersome inthis issue. We shall probably start to think that we are not writing forourselves, as the abstract says \"... and to use wording that may beunderstood by a more varied audience.\"In Germany, WCAG 1.0 has been adopted as legislation, combining WCAG 1.0A and AA into Priority 1 items, and AAA as Priority 2 (almost). Wehave discussed this issue with people involved in the legal process, andbasically, there is no chance a legal document can deal with AConformance, A+ Conformance, AA- Conformance and so on (not to mentionCore+1, Core+2, etc.). In Europe, most countries are adopting or intendto adopt WCAG in one way or another. And they want to update to WCAG2.0, when the moment comes (at least, in Germany). Conformance is a keyissue, and we shall make it simpler.2 (Euro-)cents from an outsider.regards,carlosWendy A Chisholm wrote:> Hello,>> At last week's meeting, I took an action to update the draft conformance> section based on discussion.  It is attached.>> Major changes:>> 1. added \"Best Practice items to do not need to be met to claim> conformance to a Checkpoint.\" to explanations of Core and Extended.> 2. added summary of issues with Core+ to bullet 4 of \"Conformance Claims\">> --wendy>>> ------------------------------------------------------------------------>>>       Conformance>> *Reviewer's Note:* As we publish this Working Draft of WCAG 2.0, the> WCAG WG is in the midst of significantly changing the conformance scheme> from previous drafts. This section outlines the conformance structure> used throughout this document. Feedback, comments, and proposals are> encouraged.>> Checkpoints are divided into two groups:>> *Core*>     To conform to WCAG 2.0, the Required Success Criteria of Core>     Checkpoints must be satisfied. Best Practice items to do not need to>     be met to claim conformance to a Checkpoint.> *Extended*>     These are additional checkpoints that may be reported in addition to>     Core conformance if the Required Success Criteria for a given>     Extended Checkpoint are satisfied. Best Practice items to do not>     need to be met to claim conformance to a Checkpoint.>>>         Conformance Claims>>    1. No conformance claim of any type may be made unless all Required>       Success Criteria have been met for all Core Checkpoints.>    2. If /all/ of the Required Success Criteria for /all/ Core>       Checkpoints have been met, then a conformance claim of \"WCAG 2.0>       Core\" can be made.>    3. If /all/ of the Required Success Criteria for /all/ Core /and all/>       Extended Checkpoints have been met, then a conformance claim of>       \"WCAG 2.0 Extended\" can be made.>    4. If /all/ of the Required Success Criteria for /all/ Core and>       /some/ Extended Checkpoints have been met, then a conformance>       claim of \"WCAG 2.0 Core+\" can be made. *Reviewer's Note*: Feedback>       from WCAG 1.0 indicates that developers often do not attempt to>       meet any Priority 2 Checkpoints because there is no way to>       indicate in the conformance claim that they have \"done more than>       Level A but not enough to claim Level AA.\" \"Core+\" is a proposal>       that allows developers to say, \"I do more than Core but not all of>       the Extended.\" However, the WCAG WG has several issues and>       questions about Core+ conformance claims:>           * How should conformance claims state /which/ Extended>             Checkpoints are met? in metadata? in a site accessibility>             statement? some other method?>           * How should conformance claims state /how many/ Extended>             Checkpoints are met? in metadata? with core+n (n=number of>             Extended checkpoints)? in a site accessibility statement?>             some other method?>           * If Core+ is claimed, should we require a statement about>             which Extended checkpoints are met?>           * Is there a separate logo for each level: core, core+, and>             extended? If so,what does the logo point to?>           * Comparisons of Core+ conformance claims can not be made>             unless detailed information is provided about the Extended>             checkpoints that are met.>           * Should detailed conformance information be provided in>             metadata? There is doubt that it will be kept up to date,>             especially if the site becomes/less/ accessible over time.>             Also, we may be unable to require metadata since some>             companies have indicated that the legal and ISO 9000>             ramifications would prevent them from posting metadata>             describing the exact conformance.>           * If it were possible to claim \"Core+n\" where \"n\" denotes the>             number of Extended Checkpoints that are met, some developers>             report that they would be encouraged to meet more Extended>             Checkpoints and increase the number they can report.>             However, people are likely to compare the number and these>             comparisons could be misleading. For example, a site that>             claims \"Core+2\" could be more accessible than a site that>             claims \"Core+3\" depending on which checkpoints are met.>> All conformance claims must include (at minimum):>>    1. The version of the guidelines to which a conformance claim is made>       and the dated URI of the guidelines document.>    2. The scope of the conformance claim. The scope describes which>       parts of a site or application are included in the claim.>       *Reviewer's Note:*Should exclusions be allowed for certain types>       of content, such as third-party or copyrighted material that is>       being reprinted? How does one define scope? Is it an end-to-end>       process that the user should be able to complete? Is it a path>       through accessible content?>    3. The set of checkpoints being claimed (Core or Extended).>    4. The date the conformance claim was made.>>>         Sites that conform to WCAG 1.0>> Sites that currently conform to WCAG 1.0 that want to shift towards WCAG> 2.0 will want to capitalize on past accessibility efforts. A qualified> conformance statement could allow them this flexibility. For example, a> conformance claim might include the following statement, \"Materials> created or modified before 24 April 2003 conform to WCAG 1.0. Materials> created or modified on or after 24 April 2003 conform to WCAG 2.0.\">> *Reviewer's Note:* In some instances, the WCAG 2.0 Working Draft may be> easier to conform to than the WCAG 1.0 Recommendation while other> criteria might be harder to meet in WCAG 2.0 than in WCAG 1.0. The WCAG> WG will consider the differences between WCAG 1.0 and WCAG 2.0> conformance and offer advice to developers who currently conform to WCAG> 1.0. This advice might take the form of a WCAG 1.0 conformance profile> to WCAG 2.0 and information about migrating from WCAG 1.0 to WCAG 2.0.> This advice is not yet available.>--Dr Carlos A Velasco - mailto:Carlos.Velasco@fit.fraunhofer.deFraunhofer-Institut f?r Angewandte Informationstechnik (FIT.LIFE)[Fraunhofer Institute for Applied Information Technology (FIT.LIFE)]http://access.fit.fraunhofer.de/Barrierefreie Informations- und Kommunikationstechnologie f?r AlleSchloss Birlinghoven, D53757 Sankt Augustin (Germany)Tel: +49-2241-142609 Fax: +49-2241-1442609",
            "docno": "lists-070-16118436",
            "received": "Tue Jun 10 15:10:42 2003",
            "isoreceived": "20030610191042",
            "sent": "Tue, 10 Jun 2003 21:11:21 +0200",
            "isosent": "20030610191121",
            "name": "Carlos A Velasco",
            "email": "Carlos.Velasco@fit.fraunhofer.de",
            "subject": "Re: Please review: Updated draft of conformance section for next    draft",
            "id": "3EE62D59.5020502@fit.fraunhofer.de",
            "charset": "ISO-8859-1",
            "inreplyto": "5.2.0.9.2.20030610103150.017d6488&#64;localhost",
            "expires": "-1",
            "to": " Wendy A Chisholm<wendy@w3.org>\n",
            "cc": "w3c-wai-gl@w3.org\n"
        },
        {
            "body": "That's how Europe is used to operating.There are European directives from the Parliament that are left toeach country's lawmakers to implement as they see fit in line withtheir own very specific local context.Hence the UK's DDA: http://elj.warwick.ac.uk/jilt/01-2/sloan.htmlIt's not a United States of Europe :-)Gordon.-----Original Message-----From: Matt May [mailto:mcmay@w3.org]Sent: Wednesday, June 11, 2003 6:23 PMw3c-wai-gl@w3.orgSubject: Re: Please review: Updated draft of conformance section fornext draftOn Wednesday, June 11, 2003, at 12:06  AM, Roberto Scano - IWA/HWGwrote:> I agree with Gregg.> The problem now in Europe is that in some countries (like Italy) some> part> of the government wanna create normative \"section 508-like\" and not> the full> receipt of the WCAG.Then _they_ should specify a conformance profile, and they shouldspecify _which_ checkpoints over and above Core. No self-respectingorganization is going to issue a content requirement that allows peopleto select items \"a la carte\" to implement. If they're going to makelaws out of WCAG, they should select and require items in the extendedset when they do it.Core will be the most important set. From there, I think the focusshould be on telling potential adopters (governmental andinstitutional) to start with nothing less than Core, and addrequirements from there. Core+ does not help.As far as 508 goes, I think we'd do well to create a Core+508 profileas an informative example. We could show that adopting our requirementsand processes will allow authors and ER tools to state authoritatively,\"this is 508\", while still adopting the principles of good design thatWCAG contains (and 508 leaves out).-m",
            "docno": "lists-070-16292573",
            "received": "Wed Jun 11 18:33:41 2003",
            "isoreceived": "20030611223341",
            "sent": "Wed, 11 Jun 2003 18:33:26 -0400",
            "isosent": "20030611223326",
            "name": "Montgomery, Gordon",
            "email": "Gordon.Montgomery@Staples.com",
            "subject": "RE: Please review: Updated draft of conformance section for next  draft",
            "id": "E77431CF9E0AD61198B30002A5F397FB03BE5DD8@fraex24.staples.com",
            "charset": "iso-8859-1",
            "inreplyto": "Please review: Updated draft of conformance section for next  draft",
            "expires": "-1",
            "to": " Roberto Scano - IWA/HWG\n",
            "cc": " gv@trace.wisc.edu; 'Carlos A Velasco'; 'Wendy A Chisholm';\n"
        },
        {
            "body": "Hi Mark,Regrets for today's call. In regard to your agenda points:1) I do not have any brilliant idea on it. In what concerns to mypersonal participation, it would be very difficult to promise acontinuous participation in the coming weeks.2) Just let me know how can I help for it; I can offer some support.3) In regard to the next events, and the topics proposed by Marja,<http://www.w3.org/WAI/RD/2003/04/28-themes.html>, we are interested innumbers 6 and 7.regards,carlosMarkku T. Hakkinen wrote:> Monday, June 9, 2003:>> 4:00 pm-5:00 pm EST / 21:00-22:00 UTC> Zakim Bridge: +1 617.761.6200> Conference Code: 7344 (\"RDIG\")>> We will have the IRC channel up for the call:>     Server: irc.w3.org:6665>     Channel: #rdig>> Agenda:>> 1. Increasing Participation in Planning Group Activities> 2. Completing the Proceedings of the First Event> 3. Planning for the Next Event>> If you have other agenda items, please send them to me.>> If you plan to attend, please let me know.> If you are unable to attend, but are interested in planning group> activities, please send regrets.>> mark>>--Dr Carlos A Velasco - mailto:Carlos.Velasco@fit.fraunhofer.deFraunhofer-Institut f?r Angewandte Informationstechnik (FIT.LIFE)[Fraunhofer Institute for Applied Information Technology (FIT.LIFE)]http://access.fit.fraunhofer.de/Barrierefreie Informations- und Kommunikationstechnologie f?r AlleSchloss Birlinghoven, D53757 Sankt Augustin (Germany)Tel: +49-2241-142609 Fax: +49-2241-1442609",
            "docno": "lists-023-7846674",
            "received": "Mon Jun  9 14:54:15 2003",
            "isoreceived": "20030609185415",
            "sent": "Mon, 09 Jun 2003 20:53:27 +0200",
            "isosent": "20030609185327",
            "name": "Carlos A Velasco",
            "email": "Carlos.Velasco@fit.fraunhofer.de",
            "subject": "Re: Planning Call, Monday June 9, 2003",
            "id": "3EE4D7A7.80007@fit.fraunhofer.de",
            "charset": "ISO-8859-1",
            "inreplyto": "DNEPLEBLKMGBNKKGDDFKMEGECIAA.hakkinen&#64;dinf.ne.jp",
            "expires": "-1",
            "to": "\"Markku T. Hakkinen\"<hakkinen@dinf.ne.jp>\n",
            "cc": " Public-Wai-Rd<public-wai-rd@w3.org>\n"
        },
        {
            "body": "Hi Carlos,>> We agree in the fact that web developers shall stick to standards.However, it> is also good to provide additional information against some user-defined> default. It is not very helpful to say \"Sorry, pal. You forgot the DTD.Bye!\".>I agree. That's why I said that the tool should provide information aboutthe problem and how to fix it.Regards,Helder",
            "docno": "lists-080-10063197",
            "received": "Thu Apr 22 05:31:35 2004",
            "isoreceived": "20040422093135",
            "sent": "Thu, 22 Apr 2004 10:29:56 +0100",
            "isosent": "20040422092956",
            "name": "Helder Ferreira",
            "email": "hfilipe@fe.up.pt",
            "subject": "Re: Bobby user checks",
            "id": "007e01c4284c$63282f60$456aa8c0@blue",
            "charset": "Windows-1252",
            "inreplyto": "40878E63.9090705&#64;fit.fraunhofer.de",
            "expires": "-1",
            "to": "\"Carlos A Velasco\"<Carlos.Velasco@fit.fraunhofer.de>\n",
            "cc": "<w3c-wai-ig@w3.org>\n"
        },
        {
            "body": "Yes, there are directives but these directives must be applied to all themember states.Also in Europe there is an European Parlament that make laws that areobligation for all the member states.We need to move around and promote the armonization of the guidelinesreceipt in all the Europe: there are private projects likewww.euroaccessibility.org that point to this.We are also working for it as IWA/HWG for the promotion of the rightapplication of the web standards and we are testing this policy in Italywhere for the first time in Europe we have created a law project thatrequest the receipt of the full WAI project (as you know, make onlyaccessible web sites and not involve the people with disability in the webdeveloping with ATAG products make only half of the support for people withdisability)----- Original Message -----From: \"Montgomery, Gordon\" <Gordon.Montgomery@Staples.com><rscano@iwa-italy.org><Carlos.Velasco@fit.fraunhofer.de>; \"'Wendy A Chisholm'\" <wendy@w3.org>;<w3c-wai-gl@w3.org>Sent: Thursday, June 12, 2003 12:33 AMSubject: RE: Please review: Updated draft of conformance section for nextdraftThat's how Europe is used to operating.There are European directives from the Parliament that are left toeach country's lawmakers to implement as they see fit in line withtheir own very specific local context.Hence the UK's DDA: http://elj.warwick.ac.uk/jilt/01-2/sloan.htmlIt's not a United States of Europe :-)Gordon.-----Original Message-----From: Matt May [mailto:mcmay@w3.org]Sent: Wednesday, June 11, 2003 6:23 PMw3c-wai-gl@w3.orgSubject: Re: Please review: Updated draft of conformance section fornext draftOn Wednesday, June 11, 2003, at 12:06  AM, Roberto Scano - IWA/HWGwrote:> I agree with Gregg.> The problem now in Europe is that in some countries (like Italy) some> part> of the government wanna create normative \"section 508-like\" and not> the full> receipt of the WCAG.Then _they_ should specify a conformance profile, and they shouldspecify _which_ checkpoints over and above Core. No self-respectingorganization is going to issue a content requirement that allows peopleto select items \"a la carte\" to implement. If they're going to makelaws out of WCAG, they should select and require items in the extendedset when they do it.Core will be the most important set. From there, I think the focusshould be on telling potential adopters (governmental andinstitutional) to start with nothing less than Core, and addrequirements from there. Core+ does not help.As far as 508 goes, I think we'd do well to create a Core+508 profileas an informative example. We could show that adopting our requirementsand processes will allow authors and ER tools to state authoritatively,\"this is 508\", while still adopting the principles of good design thatWCAG contains (and 508 leaves out).-m",
            "docno": "lists-070-16363145",
            "received": "Thu Jun 12 03:00:17 2003",
            "isoreceived": "20030612070017",
            "sent": "Thu, 12 Jun 2003 08:59:37 +0200",
            "isosent": "20030612065937",
            "name": "Roberto Scano - IWA/HWG",
            "email": "rscano@iwa-italy.org",
            "subject": "Re: Please review: Updated draft of conformance section for next draft",
            "id": "001701c330b0$358c4b70$0100a8c0@NBRSIWA",
            "charset": "iso-8859-1",
            "inreplyto": "E77431CF9E0AD61198B30002A5F397FB03BE5DD8&#64;fraex24.staples.com",
            "expires": "-1",
            "to": " Roberto Scano - IWA/HWG\n",
            "cc": " gv@trace.wisc.edu; 'Carlos A Velasco'; 'Wendy A Chisholm';\n"
        },
        {
            "body": "Dear Chris, all,My 2 cents of ?.On 02/10/2004 03:56 PM, Chris Ridpath wrote:> Action from last weeks call to review issue 248[1] and compare to current> draft document.>> How to determine if a table is data or layout:>> Discussed at length on this mailing list[2][3][4] etc.> In summary - If cells can be moved without affecting their intrinsic meaning> then it's a layout table. Corollary - If moving a cell affects its intrinsic> meaning then it's a data table.I think the definition is not more clear than before. This thing is one of thosefor which everybody has some kind of mental representation, but you cannotnail a definition. Adding intrinsic to the word \"meaning\" is a subjective issue.What if the designer says that when you linearize her design, we are loosing itsintrinsic meaning. The Free On-line Dictionary of Computing<http://www.foldoc.org>, defines table as \"a set of data arranged in rows andcolumns\". What is data: \"Numbers, characters, images, or other method ofrecording, in a form which can be assessed by a human or (especially) input intoa computer, stored and processed there, or transmitted on some digital channel.\"(from the same source). Back to square one:I think the only resource with a better definition (not perfect either), is thisone, already mentioned by Wendy:<http://www.ferg.org/section508/accessible_tables.html#contents_item_3><quote>We define a table as a presentation format for a set of data items and theirassociated metadata such that:1. Each data item is stored in a data cell2. The data cells are arranged in a two-dimensional grid called the table body3. The table has a title that indicates the nature of the data being presented</quote>Point 3 implies that the table must have a caption.> Do not use structural markup for layout tables. Data tables must use TH> elements. Layout tables can not use TH elements.[4][5]>Sorry, but this is not true, according to the HTML spec:<http://www.w3.org/TR/html4/struct/tables.html#edef-TD>data cells (TD) can also be headers. Very clearly says:\"<!-- TH is for headers, TD for data, but for cells acting as both use TD -->\"That is what attributes @headers and @scope were created for.The algorithm to identify headers is more complicated than the one depicted byBen (look only for TH), but still doable. It is always good to look in the specwhen issuing techniques.regards,carlos--Dr Carlos A Velasco - mailto:Carlos.Velasco@fit.fraunhofer.deFraunhofer-Institut f?r Angewandte Informationstechnik FIT[Fraunhofer Institute for Applied Information Technology (FIT)]http://access.fit.fraunhofer.de/Barrierefreie Informations- und Kommunikationstechnologie f?r AlleSchloss Birlinghoven, D53757 Sankt Augustin (Germany)Tel: +49-2241-142609 Fax: +49-2241-1442609",
            "docno": "lists-072-5881676",
            "received": "Tue Feb 10 11:28:27 2004",
            "isoreceived": "20040210162827",
            "sent": "Tue, 10 Feb 2004 17:27:37 +0100",
            "isosent": "20040210162737",
            "name": "Carlos A Velasco",
            "email": "Carlos.Velasco@fit.fraunhofer.de",
            "subject": "Re: [html-techs] Table Type",
            "id": "40290679.10507@fit.fraunhofer.de",
            "charset": "ISO-8859-15",
            "inreplyto": "01ac01c3efe6$08e8b1d0$b040968e&#64;WILDDOG",
            "expires": "-1",
            "to": " Chris Ridpath<chris.ridpath@utoronto.ca>\n",
            "cc": " WAI WCAG List<w3c-wai-gl@w3.org>\n"
        },
        {
            "body": "Hi Wendy,My 2 cents. I believe that we could use the strict interpretation forWCAG 2.0, but then the checkpoint shall forbid for some compliance levelTransitional Grammars, and state clearly \"use only strict grammars ofthe latest version of the markup.\"However, for WCAG 1.0, I see things differently and agree with Michael'sview (bearing in mind I am not an official WG member). There is outthere a lot of valid 4.01 Transitional with some harmless (foraccessibility) deprecated elements or attributes. For instance, I agreewith the fact that for <font>, *avoid* shall be translated to *do notuse*. But what about <center>, or the attribute align, or <dir>? I don'tsee any harm to accessibility on those (say level AA). Probably we shallbe more specific in what to avoid (sorry, do not use!), and what couldbe allowed.Regards,carlosWendy A Chisholm wrote:>> I found the old issues lists, went through some old minutes, and found> contradictory interpretations of \"Avoid deprecated features.\">> I propose the following erratum to WCAG 1.0:> 10. Avoid deprecated features> Added: DD MM YYYY.> Type: Clarification> Refers to: Checkpoint 11.2 of 5 May 1999 version> Description (and correction). The checkpoint says, \"Avoid deprecated> features of W3C technologies\" but it is not clear if \"avoid\" means \"do> not use at all\" or \"use only when absolutely necessary.\"  Since this is> a Priority 2 checkpoint, the stricter interpretation applies and it> should be read as, \"Do not use deprecated features of W3C> technologies.\"  Deprecated features may be used in a site that claims> conformance at Level A.  Level AA requires more work, including> replacing deprecated features with updated technology.> --->> The other checkpoints that use the word \"avoid\" are also Prioirty 2> except: \"7.1 Until user agents allow users to control flickering, avoid> causing the screen to flicker. [Priority 1]\"  There are a variety of> issues with this checkpoint (\"until user agents...,\" how to test for> flicker, what do we mean by \"avoid.\").  This is a separate issue and> should not impact the clarification of 11.2.>> ---...--Dr Carlos A Velasco - mailto:Carlos.Velasco@fit.fraunhofer.deFraunhofer-Institut f?r Angewandte Informationstechnik (FIT.LIFE)[Fraunhofer Institute for Applied Information Technology (FIT.LIFE)]http://access.fit.fraunhofer.de/Barrierefreie Informations- und Kommunikationstechnologie f?r AlleSchloss Birlinghoven, D53757 Sankt Augustin (Germany)Tel: +49-2241-142609 Fax: +49-2241-1442609",
            "docno": "lists-070-15572517",
            "received": "Thu Jun  5 13:33:29 2003",
            "isoreceived": "20030605173329",
            "sent": "Thu, 05 Jun 2003 19:33:18 +0200",
            "isosent": "20030605173318",
            "name": "Carlos A Velasco",
            "email": "Carlos.Velasco@fit.fraunhofer.de",
            "subject": "Re: Erratum proposal",
            "id": "3EDF7EDE.6040309@fit.fraunhofer.de",
            "charset": "ISO-8859-1",
            "inreplyto": "5.2.0.9.2.20030604204917.0199c508&#64;localhost",
            "expires": "-1",
            "to": " Wendy A Chisholm<wendy@w3.org>\n",
            "cc": " Al Gilman<asgilman@iamdigex.net>,w3c-wai-gl@w3.org, Pam Galloway<pam.galloway@connectinternetsolutions.com>\n"
        },
        {
            "body": "What I am saying Chris, is that TH is *not* the only way to specify a header, asit says the spec, not only the comment extracted. I am not saying that TH shallnot be used.Chris Ridpath wrote:>...>>> Using TH elements for data tables is within the HTML specification. It's> perfectly OK and is the intended purpose of the TH element.>> Navigating data tables using assistive technologies is very difficult but> adding TH elements to the table can help make the navigation easier. This is> the reason behind the TH rule. It's not required as part of the HTML spec> but can be required by accessibility guidelines. I believe that this simple> rule can make a large difference in creating more accessible tables.>>>>\"<!-- TH is for headers, TD for data, but for cells acting as both use>> TD -->\">> This is a comment within the specification. It's not a requirement for> compliance. Below is another comment from the HTML spec that states your ALT> text should be a description of the image. Our accessibility guidelines run> contrary to that comment and require that spacer and decorative images do> not have a description and should be null. Yes, we must follow the HTML> specification but we don't have to abide with editor comments.In my view, an empty \"alt\" attribute is a value. As you know, in manyprogramming languages, a \"null\" string is not the same as an \"empty\" string. Ido not see any contradiction here between the guidelines and the spec.regards,carlos--Dr Carlos A Velasco - mailto:Carlos.Velasco@fit.fraunhofer.deFraunhofer-Institut f?r Angewandte Informationstechnik FIT[Fraunhofer Institute for Applied Information Technology (FIT)]http://access.fit.fraunhofer.de/Barrierefreie Informations- und Kommunikationstechnologie f?r AlleSchloss Birlinghoven, D53757 Sankt Augustin (Germany)Tel: +49-2241-142609 Fax: +49-2241-1442609",
            "docno": "lists-072-1867129",
            "received": "Tue May 11 02:52:53 2004",
            "isoreceived": "20040511065253",
            "sent": "Tue, 11 May 2004 08:50:47 +0200",
            "isosent": "20040511065047",
            "name": "Carlos A Velasco",
            "email": "Carlos.Velasco@fit.fraunhofer.de",
            "subject": "Re: [techs] The TH Rule",
            "id": "40A077C7.5020908@fit.fraunhofer.de",
            "charset": "ISO-8859-1",
            "inreplyto": "030a01c436c6$0ad9ffe0$b040968e&#64;WILDDOG",
            "expires": "-1",
            "to": " Chris Ridpath<chris.ridpath@utoronto.ca>\n",
            "cc": " WAI WCAG List<w3c-wai-gl@w3.org>\n"
        },
        {
            "body": "Dear Chris,I have posted some thoughts about this already in:<http://lists.w3.org/Archives/Public/w3c-wai-gl/2004JanMar/0234.html>I insist that you review once more the HTML spec. WCAG cannot force people touse TH in data tables, because simply it is against the spec:<http://www.w3.org/TR/html4/struct/tables.html#edef-TD>data cells (TD) can also be headers. It states:\"<!-- TH is for headers, TD for data, but for cells acting as both use TD -->\"That is what attributes @headers and @scope were created for.regards,carlosChris Ridpath wrote:> We've been looking at using the \"TH\" rule to differentiate different HTML> table types. The proposal is that all data tables must have TH elements> while all layout tables cannot have TH elements. This would make it easy for> assistive technologies to determine the table type and render the> information more accurately to the user.>> I took an action to look at how this may impact tables as they are currently> used on the web.>> As examples of real word tables, I used the Yalin Wang database of tables> [1].>> Of the over 14000 tables in the database, I looked at a random sample of> about 2000 tables and graded them as layout or data. In most cases it was> easy to decide the table type but I discovered several tables that didn't> fit into either category. (If you're interested in grading these tables> yourself, I've written a small program to assist the process. Please contact> me for more info.)>> In some cases, authors combined both data and layout into one table [2].> This is very confusing to the viewer and we should discourage this practice.> Use a table for one purpose only.>> The majority of tables in use on the web are used for layout. In my sample> 89% of the tables were layout, only 11% were data. We're asking authors to> use CSS instead of TABLE elements but the reality is that layout tables are> in wide use.>> Only a very small number (< 1% in my sample) of layout tables use TH> elements. This is an improper use of TH when other markup such as a heading> or STRONG should be used [4]. Not a big problem but we should continue to> discourage authors from doing this.>> Most data tables are missing TH elements. In my sample a whopping 87% of the> data tables were without TH elements. Most authors leave off the headings of> their data tables or mark one of the TD elements incorrectly as B or STRONG> [3]. We need to more strongly encourage authors to put TH elements into> their data tables.>> Exceptions to the TH rule:>> Tables are often used to layout form controls. This is a kind of layout> table but also acts like a data table because the cells can't be moved> without affecting their meaning [5]. In this type of table the TH elements> are not as necessary because each control has an associated label. I suggest> that tables used to layout form controls can have an optional row/column of> TH elements.>> Tables are sometimes used to display \"tables of contents\" [6]. These are> really data tables but I don't think they require TH elements. A \"table of> contents\" is generally understood to include a title (e.g. chapter name)> associated with a location (e.g. page number). When the viewer encounters a> number within a table of contents they don't need to be reminded that this> is the page number, they already know that because of the table's purpose. I> suggest that tables used for \"table of contents\" purposes may have optional> TH elements.>> Discussion:>> All tables with only one row are layout tables.>> The scope attribute must also be used with TH elements. In my testing with> Jaws 4.5 I noticed that the TH elements were not read with the data cells> unless the TH elements also had the scope attribute. I've heard that other> screen readers behave the same way. Assistive technologies should be able to> use the TH element alone but it appears that since the TH rule is not widely> used they have taken to use the scope attribute.>--Dr Carlos A Velasco - mailto:Carlos.Velasco@fit.fraunhofer.deFraunhofer-Institut f?r Angewandte Informationstechnik FIT[Fraunhofer Institute for Applied Information Technology (FIT)]http://access.fit.fraunhofer.de/Barrierefreie Informations- und Kommunikationstechnologie f?r AlleSchloss Birlinghoven, D53757 Sankt Augustin (Germany)Tel: +49-2241-142609 Fax: +49-2241-1442609",
            "docno": "lists-072-1735085",
            "received": "Mon May 10 14:57:33 2004",
            "isoreceived": "20040510185733",
            "sent": "Mon, 10 May 2004 20:56:48 +0200",
            "isosent": "20040510185648",
            "name": "Carlos A Velasco",
            "email": "Carlos.Velasco@fit.fraunhofer.de",
            "subject": "Re: [techs] The TH Rule",
            "id": "409FD070.7010906@fit.fraunhofer.de",
            "charset": "ISO-8859-1",
            "inreplyto": "02d101c436be$95421a80$b040968e&#64;WILDDOG",
            "expires": "-1",
            "to": " Chris Ridpath<chris.ridpath@utoronto.ca>\n",
            "cc": " WAI WCAG List<w3c-wai-gl@w3.org>\n"
        },
        {
            "body": "Hmm... leave it to Apache. The way I interpret this, for the purpose of HTMLtechniques, is that it is a server function, not an HTML function. Althoughwith mod_html_meta Apache would respond to <meta> elements in the HTML, itis creating an HTTP header and that is what the browser responds to. So thepresence of <meta http-equiv=\"Location\"> in the HTML is not relevant and wedon't need a technique for it. If we had a set of techniques for HTTP, whichI think we might find ourselves doing, then the Location header woulddefinately be relevant and something we would cover. At that point it mightbe worth noting that with Apache you can influence the HTTP header by theHTML, but it would still fundamentally be an HTTP technique, not an HTMLtechnique. Does that make sense? Michael> -----Original Message-----> From: Carlos A Velasco [mailto:Carlos.Velasco@fit.fraunhofer.de]> Sent: Wednesday, May 28, 2003 12:52 PM> To: Michael Cooper> Cc: w3c-wai-gl@w3.org> Subject: Re: [#179] Meta \"location\" redirect>>> Hi Michael,>> My 2 cents:>> The technique proposed does work unless you have an Apache server [1]> with the mod_html_meta module:> <http://www.yoshidam.net/mod_html_meta.txt>>> Therefore, the standard technique shall be (as it was): use *always*> server side redirects.>> regards,> carlos>> [1] http://httpd.apache.org/>> Michael Cooper wrote:> > The issue I would like to raise comes from a suggestion> about a way to do> > auto-redirect in HTML. The standard way to do this is to> use a <meta>> > element to mimic an HTTP refresh header, e.g.,> >> > <meta http-equiv=\"refresh\" content=\"http://www.watchfire.com/\" />> >> > The suggestion was that we use the \"location\" header, e.g.,> >> > <meta http-equiv=\"Location\" content=\"http://www.watchfire.com/\" />> >> > I tested this in IE6 and Mozilla 1.2 and it did not work.> Further, according> > to my understanding of HTTP, it theoretically should not> work. Therefore I> > propose that we declare this a \"non-technique\" and close> the issue, and need> > the group's approval.>>> --> Dr Carlos A Velasco - mailto:Carlos.Velasco@fit.fraunhofer.de> Fraunhofer-Institut f?r Angewandte Informationstechnik (FIT.LIFE)>    [Fraunhofer Institute for Applied Information Technology> (FIT.LIFE)]>    http://access.fit.fraunhofer.de/>    Barrierefreie Informations- und Kommunikationstechnologie f?r Alle>    Schloss Birlinghoven, D53757 Sankt Augustin (Germany)>    Tel: +49-2241-142609 Fax: +49-2241-1442609>",
            "docno": "lists-070-14921373",
            "received": "Thu May 29 08:59:49 2003",
            "isoreceived": "20030529125949",
            "sent": "Thu, 29 May 2003 08:59:44 -0400",
            "isosent": "20030529125944",
            "name": "Michael Cooper",
            "email": "chaelc@watchfire.com",
            "subject": "RE: [#179] Meta &quot;location&quot; redirect",
            "id": "D9ABD8212AFB094C855045AD80FB40DD017E08D6@1wfmail.watchfire.com",
            "charset": "iso-8859-1",
            "inreplyto": "[#179] Meta &quot;location&quot; redirect",
            "expires": "-1",
            "to": "w3c-wai-gl@w3.org\n"
        },
        {
            "body": "Hi Dave,On 04/22/2004 10:21 AM, David.Pawson@rnib.org.uk wrote:>...> So what do you do with (maybe even a majority of sites) which don't> have the document type declaration? Validate to loose 4 dtd?>   Or be strict SGML and fail it because it doesn't have the declaration.>The user can define a default DTD against which he wishes to validate, for thecase you mention. It can also define a default encoding for the document.regards,carlos--Dr Carlos A Velasco - mailto:Carlos.Velasco@fit.fraunhofer.deFraunhofer-Institut f?r Angewandte Informationstechnik FIT[Fraunhofer Institute for Applied Information Technology (FIT)]http://access.fit.fraunhofer.de/Barrierefreie Informations- und Kommunikationstechnologie f?r AlleSchloss Birlinghoven, D53757 Sankt Augustin (Germany)Tel: +49-2241-142609 Fax: +49-2241-1442609",
            "docno": "lists-080-10037336",
            "received": "Thu Apr 22 05:00:28 2004",
            "isoreceived": "20040422090028",
            "sent": "Thu, 22 Apr 2004 10:59:27 +0200",
            "isosent": "20040422085927",
            "name": "Carlos A Velasco",
            "email": "Carlos.Velasco@fit.fraunhofer.de",
            "subject": "Re: Bobby user checks",
            "id": "4087896F.2000102@fit.fraunhofer.de",
            "charset": "windows-1252",
            "inreplyto": "9B66BBD37D5DD411B8CE00508B69700F049E2679&#64;pborolocal.rnib.org.uk",
            "expires": "-1",
            "to": "David.Pawson@rnib.org.uk\n",
            "cc": "w3c-wai-ig@w3.org\n"
        },
        {
            "body": "On Wednesday, June 11, 2003, at 12:06  AM, Roberto Scano - IWA/HWGwrote:> I agree with Gregg.> The problem now in Europe is that in some countries (like Italy) some> part> of the government wanna create normative \"section 508-like\" and not> the full> receipt of the WCAG.Then _they_ should specify a conformance profile, and they shouldspecify _which_ checkpoints over and above Core. No self-respectingorganization is going to issue a content requirement that allows peopleto select items \"a la carte\" to implement. If they're going to makelaws out of WCAG, they should select and require items in the extendedset when they do it.Core will be the most important set. From there, I think the focusshould be on telling potential adopters (governmental andinstitutional) to start with nothing less than Core, and addrequirements from there. Core+ does not help.As far as 508 goes, I think we'd do well to create a Core+508 profileas an informative example. We could show that adopting our requirementsand processes will allow authors and ER tools to state authoritatively,\"this is 508\", while still adopting the principles of good design thatWCAG contains (and 508 leaves out).-m",
            "docno": "lists-070-16282150",
            "received": "Wed Jun 11 18:23:27 2003",
            "isoreceived": "20030611222327",
            "sent": "Wed, 11 Jun 2003 15:23:22 -0700",
            "isosent": "20030611222322",
            "name": "Matt May",
            "email": "cmay@w3.org",
            "subject": "Re: Please review: Updated draft of conformance section for next draft",
            "id": "4FD8E2D4-9C5B-11D7-A0C0-000393B628BC@w3.org",
            "charset": "US-ASCII",
            "inreplyto": "009c01c32fe7$fb86c450$0100a8c0&#64;NBRSIWA",
            "expires": "-1",
            "cc": "<gv@trace.wisc.edu>,\"'Carlos A Velasco'\"<Carlos.Velasco@fit.fraunhofer.de>,\"'Wendy A Chisholm'\"<wendy@w3.org>,<w3c-wai-gl@w3.org>\n",
            "to": "\"Roberto Scano - IWA/HWG\"<rscano@iwa-italy.org>\n"
        },
        {
            "body": "-----Original Message-----From: Carlos A VelascoSent: 21 April 2004 19:55Yes, there is an automated tool that supports validation,not only for a page, but for a whole portal. You can findmore information in (it will available in the market soon):So what do you do with (maybe even a majority of sites) which don'thave the document type declaration? Validate to loose 4 dtd?Or be strict SGML and fail it because it doesn't have the declaration.regards DaveP-DISCLAIMER:NOTICE: The information contained in this email and any attachments isconfidential and may be privileged. If you are not the intendedrecipient you should not use, disclose, distribute or copy any of thecontent of it or of any attachment; you are requested to notify thesender immediately of your receipt of the email and then to delete itand any attachments from your system.RNIB endeavours to ensure that emails and any attachments generated byits staff are free from viruses or other contaminants. However, itcannot accept any responsibility for any  such which are transmitted.We therefore recommend you scan all attachments.Please note that the statements and views expressed in this email andany attachments are those of the author and do not necessarily representthose of RNIB.RNIB Registered Charity Number: 226227Website: http://www.rnib.org.uk",
            "docno": "lists-080-10028302",
            "received": "Thu Apr 22 04:24:53 2004",
            "isoreceived": "20040422082453",
            "sent": "Thu, 22 Apr 2004 09:21:07 +0100",
            "isosent": "20040422082107",
            "name": "David.Pawson@rnib.org.uk",
            "email": "David.Pawson@rnib.org.uk",
            "subject": "RE: Bobby user checks",
            "id": "9B66BBD37D5DD411B8CE00508B69700F049E2679@pborolocal.rnib.org.uk",
            "charset": "windows-1252",
            "inreplyto": "Bobby user checks",
            "expires": "-1",
            "to": "Carlos.Velasco@fit.fraunhofer.de\n",
            "cc": "w3c-wai-ig@w3.org\n"
        },
        {
            "body": "> I insist that you review once more the HTML spec. WCAG cannot force peopleto> use TH in data tables, because simply it is against the spec:>> <http://www.w3.org/TR/html4/struct/tables.html#edef-TD>>Using TH elements for data tables is within the HTML specification. It'sperfectly OK and is the intended purpose of the TH element.Navigating data tables using assistive technologies is very difficult butadding TH elements to the table can help make the navigation easier. This isthe reason behind the TH rule. It's not required as part of the HTML specbut can be required by accessibility guidelines. I believe that this simplerule can make a large difference in creating more accessible tables.> \"<!-- TH is for headers, TD for data, but for cells acting as both useTD -->\">This is a comment within the specification. It's not a requirement forcompliance. Below is another comment from the HTML spec that states your ALTtext should be a description of the image. Our accessibility guidelines runcontrary to that comment and require that spacer and decorative images donot have a description and should be null. Yes, we must follow the HTMLspecification but we don't have to abide with editor comments.<!-- To avoid problems with text-only UAs as well asto make image content understandable and navigableto users of non-visual UAs, you need to providea description with ALT, and avoid server-side image maps -->Kind Regards,Chris----- Original Message -----From: \"Carlos A Velasco\" <Carlos.Velasco@fit.fraunhofer.de>Sent: Monday, May 10, 2004 2:56 PMSubject: Re: [techs] The TH Rule> Dear Chris,>> I have posted some thoughts about this already in:> <http://lists.w3.org/Archives/Public/w3c-wai-gl/2004JanMar/0234.html>>> I insist that you review once more the HTML spec. WCAG cannot force peopleto> use TH in data tables, because simply it is against the spec:>> <http://www.w3.org/TR/html4/struct/tables.html#edef-TD>>> data cells (TD) can also be headers. It states:> \"<!-- TH is for headers, TD for data, but for cells acting as both useTD -->\"> That is what attributes @headers and @scope were created for.>> regards,> carlos>> Chris Ridpath wrote:> > We've been looking at using the \"TH\" rule to differentiate differentHTML> > table types. The proposal is that all data tables must have TH elements> > while all layout tables cannot have TH elements. This would make it easyfor> > assistive technologies to determine the table type and render the> > information more accurately to the user.> >> > I took an action to look at how this may impact tables as they arecurrently> > used on the web.> >> > As examples of real word tables, I used the Yalin Wang database oftables> > [1].> >> > Of the over 14000 tables in the database, I looked at a random sample of> > about 2000 tables and graded them as layout or data. In most cases itwas> > easy to decide the table type but I discovered several tables thatdidn't> > fit into either category. (If you're interested in grading these tables> > yourself, I've written a small program to assist the process. Pleasecontact> > me for more info.)> >> > In some cases, authors combined both data and layout into one table [2].> > This is very confusing to the viewer and we should discourage thispractice.> > Use a table for one purpose only.> >> > The majority of tables in use on the web are used for layout. In mysample> > 89% of the tables were layout, only 11% were data. We're asking authorsto> > use CSS instead of TABLE elements but the reality is that layout tablesare> > in wide use.> >> > Only a very small number (< 1% in my sample) of layout tables use TH> > elements. This is an improper use of TH when other markup such as aheading> > or STRONG should be used [4]. Not a big problem but we should continueto> > discourage authors from doing this.> >> > Most data tables are missing TH elements. In my sample a whopping 87% ofthe> > data tables were without TH elements. Most authors leave off theheadings of> > their data tables or mark one of the TD elements incorrectly as B orSTRONG> > [3]. We need to more strongly encourage authors to put TH elements into> > their data tables.> >> > Exceptions to the TH rule:> >> > Tables are often used to layout form controls. This is a kind of layout> > table but also acts like a data table because the cells can't be moved> > without affecting their meaning [5]. In this type of table the THelements> > are not as necessary because each control has an associated label. Isuggest> > that tables used to layout form controls can have an optional row/columnof> > TH elements.> >> > Tables are sometimes used to display \"tables of contents\" [6]. These are> > really data tables but I don't think they require TH elements. A \"tableof> > contents\" is generally understood to include a title (e.g. chapter name)> > associated with a location (e.g. page number). When the viewerencounters a> > number within a table of contents they don't need to be reminded thatthis> > is the page number, they already know that because of the table'spurpose. I> > suggest that tables used for \"table of contents\" purposes may haveoptional> > TH elements.> >> > Discussion:> >> > All tables with only one row are layout tables.> >> > The scope attribute must also be used with TH elements. In my testingwith> > Jaws 4.5 I noticed that the TH elements were not read with the datacells> > unless the TH elements also had the scope attribute. I've heard thatother> > screen readers behave the same way. Assistive technologies should beable to> > use the TH element alone but it appears that since the TH rule is notwidely> > used they have taken to use the scope attribute.> >>>> --> Dr Carlos A Velasco - mailto:Carlos.Velasco@fit.fraunhofer.de> Fraunhofer-Institut f?r Angewandte Informationstechnik FIT>    [Fraunhofer Institute for Applied Information Technology (FIT)]>    http://access.fit.fraunhofer.de/>    Barrierefreie Informations- und Kommunikationstechnologie f?r Alle>    Schloss Birlinghoven, D53757 Sankt Augustin (Germany)>    Tel: +49-2241-142609 Fax: +49-2241-1442609>",
            "docno": "lists-072-1747403",
            "received": "Mon May 10 15:36:24 2004",
            "isoreceived": "20040510193624",
            "sent": "Mon, 10 May 2004 15:36:08 -0400",
            "isosent": "20040510193608",
            "name": "Chris Ridpath",
            "email": "chris.ridpath@utoronto.ca",
            "subject": "Re: [techs] The TH Rule",
            "id": "030a01c436c6$0ad9ffe0$b040968e@WILDDOG",
            "charset": "iso-8859-1",
            "inreplyto": "409FD070.7010906&#64;fit.fraunhofer.de",
            "expires": "-1",
            "to": " \"Chris Ridpath\" <chris.ridpath@utoronto.ca>\n",
            "cc": " \"WAI WCAG List\" <w3c-wai-gl@w3.org>\n"
        },
        {
            "body": "Hi Helder,On 04/22/2004 11:01 AM, Helder Ferreira wrote:>>So what do you do with (maybe even a majority of sites) which don't>>have the document type declaration? Validate to loose 4 dtd?>>  Or be strict SGML and fail it because it doesn't have the declaration.>>>>regards DaveP>>>>> In my opinion, the validation tool should fail, pointing out that a> declaration is missing, and should give an example of what the webmaster> should include! A link to W3C links that explain HTML and XHTML declarations> should be nice too.imergo reports the missing declaration, and still validates against the default.When managing a big Web portal, it might be the case that someone has simply\"forgotten\" to insert the DTD in the CMS template (or even worse, insert anon-existing DTD), which is a very frequent case in our experience.> The idea should be to \"force\" web developpers to stick to the standards and> code web pages right. Also, the validation tool should provide explanation> and examples. And it should fail if the markup doesn't validate properly!>We agree in the fact that web developers shall stick to standards. However, itis also good to provide additional information against some user-defineddefault. It is not very helpful to say \"Sorry, pal. You forgot the DTD. Bye!\".Regards,carlos--Dr Carlos A Velasco - mailto:Carlos.Velasco@fit.fraunhofer.deFraunhofer-Institut f?r Angewandte Informationstechnik FIT[Fraunhofer Institute for Applied Information Technology (FIT)]http://access.fit.fraunhofer.de/Barrierefreie Informations- und Kommunikationstechnologie f?r AlleSchloss Birlinghoven, D53757 Sankt Augustin (Germany)Tel: +49-2241-142609 Fax: +49-2241-1442609",
            "docno": "lists-080-10053729",
            "received": "Thu Apr 22 05:22:39 2004",
            "isoreceived": "20040422092239",
            "sent": "Thu, 22 Apr 2004 11:20:35 +0200",
            "isosent": "20040422092035",
            "name": "Carlos A Velasco",
            "email": "Carlos.Velasco@fit.fraunhofer.de",
            "subject": "Re: Bobby user checks",
            "id": "40878E63.9090705@fit.fraunhofer.de",
            "charset": "windows-1252",
            "inreplyto": "002f01c42848$5f406ab0$456aa8c0&#64;blue",
            "expires": "-1",
            "to": " Helder Ferreira<hfilipe@fe.up.pt>\n",
            "cc": "David.Pawson@rnib.org.uk,w3c-wai-ig@w3.org\n"
        },
        {
            "body": "Hello All,Chris wrote:>adding TH elements to the table can help make the >navigation easier. This is>the reason behind the TH rule. It's not required as part of >the HTML spec>but can be required by accessibility guidelines. I believe >that this simple rule can make a large difference in >creating more accessible tables.Well I'll say  make table caption  too necessary for data tables. They will certainly  help make a distinction and be very useful for accessibility and enhance usability.Captions make sense for  data tables and I have yet to see one used on a layout table like table summaries are.Again,  when tables are nested, only the  nested table can be a data table. The  outer table must always be regarded as a layout table.Chris, by the way, JAWS and HPR handle scope  for simple tables but WinEyes4.5  does not handle scope at all. HTML specs also say use scope on simple tables only. JAWS reads first row cells and left column cells as col and row headers regardless of markup (th or td) Thois is JAWS 4.51 to 5.0.Sailesh PanchangSenior Accessibility EngineerDeque Systems,11180  Sunrise Valley Drive,4th Floor, Reston VA 20191Tel: 703-225-0380 Extension 105E-mail: sailesh.panchang@deque.comFax: 703-225-0387* Look up <http://www.deque.com> *",
            "docno": "lists-072-1791433",
            "received": "Mon May 10 16:45:32 2004",
            "isoreceived": "20040510204532",
            "sent": "Mon, 10 May 2004 16:57:38 -0400",
            "isosent": "20040510205738",
            "name": "Sailesh Panchang",
            "email": "sailesh.panchang@deque.com",
            "subject": "Re: [techs] The TH Rule",
            "id": "024701c436d1$6de4c330$a401a8c0@deque.local",
            "charset": "iso-8859-1",
            "inreplyto": "030a01c436c6$0ad9ffe0$b040968e&#64;WILDDOG",
            "expires": "-1",
            "to": "\"Chris Ridpath\"<chris.ridpath@utoronto.ca>,\"Carlos A Velasco\"<Carlos.Velasco@fit.fraunhofer.de>\n",
            "cc": "\"WAI WCAG List\"<w3c-wai-gl@w3.org>\n"
        },
        {
            "body": "Hallo Yvette,I disagree with you in this point. Being a non-native speaker as well, I findconcise a very common word, and easily tranlatable to Spanish, German, and asfar as I know to French (also I find terse adequate). Furthermore, the use of\"compact\" IMHO might only lead to confusion.Furthermore, I don't believe we shall write the guidelines (although targeted todifferent audiences), neither with a high-school level nor with a 10-years-oldnative speaker in mind. If we get into that, the average English-level of aperson with Masters Degree in Spain might be comparable with a four-years-oldnative speaker (sad but true). This thread of reasoning can lead to seriousproblems for the editors of the guidelines.regards,carlosYvette P. Hoitink wrote:> Perhaps for Italians the word \"concise\" is very clear, because it exists in> Italian as well (in a different variant). For the Germanic languages I know> besides English (Dutch, German), there is no variant of \"concise\", which> makes it a more difficult word for us. I also took French in high school,> which has \"concis\". I had to look this up in a dictionary since that is not> part of our normal high school vocabulary and I didn't know it.>> My estimate is that at most half the people with a Master's degree in the> Netherlands would know the English word \"concise\". I don't think the average> person with a high school degree in the Netherlands would know it (even> though English is mandatory for almost everyone). The average Dutchmen will> have had about 6-8 years of English lessons when leaving high school (which> is a lot more than in many non-English speaking countries). I would guess> that the vocabulary of a Dutch kid leaving high school is about the same as> that of a 10-year-old native speaker. Would you use \"terse\" or \"concise\" to> explain something to the 10-year-old kid next door?>> We have to be very careful when choosing which words to use. For each> non-trivial word, we have to balance the number of people who appreciate the> more expressive power of that word against the people who will not> understand it. For \"terse\" and \"concise\", I think the balance tips the wrong> way so we should avoid them.>> Roberto Castaldo and Roberto Scano, what do you think of \"compact\"? Does> Italian have \"compacto\" or something?--Dr Carlos A Velasco - mailto:Carlos.Velasco@fit.fraunhofer.deFraunhofer-Institut f?r Angewandte Informationstechnik (FIT.LIFE)[Fraunhofer Institute for Applied Information Technology (FIT.LIFE)]http://access.fit.fraunhofer.de/Barrierefreie Informations- und Kommunikationstechnologie f?r AlleSchloss Birlinghoven, D53757 Sankt Augustin (Germany)Tel: +49-2241-142609 Fax: +49-2241-1442609",
            "docno": "lists-071-11959222",
            "received": "Wed Nov  5 08:22:50 2003",
            "isoreceived": "20031105132250",
            "sent": "Wed, 05 Nov 2003 14:17:26 +0100",
            "isosent": "20031105131726",
            "name": "Carlos A Velasco",
            "email": "Carlos.Velasco@fit.fraunhofer.de",
            "subject": "Re: HTML techniques - &quot;Terse&quot; substitutes for header labels (no   blocker)",
            "id": "3FA8F866.5070007@fit.fraunhofer.de",
            "charset": "ISO-8859-1",
            "inreplyto": "E1AGddU-0000gR-P8&#64;smtp3.home.nl",
            "expires": "-1",
            "to": "\"Yvette P. Hoitink\"<y.p.hoitink@heritas.nl>\n",
            "cc": " 'Roberto Castaldo'<r.castaldo@iol.it>,w3c-wai-gl@w3.org\n"
        },
        {
            "body": "Hi Marja,Please, put me in the list of reviewers. I can do the papers review over theholidays, but I can't promise to be in the call next Monday.regards,carlosMarja-Riitta Koivunen wrote:>> We are starting to share the received papers with the reviewers.>> Please respond to the list if you want to be a reviewer for the next> event. So far I only have Charles, Mark, Wendy and myself. Maybe I have> missed somebody?>> We also have a meeting next Monday 9am EST (14 UTC) to start discussing> the papers and hopefully already make some selections as the holidays> are approaching. Mark will have more details of the time schedule but> the goal is to do the decisions rather sooner than later.>> Marja>>--Dr Carlos A Velasco - mailto:Carlos.Velasco@fit.fraunhofer.deFraunhofer-Institut f?r Angewandte Informationstechnik (FIT.LIFE)[Fraunhofer Institute for Applied Information Technology (FIT.LIFE)]http://access.fit.fraunhofer.de/Barrierefreie Informations- und Kommunikationstechnologie f?r AlleSchloss Birlinghoven, D53757 Sankt Augustin (Germany)Tel: +49-2241-142609 Fax: +49-2241-1442609",
            "docno": "lists-023-7093571",
            "received": "Fri Dec 19 06:55:18 2003",
            "isoreceived": "20031219115518",
            "sent": "Fri, 19 Dec 2003 12:54:44 +0100",
            "isosent": "20031219115444",
            "name": "Carlos A Velasco",
            "email": "Carlos.Velasco@fit.fraunhofer.de",
            "subject": "Re: Reviewers needed asap!",
            "id": "3FE2E704.8060901@fit.fraunhofer.de",
            "charset": "ISO-8859-1",
            "inreplyto": "5.1.0.14.0.20031218093604.04636a48&#64;localhost",
            "expires": "-1",
            "to": " Marja-Riitta Koivunen<marja@w3.org>\n",
            "cc": "public-wai-rd@w3.org\n"
        },
        {
            "body": "Regrets. On the road.carlosMarkku T. Hakkinen wrote:> Monday, June 30, 2003:>> 9:00 am-10:00 am EDT / 13:00-14:00 UTC> Zakim Bridge: +1 617.761.6200> Conference Code: 7344 (\"RDIG\")>> We will have the IRC channel up for the call:>     Server: irc.w3.org:6665>     Channel: #rdig>> Agenda:>> 1. Action Item review> 2. Proceedings Review> 3. Discussion on Next Topic>> We need to make some progress on the discussion of the next topic. Two> candidate topics at this point are the semantic web and visualization.> Please come prepared to discuss these topics, or propose alternatives.  Send> ideas or comments to the list ahead of the call.>> If you plan to attend, please let me know.> If you are unable to attend, but are interested in planning group> activities, please send regrets.>> mark>>--Dr Carlos A Velasco - mailto:Carlos.Velasco@fit.fraunhofer.deFraunhofer-Institut f?r Angewandte Informationstechnik (FIT.LIFE)[Fraunhofer Institute for Applied Information Technology (FIT.LIFE)]http://access.fit.fraunhofer.de/Barrierefreie Informations- und Kommunikationstechnologie f?r AlleSchloss Birlinghoven, D53757 Sankt Augustin (Germany)Tel: +49-2241-142609 Fax: +49-2241-1442609",
            "docno": "lists-023-7950507",
            "received": "Sun Jun 29 14:54:46 2003",
            "isoreceived": "20030629185446",
            "sent": "Sun, 29 Jun 2003 20:58:50 +0200",
            "isosent": "20030629185850",
            "name": "Carlos A Velasco",
            "email": "Carlos.Velasco@fit.fraunhofer.de",
            "subject": "Re: Reminder: Planning Call, Monday June 30, 2003",
            "id": "3EFF36EA.8000304@fit.fraunhofer.de",
            "charset": "ISO-8859-1",
            "inreplyto": "DNEPLEBLKMGBNKKGDDFKEEEICJAA.hakkinen&#64;dinf.ne.jp",
            "expires": "-1",
            "to": "\"Markku T. Hakkinen\"<hakkinen@dinf.ne.jp>\n",
            "cc": " Public-Wai-Rd<public-wai-rd@w3.org>\n"
        },
        {
            "body": "Hi Michael,My 2 cents:The technique proposed does work unless you have an Apache server [1]with the mod_html_meta module:<http://www.yoshidam.net/mod_html_meta.txt>Therefore, the standard technique shall be (as it was): use *always*server side redirects.regards,carlos[1] http://httpd.apache.org/Michael Cooper wrote:> The issue I would like to raise comes from a suggestion about a way to do> auto-redirect in HTML. The standard way to do this is to use a <meta>> element to mimic an HTTP refresh header, e.g.,>> <meta http-equiv=\"refresh\" content=\"http://www.watchfire.com/\" />>> The suggestion was that we use the \"location\" header, e.g.,>> <meta http-equiv=\"Location\" content=\"http://www.watchfire.com/\" />>> I tested this in IE6 and Mozilla 1.2 and it did not work. Further, according> to my understanding of HTTP, it theoretically should not work. Therefore I> propose that we declare this a \"non-technique\" and close the issue, and need> the group's approval.--Dr Carlos A Velasco - mailto:Carlos.Velasco@fit.fraunhofer.deFraunhofer-Institut f?r Angewandte Informationstechnik (FIT.LIFE)[Fraunhofer Institute for Applied Information Technology (FIT.LIFE)]http://access.fit.fraunhofer.de/Barrierefreie Informations- und Kommunikationstechnologie f?r AlleSchloss Birlinghoven, D53757 Sankt Augustin (Germany)Tel: +49-2241-142609 Fax: +49-2241-1442609",
            "docno": "lists-070-14862476",
            "received": "Wed May 28 12:56:32 2003",
            "isoreceived": "20030528165632",
            "sent": "Wed, 28 May 2003 18:52:21 +0200",
            "isosent": "20030528165221",
            "name": "Carlos A Velasco",
            "email": "Carlos.Velasco@fit.fraunhofer.de",
            "subject": "Re: [#179] Meta &quot;location&quot; redirect",
            "id": "3ED4E945.9030105@fit.fraunhofer.de",
            "charset": "ISO-8859-1",
            "inreplyto": "D9ABD8212AFB094C855045AD80FB40DD017E08CF&#64;1wfmail.watchfire.com",
            "expires": "-1",
            "to": " Michael Cooper<michaelc@watchfire.com>\n",
            "cc": "w3c-wai-gl@w3.org\n"
        },
        {
            "body": "Hi Wendy, Seth,I believe that the section element of XHTML 2.0 (which can be nested, as said inthe WD) already covers this issue together with the navigation lists, as their<http://www.w3.org/TR/2003/WD-xhtml2-20030506/mod-list.html#edef_list_nl>I don't believe what has been sent adds anything new to what is already known,and I personally think the HTML WG is handling adequately both accessibility anddevice independence issues.My 2 cents,Regards,carlosSeth Honeycutt (by way of Wendy A Chisholm ) wrote:> Hi, I have sent this suggestion to the Accessibility web content group> but it also deals with HTML/XHTML as well.  An HTML document is attached> that explains a suggestion for using the <section> element to improve> accessibility in the XHTML 2.0 draft.  Thank you for your time in> considering this suggestion and expanding on ways to make accessibility> better for mobile device and disabled users.>> Thanks,> Seth Honeycutt>> ------------------------------------------------------------------------>>>   Suggested Recommendation for Accessibility in XHTML 2.0 Draft>>>     Summary>> This is a suggested recommendation for accessibility in the XHTML 2.0> draft using the <section> element.>>>     Content>> To help improve accessibility to web content for users of mobile devices> with small screens or disabled users such as blind or visually impaired> persons, I suggest using the <section> element to block-up sections of> XHTML code that can be given attributes such as id, title, and summary.>  These sections of code on a web page can then be displayed separately> by a browser on a mobile device or read by a text-to-speech program for> the visually impaired.  For example, the code for a section could look> something like this:>> <section id=\"sitenav\" title=\"Site Navigation\" summary=\"Navigation links> for our website.\" >>     <p>>     </p>> </section>>> The <section> element could also be nested to give a hierarchical> structure view to a web page.  This hierarchical or outline view list> could be generated and displayed by a browser on a mobile device to show> the various sections on a web page.  The user could then select what> section of the web page they would like to view and the browser will> then only show that section of the page on the screen.>> For instance, on a mobile device when a user visits a web page they> might see a section list with their browser like this:>> www.weather.com (or page title)>     Site Navigation>         Search Site>         Find Weather by ZIP or City>     Current Conditions>     Local Radar Image>     10 Day Forecast>> If the user would select \"10 Day Forecast\" the browser could just show> on the screen or text-to-speech software the section of the web page> that is in between the <section> element surrounding the table> containing the 10 Day Forecast.>> This would greatly improve accessibility to web pages for mobile devices> and disabled users, especially with pages that are full of tables used> for mainly graphical structure (which could just not be place in any> section in the code so it won't show up in the section outline list) or> that have a large amount of content plastered in table cells all over> the page.>>>     Extra Considerations>> A few extra things that you might consider is allowing for a header and> footer to be declared in the <head> of the document that would insert> code before and after the code in a section when a section is displayed> on a screen by itself.  This would allow for navigational links and/or a> site header graphic (or for small ads on sites that rely on advertising> for their free content) to be displayed along with any section that is> displayed by itself in a browser.  A possible example is below:>> <head>>     <section  header=\"index.php?header\" footer=\"index.php?footer\" />> </head>>> These would be the default header and footer for all sections if they> are displayed by themselves on a screen.  If you want to deviate from> the default header or footer when coding a section you can just place a> header or footer attribute with that section.  For example you might> place something in the code like this:>> <section id=\"sitenav\" title=\"Site Navigation\" summary=\"Navigation links> for our website.\" header=\"index.php?alternateheader\"> footer=\"index.php?alternatefooter\">>     <p>>     </p>> </section>>> You could also just specify that you don't want any header (void) for> this section (if you defined a default header for all sections in> <head>) by saying something like:>> <section id=\"sitenav\" title=\"Site Navigation\" summary=\"Navigation links> for our website.\"  header=\"\">>     <p>>     </p>> </section>>> When using relative links on a web page you could link to show just one> section on a mobile device screen or speech-to-text program when 'href'> points to an 'id' that is associated with a <section> element.  For example:>> <a href=\"#sitenav\">Site Navigation</a>>> This would take you right to showing you the <section> element block> with the 'id' attribute 'sitenav'.>> Another consideration is to have an optional <meta> tag in the <head> of> the document that would point to a simple web page that would show on a> mobile device an alternate navigational section outline view (made by> the web page creators) that could be more graphical than the general> outline of the sections generated and shown by the browser otherwise.>  The browser will still load the original page the meta tag was found in> to be able to show or read the individual sections, but would point to> an alternate navigational view if desired for a more graphical> customized look.  This simple navigational document would contain> relative links (ex: href=\"#sitenav\") to the various sections that would> then be shown independently.  For example you might have a <meta> tag> like in <head> like:>> <head>> <meta name=\"navigate\" content=\"navigate.html\" />> </head>>> Browsers, like on mobile devices, that would support a <meta> tag like> this would show a simple customized navigational document that could> even be personalized for each user if desired.  (A blind user that> wouldn't care about a nice graphical display could just use the section> outline generated by the browser by default.)>> One last extra thing to possibly consider is a way to show an> alternative to a section if it is displayed alone on a small screen> device, etc.  You may consider using the 'src' attribute to specify an> external file containing code for an alternate view if the code that is> displayed on a full computer screen would look rather bad by itself or> on a small screen.  For example, maybe something like:>> <section id=\"sitenav\" title=\"Site Navigation\" summary=\"Navigation links> for our website.\"  src=\"sitenav.php?\">>     <p>>     </p>> </section>>> Full screen computer browsers will skip over the <section> tag and show> the content in between, but if viewed separately on a mobile device it> will use the code from the file in the 'src' attribute.>> (P.S. showing sections alone may also be useful for printing a web page> where only one section containing what you want to print is printed.)>>>     Conclusion>> Using the <section> attribute to surround parts or sections of the code> that could then be viewed separately would greatly improve web content> browsing for mobile and disabled users.  I know that the <section>> element is already contained in the XHTML 2.0 draft, but from what I> read about it I think it could be used in this way, but maybe another> element name could do.  The extra considerations may not be suggested in> the best way for how the code would look or how features like this could> be done, but hopefully it would give you an idea for how something like> the <section> element could be made more useful.  Thank you for your> time in reading this and for considering ways to improve accessibility> for mobile and disabled users.>> Seth Honeycutt>>>--Dr Carlos A Velasco - mailto:Carlos.Velasco@fit.fraunhofer.deFraunhofer-Institut f?r Angewandte Informationstechnik (FIT.LIFE)[Fraunhofer Institute for Applied Information Technology (FIT.LIFE)]http://access.fit.fraunhofer.de/Barrierefreie Informations- und Kommunikationstechnologie f?r AlleSchloss Birlinghoven, D53757 Sankt Augustin (Germany)Tel: +49-2241-142609 Fax: +49-2241-1442609",
            "docno": "lists-071-11613479",
            "received": "Sat Nov  1 09:16:43 2003",
            "isoreceived": "20031101141643",
            "sent": "Sat, 01 Nov 2003 15:14:10 +0100",
            "isosent": "20031101141410",
            "name": "says, created for navigation elements:",
            "email": "Carlos.Velasco@fit.fraunhofer.de",
            "subject": "Re: Accessibility in XHTML 2.0 Draft",
            "id": "3FA3BFB2.6070102@fit.fraunhofer.de",
            "charset": "ISO-8859-1",
            "inreplyto": "5.2.0.9.2.20031031160105.01603608&#64;localhost",
            "expires": "-1",
            "to": "\"\\\"Seth Honeycutt\\\"(by way of Wendy A Chisholm<wendy@w3.org>)\"<honeys0521@ncstudent.net>\n",
            "cc": "w3c-wai-gl@w3.org\n"
        },
        {
            "body": "Hi Judy,I think the draft is OK. But I have some small comments:- \"We expect that this work may also be of interest to potential funders ofWeb-related research.\"I think we shall be more pro-active in this area. From the European side, maybecontacting the special needs unit of the EC (IST), and ask them to participate(at least in the mailing list) will be interesting. Same applies to NSF, etc.This involvement will estimulate also researchers' participation, I think.- \"Teleconference events: One and one half hour teleconferences, ...\"Should not this be Two-hours teleconferences ... (bearing in mind the firstexperience)?- \"Tips for Accessibility-Aware Research: Start-up tips and very basic guidancefor researchers, to help them incorporate accessibility into their researchdesigns (not a comprehensive statement about how to do universal research design).\"Should not this a little bit more formal, like, e.g., a W3C note? It will be aninteresting resource to point to.Regards,carlosJudy Brewer wrote:> Dear RDIG Participants:>> ...>> The draft is available at:>         http://www.w3.org/WAI/RD/charter2.html>> 1. Okay as is> 2. Okay, but recommend the following changes (please specify)> 3. Okay only with the following changes (please specify)>> Thank you,>> - Judy>>--Dr Carlos A Velasco - mailto:Carlos.Velasco@fit.fraunhofer.deFraunhofer-Institut f?r Angewandte Informationstechnik FIT[Fraunhofer Institute for Applied Information Technology (FIT)]http://access.fit.fraunhofer.de/Barrierefreie Informations- und Kommunikationstechnologie f?r AlleSchloss Birlinghoven, D53757 Sankt Augustin (Germany)Tel: +49-2241-142609 Fax: +49-2241-1442609",
            "docno": "lists-023-9308027",
            "received": "Thu May 13 10:55:44 2004",
            "isoreceived": "20040513145544",
            "sent": "Thu, 13 May 2004 16:54:46 +0200",
            "isosent": "20040513145446",
            "name": "Carlos A Velasco",
            "email": "Carlos.Velasco@fit.fraunhofer.de",
            "subject": "Re: Draft RDIG Charter for review and comment",
            "id": "40A38C36.1020208@fit.fraunhofer.de",
            "charset": "ISO-8859-1",
            "inreplyto": "5.1.0.14.2.20040512151931.04a2d008&#64;localhost",
            "expires": "-1",
            "to": " Judy Brewer<jbrewer@w3.org>\n",
            "cc": "public-wai-rd@w3.org\n"
        },
        {
            "body": "Hi Julian,Yes, there is an automated tool that supports validation, not only for a page,but for a whole portal. You can find more information in (it will available inthe market soon):<http://access.fit.fraunhofer.de/imergo?lang=en>We also support real X(HT)ML validation, which overcomes some of the limitationsof the W3C validator when dealing with XHTML, which has some bugs andlimitations, as it is based on OpenSP.regards,carlosOn 04/20/2004 04:46 PM, Scarlett Julian wrote:>> Does anyone know why Bobby includes WCAG1 checkpoint 3.2 in user checks> rather than in the automated tests? Also, why A-Prompt and CynthiaSays don't> seem to pick up invalid mark-up?>> Surely validating mark-up is in the realm of automated tests. Is there a> testing tool that has a validator built in?>--Dr Carlos A Velasco - mailto:Carlos.Velasco@fit.fraunhofer.deFraunhofer-Institut f?r Angewandte Informationstechnik FIT[Fraunhofer Institute for Applied Information Technology (FIT)]http://access.fit.fraunhofer.de/Barrierefreie Informations- und Kommunikationstechnologie f?r AlleSchloss Birlinghoven, D53757 Sankt Augustin (Germany)Tel: +49-2241-142609 Fax: +49-2241-1442609",
            "docno": "lists-080-10009852",
            "received": "Wed Apr 21 14:55:06 2004",
            "isoreceived": "20040421185506",
            "sent": "Wed, 21 Apr 2004 20:54:26 +0200",
            "isosent": "20040421185426",
            "name": "Carlos A Velasco",
            "email": "Carlos.Velasco@fit.fraunhofer.de",
            "subject": "Re: Bobby user checks",
            "id": "4086C362.50204@fit.fraunhofer.de",
            "charset": "windows-1252",
            "inreplyto": "92EDB2FD9A725A478A251D9049E76AFC10C074&#64;msmxs01.sheffield.gov.uk",
            "expires": "-1",
            "to": " Scarlett Julian<Julian.Scarlett@sheffield.gov.uk>\n",
            "cc": "w3c-wai-ig@w3.org, Yehya Mohamad<Yehya.Mohamad@fit.fraunhofer.de>\n"
        },
        {
            "body": "Hi Nick,On 04/22/2004 02:00 PM, Nick Kew wrote:> That's rather different, isn't it?  The various RFCs define default> charsets, so we have ISO-8859-1 for text/html served over HTTP,> ASCII for text/xml served over HTTP, and UTF-8 for XML in isolation.> IMO allowing users to override that is a slippery slope to> ignoring standards altogether.>We call it a customer's requirement, whether you like it or not. It is not amatter of who is more faithful to standards.carlos--Dr Carlos A Velasco - mailto:Carlos.Velasco@fit.fraunhofer.deFraunhofer-Institut f?r Angewandte Informationstechnik FIT[Fraunhofer Institute for Applied Information Technology (FIT)]http://access.fit.fraunhofer.de/Barrierefreie Informations- und Kommunikationstechnologie f?r AlleSchloss Birlinghoven, D53757 Sankt Augustin (Germany)Tel: +49-2241-142609 Fax: +49-2241-1442609",
            "docno": "lists-080-10108833",
            "received": "Thu Apr 22 08:55:40 2004",
            "isoreceived": "20040422125540",
            "sent": "Thu, 22 Apr 2004 14:52:35 +0200",
            "isosent": "20040422125235",
            "name": "Carlos A Velasco",
            "email": "Carlos.Velasco@fit.fraunhofer.de",
            "subject": "Re: Bobby user checks",
            "id": "4087C013.3000906@fit.fraunhofer.de",
            "charset": "ISO-8859-1",
            "inreplyto": "Pine.LNX.4.53.0404221254480.1376&#64;hugin.webthing.com",
            "expires": "-1",
            "to": " Nick Kew<nick@webthing.com>\n",
            "cc": "w3c-wai-ig@w3.org\n"
        },
        {
            "body": "Hi Nick,On 04/22/2004 01:45 PM, Nick Kew wrote:>> Does that work the same as Valet by using separate parsers for SGML/HTML> and XML/XHTML, or have you developed/found a parser that validates both?>Different parsers plus several add-ons developed by us.carlos--Dr Carlos A Velasco - mailto:Carlos.Velasco@fit.fraunhofer.deFraunhofer-Institut f?r Angewandte Informationstechnik FIT[Fraunhofer Institute for Applied Information Technology (FIT)]http://access.fit.fraunhofer.de/Barrierefreie Informations- und Kommunikationstechnologie f?r AlleSchloss Birlinghoven, D53757 Sankt Augustin (Germany)Tel: +49-2241-142609 Fax: +49-2241-1442609",
            "docno": "lists-080-10100981",
            "received": "Thu Apr 22 08:41:49 2004",
            "isoreceived": "20040422124149",
            "sent": "Thu, 22 Apr 2004 14:33:29 +0200",
            "isosent": "20040422123329",
            "name": "Carlos A Velasco",
            "email": "Carlos.Velasco@fit.fraunhofer.de",
            "subject": "Re: Bobby user checks",
            "id": "4087BB99.3000004@fit.fraunhofer.de",
            "charset": "ISO-8859-1",
            "inreplyto": "Pine.LNX.4.53.0404221243100.1376&#64;hugin.webthing.com",
            "expires": "-1",
            "to": " Nick Kew<nick@webthing.com>\n",
            "cc": "w3c-wai-ig@w3.org\n"
        }
    ]
}