{
    "id": "candidate-1011",
    "name": "Jonathan Jeon",
    "gender": "MALE",
    "email": "hollobit@etri.re.kr",
    "mails": [
        {
            "body": "Hi,My name is Jong-Hong Jeon.I am a Researcher at the ETRI(Electronics and Telecommuncations ResearchInstitute), andam also a member of the W3C Korean Office staff.I have managed to a number of domestic technical discussion forums relatedto web serviceswithin W3C Korean Office (http://www.webservices.or.kr).My areas of interest and experience are in semantic KMS(KnowledgeManagement Systems),semantic portal, semantic (mobile) web services and the application of allof the above to the Semantic Web.Best regards---------------------------------------------------------Jong-Hong Jeon (Jonathan Jeon)Senior Member of Research StaffETRI, Protocol Engineering Center161 Kajong-Dong,Yusong-Gu, Daejeon, 305-350, South KoreaVoice  : +82-42-860-5333,  FAX: +82-42-861-5404E-mail : hollobit@etri.re.kr, hollobit@w3c.or.krBlog : http://blog.webservices.or.kr/hollobit---------------------------------------------------------",
            "docno": "lists-022-5530172",
            "received": "Sun Nov  9 17:26:51 2003",
            "isoreceived": "20031109222651",
            "sent": "Mon, 10 Nov 2003 07:20:07 +0900",
            "isosent": "20031109222007",
            "name": "hollobit@etri.re.kr",
            "email": "hollobit@etri.re.kr",
            "subject": "Introduction - Jong-Hong Jeon",
            "id": "4A0AE1E5A1AAD711AC1B00D0B7C2D4A20489757B@cms1",
            "charset": "ks_c_5601-1987",
            "expires": "-1",
            "to": " public-sws-ig@w3.org\n"
        }
    ]
}