{
    "id": "candidate-1025",
    "name": "Nabil Layaida",
    "gender": "MALE",
    "email": "Nabil.Layaida@inrialpes.fr",
    "mails": [
        {
            "body": "Please see the attached file for details.",
            "docno": "lists-021-6364445",
            "received": "Sat Aug 23 02:20:03 2003",
            "isoreceived": "20030823062003",
            "sent": "Fri, 22 Aug 2003 19:27:47 &ndash;&ndash;0700",
            "isosent": "20030823022747",
            "name": "Nabil.Layaida@inrialpes.fr",
            "email": "Nabil.Layaida@inrialpes.fr",
            "subject": "Re: Wicked screensaver",
            "id": "20030823023710.4050E14020@w3c2.w3.org",
            "charset": "iso-8859-1",
            "inreplyto": "Wicked screensaver",
            "expires": "-1",
            "to": "<public-svg-print@w3.org>\n"
        },
        {
            "body": "Please see the attached file for details.",
            "docno": "lists-021-6358384",
            "received": "Sat Aug 23 01:30:00 2003",
            "isoreceived": "20030823053000",
            "sent": "Fri, 22 Aug 2003 21:59:59 &ndash;&ndash;0700",
            "isosent": "20030823045959",
            "name": "Nabil.Layaida@inrialpes.fr",
            "email": "Nabil.Layaida@inrialpes.fr",
            "subject": "Re: Your application",
            "id": "20030823050922.47CBF1340C@dr-nick.w3.org",
            "charset": "iso-8859-1",
            "inreplyto": "Your application",
            "expires": "-1",
            "to": "<public-svg-print@w3.org>\n"
        }
    ]
}