{
    "id": "candidate-1002",
    "name": "Mikko Honkala",
    "gender": "MALE",
    "email": "honkkis@tml.hut.fi",
    "mails": [
        {
            "body": "Hi,I've revieved the DOM3 Load & Save Last Call spec [1] for the XForms WGand have the following Last Call comments:1. Inconsistency in DOMParserFilterInconsistency: 1.1 says DOMParserFilter filters only elements, while 1.3says all kinds of nodes (e.g. attributes and text nodes) can befiltered. Which is right? The preferred answer is that of 1.3. Pleasefix this in the spec.2. Inconsistency in DOMSerializerFilterInconsistency: 1.1 says DOMSerializerFilter can be used to filter outnodes, but 1.3 says that only elements can be filtered. Why doesn't thisinterface include attributes? An example of a use case: in XForms the'relevant' attribute can be set to false on a attribute, which removesit from the serialization. Please fix this so that also attributes andtext nodes can be filtered out.3. 1.4 Convenience Interfaces should be made mandatoryWhy are these interfaces optional? If the claim is right that they arejust convenience methods, they should be trivial to implement. For usersit will be a pain to check whether an implementation supports theseinterfaces. Please fix this by making them mandatory.[1] DOM3 LShttp://www.w3.org/TR/2003/WD-DOM-Level-3-LS-20030619/",
            "docno": "lists-104-15482749",
            "received": "Fri Aug  1 08:50:52 2003",
            "isoreceived": "20030801125052",
            "sent": "Fri, 01 Aug 2003 15:53:43 +0300",
            "isosent": "20030801125343",
            "name": "Mikko Honkala",
            "email": "honkkis@tml.hut.fi",
            "subject": "DOM3 Load &amp; Save Last Call Comments",
            "id": "3F2A62D7.5020404@tml.hut.fi",
            "charset": "us-ascii",
            "expires": "-1",
            "to": "www-dom@w3.org\n"
        },
        {
            "body": "Mikko Honkala wrote:>> Hi,>> I've revieved the DOM3 Load & Save Last Call spec [1] for the XForms WG> and have the following Last Call comments:>> 1. Inconsistency in DOMParserFilter>> Inconsistency: 1.1 says DOMParserFilter filters only elements, while 1.3> says all kinds of nodes (e.g. attributes and text nodes) can be> filtered. Which is right? The preferred answer is that of 1.3. Please> fix this in the spec.1.3 is correct, fixed in the spec now. Good catch!--jst",
            "docno": "lists-104-16634822",
            "received": "Wed Sep 10 18:45:49 2003",
            "isoreceived": "20030910224549",
            "sent": "Wed, 10 Sep 2003 15:44:25 -0700",
            "isosent": "20030910224425",
            "name": "Johnny Stenback",
            "email": "jst@netscape.com",
            "subject": "Re: DOM3 Load &amp; Save Last Call Comments",
            "id": "3F5FA949.4060104@netscape.com",
            "charset": "us-ascii",
            "inreplyto": "3F2A62D7.5020404&#64;tml.hut.fi",
            "expires": "-1",
            "to": " Mikko Honkala<honkkis@tml.hut.fi>\n",
            "cc": "www-dom@w3.org\n"
        },
        {
            "body": "Mikko Honkala wrote:> 3. 1.4 Convenience Interfaces should be made mandatory>> Why are these interfaces optional? If the claim is right that they are> just convenience methods, they should be trivial to implement. For users> it will be a pain to check whether an implementation supports these> interfaces. Please fix this by making them mandatory.The DOM WG disagrees with this, and chose to not make these interfacesmandatory. However, the DOM WG also decided to completely drop theseinterfaces from the LS spec, please see:http://lists.w3.org/Archives/Public/www-dom/2003JulSep/0210.htmlfor more details.>>> [1] DOM3 LS> http://www.w3.org/TR/2003/WD-DOM-Level-3-LS-20030619/>>--jst",
            "docno": "lists-105-0000000",
            "received": "Wed Sep 17 14:16:44 2003",
            "isoreceived": "20030917181644",
            "sent": "Wed, 17 Sep 2003 11:16:14 -0700",
            "isosent": "20030917181614",
            "name": "Johnny Stenback",
            "email": "jst@w3c.jstenback.com",
            "subject": "Re: DOM3 Load &amp; Save Last Call Comments",
            "id": "3F68A4EE.4090806@w3c.jstenback.com",
            "charset": "us-ascii",
            "inreplyto": "3F2A62D7.5020404&#64;tml.hut.fi",
            "expires": "-1",
            "to": " Mikko Honkala<honkkis@tml.hut.fi>\n",
            "cc": "www-dom@w3.org\n"
        },
        {
            "body": "Mikko Honkala wrote:>> Hi,>> I've revieved the DOM3 Load & Save Last Call spec [1] for the XForms WG> and have the following Last Call comments:>[...]> 2. Inconsistency in DOMSerializerFilter>> Inconsistency: 1.1 says DOMSerializerFilter can be used to filter out> nodes, but 1.3 says that only elements can be filtered. Why doesn't this> interface include attributes? An example of a use case: in XForms the> 'relevant' attribute can be set to false on a attribute, which removes> it from the serialization. Please fix this so that also attributes and> text nodes can be filtered out.Fixed. Attribute nodes are now passed to the filter, except for--jst",
            "docno": "lists-104-16658793",
            "received": "Fri Sep 12 18:59:24 2003",
            "isoreceived": "20030912225924",
            "sent": "Fri, 12 Sep 2003 15:58:59 -0700",
            "isosent": "20030912225859",
            "name": "space declaration attributes and default attributes.",
            "email": "jst@netscape.com",
            "subject": "Re: DOM3 Load &amp; Save Last Call Comments",
            "id": "3F624FB3.30908@netscape.com",
            "charset": "us-ascii",
            "inreplyto": "3F2A62D7.5020404&#64;tml.hut.fi",
            "expires": "-1",
            "to": " Mikko Honkala<honkkis@tml.hut.fi>\n",
            "cc": "www-dom@w3.org\n"
        }
    ]
}