{
    "id": "candidate-1005",
    "name": "Mark Seaborne",
    "gender": "MALE",
    "email": "mseaborne@origoservices.com",
    "mails": [
        {
            "body": "Hi Andrew,Well,I agree that Microsoft and Adobe do development tools well. However, they dohave one major drawback, and that is that they are hopeless for authoringXForms.At the conference yesterday Novell (exteNd) and Focus (XFormation) demo'edtheir authoring tools, and whilst I would agree that they have ample roomfor improvement, both are very usable and lay a more than acceptablefoundation for the future. There are other tools available now, like OnFormXpress from Black Dog, and I know of several that are being worked on.It was also demonstrated yesterday that XForms can be authored indirectly.An organisation in the UK (Polaris) has built a portal that uses XForms, butall of the forms (and WSDL too incidentally) are automatically generatedfrom annotated schemas.Personally I prefer a decent text editor, so I do most of my authoring inMacs. I realise that typing code directly won't be everyone's cup to tea (orcoffee for that matter), but certainly for smaller projects, it really is nohardship. XForms is pretty readable on the whole, after all. In fact it isnice to use a markup that is usable without having to hide behind prettyauthoring tools all the time (alas the same cannot really be said of W3C XMLSchema).With regards to multiple XForms processors popping up all over the place,well I think that is important to help in the efforts to improve the XFormsspec. We will always need many processors, because there are so manyplatforms that will require XForms support. I don't think it is a problemthat we have several implementations for the same platform. All of thevendors are committed to achieving a high degree of interoperability, andthis can only be achieved if the spec is clear. We can only know if the specis well written, and works, if there are many implementations. Ifimplementations achieve the goal of interoperability, then it doesn't matterif there are many for the same platform, if they don't, then we work on thespec. some more, or the implementers fix bugs.No one wants an XForms equivalent to browser wars. Many vendors are talkingto each other very openly about implementation decisions, and wherenecessary these are feeding back into the development process. I think it isfair to talk of a growing community of XForms implementers at the moment.Obviously they are very aware that they need to compete with each other,equally obviously, they are very aware that they must not compete over theirimplementation of XForms itself.At the moment vendors are focusing on getting XForms onto the client,because no one will author XForms if no one can use XForms. No one will makevery much money unless XForms becomes ubiquitous. Companies like Novell andx-port make their plug-ins free so that they can make money off the back ofrelated products and services.Clearly there can, theoretically, still be rubbish implementations ;-)All the bestMark--The information in this email is sent in confidence for the addressee onlyand may be legally privileged. Unauthorised recipients must preserve thisconfidentiality and should please advise the sender immediately of the errorin transmission. If you are not the intended recipient, any disclosure,copying, distribution or any action taken in reliance on its content isprohibited and may be unlawful.Origo Services Ltd accepts no responsibility for any loss or damageresulting directly or indirectly from the use of this email or the contents.> From: <AndrewWatt2001@aol.com>> Date: Wed, 7 Apr 2004 07:46:43 EDT> To: <www-forms@w3.org>> Cc: <XForms@yahoogroups.com>> Subject: Re: XForms product news> Resent-From: www-forms@w3.org> Resent-Date: Wed,  7 Apr 2004 07:47:40 -0400 (EDT)>> In a message dated 07/04/2004 12:11:31 GMT Daylight Time,> mseaborne@origoservices.com writes:>>> Hi,>>>> As some of you know the company I work for, Origo Services (b-to-b, XML>> standards body for UK Life Insurance) ran a one day conference on XForms>> yesterday.>>>> I just wanted to quickly mention one or two product related things were>> mentioned that I thought might be of general interest.>>>> Firstly, David Boloker, IBM's CTO of Emerging Technologies told us that IBM>> has begun work on implementing XForms native in Mozilla (though he did say>> that it will take a _really_ long time to do). David also mentioned that>> they are also working on XForms  support in WebSphere Portal Server, Lotus>> Workplace and Pervasive Computing.>>>> Secondly, Novell demo'ed an IE plug-in that they are working on. No release>> date was given, but we were told that it will be a free download when it is>> ready.>>>> All the best>>>> Mark>>>> Mark,>> A practical question. Do you envisage that all XForms plugins for Internet> Explorer will be equal?>> What is the benefit for the XForms community of having several viewers? I can> see a benefit if one particular viewer is visibly substandard but if one> assumes the existence of a complete and conforming XForms viewer for Internet> Explorer what is the need for another?>> I can see a much more evident gap in the market for XForms design tools than> in the market for XForms viewers. A couple of competent, usable XForms design> tools are now around but, in my view at least, have some distance to go to> catch up with Microsoft's InfoPath and Adobe's XML/PDF Designer as XML-based> forms> design tools. I am not knocking the XForms design tools but Microsoft and> Adobe are not beginners at the job of creating good tools. And that experience> shows.>> Thoughts?>> Andrew Watt>",
            "docno": "lists-108-7088104",
            "received": "Wed Apr  7 08:57:07 2004",
            "isoreceived": "20040407125707",
            "sent": "Wed, 07 Apr 2004 13:56:26 +0100",
            "isosent": "20040407125626",
            "name": "Mark Seaborne",
            "email": "seaborne@origoservices.com",
            "subject": "Re: XForms product news",
            "id": "BC99B90A.40FA%mseaborne@origoservices.com",
            "charset": "US-ASCII",
            "inreplyto": "1c0.1753ef27.2da54423&#64;aol.com",
            "expires": "-1",
            "to": "<AndrewWatt2001@aol.com>,<www-forms@w3.org>\n"
        },
        {
            "body": "David,I am not sure what you are thinking, but if all you want to do is to get PHPon the server to interact with XForms on the client, can I suggest lookingat :http://www.devshed.com/c/a/XML/XForms-Basics-2/for a simple example.There is also some basic coverage in the PHP documentation set, specificallyat:http://www.php.net/manual/en/tutorial.xforms.phpI hope that is of some help to you.I don't know of any products that combine PHP and XForms in anyway.All the bestMark--The information in this email is sent in confidence for the addressee onlyand may be legally privileged. Unauthorised recipients must preserve thisconfidentiality and should please advise the sender immediately of the errorin transmission. If you are not the intended recipient, any disclosure,copying, distribution or any action taken in reliance on its content isprohibited and may be unlawful.Origo Services Ltd accepts no responsibility for any loss or damageresulting directly or indirectly from the use of this email or the contents.> From: \"David SEYARET\" <dseyaret@qualigram.com>> Date: Tue, 20 Apr 2004 11:00:59 +0200> To: <www-forms@w3.org>> Subject: Xforms AND PHP> Resent-From: www-forms@w3.org> Resent-Date: Tue, 20 Apr 2004 05:09:20 -0400 (EDT)>> Does somebody know a solution to process xforms using php ?>>> david>> ---> Outgoing mail is certified Virus Free.> Checked by AVG anti-virus system (http://www.grisoft.com).> Version: 6.0.659 / Virus Database: 423 - Release Date: 15/04/2004>>",
            "docno": "lists-108-7133112",
            "received": "Tue Apr 20 05:25:56 2004",
            "isoreceived": "20040420092556",
            "sent": "Tue, 20 Apr 2004 10:25:18 +0100",
            "isosent": "20040420092518",
            "name": "Mark Seaborne",
            "email": "seaborne@origoservices.com",
            "subject": "Re: Xforms AND PHP",
            "id": "BCAAAB0E.481B%mseaborne@origoservices.com",
            "charset": "US-ASCII",
            "inreplyto": "20040420090637.3140318000D9&#64;mwinf1003.wanadoo.fr",
            "expires": "-1",
            "to": "\"David SEYARET\"<dseyaret@qualigram.com>,<www-forms@w3.org>\n"
        },
        {
            "body": "Hello Mark,> How many browsers directly support Flash, or PDF for> example?Well, my point was that the W3C is supposed to bringtogether browser vendors/project and lead the web toits full potential.However, it looks like the W3C is increasinglyirrelevant. If the W3C can't unite the browservendors, who can? Why doesn't the W3C lobby harder?Why doesn't the W3C publish, for example, theroadmaps/positions of browser vendors such asMicrosoft, Apple, Opera, Mozilla, etc?As everybody can see the secret backroom dealing isgetting us nowhere and the rich internet for everyonewill be lost.> Are web based polls the next big thing? Maybe we> should run a poll to find out.They surely help to find out how popular somethingis. And I'm sorry if you can't deal with the resultsthat tell you that XForms is irrelevant.Why not put up your own poll and see if you come toa different conclusion.- Gerald-------------------Gerald BauerOpen XUL Alliance - A Rich Internet For Everyone |http://xul.sourceforge.net______________________________________________________________________Post your free ad now! http://personals.yahoo.ca",
            "docno": "lists-108-8227721",
            "received": "Thu May 27 09:40:59 2004",
            "isoreceived": "20040527134059",
            "sent": "Thu, 27 May 2004 09:40:28 -0400 (EDT)",
            "isosent": "20040527134028",
            "name": "Gerald Bauer",
            "email": "uxorxul@yahoo.ca",
            "subject": "Re: WWW2004 XForms Talk Slides by Steven Pemberton Now Online",
            "id": "20040527134028.16747.qmail@web40804.mail.yahoo.com",
            "charset": "us-ascii",
            "inreplyto": "BCDB6706.598A%mseaborne&#64;origoservices.com",
            "expires": "-1",
            "to": "www-forms@w3.org\n",
            "cc": " Mark Seaborne<mseaborne@origoservices.com>\n"
        },
        {
            "body": "Pierre,If you want to submit two instances, the easiest way is just to have twosubmits, one for each. You can then use something like:<xforms:trigger><xforms:label>Send Something Simple</xforms:label><xforms:action ev:event=\"DOMActivate\"><xforms:send submission=\"submit1\"/><xforms:send submission=\"submit2\"/></xforms:action></xforms:trigger>to use them.I think this should be tidier than trying a union XPath.All the bestMark--The information in this email is sent in confidence for the addressee onlyand may be legally privileged. Unauthorised recipients must preserve thisconfidentiality and should please advise the sender immediately of the errorin transmission. If you are not the intended recipient, any disclosure,copying, distribution or any action taken in reliance on its content isprohibited and may be unlawful.Origo Services Ltd accepts no responsibility for any loss or damageresulting directly or indirectly from the use of this email or the contents.> From: \"Pierre Busnel\" <pierre2803@lycos.com>> Reply-To: <pierre2803@lycos.com>> Date: Wed, 26 May 2004 08:21:39 +0100> To: <www-forms@w3.org>> Subject: sending 2 instances> Resent-From: www-forms@w3.org> Resent-Date: Wed, 26 May 2004 03:22:20 -0400 (EDT)>>> Hello,>> I am trying to send in a Xforms, 2 instances, or 2 pieces of instance but I> can't figure how it works.>> I have tried> <xforms:submission ref=\"instance('instance_0')/personne[index('tableau')]/nom\"> action=\"http://192.168.9.12:8080/xform/app\" method=\"post\" id=\"submit\" />> to send one (and it works), and I have tried using a pipe but this created an> error <xforms:submission> ref=\"instance('instance_0')/personne[index('tableau')]/nom |> instance('instance_0')/personne[index('tableau')]/prenom\"> action=\"http://192.168.9.12:8080/xform/app\" method=\"post\" id=\"submit\" />>> I am using Oracle wireless client to process Xforms.>> Does anyone know how to submit using 2 different Xpath (if it is possible) ?>> Best regards>> Pierre Busnel>>",
            "docno": "lists-108-8139306",
            "received": "Wed May 26 03:38:34 2004",
            "isoreceived": "20040526073834",
            "sent": "Wed, 26 May 2004 08:38:14 +0100",
            "isosent": "20040526073814",
            "name": "Mark Seaborne",
            "email": "seaborne@origoservices.com",
            "subject": "Re: sending 2 instances",
            "id": "BCDA07F6.58DC%mseaborne@origoservices.com",
            "charset": "US-ASCII",
            "inreplyto": "INANFNJCNKFPNHAA&#64;mailcity.com",
            "expires": "-1",
            "to": "<pierre2803@lycos.com>,<www-forms@w3.org>\n"
        },
        {
            "body": "In a message dated 07/04/2004 12:11:31 GMT Daylight Time,mseaborne@origoservices.com writes:> Hi,>> As some of you know the company I work for, Origo Services (b-to-b, XML> standards body for UK Life Insurance) ran a one day conference on XForms> yesterday.>> I just wanted to quickly mention one or two product related things were> mentioned that I thought might be of general interest.>> Firstly, David Boloker, IBM's CTO of Emerging Technologies told us that IBM> has begun work on implementing XForms native in Mozilla (though he did say> that it will take a _really_ long time to do). David also mentioned that> they are also working on XForms  support in WebSphere Portal Server, Lotus> Workplace and Pervasive Computing.>> Secondly, Novell demo'ed an IE plug-in that they are working on. No release> date was given, but we were told that it will be a free download when it is> ready.>> All the best>> Mark>Mark,A practical question. Do you envisage that all XForms plugins for InternetExplorer will be equal?What is the benefit for the XForms community of having several viewers? I cansee a benefit if one particular viewer is visibly substandard but if oneassumes the existence of a complete and conforming XForms viewer for InternetExplorer what is the need for another?I can see a much more evident gap in the market for XForms design tools thanin the market for XForms viewers. A couple of competent, usable XForms designtools are now around but, in my view at least, have some distance to go tocatch up with Microsoft's InfoPath and Adobe's XML/PDF Designer as XML-based formsdesign tools. I am not knocking the XForms design tools but Microsoft andAdobe are not beginners at the job of creating good tools. And that experienceshows.Thoughts?Andrew Watt",
            "docno": "lists-108-7069402",
            "received": "Wed Apr  7 07:47:38 2004",
            "isoreceived": "20040407114738",
            "sent": "Wed, 7 Apr 2004 07:46:43 EDT",
            "isosent": "20040407114643",
            "name": "AndrewWatt2001@aol.com",
            "email": "AndrewWatt2001@aol.com",
            "subject": "Re: XForms product news",
            "id": "1c0.1753ef27.2da54423@aol.com",
            "charset": "US-ASCII",
            "inreplyto": "XForms product news",
            "expires": "-1",
            "to": "www-forms@w3.org\n",
            "cc": "XForms@yahoogroups.com\n"
        },
        {
            "body": "Gerald,>>  So much about the hype. As far as I know not a> single browser vendor (e.g. Microsoft, Apple, Opera,> Mozilla, Konqueror, etc.) has endorsed W3C XForms.> Ironically, the W3C is supposed to be a vendor> consortium.How many browsers directly support Flash, or PDF for example?>  Anyway, for a reality check I invite you to check> out the Richmond Post poll asking \"What is your XForms> Player of choice?\" online @> http://xul.sourceforge.net/post/2004/05/poll_what_is_your_xforms_player_of_cho> ice.html>>  So far only about a hundred people have bothered to> vote although the poll is now up for more than a week> and I've promoted it *twice* on half a dozen> mailinglists including xml-dev, www-forms, and more.>>  Is XForms the next big thing?Are web based polls the next big thing? Maybe we should run a poll to findout.All the bestMark",
            "docno": "lists-108-8184666",
            "received": "Thu May 27 04:36:27 2004",
            "isoreceived": "20040527083627",
            "sent": "Thu, 27 May 2004 09:36:06 +0100",
            "isosent": "20040527083606",
            "name": "Mark Seaborne",
            "email": "seaborne@origoservices.com",
            "subject": "Re: WWW2004 XForms Talk Slides by Steven Pemberton Now Online",
            "id": "BCDB6706.598A%mseaborne@origoservices.com",
            "charset": "US-ASCII",
            "inreplyto": "20040527044131.98674.qmail&#64;web40812.mail.yahoo.com",
            "expires": "-1",
            "to": "\"Gerald Bauer\"<luxorxul@yahoo.ca>,<www-forms@w3.org>\n"
        },
        {
            "body": "Dmitri,There is a good selection of server-side implementations of XForms other than Chiba. For example:Oracle (both client and server-side support): http://otn.oracle.com/tech/wireless/mobilebrowser.htmNovell (server-side support, client-side coming soon): http://www.novell.com/products/extend/Orbeon: http://www.orbeon.com/oxf/doc/indexFormFaces: http://www.formfaces.com/main.jspX-Toolbox: http://www.hico.com (German language only at the moment - I think)This list is not exhaustive, but gives a flavour of what is available.All the bestMarkThe information in this email is sent in confidence for the addressee only and may be legally privileged.  Unauthorised recipients must preserve this confidentiality and should please advise the sender immediately of the error in transmission.  If you are not the intended recipient, any disclosure, copying, distribution or any action taken in reliance on its content is prohibited and may be unlawful.Origo Services Ltd accepts no responsibility for any loss or damage resulting directly or indirectly from the use of this email or the contents.> -----Original Message-----> From: Dmitri Khanine [mailto:Dmitri.Khanine@sympatico.ca]> Sent: 30 May 2004 05:39> To: Gerald Bauer; www-forms@w3.org> Cc: Mark Seaborne> Subject: Is the browser support for XForms all that critical?>> Hello Everyone>> I am a newbie to this list so let me ask a silly question:> Why the lack of XForms support by the web browser vendors> seen as a showstopper?>> Let's cosider public internet. Your user has full control> over her web browser. Any information coming from \"IE 6.0\"> may have actually been generated by the perl script etc. If> it comes form the client - it can not be trusted. If I run my> XForms engine on the client machine, the XML being posted to> the server needs to be further validated. Do I need to have> yet another XForms engine on the server?>> What happaned to the idea of coexisting with established> technologies? Full server side XForms implementation where> conventional HTML and JavaScript is generated out of the> XHTML template and served to the client requires no> modifications to the client's browser whatsoever. This> approach also follows the security guidelines where the only> mission of the client-side validation is to provide feedback> to the user and is duplicated on the server as only the> server-side code is reliable.>> I was able to find only one fully functional XForms> server-side engine - the Chiba project. If there is more -> please help me find out. Maybe Microsoft will endorse XForms> when they see an industry-standard secure and robust XForms> engine for .Net platform....>>> Dmitri Khanine,> Sr. Developer,> Royal Bank Of Canada>>> ----- Original Message -----> From: \"Gerald Bauer\" <luxorxul@yahoo.ca>> To: <www-forms@w3.org>> Cc: \"Mark Seaborne\" <mseaborne@origoservices.com>> Sent: Thursday, May 27, 2004 9:40 AM> Subject: Re: WWW2004 XForms Talk Slides by Steven Pemberton Now Online>>> >> > Hello Mark,> >> > > How many browsers directly support Flash, or PDF for> > > example?> >> >   Well, my point was that the W3C is supposed to bring> > together browser vendors/project and lead the web to> > its full potential.> >> >   However, it looks like the W3C is increasingly> > irrelevant. If the W3C can't unite the browser> > vendors, who can? Why doesn't the W3C lobby harder?> > Why doesn't the W3C publish, for example, the> > roadmaps/positions of browser vendors such as> > Microsoft, Apple, Opera, Mozilla, etc?> >> >   As everybody can see the secret backroom dealing is> > getting us nowhere and the rich internet for everyone> > will be lost.> >> > > Are web based polls the next big thing? Maybe we> > > should run a poll to find out.> >> >   They surely help to find out how popular something> > is. And I'm sorry if you can't deal with the results> > that tell you that XForms is irrelevant.> >> >   Why not put up your own poll and see if you come to> > a different conclusion.> >> >    - Gerald> >> > -------------------> > Gerald Bauer> > Open XUL Alliance - A Rich Internet For Everyone |> > http://xul.sourceforge.net> >> >> ______________________________________________________________________> > Post your free ad now! http://personals.yahoo.ca> >>>",
            "docno": "lists-108-8304405",
            "received": "Mon May 31 05:20:33 2004",
            "isoreceived": "20040531092033",
            "sent": "Mon, 31 May 2004 10:00:40 +0100",
            "isosent": "20040531090040",
            "name": "Mark Seaborne",
            "email": "MSeaborne@origoservices.com",
            "subject": "RE: Is the browser support for XForms all that critical?",
            "id": "DC65AE678B89004B9CCB202E19482CC7482434@mail.origoservices.local",
            "charset": "us-ascii",
            "inreplyto": "Is the browser support for XForms all that critical?",
            "expires": "-1",
            "to": "\"Dmitri Khanine\"<Dmitri.Khanine@sympatico.ca>,<www-forms@w3.org>\n"
        },
        {
            "body": "Hi Gerald,I think your response below shows you have substituted\"the W3C leading the web to its full potential\" with\"the W3C leading web browsers to their full potential.\"Given the number of W3C member companies that areNOT browser vendors, this seems curious.Why should the W3C only support the advancement of thesoftware produced by only those few members?To me, this seems the opposite of the goal of leadingthe web to its full potential.  The goal is tomaximize software interoperability, maintainabilityand ease of design.  In the case of XForms, these goalsare accomplished by having the same XML syntax for thecore processing model and data schema of XFDL forms,XHTML forms, VoiceXML forms, mobile forms, etc.Also, on the notion of polling, this is an activitythat is usually done in a scientific manner, i.e.the target population is rigorously identified,determined to be sufficiently informed on the subject,and most importantly, randomly sampled (or completelysampled).  The things you are running which you arecalling polls do not have these properties.  Therefore,it is a stretch to claim that they are a *good* way offinding out anything.Finally, regarding the relevance of XForms, there is nota feature of XForms that is not in PureEdge's XFDL, whichwe invented in the 90's because HTML forms simply weren'tgood enough to solve 'real' problems.  Making XFDL a skinfor XForms has been a simple matter of switching vocabulariesto achieve the same effects (while continuing to allow thevalue-adds of XFDL shine through).Therefore, I think it would be fair to say that XForms drawssome relevance from that of XFDL, which has an install basein the millions at enterprise-level sites, some of which arelisted at http://www.pureedge.com/customers/John Boyer, Ph.D.Senior Product Architect and Research ScientistPureEdge Solutions Inc.-----Original Message-----From: Gerald Bauer [mailto:luxorxul@yahoo.ca]Sent: Thursday, May 27, 2004 6:40 AMSubject: Re: WWW2004 XForms Talk Slides by Steven Pemberton Now OnlineHello Mark,> How many browsers directly support Flash, or PDF for> example?Well, my point was that the W3C is supposed to bringtogether browser vendors/project and lead the web toits full potential.However, it looks like the W3C is increasinglyirrelevant. If the W3C can't unite the browservendors, who can? Why doesn't the W3C lobby harder?Why doesn't the W3C publish, for example, theroadmaps/positions of browser vendors such asMicrosoft, Apple, Opera, Mozilla, etc?As everybody can see the secret backroom dealing isgetting us nowhere and the rich internet for everyonewill be lost.> Are web based polls the next big thing? Maybe we> should run a poll to find out.They surely help to find out how popular somethingis. And I'm sorry if you can't deal with the resultsthat tell you that XForms is irrelevant.Why not put up your own poll and see if you come toa different conclusion.- Gerald-------------------Gerald BauerOpen XUL Alliance - A Rich Internet For Everyone |http://xul.sourceforge.net______________________________________________________________________Post your free ad now! http://personals.yahoo.ca",
            "docno": "lists-108-8271248",
            "received": "Thu May 27 17:57:02 2004",
            "isoreceived": "20040527215702",
            "sent": "Thu, 27 May 2004 14:39:31 -0700",
            "isosent": "20040527213931",
            "name": "John Boyer",
            "email": "JBoyer@PureEdge.com",
            "subject": "RE: WWW2004 XForms Talk Slides by Steven Pemberton Now Online",
            "id": "7874BFCCD289A645B5CE3935769F0B528B69F0@tigger.pureedge.com",
            "charset": "iso-8859-1",
            "inreplyto": "WWW2004 XForms Talk Slides by Steven Pemberton Now Online",
            "expires": "-1",
            "to": " www-forms@w3.org\n",
            "cc": " Mark Seaborne\n"
        },
        {
            "body": "> is. And I'm sorry if you can't deal with the results> that tell you that XForms is irrelevant.My interpretation was that people thought the poll was irrelevant. I don'tthink it really means much about XForms.> irrelevant. If the W3C can't unite the browser> vendors, who can? Why doesn't the W3C lobby harder?My experience is that the W3C has to tread extremely carefully to avoidoffending its leading members. Lobbying its members to change their waysseems unthinkable. It was the Web Standards Project, not the W3C, thatpursuaded members to comply with the standards their own consortium hadproduced.regards,Alan Chuterachuter@teleservicios.comFundosa Teleservicioswww.teleservicios.comOn Thu, 27 May 2004 09:40:28 -0400 (EDT), Gerald Bauer <luxorxul@yahoo.ca>wrote:>> Hello Mark,>>> How many browsers directly support Flash, or PDF for>> example?>> Well, my point was that the W3C is supposed to bring> together browser vendors/project and lead the web to> its full potential.>> However, it looks like the W3C is increasingly> irrelevant. If the W3C can't unite the browser> vendors, who can? Why doesn't the W3C lobby harder?> Why doesn't the W3C publish, for example, the> roadmaps/positions of browser vendors such as> Microsoft, Apple, Opera, Mozilla, etc?>> As everybody can see the secret backroom dealing is> getting us nowhere and the rich internet for everyone> will be lost.>>> Are web based polls the next big thing? Maybe we>> should run a poll to find out.>> They surely help to find out how popular something> is. And I'm sorry if you can't deal with the results> that tell you that XForms is irrelevant.>> Why not put up your own poll and see if you come to> a different conclusion.>> - Gerald>> -------------------> Gerald Bauer> Open XUL Alliance - A Rich Internet For Everyone |> http://xul.sourceforge.net>> ______________________________________________________________________> Post your free ad now! http://personals.yahoo.ca>>>",
            "docno": "lists-108-8252944",
            "received": "Thu May 27 10:29:58 2004",
            "isoreceived": "20040527142958",
            "sent": "Thu, 27 May 2004 16:29:23 +0200",
            "isosent": "20040527142923",
            "name": "Alan Chuter",
            "email": "chuter@teleservicios.com",
            "subject": "Re: WWW2004 XForms Talk Slides by Steven Pemberton Now Online",
            "id": "opr8nw69f1so27mf@localhost",
            "charset": "iso-8859-15",
            "inreplyto": "20040527134028.16747.qmail&#64;web40804.mail.yahoo.com",
            "expires": "-1",
            "to": " Gerald Bauer<luxorxul@yahoo.ca>,www-forms@w3.org\n",
            "cc": " Mark Seaborne<mseaborne@origoservices.com>\n"
        },
        {
            "body": "RobertYou cannot refer to an instance in A model in a bind in B model. The onlyfeature of XForms that allows you to combine instances from different modelsin any way is select/select1 and itemset.The argument goes that if you want to combine models, you should authormodel fragments and pull them together into one model using XInclude.All the bestMark--The information in this email is sent in confidence for the addressee onlyand may be legally privileged. Unauthorised recipients must preserve thisconfidentiality and should please advise the sender immediately of the errorin transmission. If you are not the intended recipient, any disclosure,copying, distribution or any action taken in reliance on its content isprohibited and may be unlawful.Origo Services Ltd accepts no responsibility for any loss or damageresulting directly or indirectly from the use of this email or the contents.> From: \"Robert Bateman\" <bobbateman@sequoiallc.com>> Date: Fri, 2 Apr 2004 13:17:00 -0500> To: <www-forms@w3.org>> Subject: Instances, Models and <bind>> Resent-From: www-forms@w3.org> Resent-Date: Fri,  2 Apr 2004 13:18:08 -0500 (EST)>>> In looking at a bunch of examples from around the web, I've noticed people> seem to have implemented the 1 instance per model method in their forms.>> Not being all that comfortable - yet - with Xforms, my \"test\" form has 3> instances inside of one model.  Seeing how crowded this has made my form, I'm> attempting to break things up a bit.  But I've run into a bit of a> confusion...>> I have 3 instances:  xmlData, scratchPad and guiData.  xmlData will,> eventually, be sent off to the server for processing.  But some fields in> xmlData require lists and other selectable data that is stored (and> referenced) from the scratchPad instance.  And some fields, especially the> ones that are \"optional\" are stored in the guiData instance with xmlData> using <relevant> to control inclusion of the specific data.>> Now to the \"problem\".  If I put the guiData instance into a seperate model I> start to get syntax errors in my form.  So I have to assume my <input>,> <output>, etc. items need to have @model specified.  So far so good.>> But as I look at my <bind> definitions, I find many of the binds reference> datum in other models.  Does it matter in Xforms if I have a <bind> in one> model that references instance data in a different model?>> Bob>>",
            "docno": "lists-108-7051116",
            "received": "Wed Apr  7 05:12:43 2004",
            "isoreceived": "20040407091243",
            "sent": "Wed, 07 Apr 2004 10:12:12 +0100",
            "isosent": "20040407091212",
            "name": "Mark Seaborne",
            "email": "seaborne@origoservices.com",
            "subject": "Re: Instances, Models and &lt;bind&gt;",
            "id": "BC99847C.3F17%mseaborne@origoservices.com",
            "charset": "US-ASCII",
            "inreplyto": "200404021317.00787.bobbateman&#64;sequoiallc.com",
            "expires": "-1",
            "to": "\"Robert Bateman\"<bobbateman@sequoiallc.com>,<www-forms@w3.org>\n"
        },
        {
            "body": "Greetings,we integrated XForms in one of our frameworks for web-applications.We use X-Smiles 0.82 as browser and with the help of CSS the opticalrepresentation is good.Steffen B?derDiploma student at technical university of Dresden andRobotron Database Software GmbHDresden, Germany",
            "docno": "lists-108-6943674",
            "received": "Fri Apr  2 05:16:33 2004",
            "isoreceived": "20040402101633",
            "sent": "Fri, 2 Apr 2004 12:14:56 +0200 (MEST)",
            "isosent": "20040402101456",
            "name": "Steffen B?der",
            "email": "steffen@bueder.com",
            "subject": "Re: Are people really using real XForms in real life?",
            "id": "63563.193.32.3.82.1080900896.squirrel@www.inf.tu-dresden.de",
            "charset": "iso-8859-1",
            "inreplyto": "BC92E9A3.3DAD%mseaborne&#64;origoservices.com",
            "expires": "-1",
            "to": "\"Mark Seaborne\"<mseaborne@origoservices.com>\n",
            "cc": "www-forms@w3.org\n"
        },
        {
            "body": "Reliance Petro (4th largest global polymer co)Indian Railways (largest Rail Co in world)Tata Steel (Largest private steel co in India)Cummins.........These are some of our clients in last six monthswho use XForms (generated thru X-Aide --our IDE for developing XML based applications)...Specific case studies can be provided on request.regardsarvind pandeyCEO, Extenprise Inc.+91-98220-62498----- Original Message -----From: \"Mark Seaborne\" <mseaborne@origoservices.com>Sent: Friday, April 02, 2004 2:27 PMSubject: Are people really using real XForms in real life?>> Greetings,>> I keep being told by people who haven't started using XForms that it isnot> proven technology yet, because no one is using it, there is no browser> support, Microsoft aren't implementing, it doesn't slice bread straight or> make a good cup of coffee, and so on and so forth. When I talk to vendors> they tell me that they have customers live today, who think that XForms is> actually more useful than sliced bread.>> Well, I have to do a short presentation at a conference next Tuesday, in> front of a business audience representing a large chunk of the UK life> insurance industry. They will be there to hear business justification for> looking at XForms. The question will come up, \"Why should we adopt XForms> when no one else has?\" and I expect the person asking might look a little> smug as they sit back and await the answer.>> So, implementors and vendors, I will redirect the question to you in> advance. How many organisations are using your products today for mission> critical applications?>> Please reply to me direct. If I get enough replies to this question> (unlikely I guess), I will do a quick sum and, good or bad, I will postthe> answer. If those who reply could give some indication as to customer size,> or application size that would add interest.>> If I don't post again on this subject, assume that either I was killed ina> tragic accident involving an XForms  model, a bread slicing machine and> coffee maker, or I didn't get enough replies, or I forgot.>>> All the best>>> Mark>> -->> The information in this email is sent in confidence for the addressee only> and may be legally privileged. Unauthorised recipients must preserve this> confidentiality and should please advise the sender immediately of theerror> in transmission. If you are not the intended recipient, any disclosure,> copying, distribution or any action taken in reliance on its content is> prohibited and may be unlawful.>> Origo Services Ltd accepts no responsibility for any loss or damage> resulting directly or indirectly from the use of this email or thecontents.>>============================================================================================================================The contents of this e-mail are confidential to the ordinary user of the e-mailaddress to which it was addressed and may also be privileged. If you are not theaddressee of this e-mail you should not copy, forward, disclose or otherwise useit or any part of it in any form whatsoever. If you have received this e-mail inerror please notify us by telephone or e-mail the sender by replying to thismessage, and then delete this e-mail and other copies of it from your computersystem.  Thank you.",
            "docno": "lists-108-6998433",
            "received": "Tue Apr  6 01:12:09 2004",
            "isoreceived": "20040406051209",
            "sent": "Tue, 6 Apr 2004 10:41:24 +0530",
            "isosent": "20040406051124",
            "name": "Arvind Pandey",
            "email": "pandey_arvind@extenprise.net",
            "subject": "Re: Are people really using real XForms in real life?",
            "id": "013401c41b95$9d7f76f0$2000a8c0@bisleri",
            "charset": "iso-8859-1",
            "inreplyto": "BC92E9A3.3DAD%mseaborne&#64;origoservices.com",
            "expires": "-1",
            "to": " <www-forms@w3.org>\n"
        },
        {
            "body": "Greetings,I keep being told by people who haven't started using XForms that it is notproven technology yet, because no one is using it, there is no browsersupport, Microsoft aren't implementing, it doesn't slice bread straight ormake a good cup of coffee, and so on and so forth. When I talk to vendorsthey tell me that they have customers live today, who think that XForms isactually more useful than sliced bread.Well, I have to do a short presentation at a conference next Tuesday, infront of a business audience representing a large chunk of the UK lifeinsurance industry. They will be there to hear business justification forlooking at XForms. The question will come up, \"Why should we adopt XFormswhen no one else has?\" and I expect the person asking might look a littlesmug as they sit back and await the answer.So, implementors and vendors, I will redirect the question to you inadvance. How many organisations are using your products today for missioncritical applications?Please reply to me direct. If I get enough replies to this question(unlikely I guess), I will do a quick sum and, good or bad, I will post theanswer. If those who reply could give some indication as to customer size,or application size that would add interest.If I don't post again on this subject, assume that either I was killed in atragic accident involving an XForms  model, a bread slicing machine andcoffee maker, or I didn't get enough replies, or I forgot.All the bestMark--The information in this email is sent in confidence for the addressee onlyand may be legally privileged. Unauthorised recipients must preserve thisconfidentiality and should please advise the sender immediately of the errorin transmission. If you are not the intended recipient, any disclosure,copying, distribution or any action taken in reliance on its content isprohibited and may be unlawful.Origo Services Ltd accepts no responsibility for any loss or damageresulting directly or indirectly from the use of this email or the contents.",
            "docno": "lists-108-6934044",
            "received": "Fri Apr  2 03:58:29 2004",
            "isoreceived": "20040402085829",
            "sent": "Fri, 02 Apr 2004 09:57:55 +0100",
            "isosent": "20040402085755",
            "name": "Mark Seaborne",
            "email": "seaborne@origoservices.com",
            "subject": "Are people really using real XForms in real life?",
            "id": "BC92E9A3.3DAD%mseaborne@origoservices.com",
            "charset": "US-ASCII",
            "inreplyto": "Pine.LNX.4.21.0404011303310.23820-100000&#64;riff.albionsoft.com",
            "expires": "-1",
            "to": "<www-forms@w3.org>\n"
        },
        {
            "body": "Hello EveryoneI am a newbie to this list so let me ask a silly question: Why the lack ofXForms support by the web browser vendors seen as a showstopper?Let's cosider public internet. Your user has full control over her webbrowser. Any information coming from \"IE 6.0\" may have actually beengenerated by the perl script etc. If it comes form the client - it can notbe trusted. If I run my XForms engine on the client machine, the XML beingposted to the server needs to be further validated. Do I need to have yetanother XForms engine on the server?What happaned to the idea of coexisting with established technologies? Fullserver side XForms implementation where conventional HTML and JavaScript isgenerated out of the XHTML template and served to the client requires nomodifications to the client's browser whatsoever. This approach also followsthe security guidelines where the only mission of the client-side validationis to provide feedback to the user and is duplicated on the server as onlythe server-side code is reliable.I was able to find only one fully functional XForms server-side engine - theChiba project. If there is more - please help me find out. Maybe Microsoftwill endorse XForms when they see an industry-standard secure and robustXForms engine for .Net platform....Dmitri Khanine,Sr. Developer,Royal Bank Of Canada----- Original Message -----From: \"Gerald Bauer\" <luxorxul@yahoo.ca>Sent: Thursday, May 27, 2004 9:40 AMSubject: Re: WWW2004 XForms Talk Slides by Steven Pemberton Now Online>> Hello Mark,>> > How many browsers directly support Flash, or PDF for> > example?>>   Well, my point was that the W3C is supposed to bring> together browser vendors/project and lead the web to> its full potential.>>   However, it looks like the W3C is increasingly> irrelevant. If the W3C can't unite the browser> vendors, who can? Why doesn't the W3C lobby harder?> Why doesn't the W3C publish, for example, the> roadmaps/positions of browser vendors such as> Microsoft, Apple, Opera, Mozilla, etc?>>   As everybody can see the secret backroom dealing is> getting us nowhere and the rich internet for everyone> will be lost.>> > Are web based polls the next big thing? Maybe we> > should run a poll to find out.>>   They surely help to find out how popular something> is. And I'm sorry if you can't deal with the results> that tell you that XForms is irrelevant.>>   Why not put up your own poll and see if you come to> a different conclusion.>>    - Gerald>> -------------------> Gerald Bauer> Open XUL Alliance - A Rich Internet For Everyone |> http://xul.sourceforge.net>> ______________________________________________________________________> Post your free ad now! http://personals.yahoo.ca>",
            "docno": "lists-108-8292417",
            "received": "Sun May 30 00:40:54 2004",
            "isoreceived": "20040530044054",
            "sent": "Sun, 30 May 2004 00:39:27 -0400",
            "isosent": "20040530043927",
            "name": "Dmitri Khanine",
            "email": "Dmitri.Khanine@sympatico.ca",
            "subject": "Is the browser support for XForms all that critical?",
            "id": "007401c44600$17131f50$e342fea9@D4Z20D31",
            "charset": "iso-8859-1",
            "inreplyto": "20040527134028.16747.qmail&#64;web40804.mail.yahoo.com",
            "expires": "-1",
            "to": " <www-forms@w3.org>\n",
            "cc": " \"Mark Seaborne\" <mseaborne@origoservices.com>\n"
        },
        {
            "body": "Hi,As some of you know the company I work for, Origo Services (b-to-b, XMLstandards body for UK Life Insurance) ran a one day conference on XFormsyesterday.I just wanted to quickly mention one or two product related things werementioned that I thought might be of general interest.Firstly, David Boloker, IBM's CTO of Emerging Technologies told us that IBMhas begun work on implementing XForms native in Mozilla (though he did saythat it will take a _really_ long time to do). David also mentioned thatthey are also working on XForms  support in WebSphere Portal Server, LotusWorkplace and Pervasive Computing.Secondly, Novell demo'ed an IE plug-in that they are working on. No releasedate was given, but we were told that it will be a free download when it isready.All the bestMark--The information in this email is sent in confidence for the addressee onlyand may be legally privileged. Unauthorised recipients must preserve thisconfidentiality and should please advise the sender immediately of the errorin transmission. If you are not the intended recipient, any disclosure,copying, distribution or any action taken in reliance on its content isprohibited and may be unlawful.Origo Services Ltd accepts no responsibility for any loss or damageresulting directly or indirectly from the use of this email or the contents.",
            "docno": "lists-108-7061411",
            "received": "Wed Apr  7 07:11:06 2004",
            "isoreceived": "20040407111106",
            "sent": "Wed, 07 Apr 2004 12:10:35 +0100",
            "isosent": "20040407111035",
            "name": "Mark Seaborne",
            "email": "seaborne@origoservices.com",
            "subject": "XForms product news",
            "id": "BC99A03B.40EA%mseaborne@origoservices.com",
            "charset": "US-ASCII",
            "expires": "-1",
            "to": "<www-forms@w3.org>\n"
        }
    ]
}